  0.18752344043005376       0.49519638132568256        0.0000000000000000                1
  0.56257032129016127       0.49519638132568256        304.17246317836123                2
  0.93761720215026889       0.48602376535427005        2433.3797054268894                3
   1.3126640830103762       0.47504028882705179        7689.9154909287417                4
   1.6877109638704837       0.46395422519310309        17040.439923863716                5
   2.0627578447305916       0.45317348661666917        31208.266265519374                6
   2.4378047255906989       0.44281989213265593        50746.130888587599                7
   2.8128516064508062       0.43292559296426913        76083.725962989382                8
   3.1878984873109135       0.42348876375761818        107559.67707333397                9
   3.5629453681710213       0.41449347053042018        145443.61088912218               10
   3.9379922490311294       0.40591791024029572        189951.73314099445               11
   4.3130391298912363       0.39773818881345491        241258.05333070422               12
   4.6880860107513440       0.38993015991954771        299502.62663933070               13
   5.0631328916114517       0.38247034524856760        364797.71224433463               14
   5.4381797724715586       0.37533638497345423        437232.45111066027               15
   5.8132266533316663       0.36850724142901831        516876.47458775778               16
   6.1882735341917741       0.36196326436625637        603782.73011912743               17
   6.5633204150518809       0.35568618297286192        697989.72541010589               18
   6.9383672959119886       0.34965905463497687        799523.33589598828               19
   7.3134141767720964       0.34386619445826228        908398.27970562328               20
   7.6884610576322050       0.33829309288172127        1024619.3375159581               21
   8.0635079384923127       0.33292633248189968        1148182.3737139993               22
   8.4385548193524187       0.32775350370948347        1279075.2022891589               23
   8.8136017002125264       0.32276312609615904        1417278.3291038829               24
   9.1886485810726342       0.31794457189279146        1562765.5960429953               25
   9.5636954619327419       0.31328799696643062        1715504.7452408348               26
   9.9387423427928496       0.30878427486442639        1875457.9190583217               27
   10.313789223652957       0.30442493823071703        2042582.1063959503               28
   10.688836104513063       0.30020212309900807        2216829.5454527601               29
   11.063882985373171       0.29610852002875299        2398148.0890384433               30
   11.438929866233279       0.29213732749404880        2586481.5393243385               31
   11.813976747093387       0.28828221144294075        2781769.9554066379               32
   12.189023627953494       0.28453726643017918        2983949.9386693691               33
   12.564070508813602       0.28089698225908188        3192954.8975894679               34
   12.939117389673708       0.27735621156839552        3408715.2958491365               35
   13.314164270533816       0.27391014234053473        3631158.8842594395               36
   13.689211151393923       0.27055427081126271        3860210.9197045476               37
   14.064258032254031       0.26728437880202038        4095794.3708311073               38
   14.439304913114139       0.26409651099870135        4337830.1133239800               39
   14.814351793974245       0.26098695623969570        4586237.1139353504               40
   15.189398674834353       0.25795222837593057        4840932.6059214612               41
   15.564445555694460       0.25498905080171835        5101832.2546363287               42
   15.939492436554570       0.25209434025212030        5368850.3158660261               43
   16.314539317414678       0.24926519399567357        5641899.7853245931               44
   16.689586198274785       0.24649887604542178        5920892.5419004653               45
   17.064633079134893       0.24379280654169552        6205739.4828038597               46
   17.439679959995001       0.24114454995175710        6496350.6532595586               47
   17.814726840855108       0.23855180625969716        6792635.3686625604               48
   18.189773721715216       0.23601240080961752        7094502.3319300618               49
   18.564820602575324       0.23352427699157668        7401859.7437588824               50
   18.939867483435428       0.23108548744775695        7714615.4086334417               51
   19.314914364295536       0.22869418800128566        8032676.8341009924               52
   19.689961245155644       0.22634862999677385        8355951.3262861753               53
   20.065008126015751       0.22404715526542776        8684346.0789795797               54
   20.440055006875859       0.22178818941314213        9017768.2594095804               55
   20.815101887735967       0.21957023765282857        9356125.0878568292               56
   21.190148768596075       0.21739187888692035        9699323.9143647123               57
   21.565195649456182       0.21525176226808873        10047272.289534023               58
   21.940242530316290       0.21314860195019844        10399878.032803832               59
   22.315289411176398       0.21108117426302656        10757049.295038132               60
   22.690336292036505       0.20904831302770699        11118694.618971832               61
   23.065383172896613       0.20704890725087410        11484722.994168574               62
   23.440430053756717       0.20508189691848497        11855043.910197277               63
   23.815476934616825       0.20314627113091488        12229567.404513614               64
   24.190523815476933       0.20124106430357872        12608204.108907696               65
   24.565570696337037       0.19936535467763591        12990865.290838296               66
   24.940617577197152       0.19751826086770521        13377462.893669758               67
   25.315664458057253       0.19569894069357727        13767909.571966225               68
   25.690711338917367       0.19390658802504862        14162118.726014409               69
   26.065758219777468       0.19214043188885960        14560004.531563843               70
   26.440805100637579       0.19039973356867351        14961481.969110819               71
   26.815851981497683       0.18868378594872404        15366466.848549409               72
   27.190898862357795       0.18699191083356648        15774875.833670389               73
   27.565945743217899       0.18532345849592405        16186626.462166077               74
   27.940992624078010       0.18367780518630580        16601637.165776217               75
   28.316039504938111       0.18205435285752064        17019827.286067598               76
   28.691086385798226       0.18045252683879642        17441117.090636488               77
   29.066133266658326       0.17887177571357485        17865427.785061482               78
   29.441180147518441       0.17731156913655188        18292681.525549479               79
   29.816227028378542       0.17577139784482584        18722801.427437425               80
   30.191273909238657       0.17425077159944219        19155711.574645802               81
   30.566320790098757       0.17274921931286483        19591337.025082115               82
   30.941367670958869       0.17126628709926375        20029603.817243017               83
   31.316414551818983       0.16980153850371210        20470438.972849421               84
   31.691461432679084       0.16835455264768839        20913770.500915561               85
   32.066508313539195       0.16692492454745270        21359527.397923052               86
   32.441555194399299       0.16551226334312014        21807639.649652805               87
   32.816602075259411       0.16411619269540192        22258038.229183007               88
   33.191648956119515       0.16273634908820248        22710655.096757796               89
   33.566695836979626       0.16137238229438061        23165423.195872571               90
   33.941742717839730       0.16002395374317521        23622276.451431956               91
   34.316789598699842       0.15869073704689182        24081149.764164850               92
   34.691836479559946       0.15737241642561300        24541979.007303596               93
   35.066883360420057       0.15606868728778048        25004701.019550975               94
   35.441930241280161       0.15477925470563156        25469253.600492798               95
   35.816977122140273       0.15350383404355367        25935575.502319749               96
   36.192024003000377       0.15224214947853104        26403606.424166743               97
   36.567070883860488       0.15099393467092934        26873287.002774205               98
   36.942117764720585       0.14975893132495760        27344558.805929687               99
   37.317164645580704       0.14853688989720967        27817364.322235867              100
   37.692211526440801       0.14732756819276885        28291646.953813069              101
   38.067258407300919       0.14613073210740998        28767351.005324904              102
   38.442305288161016       0.14494615425550819        29244421.676084615              103
   38.817352169021135       0.14377361474230341        29722805.048474006              104
   39.192399049881232       0.14261289982023856        30202448.079581771              105
   39.567445930741343       0.14146380268811951        30683298.589137118              106
   39.942492811601447       0.14032612217290752        31165305.250794563              107
   40.317539692461558       0.13919966355298147        31648417.579690423              108
   40.692586573321663       0.13808423726275890        32132585.923475835              109
   41.067633454181774       0.13697965973759033        32617761.449592166              110
   41.442680335041878       0.13588575213888762        33103896.136142246              111
   41.817727215901989       0.13480234121846330        33590942.758969501              112
   42.192774096762093       0.13372925806210692        34078854.882446639              113
   42.567820977622205       0.13266633897143190        34567586.846433029              114
   42.942867858482309       0.13161342422407074        35057093.757050246              115
   43.317914739342420       0.13057035897130617        35547331.473582700              116
   43.692961620202524       0.12953699201326047        36038256.599300534              117
   44.068008501062636       0.12851317671077656        36529826.468359955              118
   44.443055381922740       0.12749876977415289        37021999.136725768              119
   44.818102262782851       0.12649363218790755        37514733.369120076              120
   45.193149143642948       0.12549762801176603        38007988.630089320              121
   45.568196024503067       0.12451062531708705        38501725.071043037              122
   45.943242905363164       0.12353249499894874        38995903.521503575              123
   46.318289786223282       0.12256311172314281        39490485.476270199              124
   46.693336667083379       0.12160235274832622        39985433.086883642              125
   47.068383547943498       0.12065009888260531        40480709.148945212              126
   47.443430428803595       0.11970623331482552        40976277.093822993              127
   47.818477309663706       0.11877064257986827        41472100.976150364              128
   48.193524190523810       0.11784321539824716        41968145.465795912              129
   48.568571071383921       0.11692384364932852        42464375.835561305              130
   48.943617952244033       0.11601242121848609        42960757.953432545              131
   49.318664833104137       0.11510884497753665        43457258.270493194              132
   49.693711713964248       0.11421301363878002        43953843.813470818              133
   50.068758594824352       0.11332482874201048        44450482.172877900              134
   50.443805475684456       0.11244419351483582        44947141.495864019              135
   50.818852356544568       0.11157101386568832        45443790.474593639              136
   51.193899237404679       0.11070519724987528        45940398.339411549              137
   51.568946118264783       0.10984665366806963        46436934.847463965              138
   51.943992999124887       0.10899529453759699        46933370.276182361              139
   52.319039879984999       0.10815103369593561        47429675.412151620              140
   52.694086760845110       0.10731378627679311        47925821.544915125              141
   53.069133641705214       0.10648346971818970        48421780.456091985              142
   53.444180522565311       0.10566000264291923        48917524.413503967              143
   53.819227403425430       0.10484330587083025        49413026.160541877              144
   54.194274284285541       0.10403330130330446        49908258.910613544              145
   54.569321165145645       0.10322991293938544        50403196.336757869              146
   54.944368046005742       0.10243306576394112        50897812.566411436              147
   55.319414926865861       0.10164268676732238        51392082.171267413              148
   55.694461807725972       0.10085870383690765        51885980.162357330              149
   56.069508688586069       0.10008104678000149        52379481.980150789              150
   56.444555569446173        9.9309646218486827E-002   52872563.489947863              151
   56.819602450306284        9.8544434614700596E-002   53365200.972214691              152
   57.194649331166403        9.7785345168942939E-002   53857371.118281133              153
   57.569696212026500        9.7032312848091079E-002   54349051.020906493              154
   57.944743092886604        9.6285273285736522E-002   54840218.170276307              155
   58.319789973746715        9.5544163813319649E-002   55330850.444791928              156
   58.694836854606827        9.4808922362686468E-002   55820926.107359730              157
   59.069883735466931        9.4079488499545602E-002   56310423.796397768              158
   59.444930616327035        9.3355802328253606E-002   56799322.522410139              159
   59.819977497187146        9.2637805527413505E-002   57287601.659203589              160
   60.195024378047258        9.1925440256714952E-002   57775240.940739594              161
   60.570071258907362        9.1218650194508255E-002   58262220.452553257              162
   60.945118139767466        9.0517379446540591E-002   58748520.628875539              163
   61.320165020627577        8.9821573585353795E-002   59234122.244246610              164
   61.695211901487689        8.9131178560771837E-002   59719006.410900339              165
   62.070258782347793        8.8446141740983031E-002   60203154.570564322              166
   62.445305663207904        8.7766410824645896E-002   60686548.492098570              167
   62.820352544068015        8.7091934883528552E-002   61169170.263474204              168
   63.195399424928119        8.6422663276111200E-002   61651002.289658487              169
   63.570446305788224        8.5758546691665938E-002   62132027.284764148              170
   63.945493186648335        8.5099536065244424E-002   62612228.270172656              171
   64.320540067508446        8.4445583623090834E-002   63091588.566846378              172
   64.695586948368543        8.3796641798912302E-002   63570091.793682106              173
   65.070633829228655        8.3152664280526478E-002   64047721.859978154              174
   65.445680710088766        8.2513604927320905E-002   64524462.964010313              175
   65.820727590948877        8.1879418818045335E-002   65000299.585646160              176
   66.195774471808974        8.1250061169372639E-002   65475216.485135660              177
   66.570821352669086        8.0625488384753308E-002   65949198.695865095              178
   66.945868233529197        8.0005656973998557E-002   66422231.523354769              179
   67.320915114389308        7.9390524603120363E-002   66894300.538145088              180
   67.695961995249405        7.8780049014863796E-002   67365391.574993908              181
   68.071008876109516        7.8174189079462233E-002   67835490.725887552              182
   68.446055756969628        7.7572903716051328E-002   68304584.339430600              183
   68.821102637829739        7.6976152944274845E-002   68772659.013974696              184
   69.196149518689836        7.6383896806518622E-002   69239701.597193837              185
   69.571196399549933        7.5796096420306436E-002   69705699.179324061              186
   69.946243280410059        7.5212712901297191E-002   70170639.092917368              187
   70.321290161270170        7.4633708416416172E-002   70634508.906185791              188
   70.696337042130267        7.4059045107561949E-002   71097296.422927305              189
   71.071383922990364        7.3488686145422796E-002   71558989.675967753              190
   71.446430803850475        7.2922594653844250E-002   72019576.927252486              191
   71.821477684710601        7.2360734764283785E-002   72479046.661379904              192
   72.196524565570698        7.1803070540794323E-002   72937387.585852757              193
   72.571571446430795        7.1249567035073583E-002   73394588.624697238              194
   72.946618327290906        7.0700189212021897E-002   73850638.918868095              195
   73.321665208151018        7.0154903005346533E-002   74305527.819947556              196
   73.696712089011129        6.9613674243655069E-002   74759244.890698478              197
   74.071758969871226        6.9076469706577506E-002   75211779.898837715              198
   74.446805850731337        6.8543256051359761E-002   75663122.817731842              199
   74.821852731591449        6.8014000869469765E-002   76113263.820239574              200
   75.196899612451560        6.7488671613657583E-002   76562193.279544935              201
   75.571946493311657        6.6967236655013446E-002   77009901.763063684              202
   75.946993374171768        6.6449664210464776E-002   77456380.033408895              203
   76.322040255031879        6.5935923400256530E-002   77901619.042356491              204
   76.697087135891991        6.5425983175856364E-002   78345609.931938529              205
   77.072134016752088        6.4919813377830482E-002   78788344.028463274              206
   77.447180897612199        6.4417383664130634E-002   79229812.843731508              207
   77.822227778472310        6.3918664568340222E-002   79670008.069106728              208
   78.197274659332422        6.3423626428318697E-002   80108921.576850206              209
   78.572321540192519        6.2932240444794479E-002   80546545.414237022              210
   78.947368421052630        6.2444477610344280E-002   80982871.805005834              211
   79.322415301912741        6.1960309768310878E-002   81417893.143516541              212
   79.697462182772838        6.1479708542096535E-002   81851601.996310875              213
   80.072509063632950        6.1002646394385227E-002   82283991.096308097              214
   80.447555944493061        6.0529095556731048E-002   82715053.344472364              215
   80.822602825353172        6.0059029089065706E-002   83144781.804042757              216
   81.197649706213269        5.9592419809563778E-002   83573169.702304170              217
   81.572696587073381        5.9129241354418410E-002   84000210.424848020              218
   81.947743467933492        5.8669467107965868E-002   84425897.517443091              219
   82.322790348793603        5.8213071262714015E-002   84850224.680323958              220
   82.697837229653700        5.7760027749709904E-002   85273185.770158455              221
   83.072884110513812        5.7310311298805684E-002   85694774.794360459              222
   83.447930991373923        5.6863896369255512E-002   86114985.913151085              223
   83.822977872234034        5.6420758210203883E-002   86533813.433893010              224
   84.198024753094131        5.5980871791498625E-002   86951251.813242301              225
   84.573071633954243        5.5544212864388619E-002   87367295.651501387              226
   84.948118514814354        5.5110756892539997E-002   87781939.694858953              227
   85.323165395674465        5.4680480112930953E-002   88195178.829758808              228
   85.698212276534562        5.4253358467059566E-002   88607008.085225224              229
   86.073259157394673        5.3829368662024139E-002   89017422.627245173              230
   86.448306038254785        5.3408487101911199E-002   89426417.761176601              231
   86.823352919114896        5.2990690949051740E-002   89833988.926141739              232
   87.198399799974993        5.2575957055578069E-002   90240131.697515950              233
   87.573446680835104        5.2164263024845996E-002   90644841.781329706              234
   87.948493561695216        5.1755586143151899E-002   91048115.016835853              235
   88.323540442555327        5.1349904441310747E-002   91449947.370918289              236
   88.698587323415424        5.0947195626524291E-002   91850334.940735340              237
   89.073634204275535        5.0547438144106623E-002   92249273.948133066              238
   89.448681085135647        5.0150610109495009E-002   92646760.742363021              239
   89.823727965995744        4.9756690370114799E-002   93042791.794498071              240
   90.198774846855855        4.9365657437524864E-002   93437363.700222671              241
   90.573821727715966        4.8977490549414485E-002   93830473.174249470              242
   90.948868608576078        4.8592168601875943E-002   94222117.053180292              243
   91.323915489436175        4.8209671211526181E-002   94612292.289921835              244
   91.698962370296286        4.7829977647899813E-002   95000995.956615582              245
   92.074009251156397        4.7453067895688615E-002   95388225.239051118              246
   92.449056132016509        4.7078921587248808E-002   95773977.439663351              247
   92.824103012876606        4.6707519064952109E-002   96158249.971941859              248
   93.199149893736717        4.6338840313800887E-002   96541040.363494098              249
   93.574196774596828        4.5972866023884965E-002   96922346.250449076              250
   93.949243655456939        4.5609576523099389E-002   97302165.380585283              251
   94.324290536317037        4.5248952839701317E-002   97680495.607727557              252
   94.699337417177148        4.4890975635124647E-002   98057334.894938037              253
   95.074384298037259        4.4535626266632204E-002   98432681.308905065              254
   95.449431178897370        4.4182885720222269E-002   98806533.023196086              255
   95.824478059757467        4.3832735673371113E-002   99178888.312637255              256
   96.199524940617565        4.3485157428026583E-002   99549745.556626990              257
   96.574571821477690        4.3140132973436530E-002   99919103.233505279              258
   96.949618702337801        4.2797643919225213E-002   100286959.92392689              259
   97.324665583197898        4.2457672558303079E-002   100653314.30521916              260
   97.699712464057995        4.2120200800021948E-002   101018165.15481375              261
   98.074759344918121        4.1785211233162041E-002   101381511.34459205              262
   98.449806225778232        4.1452686059162178E-002   101743351.84437452              263
   98.824853106638329        4.1122608155180131E-002   102103685.71625260              264
   99.199899987498426        4.0794960007394118E-002   102462512.11813486              265
   99.574946868358552        4.0469724774133096E-002   102819830.29806456              266
   99.949993749218649        4.0146885219245948E-002   103175639.59782161              267
   100.32504063007876        3.9826424775298366E-002   103529939.44722490              268
   100.70008751093886        3.9508326477006410E-002   103882729.36778943              269
   101.07513439179897        3.9192574024496919E-002   104234008.96701264              270
   101.45018127265908        3.8879150716802410E-002   104583777.94208571              271
   101.82522815351919        3.8568040515181895E-002   104932036.07416323              272
   102.20027503437929        3.8259226976674152E-002   105278783.23212814              273
   102.57532191523941        3.7952694317476249E-002   105624019.36684400              274
   102.95036879609951        3.7648426346552598E-002   105967744.51497261              275
   103.32541567695962        3.7346407529068260E-002   106309958.79320844              276
   103.70046255781972        3.7046621920051211E-002   106650662.40214835              277
   104.07550943867984        3.6749054227877956E-002   106989855.62050754              278
   104.45055631953994        3.6453688747986747E-002   107327538.80904061              279
   104.82560320040005        3.6160510426413044E-002   107663712.40473853              280
   105.20065008126016        3.5869503793550958E-002   107998376.92480077              281
   105.57569696212028        3.5580654027736941E-002   108331532.96081235              282
   105.95074384298037        3.5293945889057064E-002   108663181.18276650              283
   106.32579072384047        3.5009364782976393E-002   108993322.33322169              284
   106.70083760470058        3.4726895694190574E-002   109321957.23137408              285
   107.07588448556071        3.4446524250298802E-002   109649086.76719394              286
   107.45093136642080        3.4168235655697432E-002   109974711.90554759              287
   107.82597824728090        3.3892015755294935E-002   110298833.68031271              288
   108.20102512814103        3.3617849968445482E-002   110621453.19854940              289
   108.57607200900114        3.3345724352704324E-002   110942571.63459396              290
   108.95111888986123        3.3075624537799470E-002   111262190.23427847              291
   109.32616577072133        3.2807536789425565E-002   111580310.30900282              292
   109.70121265158144        3.2541446943252381E-002   111896933.24000251              293
   110.07625953244157        3.2277341468755279E-002   112212060.47239845              294
   110.45130641330167        3.2015206403259097E-002   112525693.51951253              295
   110.82635329416176        3.1755028415803598E-002   112837833.95689495              296
   111.20140017502189        3.1496793741221163E-002   113148483.42668734              297
   111.57644705588199        3.1240489244035975E-002   113457643.63162716              298
   111.95149393674210        3.0986101352573930E-002   113765316.33945790              299
   112.32654081760219        3.0733617122894137E-002   114071503.37691052              300
   112.70158769846229        3.0483023172929880E-002   114376206.63416052              301
   113.07663457932242        3.0234306746450935E-002   114679428.05878581              302
   113.45168146018253        2.9987454647234412E-002   114981169.66027041              303
   113.82672834104262        2.9742454303056595E-002   115281433.50393873              304
   114.20177522190275        2.9499292699892286E-002   115580221.71550557              305
   114.57682210276285        2.9257957445935318E-002   115877536.47498642              306
   114.95186898362296        2.9018435705825029E-002   116173380.02129352              307
   115.32691586448306        2.8780715264694168E-002   116467754.64612217              308
   115.70196274534315        2.8544783462421737E-002   116760662.69859251              309
   116.07700962620328        2.8310628257706916E-002   117052106.57911150              310
   116.45205650706339        2.8078237162347353E-002   117342088.74406026              311
   116.82710338792349        2.7847598305338162E-002   117630611.69963168              312
   117.20215026878361        2.7618699367174350E-002   117917678.00656302              313
   117.57719714964371        2.7391528643974226E-002   118203290.27394882              314
   117.95224403050381        2.7166073981804897E-002   118487451.16401874              315
   118.32729091136392        2.6942323840829091E-002   118770163.38592561              316
   118.70233779222401        2.6720266229652987E-002   119051429.70056824              317
   119.07738467308414        2.6499889769495324E-002   119331252.91435453              318
   119.45243155394424        2.6281182628556818E-002   119609635.88406894              319
   119.82747843480435        2.6064133586210729E-002   119886581.51061055              320
   120.20252531566447        2.5848730967392951E-002   120162092.74390526              321
   120.57757219652457        2.5634963706813358E-002   120436172.57661849              322
   120.95261907738467        2.5422820283365701E-002   120708824.04911172              323
   121.32766595824478        2.5212289784358827E-002   120980050.24313004              324
   121.70271283910488        2.5003360839945837E-002   121249854.28680292              325
   122.07775971996500        2.4796022687374387E-002   121518239.34830622              326
   122.45280660082510        2.4590264105434280E-002   121785208.64090714              327
   122.82785348168520        2.4386074478726164E-002   122050765.41660066              328
   123.20290036254532        2.4183442732126980E-002   122314912.97119853              329
   123.57794724340543        2.3982358395076370E-002   122577654.63794003              330
   123.95299412426553        2.3782810536059101E-002   122838993.79262479              331
   124.32804100512563        2.3584788826908780E-002   123098933.84719780              332
   124.70308788598575        2.3388282477306486E-002   123357478.25492606              333
   125.07813476684586        2.3193281299101285E-002   123614630.50395767              334
   125.45318164770596        2.2999774640824418E-002   123870394.12254211              335
   125.82822852856609        2.2807752452025851E-002   124124772.67256355              336
   126.20327540942618        2.2617204217803746E-002   124377769.75480446              337
   126.57832229028629        2.2428120023156268E-002   124629389.00245300              338
   126.95336917114639        2.2240489487525748E-002   124879634.08641006              339
   127.32841605200649        2.2054302829165384E-002   125128508.70877068              340
   127.70346293286661        2.1869549799697543E-002   125376016.60817426              341
   128.07850981372673        2.1686220748494685E-002   125622161.55325989              342
   128.45355669458681        2.1504305557251288E-002   125866947.34805986              343
   128.82860357544695        2.1323794704378656E-002   126110377.82542875              344
   129.20365045630706        2.1144678199589949E-002   126352456.85247996              345
   129.57869733716714        2.0966946648308331E-002   126593188.32398880              346
   129.95374421802725        2.0790590186264557E-002   126832576.16787183              347
   130.32879109888736        2.0615599543918166E-002   127070624.33856381              348
   130.70383797974748        2.0441964981067099E-002   127307336.82253993              349
   131.07888486060759        2.0269677351281504E-002   127542717.63166641              350
   131.45393174146767        2.0098727036524992E-002   127776770.80876553              351
   131.82897862232781        1.9929105011600459E-002   128009500.42094004              352
   132.20402550318789        1.9760801778782779E-002   128240910.56518082              353
   132.57907238404800        1.9593808432276219E-002   128471005.36166486              354
   132.95411926490812        1.9428115592857988E-002   128699788.95940566              355
   133.32916614576820        1.9263714472346986E-002   128927265.52952482              356
   133.70421302662834        1.9100595808257827E-002   129153439.27094491              357
   134.07925990748845        1.8938750928280568E-002   129378314.40363465              358
   134.45430678834853        1.8778170684944785E-002   129601895.17434432              359
   134.82935366920867        1.8618846520109856E-002   129824185.84982449              360
   135.20440055006875        1.8460769399638904E-002   130045190.72260363              361
   135.57944743092887        1.8303930877899187E-002   130264914.10418060              362
   135.95449431178898        1.8148322032445530E-002   130483360.33084443              363
   136.32954119264906        1.7993934528530542E-002   130700533.75684036              364
   136.70458807350920        1.7840759553797256E-002   130916438.76023179              365
   137.07963495436928        1.7688788882798821E-002   131131079.73603983              366
   137.45468183522939        1.7538013811699935E-002   131344461.10214740              367
   137.82972871608953        1.7388426222805800E-002   131556587.29241231              368
   138.20477559694962        1.7240017519272087E-002   131767462.76261324              369
   138.57982247780973        1.7092779689642779E-002   131977091.98353638              370
   138.95486935866984        1.6946704242568323E-002   132185479.44696338              371
   139.32991623952992        1.6801783271352233E-002   132392629.65873154              372
   139.70496312039006        1.6658008388677085E-002   132598547.14476337              373
   140.08001000125014        1.6515371791159528E-002   132803236.44410038              374
   140.45505688211026        1.6373865194083938E-002   133006702.11497454              375
   140.83010376297037        1.6233480895965473E-002   133208948.72781533              376
   141.20515064383048        1.6094210713291288E-002   133409980.87136292              377
   141.58019752469059        1.5956047045091303E-002   133609803.14564872              378
   141.95524440555067        1.5818981807686601E-002   133808420.16815020              379
   142.33029128641078        1.5683007499267876E-002   134005836.56674471              380
   142.70533816727092        1.5548116134650633E-002   134202056.98590603              381
   143.08038504813101        1.5414300309861117E-002   134397086.07963151              382
   143.45543192899112        1.5281552136898101E-002   134590928.51767993              383
   143.83047880985123        1.5149864308326006E-002   134783588.97847229              384
   144.20552569071134        1.5019229032043153E-002   134975072.15537104              385
   144.58057257157145        1.4889639095881769E-002   135165382.74955395              386
   144.95561945243153        1.4761086802382516E-002   135354525.47633493              387
   145.33066633329167        1.4633565033401184E-002   135542505.05801126              388
   145.70571321415179        1.4507066184889277E-002   135729326.23022541              389
   146.08076009501187        1.4381583231507199E-002   135914993.73478591              390
   146.45580697587201        1.4257108661410611E-002   136099512.32607016              391
   146.83085385673209        1.4133635540870068E-002   136282886.76381865              392
   147.20590073759220        1.4011156449062886E-002   136465121.81957880              393
   147.58094761845231        1.3889664542698963E-002   136646222.26947263              394
   147.95599449931240        1.3769152490818023E-002   136826192.90068159              395
   148.33104138017254        1.3649613539421507E-002   137005038.50418741              396
   148.70608826103262        1.3531040446274954E-002   137182763.88129786              397
   149.08113514189273        1.3413426545545721E-002   137359373.83636102              398
   149.45618202275287        1.3296764682610448E-002   137534873.18333191              399
   149.83122890361295        1.3181048278698381E-002   137709266.73845986              400
   150.20627578447306        1.3066270265703731E-002   137882559.32689592              401
   150.58132266533318        1.2952424150834396E-002   138054755.77535370              402
   150.95636954619326        1.2839502951429219E-002   138225860.91875726              403
   151.33141642705340        1.2727500259611838E-002   138395879.59287527              404
   151.70646330791348        1.2616409177112592E-002   138564816.64100948              405
   152.08151018877359        1.2506223379927562E-002   138732676.90660217              406
   152.45655706963370        1.2396936053144772E-002   138899465.23996517              407
   152.83160395049381        1.2288540955608386E-002   139065186.49086034              408
   153.20665083135393        1.2181031354749114E-002   139229845.51526916              409
   153.58169771221401        1.2074401091253198E-002   139393447.16794649              410
   153.95674459307412        1.1968643513897091E-002   139555996.30923042              411
   154.33179147393426        1.1863752544221078E-002   139717497.79756922              412
   154.70683835479434        1.1759721611367974E-002   139877956.49637136              413
   155.08188523565445        1.1656544716761351E-002   140037377.26650590              414
   155.45693211651457        1.1554215368948073E-002   140195764.97319251              415
   155.83197899737468        1.1452727648281020E-002   140353124.47847503              416
   156.20702587823479        1.1352075141765360E-002   140509460.64815155              417
   156.58207275909487        1.1252252007745552E-002   140664778.34422120              418
   156.95711963995498        1.1153251910755335E-002   140819082.43185428              419
   157.33216652081509        1.1055069086208872E-002   140972377.77181202              420
   157.70721340167520        1.0957697275254304E-002   141124669.22745675              421
   158.08226028253532        1.0861130789468947E-002   141275961.65714473              422
   158.45730716339543        1.0765363445716245E-002   141426259.92127618              423
   158.83235404425554        1.0670389630844978E-002   141575568.87466121              424
   159.20740092511565        1.0576203236549484E-002   141723893.37360948              425
   159.58244780597573        1.0482798724072718E-002   141871238.26826939              426
   159.95749468683584        1.0390170059069734E-002   142017608.40975723              427
   160.33254156769596        1.0298311776314413E-002   142163008.64246956              428
   160.70758844855607        1.0207217914566124E-002   142307443.81125176              429
   161.08263532941618        1.0116883081280028E-002   142450918.75368372              430
   161.45768221027629        1.0027301387476800E-002   142593438.30728751              431
   161.83272909113640        9.9384675124564656E-003   142735007.30178639              432
   162.20777597199651        9.8503756386710342E-003   142875630.56635165              433
   162.58282285285659        9.7630205164417304E-003   143015312.92183474              434
   162.95786973371671        9.6763963988345872E-003   143154059.18805343              435
   163.33291661457682        9.5904981063808792E-003   143291874.17599681              436
   163.70796349543693        9.5053199619555707E-003   143428762.69515064              437
   164.08301037629704        9.4208568555009722E-003   143564729.54567546              438
   164.45805725715715        9.3371031789078116E-003   143699779.52577087              439
   164.83310413801726        9.2540538907421345E-003   143833917.42382661              440
   165.20815101887734        9.1717034511289257E-003   143967148.02582595              441
   165.58319789973746        9.0900468864820692E-003   144099476.10746965              442
   165.95824478059760        9.0090787243905165E-003   144230906.44161811              443
   166.33329166145768        8.9287940583512547E-003   144361443.79038841              444
   166.70833854231779        8.8491874826578717E-003   144491092.91263524              445
   167.08338542317790        8.7702541571364739E-003   144619858.55602071              446
   167.45843230403801        8.6919887420366330E-003   144747745.46453404              447
   167.83347918489812        8.6143864627701069E-003   144874758.37053439              448
   168.20852606575821        8.5374420448041093E-003   145000902.00230882              449
   168.58357294661832        8.4611507784028237E-003   145126181.07608828              450
   168.95861982747843        8.3855074535228464E-003   145250600.30364394              451
   169.33366670833854        8.3105074245574725E-003   145374164.38427597              452
   169.70871358919865        8.2361455452342452E-003   145496878.01244834              453
   170.08376047005876        8.1624172333619009E-003   145618745.86975041              454
   170.45880735091887        8.0893174057300194E-003   145739772.63256991              455
   170.83385423177899        8.0168415428585570E-003   145859962.96402740              456
   171.20890111263907        7.9449846238995037E-003   145979321.52168754              457
   171.58394799349918        7.8737421913889424E-003   146097852.94946623              458
   171.95899487435929        7.8031092861506595E-003   146215561.88537970              459
   172.33404175521940        7.7330815120507370E-003   146332452.95342496              460
   172.70908863607951        7.6636539709029790E-003   146448530.77136639              461
   173.08413551693963        7.5948223272259401E-003   146563799.94258910              462
   173.45918239779974        7.5265817431502393E-003   146678265.06392348              463
   173.83422927865982        7.4589279431779313E-003   146791930.71747103              464
   174.20927615951993        7.3918561490915460E-003   146904801.47846681              465
   174.58432304038004        7.3253621447158601E-003   147016881.90707809              466
   174.95936992124015        7.2594412108286117E-003   147128176.55630422              467
   175.33441680210026        7.1940891899245508E-003   147238689.96374819              468
   175.70946368296038        7.1293014211278464E-003   147348426.65955371              469
   176.08451056382049        7.0650738049583012E-003   147457391.15814978              470
   176.45955744468060        7.0014017382454647E-003   147565587.96622506              471
   176.83460432554068        6.9382811788969694E-003   147673021.57444495              472
   177.20965120640079        6.8757075808142066E-003   147779696.46546352              473
   177.58469808726090        6.8136769586628213E-003   147885617.10561311              474
   177.95974496812102        6.7521848227899165E-003   147990787.95295331              475
   178.33479184898113        6.6912272439966251E-003   148095213.44893336              476
   178.70983872984124        6.6307997884568117E-003   148198898.02647826              477
   179.08488561070135        6.5708985824916438E-003   148301846.10162359              478
   179.45993249156146        6.5115192474898059E-003   148404062.08163869              479
   179.83497937242154        6.4526579646840224E-003   148505550.35663408              480
   180.21002625328165        6.3943104100726835E-003   148606315.30772138              481
   180.58507313414177        6.3364728191983377E-003   148706361.29859343              482
   180.96012001500188        6.2791409220706827E-003   148805692.68372086              483
   181.33516689586199        6.2223110079469846E-003   148904313.79990491              484
   181.71021377672207        6.1659788602563895E-003   149002228.97451040              485
   182.08526065758221        6.1101408213822088E-003   149099442.51699117              486
   182.46030753844232        6.0547927275875681E-003   149195958.72715968              487
   182.83535441930240        5.9999309737995077E-003   149291781.88668486              488
   183.21040130016252        5.9455514485359049E-003   149386916.26739803              489
   183.58544818102263        5.8916505986913725E-003   149481366.12276340              490
   183.96049506188274        5.8382243644654261E-003   149575135.69622025              491
   184.33554194274285        5.7852692441501602E-003   149668229.21262577              492
   184.71058882360293        5.7327812290595952E-003   149760650.88663357              493
   185.08563570446307        5.6807568683190958E-003   149852404.91410890              494
   185.46068258532316        5.6291922037959366E-003   149943495.48054323              495
   185.83572946618327        5.5780838348903627E-003   150033926.75244197              496
   186.21077634704338        5.5274278534673460E-003   150123702.88577479              497
   186.58582322790349        5.4772209086492874E-003   150212828.01733604              498
   186.96087010876360        5.4274591417489389E-003   150301306.27323076              499
   187.33591698962371        5.3781392510637016E-003   150389141.76020753              500
   187.71096387048382        5.3292574268096497E-003   150476338.57418007              501
   188.08601075134393        5.2808104159174883E-003   150562900.79153264              502
   188.46105763220402        5.2327944569675877E-003   150648832.47767723              503
   188.83610451306413        5.1852063449875632E-003   150734137.67833126              504
   189.21115139392424        5.1380423663883422E-003   150818820.42811030              505
   189.58619827478435        5.0912993637633125E-003   150902884.74177805              506
   189.96124515564446        5.0449736708253999E-003   150986334.62287453              507
   190.33629203650455        4.9990621772077687E-003   151069174.05493832              508
   190.71133891736469        4.9535612634018667E-003   151151407.01017007              509
   191.08638579822480        4.9084678655596722E-003   151233037.44062707              510
   191.46143267908488        4.8637784104327069E-003   151314069.28692177              511
   191.83647955994499        4.8194898801757419E-003   151394506.46938875              512
   192.21152644080510        4.7755987472868043E-003   151474352.89681831              513
   192.58657332166521        4.7321020394123243E-003   151553612.45759574              514
   192.96162020252532        4.6889962742881009E-003   151632289.02846959              515
   193.33666708338541        4.6462785245458670E-003   151710386.46566352              516
   193.71171396424555        4.6039453526551671E-003   151787908.61367920              517
   194.08676084510566        4.5619938757313948E-003   151864859.29638040              518
   194.46180772596574        4.5204207004785057E-003   151941242.32583070              519
   194.83685460682585        4.4792229879984874E-003   152017061.49334967              520
   195.21190148768596        4.4383973887349559E-003   152092320.57838532              521
   195.58694836854608        4.3979411072840131E-003   152167023.33954227              522
   195.96199524940619        4.3578508373386679E-003   152241173.52348891              523
   196.33704213026630        4.3181238265011289E-003   152314774.85595766              524
   196.71208901112641        4.2787568112279874E-003   152387831.05068639              525
   197.08713589198649        4.2397470816439211E-003   152460345.80039108              526
   197.46218277284660        4.2010914164876826E-003   152532322.78574133              527
   197.83722965370671        4.1627871479271369E-003   152603765.66630518              528
   198.21227653456680        4.1248310965060625E-003   152674678.08955884              529
   198.58732341542691        4.0872206359605073E-003   152745063.68180361              530
   198.96237029628702        4.0499526281663799E-003   152814926.05720964              531
   199.33741717714716        4.0130244879571300E-003   152884268.80870497              532
   199.71246405800727        3.9764331180720935E-003   152953095.51705325              533
   200.08751093886735        3.9401759739754860E-003   153021409.74171489              534
   200.46255781972746        3.9042499988054787E-003   153089215.02995852              535
   200.83760470058758        3.8686526881945120E-003   153156514.90769431              536
   201.21265158144766        3.8333810252190988E-003   153223312.88861912              537
   201.58769846230777        3.7984325452214023E-003   153289612.46502191              538
   201.96274534316791        3.7638042707597808E-003   153355417.11696240              539
   202.33779222402802        3.7294937764316277E-003   153420730.30304867              540
   202.71283910488813        3.6954981238246217E-003   153485555.46964931              541
   203.08788598574822        3.6618149263408107E-003   153549896.04164290              542
   203.46293286660833        3.6284412841485949E-003   153613755.43166369              543
   203.83797974746844        3.5953748490080177E-003   153677137.03082311              544
   204.21302662832852        3.5626127592234560E-003   153740044.21798876              545
   204.58807350918863        3.5301527044701345E-003   153802480.35047773              546
   204.96312039004874        3.4979918607474956E-003   153864448.77336898              547
   205.33816727090888        3.4661279552069286E-003   153925952.81016874              548
   205.71321415176897        3.4345582011058172E-003   153986995.77215555              549
   206.08826103262908        3.4032803626364749E-003   154047580.94901809              550
   206.46330791348919        3.3722916898808204E-003   154107711.61823308              551
   206.83835479434927        3.3415899836405608E-003   154167391.03567475              552
   207.21340167520938        3.3111725303924850E-003   154226622.44502613              553
   207.58844855606952        3.2810371671198263E-003   154285409.06836012              554
   207.96349543692963        3.2511812162682361E-003   154343754.11558360              555
   208.33854231778975        3.2216025505782775E-003   154401660.77499056              556
   208.71358919864983        3.1922985280420473E-003   154459132.22273874              557
   209.08863607950994        3.1632670567368557E-003   154516171.61337483              558
   209.46368296037005        3.1345055297824476E-003   154572782.08934349              559
   209.83872984123013        3.1060118901758580E-003   154628966.77148461              560
   210.21377672209024        3.0777835657492415E-003   154684728.76857480              561
   210.58882360295036        3.0498185340058753E-003   154740071.16779640              562
   210.96387048381050        3.0221142570786056E-003   154794997.04431152              563
   211.33891736467061        2.9946687465669916E-003   154849509.45170286              564
   211.71396424553069        2.9674794984963539E-003   154903611.43157989              565
   212.08901112639080        2.9405445581560346E-003   154957306.00399181              566
   212.46405800725091        2.9138614550590723E-003   155010596.17706570              567
   212.83910488811100        2.8874282677815665E-003   155063484.93739143              568
   213.21415176897111        2.8612425589229465E-003   155115975.25969183              569
   213.58919864983125        2.8353024399464547E-003   155168070.09717941              570
   213.96424553069136        2.8096055061400055E-003   155219772.39125869              571
   214.33929241155147        2.7841499014577761E-003   155271085.06185460              572
   214.71433929241155        2.7589332534816231E-003   155322011.01714671              573
   215.08938617327166        2.7339537382638120E-003   155372553.14386949              574
   215.46443305413177        2.7092090152889825E-003   155422714.31707829              575
   215.83947993499186        2.6846972923179778E-003   155472497.39042157              576
   216.21452681585197        2.6604162603503859E-003   155521905.20593828              577
   216.58957369671208        2.6363641584694541E-003   155570940.58430225              578
   216.96462057757222        2.6125387088051844E-003   155619606.33465090              579
   217.33966745843230        2.5889381813803520E-003   155667905.24480146              580
   217.71471433929241        2.5655603290741296E-003   155715840.09111136              581
   218.08976122015252        2.5424034524692113E-003   155763413.62866607              582
   218.46480810101261        2.5194653348159773E-003   155810628.60117090              583
   218.83985498187272        2.4967443068806805E-003   155857487.73111090              584
   219.21490186273283        2.4742381819101763E-003   155903993.72967350              585
   219.58994874359297        2.4519453204811729E-003   155950149.28688064              586
   219.96499562445308        2.4298635654654956E-003   155995957.08154243              587
   220.34004250531316        2.4079913068804052E-003   156041419.77136099              588
   220.71508938617328        2.3863264168543850E-003   156086540.00291541              589
   221.09013626703339        2.3648673144785488E-003   156131320.40173727              590
   221.46518314789347        2.3436119007729339E-003   156175763.58232665              591
   221.84023002875358        2.3225586235389763E-003   156219872.13819945              592
   222.21527690961369        2.3017054123263196E-003   156263648.65193427              593
   222.59032379047378        2.2810507432863545E-003   156307095.68519157              594
   222.96537067133394        2.2605925741395324E-003   156350215.78879145              595
   223.34041755219403        2.2403294090299780E-003   156393011.49270451              596
   223.71546443305414        2.2202592334932911E-003   156435485.31616023              597
   224.09051131391425        2.2003805793122254E-003   156477639.75760999              598
   224.46555819477433        2.1806914594849893E-003   156519477.30486581              599
   224.84060507563444        2.1611904330819773E-003   156561000.42503524              600
   225.21565195649455        2.1418755402145620E-003   156602211.57469067              601
   225.59069883735469        2.1227453668928799E-003   156643113.18977603              602
   225.96574571821481        2.1037979799951190E-003   156683707.69580650              603
   226.34079259907489        2.0850319921263383E-003   156723997.49774706              604
   226.71583947993500        2.0664454965882502E-003   156763984.99024260              605
   227.09088636079511        2.0480371322390838E-003   156803672.54746830              606
   227.46593324165519        2.0298050184638528E-003   156843062.53338987              607
   227.84098012251530        2.0117478200352527E-003   156882157.29158589              608
   228.21602700337542        1.9938636820844109E-003   156920959.15553823              609
   228.59107388423556        1.9761512949628157E-003   156959470.43842614              610
   228.96612076509564        1.9586088292135582E-003   156997693.44344679              611
   229.34116764595575        1.9412350004342749E-003   157035630.45358127              612
   229.71621452681586        1.9240280042488677E-003   157073283.74194503              613
   230.09126140767594        1.9069865811714860E-003   157110655.56152582              614
   230.46630828853606        1.8901089515787079E-003   157147748.15556395              615
   230.84135516939617        1.8733938805745465E-003   157184563.74726218              616
   231.21640205025631        1.8568396129631064E-003   157221104.55019566              617
   231.59144893111642        1.8404449381146067E-003   157257372.75799397              618
   231.96649581197650        1.8242081249385006E-003   157293370.55478045              619
   232.34154269283661        1.8081279867505188E-003   157329100.10482633              620
   232.71658957369672        1.7922028162462547E-003   157364563.56301969              621
   233.09163645455681        1.7764314503692154E-003   157399763.06449142              622
   233.46668333541692        1.7608122052848740E-003   157434700.73511377              623
   233.84173021627703        1.7453439412497280E-003   157469378.68109816              624
   234.21677709713711        1.7300249975858071E-003   157503798.99952346              625
   234.59182397799728        1.7148542575507407E-003   157537963.76790532              626
   234.96687085885736        1.6998300833127307E-003   157571875.05475408              627
   235.34191773971747        1.6849513808216037E-003   157605534.90911603              628
   235.71696462057758        1.6702165347842457E-003   157638945.37116051              629
   236.09201150143767        1.6556244735366592E-003   157672108.46169332              630
   236.46705838229778        1.6411736040198447E-003   157705026.19277278              631
   236.84210526315789        1.6268628766528534E-003   157737700.55719522              632
   237.21715214401803        1.6126907203091181E-003   157770133.53914028              633
   237.59219902487811        1.5986561071905014E-003   157802327.10362825              634
   237.96724590573822        1.5847574878040697E-003   157834283.20719439              635
   238.34229278659834        1.5709938558371289E-003   157866003.78731838              636
   238.71733966745842        1.5573636831344468E-003   157897490.77312753              637
   239.09238654831853        1.5438659845742760E-003   157928746.07479826              638
   239.46743342917864        1.5304992530460124E-003   157959771.59428823              639
   239.84248031003875        1.5172625243272068E-003   157990569.21470982              640
   240.21752719089883        1.5041543120616616E-003   158021140.81109104              641
   240.59257407175897        1.4911736726374147E-003   158051488.23972109              642
   240.96762095261909        1.4783191401652894E-003   158081613.34894004              643
   241.34266783347920        1.4655897913578388E-003   158111517.96845639              644
   241.71771471433928        1.4529841805083329E-003   158141203.92016527              645
   242.09276159519939        1.4405014043706885E-003   158170673.00743842              646
   242.46780847605950        1.4281400371388730E-003   158199927.02597076              647
   242.84285535691959        1.4158991953278147E-003   158228967.75304231              648
   243.21790223777975        1.4037774727532319E-003   158257796.95839357              649
   243.59294911863984        1.3917740054135131E-003   158286416.39345938              650
   243.96799599949995        1.3798874064699725E-003   158314827.80227271              651
   244.34304288036006        1.3681168311296863E-003   158343032.91067076              652
   244.71808976122014        1.3564609116261857E-003   158371033.43722698              653
   245.09313664208025        1.3449188221032488E-003   158398831.08242944              654
   245.46818352294036        1.3334892135960141E-003   158426427.53964099              655
   245.84323040380045        1.3221712789157312E-003   158453824.48424989              656
   246.21827728466056        1.3109636876312918E-003   158481023.58465829              657
   246.59332416552070        1.2998656509549391E-003   158508026.49140477              658
   246.96837104638081        1.2888758567242151E-003   158534834.84818107              659
   247.34341792724092        1.2779935342886221E-003   158561450.28092709              660
   247.71846480810100        1.2672173894919775E-003   158587874.40887526              661
   248.09351168896112        1.2565466695600310E-003   158614108.83361799              662
   248.46855856982123        1.2459800980832317E-003   158640155.15018022              663
   248.84360545068137        1.2355169399052859E-003   158666014.93605870              664
   249.21865233154145        1.2251559361063360E-003   158691689.76232269              665
   249.59369921240156        1.2148963688924609E-003   158717181.18262571              666
   249.96874609326167        1.2047369965792558E-003   158742490.74433371              667
   250.34379297412175        1.1946771184822818E-003   158767619.97750929              668
   250.71883985498187        1.1847155099010394E-003   158792570.40606779              669
   251.09388673584198        1.1748514870103630E-003   158817343.53673357              670
   251.46893361670206        1.1650838418447848E-003   158841940.87022400              671
   251.84398049756217        1.1554119071908715E-003   158866363.89017805              672
   252.21902737842231        1.1458344915719783E-003   158890614.07436788              673
   252.59407425928242        1.1363509441415273E-003   158914692.88359979              674
   252.96912114014253        1.1269600896681405E-003   158938601.77295345              675
   253.34416802100262        1.1176612934298545E-003   158962342.18065527              676
   253.71921490186273        1.1084533961996425E-003   158985915.53934500              677
   254.09426178272284        1.0993357791405584E-003   159009323.26492172              678
   254.46930866358292        1.0903072987916366E-003   159032566.76783767              679
   254.84435554444309        1.0813673519639675E-003   159055647.44191682              680
   255.21940242530317        1.0725148107269757E-003   159078566.67567608              681
   255.59444930616328        1.0637490873054178E-003   159101325.84111631              682
   255.96949618702340        1.0550690690660346E-003   159123926.30507085              683
   256.34454306788348        1.0464741834154748E-003   159146369.41796908              684
   256.71958994874359        1.0379633327873171E-003   159168656.52521202              685
   257.09463682960370        1.0295359595409107E-003   159190788.95590863              686
   257.46968371046381        1.0211909809487703E-003   159212768.03427860              687
   257.84473059132387        1.0129278540963258E-003   159234595.06836101              688
   258.21977747218403        1.0047455108696856E-003   159256271.36144441              689
   258.59482435304415        9.9664342285630180E-004   159277798.20074800              690
   258.96987123390426        9.8862053633309225E-004   159299176.86887872              691
   259.34491811476437        9.8067633716800661E-004   159320408.63248524              692
   259.71996499562442        9.7280978580852593E-004   159341494.75374186              693
   260.09501187648453        9.6502038218411414E-004   159362436.47897512              694
   260.47005875734465        9.5730710069508846E-004   159383235.05017486              695
   260.84510563820481        9.4966945511595923E-004   159403891.69359329              696
   261.22015251906492        9.4210643358466704E-004   159424407.63128299              697
   261.59519939992498        9.3461756350680784E-004   159444784.06966865              698
   261.97024628078509        9.2720184654522661E-004   159465022.21111202              699
   262.34529316164520        9.1985882352513238E-004   159485123.24245629              700
   262.72034004250531        9.1258750942404621E-004   159505088.34661770              701
   263.09538692336542        9.0538745827779333E-004   159524918.69110289              702
   263.47043380422554        8.9825769817080715E-004   159544615.43962705              703
   263.84548068508559        8.9119779614300052E-004   159564179.74060413              704
   264.22052756594576        8.8420679318040971E-004   159583612.73879161              705
   264.59557444680587        8.7728426912295557E-004   159602915.56375355              706
   264.97062132766598        8.7042927765541378E-004   159622089.34153193              707
   265.34566820852609        8.6364141121606018E-004   159641135.18308258              708
   265.72071508938615        8.5691973598797492E-004   159660054.19597310              709
   266.09576197024626        8.5026385680856287E-004   159678847.47279146              710
   266.47080885110637        8.4367285216118456E-004   159697516.10287064              711
   266.84585573196654        8.3714633908555172E-004   159716061.16067013              712
   267.22090261282659        8.3068340816968092E-004   159734483.71752670              713
   267.59594949368670        8.2428368846115818E-004   159752784.83000922              714
   267.97099637454681        8.1794628245941551E-004   159770965.55169564              715
   268.34604325540693        8.1167083102785765E-004   159789026.92150077              716
   268.72109013626704        8.0545644838646128E-004   159806969.97547954              717
   269.09613701712715        7.9930278702475721E-004   159824795.73512784              718
   269.47118389798720        7.9320897269474777E-004   159842505.21921211              719
   269.84623077884737        7.8717466932474295E-004   159860099.43204316              720
   270.22127765970748        7.8119901401259078E-004   159877579.37533194              721
   270.59632454056759        7.7528168194036611E-004   159894946.03643638              722
   270.97137142142770        7.6942182136790691E-004   159912200.40024346              723
   271.34641830228776        7.6361911854835147E-004   159929343.43738919              724
   271.72146518314787        7.5787273272198057E-004   159946376.11616659              725
   272.09651206400798        7.5218236103259748E-004   159963299.39071897              726
   272.47155894486815        7.4654717352166955E-004   159980114.21297380              727
   272.84660582572826        7.4096687804555328E-004   159996821.52080935              728
   273.22165270658832        7.3544065526992498E-004   160013422.25001454              729
   273.59669958744843        7.2996822358784464E-004   160029917.32242870              730
   273.97174646830854        7.2454877411448485E-004   160046307.65792739              731
   274.34679334916865        7.1918203560601798E-004   160062594.16253543              732
   274.72184023002876        7.1386720945463818E-004   160078777.74043864              733
   275.09688711088887        7.0860403460827896E-004   160094859.28207013              734
   275.47193399174893        7.0339172256591491E-004   160110839.67614788              735
   275.84698087260909        6.9823002229810617E-004   160126719.79773441              736
   276.22202775346921        6.9311815524258089E-004   160142500.52030003              737
   276.59707463432932        6.8805588022559860E-004   160158182.70375603              738
   276.97212151518937        6.8304242845780886E-004   160173767.20654356              739
   277.34716839604948        6.7807756845643288E-004   160189254.87364021              740
   277.72221527690959        6.7316054104139236E-004   160204646.54867470              741
   278.09726215776971        6.6829112425830460E-004   160219943.06190684              742
   278.47230903862987        6.6346856837487718E-004   160235145.24236783              743
   278.84735591948993        6.5869266080471585E-004   160250253.90581360              744
   279.22240280035004        6.5396266110397648E-004   160265269.86689100              745
   279.59744968121015        6.4927836589598201E-004   160280193.92706439              746
   279.97249656207026        6.4463904386813180E-004   160295026.88680741              747
   280.34754344293037        6.4004450069731975E-004   160309769.53350332              748
   280.72259032379048        6.3549401404709878E-004   160324422.65366200              749
   281.09763720465054        6.3098739849389214E-004   160338987.02079403              750
   281.47268408551065        6.2652394052441251E-004   160353463.40765312              751
   281.84773096637082        6.2210346346266369E-004   160367852.57408386              752
   282.22277784723093        6.1772526246760674E-004   160382155.27928939              753
   282.59782472809104        6.1338916946094754E-004   160396372.26965302              754
   282.97287160895110        6.0909448812504594E-004   160410504.29103121              755
   283.34791848981121        6.0484105883149041E-004   160424552.07654878              756
   283.72296537067132        6.0062819363923819E-004   160438516.35891730              757
   284.09801225153143        5.9645574122397648E-004   160452397.85820407              758
   284.47305913239160        5.9232302187648995E-004   160466197.29417565              759
   284.84810601325165        5.8822989243280280E-004   160479915.37404075              760
   285.22315289411176        5.8417568127277076E-004   160493552.80481896              761
   285.59819977497187        5.8016025325099518E-004   160507110.28105742              762
   285.97324665583199        5.7618294469564133E-004   160520588.49722469              763
   286.34829353669210        5.7224362834011817E-004   160533988.13540146              764
   286.72334041755221        5.6834164832211679E-004   160547309.87769932              765
   287.09838729841226        5.6447688511605365E-004   160560554.39392549              766
   287.47343417927237        5.6064869053232453E-004   160573722.35402673              767
   287.84848106013254        5.5685695265050329E-004   160586814.41572797              768
   288.22352794099265        5.5310103081881242E-004   160599831.23700115              769
   288.59857482185271        5.4938082058807061E-004   160612773.46367791              770
   288.97362170271282        5.4569568871137397E-004   160625641.74194357              771
   289.34866858357293        5.4204553807879116E-004   160638436.70592368              772
   289.72371546443304        5.3842974271724750E-004   160651158.99020290              773
   290.09876234529321        5.3484821272596660E-004   160663809.21738586              774
   290.47380922615326        5.3130032927655184E-004   160676388.01064065              775
   290.84885610701338        5.2778600954916813E-004   160688895.98123401              776
   291.22390298787349        5.2430464173281724E-004   160701333.74109966              777
   291.59894986873360        5.2085614996225788E-004   160713701.89034751              778
   291.97399674959371        5.1743992931846774E-004   160726001.02985689              779
   292.34904363045382        5.1405591076629921E-004   160738231.74876004              780
   292.72409051131388        5.1070349615512192E-004   160750394.63705996              781
   293.09913739217399        5.0738262315720977E-004   160762490.27308822              782
   293.47418427303415        5.0409270026856160E-004   160774519.23614755              783
   293.84923115389427        5.0083367174801388E-004   160786482.09394392              784
   294.22427803475438        4.9760495261823626E-004   160798379.41525379              785
   294.59932491561443        4.9440649360556080E-004   160810211.75733054              786
   294.97437179647454        4.9123771614115468E-004   160821979.67859638              787
   295.34941867733465        4.8809857730155667E-004   160833683.72602305              788
   295.72446555819477        4.8498850481002413E-004   160845324.44784847              789
   296.09951243905488        4.8190746197777451E-004   160856902.38093185              790
   296.47455931991499        4.7885488270549840E-004   160868418.06349474              791
   296.84960620077510        4.7583073642530534E-004   160879872.02245066              792
   297.22465308163521        4.7283446310239307E-004   160891264.78617081              793
   297.59969996249532        4.6986603817769786E-004   160902596.87178811              794
   297.97474684335543        4.6692490756971688E-004   160913868.79798716              795
   298.34979372421554        4.6401105261785404E-004   160925081.07228318              796
   298.72484060507560        4.6112392508439176E-004   160936234.20383626              797
   299.09988748593571        4.5826351209853208E-004   160947328.69070482              798
   299.47493436679588        4.5542927115850980E-004   160958365.03268430              799
   299.84998124765599        4.5262119507632332E-004   160969343.71853521              800
   300.22502812851604        4.4983874697998989E-004   160980265.23884630              801
   300.60007500937616        4.4708192525895517E-004   160991130.07323721              802
   300.97512189023627        4.4435019856648984E-004   161001938.70324576              803
   301.35016877109638        4.4164357076577560E-004   161012691.59950563              804
   301.72521565195649        4.3896151593243406E-004   161023389.23465782              805
   302.10026253281660        4.3630404330128838E-004   161034032.07050294              806
   302.47530941367671        4.3367063226901719E-004   161044620.57093701              807
   302.85035629453682        4.3106129734158966E-004   161055155.18907863              808
   303.22540317539693        4.2847552313703921E-004   161065636.38022879              809
   303.60045005625705        4.2591332933356697E-004   161076064.58897305              810
   303.97549693711716        4.2337420567243212E-004   161086440.26216546              811
   304.35054381797721        4.2085817690671939E-004   161096763.83600548              812
   304.72559069883732        4.1836473780434074E-004   161107035.74904630              813
   305.10063757969743        4.1589391809746082E-004   161117256.42924643              814
   305.47568446055760        4.1344521748561049E-004   161127426.30700210              815
   305.85073134141771        4.1101867058576305E-004   161137545.80217415              816
   306.22577822227777        4.0861378193555352E-004   161147615.33714408              817
   306.60082510313788        4.0623059094400189E-004   161157635.32381606              818
   306.97587198399799        4.0386860689483716E-004   161167606.17669711              819
   307.35091886485810        4.0152787389786151E-004   161177528.29987413              820
   307.72596574571821        3.9920790589237213E-004   161187402.10011786              821
   308.10101262657832        3.9690875159916481E-004   161197227.97383520              822
   308.47605950743844        3.9462992952404933E-004   161207006.32019717              823
   308.85110638829855        3.9237149291048709E-004   161216737.52806610              824
   309.22615326915866        3.9013296474319463E-004   161226421.98914757              825
   309.60120015001877        3.8791440270141345E-004   161236060.08489305              826
   309.97624703087882        3.8571533416259648E-004   161245652.19967529              827
   310.35129391173894        3.8353582115630469E-004   161255198.70766646              828
   310.72634079259905        3.8137539536797364E-004   161264699.98603731              829
   311.10138767345921        3.7923412309343176E-004   161274156.40181044              830
   311.47643455431933        3.7711154024274400E-004   161283568.32508340              831
   311.85148143517938        3.7500771729534645E-004   161292936.11585724              832
   312.22652831603949        3.7292219430396070E-004   161302260.13728330              833
   312.60157519689960        3.7085504585034442E-004   161311540.74246711              834
   312.97662207775971        3.6880581604927144E-004   161320778.28773901              835
   313.35166895861983        3.6677458350489186E-004   161329973.11943334              836
   313.72671583947994        3.6476089631477549E-004   161339125.58718267              837
   314.10176272034005        3.6276483702687686E-004   161348236.03067252              838
   314.47680960120016        3.6078595764363705E-004   161357304.79295927              839
   314.85185648206027        3.5882434457955000E-004   161366332.20720035              840
   315.22690336292038        3.5687955366531986E-004   161375318.60999563              841
   315.60195024378049        3.5495167510602246E-004   161384264.32809323              842
   315.97699712464055        3.5304026848531449E-004   161393169.69175440              843
   316.35204400550066        3.5114542772418693E-004   161402035.02143508              844
   316.72709088636077        3.4926671608522073E-004   161410860.64117417              845
   317.10213776722094        3.4740423113192788E-004   161419646.86525056              846
   317.47718464808105        3.4555753973305184E-004   161428394.01159519              847
   317.85223152894110        3.4372674302249096E-004   161437102.38842365              848
   318.22727840980122        3.4191141140363574E-004   161445772.30767146              849
   318.60232529066133        3.4011164950987610E-004   161454404.07160264              850
   318.97737217152144        3.3832703120897066E-004   161462997.98626837              851
   319.35241905238155        3.3655766456412950E-004   161471554.34809119              852
   319.72746593324166        3.3480312683841537E-004   161480073.45734710              853
   320.10251281410177        3.3306352945639781E-004   161488555.60472557              854
   320.47755969496188        3.3133845300858077E-004   161497001.08483493              855
   320.85260657582199        3.2962801221362263E-004   161505410.18273842              856
   321.22765345668211        3.2793179092278956E-004   161513783.18748251              857
   321.60270033754216        3.2624990708273745E-004   161522120.37860909              858
   321.97774721840227        3.2458194773998344E-004   161530422.03970706              859
   322.35279409926238        3.2292803400424863E-004   161538688.44490039              860
   322.72784098012249        3.2128775605294395E-004   161546919.87242293              861
   323.10288786098266        3.1966123809506759E-004   161555116.59108248              862
   323.47793474184272        3.1804807337570447E-004   161563278.87385875              863
   323.85298162270283        3.1644838914047173E-004   161571406.98434338              864
   324.22802850356294        3.1486178164002749E-004   161579501.19036129              865
   324.60307538442305        3.1328838109506425E-004   161587561.75038663              866
   324.97812226528316        3.1172778670081867E-004   161595588.92718709              867
   325.35316914614327        3.1018013159261258E-004   161603582.97421619              868
   325.72821602700338        3.0864501785035821E-004   161611544.14928067              869
   326.10326290786350        3.0712258146464147E-004   161619472.70090869              870
   326.47830978872361        3.0561242734122309E-004   161627368.88204047              871
   326.85335666958372        3.0411469426765625E-004   161635232.93637270              872
   327.22840355044383        3.0262898991778087E-004   161643065.11207214              873
   327.60345043130388        3.0115545581887391E-004   161650865.64809626              874
   327.97849731216400        2.9969370235613079E-004   161658634.78792974              875
   328.35354419302411        2.9824387374034463E-004   161666372.76588160              876
   328.72859107388422        2.9680558301237333E-004   161674079.82084438              877
   329.10363795474433        2.9537897701134152E-004   161681756.18256783              878
   329.47868483560444        2.9396367137908997E-004   161689402.08544090              879
   329.85373171646455        2.9255981552889833E-004   161697017.75474173              880
   330.22877859732466        2.9116702764991133E-004   161704603.42044264              881
   330.60382547818477        2.8978545967637951E-004   161712159.30343652              882
   330.97887235904489        2.8841473229205861E-004   161719685.62936452              883
   331.35391923990500        2.8705499989996412E-004   161727182.61481896              884
   331.72896612076511        2.8570588562674076E-004   161734650.48119399              885
   332.10401300162522        2.8436754629292815E-004   161742089.44086480              886
   332.47905988248533        2.8303960741729415E-004   161749499.71106106              887
   332.85410676334544        2.8172222818760969E-004   161756881.50002277              888
   333.22915364420550        2.8041503646494365E-004   161764235.02089638              889
   333.60420052506561        2.7911819375494142E-004   161771560.47786722              890
   333.97924740592572        2.7783133021207934E-004   161778858.08007839              891
   334.35429428678583        2.7655460961144149E-004   161786128.02773967              892
   334.72934116764600        2.7528766435293110E-004   161793370.52606916              893
   335.10438804850605        2.7403066043354409E-004   161800585.77137896              894
   335.47943492936616        2.7278323245153092E-004   161807773.96503928              895
   335.85448181022628        2.7154554857916510E-004   161814935.29954094              896
   336.22952869108639        2.7031724556685158E-004   161822069.97248203              897
   336.60457557194650        2.6909849371638744E-004   161829178.17260709              898
   336.97962245280661        2.6788893188501277E-004   161836260.09381655              899
   337.35466933366672        2.6668873245916022E-004   161843315.92118245              900
   337.72971621452683        2.6549753635844622E-004   161850345.84498063              901
   338.10476309538694        2.6431551800990314E-004   161857350.04668325              902
   338.47980997624705        2.6314232035191108E-004   161864328.71301317              903
   338.85485685710717        2.6197811980890710E-004   161871282.02191386              904
   339.22990373796722        2.6082256129525454E-004   161878210.15662590              905
   339.60495061882733        2.5967582319042686E-004   161885113.29163384              906
   339.97999749968744        2.5853755234281031E-004   161891991.60676536              907
   340.35504438054755        2.5740792904536047E-004   161898845.27311471              908
   340.73009126140767        2.5628660203933250E-004   161905674.46716461              909
   341.10513814226778        2.5517375349041023E-004   161912479.35668659              910
   341.48018502312789        2.5406903399235965E-004   161919260.11488512              911
   341.85523190398800        2.5297262754362553E-004   161926016.90627527              912
   342.23027878484811        2.5188418655090788E-004   161932749.90084893              913
   342.60532566570822        2.5080389680622104E-004   161939459.25992954              914
   342.98037254656828        2.4973141249039107E-004   161946145.15036088              915
   343.35541942742844        2.4866692115057398E-004   161952807.73033875              916
   343.73046630828856        2.4761007870366939E-004   161959447.16362187              917
   344.10551318914867        2.4656107441429738E-004   161966063.60534111              918
   344.48056007000878        2.4551956589812359E-004   161972657.21623224              919
   344.85560695086883        2.4448574410029241E-004   161979228.14842263              920
   345.23065383172894        2.4345926829866059E-004   161985776.55968615              921
   345.60570071258906        2.4244033108268245E-004   161992302.59920701              922
   345.98074759344917        2.4142859335655141E-004   161998806.42185694              923
   346.35579447430928        2.4042424931853195E-004   162005288.17393628              924
   346.73084135516939        2.3942696146400660E-004   162011748.00747326              925
   347.10588823602950        2.3843692556525383E-004   162018186.06594253              926
   347.48093511688961        2.3745380567439416E-004   162024602.49858654              927
   347.85598199774972        2.3647779910361300E-004   162030997.44611123              928
   348.23102887860983        2.3550857142800362E-004   162037371.05502972              929
   348.60607575946995        2.3454632146623053E-004   162043723.46333539              930
   348.98112264033000        2.3359071628326734E-004   162050054.81486747              931
   349.35616952119017        2.3264195617149768E-004   162056365.24496159              932
   349.73121640205028        2.3169970965334513E-004   162062654.89483759              933
   350.10626328291039        2.3076417846280880E-004   162068923.89722738              934
   350.48131016377050        2.2983503254798239E-004   162075172.39078468              935
   350.85635704463056        2.2891247505302183E-004   162081400.50569057              936
   351.23140392549067        2.2799617732055161E-004   162087608.37808508              937
   351.60645080635078        2.2708634387405967E-004   162093796.13565028              938
   351.98149768721089        2.2618264742018995E-004   162099963.91206387              939
   352.35654456807100        2.2528529383156128E-004   162106111.83255988              940
   352.73159144893111        2.2439395714894377E-004   162112240.02840412              941
   353.10663832979122        2.2350884456449901E-004   162118348.62243244              942
   353.48168521065134        2.2262963142383641E-004   162124437.74354810              943
   353.85673209151145        2.2175652620967399E-004   162130507.51223782              944
   354.23177897237156        2.2088920554377085E-004   162136558.05509079              945
   354.60682585323161        2.2002787917100607E-004   162142589.49029258              946
   354.98187273409178        2.1917222496118546E-004   162148601.94216585              947
   355.35691961495189        2.1832245389353502E-004   162154595.52664217              948
   355.73196649581200        2.1747824505837941E-004   162160570.36582425              949
   356.10701337667211        2.1663981064204879E-004   162166526.57343572              950
   356.48206025753217        2.1580683092842481E-004   162172464.26940516              951
   356.85710713839228        2.1497951928425933E-004   162178383.56529355              952
   357.23215401925239        2.1415755716058511E-004   162184284.57890013              953
   357.60720090011250        2.1334115907844402E-004   162190167.41966757              954
   357.98224778097261        2.1253000763016023E-004   162196032.20330968              955
   358.35729466183273        2.1172431846547436E-004   162201879.03719446              956
   358.73234154269284        2.1092377529267846E-004   162207708.03499329              957
   359.10738842355295        2.1012859486515268E-004   162213519.30204210              958
   359.48243530441306        2.0933846198235948E-004   162219312.95001212              959
   359.85748218527317        2.0855359447678057E-004   162225089.08224902              960
   360.23252906613328        2.0777367821476827E-004   162230847.80846524              961
   360.60757594699334        2.0699893208388082E-004   162236589.23005727              962
   360.98262282785350        2.0622904299358758E-004   162242313.45481926              963
   361.35766970871362        2.0546423086300068E-004   162248020.58223858              964
   361.73271658957373        2.0470418362143218E-004   162253710.71823099              965
   362.10776347043384        2.0394912219651938E-004   162259383.96041411              966
   362.48281035129389        2.0319873551463195E-004   162265040.41286415              967
   362.85785723215400        2.0245324548938848E-004   162270680.17136765              968
   363.23290411301411        2.0171234202191136E-004   162276303.33819950              969
   363.60795099387423        2.0097624798973254E-004   162281910.00735289              970
   363.98299787473434        2.0024465424689313E-004   162287500.27933875              971
   364.35804475559445        1.9951778461323757E-004   162293074.24639404              972
   364.73309163645456        1.9879533087435508E-004   162298632.00730243              973
   365.10813851731467        1.9807751777125963E-004   162304173.65258089              974
   365.48318539817478        1.9736403800017178E-004   162309699.27932173              975
   365.85823227903489        1.9665511720258201E-004   162315208.97635752              976
   366.23327915989495        1.9595044896487100E-004   162320702.83912441              977
   366.60832604075506        1.9525025980875413E-004   162326180.95480540              978
   366.98337292161523        1.9455424419073859E-004   162331643.41721493              979
   367.35841980247534        1.9386262949294577E-004   162337090.31192058              980
   367.73346668333545        1.9317511102240432E-004   162342521.73114890              981
   368.10851356419550        1.9249191700224821E-004   162347937.75888544              982
   368.48356044505562        1.9181274357084286E-004   162353338.48580191              983
   368.85860732591573        1.9113781977335840E-004   162358723.99433461              984
   369.23365420677584        1.9046684256072578E-004   162364094.37363279              985
   369.60870108763595        1.8980004178158292E-004   162369449.70461565              986
   369.98374796849606        1.8913711518106025E-004   162374790.07494166              987
   370.35879484935617        1.8847829339309623E-004   162380115.56404430              988
   370.73384173021628        1.8782327493905155E-004   162385426.25812241              989
   371.10888861107640        1.8717229122039214E-004   162390722.23515451              990
   371.48393549193651        1.8652504151712881E-004   162396003.57991028              991
   371.85898237279662        1.8588175798086760E-004   162401270.36894330              992
   372.23402925365667        1.8524214063307166E-004   162406522.68562391              993
   372.60907613451684        1.8460642235847713E-004   162411760.60511047              994
   372.98412301537695        1.8397430390317712E-004   162416984.20940298              995
   373.35916989623706        1.8334601886839963E-004   162422193.57229340              996
   373.73421677709712        1.8272126870841132E-004   162427388.77444020              997
   374.10926365795723        1.8210028772465734E-004   162432569.88829714              998
   374.48431053881734        1.8148277806348271E-004   162437736.99320903              999
   374.85935741967745        1.8086897471063175E-004   162442890.16031927             1000
   375.23440430053756        1.8025858048878492E-004   162448029.46768641             1001
   375.60945118139767        1.7965183105241701E-004   162453154.98517054             1002
   375.98449806225779        1.7904842988514767E-004   162458266.78957075             1003
   376.35954494311790        1.7844861329495635E-004   162463364.94949049             1004
   376.73459182397801        1.7785208541134498E-004   162468449.54049563             1005
   377.10963870483812        1.7725908318090710E-004   162473520.62995887             1006
   377.48468558569823        1.7666931136430244E-004   162478578.29223868             1007
   377.85973246655828        1.7608300753217825E-004   162483622.59350246             1008
   378.23477934741840        1.7549987706195336E-004   162488653.60692632             1009
   378.60982622827856        1.7492015813409042E-004   162493671.39749733             1010
   378.98487310913868        1.7434355672868768E-004   162498676.03723398             1011
   379.35991998999879        1.7377031162210181E-004   162503667.58996731             1012
   379.73496687085884        1.7320012938334411E-004   162508646.12658226             1013
   380.11001375171895        1.7263324937105261E-004   162513611.70977777             1014
   380.48506063257906        1.7206937872969269E-004   162518564.40932879             1015
   380.86010751343917        1.7150875738687472E-004   162523504.28682554             1016
   381.23515439429929        1.7095109304935880E-004   162528431.41095608             1017
   381.61020127515940        1.7039662620071694E-004   162533345.84222478             1018
   381.98524815601951        1.6984506509713914E-004   162538247.64825541             1019
   382.36029503687962        1.6929665076543933E-004   162543136.88848883             1020
   382.73534191773973        1.6875109199866105E-004   162548013.62950668             1021
   383.11038879859984        1.6820863035442516E-004   162552877.92970815             1022
   383.48543567945995        1.6766897515033504E-004   162557729.85465449             1023
   383.86048256032001        1.6713236846266436E-004   162562569.46172464             1024
   384.23552944118012        1.6659852012155868E-004   162567396.81548050             1025
   384.61057632204029        1.6606767271006332E-004   162572211.97230184             1026
   384.98562320290040        1.6553953655912035E-004   162577014.99577197             1027
   385.36067008376045        1.6501435474693374E-004   162581805.94129199             1028
   385.73571696462056        1.6449183809376096E-004   162586584.87148681             1029
   386.11076384548068        1.6397223016161489E-004   162591351.84079900             1030
   386.48581072634079        1.6345524224884778E-004   162596106.91091499             1031
   386.86085760720090        1.6294111839018800E-004   162600850.13533834             1032
   387.23590448806101        1.6242957035111637E-004   162605581.57483646             1033
   387.61095136892106        1.6192084262823593E-004   162610301.28199309             1034
   387.98599824978123        1.6141464744343862E-004   162615009.31667569             1035
   388.36104513064134        1.6091122974460769E-004   162619705.73056701             1036
   388.73609201150146        1.6041030219957341E-004   162624390.58265299             1037
   389.11113889236157        1.5991211019714577E-004   162629063.92373383             1038
   389.48618577322162        1.5941636684085907E-004   162633725.81193218             1039
   389.86123265408173        1.5892331795033348E-004   162638376.29718372             1040
   390.23627953494184        1.5843267705480685E-004   162643015.43676558             1041
   390.61132641580201        1.5794469039482408E-004   162647643.27976650             1042
   390.98637329666212        1.5745907191555523E-004   162652259.88263544             1043
   391.36142017752218        1.5697606826881066E-004   162656865.29363143             1044
   391.73646705838229        1.5649539380614501E-004   162661459.56839240             1045
   392.11151393924240        1.5601729558119707E-004   162666042.75436440             1046
   392.48656082010257        1.5554148834257773E-004   162670614.90639091             1047
   392.86160770096262        1.5506821953653396E-004   162675176.07112169             1048
   393.23665458182279        1.5459720429961883E-004   162679726.30262199             1049
   393.61170146268279        1.5412869046167968E-004   162684265.64676127             1050
   393.98674834354301        1.5366239353830846E-004   162688794.15684253             1051
   394.36179522440301        1.5319856173415198E-004   162693311.87797073             1052
   394.73684210526318        1.5273691093514280E-004   162697818.86270222             1053
   395.11188898612323        1.5227768971213038E-004   162702315.15539292             1054
   395.48693586698340        1.5182061431289072E-004   162706800.80786765             1055
   395.86198274784340        1.5136593366607792E-004   162711275.86374831             1056
   396.23702962870362        1.5091336437301106E-004   162715740.37414333             1057
   396.61207650956362        1.5046315571194520E-004   162720194.38195524             1058
   396.98712339042379        1.5001502462963457E-004   162724637.93759051             1059
   397.36217027128384        1.4956922074592146E-004   162729071.08324689             1060
   397.73721715214401        1.4912546134507619E-004   162733493.86864311             1061
   398.11226403300418        1.4868399638070124E-004   162737906.33528623             1062
   398.48731091386423        1.4824454346684768E-004   162742308.53222123             1063
   398.86235779472440        1.4780735288323312E-004   162746700.50027820             1064
   399.23740467558440        1.4737214256613373E-004   162751082.28784204             1065
   399.61245155644463        1.4693916311391607E-004   162755453.93507937             1066
   399.98749843730462        1.4650813277770246E-004   162759815.48972824             1067
   400.36254531816485        1.4607930246721587E-004   162764166.99130517             1068
   400.73759219902485        1.4565239074121767E-004   162768508.48691440             1069
   401.11263907988501        1.4522764881366533E-004   162772840.01543507             1070
   401.48768596074501        1.4480479554392143E-004   162777161.62335044             1071
   401.86273284160524        1.4438408244322228E-004   162781473.34891495             1072
   402.23777972246523        1.4396522866465838E-004   162785775.23800328             1073
   402.61282660332546        1.4354848600995289E-004   162790067.32825753             1074
   402.98787348418546        1.4313357391921157E-004   162794349.66495606             1075
   403.36292036504562        1.4272074447801143E-004   162798622.28514060             1076
   403.73796724590574        1.4230971740691891E-004   162802885.23350510             1077
   404.11301412676585        1.4190074506888816E-004   162807138.54650280             1078
   404.48806100762602        1.4149354745854515E-004   162811382.26825482             1079
   404.86310788848607        1.4108837720989639E-004   162815616.43463752             1080
   405.23815476934624        1.4068495458537784E-004   162819841.08921057             1081
   405.61320165020624        1.4028353248387215E-004   162824056.26728469             1082
   405.98824853106646        1.3988383142952260E-004   162828262.01186928             1083
   406.36329541192646        1.3948610458005767E-004   162832458.35772043             1084
   406.73834229278663        1.3909007271536921E-004   162836645.34730822             1085
   407.11338917364668        1.3869598924614351E-004   162840823.01484481             1086
   407.48843605450685        1.3830357520220308E-004   162844991.40227157             1087
   407.86348293536685        1.3791308424144312E-004   162849150.54326746             1088
   408.23852981622707        1.3752423763793611E-004   162853300.47925556             1089
   408.61357669708707        1.3713728929117336E-004   162857441.24339178             1090
   408.98862357794724        1.3675196071393129E-004   162861572.87659112             1091
   409.36367045880729        1.3636850604181714E-004   162865695.41149655             1092
   409.73871733966746        1.3598664702089636E-004   162869808.88852498             1093
   410.11376422052763        1.3560663801754196E-004   162873913.33981639             1094
   410.48881110138768        1.3522820100582260E-004   162878008.80529913             1095
   410.86385798224785        1.3485159057765347E-004   162882095.31661990             1096
   411.23890486310785        1.3447652892994516E-004   162886172.91322818             1097
   411.61395174396807        1.3410327087505603E-004   162890241.62628663             1098
   411.98899862482807        1.3373153882770039E-004   162894301.49477515             1099
   412.36404550568824        1.3336158781570160E-004   162898352.54938170             1100
   412.73909238654829        1.3299314046665901E-004   162902394.82862568             1101
   413.11413926740846        1.3262645201900147E-004   162906428.36272928             1102
   413.48918614826846        1.3226124530841160E-004   162910453.18976036             1103
   413.86423302912868        1.3189777577917965E-004   162914469.33948416             1104
   414.23927990998868        1.3153576647038454E-004   162918476.84952563             1105
   414.61432679084885        1.3117547302754680E-004   162922475.74920177             1106
   414.98937367170890        1.3081661868856603E-004   162926466.07570314             1107
   415.36442055256907        1.3045945929567236E-004   162930447.85790682             1108
   415.73946743342924        1.3010371828111960E-004   162934421.13257727             1109
   416.11451431428929        1.2974965167943505E-004   162938385.92816001             1110
   416.48956119514946        1.2939698311286663E-004   162942342.28100157             1111
   416.86460807600946        1.2904596880393109E-004   162946290.21912384             1112
   417.23965495686969        1.2869633256061512E-004   162950229.77846333             1113
   417.61470183772968        1.2834833078921999E-004   162954160.98662627             1114
   417.98974871858985        1.2800168747931743E-004   162958083.87914696             1115
   418.36479559944991        1.2765665921688897E-004   162961998.48322362             1116
   418.73984248031007        1.2731297016903634E-004   162965904.83399591             1117
   419.11488936117007        1.2697087709741573E-004   162969802.95826158             1118
   419.48993624203030        1.2663010434270106E-004   162973692.89077315             1119
   419.86498312289029        1.2629090883831286E-004   162977574.65793517             1120
   420.24003000375046        1.2595301509463419E-004   162981448.29412031             1121
   420.61507688461052        1.2561668021303366E-004   162985313.82534724             1122
   420.99012376547068        1.2528162886983257E-004   162989171.28561571             1123
   421.36517064633080        1.2494811833062251E-004   162993020.70056558             1124
   421.74021752719091        1.2461587343398308E-004   162996862.10383075             1125
   422.11526440805108        1.2428515160609269E-004   163000695.52067906             1126
   422.49031128891107        1.2395567784419720E-004   163004520.98438528             1127
   422.86535816977130        1.2362770973151308E-004   163008338.51985207             1128
   423.24040505063130        1.2330097242044643E-004   163012148.16000181             1129
   423.61545193149146        1.2297572364778814E-004   163015949.92937839             1130
   423.99049881235152        1.2265168871768275E-004   163019743.86055824             1131
   424.36554569321169        1.2232912551711481E-004   163023529.97773308             1132
   424.74059257407168        1.2200775949862737E-004   163027308.31313977             1133
   425.11563945493191        1.2168784869609931E-004   163031078.89062396             1134
   425.49068633579191        1.2136911870721250E-004   163034841.74208924             1135
   425.86573321665207        1.2105182770951959E-004   163038596.89104146             1136
   426.24078009751213        1.2073570144265983E-004   163042344.36905685             1137
   426.61582697837230        1.2042099822471661E-004   163046084.19930756             1138
   426.99087385923229        1.2010744393418137E-004   163049816.41304842             1139
   427.36592074009252        1.1979529702660062E-004   163053541.03312370             1140
   427.74096762095269        1.1948428351628710E-004   163057258.09047264             1141
   428.11601450181274        1.1917466199325693E-004   163060967.60761744             1142
   428.49106138267291        1.1886615860468595E-004   163064669.61518744             1143
   428.86610826353291        1.1855903207213741E-004   163068364.13538831             1144
   429.24115514439313        1.1825300867276381E-004   163072051.19854510             1145
   429.61620202525313        1.1794834725682338E-004   163075730.82655254             1146
   429.99124890611330        1.1764477422862765E-004   163079403.04943675             1147
   430.36629578697335        1.1734254856434627E-004   163083067.88878679             1148
   430.74134266783352        1.1704139679269986E-004   163086725.37433526             1149
   431.11638954869352        1.1674157801305270E-004   163090375.52737093             1150
   431.49143642955374        1.1644281887585064E-004   163094018.37733793             1151
   431.86648331041374        1.1614537860100084E-004   163097653.94522992             1152
   432.24153019127391        1.1584898395805473E-004   163101282.26020771             1153
   432.61657707213396        1.1555389428487471E-004   163104903.34297481             1154
   432.99162395299413        1.1525983646756103E-004   163108517.22241372             1155
   433.36667083385424        1.1496706995940495E-004   163112123.91894272             1156
   433.74171771471435        1.1467532176056093E-004   163115723.46117085             1157
   434.11676459557452        1.1438485143728340E-004   163119315.86923599             1158
   434.49181147643452        1.1409538610134526E-004   163122901.17147851             1159
   434.86685835729475        1.1380718542955850E-004   163126479.38776064             1160
   435.24190523815474        1.1351997664293696E-004   163130050.54615861             1161
   435.61695211901491        1.1323401952650158E-004   163133614.66626367             1162
   435.99199899987497        1.1294904140818717E-004   163137171.77589253             1163
   436.36704588073513        1.1266530217893147E-004   163140721.89436987             1164
   436.74209276159513        1.1238252927132518E-004   163144265.04925737             1165
   437.11713964245536        1.1210098267998594E-004   163147801.25961760             1166
   437.49218652331535        1.1182038993994987E-004   163151330.55276152             1167
   437.86723340417552        1.1154101114733054E-004   163154852.94749394             1168
   438.24228028503558        1.1126257393745239E-004   163158368.47087938             1169
   438.61732716589574        1.1098533850579315E-004   163161877.14146906             1170
   438.99237404675586        1.1070903258585968E-004   163165378.98608527             1171
   439.36742092761597        1.1043391647041367E-004   163168874.02302974             1172
   439.74246780847614        1.1015971798908831E-004   163172362.27888665             1173
   440.11751468933613        1.0988669752989872E-004   163175843.77171230             1174
   440.49256157019636        1.0961458301659810E-004   163179318.52785668             1175
   440.86760845105636        1.0934363493047221E-004   163182786.56513473             1176
   441.24265533191652        1.0907358128743625E-004   163186247.90966609             1177
   441.61770221277658        1.0880468266011168E-004   163189702.57902819             1178
   441.99274909363675        1.0853666715466374E-004   163193150.59911418             1179
   442.36779597449674        1.0826979543316063E-004   163196591.98726779             1180
   442.74284285535697        1.0800379569015152E-004   163200026.76915947             1181
   443.11788973621697        1.0773892867530754E-004   163203454.96190286             1182
   443.49293661707713        1.0747492266974004E-004   163206876.59094933             1183
   443.86798349793719        1.0721203850892308E-004   163210291.67318618             1184
   444.24303037879736        1.0695000455875180E-004   163213700.23384929             1185
   444.61807725965735        1.0668908173874620E-004   163217102.28960314             1186
   444.99312414051758        1.0642899849784906E-004   163220497.86547160             1187
   445.36817102137775        1.0617001583791085E-004   163223886.97789979             1188
   445.74321790223775        1.0591186228922769E-004   163227269.65170312             1189
   446.11826478309797        1.0565479893430545E-004   163230645.90311071             1190
   446.49331166395797        1.0539855438313862E-004   163234015.75673279             1191
   446.86835854481814        1.0514338979725416E-004   163237379.22858590             1192
   447.24340542567819        1.0488903386472957E-004   163240736.34307835             1193
   447.61845230653836        1.0463574782451667E-004   163244087.11601737             1194
   447.99349918739836        1.0438326044119856E-004   163247431.57161257             1195
   448.36854606825858        1.0413183302959375E-004   163250769.72546509             1196
   448.74359294911858        1.0388119442925124E-004   163254101.60158899             1197
   449.11863982997875        1.0363160602933458E-004   163257427.21538243             1198
   449.49368671083880        1.0338279674285529E-004   163260746.59066701             1199
   449.86873359169897        1.0313502803183646E-004   163264059.74264094             1200
   450.24378047255897        1.0288802888128410E-004   163267366.69493645             1201
   450.61882735341919        1.0264206082463034E-004   163270667.46255484             1202
   450.99387423427930        1.0239685291744224E-004   163273962.06894183             1203
   451.36892111513936        1.0215266676314480E-004   163277250.52890477             1204
   451.74396799599958        1.0190923148646620E-004   163280532.86570579             1205
   452.11901487685958        1.0166680875944156E-004   163283809.09396118             1206
   452.49406175771981        1.0142512777459352E-004   163287079.23675233             1207
   452.86910863857980        1.0118445027121632E-004   163290343.30850720             1208
   453.24415551943997        1.0094450550829295E-004   163293601.33212933             1209
   453.61920240029997        1.0070555529105773E-004   163296853.32186115             1210
   453.99424928116019        1.0046732894365053E-004   163300099.30043095             1211
   454.36929616202019        1.0023008833595778E-004   163303339.28189829             1212
   454.74434304288042        9.9993562856003467E-005   163306573.28881899             1213
   455.11938992374041        9.9758014437068256E-005   163309801.33507246             1214
   455.49443680460058        9.9523172529817055E-005   163313023.44304454             1215
   455.86948368546064        9.9289299129696264E-005   163316239.62643710             1216
   456.24453056632080        9.9056123748797581E-005   163319449.90746859             1217
   456.61957744718092        9.8823908443533451E-005   163322654.29966587             1218
   456.99462432804103        9.8592382786236472E-005   163325852.82508248             1219
   457.36967120890120        9.8361808893112975E-005   163329045.49707282             1220
   457.74471808976119        9.8131916395578629E-005   163332232.33752802             1221
   458.11976497062142        9.7902967468488567E-005   163335413.35963231             1222
   458.49481185148142        9.7674691801210149E-005   163338588.58511689             1223
   458.86985873234158        9.7447351626129246E-005   163341758.02699834             1224
   459.24490561320164        9.7220676689459588E-005   163344921.70685014             1225
   459.61995249406181        9.6994929280025706E-005   163348079.63752353             1226
   459.99499937492180        9.6769839199807920E-005   163351231.84043667             1227
   460.37004625578203        9.6545668793002361E-005   163354378.32827783             1228
   460.74509313664203        9.6322147916301444E-005   163357519.12231195             1229
   461.12014001750219        9.6099538968230224E-005   163360654.23506665             1230
   461.49518689836225        9.5877571859162594E-005   163363783.68765604             1231
   461.87023377922242        9.5656509040934357E-005   163366907.49244902             1232
   462.24528066008241        9.5436080476593975E-005   163370025.67041111             1233
   462.62032754094264        9.5216548670292933E-005   163373138.23375487             1234
   462.99537442180281        9.4997643636770467E-005   163376245.20329916             1235
   463.37042130266281        9.4779627931521960E-005   163379346.59110233             1236
   463.74546818352303        9.4562231620015993E-005   163382442.41783878             1237
   464.12051506438303        9.4345717308141330E-005   163385532.69541463             1238
   464.49556194524320        9.4129815111157545E-005   163388617.44436193             1239
   464.87060882610325        9.3914787684417633E-005   163391696.67643660             1240
   465.24565570696342        9.3700365192054644E-005   163394770.41203034             1241
   465.62070258782342        9.3486810337978704E-005   163397838.66275090             1242
   465.99574946868364        9.3273853334299191E-005   163400901.44885153             1243
   466.37079634954364        9.3061756932596824E-005   163403958.78179386             1244
   466.74584323040381        9.2850251392080662E-005   163407010.68169463             1245
   467.12089011126386        9.2639599511135348E-005   163410057.15987119             1246
   467.49593699212403        9.2429531595213032E-005   163413098.23630565             1247
   467.87098387298403        9.2220310488655438E-005   163416133.92217311             1248
   468.24603075384425        9.2011666542320141E-005   163419164.23732284             1249
   468.62107763470436        9.1803862645678050E-005   163422189.19278947             1250
   468.99612451556442        9.1596629194173673E-005   163425208.80829138             1251
   469.37117139642464        9.1390229121597621E-005   163428223.09472448             1252
   469.74621827728464        9.1184392867181522E-005   163431232.07167798             1253
   470.12126515814481        9.0979383408244441E-005   163434235.74991095             1254
   470.49631203900486        9.0774931227022681E-005   163437234.14888525             1255
   470.87135891986503        9.0571299343590453E-005   163440227.27922475             1256
   471.24640580072503        9.0368218282423887E-005   163443215.16026568             1257
   471.62145268158525        9.0165951105596287E-005   163446197.80249846             1258
   471.99649956244525        8.9964228379076062E-005   163449175.22513536             1259
   472.37154644330542        8.9763313206195965E-005   163452147.43853503             1260
   472.74659332416547        8.9562936193685340E-005   163455114.46178752             1261
   473.12164020502564        8.9363360485413850E-005   163458076.30512136             1262
   473.49668708588564        8.9164316728156752E-005   163461032.98750585             1263
   473.87173396674586        8.8966068105613625E-005   163463984.51904112             1264
   474.24678084760586        8.8768345303906495E-005   163466930.91857737             1265
   474.62182772846603        8.8571411545873500E-005   163469872.19608787             1266
   474.99687460932626        8.8374997556299749E-005   163472808.37030530             1267
   475.37192149018625        8.8179366596485940E-005   163475739.45107764             1268
   475.74696837104642        8.7984249429211338E-005   163478665.45702156             1269
   476.12201525190648        8.7789909353577772E-005   163481586.39786130             1270
   476.49706213276664        8.7596077169704986E-005   163484502.29209909             1271
   476.87210901362664        8.7403016213848816E-005   163487413.14933684             1272
   477.24715589448687        8.7210457322829793E-005   163490318.98796386             1273
   477.62220277534686        8.7018663869425022E-005   163493219.81746125             1274
   477.99724965620709        8.6827366726529814E-005   163496115.65610680             1275
   478.37229653706709        8.6636829302823707E-005   163499006.51326236             1276
   478.74734341792725        8.6446782506664587E-005   163501892.40709555             1277
   479.12239029878725        8.6257489782028625E-005   163504773.34685034             1278
   479.49743717964748        8.6068682072137380E-005   163507649.35058561             1279
   479.87248406050747        8.5880622855671131E-005   163510520.42742890             1280
   480.24753094136770        8.5693043110128918E-005   163513386.59533182             1281
   480.62257782222787        8.5506206348315406E-005   163516247.86330673             1282
   480.99762470308787        8.5319843581433807E-005   163519104.24919930             1283
   481.37267158394809        8.5134218355845614E-005   163521955.76190817             1284
   481.74771846480809        8.4949061715896908E-005   163524802.41917431             1285
   482.12276534566826        8.4764637240950969E-005   163527644.22978401             1286
   482.49781222652831        8.4580676007947516E-005   163530481.21137491             1287
   482.87285910738848        8.4397441628708265E-005   163533313.37262216             1288
   483.24790598824848        8.4214665212228824E-005   163536140.73106140             1289
   483.62295286910870        8.4032610402257708E-005   163538963.29525790             1290
   483.99799974996870        8.3851008339320168E-005   163541781.08264655             1291
   484.37304663082887        8.3670122698570871E-005   163544594.10168406             1292
   484.74809351168892        8.3489684651549877E-005   163547402.36970580             1293
   485.12314039254909        8.3309957904308240E-005   163550205.89506117             1294
   485.49818727340909        8.3130673658896704E-005   163553004.69498718             1295
   485.87323415426931        8.2952095651763827E-005   163555798.77772713             1296
   486.24828103512937        8.2773955114977209E-005   163558588.16042092             1297
   486.62332791598948        8.2596515814894791E-005   163561372.85120699             1298
   486.99837479684970        8.2419509013117515E-005   163564152.86712927             1299
   487.37342167770970        8.2243198505434629E-005   163566928.21622244             1300
   487.74846855856987        8.2067315582507052E-005   163569698.91543567             1301
   488.12351543942992        8.1892124069086691E-005   163572464.97270113             1302
   488.49856232029009        8.1717355284431504E-005   163575226.40487432             1303
   488.87360920115009        8.1543273081797425E-005   163577983.21978593             1304
   489.24865608201031        8.1369608808585359E-005   163580735.43419898             1305
   489.62370296287031        8.1196626346106138E-005   163583483.05584383             1306
   489.99874984373048        8.1024057069459200E-005   163586226.10139212             1307
   490.37379672459053        8.0852164887570426E-005   163588964.57847500             1308
   490.74884360545070        8.0680681202802357E-005   163591698.50367367             1309
   491.12389048631070        8.0509869951264927E-005   163594427.88452134             1310
   491.49893736717092        8.0339462562157337E-005   163597152.73750982             1311
   491.87398424803092        8.0169722998351358E-005   163599873.07007524             1312
   492.24903112889109        8.0000382715465174E-005   163602588.89862126             1313
   492.62407800975132        7.9831705702718784E-005   163605300.23048797             1314
   492.99912489061131        7.9663423441740140E-005   163608007.08199185             1315
   493.37417177147148        7.9495799947692150E-005   163610709.46037796             1316
   493.74921865233154        7.9328566727811269E-005   163613407.38187662             1317
   494.12426553319170        7.9161987822806622E-005   163616100.85363898             1318
   494.49931241405170        7.8995794765130049E-005   163618789.89181012             1319
   494.87435929491193        7.8830251620647687E-005   163621474.50344831             1320
   495.24940617577192        7.8665089946641952E-005   163624154.70461428             1321
   495.62445305663209        7.8500573833754626E-005   163626830.50227439             1322
   495.99949993749215        7.8336434863720991E-005   163629501.91240621             1323
   496.37454681835231        7.8172937151584914E-005   163632168.94188502             1324
   496.74959369921231        7.8009812303164651E-005   163634831.60660604             1325
   497.12464058007254        7.7847324457539912E-005   163637489.91335458             1326
   497.49968746093253        7.7685205244249262E-005   163640143.87794447             1327
   497.87473434179270        7.7523718826049136E-005   163642793.50707191             1328
   498.24978122265293        7.7362596855842821E-005   163645438.81647030             1329
   498.62482810351293        7.7202103519711856E-005   163648079.81274763             1330
   498.99987498437309        7.7041970493575555E-005   163650716.51155773             1331
   499.37492186523315        7.6882461986495310E-005   163653348.91942132             1332
   499.74996874609332        7.6723309697064913E-005   163655977.05191365             1333
   500.12501562695331        7.6564777856987122E-005   163658600.91546902             1334
   500.50006250781354        7.6406598187195212E-005   163661220.52558482             1335
   500.87510938867354        7.6249034941701572E-005   163663835.88860998             1336
   501.25015626953370        7.6091819863450364E-005   163666447.01996487             1337
   501.62520315039376        7.5935217228438156E-005   163669053.92591384             1338
   502.00025003125393        7.5778958801297789E-005   163671656.62180120             1339
   502.37529691211392        7.5623308879690858E-005   163674255.11380750             1340
   502.75034379297415        7.5467999249622948E-005   163676849.41720185             1341
   503.12539067383415        7.5313294230107660E-005   163679439.53808182             1342
   503.50043755469432        7.5158925628213185E-005   163682025.49164215             1343
   503.87548443555443        7.5005157783998070E-005   163684607.28389832             1344
   504.25053131641454        7.4851722525289238E-005   163687184.92997140             1345
   504.62557819727476        7.4698884212888775E-005   163689758.43579566             1346
   505.00062507813476        7.4546374695083934E-005   163692327.81641939             1347
   505.37567195899493        7.4394458353125182E-005   163694893.07769629             1348
   505.75071883985498        7.4242867055466987E-005   163697454.23460269             1349
   506.12576572071515        7.4091865203518374E-005   163700011.29291263             1350
   506.50081260157515        7.3941184685613999E-005   163702564.26753116             1351
   506.87585948243537        7.3791089923036667E-005   163705113.16415346             1352
   507.25090636329537        7.3641312823719452E-005   163707657.99761409             1353
   507.62595324415554        7.3492117828539847E-005   163710198.77353010             1354
   508.00100012501559        7.3343236864752617E-005   163712735.50666630             1355
   508.37604700587576        7.3194934392555914E-005   163715268.20256239             1356
   508.75109388673576        7.3046942358254843E-005   163717796.87591425             1357
   509.12614076759598        7.2899525241099144E-005   163720321.53218487             1358
   509.50118764845598        7.2752415006177871E-005   163722842.18600190             1359
   509.87623452931615        7.2605876151528350E-005   163725358.84275252             1360
   510.25128141017638        7.2459640660761765E-005   163727871.51699680             1361
   510.62632829103637        7.2313973050444253E-005   163730380.21404675             1362
   511.00137517189654        7.2168605322452066E-005   163732884.94839561             1363
   511.37642205275660        7.2023802011625594E-005   163735385.72528100             1364
   511.75146893361676        7.1879295137854390E-005   163737882.55913004             1365
   512.12651581447676        7.1735349254003054E-005   163740375.45510656             1366
   512.50156269533693        7.1591696397726865E-005   163742864.42757231             1367
   512.87660957619698        7.1448601139669385E-005   163745349.48161808             1368
   513.25165645705715        7.1305795535008578E-005   163747830.63154078             1369
   513.62670333791721        7.1163544171925927E-005   163750307.88235891             1370
   514.00175021877737        7.1021579122883461E-005   163752781.24830538             1371
   514.37679709963743        7.0880164993363900E-005   163755250.73432696             1372
   514.75184398049760        7.0739033872878963E-005   163757716.35459310             1373
   515.12689086135754        7.0598450383980237E-005   163760178.11397961             1374
   515.50193774221782        7.0458146632998775E-005   163762636.02659312             1375
   515.87698462307787        7.0318387259326711E-005   163765090.09723920             1376
   516.25203150393793        7.0178904385888313E-005   163767540.33996230             1377
   516.62707838479821        7.0039962668692115E-005   163769986.75949824             1378
   517.00212526565815        6.9901294247033186E-005   163772429.36983007             1379
   517.37717214651843        6.9763163793316247E-005   163774868.17562455             1380
   517.75221902737837        6.9625303462988745E-005   163777303.19080383             1381
   518.12726590823854        6.9487977944635259E-005   163779734.41996619             1382
   518.50231278909860        6.9350919409641172E-005   163782161.87697363             1383
   518.87735966995876        6.9214392562558081E-005   163784585.56635669             1384
   519.25240655081882        6.9078129590498399E-005   163787005.50191757             1385
   519.62745343167899        6.8942395213772046E-005   163789421.68811971             1386
   520.00250031253904        6.8806921635011166E-005   163791834.13870633             1387
   520.37754719339921        6.8671973590078518E-005   163794242.85807419             1388
   520.75259407425926        6.8537283296922675E-005   163796647.85990810             1389
   521.12764095511943        6.8403115506757197E-005   163799049.14853889             1390
   521.50268783597949        6.8269202452646789E-005   163801446.73759347             1391
   521.87773471683965        6.8135808900957688E-005   163803840.63133729             1392
   522.25278159769982        6.8002667099673886E-005   163806230.84333998             1393
   522.62782847855976        6.7870041830119296E-005   163808617.37780222             1394
   523.00287535942005        6.7737665355003968E-005   163811000.24823689             1395
   523.37792224027999        6.7605802470417618E-005   163813379.45878044             1396
   523.75296912114015        6.7474185453606137E-005   163815755.02288961             1397
   524.12801600200021        6.7343079115236628E-005   163818126.94463721             1398
   524.50306288286038        6.7212215746904194E-005   163820495.23742434             1399
   524.87810976372043        6.7081860173667744E-005   163822859.90526077             1400
   525.25315664458060        6.6951744701287700E-005   163825220.96149254             1401
   525.62820352544065        6.6822134169032660E-005   163827578.41006684             1402
   526.00325040630082        6.6692760896647723E-005   163829932.26427522             1403
   526.37829728716088        6.6563889737431849E-005   163832282.52800292             1404
   526.75334416802104        6.6435253024937181E-005   163834629.21448746             1405
   527.12839104888099        6.6307115626316749E-005   163836972.32755262             1406
   527.50343792974127        6.6179209888754818E-005   163839311.88038251             1407
   527.87848481060144        6.6051800693085316E-005   163841647.87673995             1408
   528.25353169146138        6.5924620399952671E-005   163843980.32975611             1409
   528.62857857232166        6.5797933903701097E-005   163846309.24313349             1410
   529.00362545318160        6.5671473578266123E-005   163848634.62995079             1411
   529.37867233404177        6.5545504331334449E-005   163850956.49385062             1412
   529.75371921490182        6.5419758549966389E-005   163853274.84785980             1413
   530.12876609576199        6.5294501155026293E-005   163855589.69556156             1414
   530.50381297662204        6.5169464546535393E-005   163857901.04993132             1415
   530.87885985748221        6.5044913658373292E-005   163860208.91449344             1416
   531.25390673834227        6.4920580903361270E-005   163862513.30217245             1417
   531.62895361920243        6.4796731228234492E-005   163864814.21643436             1418
   532.00400050006249        6.4673097058455683E-005   163867111.67015320             1419
   532.37904738092266        6.4549943353458237E-005   163869405.66673720             1420
   532.75409426178260        6.4427002551190635E-005   163871696.21901038             1421
   533.12914114264288        6.4304539623629960E-005   163873983.33032367             1422
   533.50418802350293        6.4182287021056732E-005   163876267.01345158             1423
   533.87923490436299        6.4060509727839574E-005   163878547.27168813             1424
   534.25428178522327        6.3938940206440030E-005   163880824.11775884             1425
   534.62932866608321        6.3817843453468543E-005   163883097.55490133             1426
   535.00437554694338        6.3696951943418957E-005   163885367.59579262             1427
   535.37942242780343        6.3576530684996140E-005   163887634.24361435             1428
   535.75446930866360        6.3456312164579881E-005   163889897.51099539             1429
   536.12951618952366        6.3336561402824190E-005   163892157.40106201             1430
   536.50456307038382        6.3217010897851023E-005   163894413.92639542             1431
   536.87960995124388        6.3097925682120416E-005   163896667.09006688             1432
   537.25465683210405        6.2979038265354882E-005   163898916.90461040             1433
   537.62970371296410        6.2860613691679781E-005   163901163.37304267             1434
   538.00475059382427        6.2742384482278416E-005   163903406.50785100             1435
   538.37979747468421        6.2624615692803167E-005   163905646.31199798             1436
   538.75484435554449        6.2507039855760622E-005   163907882.79792455             1437
   539.12989123640455        6.2389922038193682E-005   163910115.96853969             1438
   539.50493811726460        6.2272994783797115E-005   163912345.83623841             1439
   539.87998499812488        6.2156523170869805E-005   163914572.40387654             1440
   540.25503187898482        6.2040239754161574E-005   163916795.68380365             1441
   540.63007875984499        6.1924409623095153E-005   163919015.67882270             1442
   541.00512564070505        6.1808765343343946E-005   163921232.40123826             1443
   541.38017252156521        6.1693572015324342E-005   163923445.85380098             1444
   541.75521940242527        6.1578562215504131E-005   163925656.04877076             1445
   542.13026628328544        6.1464001055164954E-005   163927862.98884630             1446
   542.50531316414549        6.1349621121441835E-005   163930066.68624333             1447
   542.88036004500566        6.1235687536355301E-005   163932267.14360908             1448
   543.25540692586571        6.1121932897582047E-005   163934464.37311542             1449
   543.63045380672588        6.1008622337757326E-005   163936658.37735850             1450
   544.00550068758582        6.0895488464975674E-005   163938849.16846678             1451
   544.38054756844610        6.0782796422364495E-005   163941036.74898568             1452
   544.75559444930605        6.0670278828314692E-005   163943221.13100076             1453
   545.13064133016633        6.0558200836324844E-005   163945402.31700715             1454
   545.50568821102650        6.0446295074962305E-005   163947580.31904769             1455
   545.88073509188644        6.0334826707978064E-005   163949755.13956770             1456
   546.25578197274672        6.0223528373997735E-005   163951926.79056779             1457
   546.63082885360666        6.0112665246907247E-005   163954095.27444381             1458
   547.00587573446683        6.0001969975274157E-005   163956260.60315451             1459
   547.38092261532688        5.9891707743003851E-005   163958422.77904668             1460
   547.75596949618705        5.9781611208491224E-005   163960581.81403759             1461
   548.13101637704710        5.9671945565547233E-005   163962737.71042529             1462
   548.50606325790727        5.9562443482280945E-005   163964890.48008597             1463
   548.88111013876733        5.9453370162296859E-005   163967040.12526938             1464
   549.25615701962749        5.9344458283306797E-005   163969186.65781102             1465
   549.63120390048755        5.9235973058598227E-005   163971330.07991266             1466
   550.00625078134772        5.9127647175375890E-005   163973470.40336943             1467
   550.38129766220766        5.9019745856501166E-005   163975607.63033560             1468
   550.75634454306794        5.8912001798563801E-005   163977741.77256623             1469
   551.13139142392799        5.8804680233891514E-005   163979872.83216843             1470
   551.50643830478805        5.8697513868352327E-005   163982000.82085764             1471
   551.88148518564833        5.8590767943634464E-005   163984125.74069417             1472
   552.25653206650827        5.8484175174779255E-005   163986247.60335410             1473
   552.63157894736844        5.8378000812730846E-005   163988366.41085127             1474
   553.00662582822849        5.8271977581600304E-005   163990482.17482287             1475
   553.38167270908866        5.8166370741484887E-005   163992594.89723668             1476
   553.75671958994872        5.8060913025463051E-005   163994704.58969128             1477
   554.13176647080888        5.7955869702683931E-005   163996811.25410864             1478
   554.50681335166894        5.7850973515092545E-005   163998914.90204915             1479
   554.88186023252911        5.7746489740789886E-005   164001015.53538936             1480
   555.25690711338916        5.7642151130488103E-005   164003113.16565177             1481
   555.63195399424933        5.7538222971141629E-005   164005207.79466790             1482
   556.00700087510927        5.7434438022131857E-005   164007299.43392259             1483
   556.38204775596955        5.7331061579169109E-005   164009388.08520272             1484
   556.75709463682949        5.7227826410207681E-005   164011473.75995591             1485
   557.13214151768966        5.7124997819617958E-005   164013556.45992461             1486
   557.50718839854994        5.7022308583831750E-005   164015636.19651955             1487
   557.88223527940988        5.6920024015785133E-005   164017712.97143921             1488
   558.25728216027005        5.6817876900293435E-005   164019786.79605767             1489
   558.63232904113011        5.6716132558764960E-005   164021857.67202970             1490
   559.00737592199027        5.6614523784306133E-005   164023925.61069310             1491
   559.38242280285033        5.6513315906705532E-005   164025990.61365935             1492
   559.75746968371050        5.6412241727269313E-005   164028052.69223022             1493
   560.13251656457055        5.6311566584075585E-005   164030111.84797418             1494
   560.50756344543072        5.6211023286540090E-005   164032168.09215742             1495
   560.88261032629077        5.6110877180940992E-005   164034221.42630559             1496
   561.25765720715094        5.6010861084714810E-005   164036271.86164960             1497
   561.63270408801088        5.5911240352251489E-005   164038319.39967272             1498
   562.00775096887116        5.5811747808920627E-005   164040364.05157077             1499
   562.38279784973111        5.5712648817136876E-005   164042405.81878501             1500
   562.75784473059127        5.5613676210116409E-005   164044444.71247649             1501
   563.13289161145156        5.5515095358212645E-005   164046480.73404470             1502
   563.50793849231150        5.5416639102403208E-005   164048513.89461631             1503
   563.88298537317166        5.5318572820895407E-005   164050544.19554934             1504
   564.25803225403172        5.5220629362344002E-005   164052571.64793634             1505
   564.63307913489189        5.5123074112726800E-005   164054596.25309414             1506
   565.00812601575194        5.5025639928292583E-005   164056618.02208149             1507
   565.38317289661211        5.4928592202707120E-005   164058636.95617437             1508
   565.75821977747216        5.4831663799731278E-005   164060653.06639802             1509
   566.13326665833233        5.4735120120637392E-005   164062666.35398784             1510
   566.50831353919239        5.4638694036617505E-005   164064676.82993579             1511
   566.88336042005255        5.4542650956470321E-005   164066684.49543706             1512
   567.25840730091249        5.4446723758739186E-005   164068689.36145061             1513
   567.63345418177278        5.4351177859669811E-005   164070691.42913175             1514
   568.00850106263272        5.4255746145078308E-005   164072690.70940667             1515
   568.38354794349289        5.4160694038579046E-005   164074687.20339105             1516
   568.75859482435305        5.4065754433183235E-005   164076680.92197871             1517
   569.13364170521311        5.3971192759796713E-005   164078671.86624587             1518
   569.50868858607339        5.3876741918549034E-005   164080660.04705429             1519
   569.88373546693333        5.3782667347561422E-005   164082645.46544105             1520
   570.25878234779350        5.3688701954005994E-005   164084628.13223612             1521
   570.63382922865355        5.3595111183144123E-005   164086608.04843774             1522
   571.00887610951372        5.3501627949115884E-005   164088585.22484428             1523
   571.38392299037378        5.3408517704248571E-005   164090559.66241547             1524
   571.75896987123394        5.3315513369576416E-005   164092531.37191832             1525
   572.13401675209400        5.3222880404419466E-005   164094500.35427436             1526
   572.50906363295417        5.3130351736633270E-005   164096466.62021953             1527
   572.88411051381422        5.3038192832458215E-005   164098430.17063737             1528
   573.25915739467439        5.2946136626499398E-005   164100391.01623306             1529
   573.63420427553433        5.2854448591846218E-005   164102349.15785244             1530
   574.00925115639461        5.2762861669782320E-005   164104304.60617012             1531
   574.38429803725455        5.2671641340175599E-005   164106257.36199450             1532
   574.75934491811472        5.2580520550918310E-005   164108207.43596998             1533
   575.13439179897500        5.2489764788587120E-005   164110154.82886773             1534
   575.50943867983494        5.2399107007613969E-005   164112099.55130213             1535
   575.88448556069511        5.2308812701215544E-005   164114041.60400751             1536
   576.25953244155517        5.2218614830295041E-005   164115980.99756843             1537
   576.63457932241533        5.2128778894641499E-005   164117917.73268256             1538
   577.00962620327539        5.2039037861561997E-005   164119851.81990495             1539
   577.38467308413556        5.1949657237350921E-005   164121783.25989693             1540
   577.75971996499561        5.1860369995652688E-005   164123712.06318429             1541
   578.13476684585578        5.1771441649200897E-005   164125638.23039216             1542
   578.50981372671583        5.1682605177911572E-005   164127561.77201733             1543
   578.88486060757600        5.1594126100892323E-005   164129482.68864906             1544
   579.25990748843594        5.1505737404265812E-005   164131400.99075538             1545
   579.63495436929622        5.1417704613449204E-005   164133316.67888987             1546
   580.01000125015617        5.1329760720707817E-005   164135229.76349205             1547
   580.38504813101633        5.1242171257704613E-005   164137140.24508014             1548
   580.76009501187661        5.1154669222784209E-005   164139048.13406536             1549
   581.13514189273656        5.1067520153792736E-005   164140953.43093076             1550
   581.51018877359672        5.0980457055091497E-005   164142856.14605948             1551
   581.88523565445678        5.0893745470647494E-005   164144756.27989975             1552
   582.26028253531695        5.0807118410777287E-005   164146653.84280682             1553
   582.63532941617700        5.0720841425507336E-005   164148548.83519426             1554
   583.01037629703717        5.0634647531048465E-005   164150441.26738977             1555
   583.38542317789722        5.0548802283426066E-005   164152331.13977253             1556
   583.76047005875739        5.0463038704684973E-005   164154218.46264276             1557
   584.13551693961745        5.0377622356789729E-005   164156103.23634556             1558
   584.51056382047761        5.0292286267559732E-005   164157985.47115394             1559
   584.88561070133755        5.0207296004839484E-005   164159865.16737914             1560
   585.26065758219784        5.0122384602164331E-005   164161742.33526719             1561
   585.63570446305778        5.0037817633200364E-005   164163616.97509560             1562
   586.01075134391795        4.9953328137140717E-005   164165489.09708378             1563
   586.38579822477811        4.9869181693415467E-005   164167358.70147571             1564
   586.76084510563817        4.9785111346818381E-005   164169225.79846433             1565
   587.13589198649834        4.9701382682486418E-005   164171090.38826036             1566
   587.51093886735839        4.9617728750757367E-005   164172952.48103049             1567
   587.88598574821856        4.9534415142418818E-005   164174812.07695243             1568
   588.26103262907861        4.9451174913296654E-005   164176669.18616679             1569
   588.63607950993878        4.9368273659773532E-005   164178523.80881852             1570
   589.01112639079884        4.9285444443108157E-005   164180375.95502236             1571
   589.38617327165900        4.9202952865223317E-005   164182225.62489071             1572
   589.76122015251906        4.9120531992755923E-005   164184072.82851273             1573
   590.13626703337923        4.9038447433114743E-005   164185917.56596836             1574
   590.51131391423917        4.8956432258260866E-005   164187759.84732139             1575
   590.88636079509945        4.8874752081035497E-005   164189599.67261970             1576
   591.26140767595939        4.8793139978670540E-005   164191437.05190179             1577
   591.63645455681956        4.8711861569386650E-005   164193271.98518363             1578
   592.01150143767961        4.8630649935633985E-005   164195104.48247871             1579
   592.38654831853978        4.8549770700960244E-005   164196934.54377130             1580
   592.76159519940006        4.8468956952981867E-005   164198762.17905015             1581
   593.13664208026000        4.8388474320521931E-005   164200587.38826799             1582
   593.51168896112017        4.8308055896311599E-005   164202410.18138897             1583
   593.88673584198023        4.8227967314398263E-005   164204230.55833456             1584
   594.26178272284039        4.8147941672577092E-005   164206048.52904442             1585
   594.63682960370045        4.8068244610069235E-005   164207864.09340906             1586
   595.01187648456062        4.7988609229683671E-005   164209677.26134393             1587
   595.38692336542067        4.7909301175765477E-005   164211488.03270862             1588
   595.76197024628084        4.7830053556087856E-005   164213296.41739458             1589
   596.13701712714078        4.7751132020070363E-005   164215102.41523075             1590
   596.51206400800106        4.7672269680401471E-005   164216906.03608477             1591
   596.88711088886100        4.7593732191526413E-005   164218707.27975518             1592
   597.26215776972128        4.7515252671000566E-005   164220506.15608591             1593
   597.63720465058122        4.7437096778246678E-005   164222302.66484526             1594
   598.01225153144139        4.7358997635639080E-005   164224096.81585377             1595
   598.38729841230156        4.7281220907530478E-005   164225888.60884964             1596
   598.76234529316162        4.7203499721066910E-005   164227678.05363020             1597
   599.13739217402178        4.7126099745483821E-005   164229465.14990377             1598
   599.51243905488184        4.7048754112652228E-005   164231249.90744463             1599
   599.88748593574201        4.6971728496644019E-005   164233032.32593143             1600
   600.26253281660206        4.6894756034008688E-005   164234812.41511559             1601
   600.63757969746223        4.6818102403608648E-005   164236590.17464629             1602
   601.01262657832228        4.6741500746626312E-005   164238365.61425224             1603
   601.38767345918245        4.6665216746669130E-005   164240138.73355341             1604
   601.76272034004251        4.6588983549507221E-005   164241909.54225594             1605
   602.13776722090267        4.6513066843448182E-005   164243678.03995067             1606
   602.51281410176261        4.6437199778805162E-005   164245444.23632151             1607
   602.88786098262290        4.6361648048541647E-005   164247208.13093036             1608
   603.26290786348284        4.6286144807469547E-005   164248969.73343900             1609
   603.63795474434301        4.6210955753164355E-005   164250729.04338059             1610
   604.01300162520317        4.6135814044893178E-005   164252486.07039493             1611
   604.38804850606323        4.6060985384800167E-005   164254240.81398675             1612
   604.76309538692340        4.5986202936564447E-005   164255993.28377393             1613
   605.13814226778345        4.5911732406855848E-005   164257743.47923288             1614
   605.51318914864362        4.5837306963722997E-005   164259491.40995994             1615
   605.88823602950367        4.5763192318318980E-005   164261237.07540330             1616
   606.26328291036384        4.5689121643019797E-005   164262980.48513785             1617
   606.63832979122390        4.5615360653419817E-005   164264721.63858381             1618
   607.01337667208406        4.5541642526180844E-005   164266460.54529476             1619
   607.38842355294412        4.5468232981297055E-005   164268197.20466319             1620
   607.76347043380429        4.5394865199674742E-005   164269931.62622154             1621
   608.13851731466423        4.5321804905667049E-005   164271663.80933464             1622
   608.51356419552451        4.5248785284383979E-005   164273393.76351398             1623
   608.88861107638445        4.5176072064497120E-005   164275121.48809701             1624
   609.26365795724462        4.5103398435279946E-005   164276846.99257442             1625
   609.63870483810467        4.5031030129682416E-005   164278570.27625638             1626
   610.01375171896484        4.4958700341101747E-005   164280291.34861293             1627
   610.38879859982501        4.4886674806726533E-005   164282010.20892718             1628
   610.76384548068506        4.4814686724038374E-005   164283726.86664876             1629
   611.13889236154523        4.4743001834425415E-005   164285441.32103378             1630
   611.51393924240529        4.4671353339414673E-005   164287153.58151159             1631
   611.88898612326545        4.4600006984555173E-005   164288863.64731154             1632
   612.26403300412551        4.4528695975380698E-005   164290571.52784288             1633
   612.63907988498568        4.4457686061563013E-005   164292277.22230840             1634
   613.01412676584573        4.4386710452604629E-005   164293980.74009731             1635
   613.38917364670590        4.4316034902262071E-005   164295682.08038601             1636
   613.76422052756584        4.4245392623969029E-005   164297381.25254393             1637
   614.13926740842612        4.4175049375529323E-005   164299078.25572115             1638
   614.51431428928606        4.4104738374270543E-005   164300773.09926745             1639
   614.88936117014623        4.4034725382006772E-005   164302465.78230685             1640
   615.26440805100628        4.3964743619922828E-005   164304156.31416962             1641
   615.63945493186645        4.3895058853806362E-005   164305844.69395387             1642
   616.01450181272662        4.3825404308662919E-005   164307530.93097046             1643
   616.38954869358668        4.3756045754217641E-005   164309215.02429178             1644
   616.76459557444684        4.3686716419260777E-005   164310896.98320949             1645
   617.13964245530690        4.3617682077419121E-005   164312576.80677035             1646
   617.51468933616707        4.3548675961232081E-005   164314254.50424698             1647
   617.88973621702712        4.3479963848192579E-005   164315930.07466069             1648
   618.26478309788729        4.3411278974553963E-005   164317603.52726519             1649
   618.63982997874734        4.3342887121640415E-005   164319274.86105654             1650
   619.01487685960751        4.3274521529384267E-005   164320944.08526966             1651
   619.38992374046745        4.3206447982906270E-005   164322611.19887549             1652
   619.76497062132773        4.3138399725783397E-005   164324276.21109036             1653
   620.14001750218767        4.3070642546898724E-005   164325939.12086019             1654
   620.51506438304796        4.3002909693439771E-005   164327599.93738282             1655
   620.89011126390790        4.2935466958017997E-005   164329258.65957943             1656
   621.26515814476807        4.2868047591397738E-005   164330915.29662952             1657
   621.64020502562823        4.2800917389885314E-005   164332569.84742960             1658
   622.01525190648829        4.2733809607788720E-005   164334222.32114094             1659
   622.39029878734846        4.2666990045075816E-005   164335872.71663556             1660
   622.76534566820851        4.2600191959565246E-005   164337521.04305670             1661
   623.14039254906868        4.2533681154853842E-005   164339167.29925197             1662
   623.51543942992873        4.2467190892238091E-005   164340811.49434680             1663
   623.89048631078890        4.2400986978911340E-005   164342453.62716454             1664
   624.26553319164896        4.2334802679615691E-005   164344093.70681283             1665
   624.64058007250912        4.2268903805109003E-005   164345731.73209098             1666
   625.01562695336918        4.2203023623546989E-005   164347367.71208897             1667
   625.39067383422935        4.2137427949220216E-005   164349001.64558220             1668
   625.76572071508929        4.2071850053666601E-005   164350633.54164317             1669
   626.14076759594957        4.2006555754677979E-005   164352263.39902353             1670
   626.51581447680951        4.1941278327143122E-005   164353891.22677839             1671
   626.89086135766968        4.1876283592324120E-005   164355517.02363577             1672
   627.26590823852973        4.1811304828429761E-005   164357140.79863358             1673
   627.64095511938990        4.1746607860161562E-005   164358762.55047628             1674
   628.01600200025007        4.1681925969017774E-005   164360382.28818473             1675
   628.39104888111012        4.1617524983109053E-005   164362000.01044011             1676
   628.76609576197029        4.1553138187192836E-005   164363615.72624630             1677
   629.14114264283035        4.1489031412758756E-005   164365229.43426120             1678
   629.51618952369051        4.1424937947793518E-005   164366841.14347187             1679
   629.89123640455057        4.1361123627136068E-005   164368450.85251319             1680
   630.26628328541074        4.1297321741972733E-005   164370058.57035550             1681
   630.64133016627079        4.1233798130462284E-005   164371664.29561079             1682
   631.01637704713096        4.1170286086961406E-005   164373268.03723276             1683
   631.39142392799090        4.1107051452919560E-005   164374869.79381061             1684
   631.76647080885118        4.1043827525834885E-005   164376469.57428169             1685
   632.14151768971112        4.0980880150418657E-005   164378067.37721244             1686
   632.51656457057129        4.0917942627281848E-005   164379663.21152395             1687
   632.89161145143134        4.0855280804368935E-005   164381257.07576013             1688
   633.26665833229151        4.0792627985375451E-005   164382848.97882581             1689
   633.64170521315168        4.0730250021450827E-005   164384438.91924262             1690
   634.01675209401174        4.0667880219347018E-005   164386026.90589926             1691
   634.39179897487190        4.0605784433390580E-005   164387612.93729508             1692
   634.76684585573196        4.0543695973362093E-005   164389197.02230290             1693
   635.14189273659213        4.0481880696737672E-005   164390779.15939993             1694
   635.51693961745218        4.0420071916299009E-005   164392359.35744312             1695
   635.89198649831235        4.0358535492644349E-005   164393937.61488771             1696
   636.26703337917240        4.0297004741529351E-005   164395513.94057494             1697
   636.64208026003257        4.0235745526647466E-005   164397088.33293822             1698
   637.01712714089251        4.0174491166701283E-005   164398660.80080324             1699
   637.39217402175279        4.0113507528452648E-005   164400231.34258157             1700
   637.76722090261273        4.0052527933524617E-005   164401799.96708342             1701
   638.14226778347290        3.9991818251720873E-005   164403366.67269886             1702
   638.51731466433296        3.9931111807558560E-005   164404931.46822274             1703
   638.89236154519313        3.9870674473857024E-005   164406494.35202360             1704
   639.26740842605318        3.9810239578001372E-005   164408055.33288103             1705
   639.64245530691335        3.9750072995800760E-005   164409614.40914229             1706
   640.01750218777352        3.9689908057482329E-005   164411171.58957183             1707
   640.39254906863357        3.9630010641819509E-005   164412726.87249565             1708
   640.76759594949374        3.9570114081855910E-005   164414280.26666325             1709
   641.14264283035379        3.9510484259303718E-005   164415831.77037945             1710
   641.51768971121396        3.9450854509997873E-005   164417381.39237890             1711
   641.89273659207402        3.9391490718564209E-005   164418929.13094547             1712
   642.26778347293418        3.9332126223603884E-005   164420474.99479899             1713
   642.64283035379412        3.9273026912631495E-005   164422018.98220247             1714
   643.01787723465441        3.9213926126989706E-005   164423561.10186112             1715
   643.39292411551435        3.9155089757057310E-005   164425101.35201713             1716
   643.76797099637452        3.9096251146893985E-005   164426639.74136123             1717
   644.14301787723457        3.9037676189718163E-005   164428176.26811495             1718
   644.51806475809474        3.8979098232282389E-005   164429710.94095457             1719
   644.89311163895479        3.8920783170620728E-005   164431243.75808117             1720
   645.26815851981496        3.8862464354154522E-005   164432774.72815663             1721
   645.64320540067513        3.8804407681709527E-005   164434303.84936166             1722
   646.01825228153518        3.8746346505352275E-005   164435831.13034394             1723
   646.39329916239535        3.8688546726676423E-005   164437356.56926391             1724
   646.76834604325541        3.8630741700370292E-005   164438880.17475513             1725
   647.14339292411557        3.8573197330772075E-005   164440401.94495782             1726
   647.51843980497563        3.8515646975168548E-005   164441921.88849157             1727
   647.89348668583580        3.8458356540619284E-005   164443440.00347665             1728
   648.26853356669585        3.8401059386986492E-005   164444956.29851863             1729
   648.64358044755602        3.8344021424028307E-005   164446470.77171791             1730
   649.01862732841596        3.8286976014159473E-005   164447983.43166625             1731
   649.39367420927624        3.8230189069814070E-005   164449494.27644420             1732
   649.76872109013618        3.8173393955936749E-005   164451003.31462985             1733
   650.14376797099635        3.8116856587615047E-005   164452510.54428408             1734
   650.51881485185640        3.8060310332301318E-005   164454015.97397137             1735
   650.89386173271657        3.8004021107714274E-005   164455519.60173294             1736
   651.26890861357674        3.7947722283791832E-005   164457021.43611988             1737
   651.64395549443680        3.7891679780862013E-005   164458521.47515392             1738
   652.01900237529696        3.7835626971326242E-005   164460019.72737274             1739
   652.39404925615702        3.7779829778100152E-005   164461516.19077864             1740
   652.76909613701719        3.7724021576027077E-005   164463010.87389606             1741
   653.14414301787724        3.7668468290588530E-005   164464503.77470812             1742
   653.51918989873741        3.7612903299048433E-005   164465994.90172595             1743
   653.89423677959746        3.7557592529432840E-005   164467484.25291353             1744
   654.26928366045763        3.7502269361405083E-005   164468971.83676895             1745
   654.64433054131757        3.7447199725514545E-005   164470457.65123716             1746
   655.01937742217785        3.7392117003802890E-005   164471941.70480323             1747
   655.39442430303779        3.7337287129322040E-005   164473423.99539316             1748
   655.76947118389796        3.7282443486471159E-005   164474904.53147912             1749
   656.14451806475802        3.7227852010783954E-005   164476383.31096831             1750
   656.51956494561819        3.7173246088996489E-005   164477860.34232005             1751
   656.89461182647824        3.7118891659103899E-005   164479335.62342286             1752
   657.26965870733841        3.7064522110158672E-005   164480809.16272336             1753
   657.64470558819858        3.7010403382596910E-005   164482280.95809141             1754
   658.01975246905863        3.6956268867767605E-005   164483751.01796103             1755
   658.39479934991880        3.6902384508527631E-005   164485219.34018356             1756
   658.76984623077885        3.6848483698502425E-005   164486685.93318054             1757
   659.14489311163902        3.6794832382949833E-005   164488150.79478487             1758
   659.51993999249908        3.6741163957751882E-005   164489613.93340570             1759
   659.89498687335924        3.6687744370547802E-005   164491075.34685755             1760
   660.27003375421918        3.6634307019456559E-005   164492535.04353723             1761
   660.64508063507947        3.6581117854479208E-005   164493993.02124110             1762
   661.02012751593941        3.6527910275952289E-005   164495449.28835374             1763
   661.39517439679958        3.6474950236219453E-005   164496903.84265342             1764
   661.77022127765963        3.6421971137815593E-005   164498356.69251248             1765
   662.14526815851980        3.6369238935407765E-005   164499807.83569121             1766
   662.52031503937985        3.6316487033710219E-005   164501257.28054994             1767
   662.89536192024002        3.6263981389694568E-005   164502705.02483103             1768
   663.27040880110019        3.6211455410235479E-005   164504151.07688281             1769
   663.64545568196024        3.6159175054590456E-005   164505595.43442982             1770
   664.02050256282041        3.6106873731775972E-005   164507038.10580853             1771
   664.39554944368047        3.6054817403316763E-005   164508479.08872578             1772
   664.77059632454063        3.6002739480352723E-005   164509918.39150625             1773
   665.14564320540069        3.5950905926657455E-005   164511356.01183912             1774
   665.52069008626086        3.5899050155475947E-005   164512791.95803741             1775
   665.89573696712080        3.5847438132812485E-005   164514226.22777274             1776
   666.27078384798108        3.5795803273999087E-005   164515658.82934651             1777
   666.64583072884102        3.5744411547252686E-005   164517089.76041290             1778
   667.02087760970119        3.5692996369974451E-005   164518519.02926183             1779
   667.39592449056124        3.5641823712576107E-005   164519946.63353014             1780
   667.77097137142141        3.5590626994510161E-005   164521372.58149624             1781
   668.14601825228146        3.5539672188365536E-005   164522796.87077978             1782
   668.52106513314163        3.5488692715628453E-005   164524219.50964779             1783
   668.89611201400180        3.5437954551047532E-005   164525640.49570277             1784
   669.27115889486186        3.5387191118125427E-005   164527059.83720049             1785
   669.64620577572202        3.5336668393753046E-005   164528477.53172639             1786
   670.02125265658208        3.5286119803432251E-005   164529893.58752504             1787
   670.39629953744225        3.5235811326179041E-005   164531308.00216490             1788
   670.77134641830230        3.5185476389477457E-005   164532720.78387943             1789
   671.14639329916247        3.5135380974451688E-005   164534131.93022025             1790
   671.52144018002241        3.5085258510550924E-005   164535541.44940978             1791
   671.89648706088269        3.5035374980990729E-005   164536949.33898279             1792
   672.27153394174263        3.4985463817168772E-005   164538355.60715085             1793
   672.64658082260291        3.4935791004375346E-005   164539760.25143200             1794
   673.02162770346285        3.4886089975939938E-005   164541163.28002691             1795
   673.39667458432302        3.4836626719211117E-005   164542564.69043708             1796
   673.77172146518308        3.4787134669433819E-005   164543964.49085233             1797
   674.14676834604325        3.4737879815998494E-005   164545362.67875764             1798
   674.52181522690330        3.4688595596049277E-005   164546759.26233214             1799
   674.89686210776347        3.4639548001002322E-005   164548154.23904443             1800
   675.27190898862364        3.4590470469884858E-005   164549547.61706299             1801
   675.64695586948369        3.4541628996122792E-005   164550939.39384001             1802
   676.02200275034386        3.4492757020610350E-005   164552329.57753348             1803
   676.39704963120391        3.4444120538767353E-005   164553718.16557935             1804
   676.77209651206408        3.4395452993339385E-005   164555105.16612509             1805
   677.14714339292414        3.4347020381724318E-005   164556490.57659051             1806
   677.52219027378430        3.4298556148503480E-005   164557874.40511268             1807
   677.89723715464424        3.4250326293037266E-005   164559256.64909533             1808
   678.27228403550453        3.4202064261727208E-005   164560637.31666517             1809
   678.64733091636447        3.4154036055880821E-005   164562016.40520996             1810
   679.02237779722464        3.4105975123704459E-005   164563393.92284620             1811
   679.39742467808469        3.4058147468437545E-005   164564769.86694568             1812
   679.77247155894486        3.4010286540076051E-005   164566144.24561477             1813
   680.14751843980491        3.3962658343776078E-005   164567517.05620942             1814
   680.52256532066508        3.3914996331308303E-005   164568888.30682588             1815
   680.89761220152513        3.3867566509730470E-005   164570257.99480438             1816
   681.27265908238530        3.3820102332573023E-005   164571626.12823114             1817
   681.64770596324547        3.3772869808780551E-005   164572992.70443070             1818
   682.02275284410553        3.3725602393628415E-005   164574357.73147938             1819
   682.39779972496569        3.3678566097933434E-005   164575721.20668611             1820
   682.77284660582575        3.3631494378701277E-005   164577083.13811734             1821
   683.14789348668592        3.3584653248606313E-005   164578443.52306649             1822
   683.52294036754586        3.3537776166370082E-005   164579802.36959019             1823
   683.89798724840614        3.3491129146510152E-005   164581159.67496651             1824
   684.27303412926608        3.3444445649449459E-005   164582515.44724229             1825
   684.64808101012625        3.3397991691534567E-005   164583869.68368021             1826
   685.02312789098630        3.3351500734875615E-005   164585222.39231753             1827
   685.39817477184647        3.3305238797633903E-005   164586573.57040167             1828
   685.77322165270652        3.3258939343592763E-005   164587923.22596025             1829
   686.14826853356669        3.3212868392714176E-005   164589271.35622552             1830
   686.52331541442686        3.3166759410440701E-005   164590617.96921563             1831
   686.89836229528692        3.3120878418521205E-005   164591963.06214771             1832
   687.27340917614708        3.3074958884043614E-005   164593306.64303038             1833
   687.64845605700714        3.3029266830529865E-005   164594648.70906577             1834
   688.02350293786731        3.2983535726699567E-005   164595989.26825318             1835
   688.39854981872736        3.2938031597834126E-005   164597328.31777978             1836
   688.77359669958753        3.2892487914271285E-005   164598665.86563551             1837
   689.14864358044747        3.2847170703038428E-005   164600001.90899274             1838
   689.52369046130775        3.2801813436077922E-005   164601336.45583206             1839
   689.89873734216769        3.2756682142149843E-005   164602669.50331107             1840
   690.27378422302786        3.2711510294787904E-005   164604001.05940130             1841
   690.64883110388791        3.2666563924471473E-005   164605331.12124547             1842
   691.02387798474808        3.2621576506312468E-005   164606659.69680607             1843
   691.39892486560814        3.2576814072496467E-005   164607986.78321123             1844
   691.77397174646831        3.2532010099700535E-005   164609312.38841429             1845
   692.14901862732836        3.2487430621803423E-005   164610636.50952885             1846
   692.52406550818853        3.2442809117034426E-005   164611959.15449929             1847
   692.89911238904870        3.2398411620952544E-005   164613280.32042468             1848
   693.27415926990875        3.2353971613326572E-005   164614600.01524055             1849
   693.64920615076892        3.2309755131382891E-005   164615918.23603147             1850
   694.02425303162897        3.2265495656417071E-005   164617234.99072412             1851
   694.39929991248914        3.2221459227310389E-005   164618550.27638882             1852
   694.77434679334908        3.2177379326872485E-005   164619864.10094336             1853
   695.14939367420936        3.2133521995626986E-005   164621176.46144384             1854
   695.52444055506930        3.2089620717885170E-005   164622487.36579931             1855
   695.89948743592947        3.2045941535800635E-005   164623796.81105161             1856
   696.27453431678953        3.2002217935173898E-005   164625104.80510122             1857
   696.64958119764970        3.1958715959776208E-005   164626411.34497580             1858
   697.02462807850975        3.1915169096885137E-005   164627716.43856725             1859
   697.39967495936992        3.1871843391877394E-005   164629020.08288917             1860
   697.77472184022997        3.1828472333495403E-005   164630322.28582492             1861
   698.14976872109014        3.1785321968709318E-005   164631623.04437411             1862
   698.52481560195019        3.1742125787714407E-005   164632922.36641160             1863
   698.89986248281036        3.1699149839062296E-005   164634220.24892309             1864
   699.27490936367053        3.1656127614389240E-005   164635516.69977507             1865
   699.64995624453059        3.1613325163816375E-005   164636811.71593937             1866
   700.02500312539075        3.1570475980409219E-005   164638105.30527410             1867
   700.40005000625081        3.1527846115846676E-005   164639397.46473730             1868
   700.77509688711098        3.1485169064611778E-005   164640688.20217887             1869
   701.15014376797092        3.1442710879929651E-005   164641977.51454306             1870
   701.52519064883120        3.1400205057689217E-005   164643265.40967157             1871
   701.90023752969114        3.1357917652650290E-005   164644551.88449502             1872
   702.27528441055131        3.1315582162096200E-005   164645836.94684687             1873
   702.65033129141136        3.1273464642310023E-005   164647120.59364426             1874
   703.02537817227153        3.1231298591958145E-005   164648402.83271250             1875
   703.40042505313158        3.1189350068835569E-005   164649683.66095516             1876
   703.77547193399175        3.1147352572980446E-005   164650963.08618957             1877
   704.15051881485181        3.1105572163688500E-005   164652241.10530588             1878
   704.52556569571198        3.1063742342358547E-005   164653517.72611332             1879
   704.90061257657214        3.1022129169775857E-005   164654792.94548875             1880
   705.27565945743220        3.0980466148688814E-005   164656066.77123344             1881
   705.65070633829237        3.0939019341361273E-005   164657339.20021093             1882
   706.02575321915242        3.0897522251880223E-005   164658610.24021465             1883
   706.40080010001259        3.0856240943977170E-005   164659879.88809481             1884
   706.77584698087253        3.0814908923066843E-005   164661148.15163708             1885
   707.15089386173281        3.0773792254337572E-005   164662415.02767849             1886
   707.52594074259275        3.0732624444521051E-005   164663680.52399695             1887
   707.90098762345292        3.0691671560251739E-005   164664944.63741636             1888
   708.27603450431297        3.0650667109567667E-005   164666207.37570691             1889
   708.65108138517314        3.0609877160538761E-005   164667468.73567945             1890
   709.02612826603320        3.0569035222498791E-005   164668728.72509649             1891
   709.40117514689337        3.0528407364942604E-005   164669987.34075597             1892
   709.77622202775342        3.0487727098489271E-005   164671244.59041280             1893
   710.15126890861359        3.0447260494048209E-005   164672500.47085190             1894
   710.52631578947376        3.0406741063513275E-005   164673754.98982069             1895
   710.90136267033381        3.0366434879198174E-005   164675008.14409122             1896
   711.27640955119398        3.0326075454261272E-005   164676259.94140342             1897
   711.65145643205403        3.0285928862410248E-005   164677510.37851658             1898
   712.02650331291420        3.0245728618057879E-005   164678759.46316314             1899
   712.40155019377414        3.0205740796295607E-005   164680007.19208968             1900
   712.77659707463442        3.0165698912780477E-005   164681253.57302126             1901
   713.15164395549436        3.0125869043977701E-005   164682498.60269177             1902
   713.52669083635453        3.0085984706778558E-005   164683742.28881896             1903
   713.90173771721459        3.0046311979012059E-005   164684984.62812409             1904
   714.27678459807476        3.0006584378793772E-005   164686225.62831765             1905
   714.65183147893481        2.9967067985306630E-005   164687465.28610834             1906
   715.02687835979498        2.9927496317880667E-005   164688703.60919940             1907
   715.40192524065503        2.9888135457042917E-005   164689940.59428707             1908
   715.77697212151520        2.9848718923328132E-005   164691176.24906740             1909
   716.15201900237525        2.9809512798597715E-005   164692410.57022423             1910
   716.52706588323542        2.9770250604581552E-005   164693643.56544644             1911
   716.90211276409559        2.9731198424465718E-005   164694875.23140553             1912
   717.27715964495565        2.9692089781165700E-005   164696105.57578331             1913
   717.65220652581581        2.9653190759182717E-005   164697334.59523895             1914
   718.02725340667575        2.9614234882608316E-005   164698562.29744729             1915
   718.40230028753604        2.9575488237249431E-005   164699788.67905515             1916
   718.77734716839598        2.9536684348364232E-005   164701013.74773052             1917
   719.15239404925615        2.9498089303056060E-005   164702237.50010791             1918
   719.52744093011620        2.9459436627740335E-005   164703459.94384843             1919
   719.90248781097637        2.9420992410807510E-005   164704681.07557455             1920
   720.27753469183642        2.9382490179821051E-005   164705900.90294039             1921
   720.65258157269659        2.9344196024449303E-005   164707119.42255637             1922
   721.02762845355664        2.9305843473394582E-005   164708336.64206982             1923
   721.40267533441681        2.9267698617594021E-005   164709552.55807912             1924
   721.77772221527687        2.9229494986879787E-005   164710767.17822483             1925
   722.15276909613704        2.9191498673448694E-005   164711980.49909335             1926
   722.52781597699720        2.9153443208253650E-005   164713192.52831852             1927
   722.90286285785726        2.9115594684742403E-005   164714403.26247489             1928
   723.27790973871743        2.9077686634979617E-005   164715612.70918956             1929
   723.65295661957737        2.9039985153654909E-005   164716820.86502522             1930
   724.02800350043765        2.9002223773936014E-005   164718027.73760241             1931
   724.40305038129759        2.8964668591745629E-005   164719233.32347199             1932
   724.77809726215787        2.8927053141345765E-005   164720437.63024789             1933
   725.15314414301781        2.8889643519883408E-005   164721640.65446925             1934
   725.52819102387798        2.8852173262706226E-005   164722842.40374354             1935
   725.90323790473803        2.8814908468176820E-005   164724042.87459815             1936
   726.27828478559820        2.8777582672719880E-005   164725242.07463402             1937
   726.65333166645826        2.8740461975905097E-005   164726440.00036696             1938
   727.02837854731843        2.8703279915225601E-005   164727636.65939149             1939
   727.40342542817848        2.8666302591449689E-005   164728832.04821181             1940
   727.77847230903865        2.8629263543130454E-005   164730026.17441610             1941
   728.15351918989882        2.8592428872226327E-005   164731219.03449699             1942
   728.52856607075887        2.8555532118342075E-005   164732410.63603631             1943
   728.90361295161904        2.8518839384617911E-005   164733600.97551525             1944
   729.27865983247909        2.8482084211701878E-005   164734790.06050932             1945
   729.65370671333926        2.8445532703907677E-005   164735977.88748831             1946
   730.02875359419920        2.8408918402918419E-005   164737164.46402147             1947
   730.40380047505948        2.8372507414213134E-005   164738349.78656724             1948
   730.77884735591942        2.8336033280501742E-005   164739533.86268863             1949
   731.15389423677959        2.8299762108420477E-005   164740716.68883282             1950
   731.52894111763965        2.8263427441698021E-005   164741898.27255663             1951
   731.90398799849982        2.8227295388119752E-005   164743078.61029592             1952
   732.27903487935987        2.8191099492424998E-005   164744257.70960149             1953
   732.65408176022004        2.8155105863540296E-005   164745435.56689796             1954
   733.02912864108009        2.8119048047207712E-005   164746612.18972999             1955
   733.40417552194026        2.8083192153487022E-005   164747787.57451117             1956
   733.77922240280031        2.8047271729115084E-005   164748961.72878003             1957
   734.15426928366048        2.8011552885277071E-005   164750134.64893910             1958
   734.52931616452065        2.7975769169696786E-005   164751306.34252092             1959
   734.90436304538071        2.7940186694677038E-005   164752476.80591691             1960
   735.27940992624087        2.7904539008920795E-005   164753646.04665378             1961
   735.65445680710081        2.7869092225840771E-005   164754814.06111184             1962
   736.02950368796110        2.7833579895111425E-005   164755980.85681191             1963
   736.40455056882104        2.7798268131247705E-005   164757146.43012345             1964
   736.77959744968121        2.7762890484887938E-005   164758310.78856131             1965
   737.15464433054126        2.7727713071641695E-005   164759473.92848408             1966
   737.52969121140143        2.7692469443103658E-005   164760635.85740083             1967
   737.90473809226148        2.7657425715970444E-005   164761796.57165924             1968
   738.27978497312165        2.7622315442785591E-005   164762956.07876265             1969
   738.65483185398170        2.7587404741325276E-005   164764114.37504792             1970
   739.02987873484187        2.7552427165074566E-005   164765271.46801263             1971
   739.40492561570193        2.7517648832881768E-005   164766427.35398293             1972
   739.77997249656210        2.7482803299166015E-005   164767582.04045069             1973
   740.15501937742226        2.7448156683840448E-005   164768735.52373135             1974
   740.53006625828232        2.7413442542251037E-005   164769887.81131113             1975
   740.90511313914249        2.7378926995368394E-005   164771038.89949483             1976
   741.28016002000243        2.7344343599458081E-005   164772188.79576308             1977
   741.65520690086271        2.7309958476541027E-005   164773337.49640995             1978
   742.03025378172265        2.7275505183795152E-005   164774485.00891063             1979
   742.40530066258282        2.7241249844284566E-005   164775631.32954863             1980
   742.78034754344287        2.7206926016092450E-005   164776776.46579352             1981
   743.15539442430304        2.7172799823319009E-005   164777920.41391835             1982
   743.53044130516309        2.7138604824945556E-005   164779063.18138719             1983
   743.90548818602326        2.7104607146101383E-005   164780204.76446265             1984
   744.28053506688332        2.7070540346658998E-005   164781345.17060333             1985
   744.65558194774349        2.7036670552769784E-005   164782484.39606139             1986
   745.03062882860354        2.7002731325190443E-005   164783622.44829008             1987
   745.40567570946371        2.6968988791087566E-005   164784759.32353115             1988
   745.78072259032388        2.6935176512095198E-005   164785895.02923244             1989
   746.15576947118393        2.6901560616388302E-005   164787029.56162548             1990
   746.53081635204410        2.6867874666471384E-005   164788162.92815268             1991
   746.90586323290404        2.6834384791520950E-005   164789295.12503529             1992
   747.28091011376432        2.6800824554905312E-005   164790426.15971050             1993
   747.65595699462426        2.6767460086795705E-005   164791556.02838930             1994
   748.03100387548443        2.6734024951417555E-005   164792684.73850361             1995
   748.40605075634448        2.6700785279930172E-005   164793812.28625420             1996
   748.78109763720465        2.6667474637409380E-005   164794938.67906776             1997
   749.15614451806471        2.6634359155995952E-005   164796063.91313496             1998
   749.53119139892488        2.6601172401609534E-005   164797187.99587736             1999
   749.90623827978493        2.6568180507365789E-005   164798310.92347547             2000
   750.28128516064510        2.6535117040021622E-005   164799432.70334569             2001
   750.65633204150515        2.6502248133661108E-005   164800553.33165851             2002
   751.03137892236532        2.6469307355871931E-005   164801672.81582519             2003
   751.40642580322537        2.6436560841700056E-005   164802791.15200624             2004
   751.78147268408554        2.6403742159557600E-005   164803908.34760782             2005
   752.15651956494571        2.6371117445445969E-005   164805024.39878055             2006
   752.53156644580577        2.6338420268595289E-005   164806139.31292549             2007
   752.90661332666593        2.6305916765956053E-005   164807253.08618331             2008
   753.28166020752587        2.6273340507570142E-005   164808365.72595012             2009
   753.65670708838616        2.6240957631330838E-005   164809477.22835675             2010
   754.03175396924610        2.6208501708085409E-005   164810587.60079426             2011
   754.40680085010626        2.6176238876663765E-005   164811696.83938369             2012
   754.78184773096632        2.6143902708712295E-005   164812804.95151117             2013
   755.15689461182649        2.6111759343991312E-005   164813911.93328798             2014
   755.53194149268654        2.6079542354940257E-005   164815017.79209536             2015
   755.90698837354671        2.6047517882243681E-005   164816122.52403477             2016
   756.28203525440676        2.6015419499127893E-005   164817226.13648263             2017
   756.65708213526693        2.5983513347195591E-005   164818328.62553069             2018
   757.03212901612699        2.5951533000453895E-005   164819429.99855059             2019
   757.40717589698716        2.5919744601417657E-005   164820530.25162441             2020
   757.78222277784732        2.5887881724868788E-005   164821629.39211896             2021
   758.15726965870738        2.5856210514228284E-005   164822727.41610673             2022
   758.53231653956755        2.5824464545046841E-005   164823824.33094975             2023
   758.90736342042749        2.5792909961645680E-005   164824920.13271099             2024
   759.28241030128777        2.5761280340338396E-005   164826014.82874772             2025
   759.65745718214771        2.5729841826340513E-005   164827108.41511333             2026
   760.03250406300788        2.5698327996722668E-005   164828200.89916047             2027
   760.40755094386793        2.5667004997588813E-005   164829292.27693304             2028
   760.78259782472810        2.5635606406760812E-005   164830382.55577904             2029
   761.15764470558815        2.5604398371225294E-005   164831471.73173290             2030
   761.53269158644832        2.5573114469549535E-005   164832559.81213793             2031
   761.90773846730838        2.5542020849597074E-005   164833646.79301924             2032
   762.28278534816855        2.5510851090674920E-005   164834732.68171558             2033
   762.65783222902860        2.5479871341517796E-005   164835817.47424260             2034
   763.03287910988877        2.5448815182166792E-005   164836901.17793453             2035
   763.40792599074882        2.5417948762222121E-005   164837983.78879774             2036
   763.78297287160899        2.5387005662453375E-005   164839065.31416187             2037
   764.15801975246916        2.5356252033320665E-005   164840145.75002399             2038
   764.53306663332910        2.5325421456316378E-005   164841225.10370934             2039
   764.90811351418938        2.5294780082755010E-005   164842303.37120572             2040
   765.28316039504932        2.5264061494846257E-005   164843380.55983382             2041
   765.65820727590949        2.5233531844753449E-005   164844456.66557235             2042
   766.03325415676954        2.5202924715398116E-005   164845531.69573751             2043
   766.40830103762971        2.5172506259786960E-005   164846605.64629880             2044
   766.78334791848977        2.5142010061547838E-005   164847678.52456814             2045
   767.15839479934994        2.5111702274525378E-005   164848750.32650584             2046
   767.53344168020999        2.5081316483048453E-005   164849821.05941942             2047
   767.90848856107016        2.5051118841794212E-005   164850890.71926016             2048
   768.28353544193021        2.5020842935787154E-005   164851959.31333125             2049
   768.65858232279038        2.4990754920531652E-005   164853026.83757490             2050
   769.03362920365043        2.4960588381742455E-005   164854093.29928997             2051
   769.40867608451060        2.4930609475745883E-005   164855158.69440970             2052
   769.78372296537077        2.4900551788941625E-005   164856223.03022867             2053
   770.15876984623071        2.4870681478472775E-005   164857286.30267113             2054
   770.53381672709099        2.4840732131418705E-005   164858348.51902744             2055
   770.90886360795093        2.4810969905734044E-005   164859409.67521295             2056
   771.28391048881110        2.4781128389172725E-005   164860469.77851373             2057
   771.65895736967116        2.4751473740495665E-005   164861528.82483625             2058
   772.03400425053132        2.4721739548126215E-005   164862586.82146248             2059
   772.40905113139138        2.4692191971626465E-005   164863643.76428998             2060
   772.78409801225155        2.4662564600084139E-005   164864699.66059655             2061
   773.15914489311160        2.4633123593857374E-005   164865754.50627095             2062
   773.53419177397177        2.4603602542693171E-005   164866808.30858684             2063
   773.90923865483182        2.4574267607740728E-005   164867861.06342423             2064
   774.28428553569199        2.4544852379401285E-005   164868912.77805272             2065
   774.65933241655193        2.4515623019610065E-005   164869963.44834349             2066
   775.03437929741222        2.4486313119417560E-005   164871013.08156210             2067
   775.40942617827238        2.4457188841540068E-005   164872061.67357108             2068
   775.78447305913232        2.4427983777672483E-005   164873109.23163193             2069
   776.15951993999261        2.4398964091307139E-005   164874155.75159848             2070
   776.53456682085255        2.4369863374778422E-005   164875201.24072823             2071
   776.90961370171283        2.4340947792349894E-005   164876245.69486642             2072
   777.28466058257277        2.4311950936990537E-005   164877289.12126654             2073
   777.65970746343294        2.4283138973730352E-005   164878331.51576522             2074
   778.03475434429299        2.4254245496168009E-005   164879372.88561201             2075
   778.40980122515316        2.4225536670095146E-005   164880413.22663501             2076
   778.78484810601321        2.4196746089735393E-005   164881452.54607984             2077
   779.15989498687338        2.4168139921637227E-005   164882490.83976609             2078
   779.53494186773344        2.4139451760644481E-005   164883528.11493543             2079
   779.90998874859361        2.4110947774057740E-005   164884564.36739898             2080
   780.28503562945366        2.4082361557336344E-005   164885599.60439458             2081
   780.66008251031383        2.4053959278528297E-005   164886633.82172486             2082
   781.03512939117388        2.4025474533703803E-005   164887667.02662387             2083
   781.41017627203405        2.3997173491653658E-005   164888699.21488580             2084
   781.78522315289422        2.3968789749054173E-005   164889730.39374089             2085
   782.16027003375416        2.3940589475434405E-005   164890760.55897489             2086
   782.53531691461444        2.3912306268072163E-005   164891789.71781433             2087
   782.91036379547438        2.3884206297230167E-005   164892817.86603665             2088
   783.28541067633455        2.3856023160783190E-005   164893845.01086456             2089
   783.66045755719460        2.3828023029723036E-005   164894871.14806718             2090
   784.03550443805477        2.3799939502516986E-005   164895896.28486347             2091
   784.41055131891494        2.3772038750881334E-005   164896920.41701433             2092
   784.78559819977500        2.3744054373871469E-005   164897943.55173504             2093
   785.16064508063505        2.3716252543923675E-005   164898965.68477818             2094
   785.53569196149522        2.3688366860676905E-005   164899986.82335541             2095
   785.91073884235539        2.3660663497283086E-005   164901006.96321112             2096
   786.28578572321544        2.3632876053960356E-005   164902026.11155325             2097
   786.66083260407538        2.3605270704571828E-005   164903044.26411802             2098
   787.03587948493566        2.3577581049910404E-005   164904061.42810977             2099
   787.41092636579583        2.3550073264546068E-005   164905077.59925663             2100
   787.78597324665577        2.3522480949842187E-005   164906092.78475934             2101
   788.16102012751583        2.3495070281071213E-005   164907106.98033783             2102
   788.53606700837599        2.3467574860162613E-005   164908120.19318929             2103
   788.91111388923616        2.3440260863087092E-005   164909132.41902566             2104
   789.28616077009622        2.3412861892336004E-005   164910143.66504055             2105
   789.66120765095627        2.3385644124573927E-005   164911153.92693782             2106
   790.03625453181655        2.3358341162849838E-005   164912163.21190760             2107
   790.41130141267661        2.3331219184518050E-005   164913171.51564568             2108
   790.78634829353666        2.3304011793180943E-005   164914178.84533876             2109
   791.16139517439683        2.3276985166878298E-005   164915185.19667470             2110
   791.53644205525700        2.3249872909761747E-005   164916190.57683659             2111
   791.91148893611705        2.3222941200552455E-005   164917194.98150444             2112
   792.28653581697699        2.3195923643947073E-005   164918198.41785789             2113
   792.66158269783728        2.3169086419343982E-005   164919200.88156903             2114
   793.03662957869744        2.3142163131980831E-005   164920202.37981409             2115
   793.41167645955738        2.3115419961929105E-005   164921202.90825725             2116
   793.78672334041744        2.3088590514963334E-005   164922202.47407141             2117
   794.16177022127761        2.3061940971824010E-005   164923201.07291284             2118
   794.53681710213777        2.3035204938818542E-005   164924198.71195111             2119
   794.91186398299783        2.3008648597352459E-005   164925195.38683465             2120
   795.28691086385788        2.2982005554261964E-005   164926191.10472965             2121
   795.66195774471817        2.2955541991613549E-005   164927185.86127687             2122
   796.03700462557822        2.2928991516768302E-005   164928179.66363913             2123
   796.41205150643827        2.2902620312449791E-005   164929172.50744936             2124
   796.78709838729844        2.2876161986539893E-005   164930164.39986712             2125
   797.16214526815861        2.2849882722415292E-005   164931155.33651769             2126
   797.53719214901867        2.2823516128474860E-005   164932145.32455733             2127
   797.91223902987861        2.2797328388744425E-005   164933134.35960361             2128
   798.28728591073889        2.2771053112135932E-005   164934122.44880950             2129
   798.66233279159906        2.2744956483320486E-005   164935109.58778498             2130
   799.03737967245900        2.2718772111719282E-005   164936095.78367978             2131
   799.41242655331905        2.2692766182644848E-005   164937081.03209621             2132
   799.78747343417922        2.2666672306023725E-005   164938065.34018084             2133
   800.16252031503950        2.2640756667806086E-005   164939048.70352840             2134
   800.53756719589944        2.2614752878420059E-005   164940031.12928227             2135
   800.91261407675950        2.2588927124449639E-005   164941012.61302954             2136
   801.28766095761966        2.2563013016820719E-005   164941993.16191050             2137
   801.66270783847983        2.2537276742747368E-005   164942972.77150473             2138
   802.03775471933989        2.2511451913649584E-005   164943951.44894934             2139
   802.41280160020005        2.2485804717367722E-005   164944929.18981642             2140
   802.78784848106022        2.2460068765812104E-005   164945906.00123999             2141
   803.16289536192028        2.2434510247445792E-005   164946881.87878463             2142
   803.53794224278022        2.2408862774665696E-005   164947856.82958126             2143
   803.91298912364050        2.2383392536553828E-005   164948830.84918705             2144
   804.28803600450067        2.2357833145990108E-005   164949803.94472986             2145
   804.66308288536072        2.2332450792671897E-005   164950776.11175942             2146
   805.03812976622066        2.2306979089958390E-005   164951747.35740057             2147
   805.41317664708083        2.2281684228158692E-005   164952717.67719564             2148
   805.78822352794111        2.2256299821107728E-005   164953687.07826641             2149
   806.16327040880105        2.2231092059722748E-005   164954655.55614790             2150
   806.53831728966111        2.2205794558310851E-005   164955623.11795893             2151
   806.91336417052128        2.2180673508393771E-005   164956589.75922713             2152
   807.28841105138144        2.2155462524747293E-005   164957555.48706833             2153
   807.66345793224150        2.2130427799494139E-005   164958520.29700288             2154
   808.03850481310167        2.2105302947875217E-005   164959484.19614369             2155
   808.41355169396184        2.2080354162610692E-005   164960447.18000379             2156
   808.78859857482189        2.2055315059403142E-005   164961409.25569320             2157
   809.16364545568194        2.2030451831566767E-005   164962370.41871768             2158
   809.53869233654211        2.2005498095262207E-005   164963330.67618433             2159
   809.91373921740228        2.1980720044394283E-005   164964290.02359176             2160
   810.28878609826234        2.1955851295578364E-005   164965248.46804407             2161
   810.66383297912228        2.1931158043306358E-005   164966206.00503278             2162
   811.03887985998244        2.1906373904644907E-005   164967162.64165908             2163
   811.41392674084273        2.1881765074669690E-005   164968118.37340733             2164
   811.78897362170267        2.1857065170895272E-005   164969073.20737591             2165
   812.16402050256272        2.1832540388977652E-005   164970027.13904199             2166
   812.53906738342289        2.1807924346875930E-005   164970980.17550117             2167
   812.91411426428306        2.1783483240823101E-005   164971932.31222352             2168
   813.28916114514311        2.1758950689219528E-005   164972883.55630180             2169
   813.66420802600328        2.1734592888871826E-005   164973833.90319899             2170
   814.03925490686345        2.1710143458618259E-005   164974783.36000511             2171
   814.41430178772350        2.1685868595835841E-005   164975731.92217615             2172
   814.78934866858356        2.1661501919797443E-005   164976679.59679925             2173
   815.16439554944373        2.1637309628447142E-005   164977626.37932342             2174
   815.53944243030389        2.1613025341489176E-005   164978572.27683309             2175
   815.91448931116395        2.1588915257431500E-005   164979517.28477019             2176
   816.28953619202389        2.1564712996406452E-005   164980461.41021654             2177
   816.66458307288406        2.1540684757482579E-005   164981404.64860708             2178
   817.03962995374434        2.1516564161217107E-005   164982347.00702080             2179
   817.41467683460428        2.1492617407236082E-005   164983288.48088586             2180
   817.78972371546433        2.1468578116518370E-005   164984229.07727855             2181
   818.16477059632450        2.1444712489244273E-005   164985168.79162002             2182
   818.53981747718467        2.1420754146811227E-005   164986107.63098395             2183
   818.91486435804472        2.1396969289950620E-005   164987045.59078461             2184
   819.28991123890478        2.1373091540475297E-005   164987982.67809302             2185
   819.66495811976506        2.1349387099664553E-005   164988918.88831666             2186
   820.04000500062511        2.1325589589743580E-005   164989854.22852385             2187
   820.41505188148517        2.1301965212536546E-005   164990788.69411519             2188
   820.79009876234534        2.1278247590677780E-005   164991722.29215652             2189
   821.16514564320551        2.1254702926533251E-005   164992655.01804155             2190
   821.54019252406556        2.1231064843143445E-005   164993586.87883356             2191
   821.91523940492550        2.1207599543413026E-005   164994517.86991954             2192
   822.29028628578567        2.1184040650785525E-005   164995447.99836007             2193
   822.66533316664595        2.1160654368701299E-005   164996377.25953549             2194
   823.04038004750589        2.1137174321003986E-005   164997305.66050383             2195
   823.41542692836595        2.1113866711666564E-005   164998233.19663867             2196
   823.79047380922611        2.1090465164929707E-005   164999159.87499547             2197
   824.16552069008628        2.1067235885296081E-005   165000085.69094113             2198
   824.54056757094634        2.1043912497400474E-005   165001010.65152869             2199
   824.91561445180639        2.1020761206272222E-005   165001934.75211829             2200
   825.29066133266667        2.0997515636937224E-005   165002857.99976048             2201
   825.66570821352673        2.0974441994948589E-005   165003780.38980877             2202
   826.04075509438678        2.0951273905720448E-005   165004701.92931125             2203
   826.41580197524695        2.0928277575326653E-005   165005622.61361480             2204
   826.79084885610712        2.0905186629566667E-005   165006542.44976500             2205
   827.16589573696717        2.0882267275032280E-005   165007461.43310219             2206
   827.54094261782711        2.0859253137905289E-005   165008379.57066950             2207
   827.91598949868740        2.0836410425292549E-005   165009296.85780069             2208
   828.29103637954756        2.0813472763755392E-005   165010213.30153644             2209
   828.66608326040750        2.0790706360912848E-005   165011128.89720404             2210
   829.04113014126756        2.0767844843702930E-005   165012043.65184170             2211
   829.41617702212773        2.0745154420253981E-005   165012957.56077018             2212
   829.79122390298789        2.0722368717877891E-005   165013870.63102537             2213
   830.16627078384795        2.0699753945209534E-005   165014782.85792151             2214
   830.54131766470800        2.0677043729931838E-005   165015694.24849206             2215
   830.91636454556829        2.0654504281183342E-005   165016604.79804483             2216
   831.29141142642834        2.0631869227015319E-005   165017514.51361096             2217
   831.66645830728839        2.0609404777067240E-005   165018423.39049181             2218
   832.04150518814856        2.0586844559755829E-005   165019331.43571612             2219
   832.41655206900873        2.0564454785218753E-005   165020238.64457887             2220
   832.79159894986878        2.0541969082235565E-005   165021145.02410650             2221
   833.16664583072873        2.0519653661439305E-005   165022050.56958756             2222
   833.54169271158901        2.0497242151969582E-005   165022955.28804621             2223
   833.91673959244918        2.0475000764952192E-005   165023859.17476463             2224
   834.29178647330912        2.0452663129884063E-005   165024762.23676467             2225
   834.66683335416917        2.0430495458381041E-005   165025664.46932217             2226
   835.04188023502934        2.0408231380294690E-005   165026565.87945676             2227
   835.41692711588951        2.0386137107728221E-005   165027466.46243787             2228
   835.79197399674956        2.0363946270885208E-005   165028366.22528291             2229
   836.16702087760962        2.0341925082353565E-005   165029265.16325510             2230
   836.54206775846978        2.0319807172686156E-005   165030163.28336951             2231
   836.91711463932995        2.0297858754953038E-005   165031060.58088309             2232
   837.29216152019001        2.0275813460053764E-005   165031957.06280869             2233
   837.66720840105017        2.0253937501537855E-005   165032852.72439706             2234
   838.04225528191034        2.0231964510648964E-005   165033747.57265887             2235
   838.41730216277040        2.0210160701413485E-005   165034641.60283858             2236
   838.79234904363034        2.0188259705416593E-005   165035534.82194465             2237
   839.16739592449062        2.0166527737158948E-005   165036427.22521538             2238
   839.54244280535079        2.0144698428564707E-005   165037318.81965706             2239
   839.91748968621073        2.0123037994606248E-005   165038209.60050181             2240
   840.29253656707078        2.0101280067544134E-005   165039099.57475373             2241
   840.66758344793095        2.0079690862819896E-005   165039988.73763883             2242
   841.04263032879112        2.0058004013028005E-005   165040877.09615907             2243
   841.41767720965117        2.0036485734076678E-005   165041764.64553428             2244
   841.79272409051123        2.0014869658891719E-005   165042651.39276433             2245
   842.16777097137140        1.9993422003845507E-005   165043537.33306292             2246
   842.54281785223156        1.9971876402192726E-005   165044422.47342783             2247
   842.91786473309162        1.9950499070767430E-005   165045306.80906668             2248
   843.29291161395179        1.9929023643150702E-005   165046190.34697515             2249
   843.66795849481196        1.9907716336635768E-005   165047073.08235475             2250
   844.04300537567201        1.9886310785127697E-005   165047955.02219915             2251
   844.41805225653195        1.9865073206376447E-005   165048836.16170382             2252
   844.79309913739223        1.9843737234608603E-005   165049716.50786030             2253
   845.16814601825240        1.9822569088028432E-005   165050596.05585808             2254
   845.54319289911234        1.9801302401181640E-005   165051474.81268668             2255
   845.91823977997240        1.9780203392724358E-005   165052352.77352953             2256
   846.29328666083256        1.9759005697518986E-005   165053229.94537416             2257
   846.66833354169273        1.9737975534671152E-005   165054106.32339802             2258
   847.04338042255279        1.9716846539357594E-005   165054981.91458663             2259
   847.41842730341284        1.9695884931131029E-005   165055856.71411151             2260
   847.79347418427301        1.9674824345480120E-005   165056730.72895613             2261
   848.16852106513318        1.9653931002402361E-005   165057603.95428610             2262
   848.54356794599323        1.9632938537696004E-005   165058476.39708290             2263
   848.91861482685340        1.9612113171800949E-005   165059348.05250624             2264
   849.29366170771357        1.9591188540822694E-005   165060218.92753562             2265
   849.66870858857362        1.9570430865641255E-005   165061089.01732489             2266
   850.04375546943356        1.9549573782667035E-005   165061958.32885155             2267
   850.41880235029384        1.9528883513217831E-005   165062826.85726357             2268
   850.79384923115401        1.9508093694006638E-005   165063694.60953659             2269
   851.16889611201395        1.9487470546786799E-005   165064561.58081269             2270
   851.54394299287401        1.9466747708571622E-005   165065427.77806556             2271
   851.91898987373418        1.9446191401547630E-005   165066293.19643149             2272
   852.29403675459446        1.9425535263026232E-005   165067157.84288228             2273
   852.66908363545440        1.9405045515624897E-005   165068021.71254835             2274
   853.04413051631445        1.9384455796950888E-005   165068884.81239963             2275
   853.41917739717462        1.9364032330050278E-005   165069747.13756081             2276
   853.79422427803479        1.9343508752823999E-005   165070608.69499987             2277
   854.16927115889484        1.9323151288744581E-005   165071469.47983578             2278
   854.54431803975478        1.9302693576004303E-005   165072329.49903464             2279
   854.91936492061518        1.9282401838499940E-005   165073188.74770966             2280
   855.29441180147523        1.9262009714712958E-005   165074047.23282513             2281
   855.66945868233529        1.9241783428962207E-005   165074904.94948852             2282
   856.04450556319546        1.9221456620016064E-005   165075761.90466222             2283
   856.41955244405563        1.9201295512613299E-005   165076618.09344813             2284
   856.79459932491568        1.9181033745807125E-005   165077473.52280673             2285
   857.16964620577562        1.9160937544753966E-005   165078328.18783423             2286
   857.54469308663579        1.9140740548789683E-005   165079182.09548935             2287
   857.91973996749607        1.9120708983486269E-005   165080035.24086261             2288
   858.29478684835601        1.9100576488460098E-005   165080887.63091096             2289
   858.66983372921607        1.9080609289696594E-005   165081739.26071927             2290
   859.04488061007623        1.9060541027090499E-005   165082590.13724267             2291
   859.41992749093640        1.9040637927038499E-005   165083440.25556046             2292
   859.79497437179646        1.9020633629711712E-005   165084289.62262601             2293
   860.17002125265651        1.9000794361915938E-005   165085138.23351297             2294
   860.54506813351679        1.8980853764096460E-005   165085986.09517297             2295
   860.92011501437685        1.8961078063466231E-005   165086833.20267415             2296
   861.29516189523690        1.8941200900742606E-005   165087679.56296632             2297
   861.67020877609707        1.8921488503543542E-005   165088525.17111209             2298
   862.04525565695724        1.8901674512856465E-005   165089370.03405955             2299
   862.42030253781729        1.8882025156702283E-005   165090214.14686576             2300
   862.79534941867723        1.8862274076336415E-005   165091057.51647708             2301
   863.17039629953740        1.8842687500180659E-005   165091900.13794509             2302
   863.54544318039768        1.8822999069756365E-005   165092742.01821443             2303
   863.92049006125762        1.8803475013884271E-005   165093583.15233117             2304
   864.29553694211768        1.8783848974349629E-005   165094423.54723829             2305
   864.67058382297785        1.8764387180370005E-005   165095263.19797638             2306
   865.04563070383801        1.8744823273992607E-005   165096102.11148673             2307
   865.42067758469807        1.8725423484829860E-005   165096940.28280443             2308
   865.79572446555812        1.8705921455188903E-005   165097777.71886918             2309
   866.17077134641829        1.8686583415075006E-005   165098614.41471061             2310
   866.54581822727846        1.8667143007053257E-005   165099450.37726676             2311
   866.92086510813851        1.8647866461519852E-005   165100285.60156184             2312
   867.29591198899868        1.8628487421295832E-005   165101120.09453225             2313
   867.67095886985885        1.8609272117166322E-005   165101953.85119680             2314
   868.04600575071890        1.8589954192206440E-005   165102786.87849027             2315
   868.42105263157885        1.8570799877588261E-005   165103619.17142612             2316
   868.79609951243901        1.8551542816638978E-005   165104450.73693746             2317
   869.17114639329930        1.8532449240915726E-005   165105281.57003242             2318
   869.54619327415924        1.8513252793995877E-005   165106111.67764252             2319
   869.92124015501929        1.8494219707819713E-005   165106941.05477056             2320
   870.29628703587946        1.8475083626212819E-005   165107769.70834640             2321
   870.67133391673963        1.8456110781496733E-005   165108597.63336757             2322
   871.04638079759968        1.8437034817743418E-005   165109424.83676237             2323
   871.42142767845974        1.8418121967653725E-005   165110251.31352302             2324
   871.79647455931990        1.8399105875544048E-005   165111077.07057622             2325
   872.17152144018007        1.8380252774492733E-005   165111902.10290891             2326
   872.54656832104013        1.8361296309058777E-005   165112726.41744629             2327
   872.92161520190029        1.8342502712696108E-005   165113550.00917003             2328
   873.29666208276046        1.8323605630204465E-005   165114372.88500372             2329
   873.67170896362052        1.8304871295411504E-005   165115195.03992382             2330
   874.04675584448046        1.8286033353355862E-005   165116016.48085240             2331
   874.42180272534063        1.8267358038237106E-005   165116837.20276070             2332
   874.79684960620091        1.8248578995330930E-005   165117657.21256927             2333
   875.17189648706085        1.8229962459206962E-005   165118476.50524411             2334
   875.54694336792090        1.8211242075376142E-005   165119295.08770427             2335
   875.92199024878107        1.8192684078776309E-005   165120112.95491061             2336
   876.29703712964124        1.8174022115151872E-005   165120930.11378068             2337
   876.67208401050129        1.8155522419807160E-005   165121746.55927011             2338
   877.04713089136135        1.8136918638718179E-005   165122562.29829499             2339
   877.42217777222152        1.8118477007553924E-005   165123377.32580584             2340
   877.79722465308168        1.8099931172520260E-005   165124191.64871722             2341
   878.17227153394174        1.8081547369649086E-005   165125005.26197454             2342
   878.54731841480191        1.8063059245374360E-005   165125818.17249089             2343
   878.92236529566208        1.8044733036089045E-005   165126630.37520659             2344
   879.29741217652213        1.8026302388453470E-005   165127441.87703329             2345
   879.67245905738207        1.8008033539219986E-005   165128252.67290619             2346
   880.04750593824235        1.7989660135273454E-005   165129062.76973546             2347
   880.42255281910252        1.7971448413723878E-005   165129872.16245127             2348
   880.79759969996246        1.7953132021678982E-005   165130680.85796237             2349
   881.17264658082252        1.7934977196604666E-005   165131488.85119382             2350
   881.54769346168268        1.7916717585829766E-005   165132296.14905301             2351
   881.92274034254285        1.7898619427174372E-005   165133102.74645993             2352
   882.29778722340291        1.7880416368186790E-005   165133908.65032056             2353
   882.67283410426296        1.7862374647039519E-005   165134713.85554987             2354
   883.04788098512313        1.7844227911498610E-005   165135518.36905244             2355
   883.42292786598330        1.7826242400087360E-005   165136322.18573827             2356
   883.79797474684335        1.7808151760787838E-005   165137125.31251046             2357
   884.17302162770329        1.7790222232472466E-005   165137927.74427414             2358
   884.54806850856369        1.7772187463337641E-005   165138729.48793098             2359
   884.92311538942374        1.7754313692603251E-005   165139530.53838110             2360
   885.29816227028368        1.7736334568678427E-005   165140330.90252486             2361
   885.67320915114396        1.7718516331128747E-005   165141130.57525742             2362
   886.04825603200413        1.7700592628574445E-005   165141929.56347778             2363
   886.42330291286407        1.7682829700925221E-005   165142727.86207616             2364
   886.79834979372413        1.7664961197010740E-005   165143525.47795022             2365
   887.17339667458430        1.7647253357083139E-005   165144322.40598524             2366
   887.54844355544446        1.7629439830179930E-005   165145118.65307757             2367
   887.92349043630452        1.7611786856894066E-005   165145914.21410760             2368
   888.29853731716457        1.7594028086469255E-005   165146709.09597033             2369
   888.67358419802474        1.7576429759837701E-005   165147503.29354131             2370
   889.04863107888491        1.7558725526447647E-005   165148296.81371418             2371
   889.42367795974496        1.7541181627568986E-005   165149089.65135959             2372
   889.79872484060490        1.7523531712852914E-005   165149881.81336996             2373
   890.17377172146530        1.7506042023905323E-005   165150673.29461110             2374
   890.54881860232535        1.7488446210578875E-005   165151464.10197407             2375
   890.92386548318530        1.7471010514813906E-005   165152254.23031986             2376
   891.29891236404558        1.7453468586662884E-005   165153043.68653828             2377
   891.67395924490575        1.7436086668399058E-005   165153832.46548542             2378
   892.04900612576569        1.7418598410273145E-005   165154620.57404992             2379
   892.42405300662574        1.7401270054889754E-005   165155408.00708309             2380
   892.79909988748591        1.7383835252696281E-005   165156194.77147219             2381
   893.17414676834608        1.7366560246627105E-005   165156980.86206380             2382
   893.54919364920613        1.7349178687324844E-005   165157766.28574395             2383
   893.92424053006619        1.7331956818052077E-005   165158551.03735447             2384
   894.29928741092635        1.7314628289645070E-005   165159335.12378007             2385
   894.67433429178652        1.7297459345693122E-005   165160118.53985789             2386
   895.04938117264658        1.7280183637224629E-005   165160901.29247141             2387
   895.42442805350652        1.7263067408154115E-005   165161683.37645304             2388
   895.79947493436691        1.7245844309700528E-005   165162464.79868501             2389
   896.17452181522697        1.7228780586102136E-005   165163245.55399498             2390
   896.54956869608691        1.7211609888766966E-005   165164025.64926407             2391
   896.92461557694719        1.7194598462255482E-005   165164805.07931519             2392
   897.29966245780736        1.7177479958163316E-005   165165583.85102817             2393
   897.67470933866730        1.7160520621371685E-005   165166361.95922136             2394
   898.04975621952735        1.7143454103662325E-005   165167139.41077337             2395
   898.42480310038752        1.7126546650235689E-005   165167916.20049778             2396
   898.79984998124769        1.7109531913058211E-005   165168692.33527213             2397
   899.17489686210774        1.7092676137648103E-005   165169467.80990535             2398
   899.54994374296780        1.7075712976155005E-005   165170242.63127378             2399
   899.92499062382797        1.7058908674413412E-005   165171016.79418167             2400
   900.30003750468813        1.7041996884754736E-005   165171790.30550420             2401
   900.67508438554819        1.7025243853328389E-005   165172563.16004106             2402
   901.05013126640813        1.7008383232646054E-005   165173335.36466625             2403
   901.42517814726841        1.6991681269170564E-005   165174106.91417485             2404
   901.80022502812858        1.6974871615592507E-005   165174877.81543967             2405
   902.17527190898852        1.6958220518686739E-005   165175648.06325126             2406
   902.55031878984880        1.6941461631321273E-005   165176417.66448131             2407
   902.92536567070897        1.6924861200581567E-005   165177186.61391571             2408
   903.30041255156891        1.6908152879511715E-005   165177954.91842508             2409
   903.67545943242897        1.6891602915506333E-005   165178722.57279077             2410
   904.05050631328913        1.6874944961784140E-005   165179489.58388224             2411
   904.42555319414942        1.6858445266047554E-005   165180255.94647631             2412
   904.80060007500936        1.6841837481688552E-005   165181021.66744131             2413
   905.17564695586941        1.6825387856715951E-005   165181786.74154958             2414
   905.55069383672958        1.6808830044693591E-005   165182551.17566833             2415
   905.92574071758975        1.6792430293935314E-005   165183314.96456537             2416
   906.30078759844980        1.6775922258175449E-005   165184078.11510682             2417
   906.67583447930974        1.6759572186031503E-005   165184840.62205607             2418
   907.05088136017002        1.6743113731406914E-005   165185602.49227804             2419
   907.42592824103019        1.6726813143221463E-005   165186363.72053167             2420
   907.80097512189025        1.6710404075546400E-005   165187124.31368086             2421
   908.17602200275041        1.6694152777602425E-005   165187884.26648003             2422
   908.55106888361058        1.6677792903627189E-005   165188643.58579203             2423
   908.92611576447064        1.6661590703141026E-005   165189402.26636687             2424
   909.30116264533058        1.6645279830546664E-005   165190160.31506631             2425
   909.67620952619075        1.6629126535662674E-005   165190917.72663587             2426
   910.05125640705103        1.6612864473055558E-005   165191674.50793636             2427
   910.42630328791097        1.6596759892840819E-005   165192430.65370885             2428
   910.80135016877102        1.6580546449747411E-005   165193186.17081302             2429
   911.17639704963119        1.6564490394186406E-005   165193941.05398566             2430
   911.55144393049136        1.6548325381047953E-005   165194695.31008533             2431
   911.92649081135141        1.6532317661037384E-005   165195448.93384448             2432
   912.30153769221147        1.6516200889204701E-005   165196201.93212062             2433
   912.67658457307164        1.6500241316548207E-005   165196954.29964185             2434
   913.05163145393180        1.6484172598276491E-005   165197706.04326469             2435
   913.42667833479186        1.6468260985679556E-005   165198457.15771279             2436
   913.80172521565203        1.6452240134123230E-005   165199207.64984176             2437
   914.17677209651220        1.6436376295187945E-005   165199957.51437080             2438
   914.55181897737225        1.6420403124395544E-005   165200706.75815457             2439
   914.92686585823219        1.6404586873615556E-005   165201455.37590805             2440
   915.30191273909236        1.6388661198524548E-005   165202203.37448472             2441
   915.67695961995264        1.6372892351279957E-005   165202950.74859533             2442
   916.05200650081258        1.6357013987711810E-005   165203697.50509241             2443
   916.42705338167264        1.6341292360264197E-005   165204443.63868234             2444
   916.80210026253280        1.6325461124919292E-005   165205189.15621674             2445
   917.17714714339297        1.6309786534406587E-005   165205934.05239770             2446
   917.55219402425303        1.6294002244859233E-005   165206678.33407581             2447
   917.92724090511308        1.6278374509290864E-005   165207421.99594894             2448
   918.30228778597325        1.6262636983984335E-005   165208165.04486671             2449
   918.67733466683342        1.6247055922236201E-005   165208907.47552270             2450
   919.05238154769347        1.6231364980477801E-005   165209649.29476559             2451
   919.42742842855341        1.6215830412287409E-005   165210390.49728480             2452
   919.80247530941381        1.6200185874243589E-005   165211131.08992800             2453
   920.17752219027386        1.6184697620205120E-005   165211871.06738031             2454
   920.55256907113380        1.6169099306896687E-005   165212610.43648857             2455
   920.92761595199397        1.6153657188456225E-005   165213349.19193363             2456
   921.30266283285425        1.6138104921753350E-005   165214087.34056142             2457
   921.67770971371419        1.6122708761204074E-005   165214824.87704864             2458
   922.05275659457425        1.6107202363821650E-005   165215561.80824021             2459
   922.42780347543442        1.6091851984298950E-005   165216298.12880868             2460
   922.80285035629458        1.6076391279791719E-005   165217033.84559807             2461
   923.17789723715464        1.6061086505268576E-005   165217768.95327675             2462
   923.55294411801469        1.6045671318026521E-005   165218503.45868781             2463
   923.92799099887486        1.6030411973308665E-005   165219237.35649550             2464
   924.30303787973503        1.6015042128552154E-005   165219970.65354201             2465
   924.67808476059508        1.5999828039273461E-005   165220703.34448740             2466
   925.05313164145502        1.5984503363048696E-005   165221435.43617299             2467
   925.42817852231542        1.5969334355666498E-005   165222166.92325476             2468
   925.80322540317547        1.5954054674840817E-005   165222897.81257305             2469
   926.17827228403542        1.5938930576631289E-005   165223628.09877980             2470
   926.55331916489558        1.5923695718888529E-005   165224357.78871447             2471
   926.92836604575587        1.5908616357942048E-005   165225086.87702486             2472
   927.30341292661581        1.5893426151778032E-005   165225815.37054956             2473
   927.67845980747586        1.5878391356994693E-005   165226543.26393232             2474
   928.05350668833603        1.5863245631712639E-005   165227270.56401086             2475
   928.42855356919620        1.5848255232797653E-005   165227997.26542485             2476
   928.80360045005625        1.5833153818503642E-005   165228723.37501112             2477
   929.17864733091631        1.5818207645962836E-005   165229448.88740528             2478
   929.55369421177647        1.5803150373561331E-005   165230173.80944335             2479
   929.92874109263664        1.5788248258696690E-005   165230898.13575691             2480
   930.30378797349670        1.5773234959886087E-005   165231621.87318110             2481
   930.67883485435664        1.5758376734791299E-005   165232345.01634344             2482
   931.05388173521703        1.5743407242059456E-005   165233067.57207829             2483
   931.42892861607709        1.5728592739615490E-005   165233789.53500918             2484
   931.80397549693703        1.5713666886235386E-005   165234510.91196951             2485
   932.17902237779731        1.5698895940106075E-005   165235231.69757891             2486
   932.55406925865748        1.5684013560131344E-005   165235951.89866996             2487
   932.92911613951742        1.5669286004759089E-005   165236671.50985819             2488
   933.30416302037747        1.5654446933019747E-005   165237390.53797549             2489
   933.67920990123764        1.5639762603621098E-005   165238108.97763339             2490
   934.05425678209781        1.5624966675719189E-005   165238826.83566293             2491
   934.42930366295786        1.5610325408280591E-005   165239544.10667169             2492
   934.80435054381792        1.5595572460585902E-005   165240260.79748988             2493
   935.17939742467809        1.5580974091859406E-005   165240976.90272120             2494
   935.55444430553825        1.5566263961505184E-005   165241692.42919499             2495
   935.92949118639831        1.5551708329004189E-005   165242407.37151101             2496
   936.30453806725825        1.5537040853882943E-005   165243121.73649791             2497
   936.67958494811853        1.5522527795877978E-005   165243835.51875141             2498
   937.05463182897870        1.5507902814637200E-005   165244548.72509944             2499
   937.42967870983864        1.5493432170151742E-005   165245261.35013381             2500
   937.80472559069892        1.5478849522189817E-005   165245973.40068159             2501
   938.17977247155909        1.5464421130996086E-005   165246684.87133080             2502
   938.55481935241903        1.5449880656458071E-005   165247395.76890770             2503
   938.92986623327909        1.5435494359072925E-005   165248106.08799639             2504
   939.30491311413925        1.5420995898846413E-005   165248815.83542240             2505
   939.67995999499942        1.5406651536527191E-005   165249525.00576597             2506
   940.05500687585948        1.5392194932238273E-005   165250233.60585183             2507
   940.43005375671953        1.5377892346978765E-005   165250941.63025638             2508
   940.80510063757970        1.5363477440987877E-005   165251649.08580366             2509
   941.18014751843987        1.5349216475514162E-005   165252355.96706614             2510
   941.55519439929992        1.5334843110912095E-005   165253062.28086707             2511
   941.93024128015986        1.5320623608678625E-005   165253768.02177519             2512
   942.30528816102014        1.5306291629282445E-005   165254473.19661298             2513
   942.68033504188031        1.5292113434467933E-005   165255177.79994538             2514
   943.05538192274025        1.5277822684817035E-005   165255881.83859411             2515
   943.43042880360053        1.5263685642320547E-005   165256585.30712026             2516
   943.80547568446070        1.5249435967672639E-005   165257288.21234486             2517
   944.18052256532064        1.5235339923109585E-005   165257990.54882523             2518
   944.55556944618070        1.5221131169436799E-005   165258692.32338169             2519
   944.93061632704087        1.5207075969134978E-005   165259393.53056774             2520
   945.30566320790103        1.5192907983119860E-005   165260094.17720291             2521
   945.68071008876109        1.5178893474115620E-005   165260794.25783703             2522
   946.05575696962114        1.5164766103147310E-005   165261493.77928898             2523
   946.43080385048131        1.5150792133181600E-005   165262192.73610470             2524
   946.80585073134148        1.5136705225351907E-005   165262891.13510239             2525
   947.18089761220153        1.5122771642866453E-005   165263588.97082430             2526
   947.55594449306147        1.5108725046966064E-005   165264286.25008789             2527
   947.93099137392176        1.5094831701099521E-005   165264982.96743169             2528
   948.30603825478192        1.5080825266614103E-005   165265679.12967247             2529
   948.68108513564187        1.5066972007198245E-005   165266374.73134503             2530
   949.05613201650192        1.5053005584304716E-005   165267069.77926546             2531
   949.43117889736232        1.5039192261860633E-005   165267764.26796490             2532
   949.80622577822226        1.5025265701423344E-005   165268458.20425868             2533
   950.18127265908231        1.5011492167157741E-005   165269151.58267424             2534
   950.55631953994248        1.4997605320724754E-005   165269844.41002631             2535
   950.93136642080265        1.4983871426526110E-005   165270536.68083861             2536
   951.30641330166270        1.4970024146325453E-005   165271228.40192518             2537
   951.68146018252276        1.4956329744760394E-005   165271919.56780609             2538
   952.05650706338292        1.4942521883696337E-005   165272610.18529472             2539
   952.43155394424309        1.4928866828005884E-005   165273300.24890748             2540
   952.80660082510315        1.4915098239655304E-005   165273989.76545706             2541
   953.18164770596309        1.4901482383751250E-005   165274678.72945625             2542
   953.55669458682337        1.4887752922359933E-005   165275367.14771709             2543
   953.93174146768354        1.4874176120821151E-005   165276055.01474875             2544
   954.30678834854348        1.4860485641300196E-005   165276742.33736259             2545
   954.68183522940353        1.4846947749369085E-005   165277429.11006418             2546
   955.05688211026393        1.4833296107291253E-005   165278115.33966422             2547
   955.43192899112387        1.4819796980870078E-005   165278801.02066466             2548
   955.80697587198392        1.4806184032466253E-005   165279486.15987563             2549
   956.18202275284409        1.4792723528113578E-005   165280170.75179541             2550
   956.55706963370437        1.4779149130269139E-005   165280854.80323347             2551
   956.93211651456431        1.4765727105196292E-005   165281538.30868459             2552
   957.30716339542437        1.4752191115447609E-005   165282221.27495763             2553
   957.68221027628454        1.4738807427515133E-005   165282903.69654366             2554
   958.05725715714470        1.4725309704046043E-005   165283585.58025101             2555
   958.43230403800476        1.4711964211760216E-005   165284266.92056718             2556
   958.80735091886470        1.4698504613398529E-005   165284947.72429991             2557
   959.18239779972498        1.4685197175907818E-005   165285627.98593313             2558
   959.55744468058515        1.4671775562121819E-005   165286307.71227393             2559
   959.93249156144520        1.4658506039213477E-005   165286986.89780274             2560
   960.30753844230514        1.4645122270108529E-005   165287665.54932603             2561
   960.68258532316554        1.4631890522205079E-005   165288343.66132075             2562
   961.05763220402559        1.4618544458520088E-005   165289021.24059266             2563
   961.43267908488554        1.4605350346676015E-005   165289698.28161526             2564
   961.80772596574570        1.4592041849780082E-005   165290374.79119375             2565
   962.18277284660599        1.4578885235678302E-005   165291050.76379809             2566
   962.55781972746593        1.4565614167567367E-005   165291726.20623291             2567
   962.93286660832598        1.4552494913515942E-005   165292401.11296463             2568
   963.30791348918615        1.4539261136809324E-005   165293075.49079728             2569
   963.68296037004632        1.4526179105738032E-005   165293749.33419389             2570
   964.05800725090637        1.4512982483675163E-005   165294422.64995787             2571
   964.43305413176643        1.4499937539132235E-005   165295095.43254873             2572
   964.80810101262659        1.4486777935569276E-005   165295767.68876934             2573
   965.18314789348676        1.4473769941717997E-005   165296439.41307577             2574
   965.55819477434682        1.4460647221124582E-005   165297110.61227030             2575
   965.93324165520676        1.4447676042740075E-005   165297781.28080556             2576
   966.30828853606693        1.4434590070195960E-005   165298451.42548326             2577
   966.68333541692721        1.4421655572661845E-005   165299121.04075259             2578
   967.05838229778715        1.4408606213853723E-005   165299790.13341472             2579
   967.43342917864732        1.4395708263158907E-005   165300458.69791538             2580
   967.80847605950760        1.4382695384377084E-005   165301126.74105516             2581
   968.18352294036754        1.4369833847112510E-005   165301794.25727648             2582
   968.55856982122759        1.4356857315247742E-005   165302461.25337932             2583
   968.93361670208776        1.4344032058603136E-005   165303127.72380266             2584
   969.30866358294793        1.4331091741143371E-005   165303793.67534599             2585
   969.68371046380798        1.4318302632904111E-005   165304459.10244489             2586
   970.05875734466804        1.4305398397931354E-005   165305124.01189825             2587
   970.43380422552821        1.4292645306475261E-005   165305788.39813831             2588
   970.80885110638837        1.4279777022662353E-005   165306452.26796347             2589
   971.18389798724843        1.4267059816956558E-005   165307115.61580253             2590
   971.55894486810837        1.4254227353564085E-005   165307778.44845337             2591
   971.93399174896854        1.4241545903161827E-005   165308440.76034147             2592
   972.30903862982882        1.4228749130034971E-005   165309102.55826417             2593
   972.68408551068876        1.4216103305072559E-005   165309763.83664355             2594
   973.05913239154893        1.4203342092637972E-005   165310424.60227647             2595
   973.43417927240921        1.4190731763831661E-005   165311084.84958172             2596
   973.80922615326915        1.4178005983094410E-005   165311744.58535558             2597
   974.18427303412921        1.4165431021737301E-005   165312403.80401346             2598
   974.55931991498937        1.4152740544277771E-005   165313062.51235124             2599
   974.93436679584954        1.4140200822236758E-005   165313720.70478100             2600
   975.30941367670960        1.4127545520207625E-005   165314378.38809803             2601
   975.68446055756965        1.4115040909920401E-005   165315035.55671114             2602
   976.05950743842982        1.4102420656043567E-005   165315692.21741515             2603
   976.43455431928999        1.4089951030515531E-005   165316348.36461556             2604
   976.80960120015004        1.4077365698079169E-005   165317004.00510666             2605
   977.18464808100998        1.4064930930880475E-005   165317659.13329071             2606
   977.55969496187015        1.4052380393735972E-005   165318313.75596148             2607
   977.93474184273043        1.4039980358998509E-005   165318967.86751795             2608
   978.30978872359037        1.4027464491557531E-005   165319621.47475341             2609
   978.68483560445054        1.4015099063971992E-005   165320274.57206360             2610
   979.05988248531082        1.4002617741203501E-005   165320927.16624126             2611
   979.43492936617076        1.3990286796016399E-005   165321579.25167894             2612
   979.80997624703082        1.3977839893443744E-005   165322230.83516890             2613
   980.18502312789099        1.3965543306454502E-005   165322881.91110036             2614
   980.56007000875115        1.3953130700152454E-005   165323532.48626518             2615
   980.93511688961121        1.3940868347710508E-005   165324182.55504939             2616
   981.31016377047126        1.3928489914302393E-005   165324832.12424430             2617
   981.68521065133143        1.3916261673304229E-005   165325481.18823269             2618
   982.06025753219160        1.3903917289959036E-005   165326129.75380549             2619
   982.43530441305165        1.3891723037845402E-005   165326777.81534225             2620
   982.81035129391159        1.3879412582274920E-005   165327425.37963337             2621
   983.18539817477176        1.3867252197027894E-005   165328072.44105524             2622
   983.56044505563204        1.3854975547483820E-005   165328719.00639781             2623
   983.93549193649199        1.3842848907624047E-005   165329365.07003430             2624
   984.31053881735204        1.3830605942895211E-005   165330010.63875416             2625
   984.68558569821244        1.3818512927478994E-005   165330655.70692742             2626
   985.06063257907238        1.3806303526888502E-005   165331300.28134313             2627
   985.43567945993243        1.3794244015505071E-005   165331944.35636815             2628
   985.81072634079260        1.3782068058907512E-005   165332587.93879101             2629
   986.18577322165277        1.3770041931676136E-005   165333231.02297544             2630
   986.56082010251282        1.3757899299454831E-005   165333873.61570957             2631
   986.93586698337288        1.3745906437022149E-005   165334515.71135396             2632
   987.31091386423304        1.3733797010086335E-005   165335157.31669629             2633
   987.68596074509321        1.3721837293623527E-005   165335798.42609397             2634
   988.06100762595327        1.3709760953405675E-005   165336439.04633424             2635
   988.43605450681321        1.3697834264605772E-005   165337079.17177141             2636
   988.81110138767349        1.3685790893058772E-005   165337718.80919224             2637
   989.18614826853366        1.3673897114133896E-005   165338357.95294800             2638
   989.56119514939360        1.3661886593728434E-005   165338996.60982499             2639
   989.93624203025365        1.3650025607407108E-005   165339634.77417129             2640
   990.31128891111405        1.3638047821128873E-005   165340272.45277289             2641
   990.68633579197399        1.3626219510653322E-005   165340909.63997468             2642
   991.06138267283404        1.3614274342000428E-005   165341546.34256229             2643
   991.43642955369421        1.3602478591123913E-005   165342182.55487752             2644
   991.81147643455438        1.3590565924104124E-005   165342818.28370553             2645
   992.18652331541443        1.3578802617088293E-005   165343453.52338511             2646
   992.56157019627449        1.3566922336216458E-005   165344088.28070098             2647
   992.93661707713466        1.3555191357828683E-005   165344722.54998881             2648
   993.31166395799482        1.3543343348124040E-005   165345356.33803296             2649
   993.68671083885488        1.3531644583634806E-005   165345989.63916606             2650
   994.06175771971482        1.3519828730618413E-005   165346622.46017203             2651
   994.43680460057510        1.3508162065798692E-005   165347254.79538044             2652
   994.81185148143527        1.3496378255490793E-005   165347886.65157482             2653
   995.18689836229521        1.3484743576609487E-005   165348518.02308172             2654
   995.56194524315526        1.3472991695526963E-005   165349148.91668421             2655
   995.93699212401566        1.3461388889348259E-005   165349779.32670593             2656
   996.31203900487560        1.3449668824502018E-005   165350409.25992945             2657
   996.68708588573566        1.3438097778282913E-005   165351038.71067542             2658
   997.06213276659582        1.3426409417175336E-005   165351667.68572602             2659
   997.43717964745599        1.3414870018663001E-005   165352296.17939886             2660
   997.81222652831605        1.3403213249285443E-005   165352924.19847581             2661
   998.18727340917610        1.3391705386714747E-005   165353551.73727140             2662
   998.56232029003627        1.3380080097544961E-005   165354178.80256715             2663
   998.93736717089644        1.3368603659635914E-005   165354805.38867459             2664
   999.31241405175649        1.3357009739635581E-005   165355431.50237486             2665
   999.68746093261643        1.3345564615590887E-005   165356057.13797653             2666
   1000.0625078134767        1.3334001954203077E-005   165356682.30226031             2667
   1000.4375546943369        1.3322588033705593E-005   165357306.98953182             2668
   1000.8126015751968        1.3311056520852353E-005   165357931.20657146             2669
   1001.1876484560569        1.3299673694062648E-005   165358554.94768181             2670
   1001.5626953369170        1.3288173220142466E-005   165359178.21964294             2671
   1001.9377422177772        1.3276821377696335E-005   165359801.01675445             2672
   1002.3127890986373        1.3265351833581723E-005   165360423.34579599             2673
   1002.6878359794974        1.3254030866587779E-005   165361045.20106435             2674
   1003.0628828603576        1.3242592143622828E-005   165361666.58933875             2675
   1003.4379297412177        1.3231301943660063E-005   165362287.50491303             2676
   1003.8129766220777        1.3219893933658051E-005   165362907.95456603             2677
   1004.1880235029379        1.3208634392773398E-005   165363527.93258870             2678
   1004.5630703837980        1.3197256988014328E-005   165364147.44575953             2679
   1004.9381172646581        1.3186027998720296E-005   165364766.48836654             2680
   1005.3131641455180        1.3174681091948571E-005   165365385.06718788             2681
   1005.6882110263783        1.3163482547220819E-005   165366003.17650864             2682
   1006.0632579072385        1.3152166031642797E-005   165366620.82310665             2683
   1006.4383047880984        1.3140997824917807E-005   165367238.00126407             2684
   1006.8133516689585        1.3129711594199498E-005   165367854.71775839             2685
   1007.1883985498187        1.3118573619372193E-005   165368470.96686891             2686
   1007.5634454306789        1.3107317567636845E-005   165369086.75537273             2687
   1007.9384923115389        1.3096209719058261E-005   165369702.07754630             2688
   1008.3135391923990        1.3084983740884084E-005   165370316.94016638             2689
   1008.6885860732593        1.3073905913359007E-005   165370931.33750659             2690
   1009.0636329541193        1.3062709903776817E-005   165371545.27634326             2691
   1009.4386798349793        1.3051661992561523E-005   165372158.75094718             2692
   1009.8137267158395        1.3040495847052442E-005   165372771.76809442             2693
   1010.1887735966997        1.3029477747852330E-005   165373384.32205284             2694
   1010.5638204775597        1.3018341362345510E-005   165373996.41959816             2695
   1010.9388673584197        1.3007352971312868E-005   165374608.05499548             2696
   1011.3139142392799        1.2996246242183151E-005   165375219.23502016             2697
   1011.6889611201401        1.2985287455914849E-005   165375829.95393443             2698
   1012.0640080010002        1.2974210279980565E-005   165376440.21851337             2699
   1012.4390548818601        1.2963280995515833E-005   165377050.02301633             2700
   1012.8141017627203        1.2952233270036505E-005   165377659.37421814             2701
   1013.1891486435806        1.2941333384854611E-005   165378268.26637530             2702
   1013.5641955244405        1.2930315007528752E-005   165378876.70626232             2703
   1013.9392424053005        1.2919444419546870E-005   165379484.68813291             2704
   1014.3142892861609        1.2908455288509709E-005   165380092.21876121             2705
   1014.6893361670209        1.2897613896080592E-005   165380699.29239818             2706
   1015.0643830478809        1.2886653909901916E-005   165381305.91581765             2707
   1015.4394299287411        1.2875841611811762E-005   165381912.08326781             2708
   1015.8144768096013        1.2864910669493654E-005   165382517.80152208             2709
   1016.1895236904613        1.2854127364959910E-005   165383123.06482598             2710
   1016.5645705713214        1.2843225365934584E-005   165383727.87995261             2711
   1016.9396174521816        1.2832470954603708E-005   165384332.24114466             2712
   1017.3146643330417        1.2821597798731340E-005   165384936.15517497             2713
   1017.6897112139018        1.2810872180676693E-005   165385539.61628342             2714
   1018.0647580947617        1.2800027768243254E-005   165386142.63124260             2715
   1018.4398049756219        1.2789330843962883E-005   165386745.19428965             2716
   1018.8148518564822        1.2778515075677998E-005   165387347.31219682             2717
   1019.1898987373421        1.2767846746092548E-005   165387948.97919855             2718
   1019.5649456182022        1.2757059523087338E-005   165388550.20206672             2719
   1019.9399924990626        1.2746419689537863E-005   165389150.97503307             2720
   1020.3150393799225        1.2735660913362843E-005   165389751.30486920             2721
   1020.6900862607826        1.2725049477608785E-005   165390351.18580413             2722
   1021.0651331416427        1.2714319050231717E-005   165390950.62460917             2723
   1021.4401800225029        1.2703735914448675E-005   165391549.61551058             2724
   1021.8152269033629        1.2693033738252515E-005   165392148.16527942             2725
   1022.1902737842230        1.2682478805030249E-005   165392746.26813924             2726
   1022.5653206650832        1.2671804782811013E-005   165393343.93086082             2727
   1022.9403675459433        1.2661277955151283E-005   165393941.14766496             2728
   1023.3154144268034        1.2650631990115993E-005   165394537.92532218             2729
   1023.6904613076633        1.2640133171430564E-005   165395134.25805065             2730
   1024.0655081885236        1.2629515167195192E-005   165395730.15262052             2731
   1024.4405550693837        1.2619044261303721E-005   165396325.60324734             2732
   1024.8156019502437        1.2608454121891121E-005   165396920.61670098             2733
   1025.1906488311038        1.2598011033019146E-005   165397515.18719429             2734
   1025.5656957119641        1.2587448662857004E-005   165398109.32149687             2735
   1025.9407425928241        1.2577033295633887E-005   165398703.01381886             2736
   1026.3157894736842        1.2566498599552756E-005   165399296.27092963             2737
   1026.6908363545444        1.2556110859009662E-005   165399889.08703673             2738
   1027.0658832354045        1.2545603742240849E-005   165400481.46890917             2739
   1027.4409301162646        1.2535243533808765E-005   165401073.41075185             2740
   1027.8159769971246        1.2524763901982393E-005   165401664.91933358             2741
   1028.1910238779847        1.2514431131490096E-005   165402255.98885655             2742
   1028.5660707588449        1.2503978890633105E-005   165402846.62608933             2743
   1028.9411176397050        1.2493673464305196E-005   165403436.82523152             2744
   1029.3161645205651        1.2483248520839349E-005   165404026.59305134             2745
   1029.6912114014251        1.2472970345294223E-005   165404615.92374584             2746
   1030.0662582822854        1.2462572606034117E-005   165405204.82408297             2747
   1030.4413051631454        1.2452321588282110E-005   165405793.28825712             2748
   1030.8163520440053        1.2441950960433258E-005   165406381.32303602             2749
   1031.1913989248656        1.2431727007874579E-005   165406968.92261145             2750
   1031.5664458057258        1.2421383399031422E-005   165407556.09375086             2751
   1031.9414926865857        1.2411186419454277E-005   165408142.83064350             2752
   1032.3165395674459        1.2400869737598295E-005   165408729.14005652             2753
   1032.6915864483062        1.2390699639176922E-005   165409315.01617652             2754
   1033.0666333291661        1.2380409792674676E-005   165409900.46577048             2755
   1033.4416802100261        1.2370266483967473E-005   165410485.48302239             2756
   1033.8167270908864        1.2360003381568671E-005   165411070.07469901             2757
   1034.1917739717467        1.2349886771516228E-005   165411654.23498175             2758
   1034.5668208526065        1.2339650322351891E-005   165412237.97063708             2759
   1034.9418677334666        1.2329560320275141E-005   165412821.27584389             2760
   1035.3169146143268        1.2319350433855653E-005   165413404.15736836             2761
   1035.6919614951869        1.2309286949453960E-005   165413986.60938689             2762
   1036.0670083760469        1.2299103535667223E-005   165414568.63866538             2763
   1036.4420552569070        1.2289066479016531E-005   165415150.23937765             2764
   1036.8171021377673        1.2278909448126037E-005   165415731.41828939             2765
   1037.1921490186273        1.2268898729676964E-005   165416312.16957191             2766
   1037.5671958994874        1.2258767992320009E-005   165416892.49999061             2767
   1037.9422427803477        1.2248783522896034E-005   165417472.40371430             2768
   1038.3172896612077        1.2238678990081801E-005   165418051.88750818             2769
   1038.6923365420678        1.2228720680877401E-005   165418630.94553846             2770
   1039.0673834229278        1.2218642263985189E-005   165419209.58457014             2771
   1039.4424303037879        1.2208710026564005E-005   165419787.79876694             2772
   1039.8174771846482        1.2198657637341355E-005   165420365.59489357             2773
   1040.1925240655082        1.2188751383634388E-005   165420942.96711126             2774
   1040.5675709463683        1.2178724934195294E-005   165421519.92218453             2775
   1040.9426178272283        1.2168844576499055E-005   165422096.45427209             2776
   1041.3176647080886        1.2158843979322121E-005   165422672.57013825             2777
   1041.6927115889487        1.2148989430296876E-005   165423248.26393917             2778
   1042.0677584698087        1.2139014598223562E-005   165423823.54243898             2779
   1042.4428053506688        1.2129185770891510E-005   165424398.39979142             2780
   1042.8178522315291        1.2119236617124315E-005   165424972.84276026             2781
   1043.1928991123891        1.2109433424867828E-005   165425546.86549681             2782
   1043.5679459932492        1.2099509862968549E-005   165426120.47476470             2783
   1043.9429928741094        1.2089732219528376E-005   165426693.66471270             2784
   1044.3180397549695        1.2079834163416314E-005   165427266.44210422             2785
   1044.6930866358293        1.2070081982889840E-005   165427838.80108556             2786
   1045.0681335166896        1.2060209346840002E-005   165428410.74841997             2787
   1045.4431803975499        1.2050482543679488E-005   165428982.27825129             2788
   1045.8182272784097        1.2040635242320951E-005   165429553.39734250             2789
   1046.1932741592698        1.2030933731331806E-005   165430124.09983504             2790
   1046.5683210401301        1.2021111679645894E-005   165430694.39249164             2791
   1046.9433679209901        1.2011435375984921E-005   165431264.26945135             2792
   1047.3184148018502        1.2001638489303516E-005   165431833.73747668             2793
   1047.6934616827102        1.1991987308477225E-005   165432402.79070422             2794
   1048.0685085635705        1.1982215502481028E-005   165432971.43589631             2795
   1048.4435554444306        1.1972589360343888E-005   165433539.66718709             2796
   1048.8186023252906        1.1962842551060711E-005   165434107.49133867             2797
   1049.1936492061507        1.1953241363813480E-005   165434674.90248284             2798
   1049.5686960870109        1.1943519467616575E-005   165435241.90738147             2799
   1049.9437429678710        1.1933943151804596E-005   165435808.50016397             2800
   1050.3187898487311        1.1924246085410970E-005   165436374.68759197             2801
   1050.6938367295911        1.1914694557922471E-005   165436940.46379247             2802
   1051.0688836104514        1.1905022238391176E-005   165437505.83552697             2803
   1051.4439304913114        1.1895495416455647E-005   165438070.79692003             2804
   1051.8189773721715        1.1885847761186154E-005   165438635.35473296             2805
   1052.1940242530316        1.1876345562372629E-005   165439199.50308794             2806
   1052.5690711338918        1.1866722489103127E-005   165439763.24874607             2807
   1052.9441180147519        1.1857244831318549E-005   165440326.58582717             2808
   1053.3191648956119        1.1847646258124347E-005   165440889.52109215             2809
   1053.6942117764720        1.1838193059611916E-005   165441452.04865843             2810
   1054.0692586573323        1.1828618904903736E-005   165442014.17528674             2811
   1054.4443055381923        1.1819190084241319E-005   165442575.89509219             2812
   1054.8193524190522        1.1809640266763708E-005   165443137.21483526             2813
   1055.1943992999127        1.1800235742862138E-005   165443698.12862870             2814
   1055.5694461807727        1.1790710181691860E-005   165444258.64323282             2815
   1055.9444930616326        1.1781329873793406E-005   165444818.75275809             2816
   1056.3195399424928        1.1771828488337787E-005   165445378.46396455             2817
   1056.6945868233531        1.1762472316014457E-005   165445937.77096030             2818
   1057.0696337042129        1.1752995026009816E-005   165446496.68050531             2819
   1057.4446805850730        1.1743662909161828E-005   165447055.18670526             2820
   1057.8197274659333        1.1734209634671877E-005   165447613.29631999             2821
   1058.1947743467933        1.1724901493526026E-005   165448171.00345284             2822
   1058.5698212276534        1.1715472154940271E-005   165448728.31486341             2823
   1058.9448681085134        1.1706187910048391E-005   165449285.22465280             2824
   1059.3199149893737        1.1696782428080564E-005   165449841.73958039             2825
   1059.6949618702338        1.1687522000317891E-005   165450397.85374501             2826
   1060.0700087510938        1.1678140296004395E-005   165450953.57390583             2827
   1060.4450556319539        1.1668903606568089E-005   165451508.89415938             2828
   1060.8201025128142        1.1659545601266411E-005   165452063.82126465             2829
   1061.1951493936742        1.1650332571673931E-005   165452618.34931588             2830
   1061.5701962745343        1.1640998187061133E-005   165453172.48507190             2831
   1061.9452431553946        1.1631808739148724E-005   165453726.22262466             2832
   1062.3202900362546        1.1622497897219866E-005   165454279.56873280             2833
   1062.6953369171147        1.1613331953141023E-005   165454832.51748601             2834
   1063.0703837979747        1.1604044576207640E-005   165455385.07564273             2835
   1063.4454306788348        1.1594902058431563E-005   165455937.23729038             2836
   1063.8204775596951        1.1585638069120135E-005   165456489.00918731             2837
   1064.1955244405551        1.1576518900430212E-005   165457040.38541856             2838
   1064.5705713214152        1.1567278221680670E-005   165457591.37274235             2839
   1064.9456182022752        1.1558182325172958E-005   165458141.96524152             2840
   1065.3206650831355        1.1548964880237158E-005   165458692.16967407             2841
   1065.6957119639956        1.1539892179318946E-005   165459241.98012057             2842
   1066.0707588448554        1.1530697891759161E-005   165459791.40333888             2843
   1066.4458057257157        1.1521648310147378E-005   165460340.43340737             2844
   1066.8208526065760        1.1512477103834847E-005   165460889.07708365             2845
   1067.1958994874358        1.1503450565554637E-005   165461437.32844394             2846
   1067.5709463682961        1.1494302364668062E-005   165461985.19424564             2847
   1067.9459932491563        1.1485298794051276E-005   165462532.66856271             2848
   1068.3210401300162        1.1476173523075344E-005   165463079.75815246             2849
   1068.6960870108762        1.1467192844759122E-005   165463626.45708656             2850
   1069.0711338917365        1.1458090428483001E-005   165464172.77212220             2851
   1069.4461807725966        1.1449132567408252E-005   165464718.69732890             2852
   1069.8212276534566        1.1440052930924213E-005   165465264.23946357             2853
   1070.1962745343167        1.1431117812334191E-005   165465809.39259356             2854
   1070.5713214151770        1.1422060881036100E-005   165466354.16347566             2855
   1070.9463682960370        1.1413148430474953E-005   165466898.54617500             2856
   1071.3214151768971        1.1404114130056866E-005   165467442.54744819             2857
   1071.6964620577571        1.1395224273368184E-005   165467986.16135821             2858
   1072.0715089386174        1.1386212529822870E-005   165468529.39466152             2859
   1072.4465558194775        1.1377345193148252E-005   165469072.24141884             2860
   1072.8216027003375        1.1368355932765829E-005   165469614.70838654             2861
   1073.1966495811978        1.1359511042543516E-005   165470156.78962317             2862
   1073.5716964620578        1.1350544191909972E-005   165470698.49188492             2863
   1073.9467433429179        1.1341721674873380E-005   165471239.80922818             2864
   1074.3217902237780        1.1332777160869215E-005   165471780.74840894             2865
   1074.6968371046380        1.1323976944045523E-005   165472321.30348152             2866
   1075.0718839854983        1.1315054693844300E-005   165472861.48120171             2867
   1075.4469308663583        1.1306276704553113E-005   165473401.27562165             2868
   1075.8219777472184        1.1297376645620106E-005   165473940.69349700             2869
   1076.1970246280785        1.1288620811471992E-005   165474479.72887778             2870
   1076.5720715089387        1.1279742871562742E-005   165475018.38851950             2871
   1076.9471183897988        1.1271009120457923E-005   165475556.66646996             2872
   1077.3221652706586        1.1262153227616930E-005   165476094.56948456             2873
   1077.6972121515189        1.1253441487743838E-005   165476632.09160903             2874
   1078.0722590323792        1.1244607570303146E-005   165477169.23959860             2875
   1078.4473059132390        1.1235917770137089E-005   165477706.00749683             2876
   1078.8223527940993        1.1227105756714937E-005   165478242.40205881             2877
   1079.1973996749596        1.1218437825016733E-005   165478778.41732600             2878
   1079.5724465558194        1.1209647644516194E-005   165479314.06005335             2879
   1079.9474934366795        1.1201001510330823E-005   165479849.32428017             2880
   1080.3225403175397        1.1192233091938445E-005   165480384.21676132             2881
   1080.6975871983998        1.1183608684593684E-005   165480918.73153397             2882
   1081.0726340792598        1.1174861957778155E-005   165481452.87535286             2883
   1081.4476809601199        1.1166259206883292E-005   165481986.64225304             2884
   1081.8227278409802        1.1157534101394115E-005   165482520.03898907             2885
   1082.1977747218402        1.1148952936838572E-005   165483053.05959401             2886
   1082.5728216027003        1.1140249382704769E-005   165483585.71082219             2887
   1082.9478684835603        1.1131689734656780E-005   165484117.98670465             2888
   1083.3229153644206        1.1123007662185497E-005   165484649.89399552             2889
   1083.6979622452807        1.1114469461090820E-005   165485181.42672378             2890
   1084.0730091261407        1.1105808800866067E-005   165485712.59164345             2891
   1084.4480560070008        1.1097291977446653E-005   165486243.38278142             2892
   1084.8231028878611        1.1088652660327985E-005   165486773.80689159             2893
   1085.1981497687211        1.1080157145580674E-005   165487303.85799873             2894
   1085.5731966495812        1.1071539102701915E-005   165487833.54285666             2895
   1085.9482435304412        1.1063064827897149E-005   165488362.85548806             2896
   1086.3232904113015        1.1054467990665063E-005   165488891.80264661             2897
   1086.6983372921616        1.1046014887345624E-005   165489420.37835300             2898
   1087.0733841730216        1.1037439187438651E-005   165489948.58936074             2899
   1087.4484310538817        1.1029007187418337E-005   165490476.42968842             2900
   1087.8234779347420        1.1020452556785338E-005   165491003.90608951             2901
   1088.1985248156020        1.1012041592147724E-005   165491531.01258051             2902
   1088.5735716964618        1.1003507963006657E-005   165492057.75591475             2903
   1088.9486185773221        1.0995117966103791E-005   165492584.13010672             2904
   1089.3236654581824        1.0986605270940496E-005   165493110.14190960             2905
   1089.6987123390425        1.0978236174391686E-005   165493635.78533590             2906
   1090.0737592199023        1.0969744345958611E-005   165494161.06713864             2907
   1090.4488061007628        1.0961396082649134E-005   165494685.98132828             2908
   1090.8238529816228        1.0952925053964105E-005   165495210.53465772             2909
   1091.1988998624827        1.0944597557044001E-005   165495734.72113547             2910
   1091.5739467433430        1.0936147261388925E-005   165496258.54751426             2911
   1091.9489936242032        1.0927840464271704E-005   165496782.00780058             2912
   1092.3240405050631        1.0919410835191416E-005   165497305.10874704             2913
   1092.6990873859231        1.0911124671552874E-005   165497827.84435818             2914
   1093.0741342667834        1.0902715642853828E-005   165498350.22138643             2915
   1093.4491811476435        1.0894450046630787E-005   165498872.23383433             2916
   1093.8242280285035        1.0886061552379888E-005   165499393.88845423             2917
   1094.1992749093636        1.0877816457769009E-005   165499915.17924666             2918
   1094.5743217902238        1.0869448432292361E-005   165500436.11296386             2919
   1094.9493686710839        1.0861223773748907E-005   165500956.68360436             2920
   1095.3244155519440        1.0852876151630648E-005   165501476.89792028             2921
   1095.6994624328040        1.0844671863867306E-005   165501996.74990821             2922
   1096.0745093136641        1.0836344579948350E-005   165502516.24632010             2923
   1096.4495561945243        1.0828160597933998E-005   165503035.38115057             2924
   1096.8246030753844        1.0819853587310878E-005   165503554.16115153             2925
   1097.1996499562445        1.0811689846269406E-005   165504072.58031556             2926
   1097.5746968371047        1.0803403044293071E-005   165504590.64539447             2927
   1097.9497437179648        1.0795259479702198E-005   165505108.35037890             2928
   1098.3247905988248        1.0786992821976855E-005   165505625.70202053             2929
   1098.6998374796849        1.0778869369566934E-005   165506142.69430804             2930
   1099.0748843605452        1.0770622791948836E-005   165506659.33399305             2931
   1099.4499312414052        1.0762519387701713E-005   165507175.61506224             2932
   1099.8249781222653        1.0754292826297988E-005   165507691.54426709             2933
   1100.2000250031253        1.0746209406445805E-005   165508207.11559242             2934
   1100.5750718839856        1.0738002797613301E-005   165508722.33578953             2935
   1100.9501187648457        1.0729939298637358E-005   165509237.19884139             2936
   1101.3251656457055        1.0721752578981519E-005   165509751.71149909             2937
   1101.7002125265658        1.0713708937611080E-005   165510265.86774370             2938
   1102.0752594074261        1.0705542043984745E-005   165510779.67432624             2939
   1102.4503062882859        1.0697518197195948E-005   165511293.12522587             2940
   1102.8253531691462        1.0689371066698231E-005   165511806.22719344             2941
   1103.2004000500065        1.0681366951712897E-005   165512318.97420624             2942
   1103.5754469308663        1.0673239521688039E-005   165512831.37301499             2943
   1103.9504938117263        1.0665255075972536E-005   165513343.41759503             2944
   1104.3255406925866        1.0657147284008763E-005   165513855.11469707             2945
   1104.7005875734467        1.0649182445272907E-005   165514366.45829451             2946
   1105.0756344543067        1.0641094229201356E-005   165514877.45513794             2947
   1105.4506813351668        1.0633148935397287E-005   165515388.09919882             2948
   1105.8257282160271        1.0625080233290808E-005   165515898.39722770             2949
   1106.2007750968871        1.0617154422611832E-005   165516408.34319419             2950
   1106.5758219777472        1.0609105172783920E-005   165516917.94384861             2951
   1106.9508688586072        1.0601198783663437E-005   165517427.19315875             2952
   1107.3259157394673        1.0593168924667105E-005   165517936.09787488             2953
   1107.7009626203276        1.0585281895777472E-005   165518444.65196282             2954
   1108.0760095011876        1.0577271366404169E-005   165518952.86217278             2955
   1108.4510563820477        1.0569403636655631E-005   165519460.72246873             2956
   1108.8261032629080        1.0561412375934116E-005   165519968.23960072             2957
   1109.2011501437680        1.0553563884473683E-005   165520475.40753093             2958
   1109.5761970246281        1.0545591831668954E-005   165520982.23300922             2959
   1109.9512439054881        1.0537762517879329E-005   165521488.70999599             2960
   1110.3262907863484        1.0529809612491520E-005   165521994.84524095             2961
   1110.7013376672085        1.0521999415990014E-005   165522500.63270265             2962
   1111.0763845480685        1.0514065597753337E-005   165523006.07913074             2963
   1111.4514314289286        1.0506274458390780E-005   165523511.17848188             2964
   1111.8264783097889        1.0498359667272438E-005   165524015.93750566             2965
   1112.2015251906489        1.0490587525132138E-005   165524520.35015684             2966
   1112.5765720715087        1.0482691701331257E-005   165525024.42318496             2967
   1112.9516189523690        1.0474938496727895E-005   165525528.15054291             2968
   1113.3266658332293        1.0467061580674448E-005   165526031.53898019             2969
   1113.7017127140891        1.0459327254153055E-005   165526534.58244783             2970
   1114.0767595949492        1.0451469186506850E-005   165527037.28769517             2971
   1114.4518064758097        1.0443753678841712E-005   165527539.64867154             2972
   1114.8268533566695        1.0435914400491300E-005   165528041.67212605             2973
   1115.2019002375296        1.0428217652684966E-005   165528543.35200629             2974
   1115.5769471183899        1.0420397104746593E-005   165529044.69506130             2975
   1115.9519939992499        1.0412719058028765E-005   165529545.69523677             2976
   1116.3270408801100        1.0404917181845357E-005   165530046.35928172             2977
   1116.7020877609700        1.0397257777671911E-005   165530546.68114004             2978
   1117.0771346418303        1.0389474514812009E-005   165531046.66756061             2979
   1117.4521815226904        1.0381833694863917E-005   165531546.31248552             2980
   1117.8272284035504        1.0374068987120681E-005   165532045.62266356             2981
   1118.2022752844105        1.0366446693303019E-005   165532544.59203503             2982
   1118.5773221652707        1.0358700482693173E-005   165533043.22734866             2983
   1118.9523690461308        1.0351096657134068E-005   165533541.52254292             2984
   1119.3274159269909        1.0343368885896908E-005   165534039.48436648             2985
   1119.7024628078509        1.0335783470946563E-005   165534537.10675603             2986
   1120.0775096887112        1.0328074081542924E-005   165535034.39646006             2987
   1120.4525565695712        1.0320507019772568E-005   165535531.34741360             2988
   1120.8276034504313        1.0312815954883845E-005   165536027.96636498             2989
   1121.2026503312914        1.0305267189084739E-005   165536524.24724749             2990
   1121.5776972121516        1.0297594391611839E-005   165537020.19680938             2991
   1121.9527440930117        1.0290063864794299E-005   165537515.80898213             2992
   1122.3277909738717        1.0282409277856673E-005   165538011.09051391             2993
   1122.7028378547318        1.0274896933249049E-005   165538506.03533450             2994
   1123.0778847355921        1.0267260500183700E-005   165539000.65019190             2995
   1123.4529316164521        1.0259766281231405E-005   165539494.92901415             2996
   1123.8279784973120        1.0252147945591905E-005   165539988.87854919             2997
   1124.2030253781722        1.0244671795956396E-005   165540482.49272335             2998
   1124.5780722590325        1.0237071501511870E-005   165540975.77828440             2999
   1124.9531191398924        1.0229613365069716E-005   165541468.72915697             3000
   1125.3281660207524        1.0222031055803926E-005   165541961.35208875             3001
   1125.7032129016129        1.0214590876645795E-005   165542453.64100260             3002
   1126.0782597824727        1.0207026496756109E-005   165542945.60264617             3003
   1126.4533066633328        1.0199604219185841E-005   165543437.23094052             3004
   1126.8283535441931        1.0192057713082289E-005   165543928.53263327             3005
   1127.2034004250531        1.0184653281615889E-005   165544419.50164378             3006
   1127.5784473059132        1.0177124593920214E-005   165544910.14471951             3007
   1127.9534941867732        1.0169737953284934E-005   165545400.45577812             3008
   1128.3285410676335        1.0162227028829632E-005   165545890.44156703             3009
   1128.7035879484936        1.0154858123962962E-005   165546380.09600213             3010
   1129.0786348293536        1.0147364907790324E-005   165546869.42583075             3011
   1129.4536817102137        1.0140013683839109E-005   165547358.42496717             3012
   1129.8287285910740        1.0132538121200271E-005   165547847.10015854             3013
   1130.2037754719340        1.0125204523519718E-005   165548335.44531748             3014
   1130.5788223527941        1.0117746559873730E-005   165548823.46719101             3015
   1130.9538692336541        1.0110430534026493E-005   165549311.15969005             3016
   1131.3289161145142        1.0102990115039377E-005   165549798.52956161             3017
   1131.7039629953745        1.0095691606794602E-005   165550285.57071489             3018
   1132.0790098762345        1.0088268678338423E-005   165550772.28989676             3019
   1132.4540567570946        1.0080987633670850E-005   165551258.68101481             3020
   1132.8291036379549        1.0073582141822781E-005   165551744.75081581             3021
   1133.2041505188149        1.0066318506911805E-005   165552230.49320564             3022
   1133.5791973996750        1.0058930397953217E-005   165552715.91493097             3023
   1133.9542442805350        1.0051684119181956E-005   165553201.00989607             3024
   1134.3292911613953        1.0044313339597486E-005   165553685.78484753             3025
   1134.7043380422554        1.0037084363551888E-005   165554170.23368788             3026
   1135.0793849231152        1.0029730860028564E-005   165554654.36316362             3027
   1135.4544318039755        1.0022519133496475E-005   165555138.16717571             3028
   1135.8294786848357        1.0015182852922755E-005   165555621.65247053             3029
   1136.2045255656956        1.0007988322893044E-005   165556104.81294733             3030
   1136.5795724465556        1.0000669212357961E-005   165556587.65535247             3031
   1136.9546193274159        9.9934918260195833E-006   165557070.17358357             3032
   1137.3296662082762        9.9861898328118190E-006   165557552.37438685             3033
   1137.7047130891360        9.9790295375529511E-006   165558034.25165823             3034
   1138.0797599699963        9.9717446091599445E-006   165558515.81214398             3035
   1138.4548068508566        9.9646013525670751E-006   165558997.04973835             3036
   1138.8298537317164        9.9573334366741519E-006   165559477.97118741             3037
   1139.2049006125765        9.9502071665312167E-006   165559958.57038391             3038
   1139.5799474934367        9.9429562110206752E-006   165560438.85407379             3039
   1139.9549943742968        9.9358468753081367E-006   165560918.81614819             3040
   1140.3300412551569        9.9286128282584040E-006   165561398.46335295             3041
   1140.7050881360169        9.9215203751524080E-006   165561877.78957754             3042
   1141.0801350168772        9.9143031848371352E-006   165562356.80156782             3043
   1141.4551818977372        9.9072275627086214E-006   165562835.49321160             3044
   1141.8302287785973        9.9000271775958418E-006   165563313.87125456             3045
   1142.2052756594574        9.8929683350096901E-006   165563791.92958304             3046
   1142.5803225403174        9.8857847037609011E-006   165564269.67494264             3047
   1142.9553694211777        9.8787425894750603E-006   165564747.10121799             3048
   1143.3304163020377        9.8715756609444374E-006   165565224.21515465             3049
   1143.7054631828978        9.8645502239090501E-006   165565701.01063567             3050
   1144.0805100637581        9.8573999471425232E-006   165566177.49440652             3051
   1144.4555569446181        9.8503911364991055E-006   165566653.66034865             3052
   1144.8306038254782        9.8432574607335412E-006   165567129.51520744             3053
   1145.2056507063382        9.8362652258141000E-006   165567605.05286279             3054
   1145.5806975871985        9.8291481004764408E-006   165568080.28005993             3055
   1145.9557444680586        9.8221723908026575E-006   165568555.19067723             3056
   1146.3307913489186        9.8150717655090865E-006   165569029.79145986             3057
   1146.7058382297787        9.8081125307914241E-006   165569504.07628453             3058
   1147.0808851106390        9.8010283553465215E-006   165569978.05189639             3059
   1147.4559319914990        9.7940855454834503E-006   165570451.71217060             3060
   1147.8309788723589        9.7870177698793566E-006   165570925.06385216             3061
   1148.2060257532191        9.7800913349564822E-006   165571398.10081470             3062
   1148.5810726340794        9.7730399093720576E-006   165571870.82980311             3063
   1148.9561195149392        9.7661297996613072E-006   165572343.24468952             3064
   1149.3311663957993        9.7590946744613291E-006   165572815.35221869             3065
   1149.7062132766598        9.7522008404201132E-006   165573287.14626122             3066
   1150.0812601575196        9.7451819661544356E-006   165573758.63356176             3067
   1150.4563070383797        9.7383043584248518E-006   165574229.80798936             3068
   1150.8313539192400        9.7313016858275889E-006   165574700.67628860             3069
   1151.2064008001000        9.7244402552355646E-006   165575171.23232701             3070
   1151.5814476809601        9.7174537352242928E-006   165575641.48284912             3071
   1151.9564945618201        9.7106084327788332E-006   165576111.42172080             3072
   1152.3315414426804        9.7036380164537458E-006   165576581.05568653             3073
   1152.7065883235405        9.6968087933460630E-006   165577050.37861076             3074
   1153.0816352044005        9.6898544319892199E-006   165577519.39723781             3075
   1153.4566820852606        9.6830412395919723E-006   165577988.10543054             3076
   1153.8317289661206        9.6761028846664221E-006   165578456.50993326             3077
   1154.2067758469809        9.6693056745328862E-006   165578924.60460734             3078
   1154.5818227278410        9.6623832776819465E-006   165579392.39619696             3079
   1154.9568696087010        9.6556020015452591E-006   165579859.87856194             3080
   1155.3319164895613        9.6486955145916678E-006   165580327.05844644             3081
   1155.7069633704214        9.6419301243640018E-006   165580793.92970875             3082
   1156.0820102512814        9.6350394993091665E-006   165581260.49909291             3083
   1156.4570571321415        9.6282899470809372E-006   165581726.76045579             3084
   1156.8321040130018        9.6214151361041204E-006   165582192.72054127             3085
   1157.2071508938618        9.6146813741432443E-006   165582658.37320471             3086
   1157.5821977747219        9.6078223296007960E-006   165583123.72518995             3087
   1157.9572446555819        9.6011043103518567E-006   165583588.77035087             3088
   1158.3322915364422        9.5942609847764197E-006   165584053.51543123             3089
   1158.7073384173023        9.5875586608599416E-006   165584517.95428336             3090
   1159.0823852981621        9.5807310069597134E-006   165584982.09365091             3091
   1159.4574321790224        9.5740443311713668E-006   165585445.92738482             3092
   1159.8324790598826        9.5672323018293010E-006   165585909.46222866             3093
   1160.2075259407425        9.5605612271391434E-006   165586372.69203180             3094
   1160.5825728216025        9.5537647754121947E-006   165586835.62353778             3095
   1160.9576197024630        9.5471092549638730E-006   165587298.25059453             3096
   1161.3326665833229        9.5403283340822330E-006   165587760.57994545             3097
   1161.7077134641829        9.5336883211922834E-006   165588222.60543701             3098
   1162.0827603450432        9.5269228845586112E-006   165588684.33381253             3099
   1162.4578072259033        9.5202983327156518E-006   165589145.75891703             3100
   1162.8328541067633        9.5135483339043495E-006   165589606.88749376             3101
   1163.2079009876234        9.5069391967683562E-006   165590067.71338627             3102
   1163.5829478684836        9.5002045895247841E-006   165590528.24333766             3103
   1163.9579947493437        9.4936108209263304E-006   165590988.47119012             3104
   1164.3330416302038        9.4868915591660940E-006   165591448.40368664             3105
   1164.7080885110638        9.4803131131056158E-006   165591908.03466794             3106
   1165.0831353919241        9.4736091509137916E-006   165592367.37087697             3107
   1165.4581822727841        9.4670459815608366E-006   165592826.40615293             3108
   1165.8332291536442        9.4603572731912672E-006   165593285.14723870             3109
   1166.2082760345043        9.4538093348837647E-006   165593743.58797213             3110
   1166.5833229153643        9.4471358347582816E-006   165594201.73509598             3111
   1166.9583697962246        9.4406030820017989E-006   165594659.58244660             3112
   1167.3334166770846        9.4339447447095291E-006   165595117.13676670             3113
   1167.7084635579447        9.4274271321765584E-006   165595574.39189127             3114
   1168.0835104388050        9.4207839124731693E-006   165596031.35456285             3115
   1168.4585573196650        9.4142813950023990E-006   165596488.01861501             3116
   1168.8336042005251        9.4076532478094070E-006   165596944.39079025             3117
   1169.2086510813851        9.4011657804049714E-006   165597400.46492070             3118
   1169.5836979622454        9.3945526608089898E-006   165597856.24774879             3119
   1169.9587448431055        9.3880801986397863E-006   165598311.73310524             3120
   1170.3337917239653        9.3814820618918172E-006   165598766.92773238             3121
   1170.7088386048256        9.3750245602907764E-006   165599221.82545951             3122
   1171.0838854856859        9.3684413618054940E-006   165599676.43302888             3123
   1171.4589323665457        9.3619987762688797E-006   165600130.74426842             3124
   1171.8339792474058        9.3554304716239409E-006   165600584.76592028             3125
   1172.2090261282660        9.3490027578106117E-006   165601038.49181098             3126
   1172.5840730091261        9.3424493027459243E-006   165601491.92868257             3127
   1172.9591198899861        9.3360364164766746E-006   165601945.07036018             3128
   1173.3341667708464        9.3294977668937078E-006   165602397.92358583             3129
   1173.7092136517065        9.3230996641505120E-006   165602850.48218325             3130
   1174.0842605325665        9.3165757761116119E-006   165603302.75289431             3131
   1174.4593074134266        9.3101924130369761E-006   165603754.72954142             3132
   1174.8343542942869        9.3036832427646221E-006   165604206.41886631             3133
   1175.2094011751469        9.2973145756608669E-006   165604657.81469002             3134
   1175.5844480560070        9.2908200795370500E-006   165605108.92375427             3135
   1175.9594949368670        9.2844660648656231E-006   165605559.73987871             3136
   1176.3345418177273        9.2779861994310800E-006   165606010.26980487             3137
   1176.7095886985874        9.2716467938118719E-006   165606460.50735110             3138
   1177.0846355794474        9.2651815157654736E-006   165606910.45925888             3139
   1177.4596824603075        9.2588566759761327E-006   165607360.11934516             3140
   1177.8347293411675        9.2524059421741393E-006   165607809.49435133             3141
   1178.2097762220278        9.2460956251493963E-006   165608258.57809296             3142
   1178.5848231028879        9.2396593926048399E-006   165608707.37731141             3143
   1178.9598699837479        9.2333635554358201E-006   165609155.88582087             3144
   1179.3349168646082        9.2269417813177597E-006   165609604.11036259             3145
   1179.7099637454683        9.2206603812513204E-006   165610052.04474947             3146
   1180.0850106263283        9.2142530228842508E-006   165610499.69572264             3147
   1180.4600575071884        9.2079860173223106E-006   165610947.05709359             3148
   1180.8351043880486        9.2015930321854098E-006   165611394.13560346             3149
   1181.2101512689087        9.1953403786842845E-006   165611840.92506242             3150
   1181.5851981497685        9.1889617244108195E-006   165612287.43221140             3151
   1181.9602450306288        9.1827233806805307E-006   165612733.65085930             3152
   1182.3352919114891        9.1763590150571442E-006   165613179.58774701             3153
   1182.7103387923489        9.1701349389608132E-006   165613625.23668206             3154
   1183.0853856732090        9.1637848199269153E-006   165614070.60440525             3155
   1183.4604325540693        9.1575749694800512E-006   165614515.68472278             3156
   1183.8354794349293        9.1512390551271147E-006   165614960.48437539             3157
   1184.2105263157894        9.1450433884970050E-006   165615404.99716792             3158
   1184.5855731966494        9.1387216370679539E-006   165615849.22984102             3159
   1184.9606200775097        9.1325401125729763E-006   165616293.17619827             3160
   1185.3356669583698        9.1262324824614998E-006   165616736.84298021             3161
   1185.7107138392298        9.1200650585705193E-006   165617180.22398910             3162
   1186.0857607200901        9.1137715083204549E-006   165617623.32596534             3163
   1186.4608076009501        9.1076181436521257E-006   165618066.14270997             3164
   1186.8358544818102        9.1013386319568191E-006   165618508.68096331             3165
   1187.2109013626703        9.0951992852789885E-006   165618950.93452501             3166
   1187.5859482435305        9.0889337709806293E-006   165619392.91013533             3167
   1187.9609951243906        9.0828084012096804E-006   165619834.60159269             3168
   1188.3360420052506        9.0765568432986976E-006   165620276.01563719             3169
   1188.7110888861107        9.0704454094989307E-006   165620717.14606598             3170
   1189.0861357669708        9.0642077671133198E-006   165621157.99961907             3171
   1189.4611826478310        9.0581102284962834E-006   165621598.57009235             3172
   1189.8362295286911        9.0518864609210205E-006   165622038.86422572             3173
   1190.2112764095511        9.0458027768449405E-006   165622478.87581375             3174
   1190.5863232904114        9.0395928435113150E-006   165622918.61159629             3175
   1190.9613701712715        9.0335229734804322E-006   165623358.06536666             3176
   1191.3364170521315        9.0273268339654771E-006   165623797.24386457             3177
   1191.7114639329916        9.0212707376294289E-006   165624236.14088207             3178
   1192.0865108138519        9.0150883516552436E-006   165624674.76315883             3179
   1192.4615576947119        9.0090459888084523E-006   165625113.10448557             3180
   1192.8366045755720        9.0028773162416196E-006   165625551.17160189             3181
   1193.2116514564320        8.9968486468226575E-006   165625988.95829728             3182
   1193.5866983372923        8.9906936476736153E-006   165626426.47131121             3183
   1193.9617452181524        8.9846786317646300E-006   165626863.70443195             3184
   1194.3367920990122        8.9785372661870579E-006   165627300.66439882             3185
   1194.7118389798725        8.9725358640131355E-006   165627737.34499887             3186
   1195.0868858607328        8.9664080923033635E-006   165628173.75297132             3187
   1195.4619327415926        8.9604202642319155E-006   165628609.88210201             3188
   1195.8369796224526        8.9543060468283195E-006   165629045.73913005             3189
   1196.2120265033129        8.9483317533684981E-006   165629481.31783998             3190
   1196.5870733841730        8.9422310508508678E-006   165629916.62497088             3191
   1196.9621202650330        8.9362702526529679E-006   165630351.65430602             3192
   1197.3371671458933        8.9301830257419308E-006   165630786.41258439             3193
   1197.7122140267534        8.9242356835967771E-006   165631220.89358807             3194
   1198.0872609076134        8.9181618931532039E-006   165631655.10405588             3195
   1198.4623077884735        8.9122279679915625E-006   165632089.03776869             3196
   1198.8373546693338        8.9061675750159642E-006   165632522.70146531             3197
   1199.2124015501938        8.9002470279079384E-006   165632956.08892527             3198
   1199.5874484310539        8.8941999935398799E-006   165633389.20688733             3199
   1199.9624953119139        8.8882927856943575E-006   165633822.04912984             3200
   1200.3375421927740        8.8822590712118784E-006   165634254.62239140             3201
   1200.7125890736343        8.8763651639758846E-006   165634686.92044920             3202
   1201.0876359544943        8.8703447307949047E-006   165635118.95004171             3203
   1201.4626828353544        8.8644640856531061E-006   165635550.70494488             3204
   1201.8377297162144        8.8584568953268251E-006   165635982.19189715             3205
   1202.2127765970747        8.8525894739008449E-006   165636413.40467325             3206
   1202.5878234779348        8.8465954881192096E-006   165636844.35001147             3207
   1202.9628703587948        8.8407412521671383E-006   165637275.02168536             3208
   1203.3379172396551        8.8347604327562286E-006   165637705.42643315             3209
   1203.7129641205152        8.8289193441720054E-006   165638135.55802721             3210
   1204.0880110013752        8.8229516530934793E-006   165638565.42320561             3211
   1204.4630578822353        8.8171236739063181E-006   165638995.01573950             3212
   1204.8381047630955        8.8111690732568250E-006   165639424.34236693             3213
   1205.2131516439556        8.8053541656306771E-006   165639853.39685786             3214
   1205.5881985248154        8.7994126176413059E-006   165640282.18595019             3215
   1205.9632454056757        8.7936107438742537E-006   165640710.70341271             3216
   1206.3382922865360        8.7876822109099482E-006   165641138.95598325             3217
   1206.7133391673958        8.7818933334336766E-006   165641566.93742943             3218
   1207.0883860482559        8.7759777779927087E-006   165641994.65448892             3219
   1207.4634329291162        8.7702018593719224E-006   165642422.10092819             3220
   1207.8384798099762        8.7642992440853025E-006   165642849.28348485             3221
   1208.2135266908363        8.7585362470171820E-006   165643276.19592413             3222
   1208.5885735716965        8.7526465346481118E-006   165643702.84498361             3223
   1208.9636204525566        8.7468964219617294E-006   165644129.22442734             3224
   1209.3386673334167        8.7410195754050378E-006   165644555.34099272             3225
   1209.7137142142767        8.7352823100608505E-006   165644981.18844274             3226
   1210.0887610951370        8.7294182923424551E-006   165645406.77351469             3227
   1210.4638079759970        8.7236938374317018E-006   165645832.08997032             3228
   1210.8388548568571        8.7178426117080631E-006   165646257.14454687             3229
   1211.2139017377172        8.7121309304522700E-006   165646681.93100500             3230
   1211.5889486185772        8.7062924600098291E-006   165647106.45608172             3231
   1211.9639954994375        8.7005935157602253E-006   165647530.71353662             3232
   1212.3390423802975        8.6947677640148787E-006   165647954.71010661             3233
   1212.7140892611576        8.6890815202518774E-006   165648378.43955013             3234
   1213.0891361420177        8.6832684507484197E-006   165648801.90860400             3235
   1213.4641830228779        8.6775948710810647E-006   165649225.11102545             3236
   1213.8392299037380        8.6717944474926585E-006   165649648.05355129             3237
   1214.2142767845980        8.6661334956581056E-006   165650070.72993755             3238
   1214.5893236654583        8.6603456817857390E-006   165650493.14692092             3239
   1214.9643705463184        8.6546973216486920E-006   165650915.29825640             3240
   1215.3394174271784        8.6489220814206724E-006   165651337.19068047             3241
   1215.7144643080385        8.6432862769728814E-006   165651758.81794709             3242
   1216.0895111888988        8.6375235744442595E-006   165652180.18679258             3243
   1216.4645580697588        8.6319002898039672E-006   165652601.29096973             3244
   1216.8396049506187        8.6261500891560542E-006   165653022.13721490             3245
   1217.2146518314789        8.6205392885674791E-006   165653442.71927965             3246
   1217.5896987123392        8.6148015541072788E-006   165653863.04390022             3247
   1217.9647455931990        8.6092032019401072E-006   165654283.10482714             3248
   1218.3397924740591        8.6034778980998490E-006   165654702.90879649             3249
   1218.7148393549194        8.5978919588486890E-006   165655122.44955772             3250
   1219.0898862357794        8.5921790501852382E-006   165655541.73384678             3251
   1219.4649331166395        8.5866054884691153E-006   165655960.75541201             3252
   1219.8399799974995        8.5809049396635085E-006   165656379.52098927             3253
   1220.2150268783598        8.5753437202253320E-006   165656798.02432576             3254
   1220.5900737592199        8.5696554960822628E-006   165657216.27215731             3255
   1220.9651206400799        8.5641065837883477E-006   165657634.25823000             3256
   1221.3401675209402        8.5584306492356037E-006   165658051.98927948             3257
   1221.7152144018003        8.5528940090751154E-006   165658469.45905083             3258
   1222.0902612826603        8.5472303291631194E-006   165658886.67427954             3259
   1222.4653081635204        8.5417059262475941E-006   165659303.62870958             3260
   1222.8403550443807        8.5360544661488721E-006   165659720.32907641             3261
   1223.2154019252407        8.5305422657116968E-006   165660136.76912290             3262
   1223.5904488061008        8.5249029907203680E-006   165660552.95558429             3263
   1223.9654956869608        8.5194029581162994E-006   165660968.88220248             3264
   1224.3405425678209        8.5137758336475969E-006   165661384.55571261             3265
   1224.7155894486812        8.5082879343521988E-006   165661799.96985543             3266
   1225.0906363295412        8.5026729259419649E-006   165662215.13136601             3267
   1225.4656832104013        8.4971971255511832E-006   165662630.03398407             3268
   1225.8407300912615        8.4915941988553200E-006   165663044.68444449             3269
   1226.2157769721216        8.4861304630849591E-006   165663459.07648593             3270
   1226.5908238529817        8.4805395838790140E-006   165663873.21684325             3271
   1226.9658707338417        8.4750878785642153E-006   165664287.09925395             3272
   1227.3409176147020        8.4695090127428268E-006   165664700.73045281             3273
   1227.7159644955620        8.4640693038376141E-006   165665114.10417631             3274
   1228.0910113764219        8.4585024174140460E-006   165665527.22715905             3275
   1228.4660582572822        8.4530746709907942E-006   165665940.09313649             3276
   1228.8411051381424        8.4475197300964425E-006   165666352.70884311             3277
   1229.2161520190023        8.4421039123454368E-006   165666765.06801331             3278
   1229.5911988998623        8.4365608832293438E-006   165667177.17738152             3279
   1229.9662457807226        8.4311569604582613E-006   165667589.03068104             3280
   1230.3412926615827        8.4256258094866257E-006   165668000.63464615             3281
   1230.7163395424427        8.4202337481200698E-006   165668411.98300916             3282
   1231.0913864233028        8.4147144417757723E-006   165668823.08250424             3283
   1231.4664333041630        8.4093342083547845E-006   165669233.92686263             3284
   1231.8414801850231        8.4038267132369038E-006   165669644.52281842             3285
   1232.2165270658832        8.3984582744184811E-006   165670054.86410183             3286
   1232.5915739467434        8.3929625572418190E-006   165670464.95744675             3287
   1232.9666208276035        8.3876058797984461E-006   165670874.79658243             3288
   1233.3416677084635        8.3821219073930653E-006   165671284.38824266             3289
   1233.7167145893236        8.3767769582122475E-006   165671693.72615564             3290
   1234.0917614701839        8.3713046975229600E-006   165672102.81705502             3291
   1234.4668083510439        8.3659714436067211E-006   165672511.65466800             3292
   1234.8418552319040        8.3605108616926597E-006   165672920.24572814             3293
   1235.2169021127640        8.3551892701571156E-006   165673328.58396158             3294
   1235.5919489936241        8.3497403341912438E-006   165673736.67610180             3295
   1235.9669958744844        8.3444303722660841E-006   165674144.51587394             3296
   1236.3420427553444        8.3389930495347427E-006   165674552.11001128             3297
   1236.7170896362045        8.3336946845628239E-006   165674959.45223799             3298
   1237.0921365170645        8.3282689424652427E-006   165675366.54928726             3299
   1237.4671833979248        8.3229821419020783E-006   165675773.39488226             3300
   1237.8422302787849        8.3175679479499581E-006   165676179.99575600             3301
   1238.2172771596449        8.3122926793632834E-006   165676586.34563071             3302
   1238.5923240405052        8.3068900011802737E-006   165676992.45123929             3303
   1238.9673709213653        8.3016262322495898E-006   165677398.30630288             3304
   1239.3424178022251        8.2962350375708962E-006   165677803.91755429             3305
   1239.7174646830854        8.2909827360869843E-006   165678209.27871376             3306
   1240.0925115639457        8.2856029927588769E-006   165678614.39651394             3307
   1240.4675584448055        8.2803621266233726E-006   165679019.26467398             3308
   1240.8426053256655        8.2749938026027407E-006   165679423.88992649             3309
   1241.2176522065258        8.2697643398276684E-006   165679828.26598966             3310
   1241.5926990873861        8.2644074031815716E-006   165680232.39959595             3311
   1241.9677459682459        8.2591893118889123E-006   165680636.28446257             3312
   1242.3427928491060        8.2538437307941278E-006   165681039.92732182             3313
   1242.7178397299663        8.2486369792153502E-006   165681443.32189000             3314
   1243.0928866108263        8.2433027219579311E-006   165681846.47489923             3315
   1243.4679334916864        8.2381072784335609E-006   165682249.38006485             3316
   1243.8429803725467        8.2327843134083820E-006   165682652.04411885             3317
   1244.2180272534067        8.2276001463875380E-006   165683054.46077564             3318
   1244.5930741342668        8.2222884420978791E-006   165683456.63676709             3319
   1244.9681210151268        8.2171155201378614E-006   165683858.56580657             3320
   1245.3431678959871        8.2118150451949278E-006   165684260.25462589             3321
   1245.7182147768472        8.2066533369607504E-006   165684661.69693744             3322
   1246.0932616577072        8.2013640600832663E-006   165685062.89947286             3323
   1246.4683085385673        8.1962135343472553E-006   165685463.85594365             3324
   1246.8433554194273        8.1909354243610135E-006   165685864.57308131             3325
   1247.2184023002876        8.1857960500023314E-006   165686265.04459640             3326
   1247.5934491811477        8.1805290758397658E-006   165686665.27722025             3327
   1247.9684960620077        8.1754008218440048E-006   165687065.26466247             3328
   1248.3435429428678        8.1701449525437523E-006   165687465.01365426             3329
   1248.7185898237281        8.1650277880024803E-006   165687864.51790434             3330
   1249.0936367045881        8.1597829927089534E-006   165688263.78414378             3331
   1249.4686835854482        8.1546768868193157E-006   165688662.80608025             3332
   1249.8437304663084        8.1494431347822741E-006   165689061.59044480             3333
   1250.2187773471685        8.1443480568465399E-006   165689460.13094416             3334
   1250.5938242280286        8.1391253174206738E-006   165689858.43430915             3335
   1250.9688711088886        8.1340412368458239E-006   165690256.49424568             3336
   1251.3439179897489        8.1288294794902964E-006   165690654.31748441             3337
   1251.7189648706089        8.1237563657876018E-006   165691051.89773029             3338
   1252.0940117514688        8.1185555600656783E-006   165691449.24171385             3339
   1252.4690586323291        8.1134933828502646E-006   165691846.34313911             3340
   1252.8441055131893        8.1083034984288432E-006   165692243.20873654             3341
   1253.2191523940492        8.1032522274192978E-006   165692639.83220917             3342
   1253.5941992749092        8.0980732340685382E-006   165693036.22028729             3343
   1253.9692461557695        8.0930328390864648E-006   165693432.36667314             3344
   1254.3442930366296        8.0878647066793176E-006   165693828.27809680             3345
   1254.7193399174896        8.0828351576489478E-006   165694223.94825959             3346
   1255.0943867983497        8.0776778561607939E-006   165694619.38389149             3347
   1255.4694336792099        8.0726591231085387E-006   165695014.57869288             3348
   1255.8444805600700        8.0675126226167515E-006   165695409.53939360             3349
   1256.2195274409301        8.0625046756708234E-006   165695804.25969318             3350
   1256.5945743217903        8.0573689463543511E-006   165696198.74632126             3351
   1256.9696212026504        8.0523717557443305E-006   165696592.99297649             3352
   1257.3446680835104        8.0472467678832975E-006   165696987.00638840             3353
   1257.7197149643705        8.0422603039397548E-006   165697380.78025469             3354
   1258.0947618452306        8.0371460279150606E-006   165697774.32130480             3355
   1258.4698087260908        8.0321702610691259E-006   165698167.62323552             3356
   1258.8448556069509        8.0270666673620347E-006   165698560.69277611             3357
   1259.2199024878109        8.0221015681449964E-006   165698953.52362254             3358
   1259.5949493686710        8.0170086273367292E-006   165699346.12250394             3359
   1259.9699962495313        8.0120541663796324E-006   165699738.48311529             3360
   1260.3450431303913        8.0069718491509790E-006   165700130.61218566             3361
   1260.7200900112514        8.0020279971842445E-006   165700522.50340915             3362
   1261.0951368921114        7.9969562743151262E-006   165700914.16351464             3363
   1261.4701837729717        7.9920230021681336E-006   165701305.58619541             3364
   1261.8452306538318        7.9869618445372764E-006   165701696.77818012             3365
   1262.2202775346918        7.9820391231379543E-006   165702087.73316127             3366
   1262.5953244155521        7.9769885017224265E-006   165702478.45786738             3367
   1262.9703712964122        7.9720763020968981E-006   165702868.94598997             3368
   1263.3454181772720        7.9670361879717461E-006   165703259.20425749             3369
   1263.7204650581323        7.9621344812438993E-006   165703649.22636059             3370
   1264.0955119389926        7.9571048455817644E-006   165704039.01902756             3371
   1264.4705588198524        7.9522136029728807E-006   165704428.57594821             3372
   1264.8456057007124        7.9471944170435878E-006   165704817.90385064             3373
   1265.2206525815727        7.9423136098719407E-006   165705206.99642387             3374
   1265.5956994624328        7.9373048450421135E-006   165705595.86039585             3375
   1265.9707463432928        7.9324344447225992E-006   165705984.48945466             3376
   1266.3457932241529        7.9274360724553100E-006   165706372.89032811             3377
   1266.7208401050132        7.9225760504990340E-006   165706761.05670354             3378
   1267.0958869858732        7.9175880423533473E-006   165707148.99530855             3379
   1267.4709338667333        7.9127383703672791E-006   165707536.69982961             3380
   1267.8459807475936        7.9077606979979488E-006   165707924.17699420             3381
   1268.2210276284536        7.9029213476844998E-006   165708311.42048791             3382
   1268.5960745093137        7.8979539828415338E-006   165708698.43703815             3383
   1268.9711213901737        7.8931249259982118E-006   165709085.22032961             3384
   1269.3461682710340        7.8881678405265093E-006   165709471.77708951             3385
   1269.7212151518941        7.8833490490455152E-006   165709858.10100180             3386
   1270.0962620327541        7.8784022148844943E-006   165710244.19879350             3387
   1270.4713089136142        7.8735936607523649E-006   165710630.06414771             3388
   1270.8463557944742        7.8686570499355759E-006   165711015.70379135             3389
   1271.2214026753345        7.8638587052327856E-006   165711401.11140665             3390
   1271.5964495561946        7.8589322898875423E-006   165711786.29372033             3391
   1271.9714964370546        7.8541441267881490E-006   165712171.24441391             3392
   1272.3465433179147        7.8492278791351638E-006   165712555.97021392             3393
   1272.7215901987749        7.8444498699064262E-006   165712940.46480101             3394
   1273.0966370796350        7.8395437622594312E-006   165713324.73490161             3395
   1273.4716839604951        7.8347758792614598E-006   165713708.77419549             3396
   1273.8467308413553        7.8298798840268235E-006   165714092.58940896             3397
   1274.2217777222154        7.8251220997121807E-006   165714476.17422104             3398
   1274.5968246030752        7.8202361893885730E-006   165714859.53535777             3399
   1274.9718714839355        7.8154884763019258E-006   165715242.66649744             3400
   1275.3469183647958        7.8106126234799348E-006   165715625.57436591             3401
   1275.7219652456556        7.8058749542576925E-006   165716008.25264063             3402
   1276.0970121265157        7.8010091316194586E-006   165716390.70804739             3403
   1276.4720590073759        7.7962814789894049E-006   165716772.93426278             3404
   1276.8471058882360        7.7914256593082553E-006   165717154.93801239             3405
   1277.2221527690961        7.7867079960891842E-006   165717536.71297207             3406
   1277.5971996499561        7.7818621522292951E-006   165717918.26586726             3407
   1277.9722465308164        7.7771544513306502E-006   165718299.59037298             3408
   1278.3472934116764        7.7723185562466544E-006   165718680.69321454             3409
   1278.7223402925365        7.7676207906681881E-006   165719061.56806612             3410
   1279.0973871733966        7.7627948174048493E-006   165719442.22165290             3411
   1279.4724340542568        7.7581069602362334E-006   165719822.64764830             3412
   1279.8474809351169        7.7532908819280739E-006   165720202.85277730             3413
   1280.2225278159769        7.7486129063485827E-006   165720582.83071259             3414
   1280.5975746968372        7.7438066962195239E-006   165720962.58817890             3415
   1280.9726215776973        7.7391385754976446E-006   165721342.11884817             3416
   1281.3476684585573        7.7343422068606564E-006   165721721.42944503             3417
   1281.7227153394174        7.7296839143537690E-006   165722100.51364061             3418
   1282.0977622202774        7.7248973606105347E-006   165722479.37815931             3419
   1282.4728091011377        7.7202488697645492E-006   165722858.01667157             3420
   1282.8478559819978        7.7154721044051110E-006   165723236.43590158             3421
   1283.2229028628578        7.7108333887541206E-006   165723614.62951902             3422
   1283.5979497437179        7.7060663853565239E-006   165723992.60424796             3423
   1283.9729966245782        7.7014374185224369E-006   165724370.35375723             3424
   1284.3480435054382        7.6966801507523903E-006   165724747.88477078             3425
   1284.7230903862981        7.6920609064446066E-006   165725125.19095671             3426
   1285.0981372671586        7.6873133480551323E-006   165725502.27903876             3427
   1285.4731841480186        7.6827038000702101E-006   165725879.14268425             3428
   1285.8482310288784        7.6779659249013105E-006   165726255.78861684             3429
   1286.2232779097387        7.6733660471226032E-006   165726632.21050301             3430
   1286.5983247905990        7.6686378291008999E-006   165727008.41506624             3431
   1286.9733716714588        7.6640475954982330E-006   165727384.39597234             3432
   1287.3484185523189        7.6593290086366485E-006   165727760.15994453             3433
   1287.7234654331792        7.6547483932659568E-006   165728135.70064795             3434
   1288.0985123140392        7.6500394116633754E-006   165728511.02480567             3435
   1288.4735591948993        7.6454683886663947E-006   165728886.12608200             3436
   1288.8486060757593        7.6407689865073038E-006   165729261.01119983             3437
   1289.2236529566196        7.6362075301112017E-006   165729635.67382282             3438
   1289.5986998374797        7.6315176816653780E-006   165730010.12067363             3439
   1289.9737467183397        7.6269657661824565E-006   165730384.34541517             3440
   1290.3487935991998        7.6222854458046291E-006   165730758.35476997             3441
   1290.7238404800601        7.6177430456319536E-006   165731132.14240021             3442
   1291.0988873609201        7.6130722277614701E-006   165731505.71502817             3443
   1291.4739342417802        7.6085393173805697E-006   165731879.06631538             3444
   1291.8489811226405        7.6038779765410549E-006   165732252.20298395             3445
   1292.2240280035005        7.5993545305175740E-006   165732625.11869457             3446
   1292.5990748843606        7.5947026413166184E-006   165732997.82016933             3447
   1292.9741217652206        7.5901886343000096E-006   165733370.30106813             3448
   1293.3491686460807        7.5855461714288184E-006   165733742.56811279             3449
   1293.7242155269410        7.5810415781519795E-006   165734114.61496264             3450
   1294.0992624078010        7.5764085163850798E-006   165734486.44833925             3451
   1294.4743092886611        7.5719133116640594E-006   165734858.06190121             3452
   1294.8493561695211        7.5672896258589519E-006   165735229.46237001             3453
   1295.2244030503814        7.5628037845926071E-006   165735600.64340341             3454
   1295.5994499312415        7.5581894496894459E-006   165735971.61172277             3455
   1295.9744968121013        7.5537129468591467E-006   165736342.36098519             3456
   1296.3495436929616        7.5491079378804083E-006   165736712.89791179             3457
   1296.7245905738218        7.5446407485496767E-006   165737083.21615896             3458
   1297.0996374546819        7.5400450405998701E-006   165737453.32244763             3459
   1297.4746843355420        7.5355871399140938E-006   165737823.21043354             3460
   1297.8497312164022        7.5310007081794101E-006   165738192.88683742             3461
   1298.2247780972623        7.5265520713655214E-006   165738562.34531429             3462
   1298.5998249781221        7.5219748911135353E-006   165738931.59258473             3463
   1298.9748718589824        7.5175354934796624E-006   165739300.62230307             3464
   1299.3499187398427        7.5129675400590046E-006   165739669.44118965             3465
   1299.7249656207025        7.5085373569941869E-006   165740038.04289815             3466
   1300.1000125015626        7.5039786058342316E-006   165740406.43414870             3467
   1300.4750593824228        7.4995576128081136E-006   165740774.60859433             3468
   1300.8501062632829        7.4950080394186650E-006   165741142.57295495             3469
   1301.2251531441430        7.4905962119811604E-006   165741510.32088295             3470
   1301.6002000250030        7.4860557919521519E-006   165741877.85909802             3471
   1301.9752469058633        7.4816531057331209E-006   165742245.18125179             3472
   1302.3502937867233        7.4771218147342959E-006   165742612.29406393             3473
   1302.7253406675834        7.4727282454432857E-006   165742979.19118533             3474
   1303.1003875484437        7.4682060592238793E-006   165743345.87933537             3475
   1303.4754344293037        7.4638215826497481E-006   165743712.35216436             3476
   1303.8504813101638        7.4593084770382156E-006   165744078.61639151             3477
   1304.2255281910238        7.4549330690489009E-006   165744444.66566640             3478
   1304.6005750718839        7.4504290199525557E-006   165744810.50670806             3479
   1304.9756219527442        7.4460626564947018E-006   165745176.13316545             3480
   1305.3506688336042        7.4415676398994576E-006   165745541.55175734             3481
   1305.7257157144643        7.4372102969981460E-006   165745906.75613210             3482
   1306.1007625953243        7.4327242889681875E-006   165746271.75300825             3483
   1306.4758094761846        7.4283759427266375E-006   165746636.53603351             3484
   1306.8508563570447        7.4238989194041374E-006   165747001.11192623             3485
   1307.2259032379047        7.4195595460033869E-006   165747365.47433347             3486
   1307.6009501187648        7.4150914836081918E-006   165747729.62997338             3487
   1307.9759969996251        7.4107610593068001E-006   165748093.57249233             3488
   1308.3510438804851        7.4063019341361285E-006   165748457.30860832             3489
   1308.7260907613452        7.4019804352699061E-006   165748820.83196706             3490
   1309.1011376422055        7.3975302236980423E-006   165749184.14928636             3491
   1309.4761845230655        7.3932176266797168E-006   165749547.25421128             3492
   1309.8512314039253        7.3887763051577516E-006   165749910.15345940             3493
   1310.2262782847856        7.3844725864766742E-006   165750272.84067518             3494
   1310.6013251656459        7.3800401315321701E-006   165750635.32257599             3495
   1310.9763720465057        7.3757452677540443E-006   165750997.59280559             3496
   1311.3514189273658        7.3713216559907579E-006   165751359.65808126             3497
   1311.7264658082261        7.3670356237573323E-006   165751721.51204613             3498
   1312.1015126890861        7.3626208318549285E-006   165752083.16141716             3499
   1312.4765595699462        7.3583436078836949E-006   165752444.59983689             3500
   1312.8516064508062        7.3539376125974323E-006   165752805.83402213             3501
   1313.2266533316665        7.3496691736813550E-006   165753166.85761473             3502
   1313.6017002125266        7.3452719518418163E-006   165753527.67733136             3503
   1313.9767470933866        7.3410122748490251E-006   165753888.28681320             3504
   1314.3517939742467        7.3366238033618265E-006   165754248.69277671             3505
   1314.7268408551070        7.3323728652353409E-006   165754608.88886249             3506
   1315.1018877359670        7.3279931210808373E-006   165754968.88178676             3507
   1315.4769346168271        7.3237508988382827E-006   165755328.66518953             3508
   1315.8519814976871        7.3193798590712825E-006   165755688.24578679             3509
   1316.2270283785474        7.3151463298045791E-006   165756047.61721793             3510
   1316.6020752594075        7.3107839715540671E-006   165756406.78619874             3511
   1316.9771221402675        7.3065591124291759E-006   165756765.74636802             3512
   1317.3521690211276        7.3022054128980047E-006   165757124.50444132             3513
   1317.7272159019878        7.2979892011546195E-006   165757483.05405688             3514
   1318.1022627828479        7.2936441376192652E-006   165757841.40192997             3515
   1318.4773096637080        7.2894365505705553E-006   165758199.54169828             3516
   1318.8523565445680        7.2851001003807971E-006   165758557.48007685             3517
   1319.2274034254283        7.2809011154130954E-006   165758915.21070275             3518
   1319.6024503062883        7.2765732559917731E-006   165759272.74029088             3519
   1319.9774971871482        7.2723828505643326E-006   165759630.06247762             3520
   1320.3525440680087        7.2680635594070285E-006   165759987.18397772             3521
   1320.7275909488687        7.2638817110517133E-006   165760344.09842700             3522
   1321.1026378297286        7.2595709657265090E-006   165760700.81253988             3523
   1321.4776847105888        7.2553976520475376E-006   165761057.31995162             3524
   1321.8527315914491        7.2510954301947122E-006   165761413.62737653             3525
   1322.2277784723090        7.2469306288683686E-006   165761769.72844920             3526
   1322.6028253531690        7.2426369082001475E-006   165762125.62988368             3527
   1322.9778722340293        7.2384805969745069E-006   165762481.32531407             3528
   1323.3529191148893        7.2341953552747592E-006   165762836.82145420             3529
   1323.7279659957494        7.2300475119694371E-006   165763192.11193752             3530
   1324.1030128766095        7.2257707270934325E-006   165763547.20347768             3531
   1324.4780597574697        7.2216313295992725E-006   165763902.08970758             3532
   1324.8531066383298        7.2173629794733908E-006   165764256.77734059             3533
   1325.2281535191898        7.2132320057522328E-006   165764611.26000905             3534
   1325.6032004000499        7.2089720683736972E-006   165764965.54442611             3535
   1325.9782472809102        7.2048494964580771E-006   165765319.62422359             3536
   1326.3532941617702        7.2005979498946847E-006   165765673.50611442             3537
   1326.7283410426303        7.1964837578875947E-006   165766027.18372977             3538
   1327.1033879234906        7.1922405802774462E-006   165766380.66378239             3539
   1327.4784348043506        7.1881347463520433E-006   165766733.93990293             3540
   1327.8534816852107        7.1838999159032850E-006   165767087.01880386             3541
   1328.2285285660707        7.1798024183026418E-006   165767439.89411527             3542
   1328.6035754469308        7.1755759132931942E-006   165767792.57254943             3543
   1328.9786223277911        7.1714867303300064E-006   165768145.04773590             3544
   1329.3536692086511        7.1672685291072992E-006   165768497.32638666             3545
   1329.7287160895112        7.1631876391636570E-006   165768849.40213075             3546
   1330.1037629703712        7.1589777201443675E-006   165769201.28167993             3547
   1330.4788098512315        7.1549051016714706E-006   165769552.95866269             3548
   1330.8538567320916        7.1507034433412661E-006   165769904.43979055             3549
   1331.2289036129514        7.1466390748591696E-006   165770255.71869141             3550
   1331.6039504938117        7.1424456557724294E-006   165770606.80207661             3551
   1331.9789973746720        7.1383895158697719E-006   165770957.68357357             3552
   1332.3540442555318        7.1342043146493477E-006   165771308.36989331             3553
   1332.7290911363921        7.1301563819831156E-006   165771658.85466272             3554
   1333.1041380172524        7.1259793773200540E-006   165772009.14459261             3555
   1333.4791848981122        7.1219396306153079E-006   165772359.23330930             3556
   1333.8542317789722        7.1177708012686104E-006   165772709.12752342             3557
   1334.2292786598325        7.1137392193182221E-006   165773058.82086074             3558
   1334.6043255406926        7.1095785441145720E-006   165773408.32003164             3559
   1334.9793724215526        7.1055551057789792E-006   165773757.61866134             3560
   1335.3544193024127        7.1014025636125060E-006   165774106.72346002             3561
   1335.7294661832730        7.0973872478194553E-006   165774455.62805235             3562
   1336.1045130641330        7.0932428176514597E-006   165774804.33914834             3563
   1336.4795599449931        7.0892356033957544E-006   165775152.85037208             3564
   1336.8546068258531        7.0850992642544741E-006   165775501.16843328             3565
   1337.2296537067134        7.0811001305977140E-006   165775849.28695562             3566
   1337.6047005875735        7.0769718615780505E-006   165776197.21264854             3567
   1337.9797474684335        7.0729807876483848E-006   165776544.93913516             3568
   1338.3547943492938        7.0688605679116793E-006   165776892.47312474             3569
   1338.7298412301539        7.0648775329035539E-006   165777239.80823985             3570
   1339.1048881110139        7.0607653416773119E-006   165777586.95118952             3571
   1339.4799349918740        7.0567903248512342E-006   165777933.89559582             3572
   1339.8549818727340        7.0526861414288806E-006   165778280.64816752             3573
   1340.2300287535943        7.0487191221111473E-006   165778627.20252621             3574
   1340.6050756344544        7.0446229258518004E-006   165778973.56538036             3575
   1340.9801225153144        7.0406638834342735E-006   165779319.73035109             3576
   1341.3551693961745        7.0365756537624705E-006   165779665.70414668             3577
   1341.7302162770347        7.0326245677023090E-006   165780011.48038769             3578
   1342.1052631578948        7.0285442841077780E-006   165780357.06578213             3579
   1342.4803100387546        7.0246011339272167E-006   165780702.45395011             3580
   1342.8553569196149        7.0205287759646264E-006   165781047.65159938             3581
   1343.2304038004752        7.0165935412507074E-006   165781392.65234953             3582
   1343.6054506813350        7.0125290885394285E-006   165781737.46290815             3583
   1343.9804975621951        7.0086017489437778E-006   165782082.07689425             3584
   1344.3555444430556        7.0045451811676269E-006   165782426.50101519             3585
   1344.7305913239156        7.0006257164062015E-006   165782770.72888952             3586
   1345.1056382047755        6.9965770133132197E-006   165783114.76722434             3587
   1345.4806850856357        6.9926654031660667E-006   165783458.60963771             3588
   1345.8557319664960        6.9886245445682629E-006   165783802.26283643             3589
   1346.2307788473559        6.9847207688792949E-006   165784145.72043815             3590
   1346.6058257282159        6.9806877346524133E-006   165784488.98914945             3591
   1346.9808726090762        6.9767917733291549E-006   165784832.06258741             3592
   1347.3559194899362        6.9727665434124312E-006   165785174.94745836             3593
   1347.7309663707963        6.9688783764257804E-006   165785517.63737899             3594
   1348.1060132516563        6.9648609308217206E-006   165785860.13905531             3595
   1348.4810601325166        6.9609805382057065E-006   165786202.44610354             3596
   1348.8561070133767        6.9569708569798331E-006   165786544.56522948             3597
   1349.2311538942367        6.9530982188314082E-006   165786886.49004880             3598
   1349.6062007750968        6.9490962821120319E-006   165787228.22726712             3599
   1349.9812476559571        6.9452313785908115E-006   165787569.77049965             3600
   1350.3562945368171        6.9412371665687954E-006   165787911.12645170             3601
   1350.7313414176772        6.9373799778968380E-006   165788252.28873801             3602
   1351.1063882985372        6.9333934708253622E-006   165788593.26406369             3603
   1351.4814351793975        6.9295439772869181E-006   165788934.04604301             3604
   1351.8564820602576        6.9255651554812580E-006   165789274.64138076             3605
   1352.2315289411176        6.9217233374225572E-006   165789615.04369083             3606
   1352.6065758219777        6.9177521812598368E-006   165789955.25967771             3607
   1352.9816227028380        6.9139180190888506E-006   165790295.28295484             3608
   1353.3566695836980        6.9099545090078282E-006   165790635.12022644             3609
   1353.7317164645581        6.9061279831940487E-006   165790974.76510552             3610
   1354.1067633454181        6.9021720996948790E-006   165791314.22429603             3611
   1354.4818102262784        6.8983531907690565E-006   165791653.49141052             3612
   1354.8568571071385        6.8944049144130720E-006   165791992.57315275             3613
   1355.2319039879983        6.8905936029670364E-006   165792331.46313471             3614
   1355.6069508688588        6.8866529143764923E-006   165792670.16805995             3615
   1355.9819977497189        6.8828491810628981E-006   165793008.68154001             3616
   1356.3570446305787        6.8789160609207838E-006   165793347.01027820             3617
   1356.7320915114390        6.8751198864528822E-006   165793685.14788559             3618
   1357.1071383922992        6.8711943155026677E-006   165794023.10106525             3619
   1357.4821852731591        6.8674056806540991E-006   165794360.86342785             3620
   1357.8572321540191        6.8634876396995325E-006   165794698.44167608             3621
   1358.2322790348794        6.8597065253040802E-006   165795035.82942027             3622
   1358.6073259157395        6.8557959952089355E-006   165795373.03336284             3623
   1358.9823727965995        6.8520223821603305E-006   165795710.04711363             3624
   1359.3574196774596        6.8481193438482180E-006   165796046.87737483             3625
   1359.7324665583199        6.8443532130998818E-006   165796383.51775587             3626
   1360.1075134391799        6.8404576475540012E-006   165796719.97495863             3627
   1360.4825603200400        6.8366989801188678E-006   165797056.24259216             3628
   1360.8576072009000        6.8328108683818137E-006   165797392.32735804             3629
   1361.2326540817601        6.8290596453320662E-006   165797728.22286490             3630
   1361.6077009626204        6.8251789685055756E-006   165798063.93581405             3631
   1361.9827478434804        6.8214351709724573E-006   165798399.45981371             3632
   1362.3577947243405        6.8175619102172189E-006   165798734.80156493             3633
   1362.7328416052007        6.8138255193907937E-006   165799069.95467547             3634
   1363.1078884860608        6.8099596559262126E-006   165799404.92584613             3635
   1363.4829353669209        6.8062306530551802E-006   165799739.70868430             3636
   1363.8579822477809        6.8023721681591644E-006   165800074.30989045             3637
   1364.2330291286412        6.7986505345506105E-006   165800408.72307155             3638
   1364.6080760095012        6.7947994095593768E-006   165800742.95492786             3639
   1364.9831228903613        6.7910851265785698E-006   165801076.99906588             3640
   1365.3581697712214        6.7872413428863948E-006   165801410.86218560             3641
   1365.7332166520816        6.7835343919565715E-006   165801744.53789315             3642
   1366.1082635329417        6.7796979310156056E-006   165802078.03288826             3643
   1366.4833104138015        6.7759982936177662E-006   165802411.34077662             3644
   1366.8583572946618        6.7721691369377985E-006   165802744.46825767             3645
   1367.2334041755221        6.7684767946104778E-006   165803077.40893671             3646
   1367.6084510563819        6.7646549237587406E-006   165803410.16951290             3647
   1367.9834979372422        6.7609698580978101E-006   165803742.74359116             3648
   1368.3585448181025        6.7571552546987623E-006   165804075.13787040             3649
   1368.7335916989623        6.7534774473572131E-006   165804407.34595510             3650
   1369.1086385798224        6.7496700930923272E-006   165804739.37454391             3651
   1369.4836854606826        6.7459995257800540E-006   165805071.21724090             3652
   1369.8587323415427        6.7421994023876063E-006   165805402.88074443             3653
   1370.2337792224027        6.7385360568712169E-006   165805734.35865822             3654
   1370.6088261032628        6.7347431461460815E-006   165806065.65768033             3655
   1370.9838729841231        6.7310870042486750E-006   165806396.77141410             3656
   1371.3589198649831        6.7273012880421199E-006   165806727.70655727             3657
   1371.7339667458432        6.7236523316430798E-006   165807058.45671287             3658
   1372.1090136267032        6.7198737918625499E-006   165807389.02857828             3659
   1372.4840605075635        6.7162320028973357E-006   165807719.41575623             3660
   1372.8591073884236        6.7124606215062537E-006   165808049.62494376             3661
   1373.2341542692836        6.7088259819662022E-006   165808379.64974320             3662
   1373.6092011501439        6.7050617409837738E-006   165808709.49685138             3663
   1373.9842480310040        6.7014342329158844E-006   165809039.15987018             3664
   1374.3592949118640        6.6976771144168766E-006   165809368.64549616             3665
   1374.7343417927241        6.6940567199236287E-006   165809697.94733086             3666
   1375.1093886735841        6.6903067060381729E-006   165810027.07207057             3667
   1375.4844355544444        6.6866934072772993E-006   165810356.01331645             3668
   1375.8594824353045        6.6829504801906859E-006   165810684.77776444             3669
   1376.2345293161645        6.6793442593749877E-006   165811013.35901538             3670
   1376.6095761970246        6.6756084013274642E-006   165811341.76376492             3671
   1376.9846230778849        6.6720092407245887E-006   165811669.98561352             3672
   1377.3596699587449        6.6682804340111700E-006   165811998.03125659             3673
   1377.7347168396047        6.6646883159434439E-006   165812325.89429417             3674
   1378.1097637204650        6.6609665429137006E-006   165812653.58142138             3675
   1378.4848106013253        6.6573814497578928E-006   165812981.08623794             3676
   1378.8598574821851        6.6536666928157641E-006   165813308.41543865             3677
   1379.2349043630452        6.6500886070029146E-006   165813635.56262290             3678
   1379.6099512439057        6.6463808486064921E-006   165813962.53448522             3679
   1379.9849981247655        6.6428097526217010E-006   165814289.32462454             3680
   1380.3600450056256        6.6391089752830476E-006   165814615.93973517             3681
   1380.7350918864859        6.6355448516652889E-006   165814942.37341577             3682
   1381.1101387673459        6.6318510379502254E-006   165815268.63236022             3683
   1381.4851856482060        6.6282938692921402E-006   165815594.71016687             3684
   1381.8602325290660        6.6246070018200773E-006   165815920.61352932             3685
   1382.2352794099263        6.6210567707677817E-006   165816246.33604559             3686
   1382.6103262907864        6.6173768322114942E-006   165816571.88440898             3687
   1382.9853731716464        6.6138335214643765E-006   165816897.25221714             3688
   1383.3604200525065        6.6101604945498386E-006   165817222.44616312             3689
   1383.7354669333668        6.6066240868603846E-006   165817547.45984417             3690
   1384.1105138142268        6.6029579543665449E-006   165817872.29995304             3691
   1384.4855606950869        6.5994284325401382E-006   165818196.96008673             3692
   1384.8606075759469        6.5957691772987569E-006   165818521.44693765             3693
   1385.2356544568072        6.5922465241934691E-006   165818845.75410241             3694
   1385.6107013376673        6.5885941290888979E-006   165819169.88827315             3695
   1385.9857482185273        6.5850783276153293E-006   165819493.84304619             3696
   1386.3607950993874        6.5814327755843445E-006   165819817.62511334             3697
   1386.7358419802476        6.5779238087054049E-006   165820141.22807062             3698
   1387.1108888611077        6.5742850827370108E-006   165820464.65860945             3699
   1387.4859357419678        6.5707829334677465E-006   165820787.91032559             3700
   1387.8609826228278        6.5671510166029796E-006   165821110.98991022             3701
   1388.2360295036881        6.5636556680103720E-006   165821433.89095864             3702
   1388.6110763845481        6.5600305433421194E-006   165821756.62016180             3703
   1388.9861232654080        6.5565419785449076E-006   165822079.17111471             3704
   1389.3611701462683        6.5529236292177184E-006   165822401.55050793             3705
   1389.7362170271285        6.5494418313862099E-006   165822723.75193623             3706
   1390.1112639079884        6.5458302405961025E-006   165823045.78208983             3707
   1390.4863107888484        6.5423551929519908E-006   165823367.63456318             3708
   1390.8613576697089        6.5387503439462679E-006   165823689.31604621             3709
   1391.2364045505687        6.5352820297624286E-006   165824010.82013303             3710
   1391.6114514314288        6.5316839058395054E-006   165824332.15351331             3711
   1391.9864983122891        6.5282223084398308E-006   165824653.30978087             3712
   1392.3615451931491        6.5246308929490335E-006   165824974.29562497             3713
   1392.7365920740092        6.5211759957082387E-006   165825295.10463911             3714
   1393.1116389548692        6.5175912720496350E-006   165825615.74351239             3715
   1393.4866858357295        6.5141430583930785E-006   165825936.20583794             3716
   1393.8617327165896        6.5105650100172777E-006   165826256.49830446             3717
   1394.2367795974496        6.5071234634207823E-006   165826576.61450490             3718
   1394.6118264783097        6.5035520738287717E-006   165826896.56112757             3719
   1394.9868733591700        6.5001171778184318E-006   165827216.33176515             3720
   1395.3619202400300        6.4965524305613738E-006   165827535.93310568             3721
   1395.7369671208901        6.4931241687133823E-006   165827855.35874149             3722
   1396.1120140017501        6.4895660473924556E-006   165828174.61536029             3723
   1396.4870608826102        6.4861444033329219E-006   165828493.69655412             3724
   1396.8621077634705        6.4825928915991269E-006   165828812.60901043             3725
   1397.2371546443305        6.4791778490038974E-006   165829131.34632096             3726
   1397.6122015251906        6.4756329305578780E-006   165829449.91517279             3727
   1397.9872484060509        6.4722244731523497E-006   165829768.30915737             3728
   1398.3622952869109        6.4686861317442245E-006   165830086.53496152             3729
   1398.7373421677710        6.4652842433031873E-006   165830404.58617643             3730
   1399.1123890486310        6.4617524627323576E-006   165830722.46948850             3731
   1399.4874359294913        6.4583571270797946E-006   165831040.17848867             3732
   1399.8624828103514        6.4548318911947881E-006   165831357.71986309             3733
   1400.2375296912114        6.4514430922037121E-006   165831675.08720237             3734
   1400.6125765720715        6.4479243849019834E-006   165831992.28719229             3735
   1400.9876234529318        6.4445421064942623E-006   165832309.31342325             3736
   1401.3626703337918        6.4410299117220325E-006   165832626.17258072             3737
   1401.7377172146516        6.4376541378682005E-006   165832942.85825476             3738
   1402.1127640955119        6.4341484396202822E-006   165833259.37713057             3739
   1402.4878109763722        6.4307791543393755E-006   165833575.72279793             3740
   1402.8628578572320        6.4272799366589894E-006   165833891.90194169             3741
   1403.2379047380923        6.4239171240183665E-006   165834207.90815139             3742
   1403.6129516189526        6.4204243709969752E-006   165834523.74811152             3743
   1403.9879984998124        6.4170680151121587E-006   165834839.41541138             3744
   1404.3630453806725        6.4135817108892870E-006   165835154.91673514             3745
   1404.7380922615328        6.4102317959237693E-006   165835470.24567187             3746
   1405.1131391423928        6.4067519246868470E-006   165835785.40890536             3747
   1405.4881860232529        6.4034084348519375E-006   165836100.40002441             3748
   1405.8632329041129        6.3999349808361144E-006   165836415.22571248             3749
   1406.2382797849732        6.3965979003907510E-006   165836729.87955812             3750
   1406.6133266658333        6.3931308478787234E-006   165837044.36824450             3751
   1406.9883735466933        6.3898001611293278E-006   165837358.68535993             3752
   1407.3634204275534        6.3863394944511828E-006   165837672.83758715             3753
   1407.7384673084134        6.3830151857514623E-006   165837986.81851429             3754
   1408.1135141892737        6.3795608892844970E-006   165838300.63482377             3755
   1408.4885610701338        6.3762429430352997E-006   165838614.28010342             3756
   1408.8636079509938        6.3727950012038675E-006   165838927.76103535             3757
   1409.2386548318541        6.3694834018529969E-006   165839241.07120714             3758
   1409.6137017127141        6.3660417991283274E-006   165839554.21730056             3759
   1409.9887485935742        6.3627365311703906E-006   165839867.19290298             3760
   1410.3637954744343        6.3593012520704081E-006   165840180.00469580             3761
   1410.7388423552945        6.3560023000466276E-006   165840492.64626616             3762
   1411.1138892361546        6.3525733291358176E-006   165840805.12429515             3763
   1411.4889361170146        6.3492806776338869E-006   165841117.43236962             3764
   1411.8639829978747        6.3458579995231050E-006   165841429.57717031             3765
   1412.2390298787350        6.3425716331770112E-006   165841741.55228388             3766
   1412.6140767595950        6.3391552325233389E-006   165842053.36439076             3767
   1412.9891236404549        6.3358751360132029E-006   165842365.00707731             3768
   1413.3641705213151        6.3324649975197664E-006   165842676.48702362             3769
   1413.7392174021754        6.3291911555716741E-006   165842987.79781589             3770
   1414.1142642830353        6.3257872639874860E-006   165843298.94613385             3771
   1414.4893111638953        6.3225196613733349E-006   165843609.92556340             3772
   1414.8643580447558        6.3191220014931246E-006   165843920.74278396             3773
   1415.2394049256156        6.3158606230304533E-006   165844231.39138126             3774
   1415.6144518064757        6.3124691796945257E-006   165844541.87803432             3775
   1415.9894986873360        6.3092140102463446E-006   165844852.19632867             3776
   1416.3645455681960        6.3058287683403878E-006   165845162.35294294             3777
   1416.7395924490561        6.3025797928150295E-006   165845472.34146249             3778
   1417.1146393299161        6.2992007372699869E-006   165845782.16856563             3779
   1417.4896862107764        6.2959579406209461E-006   165846091.82783744             3780
   1417.8647330916365        6.2925850564128224E-006   165846401.32595593             3781
   1418.2397799724965        6.2893484236385960E-006   165846710.65650591             3782
   1418.6148268533566        6.2859816957883283E-006   165847019.82616508             3783
   1418.9898737342166        6.2827512119322448E-006   165847328.82851809             3784
   1419.3649206150769        6.2793906255055217E-006   165847637.67024216             3785
   1419.7399674959370        6.2761662756555958E-006   165847946.34492183             3786
   1420.1150143767970        6.2728118157627139E-006   165848254.85923395             3787
   1420.4900612576573        6.2695935850514716E-006   165848563.20676282             3788
   1420.8651081385174        6.2662452368471655E-006   165848871.39418498             3789
   1421.2401550193774        6.2630331104515135E-006   165849179.41508451             3790
   1421.6152019002375        6.2596908591348048E-006   165849487.27613762             3791
   1421.9902487810978        6.2564848222758451E-006   165849794.97092816             3792
   1422.3652956619578        6.2531486530898919E-006   165850102.50613198             3793
   1422.7403425428179        6.2499486910327867E-006   165850409.87533274             3794
   1423.1153894236779        6.2466185892647148E-006   165850717.08520594             3795
   1423.4904363045382        6.2434246873185256E-006   165851024.12933508             3796
   1423.8654831853983        6.2401006382992853E-006   165851331.01439527             3797
   1424.2405300662581        6.2369127818168117E-006   165851637.73396978             3798
   1424.6155769471184        6.2335947709210156E-006   165851944.29473338             3799
   1424.9906238279787        6.2304129452986396E-006   165852250.69026920             3800
   1425.3656707088385        6.2271009579444121E-006   165852556.92725164             3801
   1425.7407175896985        6.2239251486219644E-006   165852862.99926358             3802
   1426.1157644705588        6.2206191702707821E-006   165853168.91297910             3803
   1426.4908113514189        6.2174493627313588E-006   165853474.66198090             3804
   1426.8658582322789        6.2141493788879138E-006   165853780.25294268             3805
   1427.2409051131392        6.2109855586577523E-006   165854085.67944700             3806
   1427.6159519939993        6.2076915548697880E-006   165854390.94816712             3807
   1427.9909988748593        6.2045337075180911E-006   165854696.05268547             3808
   1428.3660457557194        6.2012456693762516E-006   165855000.99967501             3809
   1428.7410926365797        6.1980937805150569E-006   165855305.78271788             3810
   1429.1161395174397        6.1948116936527290E-006   165855610.40848672             3811
   1429.4911863982998        6.1916657489367543E-006   165855914.87056351             3812
   1429.8662332791598        6.1883895990299350E-006   165856219.17562050             3813
   1430.2412801600201        6.1852495841564165E-006   165856523.31723952             3814
   1430.6163270408802        6.1819793569235500E-006   165856827.30209243             3815
   1430.9913739217402        6.1788452576320968E-006   165857131.12376091             3816
   1431.3664208026003        6.1755809388339360E-006   165857434.78891644             3817
   1431.7414676834603        6.1724527409063946E-006   165857738.29114056             3818
   1432.1165145643206        6.1691943163458371E-006   165858041.63710433             3819
   1432.4915614451807        6.1660720056061284E-006   165858344.82038915             3820
   1432.8666083260407        6.1628194611280831E-006   165858647.84766573             3821
   1433.2416552069010        6.1597030234420649E-006   165858950.71251526             3822
   1433.6167020877610        6.1564563449332942E-006   165859253.42160812             3823
   1433.9917489686211        6.1533457662086109E-006   165859555.96852535             3824
   1434.3667958494812        6.1501049395975902E-006   165859858.35993692             3825
   1434.7418427303414        6.1470002057835127E-006   165860160.58942375             3826
   1435.1168896112015        6.1437652170402966E-006   165860462.66365537             3827
   1435.4919364920613        6.1406663141276063E-006   165860764.57621261             3828
   1435.8669833729216        6.1374371492636617E-006   165861066.33376467             3829
   1436.2420302537819        6.1343440632844804E-006   165861367.92989209             3830
   1436.6170771346417        6.1311207083525535E-006   165861669.37126377             3831
   1436.9921240155018        6.1280334253802111E-006   165861970.65146014             3832
   1437.3671708963620        6.1248158664741775E-006   165862271.77714965             3833
   1437.7422177772221        6.1217343726230562E-006   165862572.74191263             3834
   1438.1172646580821        6.1185225958777860E-006   165862873.55241716             3835
   1438.4923115389424        6.1154468773031951E-006   165863174.20224336             3836
   1438.8673584198025        6.1122408688943941E-006   165863474.69805896             3837
   1439.2424053006625        6.1091709117924153E-006   165863775.03344402             3838
   1439.6174521815226        6.1059706579364994E-006   165864075.21506578             3839
   1439.9924990623829        6.1029064485438427E-006   165864375.23650417             3840
   1440.3675459432429        6.0997119354977809E-006   165864675.10442609             3841
   1440.7425928241030        6.0966534600916512E-006   165864974.81241137             3842
   1441.1176397049630        6.0934646741528477E-006   165865274.36712646             3843
   1441.4926865858233        6.0904119190507990E-006   165865573.76215106             3844
   1441.8677334666834        6.0872288465569248E-006   165865873.00415125             3845
   1442.2427803475434        6.0841817981167139E-006   165866172.08670661             3846
   1442.6178272284035        6.0810044254455912E-006   165866471.01648283             3847
   1442.9928741092635        6.0779630700650489E-006   165866769.78705934             3848
   1443.3679209901238        6.0747913836344883E-006   165867068.40510148             3849
   1443.7429678709839        6.0717557077513839E-006   165867366.86418849             3850
   1444.1180147518439        6.0685896940190598E-006   165867665.17098540             3851
   1444.4930616327042        6.0655596841109358E-006   165867963.31907132             3852
   1444.8681085135643        6.0623993295742419E-006   165868261.31511080             3853
   1445.2431553944243        6.0593749721583081E-006   165868559.15268290             3854
   1445.6182022752844        6.0562202633542309E-006   165868856.83845180             3855
   1445.9932491561447        6.0532015449872046E-006   165869154.36599642             3856
   1446.3682960370047        6.0500524684921717E-006   165869451.74198049             3857
   1446.7433429178645        6.0470393757701529E-006   165869748.95998290             3858
   1447.1183897987248        6.0438959181999028E-006   165870046.02666697             3859
   1447.4934366795851        6.0408884377582329E-006   165870342.93561140             3860
   1447.8684835604449        6.0377505857676759E-006   165870639.69347921             3861
   1448.2435304413050        6.0347487042808046E-006   165870936.29384893             3862
   1448.6185773221653        6.0316164445638867E-006   165871232.74338320             3863
   1448.9936242030255        6.0286201487452331E-006   165871529.03566051             3864
   1449.3686710838854        6.0254934680348060E-006   165871825.17734301             3865
   1449.7437179647454        6.0225027446366208E-006   165872121.16200909             3866
   1450.1187648456059        6.0193816297043033E-006   165872416.99632055             3867
   1450.4938117264658        6.0163964655175455E-006   165872712.67385563             3868
   1450.8688586073258        6.0132809031735930E-006   165873008.20127577             3869
   1451.2439054881861        6.0103012850277812E-006   165873303.57215911             3870
   1451.6189523690462        6.0071912621209467E-006   165873598.79316667             3871
   1451.9939992499062        6.0042171768840285E-006   165873893.85787651             3872
   1452.3690461307663        6.0011126803014432E-006   165874188.77294919             3873
   1452.7440930116265        5.9981441148796665E-006   165874483.53196275             3874
   1453.1191398924866        5.9950451315466875E-006   165874778.14157733             3875
   1453.4941867733467        5.9920820728844836E-006   165875072.59537086             3876
   1453.8692336542067        5.9889885897645673E-006   165875366.90000308             3877
   1454.2442805350668        5.9860310248443917E-006   165875661.04905179             3878
   1454.6193274159270        5.9829430289389688E-006   165875955.04917639             3879
   1454.9943742967871        5.9799909447812004E-006   165876248.89395460             3880
   1455.3694211776472        5.9769084231295368E-006   165876542.59004533             3881
   1455.7444680585074        5.9739618067923109E-006   165876836.13102627             3882
   1456.1195149393675        5.9708847464713902E-006   165877129.52355593             3883
   1456.4945618202275        5.9679435850504977E-006   165877422.76121190             3884
   1456.8696087010876        5.9648719731748845E-006   165877715.85065231             3885
   1457.2446555819479        5.9619362538036273E-006   165878008.78545463             3886
   1457.6197024628079        5.9588700775253353E-006   165878301.57227659             3887
   1457.9947493436680        5.9559397873743992E-006   165878594.20469558             3888
   1458.3697962245280        5.9528790338827547E-006   165878886.68936893             3889
   1458.7448431053883        5.9499541601600913E-006   165879179.01987395             3890
   1459.1198899862484        5.9468988166816241E-006   165879471.20286754             3891
   1459.4949368671082        5.9439793466323139E-006   165879763.23192695             3892
   1459.8699837479685        5.9409294004306181E-006   165880055.11370870             3893
   1460.2450306288288        5.9380153213367334E-006   165880346.84178993             3894
   1460.6200775096886        5.9349707597123490E-006   165880638.42282674             3895
   1460.9951243905487        5.9320620588928478E-006   165880929.85039625             3896
   1461.3701712714089        5.9290228691831075E-006   165881221.13115406             3897
   1461.7452181522690        5.9261195339936877E-006   165881512.25867730             3898
   1462.1202650331290        5.9230857035726311E-006   165881803.23962116             3899
   1462.4953119139893        5.9201877214056156E-006   165882094.06756261             3900
   1462.8703587948494        5.9171592376838310E-006   165882384.74915650             3901
   1463.2454056757094        5.9142665959680429E-006   165882675.27797976             3902
   1463.6204525565695        5.9112434463925503E-006   165882965.66068679             3903
   1463.9954994374298        5.9083561325931803E-006   165883255.89085445             3904
   1464.3705463182898        5.9053383046473077E-006   165883545.97513667             3905
   1464.7455931991499        5.9024563062657908E-006   165883835.90711033             3906
   1465.1206400800099        5.8994437874690516E-006   165884125.69342896             3907
   1465.4956869608700        5.8965670920429531E-006   165884415.32766932             3908
   1465.8707338417303        5.8935598699509323E-006   165884704.81648454             3909
   1466.2457807225903        5.8906884650538096E-006   165884994.15345132             3910
   1466.6208276034504        5.8876865272580210E-006   165885283.34522238             3911
   1466.9958744843104        5.8848204004993177E-006   165885572.38537440             3912
   1467.3709213651707        5.8818237346270941E-006   165885861.28055960             3913
   1467.7459682460308        5.8789628736519971E-006   165886150.02435467             3914
   1468.1210151268908        5.8759714673663554E-006   165886438.62341139             3915
   1468.4960620077511        5.8731158598556911E-006   165886727.07130635             3916
   1468.8711088886112        5.8701297008552344E-006   165887015.37469101             3917
   1469.2461557694712        5.8672793345253310E-006   165887303.52714187             3918
   1469.6212026503313        5.8642984105440923E-006   165887591.53530994             3919
   1469.9962495311916        5.8614532731466772E-006   165887879.39277172             3920
   1470.3712964120516        5.8584775719540343E-006   165888167.10617772             3921
   1470.7463432929114        5.8556376512760919E-006   165888454.66910449             3922
   1471.1213901737717        5.8526671606766194E-006   165888742.08820206             3923
   1471.4964370546320        5.8498324445402866E-006   165889029.35704693             3924
   1471.8714839354918        5.8468671523736560E-006   165889316.48228875             3925
   1472.2465308163519        5.8440376286361039E-006   165889603.45750394             3926
   1472.6215776972122        5.8410775227769404E-006   165889890.28934175             3927
   1472.9966245780722        5.8382531793302448E-006   165890176.97137851             3928
   1473.3716714589323        5.8352982476880423E-006   165890463.51026309             3929
   1473.7467183397926        5.8324790724590664E-006   165890749.89957184             3930
   1474.1217652206526        5.8295293029780355E-006   165891036.14595309             3931
   1474.4968121015127        5.8267152839283152E-006   165891322.24298322             3932
   1474.8718589823727        5.8237706645872906E-006   165891608.19731012             3933
   1475.2469058632330        5.8209617897129070E-006   165891894.00251013             3934
   1475.6219527440931        5.8180223085251995E-006   165892179.66523075             3935
   1475.9969996249531        5.8152185658566799E-006   165892465.17904824             3936
   1476.3720465058132        5.8122842108700040E-006   165892750.55060968             3937
   1476.7470933866734        5.8094855884721936E-006   165893035.77349129             3938
   1477.1221402675335        5.8065563477684983E-006   165893320.85433978             3939
   1477.4971871483936        5.8037628337404529E-006   165893605.78673130             3940
   1477.8722340292536        5.8008386954358517E-006   165893890.57731208             3941
   1478.2472809101137        5.7980502779106938E-006   165894175.21965834             3942
   1478.6223277909739        5.7951312301553168E-006   165894459.72041586             3943
   1478.9973746718340        5.7923478973001665E-006   165894744.07316080             3944
   1479.3724215526940        5.7894339282780693E-006   165895028.28453845             3945
   1479.7474684335543        5.7866556682938786E-006   165895312.34812510             3946
   1480.1225153144144        5.7837467662229008E-006   165895596.27056551             3947
   1480.4975621952744        5.7809735673443754E-006   165895880.04543597             3948
   1480.8726090761345        5.7780697204760512E-006   165896163.67938083             3949
   1481.2476559569948        5.7753015709715214E-006   165896447.16597629             3950
   1481.6227028378548        5.7724027675909516E-006   165896730.51186633             3951
   1481.9977497187147        5.7696396557622637E-006   165897013.71062714             3952
   1482.3727965995749        5.7667458841879992E-006   165897296.76890221             3953
   1482.7478434804352        5.7639877983703959E-006   165897579.68026778             3954
   1483.1228903612950        5.7610990469543553E-006   165897862.45136687             3955
   1483.4979372421551        5.7583459755163674E-006   165898145.07577568             3956
   1483.8729841230154        5.7554622326436811E-006   165898427.56013685             3957
   1484.2480310038754        5.7527141639870126E-006   165898709.89802656             3958
   1484.6230778847355        5.7498354180759254E-006   165898992.09608698             3959
   1484.9981247655955        5.7470923406353452E-006   165899274.14789435             3960
   1485.3731716464558        5.7442185801371177E-006   165899556.06009027             3961
   1485.7482185273159        5.7414804823803501E-006   165899837.82625112             3962
   1486.1232654081759        5.7386116957791400E-006   165900119.45301798             3963
   1486.4983122890362        5.7358785662067438E-006   165900400.93396720             3964
   1486.8733591698963        5.7330147420194838E-006   165900682.27573955             3965
   1487.2484060507563        5.7302865691647486E-006   165900963.47191128             3966
   1487.6234529316164        5.7274276959410551E-006   165901244.52912271             3967
   1487.9984998124767        5.7247044683698748E-006   165901525.44095010             3968
   1488.3735466933367        5.7218505346919282E-006   165901806.21403334             3969
   1488.7485935741968        5.7191322410027312E-006   165902086.84194869             3970
   1489.1236404550568        5.7162832354851543E-006   165902367.33133560             3971
   1489.4986873359169        5.7135698643087534E-006   165902647.67577040             3972
   1489.8737342167772        5.7107257755985273E-006   165902927.88189200             3973
   1490.2487810976372        5.7080173155980278E-006   165903207.94327673             3974
   1490.6238279784973        5.7051781323743639E-006   165903487.86656308             3975
   1490.9988748593576        5.7024745722450531E-006   165903767.64532748             3976
   1491.3739217402176        5.6996402832192902E-006   165904047.28620788             3977
   1491.7489686210777        5.6969416116885411E-006   165904326.78278071             3978
   1492.1240155019377        5.6941122056040450E-006   165904606.14168352             3979
   1492.4990623827980        5.6914184114311824E-006   165904885.35649273             3980
   1492.8741092636581        5.6885938770632274E-006   165905164.43384543             3981
   1493.2491561445179        5.6859049490394397E-006   165905443.36731809             3982
   1493.6242030253782        5.6830852751950978E-006   165905722.16354734             3983
   1493.9992499062384        5.6804012021433237E-006   165906000.81610966             3984
   1494.3742967870983        5.6775863776613791E-006   165906279.33164120             3985
   1494.7493436679583        5.6749071484362056E-006   165906557.70371851             3986
   1495.1243905488186        5.6720971621870240E-006   165906835.93897730             3987
   1495.4994374296787        5.6694227656745768E-006   165907114.03099409             3988
   1495.8744843105387        5.6666176065600156E-006   165907391.98640415             3989
   1496.2495311913988        5.6639480316778512E-006   165907669.79878405             3990
   1496.6245780722591        5.6611476886311464E-006   165907947.47476855             3991
   1496.9996249531191        5.6584829243281545E-006   165908225.00793433             3992
   1497.3746718339792        5.6556873863138178E-006   165908502.40491563             3993
   1497.7497187148394        5.6530274215701177E-006   165908779.65928918             3994
   1498.1247655956995        5.6502366775838324E-006   165909056.77768877             3995
   1498.4998124765596        5.6475815014106463E-006   165909333.75369117             3996
   1498.8748593574196        5.6447955404791641E-006   165909610.59392968             3997
   1499.2499062382799        5.6421451419187359E-006   165909887.29198110             3998
   1499.6249531191399        5.6393639530997751E-006   165910163.85447833             3999
   1500.0000000000000        5.6367183212252638E-006   165910440.27499819             4000
   1500.3750468808601        5.6339418936073969E-006   165910716.56017303             4001
   1500.7500937617201        5.6313010175227629E-006   165910992.70357981             4002
   1501.1251406425804        5.6285293402253155E-006   165911268.71185040             4003
   1501.5001875234404        5.6258932090652334E-006   165911544.57856181             4004
   1501.8752344043005        5.6231262712381964E-006   165911820.31034538             4005
   1502.2502812851606        5.6204948741679434E-006   165912095.90077823             4006
   1502.6253281660208        5.6177326649918564E-006   165912371.35649124             4007
   1503.0003750468809        5.6151059912072055E-006   165912646.67106149             4008
   1503.3754219277409        5.6123484998930534E-006   165912921.85111949             4009
   1503.7504688086012        5.6097265386201825E-006   165913196.89024234             4010
   1504.1255156894613        5.6069737544093017E-006   165913471.79506004             4011
   1504.5005625703213        5.6043564949046761E-006   165913746.55914980             4012
   1504.8756094511814        5.6016084070686533E-006   165914021.18914112             4013
   1505.2506563320417        5.5989958386189461E-006   165914295.67861128             4014
   1505.6257032129017        5.5962524364595153E-006   165914570.03418928             4015
   1506.0007500937616        5.5936445483814930E-006   165914844.24945250             4016
   1506.3757969746218        5.5909058212304276E-006   165915118.33102947             4017
   1506.7508438554821        5.5883026028708492E-006   165915392.27249759             4018
   1507.1258907363419        5.5855685400898814E-006   165915666.08048490             4019
   1507.5009376172020        5.5829699808254096E-006   165915939.74856892             4020
   1507.8759844980623        5.5802405718061020E-006   165916213.28337717             4021
   1508.2510313789223        5.5776466610431923E-006   165916486.67848724             4022
   1508.6260782597824        5.5749218952068650E-006   165916759.94052619             4023
   1509.0011251406424        5.5723326223816772E-006   165917033.06307170             4024
   1509.3761720215027        5.5696124891792998E-006   165917306.05275032             4025
   1509.7512189023628        5.5670278437575902E-006   165917578.90313980             4026
   1510.1262657832228        5.5643123326696792E-006   165917851.62086621             4027
   1510.5013126640831        5.5617323041466976E-006   165918124.19950736             4028
   1510.8763595449432        5.5590214046832250E-006   165918396.64568886             4029
   1511.2514064258032        5.5564459825836413E-006   165918668.95298859             4030
   1511.6264533066633        5.5537396842839418E-006   165918941.12803167             4031
   1512.0015001875233        5.5511688581617204E-006   165919213.16439608             4032
   1512.3765470683836        5.5484671505943791E-006   165919485.06870642             4033
   1512.7515939492437        5.5459009100327012E-006   165919756.83454078             4034
   1513.1266408301037        5.5432037827954606E-006   165920028.46852326             4035
   1513.5016877109638        5.5406421174066192E-006   165920299.96423200             4036
   1513.8767345918241        5.5379495601262843E-006   165920571.32829070             4037
   1514.2517814726841        5.5353924595515873E-006   165920842.55427754             4038
   1514.6268283535442        5.5327044618839403E-006   165921113.64881563             4039
   1515.0018752344045        5.5301519157936141E-006   165921384.60548341             4040
   1515.3769221152645        5.5274684674233116E-006   165921655.43090340             4041
   1515.7519689961246        5.5249204655164049E-006   165921926.11865413             4042
   1516.1270158769846        5.5222415561568796E-006   165922196.67535770             4043
   1516.5020627578449        5.5196980881611748E-006   165922467.09459263             4044
   1516.8771096387050        5.5170237075545351E-006   165922737.38298059             4045
   1517.2521565195648        5.5144847632264477E-006   165923007.53410020             4046
   1517.6272034004251        5.5118149011433934E-006   165923277.55457255             4047
   1518.0022502812853        5.5092804702678797E-006   165923547.43797651             4048
   1518.3772971621452        5.5066151165076016E-006   165923817.19093254             4049
   1518.7523440430052        5.5040851888980730E-006   165924086.80701965             4050
   1519.1273909238655        5.5014243332881577E-006   165924356.29285786             4051
   1519.5024378047256        5.4988988987863583E-006   165924625.64202616             4052
   1519.8774846855856        5.4962425311827061E-006   165924894.86114416             4053
   1520.2525315664457        5.4937215796586478E-006   165925163.94379094             4054
   1520.6275784473060        5.4910696899453772E-006   165925432.89658558             4055
   1521.0026253281660        5.4885532112972434E-006   165925701.71310735             4056
   1521.3776722090261        5.4859057893865791E-006   165925970.39997476             4057
   1521.7527190898863        5.4833937735406239E-006   165926238.95076716             4058
   1522.1277659707464        5.4807508093728155E-006   165926507.37210259             4059
   1522.5028128516064        5.4782432462832799E-006   165926775.65756053             4060
   1522.8778597324665        5.4756047298265231E-006   165927043.81375855             4061
   1523.2529066133266        5.4731016094755264E-006   165927311.83427614             4062
   1523.6279534941868        5.4704675307258540E-006   165927579.72573042             4063
   1524.0030003750469        5.4679688431233133E-006   165927847.48170105             4064
   1524.3780472559069        5.4653391921045136E-006   165928115.10880452             4065
   1524.7530941367670        5.4628449272880518E-006   165928382.60062069             4066
   1525.1281410176273        5.4602196940515711E-006   165928649.96376556             4067
   1525.5031878984873        5.4577298420864294E-006   165928917.19181907             4068
   1525.8782347793474        5.4551090167112834E-006   165929184.29139671             4069
   1526.2532816602074        5.4526235676902291E-006   165929451.25607854             4070
   1526.6283285410677        5.4500071402829026E-006   165929718.09247956             4071
   1527.0033754219278        5.4475260843261290E-006   165929984.79417995             4072
   1527.3784223027878        5.4449140450205085E-006   165930251.36779419             4073
   1527.7534691836481        5.4424373722755672E-006   165930517.80690259             4074
   1528.1285160645082        5.4398297112328281E-006   165930784.11811912             4075
   1528.5035629453680        5.4373574118745111E-006   165931050.29502422             4076
   1528.8786098262283        5.4347541192830447E-006   165931316.34423134             4077
   1529.2536567070886        5.4322861835133147E-006   165931582.25932103             4078
   1529.6287035879484        5.4296872495886367E-006   165931848.04690626             4079
   1530.0037504688084        5.4272236676365375E-006   165932113.70056772             4080
   1530.3787973496687        5.4246290826211961E-006   165932379.22691783             4081
   1530.7538442305288        5.4221698447427512E-006   165932644.61953744             4082
   1531.1288911113888        5.4195795989062266E-006   165932909.88503841             4083
   1531.5039379922489        5.4171246953843578E-006   165933175.01700178             4084
   1531.8789848731092        5.4145387790229933E-006   165933440.02203888             4085
   1532.2540317539692        5.4120882001674353E-006   165933704.89373085             4086
   1532.6290786348293        5.4095066036043351E-006   165933969.63868853             4087
   1533.0041255156896        5.4070603397515483E-006   165934234.25049320             4088
   1533.3791723965496        5.4044830533365066E-006   165934498.73575521             4089
   1533.7542192774097        5.4020410948495913E-006   165934763.08805597             4090
   1534.1292661582697        5.3994681089589875E-006   165935027.31400523             4091
   1534.5043130391300        5.3970304462275925E-006   165935291.40718463             4092
   1534.8793599199901        5.3944617512643179E-006   165935555.37420338             4093
   1535.2544068008501        5.3920283747045502E-006   165935819.20864323             4094
   1535.6294536817102        5.3894639610979169E-006   165936082.91711292             4095
   1536.0045005625702        5.3870348611522529E-006   165936346.49319431             4096
   1536.3795474434305        5.3844747193578995E-006   165936609.94349563             4097
   1536.7545943242906        5.3820498864951155E-006   165936873.26159894             4098
   1537.1296412051506        5.3794940069949405E-006   165937136.45411187             4099
   1537.5046880860107        5.3770734317100207E-006   165937399.51461661             4100
   1537.8797349668710        5.3745218050120738E-006   165937662.44972035             4101
   1538.2547818477310        5.3721054778261274E-006   165937925.25300542             4102
   1538.6298287285911        5.3695580944645375E-006   165938187.93107840             4103
   1539.0048756094513        5.3671460059246988E-006   165938450.47752187             4104
   1539.3799224903114        5.3646028564595912E-006   165938712.89894184             4105
   1539.7549693711712        5.3621949971389452E-006   165938975.18892103             4106
   1540.1300162520315        5.3596560721563415E-006   165939237.35406497             4107
   1540.5050631328918        5.3572524326538338E-006   165939499.38795653             4108
   1540.8801100137516        5.3547177227655910E-006   165939761.29720068             4109
   1541.2551568946117        5.3523182937059627E-006   165940023.07538047             4110
   1541.6302037754720        5.3497877895496808E-006   165940284.72910032             4111
   1542.0052506563320        5.3473925615833519E-006   165940546.25194344             4112
   1542.3802975371921        5.3448662538222841E-006   165940807.65051377             4113
   1542.7553444180521        5.3424752176253088E-006   165941068.91839463             4114
   1543.1303912989124        5.3399530969482710E-006   165941330.06218943             4115
   1543.5054381797725        5.3375662432222225E-006   165941591.07548174             4116
   1543.8804850606325        5.3350483003435286E-006   165941851.96487436             4117
   1544.2555319414926        5.3326656198154468E-006   165942112.72395098             4118
   1544.6305788223528        5.3301518454748085E-006   165942373.35931396             4119
   1545.0056257032129        5.3277733288970772E-006   165942633.86454716             4120
   1545.3806725840730        5.3252637138595475E-006   165942894.24625233             4121
   1545.7557194649332        5.3228893520098406E-006   165943154.49801353             4122
   1546.1307663457933        5.3203838870657124E-006   165943414.62643200             4123
   1546.5058132266533        5.3180136707469158E-006   165943674.62509200             4124
   1546.8808601075134        5.3155123467116405E-006   165943934.50059414             4125
   1547.2559069883735        5.3131462667517577E-006   165944194.24652293             4126
   1547.6309538692337        5.3106490744658626E-006   165944453.86947843             4127
   1548.0060007500938        5.3082871217179348E-006   165944713.36304533             4128
   1548.3810476309538        5.3057940520469545E-006   165944972.73382312             4129
   1548.7560945118139        5.3034362173889705E-006   165945231.97539669             4130
   1549.1311413926742        5.3009472612233522E-006   165945491.09436500             4131
   1549.5061882735342        5.2985935355581908E-006   165945750.08431309             4132
   1549.8812351543941        5.2961086838132171E-006   165946008.95183942             4133
   1550.2562820352546        5.2937590580685592E-006   165946267.69052917             4134
   1550.6313289161146        5.2912783016842769E-006   165946526.30698028             4135
   1551.0063757969745        5.2889327668125138E-006   165946784.79477817             4136
   1551.3814226778347        5.2864560967536384E-006   165947043.16052017             4137
   1551.7564695586950        5.2841146437317965E-006   165947301.39779183             4138
   1552.1315164395551        5.2816420509876466E-006   165947559.51319003             4139
   1552.5065633204149        5.2793046708173137E-006   165947817.50030056             4140
   1552.8816102012752        5.2768361464017304E-006   165948075.36571962             4141
   1553.2566570821355        5.2745028301089720E-006   165948333.10303324             4142
   1553.6317039629953        5.2720383650602391E-006   165948590.71883711             4143
   1554.0067508438553        5.2697091036955244E-006   165948848.20671740             4144
   1554.3817977247156        5.2672486890762822E-006   165949105.57326931             4145
   1554.7568446055757        5.2649234737144004E-006   165949362.81207916             4146
   1555.1318914864357        5.2624671006115642E-006   165949619.92974162             4147
   1555.5069383672958        5.2601459223515519E-006   165949876.91984323             4148
   1555.8819852481561        5.2576935818762496E-006   165950133.78897804             4149
   1556.2570321290161        5.2553764318413047E-006   165950390.53073287             4150
   1556.6320790098762        5.2529281151287894E-006   165950647.15170115             4151
   1557.0071258907365        5.2506149844661954E-006   165950903.64546993             4152
   1557.3821727715965        5.2481706826757597E-006   165951160.01863211             4153
   1557.7572196524566        5.2458615625568167E-006   165951416.26477492             4154
   1558.1322665333166        5.2434212668717455E-006   165951672.39049071             4155
   1558.5073134141767        5.2411161484916758E-006   165951928.38936689             4156
   1558.8823602950370        5.2386798501191342E-006   165952184.26799530             4157
   1559.2574071758970        5.2363787246970267E-006   165952440.01996356             4158
   1559.6324540567571        5.2339464148680029E-006   165952695.65186289             4159
   1560.0075009376171        5.2316492736467244E-006   165952951.15728119             4160
   1560.3825478184774        5.2292209436159413E-006   165953206.54280910             4161
   1560.7575946993375        5.2269277778620646E-006   165953461.80203471             4162
   1561.1326415801975        5.2245034189079253E-006   165953716.94154811             4163
   1561.5076884610576        5.2222142199116495E-006   165953971.95493761             4164
   1561.8827353419179        5.2197938233361363E-006   165954226.84879276             4165
   1562.2577822227779        5.2175085824112146E-006   165954481.61670205             4166
   1562.6328291036380        5.2150921395398215E-006   165954736.26525450             4167
   1563.0078759844982        5.2128108480234796E-006   165954990.78803882             4168
   1563.3829228653583        5.2103983502051466E-006   165955245.19164342             4169
   1563.7579697462181        5.2081209994580151E-006   165955499.46965730             4170
   1564.1330166270784        5.2057124380650415E-006   165955753.62866822             4171
   1564.5080635079387        5.2034390194710725E-006   165956007.66226545             4172
   1564.8831103887985        5.2010343858990539E-006   165956261.57703623             4173
   1565.2581572696586        5.1987648908654580E-006   165956515.36657000             4174
   1565.6332041505188        5.1963641765332000E-006   165956769.03745341             4175
   1566.0082510313789        5.1940985964903554E-006   165957022.58327618             4176
   1566.3832979122390        5.1917017928398064E-006   165957276.01062438             4177
   1566.7583447930990        5.1894401192412089E-006   165957529.31308794             4178
   1567.1333916739593        5.1870472177373796E-006   165957782.49725237             4179
   1567.5084385548193        5.1847894420595442E-006   165958035.55670783             4180
   1567.8834854356794        5.1824004341904437E-006   165958288.49803928             4181
   1568.2585323165395        5.1801465479328519E-006   165958541.31483710             4182
   1568.6335791973997        5.1777614252094034E-006   165958794.01368561             4183
   1569.0086260782598        5.1755114198944090E-006   165959046.58817557             4184
   1569.3836729591198        5.1731301738503962E-006   165959299.04489064             4185
   1569.7587198399801        5.1708840410231671E-006   165959551.37742174             4186
   1570.1337667208400        5.1685066632151335E-006   165959803.59235209             4187
   1570.5088136017002        5.1662643944435804E-006   165960055.68327284             4188
   1570.8838604825605        5.1638908764507665E-006   165960307.65676656             4189
   1571.2589073634203        5.1616524633254649E-006   165960559.50642467             4190
   1571.6339542442806        5.1592827967497526E-006   165960811.23882917             4191
   1572.0090011251407        5.1570482308838642E-006   165961062.84757170             4192
   1572.3840480060007        5.1546824073496969E-006   165961314.33923373             4193
   1572.7590948868610        5.1524516803789035E-006   165961565.70740712             4194
   1573.1341417677206        5.1500896915331988E-006   165961816.95867273             4195
   1573.5091886485811        5.1478627951156413E-006   165962068.08662274             4196
   1573.8842355294414        5.1455046326277293E-006   165962319.09783736             4197
   1574.2592824103010        5.1432815584439246E-006   165962569.98590901             4198
   1574.6343292911615        5.1409272140054879E-006   165962820.75741741             4199
   1575.0093761720218        5.1387079537582529E-006   165963071.40595517             4200
   1575.3844230528814        5.1363574190832442E-006   165963321.93810141             4201
   1575.7594699337419        5.1341419644976343E-006   165963572.34744903             4202
   1576.1345168146017        5.1317952313222036E-006   165963822.64057657             4203
   1576.5095636954618        5.1295835741454499E-006   165964072.81107715             4204
   1576.8846105763223        5.1272406342278718E-006   165964322.86552870             4205
   1577.2596574571819        5.1250327662292966E-006   165964572.79752469             4206
   1577.6347043380422        5.1226936113499168E-006   165964822.61364239             4207
   1578.0097512189027        5.1204895243208587E-006   165965072.30747557             4208
   1578.3847980997623        5.1181541462820169E-006   165965321.88560089             4209
   1578.7598449806226        5.1159538320357779E-006   165965571.34161237             4210
   1579.1348918614826        5.1136222226617199E-006   165965820.68208614             4211
   1579.5099387423427        5.1114256730334918E-006   165966069.90061641             4212
   1579.8849856232030        5.1090978241703210E-006   165966319.00377876             4213
   1580.2600325040630        5.1069050310171045E-006   165966567.98516765             4214
   1580.6350793849231        5.1045809345327125E-006   165966816.85135809             4215
   1581.0101262657834        5.1023918897332613E-006   165967065.59594476             4216
   1581.3851731466432        5.1000715375172458E-006   165967314.22550213             4217
   1581.7602200275035        5.0978862329719881E-006   165967562.73362517             4218
   1582.1352669083637        5.0955696169355918E-006   165967811.12688768             4219
   1582.5103137892236        5.0933880445665723E-006   165968059.39888492             4220
   1582.8853606700839        5.0910751566426180E-006   165968307.55619013             4221
   1583.2604075509439        5.0888973083934151E-006   165968555.59239885             4222
   1583.6354544318040        5.0865881405362357E-006   165968803.51408365             4223
   1584.0105013126642        5.0844140083719067E-006   165969051.31484044             4224
   1584.3855481935238        5.0821085525572737E-006   165969299.00124115             4225
   1584.7605950743844        5.0799381284642855E-006   165969546.56688192             4226
   1585.1356419552446        5.0776363766893299E-006   165969794.01833415             4227
   1585.5106888361042        5.0754696526754905E-006   165970041.34919423             4228
   1585.8857357169647        5.0731715969586692E-006   165970288.56603298             4229
   1586.2607825978250        5.0710085650530445E-006   165970535.66244707             4230
   1586.6358294786846        5.0687141974340468E-006   165970782.64500666             4231
   1587.0108763595451        5.0665548496869165E-006   165971029.50730878             4232
   1587.3859232404050        5.0642641622265908E-006   165971276.25592297             4233
   1587.7609701212650        5.0621084907093760E-006   165971522.88444653             4234
   1588.1360170021255        5.0598214754896802E-006   165971769.39944839             4235
   1588.5110638829851        5.0576694722948692E-006   165972015.79452616             4236
   1588.8861107638454        5.0553861214188068E-006   165972262.07624814             4237
   1589.2611576447059        5.0532377786598842E-006   165972508.23821223             4238
   1589.6362045255655        5.0509580842514294E-006   165972754.28698614             4239
   1590.0112514064258        5.0488133940628354E-006   165973000.21616808             4240
   1590.3862982872859        5.0465373482668546E-006   165973246.03232512             4241
   1590.7613451681459        5.0443963028038926E-006   165973491.72905573             4242
   1591.1363920490062        5.0421238977861103E-006   165973737.31292647             4243
   1591.5114389298662        5.0399864892248869E-006   165973982.77753606             4244
   1591.8864858107263        5.0377177171717959E-006   165974228.12945038             4245
   1592.2615326915866        5.0355839377091624E-006   165974473.36226854             4246
   1592.6365795724464        5.0333187908279632E-006   165974718.48255578             4247
   1593.0116264533067        5.0311886326814529E-006   165974963.48391151             4248
   1593.3866733341670        5.0289271031999811E-006   165975208.37290037             4249
   1593.7617202150268        5.0268005586077406E-006   165975453.14312202             4250
   1594.1367670958871        5.0245426387744302E-006   165975697.80114052             4251
   1594.5118139767471        5.0224196999951451E-006   165975942.34055585             4252
   1594.8868608576072        5.0201653820789357E-006   165976186.76793143             4253
   1595.2619077384675        5.0180460413917761E-006   165976431.07686758             4254
   1595.6369546193271        5.0157953176820565E-006   165976675.27392709             4255
   1596.0120015001876        5.0136795673866198E-006   165976919.35271052             4256
   1596.3870483810479        5.0114324301931617E-006   165977163.31978014             4257
   1596.7620952619075        5.0093202626093933E-006   165977407.16873676             4258
   1597.1371421427680        5.0070767042623075E-006   165977650.90614206             4259
   1597.5121890236283        5.0049681117304342E-006   165977894.52559716             4260
   1597.8872359044879        5.0027281245800790E-006   165978138.03366309             4261
   1598.2622827853484        5.0006230994605759E-006   165978381.42394134             4262
   1598.6373296662082        4.9983866758775002E-006   165978624.70299226             4263
   1599.0123765470682        4.9962852105509994E-006   165978867.86441767             4264
   1599.3874234279288        4.9940523429258886E-006   165979110.91477731             4265
   1599.7624703087884        4.9919544297931180E-006   165979353.84767333             4266
   1600.1375171896486        4.9897251105367348E-006   165979596.66966483             4267
   1600.5125640705091        4.9876307420184571E-006   165979839.37435427             4268
   1600.8876109513687        4.9854049635615693E-006   165980081.96830013             4269
   1601.2626578322290        4.9833141320985313E-006   165980324.44510522             4270
   1601.6377047130891        4.9810918868918478E-006   165980566.81132740             4271
   1602.0127515939491        4.9790045849447109E-006   165980809.06056970             4272
   1602.3877984748094        4.9767858654588202E-006   165981051.19938943             4273
   1602.7628453556692        4.9747020855080951E-006   165981293.22138998             4274
   1603.1378922365295        4.9724868842334132E-006   165981535.13312799             4275
   1603.5129391173898        4.9704066187793939E-006   165981776.92820719             4276
   1603.8879859982496        4.9681949282260946E-006   165982018.61318356             4277
   1604.2630328791099        4.9661181697888095E-006   165982260.18166116             4278
   1604.6380797599702        4.9639099824867568E-006   165982501.64019537             4279
   1605.0131266408300        4.9618367236058996E-006   165982742.98239058             4280
   1605.3881735216903        4.9596320321046019E-006   165982984.21480155             4281
   1605.7632204025504        4.9575622653394650E-006   165983225.33103293             4282
   1606.1382672834104        4.9553610622079979E-006   165983466.33763891             4283
   1606.5133141642707        4.9532947801374292E-006   165983707.22822449             4284
   1606.8883610451303        4.9510970579643832E-006   165983948.00934318             4285
   1607.2634079259908        4.9490342531867132E-006   165984188.67460033             4286
   1607.6384548068511        4.9468400045801317E-006   165984429.23054880             4287
   1608.0135016877107        4.9447806697131066E-006   165984669.67079431             4288
   1608.3885485685712        4.9425898873004326E-006   165984910.00188911             4289
   1608.7635954494313        4.9405340149811575E-006   165985150.21743917             4290
   1609.1386423302911        4.9383466914091583E-006   165985390.32399613             4291
   1609.5136892111516        4.9362942742940473E-006   165985630.31516638             4292
   1609.8887360920116        4.9341104022287660E-006   165985870.19750085             4293
   1610.2637829728715        4.9320614329934829E-006   165986109.96460629             4294
   1610.6388298537320        4.9298810051201699E-006   165986349.62303296             4295
   1611.0138767345916        4.9278354764595476E-006   165986589.16638801             4296
   1611.3889236154519        4.9256584854826167E-006   165986828.60122102             4297
   1611.7639704963124        4.9236163901106142E-006   165987067.92113951             4298
   1612.1390173771720        4.9214428287535704E-006   165987307.13269243             4299
   1612.5140642580322        4.9194041594032125E-006   165987546.22948757             4300
   1612.8891111388923        4.9172340204085827E-006   165987785.21807331             4301
   1613.2641580197524        4.9151987698319033E-006   165988024.09205779             4302
   1613.6392049006126        4.9130320459611989E-006   165988262.85798874             4303
   1614.0142517814725        4.9110002069291733E-006   165988501.50947464             4304
   1614.3892986623327        4.9088368909628233E-006   165988740.05306256             4305
   1614.7643455431930        4.9068084562653055E-006   165988978.48236132             4306
   1615.1393924240529        4.9046485410026006E-006   165989216.80391741             4307
   1615.5144393049131        4.9026235034482893E-006   165989455.01133999             4308
   1615.8894861857734        4.9004669817073042E-006   165989693.11117488             4309
   1616.2645330666332        4.8984453341236659E-006   165989931.09703159             4310
   1616.6395799474935        4.8962921987412291E-006   165990168.97545531             4311
   1617.0146268283536        4.8942739339744319E-006   165990406.74005592             4312
   1617.3896737092136        4.8921241778060569E-006   165990644.39737791             4313
   1617.7647205900739        4.8901092887209282E-006   165990881.94103152             4314
   1618.1397674709335        4.8879629046407480E-006   165991119.37756068             4315
   1618.5148143517940        4.8859513841207150E-006   165991356.70057592             4316
   1618.8898612326543        4.8838083650214311E-006   165991593.91662052             4317
   1619.2649081135139        4.8818002059684672E-006   165991831.01930544             4318
   1619.6399549943744        4.8796605447612980E-006   165992068.01517320             4319
   1620.0150018752345        4.8776557400958433E-006   165992304.89783520             4320
   1620.3900487560943        4.8755194297104627E-006   165992541.67383331             4321
   1620.7650956369548        4.8735179723713905E-006   165992778.33677924             4322
   1621.1401425178149        4.8713850057558594E-006   165993014.89321429             4323
   1621.5151893986747        4.8693868887004194E-006   165993251.33675045             4324
   1621.8902362795352        4.8672572588211414E-006   165993487.67392841             4325
   1622.2652831603948        4.8652624750248860E-006   165993723.89836055             4326
   1622.6403300412551        4.8631361748665513E-006   165993960.01658687             4327
   1623.0153769221156        4.8611447173232882E-006   165994196.02222013             4328
   1623.3904238029752        4.8590217398888228E-006   165994431.92179969             4329
   1623.7654706838355        4.8570336016105639E-006   165994667.70893869             4330
   1624.1405175646955        4.8549139399210498E-006   165994903.39017576             4331
   1624.5155644455556        4.8529291139379507E-006   165995138.95912451             4332
   1624.8906113264159        4.8508127610325898E-006   165995374.42232287             4333
   1625.2656582072757        4.8488312403928902E-006   165995609.77338478             4334
   1625.6407050881360        4.8467181893289524E-006   165995845.01884758             4335
   1626.0157519689963        4.8447399670989226E-006   165996080.15232557             4336
   1626.3907988498561        4.8426302109516738E-006   165996315.18035543             4337
   1626.7658457307164        4.8406552802155645E-006   165996550.09655184             4338
   1627.1408926115766        4.8385488120782218E-006   165996784.90745082             4339
   1627.5159394924365        4.8365771659382021E-006   165997019.60666743             4340
   1627.8909863732968        4.8344739789218796E-006   165997254.20073697             4341
   1628.2660332541568        4.8325056104979856E-006   165997488.68327495             4342
   1628.6410801350169        4.8304056977316376E-006   165997723.06081605             4343
   1629.0161270158771        4.8284406001617156E-006   165997957.32697606             4344
   1629.3911738967367        4.8263439547920764E-006   165998191.48828906             4345
   1629.7662207775973        4.8243821212317361E-006   165998425.53837121             4346
   1630.1412676584575        4.8222887364232643E-006   165998659.48375592             4347
   1630.5163145393171        4.8203301600458206E-006   165998893.31805974             4348
   1630.8913614201776        4.8182400289806573E-006   165999127.04781541             4349
   1631.2664083010377        4.8162847029770607E-006   165999360.66663989             4350
   1631.6414551818975        4.8141978188549747E-006   165999594.18106523             4351
   1632.0165020627580        4.8122457364337759E-006   165999827.58470881             4352
   1632.3915489436176        4.8101620924720915E-006   166000060.88410199             4353
   1632.7665958244779        4.8082132468593826E-006   166000294.07286251             4354
   1633.1416427053384        4.8061328362929359E-006   166000527.15752110             4355
   1633.5166895861980        4.8041872207323052E-006   166000760.13169593             4356
   1633.8917364670583        4.8021100368134055E-006   166000993.00191700             4357
   1634.2667833479188        4.8001676445658512E-006   166001225.76180288             4358
   1634.6418302287784        4.7980936805642118E-006   166001458.41788295             4359
   1635.0168771096387        4.7961545049081320E-006   166001690.96377614             4360
   1635.3919239904988        4.7940837541108077E-006   166001923.40601113             4361
   1635.7669708713588        4.7921477883419222E-006   166002155.73820728             4362
   1636.1420177522191        4.7900802440532741E-006   166002387.96689263             4363
   1636.5170646330789        4.7881474814845788E-006   166002620.08568686             4364
   1636.8921115139392        4.7860831370262241E-006   166002852.10111743             4365
   1637.2671583947995        4.7841535709879240E-006   166003084.00680438             4366
   1637.6422052756593        4.7820924196986726E-006   166003315.80927444             4367
   1638.0172521565196        4.7801660435381558E-006   166003547.50214818             4368
   1638.3922990373796        4.7781080787739517E-006   166003779.09195155             4369
   1638.7673459182397        4.7761848858557237E-006   166004010.57230550             4370
   1639.1423927991000        4.7741301009896022E-006   166004241.94973540             4371
   1639.5174396799600        4.7722100846952264E-006   166004473.21786261             4372
   1639.8924865608201        4.7701584731172718E-006   166004704.38321173             4373
   1640.2675334416804        4.7682416268453215E-006   166004935.43940458             4374
   1640.6425803225400        4.7661931819625970E-006   166005166.39296508             4375
   1641.0176272034005        4.7642794991286098E-006   166005397.23751548             4376
   1641.3926740842608        4.7622342143651116E-006   166005627.97957900             4377
   1641.7677209651204        4.7603236884015389E-006   166005858.61277828             4378
   1642.1427678459809        4.7582815571981487E-006   166006089.14363587             4379
   1642.5178147268409        4.7563741815542858E-006   166006319.56577486             4380
   1642.8928616077008        4.7543351973687186E-006   166006549.88571712             4381
   1643.2679084885613        4.7524309655106736E-006   166006780.09708607             4382
   1643.6429553694209        4.7503951218174214E-006   166007010.20640296             4383
   1644.0180022502811        4.7484940272280670E-006   166007240.20729166             4384
   1644.3930491311417        4.7464613175183481E-006   166007470.10627270             4385
   1644.7680960120013        4.7445633536972536E-006   166007699.89697033             4386
   1645.1431428928615        4.7425337714789824E-006   166007929.58590445             4387
   1645.5181897737220        4.7406389319423579E-006   166008159.16669971             4388
   1645.8932366545816        4.7386124707400615E-006   166008388.64587533             4389
   1646.2682835354419        4.7367207490207435E-006   166008618.01705641             4390
   1646.6433304163020        4.7346974023755247E-006   166008847.28676140             4391
   1647.0183772971620        4.7328087920228948E-006   166009076.44861585             4392
   1647.3934241780223        4.7307885534923946E-006   166009305.50913763             4393
   1647.7684710588821        4.7289030480723305E-006   166009534.46195260             4394
   1648.1435179397424        4.7268859112306605E-006   166009763.31357795             4395
   1648.5185648206029        4.7250035043254865E-006   166009992.05764002             4396
   1648.8936117014625        4.7229894627631958E-006   166010220.70065525             4397
   1649.2686585823228        4.7211101479716544E-006   166010449.23625043             4398
   1649.6437054631829        4.7190991952956560E-006   166010677.67094138             4399
   1650.0187523440429        4.7172229662328392E-006   166010905.99835521             4400
   1650.3937992249032        4.7152150960663793E-006   166011134.22500709             4401
   1650.7688461057633        4.7133419463636767E-006   166011362.34452459             4402
   1651.1438929866233        4.7113371523462867E-006   166011590.36342216             4403
   1651.5189398674836        4.7094670756513400E-006   166011818.27532783             4404
   1651.8939867483432        4.7074653514387737E-006   166012046.08675528             4405
   1652.2690336292037        4.7055983414154376E-006   166012273.79133308             4406
   1652.6440805100640        4.7035996806796227E-006   166012501.39557415             4407
   1653.0191273909236        4.7017357310079057E-006   166012728.89310747             4408
   1653.3941742717841        4.6997401274369136E-006   166012956.29044533             4409
   1653.7692211526441        4.6978792318129247E-006   166013183.58121714             4410
   1654.1442680335040        4.6958866791109087E-006   166013410.77193445             4411
   1654.5193149143645        4.6940288312468249E-006   166013637.85622713             4412
   1654.8943617952241        4.6920393231339707E-006   166013864.84060606             4413
   1655.2694086760844        4.6901845167579748E-006   166014091.71870154             4414
   1655.6444555569449        4.6881980469704501E-006   166014318.49702370             4415
   1656.0195024378045        4.6863462758266937E-006   166014545.16920331             4416
   1656.3945493186650        4.6843628381166098E-006   166014771.74174985             4417
   1656.7695961995253        4.6825140959651428E-006   166014998.20829448             4418
   1657.1446430803849        4.6805336841004997E-006   166015224.57534602             4419
   1657.5196899612454        4.6786879647172486E-006   166015450.83653602             4420
   1657.8947368421052        4.6767105724818807E-006   166015676.99837264             4421
   1658.2697837229653        4.6748678696585911E-006   166015903.05448788             4422
   1658.6448306038258        4.6728934908521326E-006   166016129.01138917             4423
   1659.0198774846854        4.6710537983963152E-006   166016354.86270896             4424
   1659.3949243655456        4.6690824268341482E-006   166016580.61495399             4425
   1659.7699712464062        4.6672457385690355E-006   166016806.26175719             4426
   1660.1450181272658        4.6652773680822462E-006   166017031.80962452             4427
   1660.5200650081260        4.6634436778467501E-006   166017257.25218943             4428
   1660.8951118889861        4.6614783022820624E-006   166017482.59595716             4429
   1661.2701587698461        4.6596476039307277E-006   166017707.83456156             4430
   1661.6452056507064        4.6576852171504859E-006   166017932.97450724             4431
   1662.0202525315665        4.6558575045534367E-006   166018158.00942850             4432
   1662.3952994124265        4.6538981004355307E-006   166018382.94582918             4433
   1662.7703462932868        4.6520733674784207E-006   166018607.77734405             4434
   1663.1453931741466        4.6501169399162621E-006   166018832.51047632             4435
   1663.5204400550069        4.6482951805002313E-006   166019057.13886112             4436
   1663.8954869358672        4.6463417234026885E-006   166019281.66900098             4437
   1664.2705338167270        4.6445229314443319E-006   166019506.09453154             4438
   1664.6455806975873        4.6425724387356960E-006   166019730.42195454             4439
   1665.0206275784474        4.6407566081669890E-006   166019954.64490616             4440
   1665.3956744593074        4.6388090737869213E-006   166020178.76988739             4441
   1665.7707213401677        4.6369961985551943E-006   166020402.79053485             4442
   1666.1457682210273        4.6350516164586884E-006   166020626.71334884             4443
   1666.5208151018878        4.6332416905265752E-006   166020850.53196645             4444
   1666.8958619827481        4.6313000546838923E-006   166021074.25288725             4445
   1667.2709088636077        4.6294930720292910E-006   166021297.86974880             4446
   1667.6459557444682        4.6275543764259348E-006   166021521.38904998             4447
   1668.0210026253280        4.6257503310419410E-006   166021744.80442882             4448
   1668.3960495061881        4.6238145696786067E-006   166021968.12238348             4449
   1668.7710963870486        4.6220134555734889E-006   166022191.33655238             4450
   1669.1461432679084        4.6200806224660090E-006   166022414.45343304             4451
   1669.5211901487685        4.6182824336631586E-006   166022637.46666437             4452
   1669.8962370296290        4.6163525228424648E-006   166022860.38274312             4453
   1670.2712839104886        4.6145572533803488E-006   166023083.19530869             4454
   1670.6463307913489        4.6126302588924271E-006   166023305.91085711             4455
   1671.0213776722094        4.6108379028245362E-006   166023528.52302828             4456
   1671.3964245530690        4.6089138187303880E-006   166023751.03831747             4457
   1671.7714714339293        4.6071243701252021E-006   166023973.45036510             4458
   1672.1465183147893        4.6052031905007789E-006   166024195.76566568             4459
   1672.5215651956494        4.6034166434417245E-006   166024417.97786006             4460
   1672.8966120765097        4.6014983623779017E-006   166024640.09344214             4461
   1673.2716589573695        4.5997147109632937E-006   166024862.10605323             4462
   1673.6467058382298        4.5977993225658249E-006   166025084.02218643             4463
   1674.0217527190900        4.5960185609088300E-006   166025305.83548358             4464
   1674.3967995999499        4.5941060592982994E-006   166025527.55243707             4465
   1674.7718464808102        4.5923281815269016E-006   166025749.16668916             4466
   1675.1468933616704        4.5904185608386640E-006   166025970.68473157             4467
   1675.5219402425303        4.5886435610956058E-006   166026192.10020706             4468
   1675.8969871233905        4.5867368154797763E-006   166026413.41960660             4469
   1676.2720340042506        4.5849646879225151E-006   166026634.63657337             4470
   1676.6470808851107        4.5830608115438973E-006   166026855.75759768             4471
   1677.0221277659709        4.5812915503445668E-006   166027076.77632326             4472
   1677.3971746468305        4.5793905373826188E-006   166027297.69923958             4473
   1677.7722215276910        4.5776241367279845E-006   166027518.51999089             4474
   1678.1472684085513        4.5757259813767647E-006   166027739.24506593             4475
   1678.5223152894109        4.5739624354681906E-006   166027959.86810946             4476
   1678.8973621702714        4.5720671319363434E-006   166028180.39560953             4477
   1679.2724090511313        4.5703064349897211E-006   166028400.82121131             4478
   1679.6474559319913        4.5684139775004012E-006   166028621.15140212             4479
   1680.0225028128518        4.5666561237461352E-006   166028841.37982765             4480
   1680.3975496937117        4.5647665065369826E-006   166029061.51297450             4481
   1680.7725965745717        4.5630114902199407E-006   166029281.54448888             4482
   1681.1476434554322        4.5611247075430254E-006   166029501.48085663             4483
   1681.5226903362918        4.5593725229224824E-006   166029721.31572440             4484
   1681.8977372171521        4.5574885690442832E-006   166029941.05557734             4485
   1682.2727840980126        4.5557392103938856E-006   166030160.69406262             4486
   1682.6478309788722        4.5538580795952217E-006   166030380.23766464             4487
   1683.0228778597325        4.5521115412029494E-006   166030599.68003106             4488
   1683.3979247405925        4.5502332277789540E-006   166030819.02764556             4489
   1683.7729716214526        4.5484895039470805E-006   166031038.27415630             4490
   1684.1480185023129        4.5466140022071449E-006   166031257.42604616             4491
   1684.5230653831727        4.5448730872521886E-006   166031476.47696391             4492
   1684.8981122640330        4.5430003915199383E-006   166031695.43339163             4493
   1685.2731591448933        4.5412622797726136E-006   166031914.28897855             4494
   1685.6482060257531        4.5393923843858536E-006   166032133.05020612             4495
   1686.0232529066134        4.5376570701910408E-006   166032351.71072400             4496
   1686.3982997874737        4.5357899695017080E-006   166032570.27701288             4497
   1686.7733466683335        4.5340574472184081E-006   166032788.74272299             4498
   1687.1483935491938        4.5321931355925518E-006   166033007.11433429             4499
   1687.5234404300538        4.5304633995938361E-006   166033225.38549745             4500
   1687.8984873109139        4.5286018714115579E-006   166033443.56269169             4501
   1688.2735341917742        4.5268749160845397E-006   166033661.63956824             4502
   1688.6485810726338        4.5250161657399510E-006   166033879.62260556             4503
   1689.0236279534943        4.5232919854857366E-006   166034097.50545537             4504
   1689.3986748343546        4.5214360073869250E-006   166034315.29459542             4505
   1689.7737217152142        4.5197145966205788E-006   166034532.98367792             4506
   1690.1487685960747        4.5178613851895689E-006   166034750.57917985             4507
   1690.5238154769345        4.5161427383400571E-006   166034968.07475400             4508
   1690.8988623577945        4.5142922880127649E-006   166035185.47687656             4509
   1691.2739092386551        4.5125763995229304E-006   166035402.77920082             4510
   1691.6489561195149        4.5107287047491140E-006   166035619.98820227             4511
   1692.0240030003749        4.5090155690756311E-006   166035837.09753469             4512
   1692.3990498812354        4.5071706243188647E-006   166036054.11367282             4513
   1692.7740967620950        4.5054602359321938E-006   166036271.03027096             4514
   1693.1491436429553        4.5036180356698233E-006   166036487.85380313             4515
   1693.5241905238158        4.5019103890541732E-006   166036704.57792410             4516
   1693.8992374046754        4.5000709277772701E-006   166036921.20910713             4517
   1694.2742842855357        4.4983660174305611E-006   166037137.74100760             4518
   1694.6493311663958        4.4965292896438813E-006   166037354.18009797             4519
   1695.0243780472558        4.4948271100777009E-006   166037570.52003410             4520
   1695.3994249281161        4.4929931102996479E-006   166037786.76728776             4521
   1695.7744718089759        4.4912936560392121E-006   166038002.91551530             4522
   1696.1495186898362        4.4894623788017976E-006   166038218.97118774             4523
   1696.5245655706965        4.4877656443859064E-006   166038434.92796201             4524
   1696.8996124515563        4.4859370842347153E-006   166038650.79230827             4525
   1697.2746593324166        4.4842430642157161E-006   166038866.55788407             4526
   1697.6497062132769        4.4824172157098525E-006   166039082.23115882             4527
   1698.0247530941367        4.4807259046536037E-006   166039297.80579051             4528
   1698.3997999749970        4.4789027623656667E-006   166039513.28824785             4529
   1698.7748468558570        4.4772141548514879E-006   166039728.67218938             4530
   1699.1498937367171        4.4753937133675241E-006   166039943.96408302             4531
   1699.5249406175774        4.4737078039881669E-006   166040159.15758786             4532
   1699.8999874984370        4.4718900579076256E-006   166040374.25917104             4533
   1700.2750343792975        4.4702068412692385E-006   166040589.26249221             4534
   1700.6500812601578        4.4683917852049367E-006   166040804.17401773             4535
   1701.0251281410174        4.4667112559270104E-006   166041018.98740780             4536
   1701.4001750218779        4.4648988845051052E-006   166041233.70912805             4537
   1701.7752219027377        4.4632210372204385E-006   166041448.33283913             4538
   1702.1502687835978        4.4614113450803726E-006   166041662.86500597             4539
   1702.5253156644583        4.4597361744350336E-006   166041877.29928976             4540
   1702.9003625453179        4.4579291562295006E-006   166042091.64215466             4541
   1703.2754094261782        4.4562566568828001E-006   166042305.88726237             4542
   1703.6504563070387        4.4544523072777067E-006   166042520.04107636             4543
   1704.0255031878983        4.4527824739021505E-006   166042734.09725881             4544
   1704.4005500687585        4.4509807875765805E-006   166042948.06227243             4545
   1704.7755969496191        4.4493136148578177E-006   166043161.92977995             4546
   1705.1506438304787        4.4475145865039884E-006   166043375.70624328             4547
   1705.5256907113389        4.4458500691407931E-006   166043589.38532579             4548
   1705.9007375921990        4.4440536934640216E-006   166043802.97348857             4549
   1706.2757844730590        4.4423918261682400E-006   166044016.46439549             4550
   1706.6508313539193        4.4405980978869016E-006   166044229.86450693             4551
   1707.0258782347792        4.4389388753834210E-006   166044443.16748732             4552
   1707.4009251156394        4.4371477892289173E-006   166044656.37979624             4553
   1707.7759719964997        4.4354912062556301E-006   166044869.49509862             4554
   1708.1510188773595        4.4337027569723352E-006   166045082.51985335             4555
   1708.5260657582198        4.4320488082801029E-006   166045295.44772595             4556
   1708.9011126390799        4.4302629906253402E-006   166045508.28517443             4557
   1709.2761595199399        4.4286116709779389E-006   166045721.02586487             4558
   1709.6512064008002        4.4268284797219416E-006   166045933.67625457             4559
   1710.0262532816603        4.4251797838960453E-006   166046146.23001015             4560
   1710.4013001625203        4.4233992138219153E-006   166046358.69358814             4561
   1710.7763470433806        4.4217531366070423E-006   166046571.06065568             4562
   1711.1513939242402        4.4199751825107160E-006   166046783.33766854             4563
   1711.5264408051007        4.4183317187092001E-006   166046995.51829442             4564
   1711.9014876859610        4.4165563753994032E-006   166047207.60898834             4565
   1712.2765345668206        4.4149155198263610E-006   166047419.60341853             4566
   1712.6515814476811        4.4131427821245822E-006   166047631.50803924             4567
   1713.0266283285412        4.4115045296078620E-006   166047843.31651926             4568
   1713.4016752094010        4.4097343923483039E-006   166048055.03531206             4569
   1713.7767220902615        4.4080987377284578E-006   166048266.65808702             4570
   1714.1517689711211        4.4063311957580126E-006   166048478.19129682             4571
   1714.5268158519814        4.4046981338882592E-006   166048689.62861136             4572
   1714.9018627328419        4.4029331820664532E-006   166048900.97648254             4573
   1715.2769096137015        4.4013027078126386E-006   166049112.22858092             4574
   1715.6519564945618        4.3995403410116269E-006   166049323.39135757             4575
   1716.0270033754223        4.3979124492521859E-006   166049534.45848355             4576
   1716.4020502562819        4.3961526623566872E-006   166049745.43640921             4577
   1716.7770971371422        4.3945273479826084E-006   166049956.31880617             4578
   1717.1521440180022        4.3927701358898728E-006   166050167.11212403             4579
   1717.5271908988623        4.3911473938046708E-006   166050377.81003493             4580
   1717.9022377797226        4.3893927514244519E-006   166050588.41898766             4581
   1718.2772846605824        4.3877725765441172E-006   166050798.93265504             4582
   1718.6523315414427        4.3860204987986373E-006   166051009.35748500             4583
   1719.0273784223029        4.3844028860516034E-006   166051219.68715087             4584
   1719.4024253031628        4.3826533678755131E-006   166051429.92809993             4585
   1719.7774721840231        4.3810383122026257E-006   166051640.07400602             4586
   1720.1525190648831        4.3792913485429567E-006   166051850.13131565             4587
   1720.5275659457432        4.3776788448974343E-006   166052060.09370321             4588
   1720.9026128266034        4.3759344307135800E-006   166052269.96761441             4589
   1721.2776597074635        4.3743244740609815E-006   166052479.74672425             4590
   1721.6527065883236        4.3725826043246595E-006   166052689.43747759             4591
   1722.0277534691838        4.3709751896428428E-006   166052899.03355008             4592
   1722.4028003500434        4.3692358593380536E-006   166053108.54138583             4593
   1722.7778472309039        4.3676309816171456E-006   166053317.95466098             4594
   1723.1528941117642        4.3658941857401251E-006   166053527.27981886             4595
   1723.5279409926238        4.3642918399824884E-006   166053736.51053622             4596
   1723.9029878734843        4.3625575735417001E-006   166053945.65325558             4597
   1724.2780347543444        4.3609577547618783E-006   166054154.70165429             4598
   1724.6530816352042        4.3592260127779621E-006   166054363.66217408             4599
   1725.0281285160647        4.3576287160026681E-006   166054572.52849284             4600
   1725.4031753969243        4.3558994935084043E-006   166054781.30705154             4601
   1725.7782222777846        4.3543047137764747E-006   166054989.99152866             4602
   1726.1532691586451        4.3525780058167441E-006   166055198.58836439             4603
   1726.5283160395047        4.3509857381791052E-006   166055407.09123778             4604
   1726.9033629203650        4.3492615398108659E-006   166055615.50658819             4605
   1727.2784098012255        4.3476717793304980E-006   166055823.82809529             4606
   1727.6534566820851        4.3459500856227535E-006   166056032.06219766             4607
   1728.0285035629454        4.3443628273746641E-006   166056240.20257553             4608
   1728.4035504438054        4.3426436334084146E-006   166056448.25566670             4609
   1728.7785973246655        4.3410588724795864E-006   166056656.21515200             4610
   1729.1536442055258        4.3393421733477956E-006   166056864.08746839             4611
   1729.5286910863856        4.3377599048371680E-006   166057071.86629733             4612
   1729.9037379672459        4.3360456956447402E-006   166057279.55807498             4613
   1730.2787848481062        4.3344659146631705E-006   166057487.15648338             4614
   1730.6538317289660        4.3327541905269116E-006   166057694.66795793             4615
   1731.0288786098263        4.3311768921971390E-006   166057902.08618119             4616
   1731.4039254906863        4.3294676482457075E-006   166058109.41758782             4617
   1731.7789723715464        4.3278928277023165E-006   166058316.65586093             4618
   1732.1540192524067        4.3261860590762174E-006   166058523.80743441             4619
   1732.5290661332663        4.3246137114656034E-006   166058730.86599198             4620
   1732.9041130141268        4.3229094133171239E-006   166058937.83796668             4621
   1733.2791598949871        4.3213395337974660E-006   166059144.71704286             4622
   1733.6542067758467        4.3196377012906665E-006   166059351.50965276             4623
   1734.0292536567072        4.3180702850318873E-006   166059558.20948136             4624
   1734.4043005375675        4.3163709133425517E-006   166059764.82296005             4625
   1734.7793474184271        4.3148059555263000E-006   166059971.34377441             4626
   1735.1543942992876        4.3131090398419072E-006   166060177.77835503             4627
   1735.5294411801476        4.3115465356614904E-006   166060384.12038809             4628
   1735.9044880610074        4.3098520711811900E-006   166060590.37630343             4629
   1736.2795349418680        4.3082920158415673E-006   166060796.53978777             4630
   1736.6545818227276        4.3065999977761298E-006   166061002.61727011             4631
   1737.0296287035878        4.3050423864938775E-006   166061208.60243788             4632
   1737.4046755844483        4.3033528100656627E-006   166061414.50171924             4633
   1737.7797224653079        4.3017976380689351E-006   166061620.30880216             4634
   1738.1547693461682        4.3001104985118725E-006   166061826.03011405             4635
   1738.5298162270283        4.2985577610403605E-006   166062031.65934345             4636
   1738.9048631078883        4.2968730535999093E-006   166062237.20291701             4637
   1739.2799099887486        4.2953227459048218E-006   166062442.65452388             4638
   1739.6549568696087        4.2936404658379354E-006   166062648.02058986             4639
   1740.0300037504687        4.2920925831819637E-006   166062853.29480469             4640
   1740.4050506313290        4.2904127257570568E-006   166063058.48359343             4641
   1740.7800975121888        4.2888672634143330E-006   166063263.58064643             4642
   1741.1551443930491        4.2871898239112510E-006   166063468.59238786             4643
   1741.5301912739094        4.2856467771673126E-006   166063673.51250872             4644
   1741.9052381547692        4.2839717508772951E-006   166063878.34743237             4645
   1742.2802850356295        4.2824311150290720E-006   166064083.09085047             4646
   1742.6553319164896        4.2807584972547217E-006   166064287.74918553             4647
   1743.0303787973496        4.2792202676104901E-006   166064492.31612980             4648
   1743.4054256782099        4.2775500536657453E-006   166064696.79810500             4649
   1743.7804725590695        4.2760142255451018E-006   166064901.18880397             4650
   1744.1555194399300        4.2743464107551971E-006   166065105.49464765             4651
   1744.5305663207903        4.2728129794890046E-006   166065309.70932952             4652
   1744.9056132016499        4.2711475591904468E-006   166065513.83926967             4653
   1745.2806600825104        4.2696165201208330E-006   166065717.87816218             4654
   1745.6557069633707        4.2679534896613538E-006   166065921.83242634             4655
   1746.0307538442303        4.2664248381416637E-006   166066125.69575682             4656
   1746.4058007250908        4.2647641928802112E-006   166066329.47457218             4657
   1746.7808476059508        4.2632379242749698E-006   166066533.16256768             4658
   1747.1558944868107        4.2615796595816584E-006   166066736.76616099             4659
   1747.5309413676712        4.2600557692665486E-006   166066940.27904806             4660
   1747.9059882485308        4.2583998805226271E-006   166067143.70764571             4661
   1748.2810351293911        4.2568783638844619E-006   166067347.04565054             4662
   1748.6560820102516        4.2552248464822820E-006   166067550.29947856             4663
   1749.0311288911112        4.2537056989189661E-006   166067753.46282697             4664
   1749.4061757719714        4.2520545482619638E-006   166067956.54211095             4665
   1749.7812226528315        4.2505377651824474E-006   166068159.53102830             4666
   1750.1562695336916        4.2488889766851081E-006   166068362.43599349             4667
   1750.5313164145518        4.2473745535093850E-006   166068565.25070485             4668
   1750.9063632954119        4.2457281225971930E-006   166068767.98157606             4669
   1751.2814101762719        4.2442160547562462E-006   166068970.62230608             4670
   1751.6564570571322        4.2425719768656751E-006   166069173.17930770             4671
   1752.0315039379921        4.2410622598014528E-006   166069375.64628062             4672
   1752.4065508188523        4.2394205303799249E-006   166069578.02963677             4673
   1752.7815976997128        4.2379131595453085E-006   166069780.32307646             4674
   1753.1566445805724        4.2362737740511662E-006   166069982.53301078             4675
   1753.5316914614327        4.2347687449099478E-006   166070184.65314069             4676
   1753.9067383422928        4.2331316988124136E-006   166070386.68987650             4677
   1754.2817852231528        4.2316290068392579E-006   166070588.63691977             4678
   1754.6568321040131        4.2299942956184182E-006   166070790.50067994             4679
   1755.0318789848727        4.2284939362988191E-006   166070992.27485922             4680
   1755.4069258657332        4.2268615554455924E-006   166071193.96586630             4681
   1755.7819727465935        4.2253635242758622E-006   166071395.56740397             4682
   1756.1570196274531        4.2237334692919486E-006   166071597.08588007             4683
   1756.5320665083136        4.2222377617791814E-006   166071798.51499805             4684
   1756.9071133891739        4.2206100281770488E-006   166071999.86116496             4685
   1757.2821602700335        4.2191166398390868E-006   166072201.11808482             4686
   1757.6572071508940        4.2174912231419457E-006   166072402.29216388             4687
   1758.0322540317541        4.2160001495073469E-006   166072603.37710682             4688
   1758.4073009126139        4.2143770452491000E-006   166072804.37931904             4689
   1758.7823477934744        4.2128882818571144E-006   166073005.29250586             4690
   1759.1573946743340        4.2112674855823448E-006   166073206.12307185             4691
   1759.5324415551945        4.2097810279828774E-006   166073406.86472300             4692
   1759.9074884360548        4.2081625352468135E-006   166073607.52386299             4693
   1760.2825353169144        4.2066783790004044E-006   166073808.09419850             4694
   1760.6575821977749        4.2050621853688804E-006   166074008.58213237             4695
   1761.0326290786347        4.2035803260466604E-006   166074208.98137188             4696
   1761.4076759594948        4.2019664270960976E-006   166074409.29831913             4697
   1761.7827228403553        4.2004868602797657E-006   166074609.52668199             4698
   1762.1577697212151        4.1988752515971420E-006   166074809.67286170             4699
   1762.5328166020752        4.1973979728789353E-006   166075009.73056680             4700
   1762.9078634829357        4.1957886500617426E-006   166075209.70619771             4701
   1763.2829103637953        4.1943136550444090E-006   166075409.59346363             4702
   1763.6579572446556        4.1927066137006452E-006   166075609.39876407             4703
   1764.0330041255161        4.1912338979974044E-006   166075809.11580896             4704
   1764.4080510063757        4.1896291337455205E-006   166076008.75099698             4705
   1764.7830978872360        4.1881586929800515E-006   166076208.29803863             4706
   1765.1581447680960        4.1865562014489348E-006   166076407.76333180             4707
   1765.5331916489561        4.1850880312553358E-006   166076607.14058763             4708
   1765.9082385298163        4.1834878080842761E-006   166076806.43620321             4709
   1766.2832854106759        4.1820219041070317E-006   166077005.64389035             4710
   1766.6583322915365        4.1804239449456982E-006   166077204.77004519             4711
   1767.0333791723967        4.1789603028396438E-006   166077403.80838025             4712
   1767.4084260532566        4.1773646033480599E-006   166077602.76529089             4713
   1767.7834729341168        4.1759032187783722E-006   166077801.63449019             4714
   1768.1585198149769        4.1743097746268638E-006   166078000.42237273             4715
   1768.5335666958370        4.1728506432690237E-006   166078199.12265226             4716
   1768.9086135766972        4.1712594501382030E-006   166078397.74172246             4717
   1769.2836604575573        4.1698025676779643E-006   166078596.27329779             4718
   1769.6587073384173        4.1682136212587147E-006   166078794.72377107             4719
   1770.0337542192776        4.1667589833920691E-006   166078993.08685738             4720
   1770.4088011001372        4.1651722793855036E-006   166079191.36894873             4721
   1770.7838479809977        4.1637198818186616E-006   166079389.56376091             4722
   1771.1588948618580        4.1621354159360847E-006   166079587.67768502             4723
   1771.5339417427176        4.1606852543854490E-006   166079785.70443749             4724
   1771.9089886235781        4.1591030223483430E-006   166079983.65040866             4725
   1772.2840355044380        4.1576550925404690E-006   166080181.50931561             4726
   1772.6590823852980        4.1560750900804579E-006   166080379.28754774             4727
   1773.0341292661585        4.1546293877520297E-006   166080576.97882289             4728
   1773.4091761470181        4.1530516106108527E-006   166080774.58952957             4729
   1773.7842230278784        4.1516081315086621E-006   166080972.11338627             4730
   1774.1592699087389        4.1500325754381475E-006   166081169.55678073             4731
   1774.5343167895985        4.1485913153190556E-006   166081366.91343203             4732
   1774.9093636704588        4.1470179760810884E-006   166081564.18972710             4733
   1775.2844105513193        4.1455789307119941E-006   166081761.37938568             4734
   1775.6594574321789        4.1440078040784958E-006   166081958.48879382             4735
   1776.0345043130392        4.1425709692363256E-006   166082155.51167193             4736
   1776.4095511938992        4.1410020509892128E-006   166082352.45440528             4737
   1776.7845980747593        4.1395674224608765E-006   166082549.31071493             4738
   1777.1596449556196        4.1380007083920429E-006   166082746.08698523             4739
   1777.5346918364794        4.1365682819744089E-006   166082942.77693796             4740
   1777.9097387173397        4.1350037678856966E-006   166083139.38695663             4741
   1778.2847855982000        4.1335735393855605E-006   166083335.91076365             4742
   1778.6598324790598        4.1320112210887296E-006   166083532.35474172             4743
   1779.0348793599201        4.1305831863227972E-006   166083728.71261394             4744
   1779.4099262407801        4.1290230596394960E-006   166083924.99076211             4745
   1779.7849731216402        4.1275972144343529E-006   166084121.18291000             4746
   1780.1600200025005        4.1260392751960909E-006   166084317.29543859             4747
   1780.5350668833605        4.1246156153881756E-006   166084513.32207230             4748
   1780.9101137642206        4.1230598594362979E-006   166084709.26919127             4749
   1781.2851606450809        4.1216383808718624E-006   166084905.13052061             4750
   1781.6602075259405        4.1200848040575280E-006   166085100.91243958             4751
   1782.0352544068010        4.1186655025926229E-006   166085296.60867399             4752
   1782.4103012876612        4.1171141007767604E-006   166085492.22560221             4753
   1782.7853481685208        4.1156969722771973E-006   166085687.75695077             4754
   1783.1603950493813        4.1141477413305008E-006   166085883.20909718             4755
   1783.5354419302412        4.1127327816718333E-006   166086078.57576862             4756
   1783.9104888111012        4.1111857174747165E-006   166086273.86334175             4757
   1784.2855356919617        4.1097729225422085E-006   166086469.06554446             4758
   1784.6605825728213        4.1082280209847871E-006   166086664.18875253             4759
   1785.0356294536816        4.1068173866733924E-006   166086859.22669449             4760
   1785.4106763345421        4.1052746436554399E-006   166087054.18574533             4761
   1785.7857232154017        4.1038661658697679E-006   166087249.05963427             4762
   1786.1607700962620        4.1023255773007183E-006   166087443.85473537             4763
   1786.5358169771225        4.1009192519550005E-006   166087638.56477857             4764
   1786.9108638579821        4.0993808137539024E-006   166087833.19613713             4765
   1787.2859107388424        4.0979766367719908E-006   166088027.74254158             4766
   1787.6609576197025        4.0964403448674804E-006   166088222.21036437             4767
   1788.0360045005625        4.0950383121828005E-006   166088416.59333673             4768
   1788.4110513814228        4.0935041625130778E-006   166088610.89783019             4769
   1788.7860982622826        4.0921042700685993E-006   166088805.11757669             4770
   1789.1611451431429        4.0905722585814028E-006   166088999.25894693             4771
   1789.5361920240032        4.0891745023296176E-006   166089193.31567350             4772
   1789.9112389048630        4.0876446249822039E-006   166089387.29412627             4773
   1790.2862857857233        4.0862490008851094E-006   166089581.18803853             4774
   1790.6613326665833        4.0847212536442083E-006   166089775.00377926             4775
   1791.0363795474434        4.0833277576732719E-006   166089968.73508242             4776
   1791.4114264283037        4.0818021365150762E-006   166090162.38831612             4777
   1791.7864733091637        4.0804107646512078E-006   166090355.95721507             4778
   1792.1615201900238        4.0788872655613413E-006   166090549.44814649             4779
   1792.5365670708841        4.0774980137948682E-006   166090742.85484579             4780
   1792.9116139517437        4.0759766327683651E-006   166090936.18367931             4781
   1793.2866608326042        4.0745894970990125E-006   166091129.42838317             4782
   1793.6617077134645        4.0730702301402769E-006   166091322.59532285             4783
   1794.0367545943241        4.0716852065771355E-006   166091515.67823508             4784
   1794.4118014751846        4.0701680496999279E-006   166091708.68348452             4785
   1794.7868483560444        4.0687851342614210E-006   166091901.60480869             4786
   1795.1618952369045        4.0672700834888337E-006   166092094.44857132             4787
   1795.5369421177650        4.0658892722027072E-006   166092287.20851058             4788
   1795.9119889986246        4.0643763235671370E-006   166092479.89098936             4789
   1796.2870358794848        4.0629976124704270E-006   166092672.48974657             4790
   1796.6620827603454        4.0614867620135322E-006   166092865.01114416             4791
   1797.0371296412050        4.0601101471525345E-006   166093057.44892177             4792
   1797.4121765220652        4.0586013909252333E-006   166093249.80944049             4793
   1797.7872234029253        4.0572268683554789E-006   166093442.08644068             4794
   1798.1622702837853        4.0557202024179127E-006   166093634.28628257             4795
   1798.5373171646456        4.0543477682041484E-006   166093826.40270710             4796
   1798.9123640455057        4.0528431886256574E-006   166094018.44207376             4797
   1799.2874109263657        4.0514728388418144E-006   166094210.39812416             4798
   1799.6624578072260        4.0499703417009131E-006   166094402.27721688             4799
   1800.0375046880858        4.0486020724300839E-006   166094594.07309431             4800
   1800.4125515689461        4.0471016538144371E-006   166094785.79211405             4801
   1800.7875984498064        4.0457354611488396E-006   166094977.42801929             4802
   1801.1626453306662        4.0442371171552391E-006   166095168.98716673             4803
   1801.5376922115265        4.0428729971962144E-006   166095360.46330020             4804
   1801.9127390923866        4.0413767239305346E-006   166095551.86277562             4805
   1802.2877859732466        4.0400146727885057E-006   166095743.17933750             4806
   1802.6628328541069        4.0385204663657030E-006   166095934.41934085             4807
   1803.0378797349665        4.0371604801601450E-006   166096125.57653093             4808
   1803.4129266158270        4.0356683367042254E-006   166096316.65726185             4809
   1803.7879734966873        4.0343104115636575E-006   166096507.65527958             4810
   1804.1630203775469        4.0328203272076479E-006   166096698.57693735             4811
   1804.5380672584074        4.0314644592695956E-006   166096889.41598186             4812
   1804.9131141392677        4.0299764301555100E-006   166097080.17876545             4813
   1805.2881610201273        4.0286226155664849E-006   166097270.85903555             4814
   1805.6632079009878        4.0271366378453251E-006   166097461.46314359             4815
   1806.0382547818476        4.0257848727608006E-006   166097651.98483768             4816
   1806.4133016627077        4.0243009425925063E-006   166097842.43046847             4817
   1806.7883485435682        4.0229512231768851E-006   166098032.79378474             4818
   1807.1633954244278        4.0214693367303204E-006   166098223.08113626             4819
   1807.5384423052881        4.0201216591569151E-006   166098413.28627250             4820
   1807.9134891861486        4.0186418126098413E-006   166098603.41554233             4821
   1808.2885360670082        4.0172961730608670E-006   166098793.46269602             4822
   1808.6635829478685        4.0158183625999213E-006   166098983.43408149             4823
   1809.0386298287285        4.0144747572664411E-006   166099173.32344976             4824
   1809.4136767095886        4.0129989790871141E-006   166099363.13714790             4825
   1809.7887235904489        4.0116574041690230E-006   166099552.86892757             4826
   1810.1637704713089        4.0101836544756331E-006   166099742.52513498             4827
   1810.5388173521690        4.0088441061816489E-006   166099932.09952253             4828
   1810.9138642330292        4.0073723811873082E-006   166100121.59843552             4829
   1811.2889111138891        4.0060348557349342E-006   166100311.01562715             4830
   1811.6639579947494        4.0045651516615370E-006   166100500.35744172             4831
   1812.0390048756096        4.0032296452770458E-006   166100689.61763319             4832
   1812.4140517564695        4.0017619583552336E-006   166100878.80254504             4833
   1812.7890986373297        4.0004284672736373E-006   166101067.90593189             4834
   1813.1641455181898        3.9989627937427778E-006   166101256.93413636             4835
   1813.5391923990499        3.9976313142078030E-006   166101445.88091376             4836
   1813.9142392799101        3.9961676503159731E-006   166101634.75260586             4837
   1814.2892861607697        3.9948381785800393E-006   166101823.54296866             4838
   1814.6643330416302        3.9933765205840039E-006   166102012.25834307             4839
   1815.0393799224905        3.9920490529081994E-006   166102200.89248586             4840
   1815.4144268033501        3.9905893970733699E-006   166102389.45173696             4841
   1815.7894736842106        3.9892639297274344E-006   166102577.92985389             4842
   1816.1645205650709        3.9878062723278552E-006   166102766.33317575             4843
   1816.5395674459305        3.9864828015901419E-006   166102954.65546072             4844
   1816.9146143267910        3.9850271389084716E-006   166103142.90304703             4845
   1817.2896612076511        3.9837056610659277E-006   166103331.06969362             4846
   1817.6647080885109        3.9822519893934140E-006   166103519.16173783             4847
   1818.0397549693714        3.9809325007415664E-006   166103707.17293930             4848
   1818.4148018502310        3.9794808163780126E-006   166103895.10963443             4849
   1818.7898487310913        3.9781633132209423E-006   166104082.96558368             4850
   1819.1648956119518        3.9767136124746970E-006   166104270.74712253             4851
   1819.5399424928114        3.9753980911250077E-006   166104458.44801220             4852
   1819.9149893736717        3.9739503703129310E-006   166104646.07458723             4853
   1820.2900362545317        3.9726368270917326E-006   166104833.62060955             4854
   1820.6650831353918        3.9711910825391778E-006   166105021.09241286             4855
   1821.0401300162521        3.9698795137760622E-006   166105208.48375982             4856
   1821.4151768971121        3.9684357418168497E-006   166105395.80098325             4857
   1821.7902237779722        3.9671261438498614E-006   166105583.03784651             4858
   1822.1652706588325        3.9656843408262598E-006   166105770.20068151             4859
   1822.5403175396923        3.9643767100018814E-006   166105957.28325242             4860
   1822.9153644205526        3.9629368722645882E-006   166106144.29189017             4861
   1823.2904113014129        3.9616312049377108E-006   166106331.22035971             4862
   1823.6654581822727        3.9601933288458091E-006   166106518.07499111             4863
   1824.0405050631330        3.9588896213797239E-006   166106704.84954998             4864
   1824.4155519439930        3.9574537033006773E-006   166106891.55036554             4865
   1824.7905988248531        3.9561519520670279E-006   166107078.17120415             4866
   1825.1656457057134        3.9547179883766646E-006   166107264.71839407             4867
   1825.5406925865730        3.9534181897554424E-006   166107451.18570250             4868
   1825.9157394674335        3.9519861768379208E-006   166107637.57945675             4869
   1826.2907863482938        3.9506883272174315E-006   166107823.89342472             4870
   1826.6658332291533        3.9492582614652122E-006   166108010.13393286             4871
   1827.0408801100139        3.9479623572420700E-006   166108196.29474986             4872
   1827.4159269908741        3.9465342350558957E-006   166108382.38220119             4873
   1827.7909738717337        3.9452402726349794E-006   166108568.39005628             4874
   1828.1660207525942        3.9438140904238658E-006   166108754.32463983             4875
   1828.5410676334543        3.9425220662183077E-006   166108940.17972189             4876
   1828.9161145143141        3.9410978203995111E-006   166109125.96162623             4877
   1829.2911613951746        3.9398077308306749E-006   166109311.66412374             4878
   1829.6662082760342        3.9383854178296656E-006   166109497.29353726             4879
   1830.0412551568945        3.9370972593271210E-006   166109682.84363845             4880
   1830.4163020377550        3.9356768755775616E-006   166109868.32074922             4881
   1830.7913489186146        3.9343906445790676E-006   166110053.71864194             4882
   1831.1663957994749        3.9329721865227955E-006   166110239.04363766             4883
   1831.5414426803350        3.9316878794742653E-006   166110424.28950951             4884
   1831.9164895611950        3.9302713435612807E-006   166110609.46257761             4885
   1832.2915364420553        3.9289889569167761E-006   166110794.55661586             4886
   1832.6665833229151        3.9275743396051979E-006   166110979.57794347             4887
   1833.0416302037754        3.9262938698269020E-006   166111164.52033511             4888
   1833.4166770846357        3.9248811675829580E-006   166111349.39010900             4889
   1833.7917239654955        3.9236026111411456E-006   166111534.18104064             4890
   1834.1667708463558        3.9221918204391483E-006   166111718.89944738             4891
   1834.5418177272161        3.9209151738121605E-006   166111903.53910533             4892
   1834.9168646080759        3.9195062911344965E-006   166112088.10633105             4893
   1835.2919114889362        3.9182315508087372E-006   166112272.59490144             4894
   1835.6669583697962        3.9168245726458187E-006   166112457.01113206             4895
   1836.0420052506563        3.9155517351157168E-006   166112641.34880057             4896
   1836.4170521315166        3.9141466579659840E-006   166112825.61422169             4897
   1836.7920990123762        3.9128757197339820E-006   166113009.80117375             4898
   1837.1671458932367        3.9114725401038688E-006   166113193.91597059             4899
   1837.5421927740970        3.9102034976803916E-006   166113377.95239139             4900
   1837.9172396549566        3.9088022120843210E-006   166113561.91674894             4901
   1838.2922865358171        3.9075350619877644E-006   166113745.80282325             4902
   1838.6673334166771        3.9061356669480935E-006   166113929.61692622             4903
   1839.0423802975370        3.9048704057047998E-006   166114113.35283855             4904
   1839.4174271783975        3.9034728977518292E-006   166114297.01687127             4905
   1839.7924740592575        3.9022095218960548E-006   166114480.60280588             4906
   1840.1675209401174        3.9008138975680016E-006   166114664.11695245             4907
   1840.5425678209779        3.8995524036419080E-006   166114847.55309322             4908
   1840.9176147018375        3.8981586594848775E-006   166115030.91753739             4909
   1841.2926615826977        3.8968990440385021E-006   166115214.20406798             4910
   1841.6677084635583        3.8955071766064714E-006   166115397.41899320             4911
   1842.0427553444179        3.8942494361977162E-006   166115580.55609688             4912
   1842.4178022252781        3.8928594420525038E-006   166115763.62168634             4913
   1842.7928491061382        3.8916035732471001E-006   166115946.60954612             4914
   1843.1678959869982        3.8902154489583582E-006   166116129.52598268             4915
   1843.5429428678585        3.8889614483298586E-006   166116312.36478132             4916
   1843.9179897487184        3.8875751904750337E-006   166116495.13224751             4917
   1844.2930366295786        3.8863230546047870E-006   166116677.82216737             4918
   1844.6680835104389        3.8849386597691148E-006   166116860.44084549             4919
   1845.0431303912987        3.8836883852462429E-006   166117042.98206875             4920
   1845.4181772721590        3.8823058500227207E-006   166117225.45214078             4921
   1845.7932241530193        3.8810574334440918E-006   166117407.84484923             4922
   1846.1682710338791        3.8796767544334670E-006   166117590.16649681             4923
   1846.5433179147394        3.8784301924036894E-006   166117772.41087195             4924
   1846.9183647955995        3.8770513662144244E-006   166117954.58427650             4925
   1847.2934116764595        3.8758066553458142E-006   166118136.68049958             4926
   1847.6684585573198        3.8744296785940691E-006   166118318.70584214             4927
   1848.0435054381794        3.8731868155066330E-006   166118500.65409413             4928
   1848.4185523190399        3.8718116848162589E-006   166118682.53155547             4929
   1848.7935991999002        3.8705706661376699E-006   166118864.33201697             4930
   1849.1686460807598        3.8691973781401744E-006   166119046.06177759             4931
   1849.5436929616203        3.8679582005057600E-006   166119227.71462893             4932
   1849.9187398424804        3.8665867518402807E-006   166119409.29686907             4933
   1850.2937867233402        3.8653494118929979E-006   166119590.80229032             4934
   1850.6688336042007        3.8639797992062939E-006   166119772.23718986             4935
   1851.0438804850608        3.8627442935966999E-006   166119953.59536079             4936
   1851.4189273659206        3.8613765135431351E-006   166120134.88309932             4937
   1851.7939742467811        3.8601428389293835E-006   166120316.09419936             4938
   1852.1690211276407        3.8587768881708883E-006   166120497.23495620             4939
   1852.5440680085010        3.8575450412186956E-006   166120678.29916456             4940
   1852.9191148893615        3.8561809164247610E-006   166120859.29311875             4941
   1853.2941617702211        3.8549508938073910E-006   166121040.21061426             4942
   1853.6692086510814        3.8535885916550543E-006   166121221.05794454             4943
   1854.0442555319414        3.8523603900532973E-006   166121401.82890582             4944
   1854.4193024128015        3.8509999072271004E-006   166121582.52979064             4945
   1854.7943492936618        3.8497735233292567E-006   166121763.15439597             4946
   1855.1693961745216        3.8484148565212446E-006   166121943.70901343             4947
   1855.5444430553819        3.8471902870230920E-006   166122124.18744087             4948
   1855.9194899362424        3.8458334329327821E-006   166122304.59596887             4949
   1856.2945368171020        3.8446106745375720E-006   166122484.92839611             4950
   1856.6695836979623        3.8432556298719332E-006   166122665.19101223             4951
   1857.0446305788228        3.8420346792903552E-006   166122845.37761667             4952
   1857.4196774596824        3.8406814407638026E-006   166123025.49449822             4953
   1857.7947243405426        3.8394622947139751E-006   166123205.53545702             4954
   1858.1697712214027        3.8381108590483311E-006   166123385.50678092             4955
   1858.5448181022628        3.8368935142557841E-006   166123565.40227097             4956
   1858.9198649831230        3.8355438781802733E-006   166123745.22821400             4957
   1859.2949118639826        3.8343283313779167E-006   166123924.97841185             4958
   1859.6699587448431        3.8329804916291405E-006   166124104.65915042             4959
   1860.0450056257034        3.8317667395572512E-006   166124284.26423231             4960
   1860.4200525065630        3.8304206928791667E-006   166124463.79994258             4961
   1860.7950993874235        3.8292087322853752E-006   166124643.26008454             4962
   1861.1701462682836        3.8278644754292740E-006   166124822.65094233             4963
   1861.5451931491434        3.8266543030685344E-006   166125001.96632010             4964
   1861.9202400300039        3.8253118327930255E-006   166125181.21250099             4965
   1862.2952869108640        3.8241034454275967E-006   166125360.38328999             4966
   1862.6703337917238        3.8227627584985914E-006   166125539.48496929             4967
   1863.0453806725843        3.8215561528980253E-006   166125718.51134464             4968
   1863.4204275534439        3.8202172460887127E-006   166125897.46869731             4969
   1863.7954744343044        3.8190124190298262E-006   166126076.35083389             4970
   1864.1705213151647        3.8176752891206458E-006   166126255.16403466             4971
   1864.5455681960243        3.8164722373875097E-006   166126433.90210703             4972
   1864.9206150768848        3.8151368811661510E-006   166126612.57133040             4973
   1865.2956619577446        3.8139356015500610E-006   166126791.16551286             4974
   1865.6707088386047        3.8126020158114295E-006   166126969.69093290             4975
   1866.0457557194652        3.8114025051108945E-006   166127148.14139950             4976
   1866.4208026003248        3.8100706866570976E-006   166127326.52319011             4977
   1866.7958494811851        3.8088729416778174E-006   166127504.83011454             4978
   1867.1708963620456        3.8075428873181424E-006   166127683.06844935             4979
   1867.5459432429052        3.8063469048729909E-006   166127861.23200506             4980
   1867.9209901237655        3.8050186114238907E-006   166128039.32705733             4981
   1868.2960370046255        3.8038243883328889E-006   166128217.34741756             4982
   1868.6710838854856        3.8024978526179599E-006   166128395.29936036             4983
   1869.0461307663459        3.8013053857082689E-006   166128573.17669794             4984
   1869.4211776472059        3.7999806045582307E-006   166128750.98570400             4985
   1869.7962245280660        3.7987898906641271E-006   166128928.72019157             4986
   1870.1712714089263        3.7974668609168036E-006   166129106.38643339             4987
   1870.5463182897861        3.7962778968796596E-006   166129283.97824329             4988
   1870.9213651706464        3.7949566153799624E-006   166129461.50189304             4989
   1871.2964120515066        3.7937693980482205E-006   166129638.95119730             4990
   1871.6714589323665        3.7924498616481376E-006   166129816.33242694             4991
   1872.0465058132268        3.7912643878773081E-006   166129993.63939735             4992
   1872.4215526940868        3.7899465934358656E-006   166130170.87837851             4993
   1872.7965995749469        3.7887628600884938E-006   166130348.04318660             4994
   1873.1716464558071        3.7874468044717485E-006   166130525.14009064             4995
   1873.5466933366667        3.7862648084174067E-006   166130702.16290766             4996
   1873.9217402175273        3.7849504884984333E-006   166130879.11790565             4997
   1874.2967870983875        3.7837702266136846E-006   166131055.99890253             4998
   1874.6718339792471        3.7824576392725468E-006   166131232.81216532             4999
   1875.0468808601076        3.7812791084409469E-006   166131409.55151269             5000
   1875.4219277409679        3.7799682505646822E-006   166131586.22321081             5001
   1875.7969746218275        3.7787914476767562E-006   166131762.82107916             5002
   1876.1720215026880        3.7774823161593642E-006   166131939.35138288             5003
   1876.5470683835479        3.7763072381125711E-006   166132115.80794230             5004
   1876.9221152644079        3.7749998298549840E-006   166132292.19702163             5005
   1877.2971621452684        3.7738264735537181E-006   166132468.51244196             5006
   1877.6722090261280        3.7725207854637876E-006   166132644.76046661             5007
   1878.0472559069883        3.7713491478193556E-006   166132820.93491748             5008
   1878.4223027878488        3.7700451768118339E-006   166132997.04205689             5009
   1878.7973496687084        3.7688752547424365E-006   166133173.07570761             5010
   1879.1723965495687        3.7675729977389599E-006   166133349.04213095             5011
   1879.5474434304288        3.7664047881696646E-006   166133524.93515053             5012
   1879.9224903112888        3.7651042420987341E-006   166133700.76102677             5013
   1880.2975371921491        3.7639377419614659E-006   166133876.51358399             5014
   1880.6725840730091        3.7626389037584282E-006   166134052.19908172             5015
   1881.0476309538692        3.7614741099919521E-006   166134227.81134510             5016
   1881.4226778347295        3.7601769765989827E-006   166134403.35663265             5017
   1881.7977247155893        3.7590138861488763E-006   166134578.82877043             5018
   1882.1727715964496        3.7577184545149590E-006   166134754.23401594             5019
   1882.5478184773099        3.7565570643336050E-006   166134929.56619608             5020
   1882.9228653581697        3.7552633314145218E-006   166135104.83156738             5021
   1883.2979122390300        3.7541036384610875E-006   166135280.02395755             5022
   1883.6729591198900        3.7528116012193878E-006   166135455.14962217             5023
   1884.0480060007501        3.7516536024598060E-006   166135630.20238981             5024
   1884.4230528816104        3.7503632578647954E-006   166135805.18851507             5025
   1884.7980997624700        3.7492069502717443E-006   166135980.10182732             5026
   1885.1731466433305        3.7479182952994712E-006   166136154.94858027             5027
   1885.5481935241908        3.7467636758523577E-006   166136329.72260404             5028
   1885.9232404050504        3.7454767074855903E-006   166136504.43015137             5029
   1886.2982872859109        3.7443237731705370E-006   166136679.06505328             5030
   1886.6733341667712        3.7430384883987423E-006   166136853.63356149             5031
   1887.0483810476308        3.7418872362085619E-006   166137028.12950793             5032
   1887.4234279284913        3.7406036320278969E-006   166137202.55914330             5033
   1887.7984748093511        3.7394540589620761E-006   166137376.91630030             5034
   1888.1735216902111        3.7381721323753641E-006   166137551.20722875             5035
   1888.5485685710717        3.7370242354400555E-006   166137725.42576215             5036
   1888.9236154519313        3.7357439834567685E-006   166137899.57814938             5037
   1889.2986623327915        3.7345977596647635E-006   166138073.65822476             5038
   1889.6737092136520        3.7333191793010056E-006   166138247.67223620             5039
   1890.0487560945116        3.7321746256717206E-006   166138421.61401886             5040
   1890.4238029753719        3.7308977139502162E-006   166138595.48981968             5041
   1890.7988498562320        3.7297548275096724E-006   166138769.29347467             5042
   1891.1738967370920        3.7284795814597393E-006   166138943.03122976             5043
   1891.5489436179523        3.7273383592405483E-006   166139116.69692183             5044
   1891.9239904988124        3.7260647758980841E-006   166139290.29679582             5045
   1892.2990373796724        3.7249252149394272E-006   166139463.82468948             5046
   1892.6740842605327        3.7236532913468931E-006   166139637.28684682             5047
   1893.0491311413925        3.7225153886945046E-006   166139810.67710632             5048
   1893.4241780222528        3.7212451219009107E-006   166139984.00171104             5049
   1893.7992249031131        3.7201088746070634E-006   166140157.25450036             5050
   1894.1742717839729        3.7188402616679483E-006   166140330.44171634             5051
   1894.5493186648332        3.7177056667914371E-006   166140503.55719921             5052
   1894.9243655456933        3.7164387047688437E-006   166140676.60719007             5053
   1895.2994124265533        3.7153057593749671E-006   166140849.58552995             5054
   1895.6744593074136        3.7140404453374414E-006   166141022.49845901             5055
   1896.0495061882732        3.7129091464979842E-006   166141195.33981913             5056
   1896.4245530691337        3.7116454775205448E-006   166141368.11584947             5057
   1896.7995999499940        3.7105158223137523E-006   166141540.82039276             5058
   1897.1746468308536        3.7092537954778841E-006   166141713.45968717             5059
   1897.5496937117141        3.7081257809884663E-006   166141886.02757633             5060
   1897.9247405925739        3.7068653933820874E-006   166142058.53029737             5061
   1898.2997874734340        3.7057390167011836E-006   166142230.96169481             5062
   1898.6748343542945        3.7044802654186453E-006   166142403.32800484             5063
   1899.0498812351543        3.7033555236438112E-006   166142575.62307271             5064
   1899.4249281160144        3.7020984057858773E-006   166142747.85313371             5065
   1899.7999749968749        3.7009752960210695E-006   166142920.01203397             5066
   1900.1750218777345        3.6997198086948946E-006   166143092.10600775             5067
   1900.5500687585948        3.6985983280504568E-006   166143264.12890205             5068
   1900.9251156394553        3.6973444683695652E-006   166143436.08695012             5069
   1901.3001625203149        3.6962246139622143E-006   166143607.97399986             5070
   1901.6752094011752        3.6949723790464984E-006   166143779.79628351             5071
   1902.0502562820352        3.6938541479992881E-006   166143951.54764980             5072
   1902.4253031628953        3.6926035349749827E-006   166144123.23433006             5073
   1902.8003500437555        3.6914869244173125E-006   166144294.85017380             5074
   1903.1753969246154        3.6902379304169731E-006   166144466.40141141             5075
   1903.5504438054757        3.6891229374845597E-006   166144637.88189328             5076
   1903.9254906863359        3.6878755596470521E-006   166144809.29784873             5077
   1904.3005375671958        3.6867621814819138E-006   166144980.64312908             5078
   1904.6755844480560        3.6855164169524013E-006   166145151.92396268             5079
   1905.0506313289163        3.6844046507028340E-006   166145323.13420162             5080
   1905.4256782097762        3.6831604966327620E-006   166145494.28007334             5081
   1905.8007250906364        3.6820503394533403E-006   166145665.35543075             5082
   1906.1757719714965        3.6808077930004000E-006   166145836.36650035             5083
   1906.5508188523565        3.6796992420519486E-006   166146007.30713588             5084
   1906.9258657332168        3.6784583003800873E-006   166146178.18356282             5085
   1907.3009126140764        3.6773513528296674E-006   166146348.98963585             5086
   1907.6759594949369        3.6761120131090586E-006   166146519.73157939             5087
   1908.0510063757972        3.6750066661299435E-006   166146690.40324900             5088
   1908.4260532566568        3.6737689255369724E-006   166146861.01086813             5089
   1908.8011001375173        3.6726651763086447E-006   166147031.54829317             5090
   1909.1761470183772        3.6714290320258891E-006   166147202.02174667             5091
   1909.5511938992372        3.6703268777340246E-006   166147372.42508578             5092
   1909.9262407800977        3.6690923269502410E-006   166147542.76453209             5093
   1910.3012876609575        3.6679917647866794E-006   166147713.03394368             5094
   1910.6763345418176        3.6667588046967929E-006   166147883.23954105             5095
   1911.0513814226781        3.6656598318595309E-006   166148053.37518317             5096
   1911.4264283035377        3.6644284596646079E-006   166148223.44708958             5097
   1911.8014751843980        3.6633310733577783E-006   166148393.44912013             5098
   1912.1765220652585        3.6621012862650170E-006   166148563.38749337             5099
   1912.5515689461181        3.6610054836988850E-006   166148733.25606996             5100
   1912.9266158269784        3.6597772789216041E-006   166148903.06106746             5101
   1913.3016627078384        3.6586830573125340E-006   166149072.79634747             5102
   1913.6767095886985        3.6574564320701509E-006   166149242.46812651             5103
   1914.0517564695588        3.6563637886406023E-006   166149412.07026705             5104
   1914.4268033504186        3.6551387401586148E-006   166149581.60898462             5105
   1914.8018502312789        3.6540476721371209E-006   166149751.07814255             5106
   1915.1768971121392        3.6528241976470908E-006   166149920.48395541             5107
   1915.5519439929990        3.6517347022682481E-006   166150089.82028741             5108
   1915.9269908738593        3.6505127990077956E-006   166150259.09335208             5109
   1916.3020377547195        3.6494248735122416E-006   166150428.29701445             5110
   1916.6770846355794        3.6482045387250261E-006   166150597.43748719             5111
   1917.0521315164397        3.6471181803594228E-006   166150766.50863609             5112
   1917.4271783972997        3.6458994112951179E-006   166150935.51667288             5113
   1917.8022252781598        3.6448146173121480E-006   166151104.45546424             5114
   1918.1772721590200        3.6435974112264358E-006   166151273.33122087             5115
   1918.5523190398796        3.6425141788847808E-006   166151442.13781032             5116
   1918.9273659207402        3.6412985330393318E-006   166151610.88144228             5117
   1919.3024128016004        3.6402168596036471E-006   166151779.55598524             5118
   1919.6774596824600        3.6390027712661066E-006   166151948.16764784             5119
   1920.0525065633205        3.6379226540070187E-006   166152116.71029943             5120
   1920.4275534441806        3.6367101204509888E-006   166152285.19014767             5121
   1920.8026003250404        3.6356315566450741E-006   166152453.60106283             5122
   1921.1776472059009        3.6344205751500986E-006   166152621.94925153             5123
   1921.5526940867610        3.6333435620798704E-006   166152790.22858492             5124
   1921.9277409676208        3.6321341299314283E-006   166152958.44526866             5125
   1922.3027878484813        3.6310586648853148E-006   166153126.59317470             5126
   1922.6778347293409        3.6298507793747931E-006   166153294.67850772             5127
   1923.0528816102012        3.6287768596471348E-006   166153462.69514060             5128
   1923.4279284910617        3.6275705180718159E-006   166153630.64927703             5129
   1923.8029753719213        3.6264981409628380E-006   166153798.53479069             5130
   1924.1780222527816        3.6252933406258894E-006   166153966.35788432             5131
   1924.5530691336417        3.6242225034416916E-006   166154134.11243251             5132
   1924.9281160145017        3.6230192416521477E-006   166154301.80463690             5133
   1925.3031628953620        3.6219499417046872E-006   166154469.42837304             5134
   1925.6782097762218        3.6207482157774323E-006   166154636.98984158             5135
   1926.0532566570821        3.6196804503845160E-006   166154804.48291889             5136
   1926.4283035379424        3.6184802576402650E-006   166154971.91380465             5137
   1926.8033504188022        3.6174140241255264E-006   166155139.27637613             5138
   1927.1783972996625        3.6162153618908279E-006   166155306.57683200             5139
   1927.5534441805228        3.6151506575837109E-006   166155473.80905038             5140
   1927.9284910613826        3.6139535231909112E-006   166155640.97922897             5141
   1928.3035379422429        3.6128903454266638E-006   166155808.08124676             5142
   1928.6785848231029        3.6116947362138992E-006   166155975.12130046             5143
   1929.0536317039630        3.6106330823335528E-006   166156142.09326994             5144
   1929.4286785848233        3.6094389956447405E-006   166156309.00335091             5145
   1929.8037254656829        3.6083788629950899E-006   166156475.84542412             5146
   1930.1787723465434        3.6071862961799104E-006   166156642.62568426             5147
   1930.5538192274037        3.6061276821135074E-006   166156809.33801296             5148
   1930.9288661082633        3.6049366325273872E-006   166156975.98860392             5149
   1931.3039129891238        3.6038795344025304E-006   166157142.57133970             5150
   1931.6789598699838        3.6026899994066246E-006   166157309.09241295             5151
   1932.0540067508437        3.6016344145873302E-006   166157475.54570711             5152
   1932.4290536317042        3.6004463915485141E-006   166157641.93741384             5153
   1932.8041005125638        3.5993923174045063E-006   166157808.26141748             5154
   1933.1791473934240        3.5982058036953578E-006   166157974.52390864             5155
   1933.5541942742846        3.5971532376020555E-006   166158140.71877259             5156
   1933.9292411551442        3.5959682306008400E-006   166158306.85219896             5157
   1934.3042880360044        3.5949171699393494E-006   166158472.91807383             5158
   1934.6793349168649        3.5937336670300017E-006   166158638.92258587             5159
   1935.0543817977245        3.5926841091870945E-006   166158804.85962206             5160
   1935.4294286785848        3.5915021077592117E-006   166158970.73537001             5161
   1935.8044755594449        3.5904540501273050E-006   166159136.54371765             5162
   1936.1795224403049        3.5892735475761280E-006   166159302.29085156             5163
   1936.5545693211652        3.5882269875532785E-006   166159467.97066057             5164
   1936.9296162020250        3.5870479812796805E-006   166159633.58933026             5165
   1937.3046630828853        3.5860029162695687E-006   166159799.14075029             5166
   1937.6797099637456        3.5848254036800335E-006   166159964.63110530             5167
   1938.0547568446054        3.5837818310919481E-006   166160130.05428582             5168
   1938.4298037254657        3.5826058095985656E-006   166160295.41647547             5169
   1938.8048506063258        3.5815637268473850E-006   166160460.71156570             5170
   1939.1798974871858        3.5803891938678260E-006   166160625.94573909             5171
   1939.5549443680461        3.5793485983740121E-006   166160791.11288801             5172
   1939.9299912489062        3.5781755513315196E-006   166160956.21919402             5173
   1940.3050381297662        3.5771364405210990E-006   166161121.25855035             5174
   1940.6800850106265        3.5759648768444764E-006   166161286.23713762             5175
   1941.0551318914861        3.5749272481490245E-006   166161451.14884990             5176
   1941.4301787723466        3.5737571652726209E-006   166161615.99986678             5177
   1941.8052256532069        3.5727210161292463E-006   166161780.78408331             5178
   1942.1802725340665        3.5715524114929419E-006   166161945.50767803             5179
   1942.5553194149270        3.5705177393442850E-006   166162110.16454685             5180
   1942.9303662957871        3.5693506103934674E-006   166162274.76086733             5181
   1943.3054131766469        3.5683174126876712E-006   166162439.29053628             5182
   1943.6804600575074        3.5671517568732332E-006   166162603.75973025             5183
   1944.0555069383670        3.5661200310639357E-006   166162768.16234693             5184
   1944.4305538192273        3.5649558458422557E-006   166162932.50456184             5185
   1944.8056007000878        3.5639255893885716E-006   166163096.78027362             5186
   1945.1806475809474        3.5627628722215084E-006   166163260.99565676             5187
   1945.5556944618077        3.5617340825880220E-006   166163425.14461079             5188
   1945.9307413426682        3.5605728309428842E-006   166163589.23330918             5189
   1946.3057882235278        3.5595455055996381E-006   166163753.25565237             5190
   1946.6808351043881        3.5583857169491859E-006   166163917.21781281             5191
   1947.0558819852481        3.5573598533716467E-006   166164081.11369184             5192
   1947.4309288661082        3.5562015251940699E-006   166164244.94946089             5193
   1947.8059757469684        3.5551771208631400E-006   166164408.71902224             5194
   1948.1810226278283        3.5540202506420444E-006   166164572.42854628             5195
   1948.5560695086886        3.5529973030440315E-006   166164736.07193616             5196
   1948.9311163895488        3.5518418882684243E-006   166164899.65536129             5197
   1949.3061632704087        3.5508203948950386E-006   166165063.17272574             5198
   1949.6812101512689        3.5496664330593196E-006   166165226.63019785             5199
   1950.0562570321290        3.5486463914076495E-006   166165390.02168262             5200
   1950.4313039129891        3.5474938800115999E-006   166165553.35334742             5201
   1950.8063507938493        3.5464752875841013E-006   166165716.61909807             5202
   1951.1813976747094        3.5453242241328575E-006   166165879.82510096             5203
   1951.5564445555694        3.5443070784373483E-006   166166042.96526286             5204
   1951.9314914364297        3.5431574604413932E-006   166166206.04574910             5205
   1952.3065383172893        3.5421417589910311E-006   166166369.06046730             5206
   1952.6815851981498        3.5409935839661933E-006   166166532.01558185             5207
   1953.0566320790101        3.5399793242794560E-006   166166694.90500128             5208
   1953.4316789598697        3.5388325897468809E-006   166166857.73488894             5209
   1953.8067258407302        3.5378197693475692E-006   166167020.49915427             5210
   1954.1817727215903        3.5366744728337079E-006   166167183.20395955             5211
   1954.5568196024501        3.5356630892509247E-006   166167345.84321520             5212
   1954.9318664833106        3.5345192282875186E-006   166167508.42308244             5213
   1955.3069133641702        3.5335092790556526E-006   166167670.93747264             5214
   1955.6819602450305        3.5323668511797336E-006   166167833.39254597             5215
   1956.0570071258910        3.5313583338384454E-006   166167995.78221470             5216
   1956.4320540067506        3.5302173365923097E-006   166168158.11263800             5217
   1956.8071008876109        3.5292102486865248E-006   166168320.37772903             5218
   1957.1821477684714        3.5280706796177176E-006   166168482.58364594             5219
   1957.5571946493310        3.5270650186976121E-006   166168644.72430283             5220
   1957.9322415301913        3.5259268753589274E-006   166168806.80585682             5221
   1958.3072884110513        3.5249226389799045E-006   166168968.82222289             5222
   1958.6823352919114        3.5237859189293654E-006   166169130.77955714             5223
   1959.0573821727717        3.5227831046520499E-006   166169292.67177552             5224
   1959.4324290536315        3.5216478054528869E-006   166169454.50503308             5225
   1959.8074759344918        3.5206464108431186E-006   166169616.27324665             5226
   1960.1825228153523        3.5195125300637670E-006   166169777.98257023             5227
   1960.5575696962119        3.5185125526925740E-006   166169939.62692165             5228
   1960.9326165770722        3.5173800879066588E-006   166170101.21245390             5229
   1961.3076634579322        3.5163815253502499E-006   166170262.73308560             5230
   1961.6827103387923        3.5152504741365669E-006   166170424.19496882             5231
   1962.0577572196526        3.5142533239763217E-006   166170585.59202307             5232
   1962.4328041005122        3.5131236839188312E-006   166170746.93039939             5233
   1962.8078509813727        3.5121279437412822E-006   166170908.20401821             5234
   1963.1828978622329        3.5109997124290897E-006   166171069.41902950             5235
   1963.5579447430925        3.5100053798259160E-006   166171230.56935468             5236
   1963.9329916239531        3.5088785548532683E-006   166171391.66114265             5237
   1964.3080385048133        3.5078856274212718E-006   166171552.68831575             5238
   1964.6830853856729        3.5067602063875344E-006   166171713.65702188             5239
   1965.0581322665334        3.5057686817286391E-006   166171874.56118429             5240
   1965.4331791473935        3.5046446622382868E-006   166172035.40694982             5241
   1965.8082260282533        3.5036545379595199E-006   166172196.18824264             5242
   1966.1832729091138        3.5025319176221245E-006   166172356.91120863             5243
   1966.5583197899734        3.5015431913356024E-006   166172517.56977287             5244
   1966.9333666708339        3.5004219677658225E-006   166172678.17008010             5245
   1967.3084135516942        3.4994346370887365E-006   166172838.70605639             5246
   1967.6834604325538        3.4983148079063020E-006   166172999.18384549             5247
   1968.0585073134143        3.4973288704609090E-006   166173159.59737438             5248
   1968.4335541942742        3.4962104332906036E-006   166173319.95278573             5249
   1968.8086010751342        3.4952258867042182E-006   166173480.24400747             5250
   1969.1836479559947        3.4941088391758738E-006   166173640.47718126             5251
   1969.5586948368546        3.4931256810808420E-006   166173800.64623591             5252
   1969.9337417177146        3.4920100208293246E-006   166173960.75731212             5253
   1970.3087885985751        3.4910282488630263E-006   166174120.80433959             5254
   1970.6838354794347        3.4899139735282174E-006   166174280.79345790             5255
   1971.0588823602950        3.4889335853330406E-006   166174440.71859780             5256
   1971.4339292411555        3.4878206925598320E-006   166174600.58589780             5257
   1971.8089761220151        3.4868416857831664E-006   166174760.38928956             5258
   1972.1840230028754        3.4857301732214496E-006   166174920.13491055             5259
   1972.5590698837354        3.4847525455156768E-006   166175079.81669337             5260
   1972.9341167645955        3.4836424108203199E-006   166175239.44077450             5261
   1973.3091636454558        3.4826661598427926E-006   166175399.00108737             5262
   1973.6842105263156        3.4815574006736371E-006   166175558.50376749             5263
   1974.0592574071759        3.4805825240866759E-006   166175717.94274926             5264
   1974.4343042880362        3.4794751381085135E-006   166175877.32416704             5265
   1974.8093511688960        3.4785016335793918E-006   166176036.64195624             5266
   1975.1843980497563        3.4773956184619675E-006   166176195.90225020             5267
   1975.5594449306166        3.4764234836628876E-006   166176355.09898520             5268
   1975.9344918114764        3.4753188370808773E-006   166176514.23829356             5269
   1976.3095386923367        3.4743480696889755E-006   166176673.31411251             5270
   1976.6845855731967        3.4732447893219684E-006   166176832.33257335             5271
   1977.0596324540568        3.4722753870192971E-006   166176991.28761423             5272
   1977.4346793349171        3.4711734705517984E-006   166177150.18536535             5273
   1977.8097262157767        3.4702054310253040E-006   166177309.01976588             5274
   1978.1847730966372        3.4691048761467072E-006   166177467.79694495             5275
   1978.5598199774975        3.4681381970882289E-006   166177626.51084265             5276
   1978.9348668583571        3.4670390014928151E-006   166177785.16758707             5277
   1979.3099137392176        3.4660736805990716E-006   166177943.76111922             5278
   1979.6849606200774        3.4649758419859868E-006   166178102.29756624             5279
   1980.0600075009374        3.4640118769585551E-006   166178260.77087003             5280
   1980.4350543817980        3.4629153930318079E-006   166178419.18715659             5281
   1980.8101012626578        3.4619527815771240E-006   166178577.54036885             5282
   1981.1851481435178        3.4608576500455722E-006   166178735.83663180             5283
   1981.5601950243783        3.4598963898749076E-006   166178894.06988925             5284
   1981.9352419052379        3.4588026084522389E-006   166179052.24626514             5285
   1982.3102887860982        3.4578426972816943E-006   166179210.35970426             5286
   1982.6853356669587        3.4567502636864171E-006   166179368.41632947             5287
   1983.0603825478183        3.4557916992369127E-006   166179526.41008654             5288
   1983.4354294286786        3.4547006111923539E-006   166179684.34709728             5289
   1983.8104763095387        3.4537433911896088E-006   166179842.22130835             5290
   1984.1855231903987        3.4526536464238877E-006   166180000.03884056             5291
   1984.5605700712590        3.4516977685984121E-006   166180157.79364148             5292
   1984.9356169521188        3.4506093648444310E-006   166180315.49183092             5293
   1985.3106638329791        3.4496548269315211E-006   166180473.12735739             5294
   1985.6857107138394        3.4485677619269608E-006   166180630.70633963             5295
   1986.0607575946992        3.4476145616666823E-006   166180788.22272706             5296
   1986.4358044755595        3.4465288331539803E-006   166180945.68263742             5297
   1986.8108513564198        3.4455769682911447E-006   166181103.08002108             5298
   1987.1858982372796        3.4444925740174978E-006   166181260.42099473             5299
   1987.5609451181399        3.4435420423016665E-006   166181417.69950965             5300
   1987.9359919990000        3.4424589800189997E-006   166181574.92168149             5301
   1988.3110388798600        3.4415097792044657E-006   166181732.08146256             5302
   1988.6860857607203        3.4404280466694347E-006   166181889.18496734             5303
   1989.0611326415799        3.4394801745152139E-006   166182046.22614914             5304
   1989.4361795224404        3.4383997694891927E-006   166182203.21112138             5305
   1989.8112264033007        3.4374532237590033E-006   166182360.13383836             5306
   1990.1862732841603        3.4363741440080672E-006   166182517.00041240             5307
   1990.5613201650208        3.4354289224703318E-006   166182673.80479872             5308
   1990.9363670458806        3.4343511657652395E-006   166182830.55310869             5309
   1991.3114139267407        3.4334072661930633E-006   166182987.23929846             5310
   1991.6864608076012        3.4323308303092606E-006   166183143.86947829             5311
   1992.0615076884610        3.4313882504804200E-006   166183300.43760526             5312
   1992.4365545693211        3.4303131331980233E-006   166183456.94978863             5313
   1992.8116014501816        3.4293718708949623E-006   166183613.39998645             5314
   1993.1866483310412        3.4282980699987382E-006   166183769.79430690             5315
   1993.5616952119015        3.4273581230085481E-006   166183926.12670895             5316
   1993.9367420927620        3.4262856362879045E-006   166184082.40329978             5317
   1994.3117889736216        3.4253470024023166E-006   166184238.61803934             5318
   1994.6868358544818        3.4242758276513028E-006   166184394.77703369             5319
   1995.0618827353419        3.4233385046666702E-006   166184550.87424374             5320
   1995.4369296162020        3.4222686396839542E-006   166184706.91577449             5321
   1995.8119764970622        3.4213326254012499E-006   166184862.89558780             5322
   1996.1870233779221        3.4202640679901085E-006   166185018.81978768             5323
   1996.5620702587823        3.4193293602149065E-006   166185174.68233693             5324
   1996.9371171396426        3.4182621081832100E-006   166185330.48933843             5325
   1997.3121640205025        3.4173287047256864E-006   166185486.23475596             5326
   1997.6872109013627        3.4162627558858956E-006   166185641.92469141             5327
   1998.0622577822228        3.4153306545607965E-006   166185797.55310950             5328
   1998.4373046630828        3.4142660067299558E-006   166185953.12611097             5329
   1998.8123515439431        3.4133352053566027E-006   166186108.63766161             5330
   1999.1873984248032        3.4122718563563119E-006   166186264.09386107             5331
   1999.5624453056632        3.4113423527585834E-006   166186419.48867604             5332
   1999.9374921865235        3.4102803004149952E-006   166186574.82820520             5333
   2000.3125390673831        3.4093520924213182E-006   166186730.10641614             5334
   2000.6875859482436        3.4082913345651308E-006   166186885.32940650             5335
   2001.0626328291039        3.4073644200084643E-006   166187040.49114481             5336
   2001.4376797099635        3.4063049544749020E-006   166187195.59772769             5337
   2001.8127265908240        3.4053793311927382E-006   166187350.64312461             5338
   2002.1877734716838        3.4043211558215465E-006   166187505.63343111             5339
   2002.5628203525439        3.4033968216558853E-006   166187660.56261766             5340
   2002.9378672334044        3.4023399342913169E-006   166187815.43677872             5341
   2003.3129141142640        3.4014168870886607E-006   166187970.24988574             5342
   2003.6879609951243        3.4003612855794706E-006   166188125.00803205             5343
   2004.0630078759848        3.3994395231908102E-006   166188279.70519015             5344
   2004.4380547568444        3.3983852053902327E-006   166188434.34745228             5345
   2004.8131016377047        3.3974647256710478E-006   166188588.92879188             5346
   2005.1881485185652        3.3964116894367909E-006   166188743.45530018             5347
   2005.5631953994248        3.3954924902470240E-006   166188897.92095155             5348
   2005.9382422802851        3.3944407334412643E-006   166189052.33183613             5349
   2006.3132891611451        3.3935228126453175E-006   166189206.68192926             5350
   2006.6883360420052        3.3924723331346821E-006   166189360.97732008             5351
   2007.0633829228655        3.3915556886014006E-006   166189515.21198484             5352
   2007.4384298037253        3.3905064842569565E-006   166189669.39201161             5353
   2007.8134766845856        3.3895911138596241E-006   166189823.51137769             5354
   2008.1885235654458        3.3885431825568657E-006   166189977.57617000             5355
   2008.5635704463057        3.3876290841731912E-006   166190131.58036679             5356
   2008.9386173271660        3.3865824237920387E-006   166190285.53005400             5357
   2009.3136642080260        3.3856695953041445E-006   166190439.41921079             5358
   2009.6887110888861        3.3846242037289239E-006   166190593.25392205             5359
   2010.0637579697463        3.3837126430233316E-006   166190747.02816790             5360
   2010.4388048506064        3.3826685181427676E-006   166190900.74803218             5361
   2010.8138517314665        3.3817582231104020E-006   166191054.40749601             5362
   2011.1888986123267        3.3807153628176016E-006   166191208.01264209             5363
   2011.5639454931863        3.3798063313537591E-006   166191361.55745253             5364
   2011.9389923740468        3.3787647335462113E-006   166191515.04800901             5365
   2012.3140392549071        3.3778569635505584E-006   166191668.47829458             5366
   2012.6890861357667        3.3768166261301186E-006   166191821.85438982             5367
   2013.0641330166272        3.3759101155066876E-006   166191975.17027882             5368
   2013.4391798974871        3.3748710363795559E-006   166192128.43204105             5369
   2013.8142267783471        3.3739657830367260E-006   166192281.63366154             5370
   2014.1892736592076        3.3729279601134534E-006   166192434.78121877             5371
   2014.5643205400672        3.3720239619639430E-006   166192587.86869872             5372
   2014.9393674209275        3.3709873931594098E-006   166192740.90217873             5373
   2015.3144143017880        3.3700846481202612E-006   166192893.87564585             5374
   2015.6894611826476        3.3690493313536733E-006   166193046.79517633             5375
   2016.0645080635079        3.3681478373462486E-006   166193199.65475813             5376
   2016.4395549443684        3.3671137705411233E-006   166193352.46046647             5377
   2016.8146018252280        3.3662135254910893E-006   166193505.20629027             5378
   2017.1896487060883        3.3651807065752443E-006   166193657.89830375             5379
   2017.5646955869483        3.3642817084125595E-006   166193810.53049678             5380
   2017.9397424678084        3.3632501353181025E-006   166193963.10894242             5381
   2018.3147893486687        3.3623523819770183E-006   166194115.62763157             5382
   2018.6898362295285        3.3613220526403360E-006   166194268.09263626             5383
   2019.0648831103888        3.3604255420593755E-006   166194420.49794832             5384
   2019.4399299912491        3.3593964544211207E-006   166194572.84963873             5385
   2019.8149768721089        3.3585011845430728E-006   166194725.14170030             5386
   2020.1900237529692        3.3574733365481640E-006   166194877.38020292             5387
   2020.5650706338292        3.3565793053200658E-006   166195029.55914038             5388
   2020.9401175146893        3.3555526949176681E-006   166195181.68458152             5389
   2021.3151643955496        3.3546599002908017E-006   166195333.75052109             5390
   2021.6902112764096        3.3536345254343155E-006   166195485.76302686             5391
   2022.0652581572697        3.3527429653642017E-006   166195637.71609458             5392
   2022.4403050381300        3.3517188240112538E-006   166195789.61579087             5393
   2022.8153519189896        3.3508284964576292E-006   166195941.45611253             5394
   2023.1903987998501        3.3498055865700716E-006   166196093.24312514             5395
   2023.5654456807104        3.3489164894968880E-006   166196244.97082639             5396
   2023.9404925615700        3.3478948090407748E-006   166196396.64528081             5397
   2024.3155394424305        3.3470069404161863E-006   166196548.26048714             5398
   2024.6905863232905        3.3459864873617636E-006   166196699.82250875             5399
   2025.0656332041503        3.3450998451581128E-006   166196851.32534540             5400
   2025.4406800850109        3.3440806174798189E-006   166197002.77505940             5401
   2025.8157269658705        3.3431951996736284E-006   166197154.16565144             5402
   2026.1907738467307        3.3421771953500723E-006   166197305.50318283             5403
   2026.5658207275912        3.3412929999220384E-006   166197456.78165516             5404
   2026.9408676084508        3.3402762169360050E-006   166197608.00712872             5405
   2027.3159144893111        3.3393932418709821E-006   166197759.17360610             5406
   2027.6909613701712        3.3383776782093999E-006   166197910.28714642             5407
   2028.0660082510312        3.3374959214963975E-006   166198061.34175336             5408
   2028.4410551318915        3.3364815751503419E-006   166198212.34348491             5409
   2028.8161020127516        3.3356010347825090E-006   166198363.28634575             5410
   2029.1911488936116        3.3345879037471958E-006   166198514.17639279             5411
   2029.5661957744719        3.3337085777218059E-006   166198665.00763166             5412
   2029.9412426553317        3.3326966599965784E-006   166198815.78611824             5413
   2030.3162895361920        3.3318185463150329E-006   166198966.50585914             5414
   2030.6913364170523        3.3308078399033408E-006   166199117.17290914             5415
   2031.0663832979121        3.3299309365711480E-006   166199267.78127584             5416
   2031.4414301787724        3.3289214394805531E-006   166199418.33701298             5417
   2031.8164770596325        3.3280457445073169E-006   166199568.83412912             5418
   2032.1915239404925        3.3270374547494732E-006   166199719.27867690             5419
   2032.5665708213528        3.3261629661488882E-006   166199869.66466588             5420
   2032.9416177022124        3.3251558817395367E-006   166200019.99814761             5421
   2033.3166645830729        3.3242825975293841E-006   166200170.27313268             5422
   2033.6917114639332        3.3232767164883347E-006   166200320.49567154             5423
   2034.0667583447928        3.3224046346904604E-006   166200470.65977576             5424
   2034.4418052256533        3.3213999550415948E-006   166200620.77149472             5425
   2034.8168521065136        3.3205290736819048E-006   166200770.82484096             5426
   2035.1918989873732        3.3195255934531564E-006   166200920.82586277             5427
   2035.5669458682337        3.3186559105616096E-006   166201070.76857373             5428
   2035.9419927490937        3.3176536277849573E-006   166201220.65902099             5429
   2036.3170396299536        3.3167851413955465E-006   166201370.49121919             5430
   2036.6920865108141        3.3157840541070040E-006   166201520.27121437             5431
   2037.0671333916737        3.3149167622577613E-006   166201669.99302211             5432
   2037.4421802725340        3.3139168684973692E-006   166201819.66268742             5433
   2037.8172271533945        3.3130507692303406E-006   166201969.27422687             5434
   2038.1922740342541        3.3120520670421554E-006   166202118.83368441             5435
   2038.5673209151144        3.3111871584034028E-006   166202268.33507755             5436
   2038.9423677959744        3.3101896458354846E-006   166202417.78444916             5437
   2039.3174146768345        3.3093259258750716E-006   166202567.17581779             5438
   2039.6924615576947        3.3083296009794822E-006   166202716.51522517             5439
   2040.0675084385548        3.3074670677514611E-006   166202865.79669088             5440
   2040.4425553194149        3.3064719285842434E-006   166203015.02625555             5441
   2040.8176022002751        3.3056105801466426E-006   166203164.19793975             5442
   2041.1926490811350        3.3046166247678191E-006   166203313.31778309             5443
   2041.5676959619952        3.3037564591826455E-006   166203462.37980708             5444
   2041.9427428428555        3.3027636856562022E-006   166203611.39005023             5445
   2042.3177897237154        3.3019047009894279E-006   166203760.34253508             5446
   2042.6928366045756        3.3009131073833136E-006   166203909.24329901             5447
   2043.0678834854357        3.3000553017048584E-006   166204058.08636558             5448
   2043.4429303662957        3.2990648860909703E-006   166204206.87777108             5449
   2043.8179772471560        3.2982082574746966E-006   166204355.61154011             5450
   2044.1930241280156        3.2972190179288633E-006   166204504.29370788             5451
   2044.5680710088761        3.2963635644525700E-006   166204652.91829991             5452
   2044.9431178897364        3.2953754990545519E-006   166204801.49135032             5453
   2045.3181647705960        3.2945212187999596E-006   166204950.00688571             5454
   2045.6932116514565        3.2935343256334386E-006   166205098.47093910             5455
   2046.0682585323168        3.2926812166861792E-006   166205246.87753803             5456
   2046.4433054131764        3.2916954938387454E-006   166205395.23271444             5457
   2046.8183522940369        3.2908435542883615E-006   166205543.53049693             5458
   2047.1933991748970        3.2898589998515041E-006   166205691.77691630             5459
   2047.5684460557568        3.2890082277914338E-006   166205839.96600217             5460
   2047.9434929366173        3.2880248398605322E-006   166205988.10378423             5461
   2048.3185398174769        3.2871752333880998E-006   166206136.18429315             5462
   2048.6935866983372        3.2861930100624185E-006   166206284.21355751             5463
   2049.0686335791975        3.2853445672788179E-006   166206432.18560889             5464
   2049.4436804600573        3.2843635066614906E-006   166206580.10647494             5465
   2049.8187273409176        3.2835162256717889E-006   166206727.97018817             5466
   2050.1937742217779        3.2825363258698104E-006   166206875.78277507             5467
   2050.5688211026377        3.2816902047829345E-006   166207023.53826928             5468
   2050.9438679834980        3.2807114639071553E-006   166207171.24269611             5469
   2051.3189148643582        3.2798665008358764E-006   166207318.89009020             5470
   2051.6939617452181        3.2788889170009889E-006   166207466.48647580             5471
   2052.0690086260784        3.2780451100619183E-006   166207614.02588859             5472
   2052.4440555069382        3.2770686813864547E-006   166207761.51435170             5473
   2052.8191023877985        3.2762260287000330E-006   166207908.94590175             5474
   2053.1941492686587        3.2752507533063466E-006   166208056.32656085             5475
   2053.5691961495186        3.2744092529968392E-006   166208203.65036663             5476
   2053.9442430303789        3.2734351290111009E-006   166208350.92334008             5477
   2054.3192899112387        3.2725947792065795E-006   166208498.13951987             5478
   2054.6943367920990        3.2716218047587662E-006   166208645.30492583             5479
   2055.0693836729592        3.2707826035911089E-006   166208792.41359764             5480
   2055.4444305538191        3.2698107768149983E-006   166208939.47155413             5481
   2055.8194774346794        3.2689727224198767E-006   166209086.47283593             5482
   2056.1945243155396        3.2680020414530262E-006   166209233.42346075             5483
   2056.5695711963995        3.2671651319698956E-006   166209380.31747028             5484
   2056.9446180772597        3.2661955949536482E-006   166209527.16088107             5485
   2057.3196649581200        3.2653598285257310E-006   166209673.94773588             5486
   2057.6947118389799        3.2643914336052044E-006   166209820.68405014             5487
   2058.0697587198401        3.2635568083794936E-006   166209967.36386764             5488
   2058.4448056007000        3.2625895537035604E-006   166210113.99320269             5489
   2058.8198524815602        3.2617560678308091E-006   166210260.56610006             5490
   2059.1948993624205        3.2607899515520955E-006   166210407.08857304             5491
   2059.5699462432804        3.2599576031868036E-006   166210553.55466735             5492
   2059.9449931241406        3.2589926234616784E-006   166210699.97039521             5493
   2060.3200400050009        3.2581614107620798E-006   166210846.32980338             5494
   2060.6950868858607        3.2571975657506519E-006   166210992.63890290             5495
   2061.0701337667210        3.2563674868787144E-006   166211138.89174160             5496
   2061.4451806475809        3.2554047747448066E-006   166211285.09432945             5497
   2061.8202275284411        3.2545758278662172E-006   166211431.24071524             5498
   2062.1952744093014        3.2536142467773720E-006   166211577.33690780             5499
   2062.5703212901608        3.2527864300615362E-006   166211723.37695703             5500
   2062.9453681710215        3.2518259781890090E-006   166211869.36687067             5501
   2063.3204150518818        3.2509992898090233E-006   166212015.30069956             5502
   2063.6954619327412        3.2500399653277643E-006   166212161.18445033             5503
   2064.0705088136019        3.2492144034604234E-006   166212307.01217490             5504
   2064.4455556944622        3.2482562045490682E-006   166212452.78987879             5505
   2064.8206025753216        3.2474317673748542E-006   166212598.51161486             5506
   2065.1956494561823        3.2464746922157235E-006   166212744.18338761             5507
   2065.5706963370421        3.2456513779187900E-006   166212889.79925096             5508
   2065.9457432179020        3.2446954246978772E-006   166213035.36520818             5509
   2066.3207900987627        3.2438732314660472E-006   166213180.87531430             5510
   2066.6958369796221        3.2429183983730095E-006   166213326.33557144             5511
   2067.0708838604824        3.2420973243977695E-006   166213471.74003562             5512
   2067.4459307413431        3.2411436096259149E-006   166213617.09470797             5513
   2067.8209776222025        3.2403236531023972E-006   166213762.39364547             5514
   2068.1960245030627        3.2393710548486826E-006   166213907.64284813             5515
   2068.5710713839230        3.2385522139756570E-006   166214052.83637396             5516
   2068.9461182647829        3.2376007304406740E-006   166214197.98022184             5517
   2069.3211651456431        3.2367830034205433E-006   166214343.06845081             5518
   2069.6962120265034        3.2358326328085076E-006   166214488.10705870             5519
   2070.0712589073632        3.2350160178473022E-006   166214633.09010553             5520
   2070.4463057882235        3.2340667583660508E-006   166214778.02358803             5521
   2070.8213526690834        3.2332512536734155E-006   166214922.90156722             5522
   2071.1963995499436        3.2323031035343951E-006   166215067.73003876             5523
   2071.5714464308039        3.2314887073235819E-006   166215212.50306469             5524
   2071.9464933116637        3.2305416647418452E-006   166215357.22663951             5525
   2072.3215401925240        3.2297283752297008E-006   166215501.89482635             5526
   2072.6965870733843        3.2287824384238849E-006   166215646.51361859             5527
   2073.0716339542441        3.2279702538308498E-006   166215791.07708037             5528
   2073.4466808351044        3.2270254210231875E-006   166215935.59120393             5529
   2073.8217277159642        3.2262143395732750E-006   166216080.05005449             5530
   2074.1967745968245        3.2252706089895716E-006   166216224.45962319             5531
   2074.5718214776848        3.2244606289103687E-006   166216368.81397623             5532
   2074.9468683585446        3.2235179987799979E-006   166216513.11910364             5533
   2075.3219152394049        3.2227091183026545E-006   166216657.36907268             5534
   2075.6969621202652        3.2217675868585413E-006   166216801.56987226             5535
   2076.0720090011250        3.2209598042177650E-006   166216945.71557066             5536
   2076.4470558819853        3.2200193696963923E-006   166217089.81215569             5537
   2076.8221027628456        3.2192126831304346E-006   166217233.85369664             5538
   2077.1971496437054        3.2182733437718276E-006   166217377.84618020             5539
   2077.5721965245657        3.2174677515224797E-006   166217521.78367674             5540
   2077.9472434054255        3.2165295055701953E-006   166217665.67217183             5541
   2078.3222902862858        3.2157250058827781E-006   166217809.50573683             5542
   2078.6973371671461        3.2147878515838909E-006   166217953.29035622             5543
   2079.0723840480059        3.2139844427072439E-006   166218097.02010235             5544
   2079.4474309288662        3.2130483783123611E-006   166218240.70095864             5545
   2079.8224778097260        3.2122460584988384E-006   166218384.32699850             5546
   2080.1975246905863        3.2113110822620659E-006   166218527.90420416             5547
   2080.5725715714466        3.2105098497675258E-006   166218671.42665008             5548
   2080.9476184523064        3.2095759599464652E-006   166218814.90031743             5549
   2081.3226653331667        3.2087758130302610E-006   166218958.31928164             5550
   2081.6977122140270        3.2078430078860175E-006   166219101.68952274             5551
   2082.0727590948868        3.2070439448109846E-006   166219245.00511733             5552
   2082.4478059757471        3.2061122226081338E-006   166219388.27204424             5553
   2082.8228528566074        3.2053142416405944E-006   166219531.48438102             5554
   2083.1978997374672        3.2043836006471954E-006   166219674.64810553             5555
   2083.5729466183275        3.2035867000569415E-006   166219817.75729629             5556
   2083.9479934991873        3.2026571385445173E-006   166219960.81793001             5557
   2084.3230403800476        3.2018613166048023E-006   166220103.82408634             5558
   2084.6980872609079        3.2009328328483380E-006   166220246.78174078             5559
   2085.0731341417672        3.2001380878358664E-006   166220389.68497404             5560
   2085.4481810226280        3.1992106801137951E-006   166220532.53976053             5561
   2085.8232279034883        3.1984170103087171E-006   166220675.34018198             5562
   2086.1982747843476        3.1974906769029116E-006   166220818.09221169             5563
   2086.5733216652084        3.1966980805888273E-006   166220960.78993240             5564
   2086.9483685460687        3.1957728197845928E-006   166221103.43931633             5565
   2087.3234154269280        3.1949812952485228E-006   166221246.03444725             5566
   2087.6984623077888        3.1940571053345956E-006   166221388.58129624             5567
   2088.0735091886486        3.1932666508669818E-006   166221531.07394812             5568
   2088.4485560695084        3.1923435301355139E-006   166221673.51837289             5569
   2088.8236029503691        3.1915541440302113E-006   166221815.90865633             5570
   2089.1986498312285        3.1906320907767603E-006   166221958.25076735             5571
   2089.5736967120888        3.1898437713310319E-006   166222100.53879285             5572
   2089.9487435929495        3.1889227838545642E-006   166222242.77870053             5573
   2090.3237904738089        3.1881355293690667E-006   166222384.96457830             5574
   2090.6988373546692        3.1872156059719376E-006   166222527.10239282             5575
   2091.0738842355295        3.1864294147507214E-006   166222669.18623307             5576
   2091.4489311163893        3.1855105537386719E-006   166222811.22206450             5577
   2091.8239779972496        3.1847254240891664E-006   166222953.20397714             5578
   2092.1990248781099        3.1838076237713151E-006   166223095.13793537             5579
   2092.5740717589697        3.1830235540043262E-006   166223237.01803023             5580
   2092.9491186398300        3.1821068126931573E-006   166223378.85022500             5581
   2093.3241655206898        3.1813238011228543E-006   166223520.62861174             5582
   2093.6992124015501        3.1804081171342172E-006   166223662.35915259             5583
   2094.0742592824104        3.1796261620781208E-006   166223804.03594071             5584
   2094.4493061632702        3.1787115337312177E-006   166223945.66493705             5585
   2094.8243530441305        3.1779306335102092E-006   166224087.24023589             5586
   2095.1993999249908        3.1770170591275894E-006   166224228.76779705             5587
   2095.5744468058506        3.1762372120658802E-006   166224370.24171579             5588
   2095.9494936867109        3.1753246899734280E-006   166224511.66795081             5589
   2096.3245405675707        3.1745458943985731E-006   166224653.04059848             5590
   2096.6995874484310        3.1736344229255047E-006   166224794.36561635             5591
   2097.0746343292913        3.1728566771683753E-006   166224935.63710180             5592
   2097.4496812101511        3.1719462546472276E-006   166225076.86101130             5593
   2097.8247280910114        3.1711695570420198E-006   166225218.03144321             5594
   2098.1997749718716        3.1702601818086418E-006   166225359.15435299             5595
   2098.5748218527315        3.1694845306928610E-006   166225500.22383997             5596
   2098.9498687335918        3.1685762010864079E-006   166225641.24585849             5597
   2099.3249156144520        3.1678015948008570E-006   166225782.21450895             5598
   2099.6999624953119        3.1668943091637850E-006   166225923.13574451             5599
   2100.0750093761721        3.1661207460525640E-006   166226064.00366670             5600
   2100.4500562570320        3.1652145027306181E-006   166226204.82422748             5601
   2100.8251031378923        3.1644419811411147E-006   166226345.59152946             5602
   2101.2001500187525        3.1635367784833175E-006   166226486.31152347             5603
   2101.5751968996124        3.1627652967661984E-006   166226626.97831318             5604
   2101.9502437804726        3.1618611331248557E-006   166226767.59784833             5605
   2102.3252906613325        3.1610906896340568E-006   166226908.16423357             5606
   2102.7003375421928        3.1601875633647359E-006   166227048.68341750             5607
   2103.0753844230530        3.1594181564574541E-006   166227189.14950588             5608
   2103.4504313039129        3.1585160659189868E-006   166227329.56844616             5609
   2103.8254781847731        3.1577476939556818E-006   166227469.93434513             5610
   2104.2005250656334        3.1568466375101469E-006   166227610.25314918             5611
   2104.5755719464933        3.1560792988545226E-006   166227750.51896611             5612
   2104.9506188273535        3.1551792748672439E-006   166227890.73774114             5613
   2105.3256657082138        3.1544129678862395E-006   166228030.90358317             5614
   2105.7007125890736        3.1535139747257773E-006   166228171.02243629             5615
   2106.0757594699339        3.1527486977895722E-006   166228311.08841044             5616
   2106.4508063507938        3.1518507338277157E-006   166228451.10744858             5617
   2106.8258532316540        3.1510864853097102E-006   166228591.07366168             5618
   2107.2009001125143        3.1501895489214741E-006   166228730.99299163             5619
   2107.5759469933737        3.1494263271982872E-006   166228870.85955042             5620
   2107.9509938742344        3.1485304167618937E-006   166229010.67927879             5621
   2108.3260407550947        3.1477682202133512E-006   166229150.44628984             5622
   2108.7010876359541        3.1468733341102392E-006   166229290.16652313             5623
   2109.0761345168148        3.1461121611193755E-006   166229429.83409280             5624
   2109.4511813976746        3.1452182977341723E-006   166229569.45493731             5625
   2109.8262282785345        3.1444581466872136E-006   166229709.02317190             5626
   2110.2012751593952        3.1435653044077394E-006   166229848.54473382             5627
   2110.5763220402550        3.1428061736940940E-006   166229988.01373938             5628
   2110.9513689211149        3.1419143509113555E-006   166230127.43612474             5629
   2111.3264158019756        3.1411562389236191E-006   166230266.80600727             5630
   2111.7014626828350        3.1402654340317959E-006   166230406.12932196             5631
   2112.0765095636953        3.1395083391657369E-006   166230545.40018719             5632
   2112.4515564445560        3.1386185505621758E-006   166230684.62453690             5633
   2112.8266033254154        3.1378624712167227E-006   166230823.79649052             5634
   2113.2016502062756        3.1369736973019363E-006   166230962.92198086             5635
   2113.5766970871359        3.1362186318791792E-006   166231101.99512836             5636
   2113.9517439679958        3.1353308710568327E-006   166231241.02186471             5637
   2114.3267908488560        3.1345768179620072E-006   166231379.99631146             5638
   2114.7018377297159        3.1336900686389095E-006   166231518.92439908             5639
   2115.0768846105761        3.1329370262803988E-006   166231657.80025023             5640
   2115.4519314914369        3.1320512868665030E-006   166231796.62979430             5641
   2115.8269783722963        3.1312992536558264E-006   166231935.40715492             5642
   2116.2020252531565        3.1304145225642130E-006   166232074.13826036             5643
   2116.5770721340173        3.1296634969160119E-006   166232212.81723538             5644
   2116.9521190148766        3.1287797725628897E-006   166232351.45000702             5645
   2117.3271658957369        3.1280297528949330E-006   166232490.03070116             5646
   2117.7022127765972        3.1271470336996242E-006   166232628.56524369             5647
   2118.0772596574570        3.1263980184327903E-006   166232767.04776153             5648
   2118.4523065383173        3.1255163028177248E-006   166232905.48417947             5649
   2118.8273534191771        3.1247682903759984E-006   166233043.86862543             5650
   2119.2024003000374        3.1238875767667127E-006   166233182.20702317             5651
   2119.5774471808977        3.1231405655771753E-006   166233320.49350163             5652
   2119.9524940617575        3.1222608524023034E-006   166233458.73398337             5653
   2120.3275409426178        3.1215148408951310E-006   166233596.92259845             5654
   2120.7025878234781        3.1206361265863893E-006   166233735.06526828             5655
   2121.0776347043379        3.1198911131948411E-006   166233873.15612400             5656
   2121.4526815851982        3.1190133961870283E-006   166234011.20108584             5657
   2121.8277284660585        3.1182693793474392E-006   166234149.19428605             5658
   2122.2027753469183        3.1173926580784309E-006   166234287.14164373             5659
   2122.5778222277786        3.1166496362302049E-006   166234425.03729212             5660
   2122.9528691086384        3.1157739091409425E-006   166234562.88714924             5661
   2123.3279159894987        3.1150318807265534E-006   166234700.68534938             5662
   2123.7029628703590        3.1141571462610343E-006   166234838.43780944             5663
   2124.0780097512188        3.1134161097260076E-006   166234976.13866478             5664
   2124.4530566320791        3.1125423663312826E-006   166235113.79383111             5665
   2124.8281035129389        3.1118023201241894E-006   166235251.39744490             5666
   2125.2031503937992        3.1109295662503593E-006   166235388.95542073             5667
   2125.5781972746595        3.1101905088228143E-006   166235526.46189609             5668
   2125.9532441555193        3.1093187429230093E-006   166235663.92278445             5669
   2126.3282910363796        3.1085806727296676E-006   166235801.33222437             5670
   2126.7033379172399        3.1077098932600490E-006   166235938.69612816             5671
   2127.0783847980997        3.1069728087585897E-006   166236076.00863546             5672
   2127.4534316789600        3.1061030141783482E-006   166236213.27565745             5673
   2127.8284785598198        3.1053669138294664E-006   166236350.49133483             5674
   2128.2035254406801        3.1044981026008129E-006   166236487.66157764             5675
   2128.5785723215404        3.1037629848682154E-006   166236624.78052765             5676
   2128.9536192024002        3.1028951554563655E-006   166236761.85409373             5677
   2129.3286660832605        3.1021610188067679E-006   166236898.87641874             5678
   2129.7037129641208        3.1012941696799385E-006   166237035.85341042             5679
   2130.0787598449806        3.1005610125830649E-006   166237172.77921271             5680
   2130.4538067258409        3.0996951422124627E-006   166237309.65973219             5681
   2130.8288536067012        3.0989629631410178E-006   166237446.48911387             5682
   2131.2039004875610        3.0980980700008526E-006   166237583.27326319             5683
   2131.5789473684213        3.0973668674305265E-006   166237720.00632620             5684
   2131.9539942492811        3.0965029499979763E-006   166237856.69420722             5685
   2132.3290411301414        3.0957727224074428E-006   166237993.33105341             5686
   2132.7040880110017        3.0949097791626661E-006   166238129.92276788             5687
   2133.0791348918610        3.0941805250335657E-006   166238266.46349892             5688
   2133.4541817727218        3.0933185544596923E-006   166238402.95914847             5689
   2133.8292286535820        3.0925902722766360E-006   166238539.40386587             5690
   2134.2042755344414        3.0917292728597523E-006   166238675.80355194             5691
   2134.5793224153022        3.0910019611103095E-006   166238812.15235710             5692
   2134.9543692961624        3.0901419313394586E-006   166238948.45618105             5693
   2135.3294161770218        3.0894155885141399E-006   166239084.70917523             5694
   2135.7044630578825        3.0885565268813145E-006   166239220.91723818             5695
   2136.0795099387424        3.0878311514735773E-006   166239357.07452247             5696
   2136.4545568196022        3.0869730564737082E-006   166239493.18692550             5697
   2136.8296037004629        3.0862486469799513E-006   166239629.24860087             5698
   2137.2046505813223        3.0853915171108975E-006   166239765.26544484             5699
   2137.5796974621826        3.0846680720304518E-006   166239901.23161212             5700
   2137.9547443430433        3.0838119057930040E-006   166240037.15299779             5701
   2138.3297912239027        3.0830894236281241E-006   166240173.02375764             5702
   2138.7048381047630        3.0822342195259940E-006   166240308.84978560             5703
   2139.0798849856233        3.0815126987818425E-006   166240444.62523857             5704
   2139.4549318664831        3.0806584553216559E-006   166240580.35600933             5705
   2139.8299787473434        3.0799378945063076E-006   166240716.03625581             5706
   2140.2050256282037        3.0790846101975943E-006   166240851.67186967             5707
   2140.5800725090635        3.0783650078220339E-006   166240987.25700992             5708
   2140.9551193899238        3.0775126811772250E-006   166241122.79756704             5709
   2141.3301662707836        3.0767940357553298E-006   166241258.28770116             5710
   2141.7052131516439        3.0759426652897464E-006   166241393.73330161             5711
   2142.0802600325042        3.0752249753382811E-006   166241529.12852955             5712
   2142.4553069133640        3.0743745595701344E-006   166241664.47927323             5713
   2142.8303537942243        3.0736578236087523E-006   166241799.77969489             5714
   2143.2054006750845        3.0728083610591333E-006   166241935.03568155             5715
   2143.5804475559444        3.0720925776103620E-006   166242070.24139658             5716
   2143.9554944368047        3.0712440668032294E-006   166242205.40272585             5717
   2144.3305413176645        3.0705292343924617E-006   166242340.51383379             5718
   2144.7055881985248        3.0696816738546490E-006   166242475.58060515             5719
   2145.0806350793850        3.0689677910101474E-006   166242610.59720543             5720
   2145.4556819602449        3.0681211792713412E-006   166242745.56951824             5721
   2145.8307288411052        3.0674082445242201E-006   166242880.49171013             5722
   2146.2057757219654        3.0665625801169611E-006   166243015.36966357             5723
   2146.5808226028253        3.0658505920011880E-006   166243150.19754618             5724
   2146.9558694836855        3.0650058734608676E-006   166243284.98123932             5725
   2147.3309163645454        3.0642948305132513E-006   166243419.71491170             5726
   2147.7059632454057        3.0634510563781018E-006   166243554.40444347             5727
   2148.0810101262659        3.0627409571382876E-006   166243689.04400441             5728
   2148.4560570071258        3.0618981259493716E-006   166243823.63947359             5729
   2148.8311038879860        3.0611889689598389E-006   166243958.18502188             5730
   2149.2061507688463        3.0603470792610453E-006   166244092.68652710             5731
   2149.5811976497062        3.0596388630670938E-006   166244227.13816124             5732
   2149.9562445305664        3.0587979134051331E-006   166244361.54580104             5733
   2150.3312914114263        3.0580906365548798E-006   166244495.90361956             5734
   2150.7063382922865        3.0572506254792808E-006   166244630.21749231             5735
   2151.0813851731468        3.0565442865236525E-006   166244764.48159346             5736
   2151.4564320540067        3.0557052125867428E-006   166244898.70179737             5737
   2151.8314789348669        3.0549998100794724E-006   166245032.87227932             5738
   2152.2065258157272        3.0541616718363869E-006   166245166.99891254             5739
   2152.5815726965870        3.0534572043340103E-006   166245301.07587332             5740
   2152.9566195774473        3.0526200003426747E-006   166245435.10903373             5741
   2153.3316664583076        3.0519164664045084E-006   166245569.09257123             5742
   2153.7067133391674        3.0510801952256434E-006   166245703.03235674             5743
   2154.0817602200277        3.0503775934137989E-006   166245836.92256871             5744
   2154.4568071008875        3.0495422536108988E-006   166245970.76907694             5745
   2154.8318539817478        3.0488405824902605E-006   166246104.56606102             5746
   2155.2069008626081        3.0480061726295956E-006   166246238.31938955             5747
   2155.5819477434675        3.0473054307678206E-006   166246372.02324322             5748
   2155.9569946243282        3.0464719494184336E-006   166246505.68348947             5749
   2156.3320415051885        3.0457721353859467E-006   166246639.29431006             5750
   2156.7070883860479        3.0449395811196457E-006   166246772.86157128             5751
   2157.0821352669086        3.0442406934896292E-006   166246906.37945601             5752
   2157.4571821477689        3.0434090648809759E-006   166247039.85382935             5753
   2157.8322290286283        3.0427111022293676E-006   166247173.27887529             5754
   2158.2072759094890        3.0418803978556731E-006   166247306.66045779             5755
   2158.5823227903488        3.0411833587611512E-006   166247439.99276188             5756
   2158.9573696712087        3.0403535772024690E-006   166247573.28165039             5757
   2159.3324165520694        3.0396574602464618E-006   166247706.52130944             5758
   2159.7074634329288        3.0388286000855825E-006   166247839.71760067             5759
   2160.0825103137890        3.0381334038522447E-006   166247972.86471134             5760
   2160.4575571946498        3.0373054636746941E-006   166248105.96850196             5761
   2160.8326040755092        3.0366111867509129E-006   166248239.02316079             5762
   2161.2076509563694        3.0357841651449399E-006   166248372.03454718             5763
   2161.5826978372297        3.0350908061203234E-006   166248504.99685061             5764
   2161.9577447180895        3.0342647016768929E-006   166248637.91592917             5765
   2162.3327915989498        3.0335722591437664E-006   166248770.78597340             5766
   2162.7078384798097        3.0327470704565580E-006   166248903.61284032             5767
   2163.0828853606699        3.0320555430099509E-006   166249036.39072150             5768
   2163.4579322415302        3.0312312686753502E-006   166249169.12547284             5769
   2163.8329791223900        3.0305406549129981E-006   166249301.81128699             5770
   2164.2080260032503        3.0297172935300909E-006   166249434.45401865             5771
   2164.5830728841106        3.0290275920524274E-006   166249567.04786164             5772
   2164.9581197649704        3.0282051422229966E-006   166249699.59866944             5773
   2165.3331666458307        3.0275163516331461E-006   166249832.10063699             5774
   2165.7082135266910        3.0266948119616535E-006   166249964.55961660             5775
   2166.0832604075508        3.0260069308654253E-006   166250096.96980429             5776
   2166.4583072884111        3.0251862999590164E-006   166250229.33705127             5777
   2166.8333541692709        3.0244993269648958E-006   166250361.65555459             5778
   2167.2084010501312        3.0236796034333977E-006   166250493.93116429             5779
   2167.5834479309915        3.0229935371525386E-006   166250626.15807855             5780
   2167.9584948118513        3.0221747196084487E-006   166250758.34214628             5781
   2168.3335416927116        3.0214895586546733E-006   166250890.47756672             5782
   2168.7085885735714        3.0206716457131438E-006   166251022.57018760             5783
   2169.0836354544317        3.0199873887029394E-006   166251154.61420926             5784
   2169.4586823352920        3.0191703789817816E-006   166251286.61547828             5785
   2169.8337292161518        3.0184870245342871E-006   166251418.56819612             5786
   2170.2087760970121        3.0176709166539639E-006   166251550.47820815             5787
   2170.5838229778724        3.0169884633909678E-006   166251682.33971694             5788
   2170.9588698587322        3.0161732559745932E-006   166251814.15856674             5789
   2171.3339167395925        3.0154917025205233E-006   166251945.92896119             5790
   2171.7089636204528        3.0146773941938436E-006   166252077.65674335             5791
   2172.0840105013126        3.0139967391757648E-006   166252209.33611798             5792
   2172.4590573821729        3.0131833285671579E-006   166252340.97292697             5793
   2172.8341042630327        3.0125035706147646E-006   166252472.56137621             5794
   2173.2091511438930        3.0116910563552402E-006   166252604.10730642             5795
   2173.5841980247533        3.0110121941008533E-006   166252735.60492453             5796
   2173.9592449056131        3.0102005748240400E-006   166252867.06007013             5797
   2174.3342917864734        3.0095226069025909E-006   166252998.46695128             5798
   2174.7093386673337        3.0087118812447314E-006   166253129.83140638             5799
   2175.0843855481935        3.0080348062937723E-006   166253261.14764461             5800
   2175.4594324290538        3.0072249728937220E-006   166253392.42150319             5801
   2175.8344793099141        3.0065487895534028E-006   166253523.64719236             5802
   2176.2095261907739        3.0057398470526169E-006   166253654.83054820             5803
   2176.5845730716342        3.0050645539656945E-006   166253785.96578208             5804
   2176.9596199524940        3.0042565010082233E-006   166253917.05872887             5805
   2177.3346668333543        3.0035820968200496E-006   166254048.10360110             5806
   2177.7097137142146        3.0027749320525372E-006   166254179.10623243             5807
   2178.0847605950739        3.0021014154110479E-006   166254310.06083649             5808
   2178.4598074759347        3.0012951374827232E-006   166254440.97324580             5809
   2178.8348543567949        3.0006225070384343E-006   166254571.83767509             5810
   2179.2099012376543        2.9998171146011059E-006   166254702.65995571             5811
   2179.5849481185151        2.9991453690071137E-006   166254833.43430343             5812
   2179.9599949993749        2.9983408607151632E-006   166254964.16654852             5813
   2180.3350418802347        2.9976699986271346E-006   166255094.85090783             5814
   2180.7100887610954        2.9968663731375124E-006   166255225.49321043             5815
   2181.0851356419553        2.9961963932136820E-006   166255356.08767432             5816
   2181.4601825228151        2.9953936491859012E-006   166255486.64012736             5817
   2181.8352294036758        2.9947245500870574E-006   166255617.14478865             5818
   2182.2102762845352        2.9939226861831854E-006   166255747.60748491             5819
   2182.5853231653955        2.9932544665726671E-006   166255878.02243638             5820
   2182.9603700462562        2.9924534814573240E-006   166256008.39546853             5821
   2183.3354169271156        2.9917861400010291E-006   166256138.72080275             5822
   2183.7104638079759        2.9909860323413805E-006   166256269.00426334             5823
   2184.0855106888362        2.9903195677077353E-006   166256399.24007279             5824
   2184.4605575696960        2.9895203361734817E-006   166256529.43405426             5825
   2184.8356044505563        2.9888547470334584E-006   166256659.58043128             5826
   2185.2106513314161        2.9880563902968361E-006   166256789.68502590             5827
   2185.5856982122764        2.9873916753239303E-006   166256919.74206272             5828
   2185.9607450931367        2.9865941920596959E-006   166257049.75736260             5829
   2186.3357919739965        2.9859303499299299E-006   166257179.72515133             5830
   2186.7108388548568        2.9851337388153694E-006   166257309.65124854             5831
   2187.0858857357171        2.9844707682072891E-006   166257439.52988112             5832
   2187.4609326165769        2.9836750279221979E-006   166257569.36686757             5833
   2187.8359794974372        2.9830129275168587E-006   166257699.15643585             5834
   2188.2110263782974        2.9822180567435461E-006   166257828.90440330             5835
   2188.5860732591573        2.9815568252245090E-006   166257958.60499901             5836
   2188.9611201400176        2.9807628226477925E-006   166258088.26403910             5837
   2189.3361670208774        2.9801024587011174E-006   166258217.87575382             5838
   2189.7112139017377        2.9793093230083082E-006   166258347.44595808             5839
   2190.0862607825979        2.9786498253225556E-006   166258476.96888325             5840
   2190.4613076634578        2.9778575552034622E-006   166258606.45034313             5841
   2190.8363545443181        2.9771989224696867E-006   166258735.88457009             5842
   2191.2114014251783        2.9764075166166016E-006   166258865.27737680             5843
   2191.5864483060382        2.9757497475283367E-006   166258994.62299681             5844
   2191.9614951868984        2.9749592046360338E-006   166259123.92724153             5845
   2192.3365420677583        2.9743022978892904E-006   166259253.18434563             5846
   2192.7115889486186        2.9735126166550267E-006   166259382.40011939             5847
   2193.0866358294788        2.9728565709482908E-006   166259511.56879854             5848
   2193.4616827103387        2.9720677500717865E-006   166259640.69619223             5849
   2193.8367295911989        2.9714125641060188E-006   166259769.77653730             5850
   2194.2117764720592        2.9706246022894592E-006   166259898.81564167             5851
   2194.5868233529191        2.9699702747680724E-006   166260027.80774337             5852
   2194.9618702337793        2.9691831707161084E-006   166260156.75864911             5853
   2195.3369171146392        2.9685297003449806E-006   166260285.66259798             5854
   2195.7119639954994        2.9677434527647141E-006   166260414.52539560             5855
   2196.0870108763597        2.9670908382521714E-006   166260543.34128216             5856
   2196.4620577572196        2.9663054458531490E-006   166260672.11606207             5857
   2196.8371046380798        2.9656536859099614E-006   166260800.84397662             5858
   2197.2121515189401        2.9648691474041730E-006   166260929.53082907             5859
   2197.5871983997999        2.9642182407435531E-006   166261058.17086184             5860
   2197.9622452806602        2.9634345548454364E-006   166261186.76987699             5861
   2198.3372921615201        2.9627845001830238E-006   166261315.32211810             5862
   2198.7123390423803        2.9620016656094408E-006   166261443.83338600             5863
   2199.0873859232406        2.9613524616633170E-006   166261572.29792538             5864
   2199.4624328041004        2.9605704771335526E-006   166261700.72153592             5865
   2199.8374796849607        2.9599221226242165E-006   166261829.09846345             5866
   2200.2125265658210        2.9591409868599786E-006   166261957.43450642             5867
   2200.5875734466804        2.9584934805103469E-006   166262085.72391176             5868
   2200.9626203275411        2.9577131922357653E-006   166262213.97247684             5869
   2201.3376672084014        2.9570665327711678E-006   166262342.17444968             5870
   2201.7127140892608        2.9562870907127773E-006   166262470.33562639             5871
   2202.0877609701215        2.9556412768609492E-006   166262598.45025614             5872
   2202.4628078509813        2.9548626797476871E-006   166262726.52413389             5873
   2202.8378547318412        2.9542177102387719E-006   166262854.55150995             5874
   2203.2129016127019        2.9534399568019755E-006   166262982.53817806             5875
   2203.5879484935613        2.9527958303685168E-006   166263110.47838962             5876
   2203.9629953744216        2.9520189193419239E-006   166263238.37793726             5877
   2204.3380422552823        2.9513756347188393E-006   166263366.23107347             5878
   2204.7130891361417        2.9505995648385748E-006   166263494.04358965             5879
   2205.0881360170019        2.9499571207631818E-006   166263621.80973950             5880
   2205.4631828978627        2.9491818907677501E-006   166263749.53531319             5881
   2205.8382297787221        2.9485402859797471E-006   166263877.21456552             5882
   2206.2132766595823        2.9477658946100290E-006   166264004.85328555             5883
   2206.5883235404426        2.9471251278514823E-006   166264132.44572914             5884
   2206.9633704213024        2.9463515738507343E-006   166264259.99768412             5885
   2207.3384173021627        2.9457116438660848E-006   166264387.50340757             5886
   2207.7134641830226        2.9449389259799299E-006   166264514.96868613             5887
   2208.0885110638828        2.9442998315159805E-006   166264642.38777795             5888
   2208.4635579447431        2.9435279484924006E-006   166264769.76646855             5889
   2208.8386048256029        2.9428896882983141E-006   166264897.09901711             5890
   2209.2136517064632        2.9421186388876548E-006   166265024.39120805             5891
   2209.5886985873235        2.9414812117149486E-006   166265151.63730165             5892
   2209.9637454681833        2.9407109946699030E-006   166265278.84308115             5893
   2210.3387923490436        2.9400743992724435E-006   166265406.00280795             5894
   2210.7138392299039        2.9393050133480482E-006   166265533.12226403             5895
   2211.0888861107637        2.9386692484820479E-006   166265660.19571200             5896
   2211.4639329916240        2.9379006924356835E-006   166265787.22893271             5897
   2211.8389798724838        2.9372657568596873E-006   166265914.21618980             5898
   2212.2140267533441        2.9364980294510685E-006   166266041.16326293             5899
   2212.5890736342044        2.9358639219259595E-006   166266168.06441692             5900
   2212.9641205150642        2.9350970219171344E-006   166266294.92543021             5901
   2213.3391673959245        2.9344637412061201E-006   166266421.74056876             5902
   2213.7142142767848        2.9336976673614587E-006   166266548.51560983             5903
   2214.0892611576446        2.9330652122300702E-006   166266675.24482048             5904
   2214.4643080385049        2.9322999633162663E-006   166266801.93397680             5905
   2214.8393549193647        2.9316683325323519E-006   166266928.57734698             5906
   2215.2144018002250        2.9309039073184095E-006   166267055.18070593             5907
   2215.5894486810853        2.9302730996521278E-006   166267181.73832297             5908
   2215.9644955619451        2.9295094969093634E-006   166267308.25597182             5909
   2216.3395424428054        2.9288795111331848E-006   166267434.72792289             5910
   2216.7145893236657        2.9281167296352154E-006   166267561.15994871             5911
   2217.0896362045255        2.9274875645239086E-006   166267687.54632089             5912
   2217.4646830853858        2.9267256030466559E-006   166267813.89281076             5913
   2217.8397299662456        2.9260972573772841E-006   166267940.19369102             5914
   2218.2147768471059        2.9253361146989645E-006   166268066.45473182             5915
   2218.5898237279662        2.9247085872508874E-006   166268192.67020696             5916
   2218.9648706088260        2.9239482621519997E-006   166268318.84588546             5917
   2219.3399174896863        2.9233215517068638E-006   166268444.97604224             5918
   2219.7149643705466        2.9225620429701919E-006   166268571.06644508             5919
   2220.0900112514064        2.9219361483119239E-006   166268697.11137009             5920
   2220.4650581322667        2.9211774547225354E-006   166268823.11658385             5921
   2220.8401050131265        2.9205523746373346E-006   166268949.07636356             5922
   2221.2151518939868        2.9197944949825732E-006   166269074.99647465             5923
   2221.5901987748471        2.9191702282589112E-006   166269200.87119544             5924
   2221.9652456557069        2.9184131613283820E-006   166269326.70629016             5925
   2222.3402925365672        2.9177897067570047E-006   166269452.49603829             5926
   2222.7153394174275        2.9170334513425779E-006   166269578.24620283             5927
   2223.0903862982868        2.9164108077164832E-006   166269703.95106444             5928
   2223.4654331791476        2.9156553626122879E-006   166269829.61638489             5929
   2223.8404800600078        2.9150335287267315E-006   166269955.23644596             5930
   2224.2155269408672        2.9142788927291555E-006   166270080.81700829             5931
   2224.5905738217280        2.9136578673816475E-006   166270206.35235471             5932
   2224.9656207025878        2.9129040392893181E-006   166270331.84824476             5933
   2225.3406675834476        2.9122838212796133E-006   166270457.29896235             5934
   2225.7157144643083        2.9115307998934097E-006   166270582.71026585             5935
   2226.0907613451677        2.9109113880235028E-006   166270708.07644027             5936
   2226.4658082260285        2.9101591721465403E-006   166270833.40324280             5937
   2226.8408551068887        2.9095405652206601E-006   166270958.68495965             5938
   2227.2159019877481        2.9087891536582868E-006   166271083.92734668             5939
   2227.5909488686088        2.9081713504829007E-006   166271209.12469134             5940
   2227.9659957494687        2.9074207420426921E-006   166271334.28274831             5941
   2228.3410426303285        2.9068037414264868E-006   166271459.39580613             5942
   2228.7160895111892        2.9060539349182417E-006   166271584.46961832             5943
   2229.0911363920491        2.9054377356721274E-006   166271709.49847448             5944
   2229.4661832729089        2.9046887299078677E-006   166271834.48812696             5945
   2229.8412301537696        2.9040733308449712E-006   166271959.43286660             5946
   2230.2162770346290        2.9033251246389317E-006   166272084.33844447             5947
   2230.5913239154893        2.9027105245745918E-006   166272209.19915250             5948
   2230.9663707963500        2.9019631167432099E-006   166272334.02074066             5949
   2231.3414176772094        2.9013493144949705E-006   166272458.79750198             5950
   2231.7164645580697        2.9006027038568962E-006   166272583.53518522             5951
   2232.0915114389300        2.8999896982445002E-006   166272708.22808456             5952
   2232.4665583197898        2.8992438836205784E-006   166272832.88194761             5953
   2232.8416052006501        2.8986316734659711E-006   166272957.49106964             5954
   2233.2166520815099        2.8978866536792412E-006   166273082.06119704             5955
   2233.5916989623702        2.8972752378065579E-006   166273206.58662626             5956
   2233.9667458432305        2.8965310116822457E-006   166273331.07310250             5957
   2234.3417927240903        2.8959203889178080E-006   166273455.51492333             5958
   2234.7168396049506        2.8951769552833327E-006   166273579.91783273             5959
   2235.0918864858108        2.8945671244556414E-006   166273704.27612945             5960
   2235.4669333666707        2.8938244821405967E-006   166273828.59555626             5961
   2235.8419802475310        2.8932154420803339E-006   166273952.87041306             5962
   2236.2170271283912        2.8924735899164867E-006   166274077.10644141             5963
   2236.5920740092511        2.8918653394565075E-006   166274201.29794234             5964
   2236.9671208901113        2.8911242762777947E-006   166274325.45065624             5965
   2237.3421677709712        2.8905168142531213E-006   166274449.55888528             5966
   2237.7172146518315        2.8897765388956502E-006   166274573.62836862             5967
   2238.0922615326917        2.8891698641434621E-006   166274697.65340954             5968
   2238.4673084135516        2.8884303754454960E-006   166274821.63974610             5969
   2238.8423552944118        2.8878244868051376E-006   166274945.58168268             5970
   2239.2174021752717        2.8870857836070965E-006   166275069.48495615             5971
   2239.5924490561320        2.8864806799200672E-006   166275193.34387204             5972
   2239.9674959369922        2.8857427610645225E-006   166275317.16416594             5973
   2240.3425428178521        2.8851384411744644E-006   166275440.94014460             5974
   2240.7175896987123        2.8844013055061325E-006   166275564.67754242             5975
   2241.0926365795726        2.8837977682588340E-006   166275688.37066725             5976
   2241.4676834604325        2.8830614146245754E-006   166275812.02525228             5977
   2241.8427303412927        2.8824586588679632E-006   166275935.63560656             5978
   2242.2177772221530        2.8817230861167728E-006   166276059.20746207             5979
   2242.5928241030128        2.8811211107009091E-006   166276182.73512894             5980
   2242.9678709838731        2.8803863176839137E-006   166276306.22433802             5981
   2243.3429178647330        2.8797851214609897E-006   166276429.66940057             5982
   2243.7179647455932        2.8790511070314472E-006   166276553.07604623             5983
   2244.0930116264535        2.8784506888557806E-006   166276676.43858737             5984
   2244.4680585073133        2.8777174518690667E-006   166276799.76275247             5985
   2244.8431053881736        2.8771178105970934E-006   166276923.04285508             5986
   2245.2181522690339        2.8763853499107042E-006   166277046.28462243             5987
   2245.5931991498937        2.8757864844009805E-006   166277169.48236921             5988
   2245.9682460307540        2.8750547988745259E-006   166277292.64182144             5989
   2246.3432929116143        2.8744567079877119E-006   166277415.75729501             5990
   2246.7183397924741        2.8737257964829131E-006   166277538.83451471             5991
   2247.0933866733344        2.8731284790817774E-006   166277661.86779755             5992
   2247.4684335541942        2.8723983404624522E-006   166277784.86286715             5993
   2247.8434804350545        2.8718017954118715E-006   166277907.81404164             5994
   2248.2185273159148        2.8710724285439441E-006   166278030.72704351             5995
   2248.5935741967742        2.8704766547108856E-006   166278153.59619197             5996
   2248.9686210776349        2.8697480584623727E-006   166278276.42720827             5997
   2249.3436679584952        2.8691530547158955E-006   166278399.21441287             5998
   2249.7187148393546        2.8684252279569072E-006   166278521.96352577             5999
   2250.0937617202153        2.8678309931681631E-006   166278644.66886854             6000
   2250.4688086010751        2.8671039347708861E-006   166278767.33616003             6001
   2250.8438554819350        2.8665104678131109E-006   166278889.95972291             6002
   2251.2189023627957        2.8657841766518180E-006   166279012.54527488             6003
   2251.5939492436555        2.8651914764003197E-006   166279135.08713976             6004
   2251.9689961245153        2.8644659513513629E-006   166279257.59103400             6005
   2252.3440430053761        2.8638740166835289E-006   166279380.05128258             6006
   2252.7190898862355        2.8631492566253294E-006   166279502.47360075             6007
   2253.0941367670957        2.8625580864206142E-006   166279624.85231465             6008
   2253.4691836479565        2.8618340902336583E-006   166279747.19313833             6009
   2253.8442305288158        2.8612436833735826E-006   166279869.49039906             6010
   2254.2192774096761        2.8605204499404250E-006   166279991.74980974             6011
   2254.5943242905364        2.8599308053085679E-006   166280113.96569875             6012
   2254.9693711713962        2.8592083335138205E-006   166280236.14377773             6013
   2255.3444180522565        2.8586194499958204E-006   166280358.27837625             6014
   2255.7194649331163        2.8578977387261438E-006   166280480.37520480             6015
   2256.0945118139766        2.8573096152096902E-006   166280602.42859408             6016
   2256.4695586948369        2.8565886633537980E-006   166280724.44425333             6017
   2256.8446055756967        2.8560012987286255E-006   166280846.41651443             6018
   2257.2196524565570        2.8552811051772763E-006   166280968.35108539             6019
   2257.5946993374173        2.8546944983351613E-006   166281090.24229926             6020
   2257.9697462182771        2.8539750619811544E-006   166281212.09586287             6021
   2258.3447930991374        2.8533892118159142E-006   166281333.90611038             6022
   2258.7198399799977        2.8526705315540813E-006   166281455.67874742             6023
   2259.0948868608575        2.8520854369615640E-006   166281577.40810934             6024
   2259.4699337417178        2.8513675116887690E-006   166281699.09990054             6025
   2259.8449806225776        2.8507831715668555E-006   166281820.74845752             6026
   2260.2200275034379        2.8500660001819947E-006   166281942.35948351             6027
   2260.5950743842982        2.8494824134305871E-006   166282063.92731607             6028
   2260.9701212651580        2.8487659948345738E-006   166282185.45765728             6029
   2261.3451681460183        2.8481831603555980E-006   166282306.94484586             6030
   2261.7202150268781        2.8474674934513631E-006   166282428.39458269             6031
   2262.0952619077384        2.8468854101487572E-006   166282549.80120763             6032
   2262.4703087885987        2.8461704938412489E-006   166282671.17042035             6033
   2262.8453556694585        2.8455891606209632E-006   166282792.49656188             6034
   2263.2204025503188        2.8448749938171381E-006   166282913.78533065             6035
   2263.5954494311791        2.8442944095871297E-006   166283035.03106886             6036
   2263.9704963120389        2.8435809911959475E-006   166283156.23947376             6037
   2264.3455431928992        2.8430011548661775E-006   166283277.40488866             6038
   2264.7205900737595        2.8422884837985993E-006   166283398.53300962             6039
   2265.0956369546193        2.8417093942810288E-006   166283519.61818114             6040
   2265.4706838354796        2.8409974694500113E-006   166283640.66609803             6041
   2265.8457307163394        2.8404191256585920E-006   166283761.67110595             6042
   2266.2207775971997        2.8397079459790850E-006   166283882.63889849             6043
   2266.5958244780600        2.8391303468297579E-006   166284003.56382248             6044
   2266.9708713589198        2.8384199112186977E-006   166284124.45157033             6045
   2267.3459182397801        2.8378430556293931E-006   166284245.29649001             6046
   2267.7209651206404        2.8371333630056966E-006   166284366.10427269             6047
   2268.0960120015002        2.8365572498963255E-006   166284486.86926752             6048
   2268.4710588823605        2.8358482991808936E-006   166284607.59716445             6049
   2268.8461057632203        2.8352729274733414E-006   166284728.28231379             6050
   2269.2211526440806        2.8345647175890493E-006   166284848.93040431             6051
   2269.5961995249409        2.8339900862071704E-006   166284969.53578743             6052
   2269.9712464058007        2.8332826160788593E-006   166285090.10415071             6053
   2270.3462932866610        2.8327087239484829E-006   166285210.62984681             6054
   2270.7213401675212        2.8320019925029603E-006   166285331.11856198             6055
   2271.0963870483806        2.8314288385518741E-006   166285451.56465006             6056
   2271.4714339292414        2.8307228447179118E-006   166285571.97379619             6057
   2271.8464808101016        2.8301504278758624E-006   166285692.34035522             6058
   2272.2215276909610        2.8294451705841899E-006   166285812.67001110             6059
   2272.5965745718217        2.8288734897828825E-006   166285932.95711997             6060
   2272.9716214526816        2.8281689679661796E-006   166286053.20736447             6061
   2273.3466683335414        2.8275980221392730E-006   166286173.41510186             6062
   2273.7217152144021        2.8268942347321677E-006   166286293.58601364             6063
   2274.0967620952615        2.8263240228152621E-006   166286413.71445823             6064
   2274.4718089761218        2.8256209687543294E-006   166286533.80611593             6065
   2274.8468558569825        2.8250514896849688E-006   166286653.85534623             6066
   2275.2219027378419        2.8243491679087244E-006   166286773.86782831             6067
   2275.5969496187022        2.8237804206263924E-006   166286893.83792278             6068
   2275.9719964995629        2.8230788300752832E-006   166287013.77130756             6069
   2276.3470433804223        2.8225108135213956E-006   166287133.66234455             6070
   2276.7220902612826        2.8218099531378074E-006   166287253.51671034             6071
   2277.0971371421429        2.8212426662557093E-006   166287373.32876804             6072
   2277.4721840230027        2.8205425349839523E-006   166287493.10419306             6073
   2277.8472309038630        2.8199759767189160E-006   166287612.83734956             6074
   2278.2222777847228        2.8192765735052216E-006   166287732.53391185             6075
   2278.5973246655831        2.8187107428044420E-006   166287852.18824521             6076
   2278.9723715464434        2.8180120665969616E-006   166287971.80602273             6077
   2279.3474184273032        2.8174469624095504E-006   166288091.38161087             6078
   2279.7224653081635        2.8167490121583553E-006   166288210.92068148             6079
   2280.0975121890237        2.8161846334353346E-006   166288330.41760218             6080
   2280.4725590698836        2.8154874080924041E-006   166288449.87804365             6081
   2280.8476059507439        2.8149237537867073E-006   166288569.29637465             6082
   2281.2226528316041        2.8142272523059278E-006   166288688.67826465             6083
   2281.5976997124640        2.8136643213723929E-006   166288808.01808354             6084
   2281.9727465933242        2.8129685427095519E-006   166288927.32149962             6085
   2282.3477934741841        2.8124063341049167E-006   166289046.58288392             6086
   2282.7228403550444        2.8117112772177034E-006   166289165.80790350             6087
   2283.0978872359046        2.8111497899006003E-006   166289284.99093062             6088
   2283.4729341167645        2.8104554537486006E-006   166289404.13763109             6089
   2283.8479809976247        2.8098946866795584E-006   166289523.24237832             6090
   2284.2230278784850        2.8092010702242410E-006   166289642.31083694             6091
   2284.5980747593449        2.8086410223656777E-006   166289761.33738148             6092
   2284.9731216402051        2.8079481245704025E-006   166289880.32767537             6093
   2285.3481685210650        2.8073887948866180E-006   166289999.27609432             6094
   2285.7232154019252        2.8066966147166254E-006   166290118.18830049             6095
   2286.0982622827855        2.8061380021737969E-006   166290237.05867088             6096
   2286.4733091636454        2.8054465385962099E-006   166290355.89286634             6097
   2286.8483560445056        2.8048886421623975E-006   166290474.68526497             6098
   2287.2234029253659        2.8041978941462067E-006   166290593.44152659             6099
   2287.5984498062257        2.8036407127913393E-006   166290712.15603033             6100
   2287.9734966870860        2.8029506793074116E-006   166290830.83443478             6101
   2288.3485435679459        2.8023942120032855E-006   166290949.47112033             6102
   2288.7235904488061        2.8017048920243511E-006   166291068.07174429             6103
   2289.0986373296664        2.8011491377446250E-006   166291186.63068822             6104
   2289.4736842105262        2.8004605302452761E-006   166291305.15360820             6105
   2289.8487310913865        2.7999054879654733E-006   166291423.63488698             6106
   2290.2237779722468        2.7992175919221548E-006   166291542.08017948             6107
   2290.5988248531066        2.7986632606196530E-006   166291660.48386952             6108
   2290.9738717339669        2.7979760750106729E-006   166291778.85161087             6109
   2291.3489186148267        2.7974224536646986E-006   166291897.17778847             6110
   2291.7239654956870        2.7967359774702098E-006   166292015.46805486             6111
   2292.0990123765473        2.7961830650618401E-006   166292133.71679622             6112
   2292.4740592574067        2.7954972972638419E-006   166292251.92966381             6113
   2292.8491061382674        2.7949450927759984E-006   166292370.10104501             6114
   2293.2241530191277        2.7942600323583338E-006   166292488.23658985             6115
   2293.5991998999871        2.7937085347757800E-006   166292606.33068690             6116
   2293.9742467808478        2.7930241807241312E-006   166292724.38898492             6117
   2294.3492936617081        2.7924733890334606E-006   166292842.40587369             6118
   2294.7243405425675        2.7917897403353430E-006   166292960.38700074             6119
   2295.0993874234282        2.7912396535249849E-006   166293078.32675701             6120
   2295.4744343042880        2.7905567091697378E-006   166293196.23078889             6121
   2295.8494811851479        2.7900073262299505E-006   166293314.09348837             6122
   2296.2245280660086        2.7893250852087445E-006   166293431.92050064             6123
   2296.5995749468680        2.7887764051316113E-006   166293549.70621890             6124
   2296.9746218277282        2.7880948664374415E-006   166293667.45628715             6125
   2297.3496687085890        2.7875468882168631E-006   166293785.16509971             6126
   2297.7247155894484        2.7868660508445408E-006   166293902.83829936             6127
   2298.0997624703086        2.7863187734762376E-006   166294020.47028160             6128
   2298.4748093511689        2.7856386364223883E-006   166294138.06668800             6129
   2298.8498562320287        2.7850920589038905E-006   166294255.62191525             6130
   2299.2249031128890        2.7844126211669509E-006   166294373.14160368             6131
   2299.5999499937493        2.7838667424975988E-006   166294490.62015110             6132
   2299.9749968746091        2.7831880030778123E-006   166294608.06319666             6133
   2300.3500437554694        2.7826428222587490E-006   166294725.46513939             6134
   2300.7250906363292        2.7819647801581609E-006   166294842.83161715             6135
   2301.1001375171895        2.7814202961923321E-006   166294960.15703019             6136
   2301.4751843980498        2.7807429504147874E-006   166295077.44701511             6137
   2301.8502312789096        2.7801991623069379E-006   166295194.69597331             6138
   2302.2252781597699        2.7795225118580743E-006   166295311.90954027             6139
   2302.6003250406302        2.7789794186147376E-006   166295429.08211848             6140
   2302.9753719214900        2.7783034625019884E-006   166295546.21934217             6141
   2303.3504188023503        2.7777610631314898E-006   166295663.31561512             6142
   2303.7254656832101        2.7770858003640740E-006   166295780.37657025             6143
   2304.1005125640704        2.7765440938765217E-006   166295897.39661250             6144
   2304.4755594449307        2.7758695234654408E-006   166296014.38137364             6145
   2304.8506063257905        2.7753285088727264E-006   166296131.32525972             6146
   2305.2256532066508        2.7746546298307614E-006   166296248.23390132             6147
   2305.6007000875111        2.7741143061465518E-006   166296365.10170564             6148
   2305.9757469683709        2.7734411174882607E-006   166296481.93430206             6149
   2306.3507938492312        2.7729014837280029E-006   166296598.72609898             6150
   2306.7258407300915        2.7722289844697149E-006   166296715.48272452             6151
   2307.1008876109513        2.7716900396506234E-006   166296832.19858822             6152
   2307.4759344918116        2.7710182288104363E-006   166296948.87931705             6153
   2307.8509813726714        2.7704799719514927E-006   166297065.51932165             6154
   2308.2260282535317        2.7698088485492687E-006   166297182.12422782             6155
   2308.6010751343920        2.7692712786712123E-006   166297298.68844742             6156
   2308.9761220152518        2.7686008417285758E-006   166297415.21760491             6157
   2309.3511688961121        2.7680639578539094E-006   166297531.70611337             6158
   2309.7262157769719        2.7673942063942362E-006   166297648.15959609             6159
   2310.1012626578322        2.7668580075472175E-006   166297764.57246727             6160
   2310.4763095386925        2.7661889405956420E-006   166297880.95034897             6161
   2310.8513564195523        2.7656534258022753E-006   166297997.28765664             6162
   2311.2264033004126        2.7649850423856820E-006   166298113.59001106             6163
   2311.6014501812729        2.7644502106737245E-006   166298229.85182881             6164
   2311.9764970621327        2.7637825098207420E-006   166298346.07872951             6165
   2312.3515439429930        2.7632483602196904E-006   166298462.26513094             6166
   2312.7265908238533        2.7625813409606879E-006   166298578.41665146             6167
   2313.1016377047131        2.7620478725017836E-006   166298694.52770999             6168
   2313.4766845855734        2.7613815338688705E-006   166298810.60392371             6169
   2313.8517314664332        2.7608487455850872E-006   166298926.63971272             6170
   2314.2267783472935        2.7601830866121059E-006   166299042.64069295             6171
   2314.6018252281538        2.7596509775381551E-006   166299158.60128567             6172
   2314.9768721090131        2.7589859972606800E-006   166299274.52710563             6173
   2315.3519189898739        2.7584545664329991E-006   166299390.41257524             6174
   2315.7269658707341        2.7577902638883313E-006   166299506.26330805             6175
   2316.1020127515935        2.7572595103450831E-006   166299622.07372767             6176
   2316.4770596324543        2.7565958845722486E-006   166299737.84944633             6177
   2316.8521065133145        2.7560658073533122E-006   166299853.58488888             6178
   2317.2271533941739        2.7554028573930572E-006   166299969.28566635             6179
   2317.6022002750346        2.7548734555400399E-006   166300084.94620475             6180
   2317.9772471558945        2.7542111804348190E-006   166300200.57211387             6181
   2318.3522940367543        2.7536824529910360E-006   166300316.15782088             6182
   2318.7273409176150        2.7530208517850256E-006   166300431.70893440             6183
   2319.1023877984744        2.7524927977955062E-006   166300547.21988270             6184
   2319.4774346793347        2.7518318695345874E-006   166300662.69627324             6185
   2319.8524815601954        2.7513044880460629E-006   166300778.13253546             6186
   2320.2275284410548        2.7506442317778261E-006   166300893.53427559             6187
   2320.6025753219151        2.7501175218387346E-006   166301008.89592424             6188
   2320.9776222027754        2.7494579366124649E-006   166301124.22308639             6189
   2321.3526690836352        2.7489318972729471E-006   166301239.51019385             6190
   2321.7277159644955        2.7482729821396305E-006   166301354.76285040             6191
   2322.1027628453558        2.7477476124515184E-006   166301469.97548905             6192
   2322.4778097262156        2.7470893664638375E-006   166301585.15371227             6193
   2322.8528566070763        2.7465646654806562E-006   166301700.29195428             6194
   2323.2279034879357        2.7459070876929820E-006   166301815.39581636             6195
   2323.6029503687960        2.7453830544699493E-006   166301930.45973387             6196
   2323.9779972496567        2.7447261439383378E-006   166302045.48930690             6197
   2324.3530441305161        2.7442027775323536E-006   166302160.47897196             6198
   2324.7280910113764        2.7435465333145476E-006   166302275.43432790             6199
   2325.1031378922366        2.7430238327841898E-006   166302390.34981245             6200
   2325.4781847730965        2.7423682539396142E-006   166302505.23102322             6201
   2325.8532316539568        2.7418462183451455E-006   166302620.07239911             6202
   2326.2282785348166        2.7411913039348995E-006   166302734.87953651             6203
   2326.6033254156769        2.7406699323382550E-006   166302849.64687550             6204
   2326.9783722965371        2.7400156814251068E-006   166302964.38001123             6205
   2327.3534191773970        2.7394949728898926E-006   166303079.07338497             6206
   2327.7284660582573        2.7388413845382858E-006   166303193.73259068             6207
   2328.1035129391175        2.7383213381297746E-006   166303308.35207075             6208
   2328.4785598199774        2.7376684114058126E-006   166303422.93741795             6209
   2328.8536067008376        2.7371490261909422E-006   166303537.48307586             6210
   2329.2286535816979        2.7364967601623937E-006   166303651.99463597             6211
   2329.6037004625578        2.7359780352097624E-006   166303766.46654308             6212
   2329.9787473434180        2.7353264289460549E-006   166303880.90438747             6213
   2330.3537942242779        2.7348083633259196E-006   166303995.30261508             6214
   2330.7288411051381        2.7341574158981364E-006   166304109.66681495             6215
   2331.1038879859984        2.7336400086823996E-006   166304223.99143431             6216
   2331.4789348668583        2.7329897191632762E-006   166304338.28206086             6217
   2331.8539817477185        2.7324729694254975E-006   166304452.53314298             6218
   2332.2290286285784        2.7318233368894132E-006   166304566.75026727             6219
   2332.6040755094386        2.7313072437047972E-006   166304680.92788327             6220
   2332.9791223902989        2.7306582672277793E-006   166304795.07157627             6221
   2333.3541692711588        2.7301428296731775E-006   166304909.17579702             6222
   2333.7292161520190        2.7294945083328944E-006   166305023.24612963             6223
   2334.1042630328793        2.7289797254867899E-006   166305137.27702597             6224
   2334.4793099137391        2.7283320583625498E-006   166305251.27406898             6225
   2334.8543567945994        2.7278179293050654E-006   166305365.23171169             6226
   2335.2294036754597        2.7271709154778028E-006   166305479.15553579             6227
   2335.6044505563195        2.7266574392906970E-006   166305593.03999552             6228
   2335.9794974371798        2.7260110778429868E-006   166305706.89067131             6229
   2336.3545443180396        2.7254982536096430E-006   166305820.70201859             6230
   2336.7295911988999        2.7248525436256815E-006   166305934.47961661             6231
   2337.1046380797602        2.7243403704311093E-006   166306048.21792194             6232
   2337.4796849606200        2.7236953109967223E-006   166306161.92251262             6233
   2337.8547318414803        2.7231837879275508E-006   166306275.58784640             6234
   2338.2297787223406        2.7225393781301755E-006   166306389.21950004             6235
   2338.6048256032004        2.7220285042746598E-006   166306502.81193253             6236
   2338.9798724840607        2.7213847432033588E-006   166306616.37071943             6237
   2339.3549193649205        2.7208745176513640E-006   166306729.89032084             6238
   2339.7299662457808        2.7202314043968123E-006   166306843.37631112             6239
   2340.1050131266411        2.7197218262398143E-006   166306956.82315159             6240
   2340.4800600075009        2.7190793598942958E-006   166307070.23641533             6241
   2340.8551068883612        2.7185704282253819E-006   166307183.61056483             6242
   2341.2301537692215        2.7179286078827853E-006   166307296.95117202             6243
   2341.6052006500809        2.7174203217966501E-006   166307410.25270054             6244
   2341.9802475309416        2.7167791465524687E-006   166307523.52072102             6245
   2342.3552944118019        2.7162715051454017E-006   166307636.74969837             6246
   2342.7303412926613        2.7156309740967322E-006   166307749.94520199             6247
   2343.1053881735220        2.7151239764666256E-006   166307863.10169792             6248
   2343.4804350543818        2.7144840887121585E-006   166307976.22475436             6249
   2343.8554819352416        2.7139777339585023E-006   166308089.30883855             6250
   2344.2305288161024        2.7133384885985217E-006   166308202.35951743             6251
   2344.6055756969618        2.7128327758223924E-006   166308315.37125945             6252
   2344.9806225778220        2.7121941719587733E-006   166308428.34963030             6253
   2345.3556694586828        2.7116891002628378E-006   166308541.28909960             6254
   2345.7307163395421        2.7110511369990381E-006   166308654.19523188             6255
   2346.1057632204024        2.7105467054875492E-006   166308767.06249791             6256
   2346.4808101012632        2.7099093819286104E-006   166308879.89646095             6257
   2346.8558569821225        2.7094055897074048E-006   166308992.69159299             6258
   2347.2309038629828        2.7087689049599535E-006   166309105.45345607             6259
   2347.6059507438431        2.7082657511364430E-006   166309218.17652336             6260
   2347.9809976247029        2.7076297043086807E-006   166309330.86635560             6261
   2348.3560445055632        2.7071271879918493E-006   166309443.51742724             6262
   2348.7310913864230        2.7064917781935503E-006   166309556.13529778             6263
   2349.1061382672833        2.7059898984939570E-006   166309668.71444279             6264
   2349.4811851481436        2.7053551248364622E-006   166309781.26042062             6265
   2349.8562320290034        2.7048538808662353E-006   166309893.76770800             6266
   2350.2312789098637        2.7042197424624568E-006   166310006.24186200             6267
   2350.6063257907240        2.7037191333352881E-006   166310118.67736062             6268
   2350.9813726715838        2.7030856292996992E-006   166310231.07975963             6269
   2351.3564195524441        2.7025856541308404E-006   166310343.44353822             6270
   2351.7314664333044        2.7019527835794773E-006   166310455.77425098             6271
   2352.1065133141642        2.7014534414857445E-006   166310568.06637827             6272
   2352.4815601950245        2.7008212035361943E-006   166310680.32547343             6273
   2352.8566070758843        2.7003224936359536E-006   166310792.54601797             6274
   2353.2316539567446        2.6996908874073625E-006   166310904.73356408             6275
   2353.6067008376049        2.6991928088205306E-006   166311016.88259444             6276
   2353.9817477184647        2.6985618334335960E-006   166311128.99865994             6277
   2354.3567945993250        2.6980643852816469E-006   166311241.07624450             6278
   2354.7318414801848        2.6974340398586074E-006   166311353.12089780             6279
   2355.1068883610451        2.6969372212645532E-006   166311465.12710491             6280
   2355.4819352419054        2.6963075049291948E-006   166311577.10041431             6281
   2355.8569821227652        2.6958113150175905E-006   166311689.03531221             6282
   2356.2320290036255        2.6951822268952390E-006   166311800.93734592             6283
   2356.6070758844858        2.6946866647921771E-006   166311912.80100280             6284
   2356.9821227653456        2.6940582040096962E-006   166312024.63182890             6285
   2357.3571696462059        2.6935632688428106E-006   166312136.42431283             6286
   2357.7322165270657        2.6929354345285990E-006   166312248.18399936             6287
   2358.1072634079260        2.6924411254270535E-006   166312359.90537834             6288
   2358.4823102887863        2.6918139167110400E-006   166312471.59399328             6289
   2358.8573571696461        2.6913202328055297E-006   166312583.24433520             6290
   2359.2324040505064        2.6906936488191695E-006   166312694.86194640             6291
   2359.6074509313667        2.6902005892419097E-006   166312806.44131908             6292
   2359.9824978122265        2.6895746291181863E-006   166312917.98799428             6293
   2360.3575446930868        2.6890821930029196E-006   166313029.49646544             6294
   2360.7325915739470        2.6884568558763348E-006   166313140.97227240             6295
   2361.1076384548069        2.6879650423583224E-006   166313252.40990967             6296
   2361.4826853356672        2.6873403273648975E-006   166313363.81491593             6297
   2361.8577322165270        2.6868491355809158E-006   166313475.18178689             6298
   2362.2327790973873        2.6862250418581891E-006   166313586.51605999             6299
   2362.6078259782475        2.6857344709465287E-006   166313697.81223211             6300
   2362.9828728591069        2.6851109976335475E-006   166313809.07583946             6301
   2363.3579197399677        2.6846210467340104E-006   166313920.30138013             6302
   2363.7329666208279        2.6839981929713289E-006   166314031.49438906             6303
   2364.1080135016873        2.6835088612252261E-006   166314142.64936557             6304
   2364.4830603825480        2.6828866261549077E-006   166314253.77184337             6305
   2364.8581072634083        2.6823979127050507E-006   166314364.85632297             6306
   2365.2331541442677        2.6817762954706589E-006   166314475.90833679             6307
   2365.6082010251284        2.6812881994613633E-006   166314586.92238659             6308
   2365.9832479059883        2.6806671992079599E-006   166314697.90400350             6309
   2366.3582947868481        2.6801797197850361E-006   166314808.84769052             6310
   2366.7333416677088        2.6795593356591840E-006   166314919.75897756             6311
   2367.1083885485682        2.6790724719699354E-006   166315030.63236877             6312
   2367.4834354294285        2.6784527031196844E-006   166315141.47339284             6313
   2367.8584823102892        2.6779664543129089E-006   166315252.27655512             6314
   2368.2335291911486        2.6773472998878031E-006   166315363.04738310             6315
   2368.6085760720089        2.6768616651137873E-006   166315473.78038323             6316
   2368.9836229528692        2.6762431242648562E-006   166315584.48108178             6317
   2369.3586698337290        2.6757581026753734E-006   166315695.14398646             6318
   2369.7337167145893        2.6751401745551291E-006   166315805.77462229             6319
   2370.1087635954495        2.6746557653034300E-006   166315916.36749816             6320
   2370.4838104763094        2.6740384490658659E-006   166316026.92813784             6321
   2370.8588573571697        2.6735546513066823E-006   166316137.45105141             6322
   2371.2339042380295        2.6729379461072704E-006   166316247.94176146             6323
   2371.6089511188898        2.6724547589968094E-006   166316358.39477921             6324
   2371.9839979997500        2.6718386639924915E-006   166316468.81562597             6325
   2372.3590448806099        2.6713560866884388E-006   166316579.19881424             6326
   2372.7340917614702        2.6707406010376336E-006   166316689.54986408             6327
   2373.1091386423304        2.6702586326991384E-006   166316799.86328918             6328
   2373.4841855231903        2.6696437555617313E-006   166316910.14460835             6329
   2373.8592324040505        2.6691623953494111E-006   166317020.38833642             6330
   2374.2342792849104        2.6685481258867545E-006   166317130.59999105             6331
   2374.6093261657707        2.6680673729626925E-006   166317240.77408826             6332
   2374.9843730466309        2.6674537103375967E-006   166317350.91614446             6333
   2375.3594199274908        2.6669735638653343E-006   166317461.02067685             6334
   2375.7344668083510        2.6663605072420744E-006   166317571.09320056             6335
   2376.1095136892113        2.6658809663866091E-006   166317681.12823403             6336
   2376.4845605700712        2.6652685149309130E-006   166317791.13129118             6337
   2376.8596074509314        2.6647895788586983E-006   166317901.09689164             6338
   2377.2346543317913        2.6641777317377463E-006   166318011.03054804             6339
   2377.6097012126515        2.6636993996166896E-006   166318120.92678124             6340
   2377.9847480935118        2.6630881559991129E-006   166318230.79110265             6341
   2378.3597949743717        2.6626104269985693E-006   166318340.61803430             6342
   2378.7348418552319        2.6619997860544443E-006   166318450.41308635             6343
   2379.1098887360922        2.6615226593452133E-006   166318560.17078206             6344
   2379.4849356169520        2.6609126202460642E-006   166318669.89663035             6345
   2379.8599824978123        2.6604360950003902E-006   166318779.58515564             6346
   2380.2350293786722        2.6598266569191790E-006   166318889.24186563             6347
   2380.6100762595324        2.6593507323107445E-006   166318998.86128595             6348
   2380.9851231403927        2.6587418944218747E-006   166319108.44892308             6349
   2381.3601700212525        2.6582665696257962E-006   166319217.99930385             6350
   2381.7352169021128        2.6576583311051034E-006   166319327.51793340             6351
   2382.1102637829731        2.6571836052979361E-006   166319436.99933985             6352
   2382.4853106638329        2.6565759653226929E-006   166319546.44902709             6353
   2382.8603575446932        2.6561018376824181E-006   166319655.86152440             6354
   2383.2354044255535        2.6554947954313199E-006   166319765.24233451             6355
   2383.6104513064133        2.6550212651373476E-006   166319874.58598784             6356
   2383.9854981872736        2.6544148197905172E-006   166319983.89798588             6357
   2384.3605450681334        2.6539418860236862E-006   166320093.17286023             6358
   2384.7355919489937        2.6533360367626735E-006   166320202.41611120             6359
   2385.1106388298540        2.6528636987052429E-006   166320311.62227157             6360
   2385.4856857107134        2.6522584447130125E-006   166320420.79684037             6361
   2385.8607325915741        2.6517867015486568E-006   166320529.93435162             6362
   2386.2357794724344        2.6511820420095960E-006   166320639.04030308             6363
   2386.6108263532938        2.6507108929234086E-006   166320748.10922998             6364
   2386.9858732341545        2.6501068270233177E-006   166320857.14662889             6365
   2387.3609201150148        2.6496362712018009E-006   166320966.14703616             6366
   2387.7359669958742        2.6490327981278958E-006   166321075.11594716             6367
   2388.1110138767349        2.6485628347589661E-006   166321184.04789945             6368
   2388.4860607575947        2.6479599536998654E-006   166321292.94838709             6369
   2388.8611076384545        2.6474905819728471E-006   166321401.81194893             6370
   2389.2361545193153        2.6468882921185731E-006   166321510.64407778             6371
   2389.6112014001747        2.6464195112241935E-006   166321619.43931362             6372
   2389.9862482810349        2.6458178117661778E-006   166321728.20314804             6373
   2390.3612951618957        2.6453496208965656E-006   166321836.93012229             6374
   2390.7363420427550        2.6447485110276350E-006   166321945.62572667             6375
   2391.1113889236153        2.6442809093763176E-006   166322054.28450361             6376
   2391.4864358044756        2.6436803882906934E-006   166322162.91194221             6377
   2391.8614826853354        2.6432133750525921E-006   166322271.50258610             6378
   2392.2365295661957        2.6426134419458976E-006   166322380.06192309             6379
   2392.6115764470555        2.6421470163173286E-006   166322488.58449802             6380
   2392.9866233279158        2.6415476703865752E-006   166322597.07579753             6381
   2393.3616702087761        2.6410818315652419E-006   166322705.53036758             6382
   2393.7367170896359        2.6404830720088307E-006   166322813.95369360             6383
   2394.1117639704962        2.6400178191938249E-006   166322922.34032276             6384
   2394.4868108513565        2.6394196452115385E-006   166323030.69573924             6385
   2394.8618577322163        2.6389549776033396E-006   166323139.01449141             6386
   2395.2369046130766        2.6383573883963500E-006   166323247.30206221             6387
   2395.6119514939369        2.6378933051968110E-006   166323355.55300120             6388
   2395.9869983747967        2.6372962999676639E-006   166323463.77279007             6389
   2396.3620452556570        2.6368328003800246E-006   166323571.95597968             6390
   2396.7370921365168        2.6362363783326424E-006   166323680.10805035             6391
   2397.1121390173771        2.6357734615615138E-006   166323788.22355416             6392
   2397.4871858982374        2.6351776219011942E-006   166323896.30797029             6393
   2397.8622327790972        2.6347152871525612E-006   166324004.35585189             6394
   2398.2372796599575        2.6341200290859764E-006   166324112.37267694             6395
   2398.6123265408178        2.6336582755671892E-006   166324220.35299990             6396
   2398.9873734216776        2.6330635983023756E-006   166324328.30229738             6397
   2399.3624203025379        2.6326024252221592E-006   166324436.21512502             6398
   2399.7374671833982        2.6320083279685227E-006   166324544.09695831             6399
   2400.1125140642580        2.6315477345369611E-006   166324651.94235405             6400
   2400.4875609451183        2.6309542165052677E-006   166324759.75678644             6401
   2400.8626078259781        2.6304942019338099E-006   166324867.53481349             6402
   2401.2376547068384        2.6299012623361913E-006   166324975.28190821             6403
   2401.6127015876987        2.6294418258376383E-006   166325082.99262983             6404
   2401.9877484685585        2.6288494638875784E-006   166325190.67245001             6405
   2402.3627953494188        2.6283906046760974E-006   166325298.31592920             6406
   2402.7378422302786        2.6277988195884322E-006   166325405.92853794             6407
   2403.1128891111389        2.6273405368795356E-006   166325513.50483778             6408
   2403.4879359919992        2.6267493278704560E-006   166325621.05029804             6409
   2403.8629828728590        2.6262916208810111E-006   166325728.55948147             6410
   2404.2380297537193        2.6257009871680577E-006   166325836.03785613             6411
   2404.6130766345796        2.6252438551162720E-006   166325943.47998607             6412
   2404.9881235154394        2.6246537959183318E-006   166326050.89133799             6413
   2405.3631703962997        2.6241972380237654E-006   166326158.26647714             6414
   2405.7382172771599        2.6236077525610656E-006   166326265.61086908             6415
   2406.1132641580198        2.6231517680446176E-006   166326372.91908020             6416
   2406.4883110388801        2.6225628555387292E-006   166326480.19657481             6417
   2406.8633579197399        2.6221074436226381E-006   166326587.43792054             6418
   2407.2384048006002        2.6215191032964693E-006   166326694.64858043             6419
   2407.6134516814604        2.6210642632043114E-006   166326801.82312331             6420
   2407.9884985623198        2.6204764942821084E-006   166326908.96701097             6421
   2408.3635454431806        2.6200222252387929E-006   166327016.07481346             6422
   2408.7385923240408        2.6194350269461282E-006   166327123.15199134             6423
   2409.1136392049002        2.6189813281778975E-006   166327230.19311586             6424
   2409.4886860857609        2.6183946997416766E-006   166327337.20364630             6425
   2409.8637329666208        2.6179415704760975E-006   166327444.17815518             6426
   2410.2387798474806        2.6173555111245547E-006   166327551.12210050             6427
   2410.6138267283413        2.6169029505905215E-006   166327658.03005594             6428
   2410.9888736092012        2.6163174595532131E-006   166327764.90747833             6429
   2411.3639204900610        2.6158654669809426E-006   166327871.74894255             6430
   2411.7389673709217        2.6152805434887469E-006   166327978.55990413             6431
   2412.1140142517811        2.6148291181097775E-006   166328085.33493915             6432
   2412.4890611326414        2.6142447613948901E-006   166328192.07950199             6433
   2412.8641080135021        2.6137939024420766E-006   166328298.78816989             6434
   2413.2391548943615        2.6132101117380136E-006   166328405.46639591             6435
   2413.6142017752218        2.6127598184455253E-006   166328512.10875857             6436
   2413.9892486560821        2.6121765929871127E-006   166328618.72070971             6437
   2414.3642955369419        2.6117268645904327E-006   166328725.29682902             6438
   2414.7393424178022        2.6111442036138056E-006   166328831.84256706             6439
   2415.1143892986620        2.6106950393497240E-006   166328938.35250479             6440
   2415.4894361795223        2.6101129420923308E-006   166329044.83209151             6441
   2415.8644830603826        2.6096643411989455E-006   166329151.27590933             6442
   2416.2395299412424        2.6090828068995369E-006   166329257.68940637             6443
   2416.6145768221027        2.6086347686162519E-006   166329364.06716597             6444
   2416.9896237029629        2.6080537965148797E-006   166329470.41463491             6445
   2417.3646705838228        2.6076063200824014E-006   166329576.72639778             6446
   2417.7397174646831        2.6070259094204198E-006   166329683.00790018             6447
   2418.1147643455433        2.6065789940807472E-006   166329789.25372779             6448
   2418.4898112264032        2.6059991441008117E-006   166329895.46932504             6449
   2418.8648581072634        2.6055527890972439E-006   166330001.64927882             6450
   2419.2399049881233        2.6049734990432996E-006   166330107.79903227             6451
   2419.6149518689836        2.6045277036204305E-006   166330213.91317353             6452
   2419.9899987498438        2.6039489727377123E-006   166330319.99714449             6453
   2420.3650456307037        2.6035037361414258E-006   166330426.04553446             6454
   2420.7400925115639        2.6029255636764661E-006   166330532.06378409             6455
   2421.1151393924242        2.6024808851539314E-006   166330638.04648396             6456
   2421.4901862732841        2.6019032703545462E-006   166330743.99907342             6457
   2421.8652331541443        2.6014591491542213E-006   166330849.91614428             6458
   2422.2402800350046        2.6008820912695059E-006   166330955.80313462             6459
   2422.6153269158644        2.6004385266411331E-006   166331061.65463746             6460
   2422.9903737967247        2.5998620249214695E-006   166331167.47608963             6461
   2423.3654206775846        2.5994190161160698E-006   166331273.26208541             6462
   2423.7404675584448        2.5988430698131184E-006   166331379.01806036             6463
   2424.1155144393051        2.5984006160829877E-006   166331484.73860991             6464
   2424.4905613201649        2.5978252244496880E-006   166331590.42916846             6465
   2424.8656082010252        2.5973833250483998E-006   166331696.08433262             6466
   2425.2406550818851        2.5968084873389604E-006   166331801.70953548             6467
   2425.6157019627453        2.5963671415213610E-006   166331907.29937491             6468
   2425.9907488436056        2.5957928569912650E-006   166332012.85928279             6469
   2426.3657957244654        2.5953520640134699E-006   166332118.38385817             6470
   2426.7408426053257        2.5947783319194669E-006   166332223.87853166             6471
   2427.1158894861860        2.5943380910388573E-006   166332329.33790356             6472
   2427.4909363670458        2.5937649106389661E-006   166332434.76740319             6473
   2427.8659832479061        2.5933252211141925E-006   166332540.16163206             6474
   2428.2410301287659        2.5927525916676894E-006   166332645.52601826             6475
   2428.6160770096262        2.5923134527586652E-006   166332750.85516453             6476
   2428.9911238904865        2.5917413735260936E-006   166332856.15449771             6477
   2429.3661707713463        2.5913027844939888E-006   166332961.41862172             6478
   2429.7412176522066        2.5907312547371513E-006   166333066.65296215             6479
   2430.1162645330669        2.5902932148443904E-006   166333171.85212412             6480
   2430.4913114139263        2.5897222338263421E-006   166333277.02153206             6481
   2430.8663582947870        2.5892847423366086E-006   166333382.15579224             6482
   2431.2414051756473        2.5887143093216578E-006   166333487.26032782             6483
   2431.6164520565067        2.5882773654998873E-006   166333592.32974628             6484
   2431.9914989373674        2.5877074797535937E-006   166333697.36946955             6485
   2432.3665458182272        2.5872710828659693E-006   166333802.37410638             6486
   2432.7415926990871        2.5867017436551429E-006   166333907.34907737             6487
   2433.1166395799478        2.5862658929690972E-006   166334012.28899249             6488
   2433.4916864608072        2.5856970995617932E-006   166334117.19927114             6489
   2433.8667333416679        2.5852617943460000E-006   166334222.07452449             6490
   2434.2417802225282        2.5846935460115130E-006   166334326.92017063             6491
   2434.6168271033875        2.5842587855358888E-006   166334431.73082200             6492
   2434.9918739842483        2.5836910815447566E-006   166334536.51189542             6493
   2435.3669208651086        2.5832568650804584E-006   166334641.25800455             6494
   2435.7419677459679        2.5826897047044589E-006   166334745.97456500             6495
   2436.1170146268287        2.5822560315238832E-006   166334850.65619153             6496
   2436.4920615076885        2.5816894140360249E-006   166334955.30829859             6497
   2436.8671083885483        2.5812562834127969E-006   166335059.92550215             6498
   2437.2421552694091        2.5806902080873297E-006   166335164.51321539             6499
   2437.6172021502684        2.5802576192963114E-006   166335269.06605554             6500
   2437.9922490311287        2.5796920854087099E-006   166335373.58943444             6501
   2438.3672959119895        2.5792600377259896E-006   166335478.07797059             6502
   2438.7423427928488        2.5786950445529564E-006   166335582.53707460             6503
   2439.1173896737091        2.5782635372558515E-006   166335686.96136609             6504
   2439.4924365545694        2.5776990840753147E-006   166335791.35625452             6505
   2439.8674834354292        2.5772681164423674E-006   166335895.71636072             6506
   2440.2425303162895        2.5767042025334800E-006   166336000.04709283             6507
   2440.6175771971498        2.5762737738444502E-006   166336104.34307292             6508
   2440.9926240780096        2.5757103984875894E-006   166336208.60970792             6509
   2441.3676709588699        2.5752805080234596E-006   166336312.84162110             6510
   2441.7427178397297        2.5747176705002162E-006   166336417.04421809             6511
   2442.1177647205900        2.5742883175431882E-006   166336521.21212342             6512
   2442.4928116014503        2.5737260171363671E-006   166336625.35074148             6513
   2442.8678584823101        2.5732972009698570E-006   166336729.45469797             6514
   2443.2429053631704        2.5727354369634807E-006   166336833.52939606             6515
   2443.6179522440307        2.5723071568721115E-006   166336937.56946266             6516
   2443.9929991248905        2.5717459285514151E-006   166337041.58029968             6517
   2444.3680460057508        2.5713181838210213E-006   166337145.55653524             6518
   2444.7430928866106        2.5707574904724442E-006   166337249.50357002             6519
   2445.1181397674709        2.5703302803900717E-006   166337353.41603336             6520
   2445.4931866483312        2.5697701213012590E-006   166337457.29932469             6521
   2445.8682335291910        2.5693434451551545E-006   166337561.14807451             6522
   2446.2432804100513        2.5687838196149588E-006   166337664.96768102             6523
   2446.6183272909116        2.5683576766945738E-006   166337768.75277600             6524
   2446.9933741717714        2.5677985839930443E-006   166337872.50875634             6525
   2447.3684210526317        2.5673729735890304E-006   166337976.23025501             6526
   2447.7434679334915        2.5668144130174152E-006   166338079.92266771             6527
   2448.1185148143518        2.5663893344216193E-006   166338183.58062863             6528
   2448.4935616952121        2.5658313052723652E-006   166338287.20953214             6529
   2448.8686085760719        2.5654067577778323E-006   166338390.80401373             6530
   2449.2436554569322        2.5648492593445786E-006   166338494.36946651             6531
   2449.6187023377925        2.5644252422455433E-006   166338597.90052709             6532
   2449.9937492186523        2.5638682738231243E-006   166338701.40258738             6533
   2450.3687960995126        2.5634447864150101E-006   166338804.87028530             6534
   2450.7438429803724        2.5628883472994467E-006   166338908.30901143             6535
   2451.1188898612327        2.5624653888788681E-006   166339011.71340486             6536
   2451.4939367420930        2.5619094783673674E-006   166339115.08885500             6537
   2451.8689836229528        2.5614870482321260E-006   166339218.43000212             6538
   2452.2440305038131        2.5609316656230820E-006   166339321.74223435             6539
   2452.6190773846733        2.5605097630721590E-006   166339425.02019322             6540
   2452.9941242655332        2.5599549076651462E-006   166339528.26926562             6541
   2453.3691711463935        2.5595335319987052E-006   166339631.48409423             6542
   2453.7442180272537        2.5589792030944764E-006   166339734.67006475             6543
   2454.1192649081136        2.5585583536138613E-006   166339837.82182106             6544
   2454.4943117889738        2.5580045505143456E-006   166339940.94474760             6545
   2454.8693586698337        2.5575842265220756E-006   166340044.03348950             6546
   2455.2444055506940        2.5570309485303827E-006   166340147.09342989             6547
   2455.6194524315542        2.5566111493301450E-006   166340250.11921513             6548
   2455.9944993124136        2.5560583957505524E-006   166340353.11622709             6549
   2456.3695461932743        2.5556391206472125E-006   166340456.07911342             6550
   2456.7445930741346        2.5550868907851707E-006   166340559.01325467             6551
   2457.1196399549940        2.5546681390847635E-006   166340661.91329974             6552
   2457.4946868358547        2.5541164322468836E-006   166340764.78462791             6553
   2457.8697337167146        2.5536982032566092E-006   166340867.62188926             6554
   2458.2447805975744        2.5531470187506764E-006   166340970.43046188             6555
   2458.6198274784351        2.5527293117788970E-006   166341073.20499706             6556
   2458.9948743592950        2.5521786489138583E-006   166341175.95087162             6557
   2459.3699212401548        2.5517614632700980E-006   166341278.66273803             6558
   2459.7449681210155        2.5512113213560551E-006   166341381.34597191             6559
   2460.1200150018749        2.5507946563510014E-006   166341483.99522698             6560
   2460.4950618827352        2.5502450346992217E-006   166341586.61587754             6561
   2460.8701087635959        2.5498288896447130E-006   166341689.20257851             6562
   2461.2451556444553        2.5492797875676158E-006   166341791.76070303             6563
   2461.6202025253156        2.5488641617766502E-006   166341894.28490713             6564
   2461.9952494061758        2.5483155785878089E-006   166341996.78056276             6565
   2462.3702962870357        2.5479004713745388E-006   166342099.24232721             6566
   2462.7453431678960        2.5473524063886804E-006   166342201.67557111             6567
   2463.1203900487558        2.5469378170684081E-006   166342304.07495296             6568
   2463.4954369296161        2.5463902696014095E-006   166342406.44584212             6569
   2463.8704838104763        2.5459761974905776E-006   166342508.78289843             6570
   2464.2455306913362        2.5454291668594606E-006   166342611.09148988             6571
   2464.6205775721965        2.5450156112756675E-006   166342713.36627755             6572
   2464.9956244530567        2.5444690967985980E-006   166342815.61262825             6573
   2465.3706713339166        2.5440560570605782E-006   166342917.82520416             6574
   2465.7457182147768        2.5435100580568640E-006   166343020.00937092             6575
   2466.1207650956371        2.5430975334844945E-006   166343122.15979192             6576
   2466.4958119764970        2.5425520492745852E-006   166343224.28183150             6577
   2466.8708588573572        2.5421400391888873E-006   166343326.37015432             6578
   2467.2459057382171        2.5415950690943694E-006   166343428.43012345             6579
   2467.6209526190773        2.5411835728174940E-006   166343530.45640472             6580
   2467.9959994999376        2.5406391161610899E-006   166343632.45436004             6581
   2468.3710463807975        2.5402281330163275E-006   166343734.41865644             6582
   2468.7460932616577        2.5396841891218920E-006   166343836.35465449             6583
   2469.1211401425176        2.5392737184336598E-006   166343938.25702253             6584
   2469.4961870233778        2.5387302866261813E-006   166344040.13111985             6585
   2469.8712339042381        2.5383203277200323E-006   166344141.97161597             6586
   2470.2462807850980        2.5377774073256227E-006   166344243.78386897             6587
   2470.6213276659582        2.5373679595282360E-006   166344345.56254959             6588
   2470.9963745468185        2.5368255498741374E-006   166344447.31301466             6589
   2471.3714214276783        2.5364166125133152E-006   166344549.02993611             6590
   2471.7464683085386        2.5358747129278931E-006   166344650.71866950             6591
   2472.1215151893989        2.5354662853325639E-006   166344752.37388808             6592
   2472.4965620702587        2.5349248951453084E-006   166344854.00094604             6593
   2472.8716089511190        2.5345169766455156E-006   166344955.59451789             6594
   2473.2466558319788        2.5339760951870317E-006   166345057.15995660             6595
   2473.6217027128391        2.5335686851139437E-006   166345158.69193783             6596
   2473.9967495936994        2.5330283117159567E-006   166345260.19581339             6597
   2474.3717964745592        2.5326214094018572E-006   166345361.66626006             6598
   2474.7468433554195        2.5320815433972114E-006   166345463.10862845             6599
   2475.1218902362798        2.5316751481754937E-006   166345564.51759660             6600
   2475.4969371171396        2.5311357888981395E-006   166345665.89851379             6601
   2475.8719839979999        2.5307299001033162E-006   166345767.24605930             6602
   2476.2470308788602        2.5301910468883151E-006   166345868.56558120             6603
   2476.6220777597200        2.5297856638560027E-006   166345969.85175994             6604
   2476.9971246405803        2.5292473160395293E-006   166346071.10994232             6605
   2477.3721715214401        2.5288424381064537E-006   166346172.33481008             6606
   2477.7472184023004        2.5283045950257869E-006   166346273.53170869             6607
   2478.1222652831607        2.5279002215297804E-006   166346374.69532120             6608
   2478.4973121640201        2.5273628825233033E-006   166346475.83099174             6609
   2478.8723590448808        2.5269590128032961E-006   166346576.93340462             6610
   2479.2474059257411        2.5264221772104923E-006   166346678.00790274             6611
   2479.6224528066004        2.5260188106065229E-006   166346779.04917157             6612
   2479.9974996874612        2.5254824777679824E-006   166346880.06255281             6613
   2480.3725465683210        2.5250796136211812E-006   166346981.04273307             6614
   2480.7475934491808        2.5245437828785857E-006   166347081.99505290             6615
   2481.1226403300416        2.5241414205311807E-006   166347182.91420010             6616
   2481.4976872109014        2.5236060912273051E-006   166347283.80551395             6617
   2481.8727340917612        2.5232042300226235E-006   166347384.66368344             6618
   2482.2477809726220        2.5226694015013417E-006   166347485.49404663             6619
   2482.6228278534813        2.5222680407837991E-006   166347586.29129374             6620
   2482.9978747343416        2.5217337123900725E-006   166347687.06076157             6621
   2483.3729216152024        2.5213328515051765E-006   166347787.79714155             6622
   2483.7479684960617        2.5207990225850581E-006   166347888.50576919             6623
   2484.1230153769220        2.5203986608794005E-006   166347989.18133721             6624
   2484.4980622577823        2.5198653307800263E-006   166348089.82917985             6625
   2484.8731091386421        2.5194654676012887E-006   166348190.44399101             6626
   2485.2481560195024        2.5189326356708785E-006   166348291.03110370             6627
   2485.6232029003622        2.5185332703678256E-006   166348391.58521309             6628
   2485.9982497812225        2.5180009359556861E-006   166348492.11165085             6629
   2486.3732966620828        2.5176020678781595E-006   166348592.60511342             6630
   2486.7483435429426        2.5170702303346778E-006   166348693.07093120             6631
   2487.1233904238029        2.5166718588336043E-006   166348793.50380185             6632
   2487.4984373046632        2.5161405175102398E-006   166348893.90905455             6633
   2487.8734841855230        2.5157426419376188E-006   166348994.28138813             6634
   2488.2485310663833        2.5152117961869106E-006   166349094.62613055             6635
   2488.6235779472436        2.5148144158958165E-006   166349194.93798187             6636
   2488.9986248281034        2.5142840650713760E-006   166349295.22226873             6637
   2489.3736717089637        2.5138871794159579E-006   166349395.47369248             6638
   2489.7487185898235        2.5133573228724731E-006   166349495.69757852             6639
   2490.1237654706838        2.5129609312079518E-006   166349595.88862935             6640
   2490.4988123515441        2.5124315683011753E-006   166349696.05216911             6641
   2490.8738592324039        2.5120356699838359E-006   166349796.18290159             6642
   2491.2489061132642        2.5115068000705910E-006   166349896.28614971             6643
   2491.6239529941245        2.5111113944577887E-006   166349996.35661837             6644
   2491.9989998749843        2.5105830168959618E-006   166350096.39962927             6645
   2492.3740467558446        2.5101881033461161E-006   166350196.40988857             6646
   2492.7490936367044        2.5096602174946540E-006   166350296.39271668             6647
   2493.1241405175647        2.5092657953672455E-006   166350396.34282100             6648
   2493.4991873984250        2.5087384005861614E-006   166350496.26552066             6649
   2493.8742342792848        2.5083444692417267E-006   166350596.15552431             6650
   2494.2492811601451        2.5078175648920927E-006   166350696.01814982             6651
   2494.6243280410054        2.5074241236922316E-006   166350795.84810707             6652
   2494.9993749218652        2.5068977091361730E-006   166350895.65071267             6653
   2495.3744218027255        2.5065047574435393E-006   166350995.42067769             6654
   2495.7494686835853        2.5059788320442389E-006   166351095.16331750             6655
   2496.1245155644456        2.5055863692225429E-006   166351194.87334442             6656
   2496.4995624453059        2.5050609323442330E-006   166351294.55607256             6657
   2496.8746093261657        2.5046689577582316E-006   166351394.20621547             6658
   2497.2496562070260        2.5041440087661983E-006   166351493.82908595             6659
   2497.6247030878862        2.5037525217816993E-006   166351593.41939878             6660
   2497.9997499687461        2.5032280600422773E-006   166351692.98246560             6661
   2498.3747968496064        2.5028370600261383E-006   166351792.51300231             6662
   2498.7498437304662        2.5023130849067062E-006   166351892.01631930             6663
   2499.1248906113265        2.5019225712268320E-006   166351991.48713380             6664
   2499.4999374921867        2.5013990820958153E-006   166352090.93075481             6665
   2499.8749843730466        2.5010090541211485E-006   166352190.34190083             6666
   2500.2500312539069        2.5004860503480141E-006   166352289.72587967             6667
   2500.6250781347671        2.5000965074485447E-006   166352389.07741100             6668
   2501.0001250156265        2.4995739884037991E-006   166352488.40180132             6669
   2501.3751718964872        2.4991849299505505E-006   166352587.69377157             6670
   2501.7502187773475        2.4986628950057375E-006   166352686.95862705             6671
   2502.1252656582069        2.4982743203707733E-006   166352786.19108984             6672
   2502.5003125390676        2.4977527688984765E-006   166352885.39646402             6673
   2502.8753594199275        2.4973646774548949E-006   166352984.56947291             6674
   2503.2504063007873        2.4968436088287287E-006   166353083.71541932             6675
   2503.6254531816480        2.4964559999506601E-006   166353182.82902777             6676
   2504.0005000625074        2.4959354135452738E-006   166353281.91559985             6677
   2504.3755469433677        2.4955482866078792E-006   166353380.96986130             6678
   2504.7505938242284        2.4950281817989493E-006   166353479.99711242             6679
   2505.1256407050878        2.4946415361784221E-006   166353578.99208018             6680
   2505.5006875859481        2.4941219123426513E-006   166353677.96006367             6681
   2505.8757344668088        2.4937357474162071E-006   166353776.89579105             6682
   2506.2507813476682        2.4932166039313291E-006   166353875.80456015             6683
   2506.6258282285285        2.4928309190772118E-006   166353974.68110040             6684
   2507.0008751093887        2.4923122553219817E-006   166354073.53070828             6685
   2507.3759219902486        2.4919270499194568E-006   166354172.34811449             6686
   2507.7509688711089        2.4914088652736508E-006   166354271.13861430             6687
   2508.1260157519687        2.4910241387030048E-006   166354369.89693961             6688
   2508.5010626328290        2.4905064325474177E-006   166354468.62838441             6689
   2508.8761095136892        2.4901221841899574E-006   166354567.32768184             6690
   2509.2511563945491        2.4896049559064063E-006   166354666.00012460             6691
   2509.6262032754094        2.4892211851444533E-006   166354764.64044711             6692
   2510.0012501562696        2.4887044341157676E-006   166354863.25394082             6693
   2510.3762970371295        2.4883211403326569E-006   166354961.83534130             6694
   2510.7513439179897        2.4878048659426794E-006   166355060.38993877             6695
   2511.1263907988500        2.4874220485227583E-006   166355158.91247007             6696
   2511.5014376797099        2.4869062501563469E-006   166355257.40822417             6697
   2511.8764845605701        2.4865239084849761E-006   166355355.87193906             6698
   2512.2515314414300        2.4860085855279943E-006   166355454.30890250             6699
   2512.6265783222902        2.4856267189915428E-006   166355552.71385372             6700
   2513.0016252031505        2.4851118708308637E-006   166355651.09207913             6701
   2513.3766720840104        2.4847304788167061E-006   166355749.43831930             6702
   2513.7517189648706        2.4842161048402108E-006   166355847.75785938             6703
   2514.1267658457309        2.4838351867367262E-006   166355946.04544109             6704
   2514.5018127265907        2.4833212863332951E-006   166356044.30634835             6705
   2514.8768596074510        2.4829408415298680E-006   166356142.53532416             6706
   2515.2519064883109        2.4824274140893856E-006   166356240.73765111             6707
   2515.6269533691711        2.4820474419764005E-006   166356338.90807340             6708
   2516.0020002500314        2.4815344868897495E-006   166356437.05187246             6709
   2516.3770471308912        2.4811549868585903E-006   166356535.16379371             6710
   2516.7520940117515        2.4806425035176520E-006   166356633.24911726             6711
   2517.1271408926118        2.4802634749606972E-006   166356731.30258974             6712
   2517.5021877734716        2.4797514627583489E-006   166356829.32949010             6713
   2517.8772346543319        2.4793729050689711E-006   166356927.32456613             6714
   2518.2522815351917        2.4788613633990840E-006   166357025.29309550             6715
   2518.6273284160520        2.4784832759716498E-006   166357123.22982728             6716
   2519.0023752969123        2.4779722042290841E-006   166357221.14003783             6717
   2519.3774221777721        2.4775945864589532E-006   166357319.01847753             6718
   2519.7524690586324        2.4770839840395652E-006   166357416.87042141             6719
   2520.1275159394927        2.4767068353230794E-006   166357514.69062108             6720
   2520.5025628203525        2.4761967016237101E-006   166357612.48435035             6721
   2520.8776097012128        2.4758200213582053E-006   166357710.24636200             6722
   2521.2526565820726        2.4753103557766782E-006   166357807.98192865             6723
   2521.6277034629329        2.4749341433604753E-006   166357905.68580428             6724
   2522.0027503437932        2.4744249452956032E-006   166358003.36326024             6725
   2522.3777972246526        2.4740492001280016E-006   166358101.00905177             6726
   2522.7528441055133        2.4735404689795749E-006   166358198.62844887             6727
   2523.1278909863736        2.4731651904608537E-006   166358296.21620810             6728
   2523.5029378672330        2.4726569256296466E-006   166358393.77759820             6729
   2523.8779847480937        2.4722821131610678E-006   166358491.30737689             6730
   2524.2530316289540        2.4717743140488314E-006   166358588.81081173             6731
   2524.6280785098133        2.4713999670326355E-006   166358686.28266162             6732
   2525.0031253906741        2.4708926330420952E-006   166358783.72819284             6733
   2525.3781722715339        2.4705187508814970E-006   166358881.14216560             6734
   2525.7532191523937        2.4700118814163504E-006   166358978.52984488             6735
   2526.1282660332545        2.4696384635155317E-006   166359075.88599205             6736
   2526.5033129141138        2.4691320579804558E-006   166359173.21587092             6737
   2526.8783597949741        2.4687591037445745E-006   166359270.51424408             6738
   2527.2534066758349        2.4682531615452101E-006   166359367.78637406             6739
   2527.6284535566942        2.4678806703803941E-006   166359465.02702466             6740
   2528.0035004375545        2.4673751909233535E-006   166359562.24145716             6741
   2528.3785473184148        2.4670031622366967E-006   166359659.42443660             6742
   2528.7535941992746        2.4664981449295560E-006   166359756.58122301             6743
   2529.1286410801349        2.4661265781291205E-006   166359853.70658267             6744
   2529.5036879609952        2.4656220223804247E-006   166359950.80577430             6745
   2529.8787348418550        2.4652509168752334E-006   166360047.87356544             6746
   2530.2537817227158        2.4647468220944841E-006   166360144.91521356             6747
   2530.6288286035751        2.4643761772945226E-006   166360241.92548743             6748
   2531.0038754844354        2.4638725428921887E-006   166360338.90964320             6749
   2531.3789223652961        2.4635023582084028E-006   166360435.86245096             6750
   2531.7539692461555        2.4629991835959102E-006   166360532.78916556             6751
   2532.1290161270158        2.4626294584401995E-006   166360629.68455827             6752
   2532.5040630078761        2.4621267430299293E-006   166360726.55388275             6753
   2532.8791098887359        2.4617574768151508E-006   166360823.39191148             6754
   2533.2541567695962        2.4612552200204375E-006   166360920.20389685             6755
   2533.6292036504560        2.4608864121604046E-006   166361016.98461258             6756
   2534.0042505313163        2.4603846133955353E-006   166361113.73930982             6757
   2534.3792974121766        2.4600162633050123E-006   166361210.46276349             6758
   2534.7543442930364        2.4595149219852286E-006   166361307.16022348             6759
   2535.1293911738967        2.4591470290799317E-006   166361403.82646593             6760
   2535.5044380547570        2.4586461446214221E-006   166361500.46673951             6761
   2535.8794849356168        2.4582787083180127E-006   166361597.07582155             6762
   2536.2545318164771        2.4577782801379122E-006   166361693.65895945             6763
   2536.6295786973374        2.4574112998539977E-006   166361790.21093181             6764
   2537.0046255781972        2.4569113273703912E-006   166361886.73698476             6765
   2537.3796724590575        2.4565448025245216E-006   166361983.23189816             6766
   2537.7547193399173        2.4560452851564336E-006   166362079.70091683             6767
   2538.1297662207776        2.4556792151681048E-006   166362176.13882181             6768
   2538.5048131016379        2.4551801523354973E-006   166362272.55085677             6769
   2538.8798599824977        2.4548145366251471E-006   166362368.93180397             6770
   2539.2549068633580        2.4543159277489269E-006   166362465.28690577             6771
   2539.6299537442178        2.4539507657379264E-006   166362561.61094567             6772
   2540.0050006250781        2.4534526102399375E-006   166362657.90916476             6773
   2540.3800475059384        2.4530879013505983E-006   166362754.17634779             6774
   2540.7550943867982        2.4525901986536183E-006   166362850.41773459             6775
   2541.1301412676585        2.4522259423091881E-006   166362946.62811115             6776
   2541.5051881485188        2.4517286918369310E-006   166363042.81271601             6777
   2541.8802350293786        2.4513648874615878E-006   166363138.96633643             6778
   2542.2552819102389        2.4508680886386984E-006   166363235.09420964             6779
   2542.6303287910991        2.4505047356575504E-006   166363331.19112414             6780
   2543.0053756719590        2.4500083879096023E-006   166363427.26231593             6781
   2543.3804225528193        2.4496454857486869E-006   166363523.30257475             6782
   2543.7554694336791        2.4491495885021862E-006   166363619.31713533             6783
   2544.1305163145394        2.4487871365884695E-006   166363715.30078858             6784
   2544.5055631953996        2.4482916892708423E-006   166363811.25876802             6785
   2544.8806100762595        2.4479296870322208E-006   166363907.18586582             6786
   2545.2556569571198        2.4474346890718195E-006   166364003.08731419             6787
   2545.6307038379800        2.4470731359371038E-006   166364098.95790654             6788
   2546.0057507188399        2.4465785867632068E-006   166364194.80287385             6789
   2546.3807975997001        2.4462174821621328E-006   166364290.61701074             6790
   2546.7558444805604        2.4457233812049372E-006   166364386.40554690             6791
   2547.1308913614203        2.4453627245681611E-006   166364482.16327822             6792
   2547.5059382422805        2.4448690712587828E-006   166364577.89543316             6793
   2547.8809851231404        2.4445088620178794E-006   166364673.59680873             6794
   2548.2560320040006        2.4440156557883466E-006   166364769.27263221             6795
   2548.6310788848609        2.4436558933758039E-006   166364864.91770187             6796
   2549.0061257657203        2.4431631336590676E-006   166364960.53724369             6797
   2549.3811726465810        2.4428038175082849E-006   166365056.12605715             6798
   2549.7562195274413        2.4423115037382013E-006   166365151.68936697             6799
   2550.1312664083007        2.4419526332834948E-006   166365247.22197393             6800
   2550.5063132891614        2.4414607648948363E-006   166365342.72910142             6801
   2550.8813601700213        2.4411023395714295E-006   166365438.20555148             6802
   2551.2564070508811        2.4406109159998761E-006   166365533.65654624             6803
   2551.6314539317418        2.4402529352439055E-006   166365629.07688895             6804
   2552.0065008126016        2.4397619559260426E-006   166365724.47180045             6805
   2552.3815476934615        2.4394044191745489E-006   166365819.83608529             6806
   2552.7565945743222        2.4389138835478687E-006   166365915.17496309             6807
   2553.1316414551816        2.4385567902387951E-006   166366010.48323950             6808
   2553.5066883360419        2.4380666977416945E-006   166366105.76613292             6809
   2553.8817352169026        2.4377100473138864E-006   166366201.01845032             6810
   2554.2567820977620        2.4372203973856654E-006   166366296.24540877             6811
   2554.6318289786223        2.4368641892788707E-006   166366391.44181645             6812
   2555.0068758594825        2.4363749813597225E-006   166366486.61288920             6813
   2555.3819227403424        2.4360192150145872E-006   166366581.75343645             6814
   2555.7569696212026        2.4355304485456088E-006   166366676.86867273             6815
   2556.1320165020625        2.4351751234036773E-006   166366771.95340872             6816
   2556.5070633829228        2.4346867978268638E-006   166366867.01285774             6817
   2556.8821102637830        2.4343319133305700E-006   166366962.04183164             6818
   2557.2571571446429        2.4338440280888092E-006   166367057.04554248             6819
   2557.6322040255031        2.4334895836814860E-006   166367152.01880336             6820
   2558.0072509063634        2.4330021382185512E-006   166367246.96682510             6821
   2558.3822977872233        2.4326481333444246E-006   166367341.88442203             6822
   2558.7573446680835        2.4321611271049820E-006   166367436.77680367             6823
   2559.1323915489438        2.4318075612091620E-006   166367531.63878563             6824
   2559.5074384298036        2.4313209936387706E-006   166367626.47557610             6825
   2559.8824853106639        2.4309678661672553E-006   166367721.28199196             6826
   2560.2575321915238        2.4304817367123569E-006   166367816.06324020             6827
   2560.6325790723840        2.4301290471120305E-006   166367910.81413886             6828
   2561.0076259532443        2.4296433552199514E-006   166368005.53989369             6829
   2561.3826728341041        2.4292911029385857E-006   166368100.23532394             6830
   2561.7577197149644        2.4288058480575338E-006   166368194.90563408             6831
   2562.1327665958243        2.4284540325437789E-006   166368289.54564467             6832
   2562.5078134766845        2.4279692141228463E-006   166368384.16055891             6833
   2562.8828603575448        2.4276178348262277E-006   166368478.74519849             6834
   2563.2579072384046        2.4271334523153849E-006   166368573.30476543             6835
   2563.6329541192649        2.4267825086863121E-006   166368667.83408272             6836
   2564.0080010001252        2.4262985615364020E-006   166368762.33835101             6837
   2564.3830478809850        2.4259480530261598E-006   166368856.81239450             6838
   2564.7580947618453        2.4254645406889046E-006   166368951.26141268             6839
   2565.1331416427056        2.4251144667496488E-006   166369045.68023092             6840
   2565.5081885235654        2.4246313886776454E-006   166369140.07404745             6841
   2565.8832354044257        2.4242817487624068E-006   166369234.43768892             6842
   2566.2582822852855        2.4237991044091192E-006   166369328.77635226             6843
   2566.6333291661458        2.4234498979717971E-006   166369423.08486533             6844
   2567.0083760470061        2.4229676867915631E-006   166369517.36842382             6845
   2567.3834229278659        2.4226189132869233E-006   166369611.62185687             6846
   2567.7584698087262        2.4221371347349424E-006   166369705.85035887             6847
   2568.1335166895865        2.4217887936186205E-006   166369800.04876018             6848
   2568.5085635704463        2.4213074471509595E-006   166369894.22225392             6849
   2568.8836104513066        2.4209595378794555E-006   166369988.36567172             6850
   2569.2586573321664        2.4204786229530494E-006   166370082.48420545             6851
   2569.6337042130267        2.4201311449837265E-006   166370176.57268792             6852
   2570.0087510938870        2.4196506610563675E-006   166370270.63630974             6853
   2570.3837979747468        2.4193036138474465E-006   166370364.66990501             6854
   2570.7588448556071        2.4188235603777834E-006   166370458.67866305             6855
   2571.1338917364674        2.4184769433883469E-006   166370552.65741917             6856
   2571.5089386173267        2.4179973198358937E-006   166370646.61136144             6857
   2571.8839854981875        2.4176511325258736E-006   166370740.53532645             6858
   2572.2590323790478        2.4171719383509922E-006   166370834.43450096             6859
   2572.6340792599071        2.4168261801811833E-006   166370928.30372280             6860
   2573.0091261407679        2.4163474148450910E-006   166371022.14817747             6861
   2573.3841730216277        2.4160020852771399E-006   166371115.96270400             6862
   2573.7592199024875        2.4155237482419140E-006   166371209.75248668             6863
   2574.1342667833483        2.4151788467383170E-006   166371303.51236579             6864
   2574.5093136642076        2.4147009374668785E-006   166371397.24752432             6865
   2574.8843605450679        2.4143564634909812E-006   166371490.95280376             6866
   2575.2594074259287        2.4138789814470942E-006   166371584.63338587             6867
   2575.6344543067880        2.4135349344630862E-006   166371678.28411341             6868
   2576.0095011876483        2.4130578791113671E-006   166371771.91016680             6869
   2576.3845480685090        2.4127142585842834E-006   166371865.50639009             6870
   2576.7595949493684        2.4122376293901959E-006   166371959.07796246             6871
   2577.1346418302287        2.4118944347859192E-006   166372052.61972907             6872
   2577.5096887110890        2.4114182312157610E-006   166372146.13686797             6873
   2577.8847355919488        2.4110754620010107E-006   166372239.62422553             6874
   2578.2597824728091        2.4105996835219202E-006   166372333.08697847             6875
   2578.6348293536689        2.4102573391642557E-006   166372426.51997450             6876
   2579.0098762345292        2.4097819852442119E-006   166372519.92838898             6877
   2579.3849231153895        2.4094400652120282E-006   166372613.30707088             6878
   2579.7599699962493        2.4089651353198468E-006   166372706.66119435             6879
   2580.1350168771096        2.4086236390823773E-006   166372799.98560953             6880
   2580.5100637579699        2.4081491326877067E-006   166372893.28548935             6881
   2580.8851106388297        2.4078080597150154E-006   166372986.55568516             6882
   2581.2601575196900        2.4073339762883366E-006   166373079.80136862             6883
   2581.6352044005503        2.4069933260513193E-006   166373173.01739237             6884
   2582.0102512814101        2.4065196650639436E-006   166373266.20892674             6885
   2582.3852981622704        2.4061794370343232E-006   166373359.37082562             6886
   2582.7603450431302        2.4057061979583882E-006   166373452.50825810             6887
   2583.1353919239905        2.4053663916087173E-006   166373545.61607933             6888
   2583.5104388048508        2.4048935739171854E-006   166373638.69945711             6889
   2583.8854856857106        2.4045541887208412E-006   166373731.75324777             6890
   2584.2605325665709        2.4040817918875013E-006   166373824.78261787             6891
   2584.6355794474307        2.4037428273186809E-006   166373917.78242502             6892
   2585.0106263282910        2.4032708508181464E-006   166374010.75783455             6893
   2585.3856732091513        2.4029323063518668E-006   166374103.70370522             6894
   2585.7607200900111        2.4024607496595669E-006   166374196.62520114             6895
   2586.1357669708714        2.4021226247716662E-006   166374289.51718232             6896
   2586.5108138517317        2.4016514873638474E-006   166374382.38481152             6897
   2586.8858607325915        2.4013137815309835E-006   166374475.22295010             6898
   2587.2609076134518        2.4008430628847095E-006   166374568.03675953             6899
   2587.6359544943120        2.4005057755843532E-006   166374660.82110229             6900
   2588.0110013751719        2.4000354751775008E-006   166374753.58113870             6901
   2588.3860482560322        2.3996986058879345E-006   166374846.31173250             6902
   2588.7610951368920        2.3992287231991908E-006   166374939.01804271             6903
   2589.1361420177523        2.3988922713995040E-006   166375031.69493428             6904
   2589.5111888986125        2.3984228059083651E-006   166375124.34756497             6905
   2589.8862357794724        2.3980867710784593E-006   166375216.97080100             6906
   2590.2612826603327        2.3976177222652304E-006   166375309.56979883             6907
   2590.6363295411929        2.3972821038858083E-006   166375402.13942593             6908
   2591.0113764220528        2.3968134712315957E-006   166375494.68483752             6909
   2591.3864233029130        2.3964782687841702E-006   166375587.20090228             6910
   2591.7614701837729        2.3960100517708891E-006   166375679.69277415             6911
   2592.1365170646332        2.3956752647377727E-006   166375772.15532309             6912
   2592.5115639454934        2.3952074628481359E-006   166375864.59370178             6913
   2592.8866108263528        2.3948730907124374E-006   166375957.00278136             6914
   2593.2616577072135        2.3944057034299568E-006   166376049.38771325             6915
   2593.6367045880738        2.3940717456755837E-006   166376141.74336994             6916
   2594.0117514689332        2.3936047724845674E-006   166376234.07490146             6917
   2594.3867983497939        2.3932712285962280E-006   166376326.37718156             6918
   2594.7618452306542        2.3928046689817741E-006   166376418.65535909             6919
   2595.1368921115136        2.3924715384449653E-006   166376510.90430889             6920
   2595.5119389923743        2.3920053918929700E-006   166376603.12917864             6921
   2595.8869858732342        2.3916726741939808E-006   166376695.32484442             6922
   2596.2620327540940        2.3912069401911235E-006   166376787.49645263             6923
   2596.6370796349547        2.3908746348170318E-006   166376879.63888061             6924
   2597.0121265158141        2.3904093128507852E-006   166376971.75727347             6925
   2597.3871733966744        2.3900774192894537E-006   166377063.84650978             6926
   2597.7622202775351        2.3896125088480761E-006   166377155.91173339             6927
   2598.1372671583945        2.3892810265881527E-006   166377247.94782412             6928
   2598.5123140392548        2.3888165271606845E-006   166377339.95992455             6929
   2598.8873609201150        2.3884854556915947E-006   166377431.94291574             6930
   2599.2624078009749        2.3880213667678553E-006   166377523.90193903             6931
   2599.6374546818352        2.3876907055798102E-006   166377615.83187670             6932
   2600.0125015626954        2.3872270266503978E-006   166377707.73786876             6933
   2600.3875484435553        2.3868967752343844E-006   166377799.61479878             6934
   2600.7625953244155        2.3864335057906765E-006   166377891.46780559             6935
   2601.1376422052754        2.3861036636384555E-006   166377983.29177389             6936
   2601.5126890861357        2.3856408031725999E-006   166378075.09184122             6937
   2601.8877359669959        2.3853113697767092E-006   166378166.86289361             6938
   2602.2627828478558        2.3848489177816279E-006   166378258.61006734             6939
   2602.6378297287160        2.3845198926353708E-006   166378350.32824957             6940
   2603.0128766095763        2.3840578486047499E-006   166378442.02257541             6941
   2603.3879234904362        2.3837292312021982E-006   166378533.68793324             6942
   2603.7629703712964        2.3832675946304908E-006   166378625.32945687             6943
   2604.1380172521563        2.3829393844664846E-006   166378716.94203597             6944
   2604.5130641330165        2.3824781548489140E-006   166378808.53080302             6945
   2604.8881110138768        2.3821503514190507E-006   166378900.09064901             6946
   2605.2631578947367        2.3816895282516028E-006   166378991.62670508             6947
   2605.6382047755969        2.3813621310522473E-006   166379083.13386348             6948
   2606.0132516564572        2.3809017138316611E-006   166379174.61725417             6949
   2606.3882985373170        2.3805747223599341E-006   166379266.07177049             6950
   2606.7633454181773        2.3801147105837129E-006   166379357.50254121             6951
   2607.1383922990376        2.3797881243374920E-006   166379448.90446094             6952
   2607.5134391798974        2.3793285175038879E-006   166379540.28265715             6953
   2607.8884860607577        2.3790023359818019E-006   166379631.63202569             6954
   2608.2635329416175        2.3785431335898219E-006   166379722.95769277             6955
   2608.6385798224778        2.3782173562912525E-006   166379814.25455546             6956
   2609.0136267033381        2.3777585578406521E-006   166379905.52773872             6957
   2609.3886735841979        2.3774331842657320E-006   166379996.77214089             6958
   2609.7637204650582        2.3769747892570175E-006   166380087.99288562             6959
   2610.1387673459180        2.3766498189066242E-006   166380179.18487248             6960
   2610.5138142267783        2.3761918268410440E-006   166380270.35322389             6961
   2610.8888611076386        2.3758672592167950E-006   166380361.49284065             6962
   2611.2639079884984        2.3754096695963374E-006   166380452.60884389             6963
   2611.6389548693587        2.3750855042005972E-006   166380543.69613573             6964
   2612.0140017502190        2.3746283165279962E-006   166380634.75983593             6965
   2612.3890486310788        2.3743045528638617E-006   166380725.79484791             6966
   2612.7640955119391        2.3738477666425841E-006   166380816.80629018             6967
   2613.1391423927994        2.3735244042138883E-006   166380907.78906733             6968
   2613.5141892736592        2.3730680189481378E-006   166380998.74829665             6969
   2613.8892361545195        2.3727450572594505E-006   166381089.67888394             6970
   2614.2642830353793        2.3722890724541607E-006   166381180.58594531             6971
   2614.6393299162396        2.3719665110107815E-006   166381271.46438769             6972
   2615.0143767970999        2.3715109261716166E-006   166381362.31932595             6973
   2615.3894236779593        2.3711887644795712E-006   166381453.14566836             6974
   2615.7644705588200        2.3707335791129239E-006   166381543.94852841             6975
   2616.1395174396803        2.3704118166789654E-006   166381634.72281563             6976
   2616.5145643205396        2.3699570302919498E-006   166381725.47364226             6977
   2616.8896112014004        2.3696356666235519E-006   166381816.19591907             6978
   2617.2646580822607        2.3691812787239986E-006   166381906.89475706             6979
   2617.6397049631200        2.3688603133293588E-006   166381997.56506819             6980
   2618.0147518439808        2.3684063234258266E-006   166382088.21196222             6981
   2618.3897987248406        2.3680857558138499E-006   166382178.83035240             6982
   2618.7648456057004        2.3676321634156068E-006   166382269.42534712             6983
   2619.1398924865612        2.3673119930959218E-006   166382359.99186090             6984
   2619.5149393674205        2.3668587977129486E-006   166382450.53500092             6985
   2619.8899862482808        2.3665390241958952E-006   166382541.04968292             6986
   2620.2650331291416        2.3660862253388826E-006   166382631.54101279             6987
   2620.6400800100009        2.3657668481355057E-006   166382722.00390753             6988
   2621.0151268908612        2.3653144453158554E-006   166382812.44347179             6989
   2621.3901737717215        2.3649954639379043E-006   166382902.85462371             6990
   2621.7652206525813        2.3645434566677221E-006   166382993.24246675             6991
   2622.1402675334416        2.3642248706276510E-006   166383083.60192031             6992
   2622.5153144143014        2.3637732584197382E-006   166383173.93808651             6993
   2622.8903612951617        2.3634550672307013E-006   166383264.24588609             6994
   2623.2654081760220        2.3630038495985626E-006   166383354.53041986             6995
   2623.6404550568818        2.3626860527744118E-006   166383444.78660971             6996
   2624.0155019377421        2.3622352292322452E-006   166383535.01955530             6997
   2624.3905488186024        2.3619178262875269E-006   166383625.22417974             6998
   2624.7655956994622        2.3614673963502270E-006   166383715.40558144             6999
   2625.1406425803225        2.3611503868001719E-006   166383805.55868471             7000
   2625.5156894611828        2.3607003499833180E-006   166383895.68858665             7001
   2625.8907363420426        2.3603837333438527E-006   166383985.79021290             7002
   2626.2657832229029        2.3599340891637124E-006   166384075.86865923             7003
   2626.6408301037627        2.3596178649514491E-006   166384165.91885257             7004
   2627.0158769846230        2.3591686129249747E-006   166384255.94588742             7005
   2627.3909238654833        2.3588527806572021E-006   166384345.94469187             7006
   2627.7659707463431        2.3584039203020282E-006   166384435.92035928             7007
   2628.1410176272034        2.3580884794967172E-006   166384525.86781892             7008
   2628.5160645080637        2.3576400103311507E-006   166384615.79216284             7009
   2628.8911113889235        2.3573249605069486E-006   166384705.68832159             7010
   2629.2661582697838        2.3568768820499707E-006   166384795.56138599             7011
   2629.6412051506441        2.3565622227261956E-006   166384885.40628782             7012
   2630.0162520315039        2.3561145344974652E-006   166384975.22811654             7013
   2630.3912989123642        2.3558002651941052E-006   166385065.02180529             7014
   2630.7663457932240        2.3553529667139418E-006   166385154.79244220             7015
   2631.1413926740843        2.3550390869516534E-006   166385244.53496167             7016
   2631.5164395549446        2.3545921777410422E-006   166385334.25445062             7017
   2631.8914864358044        2.3542786870411416E-006   166385423.94584456             7018
   2632.2665333166647        2.3538321666217330E-006   166385513.61422920             7019
   2632.6415801975245        2.3535190645061955E-006   166385603.25454131             7020
   2633.0166270783848        2.3530729324002955E-006   166385692.87186539             7021
   2633.3916739592451        2.3527602183917545E-006   166385782.46113938             7022
   2633.7667208401049        2.3523144741223231E-006   166385872.02744651             7023
   2634.1417677209652        2.3520021477440650E-006   166385961.56572598             7024
   2634.5168146018254        2.3515567908347139E-006   166386051.08105972             7025
   2634.8918614826853        2.3512448516106754E-006   166386140.56838822             7026
   2635.2669083635456        2.3507998815856656E-006   166386230.03279215             7027
   2635.6419552444058        2.3504883290404290E-006   166386319.46921319             7028
   2636.0170021252657        2.3500437454246665E-006   166386408.88273078             7029
   2636.3920490061259        2.3497325790834567E-006   166386498.26828787             7030
   2636.7670958869858        2.3492883814024874E-006   166386587.63096255             7031
   2637.1421427678461        2.3489776007911694E-006   166386676.96569905             7032
   2637.5171896487063        2.3485337885711757E-006   166386766.27757421             7033
   2637.8922365295657        2.3482233932162495E-006   166386855.56153351             7034
   2638.2672834104264        2.3477799659840488E-006   166386944.82265252             7035
   2638.6423302912867        2.3474699554126473E-006   166387034.05587789             7036
   2639.0173771721461        2.3470269126956867E-006   166387123.26628399             7037
   2639.3924240530068        2.3467172864355733E-006   166387212.44881877             7038
   2639.7674709338667        2.3462746277619297E-006   166387301.60855523             7039
   2640.1425178147265        2.3459653853414900E-006   166387390.74044257             7040
   2640.5175646955872        2.3455231102398624E-006   166387479.84955257             7041
   2640.8926115764471        2.3452142511881054E-006   166387568.93083566             7042
   2641.2676584573073        2.3447723591878107E-006   166387657.98936236             7043
   2641.6427053381676        2.3444638830343617E-006   166387747.02008429             7044
   2642.0177522190270        2.3440223736653356E-006   166387836.02807078             7045
   2642.3927990998877        2.3437142799404373E-006   166387925.00827467             7046
   2642.7678459807480        2.3432731527332257E-006   166388013.96576396             7047
   2643.1428928616074        2.3429654409677282E-006   166388102.89549276             7048
   2643.5179397424681        2.3425246954534899E-006   166388191.80252787             7049
   2643.8929866233279        2.3422173651788527E-006   166388280.68182462             7050
   2644.2680335041878        2.3417770008893471E-006   166388369.53844845             7051
   2644.6430803850485        2.3414700516376297E-006   166388458.36735603             7052
   2645.0181272659079        2.3410300681052188E-006   166388547.17361152             7053
   2645.3931741467682        2.3407234994090819E-006   166388635.95217279             7054
   2645.7682210276289        2.3402838961667235E-006   166388724.70810276             7055
   2646.1432679084883        2.3399777075594252E-006   166388813.43636054             7056
   2646.5183147893486        2.3395384841406727E-006   166388902.14200783             7057
   2646.8933616702093        2.3392326751560595E-006   166388990.82000491             7058
   2647.2684085510687        2.3387938310950537E-006   166389079.47541222             7059
   2647.6434554319289        2.3384884012675623E-006   166389168.10319132             7060
   2648.0185023127892        2.3380499360990302E-006   166389256.70840135             7061
   2648.3935491936491        2.3377448849636785E-006   166389345.28600514             7062
   2648.7685960745093        2.3373067982229331E-006   166389433.84106055             7063
   2649.1436429553692        2.3370021253153176E-006   166389522.36853164             7064
   2649.5186898362294        2.3365644165382444E-006   166389610.87347504             7065
   2649.8937367170897        2.3362601213945404E-006   166389699.35085604             7066
   2650.2687835979496        2.3358227901176025E-006   166389787.80572996             7067
   2650.6438304788098        2.3355188722745549E-006   166389876.23306337             7068
   2651.0188773596701        2.3350819180347814E-006   166389964.63791034             7069
   2651.3939242405299        2.3347783770297024E-006   166390053.01523861             7070
   2651.7689711213902        2.3343417993646883E-006   166390141.37010109             7071
   2652.1440180022505        2.3340386347354543E-006   166390229.69746670             7072
   2652.5190648831103        2.3336024331833587E-006   166390318.00238705             7073
   2652.8941117639706        2.3332996444684064E-006   166390406.27983236             7074
   2653.2691586448304        2.3328638185679428E-006   166390494.53485295             7075
   2653.6442055256907        2.3325614053062651E-006   166390582.76242033             7076
   2654.0192524065510        2.3321259545967013E-006   166390670.96758348             7077
   2654.3942992874108        2.3318239163278422E-006   166390759.14531517             7078
   2654.7693461682711        2.3313888403489945E-006   166390847.30066314             7079
   2655.1443930491309        2.3310871766130385E-006   166390935.42860138             7080
   2655.5194399299912        2.3306524749052696E-006   166391023.53417641             7081
   2655.8944868108515        2.3303511852428507E-006   166391111.61236340             7082
   2656.2695336917113        2.3299168573470616E-006   166391199.66820762             7083
   2656.6445805725716        2.3296159412993484E-006   166391287.69668549             7084
   2657.0196274534319        2.3291819867569753E-006   166391375.70284101             7085
   2657.3946743342917        2.3288814438656727E-006   166391463.68165186             7086
   2657.7697212151520        2.3284478622186855E-006   166391551.63816077             7087
   2658.1447680960118        2.3281476920260263E-006   166391639.56734663             7088
   2658.5198149768721        2.3277144828169251E-006   166391727.47425094             7089
   2658.8948618577324        2.3274146848656679E-006   166391815.35385382             7090
   2659.2699087385922        2.3269818476374726E-006   166391903.21119550             7091
   2659.6449556194525        2.3266824214708984E-006   166391991.04125735             7092
   2660.0200025003128        2.3262499557671471E-006   166392078.84907833             7093
   2660.3950493811726        2.3259509009290524E-006   166392166.62964103             7094
   2660.7700962620329        2.3255188062938004E-006   166392254.38798317             7095
   2661.1451431428932        2.3252201223284905E-006   166392342.11908859             7096
   2661.5201900237530        2.3247883983063022E-006   166392429.82799375             7097
   2661.8952369046133        2.3244900847585955E-006   166392517.50968370             7098
   2662.2702837854731        2.3240587308945379E-006   166392605.16919363             7099
   2662.6453306663334        2.3237607873097539E-006   166392692.80150983             7100
   2663.0203775471937        2.3233298031493951E-006   166392780.41166624             7101
   2663.3954244280530        2.3230322290733513E-006   166392867.99465042             7102
   2663.7704713089138        2.3226016141627584E-006   166392955.55549505             7103
   2664.1455181897741        2.3223044091417662E-006   166393043.08918887             7104
   2664.5205650706334        2.3218741630274978E-006   166393130.60076332             7105
   2664.8956119514942        2.3215773266083611E-006   166393218.08520842             7106
   2665.2706588323545        2.3211474488374634E-006   166393305.54755425             7107
   2665.6457057132138        2.3208509805674686E-006   166393392.98279217             7108
   2666.0207525940746        2.3204214706874714E-006   166393480.39595097             7109
   2666.3957994749344        2.3201253701143858E-006   166393567.78202322             7110
   2666.7708463557942        2.3196962276732963E-006   166393655.14603648             7111
   2667.1458932366550        2.3194004943453667E-006   166393742.48298454             7112
   2667.5209401175143        2.3189717188916638E-006   166393829.79789370             7113
   2667.8959869983746        2.3186763523576047E-006   166393917.08575895             7114
   2668.2710338792353        2.3182479434402378E-006   166394004.35160542             7115
   2668.6460807600947        2.3179529432492320E-006   166394091.59042931             7116
   2669.0211276409550        2.3175249004176198E-006   166394178.80725440             7117
   2669.3961745218153        2.3172302661193104E-006   166394265.99707821             7118
   2669.7712214026751        2.3168025889233253E-006   166394353.16492325             7119
   2670.1462682835354        2.3165083200678146E-006   166394440.30578828             7120
   2670.5213151643957        2.3160810080577870E-006   166394527.42469454             7121
   2670.8963620452555        2.3157871041956326E-006   166394614.51664200             7122
   2671.2714089261158        2.3153601569223445E-006   166394701.58665067             7123
   2671.6464558069756        2.3150666176045503E-006   166394788.62972176             7124
   2672.0215026878359        2.3146400346192289E-006   166394875.65087402             7125
   2672.3965495686962        2.3143468593972422E-006   166394962.64510989             7126
   2672.7715964495560        2.3139206402515560E-006   166395049.61744684             7127
   2673.1466433304163        2.3136278286772654E-006   166395136.56288856             7128
   2673.5216902112766        2.3132019729233194E-006   166395223.48645127             7129
   2673.8967370921364        2.3129095245490465E-006   166395310.38313991             7130
   2674.2717839729967        2.3124840317393802E-006   166395397.25796941             7131
   2674.6468308538565        2.3121919461178785E-006   166395484.10594594             7132
   2675.0218777347168        2.3117668158054581E-006   166395570.93208319             7133
   2675.3969246155771        2.3114750924899028E-006   166395657.73138857             7134
   2675.7719714964369        2.3110503242281191E-006   166395744.50887451             7135
   2676.1470183772972        2.3107589627721099E-006   166395831.25954965             7136
   2676.5220652581575        2.3103345561147701E-006   166395917.98842517             7137
   2676.8971121390173        2.3100435560723238E-006   166396004.69051090             7138
   2677.2721590198776        2.3096195105736485E-006   166396091.37081680             7139
   2677.6472059007374        2.3093288714991920E-006   166396178.02435398             7140
   2678.0222527815977        2.3089051867138158E-006   166396264.65613109             7141
   2678.3972996624580        2.3086149081621823E-006   166396351.26116046             7142
   2678.7723465433178        2.3081915836451399E-006   166396437.84444949             7143
   2679.1473934241781        2.3079016651715673E-006   166396524.40101177             7144
   2679.5224403050383        2.3074787004782981E-006   166396610.93585339             7145
   2679.8974871858982        2.3071891416384253E-006   166396697.44398925             7146
   2680.2725340667585        2.3067665363247624E-006   166396783.93042415             7147
   2680.6475809476183        2.3064773366746188E-006   166396870.39017418             7148
   2681.0226278284786        2.3060550902967895E-006   166396956.82824296             7149
   2681.3976747093388        2.3057662493927932E-006   166397043.23964778             7150
   2681.7727215901987        2.3053443615074113E-006   166397129.62939095             7151
   2682.1477684710590        2.3050558789063680E-006   166397215.99249107             7152
   2682.5228153519192        2.3046343490704294E-006   166397302.33394918             7153
   2682.8978622327791        2.3043462243295234E-006   166397388.64878508             7154
   2683.2729091136393        2.3039250521004021E-006   166397474.94199860             7155
   2683.6479559944996        2.3036372847771951E-006   166397561.20861074             7156
   2684.0230028753595        2.3032164697126420E-006   166397647.45362005             7157
   2684.3980497562197        2.3029290593650700E-006   166397733.67204881             7158
   2684.7730966370796        2.3025086010232050E-006   166397819.86889428             7159
   2685.1481435179398        2.3022215472095700E-006   166397906.03917998             7160
   2685.5231903988001        2.3018014451488772E-006   166397992.18790194             7161
   2685.8982372796595        2.3015147474278466E-006   166398078.31008491             7162
   2686.2732841605202        2.3010950012071756E-006   166398164.41072366             7163
   2686.6483310413805        2.3008086591377765E-006   166398250.48484412             7164
   2687.0233779222399        2.3003892683163326E-006   166398336.53743985             7165
   2687.3984248031006        2.3001032814579460E-006   166398422.56353804             7166
   2687.7734716839605        2.2996842455952877E-006   166398508.56813094             7167
   2688.1485185648203        2.2993986135076500E-006   166398594.54624701             7168
   2688.5235654456810        2.2989799321636870E-006   166398680.50287724             7169
   2688.8986123265408        2.2986946544068833E-006   166398766.43305129             7170
   2689.2736592074007        2.2982763271418720E-006   166398852.34175891             7171
   2689.6487060882614        2.2979914032763268E-006   166398938.22403103             7172
   2690.0237529691208        2.2975734296508685E-006   166399024.08485606             7173
   2690.3987998499811        2.2972888592373496E-006   166399109.91926628             7174
   2690.7738467308418        2.2968712388123796E-006   166399195.73224878             7175
   2691.1488936117012        2.2965870214119951E-006   166399281.51883703             7176
   2691.5239404925615        2.2961697537487864E-006   166399367.28401694             7177
   2691.8989873734217        2.2958858889229728E-006   166399453.02282315             7178
   2692.2740342542816        2.2954689735831338E-006   166399538.74024037             7179
   2692.6490811351418        2.2951854608936615E-006   166399624.43130445             7180
   2693.0241280160017        2.2947688974391228E-006   166399710.10099882             7181
   2693.3991748968620        2.2944857364480874E-006   166399795.74436060             7182
   2693.7742217777222        2.2940695244411083E-006   166399881.36637193             7183
   2694.1492686585821        2.2937867147109307E-006   166399966.96207124             7184
   2694.5243155394423        2.2933708537140919E-006   166400052.53643930             7185
   2694.8993624203026        2.2930883948075114E-006   166400138.08451584             7186
   2695.2744093011624        2.2926728843837148E-006   166400223.61128038             7187
   2695.6494561820227        2.2923907758637914E-006   166400309.11177385             7188
   2696.0245030628830        2.2919756155762509E-006   166400394.59097457             7189
   2696.3995499437428        2.2916938570063562E-006   166400480.04392460             7190
   2696.7745968246031        2.2912790464186028E-006   166400565.47560108             7191
   2697.1496437054629        2.2909976373624233E-006   166400650.88104734             7192
   2697.5246905863232        2.2905831760382983E-006   166400736.26523918             7193
   2697.8997374671835        2.2903021160598284E-006   166400821.62322119             7194
   2698.2747843480433        2.2898880035634845E-006   166400906.95996794             7195
   2698.6498312289036        2.2896072922270271E-006   166400992.27052522             7196
   2699.0248781097639        2.2891935281229166E-006   166401077.55986637             7197
   2699.3999249906237        2.2889131649930810E-006   166401162.82303843             7198
   2699.7749718714840        2.2884997488459650E-006   166401248.06501341             7199
   2700.1500187523443        2.2882197334876579E-006   166401333.28083962             7200
   2700.5250656332041        2.2878066648626018E-006   166401418.47548786             7201
   2700.9001125140644        2.2875269968410387E-006   166401503.64400765             7202
   2701.2751593949242        2.2871142753034050E-006   166401588.79136848             7203
   2701.6502062757845        2.2868349541840973E-006   166401673.91262117             7204
   2702.0252531566448        2.2864225792995453E-006   166401759.01273391             7205
   2702.4003000375046        2.2861436046483031E-006   166401844.08675876             7206
   2702.7753469183649        2.2857315759827936E-006   166401929.13966271             7207
   2703.1503937992247        2.2854529473657256E-006   166402014.16649899             7208
   2703.5254406800850        2.2850412644855158E-006   166402099.17223331             7209
   2703.9004875609453        2.2847629814690242E-006   166402184.15192023             7210
   2704.2755344418051        2.2843516439406654E-006   166402269.11052415             7211
   2704.6505813226654        2.2840737060914507E-006   166402354.04310083             7212
   2705.0256282035257        2.2836627134817881E-006   166402438.95461348             7213
   2705.4006750843855        2.2833851203668447E-006   166402523.84011903             7214
   2705.7757219652458        2.2829744722430219E-006   166402608.70457947             7215
   2706.1507688461061        2.2826972234296371E-006   166402693.54305300             7216
   2706.5258157269659        2.2822869193590884E-006   166402778.36050031             7217
   2706.9008626078262        2.2820100144148420E-006   166402863.15198079             7218
   2707.2759094886860        2.2816000539652982E-006   166402947.92245391             7219
   2707.6509563695463        2.2813234924580680E-006   166403032.66698033             7220
   2708.0260032504066        2.2809138751975519E-006   166403117.39051822             7221
   2708.4010501312659        2.2806376566955102E-006   166403202.08812952             7222
   2708.7760970121267        2.2802283821923447E-006   166403286.76477110             7223
   2709.1511438929870        2.2799525062639576E-006   166403371.41550615             7224
   2709.5261907738463        2.2795435740867563E-006   166403456.04529026             7225
   2709.9012376547071        2.2792680403007874E-006   166403540.64918789             7226
   2710.2762845355669        2.2788594500184644E-006   166403625.23215339             7227
   2710.6513314164267        2.2785842579439755E-006   166403709.78925240             7228
   2711.0263782972875        2.2781760091257414E-006   166403794.32543802             7229
   2711.4014251781473        2.2779011583320941E-006   166403878.83577716             7230
   2711.7764720590071        2.2774932505474633E-006   166403963.32522163             7231
   2712.1515189398679        2.2772187406043197E-006   166404047.78883961             7232
   2712.5265658207272        2.2768111734231079E-006   166404132.23158163             7233
   2712.9016127015875        2.2765370039004373E-006   166404216.64851707             7234
   2713.2766595824482        2.2761297768927627E-006   166404301.04459524             7235
   2713.6517064633076        2.2758559473608374E-006   166404385.41488680             7236
   2714.0267533441679        2.2754490600971292E-006   166404469.76433975             7237
   2714.4018002250282        2.2751755701265318E-006   166404554.08802596             7238
   2714.7768471058880        2.2747690221775308E-006   166404638.39089221             7239
   2715.1518939867483        2.2744958713391579E-006   166404722.66801164             7240
   2715.5269408676081        2.2740896622759180E-006   166404806.92432970             7241
   2715.9019877484684        2.2738168501409819E-006   166404891.15492076             7242
   2716.2770346293287        2.2734109795348766E-006   166404975.36472908             7243
   2716.6520815101885        2.2731385056749151E-006   166405059.54883024             7244
   2717.0271283910488        2.2727329730976455E-006   166405143.71216723             7245
   2717.4021752719091        2.2724608370845182E-006   166405227.84981689             7246
   2717.7772221527689        2.2720556421081103E-006   166405311.96672094             7247
   2718.1522690336292        2.2717838435140121E-006   166405396.05795741             7248
   2718.5273159144895        2.2713789857108236E-006   166405480.12846681             7249
   2718.9023627953493        2.2711075241082846E-006   166405564.17332843             7250
   2719.2774096762096        2.2707030030510169E-006   166405648.19748148             7251
   2719.6524565570694        2.2704318780129051E-006   166405732.19600651             7252
   2720.0275034379297        2.2700276932746054E-006   166405816.17384142             7253
   2720.4025503187900        2.2697569043741448E-006   166405900.12606800             7254
   2720.7775971996498        2.2693530555282126E-006   166405984.05762300             7255
   2721.1526440805101        2.2690826023389803E-006   166406067.96358937             7256
   2721.5276909613704        2.2686790889591750E-006   166406151.84890255             7257
   2721.9027378422302        2.2684089710551128E-006   166406235.70864680             7258
   2722.2777847230905        2.2680057927155607E-006   166406319.54775628             7259
   2722.6528316039503        2.2677360096709843E-006   166406403.36131650             7260
   2723.0278784848106        2.2673331659461890E-006   166406487.15426037             7261
   2723.4029253656709        2.2670637173357904E-006   166406570.92167455             7262
   2723.7779722465307        2.2666612078006416E-006   166406654.66849077             7263
   2724.1530191273910        2.2663920931995072E-006   166406738.38979697             7264
   2724.5280660082512        2.2659899174292879E-006   166406822.09052351             7265
   2724.9031128891111        2.2657211364129012E-006   166406905.76575965             7266
   2725.2781597699714        2.2653192939833012E-006   166406989.42043445             7267
   2725.6532066508312        2.2650508461275580E-006   166407073.04963842             7268
   2726.0282535316915        2.2646493366146813E-006   166407156.65829939             7269
   2726.4033004125517        2.2643812214958965E-006   166407240.24150902             7270
   2726.7783472934116        2.2639800444762759E-006   166407323.80419394             7271
   2727.1533941742719        2.2637122616711977E-006   166407407.34144709             7272
   2727.5284410551321        2.2633114167218045E-006   166407490.85819378             7273
   2727.9034879359920        2.2630439658076289E-006   166407574.34952816             7274
   2728.2785348168522        2.2626434525058860E-006   166407657.82037437             7275
   2728.6535816977121        2.2623763330602666E-006   166407741.26582778             7276
   2729.0286285785724        2.2619761509840632E-006   166407824.69081119             7277
   2729.4036754594326        2.2617093625851250E-006   166407908.09042126             7278
   2729.7787223402925        2.2613095113128272E-006   166407991.46957952             7279
   2730.1537692211527        2.2610430535391842E-006   166408074.82338390             7280
   2730.5288161020130        2.2606435326496539E-006   166408158.15675464             7281
   2730.9038629828724        2.2603774050804208E-006   166408241.46479091             7282
   2731.2789098637331        2.2599782141530300E-006   166408324.75241172             7283
   2731.6539567445934        2.2597124163678362E-006   166408408.01471740             7284
   2732.0290036254528        2.2593135549824841E-006   166408491.25662580             7285
   2732.4040505063135        2.2590480865614986E-006   166408574.47323844             7286
   2732.7790973871734        2.2586495542986272E-006   166408657.66947192             7287
   2733.1541442680332        2.2583844148225696E-006   166408740.84042898             7288
   2733.5291911488939        2.2579862112631811E-006   166408823.99102494             7289
   2733.9042380297533        2.2577214003133443E-006   166408907.11636385             7290
   2734.2792849106136        2.2573235250390250E-006   166408990.22135970             7291
   2734.6543317914743        2.2570590421972890E-006   166409073.30111778             7292
   2735.0293786723337        2.2566614947902235E-006   166409156.36055088             7293
   2735.4044255531940        2.2563973396390812E-006   166409239.39476553             7294
   2735.7794724340547        2.2560001196820714E-006   166409322.40867317             7295
   2736.1545193149141        2.2557362918046460E-006   166409405.39738163             7296
   2736.5295661957744        2.2553393988811428E-006   166409488.36580110             7297
   2736.9046130766346        2.2550758978612101E-006   166409571.30904064             7298
   2737.2796599574945        2.2546793315553278E-006   166409654.23200914             7299
   2737.6547068383552        2.2544161569773432E-006   166409737.12981692             7300
   2738.0297537192146        2.2540199168738828E-006   166409820.00737166             7301
   2738.4048006000749        2.2537570683230017E-006   166409902.85978490             7302
   2738.7798474809356        2.2533611540074791E-006   166409985.69196302             7303
   2739.1548943617950        2.2530986310695832E-006   166410068.49901876             7304
   2739.5299412426552        2.2527030421282517E-006   166410151.28585732             7305
   2739.9049881235155        2.2524408443899741E-006   166410234.04759267             7306
   2740.2800350043753        2.2520455804098563E-006   166410316.78912875             7307
   2740.6550818852356        2.2517837074586083E-006   166410399.50558072             7308
   2741.0301287660959        2.2513887680275168E-006   166410482.20185131             7309
   2741.4051756469557        2.2511272194515220E-006   166410564.87305692             7310
   2741.7802225278160        2.2507326041580907E-006   166410647.52409896             7311
   2742.1552694086758        2.2504713795464035E-006   166410730.15009511             7312
   2742.5303162895361        2.2500770879801212E-006   166410812.75594556             7313
   2742.9053631703964        2.2498161869226680E-006   166410895.33676919             7314
   2743.2804100512562        2.2494222186739027E-006   166410977.89746487             7315
   2743.6554569321165        2.2491616407615065E-006   166411060.43315282             7316
   2744.0305038129768        2.2487679954215476E-006   166411142.94873065             7317
   2744.4055506938366        2.2485077402459621E-006   166411225.43931973             7318
   2744.7805975746969        2.2481144174070432E-006   166411307.90981641             7319
   2745.1556444555567        2.2478544845609926E-006   166411390.35534340             7320
   2745.5306913364170        2.2474614838163346E-006   166411472.78079575             7321
   2745.9057382172773        2.2472018728935421E-006   166411555.18129739             7322
   2746.2807850981371        2.2468091938373861E-006   166411637.56174210             7323
   2746.6558319789974        2.2465499044326146E-006   166411719.91725501             7324
   2747.0308788598577        2.2461575466602551E-006   166411802.25272873             7325
   2747.4059257407175        2.2458985783693450E-006   166411884.56328961             7326
   2747.7809726215778        2.2455065414771746E-006   166411966.85382900             7327
   2748.1560195024376        2.2452478938970800E-006   166412049.11947444             7328
   2748.5310663832979        2.2448561774826293E-006   166412131.36511603             7329
   2748.9061132641582        2.2445978502114619E-006   166412213.58588260             7330
   2749.2811601450180        2.2442064538734401E-006   166412295.78666297             7331
   2749.6562070258783        2.2439484465105140E-006   166412377.96258718             7332
   2750.0312539067386        2.2435573698488475E-006   166412460.11854279             7333
   2750.4063007875984        2.2432996819947201E-006   166412542.24966112             7334
   2750.7813476684587        2.2429089246106056E-006   166412624.36082849             7335
   2751.1563945493185        2.2426515558671206E-006   166412706.44717735             7336
   2751.5314414301788        2.2422611173630667E-006   166412788.51359284             7337
   2751.9064883110391        2.2420040673334031E-006   166412870.55520865             7338
   2752.2815351918989        2.2416139473132749E-006   166412952.57690859             7339
   2752.6565820727592        2.2413572156019996E-006   166413034.57382771             7340
   2753.0316289536195        2.2409674136710729E-006   166413116.55084851             7341
   2753.4066758344793        2.2407109998841848E-006   166413198.50310722             7342
   2753.7817227153396        2.2403215156491963E-006   166413280.43548515             7343
   2754.1567695961999        2.2400654193941807E-006   166413362.34311974             7344
   2754.5318164770597        2.2396762524633793E-006   166413444.23089102             7345
   2754.9068633579200        2.2394204733492589E-006   166413526.09393770             7346
   2755.2819102387798        2.2390316233324567E-006   166413607.93713856             7347
   2755.6569571196401        2.2387761609698510E-006   166413689.75563353             7348
   2756.0320040005004        2.2383876274784882E-006   166413771.55430013             7349
   2756.4070508813597        2.2381324814796661E-006   166413853.32827953             7350
   2756.7820977622205        2.2377442641268599E-006   166413935.08244798             7351
   2757.1571446430808        2.2374894341058026E-006   166414016.81194791             7352
   2757.5321915239401        2.2371015325064132E-006   166414098.52165431             7353
   2757.9072384048009        2.2368470180788723E-006   166414180.20671085             7354
   2758.2822852856607        2.2364594318495592E-006   166414261.87199125             7355
   2758.6573321665205        2.2362052326331188E-006   166414343.51264042             7356
   2759.0323790473813        2.2358179613924067E-006   166414425.13353083             7357
   2759.4074259282411        2.2355640770065495E-006   166414506.72980857             7358
   2759.7824728091009        2.2351771203748953E-006   166414588.30634493             7359
   2760.1575196899616        2.2349235504410675E-006   166414669.85828722             7360
   2760.5325665708210        2.2345369080409278E-006   166414751.39050543             7361
   2760.9076134516813        2.2342836521826101E-006   166414832.89814821             7362
   2761.2826603325420        2.2338973236385049E-006   166414914.38608420             7363
   2761.6577072134014        2.2336443814812782E-006   166414995.84946328             7364
   2762.0327540942617        2.2332583664198694E-006   166415077.29315287             7365
   2762.4078009751220        2.2330057375914920E-006   166415158.71230409             7366
   2762.7828478559818        2.2326200356416524E-006   166415240.11178309             7367
   2763.1578947368421        2.2323677197721323E-006   166415321.48674220             7368
   2763.5329416177019        2.2319823305650240E-006   166415402.84204638             7369
   2763.9079884985622        2.2317303272866946E-006   166415484.17284918             7370
   2764.2830353794225        2.2313452504558470E-006   166415565.48401424             7371
   2764.6580822602823        2.2310935594034517E-006   166415646.77069640             7372
   2765.0331291411426        2.2307087945848381E-006   166415728.03775805             7373
   2765.4081760220029        2.2304574153956036E-006   166415809.28035524             7374
   2765.7832229028627        2.2300729622277329E-006   166415890.50334913             7375
   2766.1582697837230        2.2298218945414601E-006   166415971.70189697             7376
   2766.5333166645833        2.2294377526654476E-006   166416052.88085866             7377
   2766.9083635454431        2.2291869961245943E-006   166416134.03539276             7378
   2767.2834104263034        2.2288031651842581E-006   166416215.17035791             7379
   2767.6584573071632        2.2285527194340254E-006   166416296.28091380             7380
   2768.0335041880235        2.2281691990759775E-006   166416377.37191784             7381
   2768.4085510688838        2.2279190637644063E-006   166416458.43853107             7382
   2768.7835979497436        2.2275358536381392E-006   166416539.48560956             7383
   2769.1586448306039        2.2272860284161998E-006   166416620.50831553             7384
   2769.5336917114637        2.2269031281741878E-006   166416701.51150391             7385
   2769.9087385923240        2.2266536126958775E-006   166416782.49033812             7386
   2770.2837854731843        2.2262710219936679E-006   166416863.44967180             7387
   2770.6588323540441        2.2260218159161068E-006   166416944.38466966             7388
   2771.0338792349044        2.2256395344124220E-006   166417025.30018404             7389
   2771.4089261157646        2.2253906373959584E-006   166417106.19138086             7390
   2771.7839729966245        2.2250086647527975E-006   166417187.06311125             7391
   2772.1590198774848        2.2247600764611098E-006   166417267.91054240             7392
   2772.5340667583450        2.2243784123438571E-006   166417348.73852411             7393
   2772.9091136392049        2.2241301324440617E-006   166417429.54222485             7394
   2773.2841605200651        2.2237487765215909E-006   166417510.32649317             7395
   2773.6592074009250        2.2235008046843479E-006   166417591.08649877             7396
   2774.0342542817853        2.2231197566291376E-006   166417671.82708892             7397
   2774.4093011626455        2.2228720925287657E-006   166417752.54343459             7398
   2774.7843480435054        2.2224913520170096E-006   166417833.24038178             7399
   2775.1593949243656        2.2222439953316059E-006   166417913.91310266             7400
   2775.5344418052259        2.2218635620433287E-006   166417994.56644204             7401
   2775.9094886860858        2.2216165124548819E-006   166418075.19557333             7402
   2776.2845355669460        2.2212363860740655E-006   166418155.80534005             7403
   2776.6595824478063        2.2209896432685749E-006   166418236.39091682             7404
   2777.0346293286661        2.2206098234832744E-006   166418316.95714599             7405
   2777.4096762095264        2.2203633871508826E-006   166418397.49920332             7406
   2777.7847230903863        2.2199838736533552E-006   166418478.02192992             7407
   2778.1597699712465        2.2197377434884664E-006   166418558.52050287             7408
   2778.5348168521068        2.2193585359753016E-006   166418638.99976197             7409
   2778.9098637329662        2.2191127116767197E-006   166418719.45488557             7410
   2779.2849106138269        2.2187338098489686E-006   166418799.89071214             7411
   2779.6599574946872        2.2184882911200267E-006   166418880.30242130             7412
   2780.0350043755466        2.2181096946833398E-006   166418960.69485033             7413
   2780.4100512564073        2.2178644812320368E-006   166419041.06318000             7414
   2780.7850981372671        2.2174861898968014E-006   166419121.41224638             7415
   2781.1601450181270        2.2172412814359482E-006   166419201.73723146             7416
   2781.5351918989877        2.2168632949174311E-006   166419282.04297009             7417
   2781.9102387798475        2.2166186911647918E-006   166419362.32464549             7418
   2782.2852856607074        2.2162410091832874E-006   166419442.58709118             7419
   2782.6603325415681        2.2159967098617212E-006   166419522.82549173             7420
   2783.0353794224275        2.2156193321427007E-006   166419603.04467934             7421
   2783.4104263032877        2.2153753369803211E-006   166419683.23983982             7422
   2783.7854731841485        2.2149982632545784E-006   166419763.41580415             7423
   2784.1605200650079        2.2147545719849028E-006   166419843.56775931             7424
   2784.5355669458681        2.2143778019887189E-006   166419923.70053512             7425
   2784.9106138267284        2.2141344143508290E-006   166420003.80931973             7426
   2785.2856607075882        2.2137579478261285E-006   166420083.89894173             7427
   2785.6607075884485        2.2135148635648324E-006   166420163.96459055             7428
   2786.0357544693084        2.2131387002593507E-006   166420244.01109341             7429
   2786.4108013501686        2.2128959191253449E-006   166420324.03364107             7430
   2786.7858482310289        2.2125200587927887E-006   166420404.03705949             7431
   2787.1608951118887        2.2122775805428346E-006   166420484.01654062             7432
   2787.5359419927490        2.2119020229430584E-006   166420563.97690922             7433
   2787.9109888736093        2.2116598473401486E-006   166420643.91335848             7434
   2788.2860357544691        2.2112845922393286E-006   166420723.83071190             7435
   2788.6610826353294        2.2110427190528677E-006   166420803.72416386             7436
   2789.0361295161897        2.2106677662236828E-006   166420883.59853664             7437
   2789.4111763970495        2.2104261952296691E-006   166420963.44902587             7438
   2789.7862232779098        2.2100515444514840E-006   166421043.28045258             7439
   2790.1612701587696        2.2098102754326929E-006   166421123.08801362             7440
   2790.5363170396299        2.2094359264917429E-006   166421202.87652874             7441
   2790.9113639204902        2.2091949592379154E-006   166421282.64119610             7442
   2791.2864108013500        2.2088209119274990E-006   166421362.38683420             7443
   2791.6614576822103        2.2085802462355396E-006   166421442.10864237             7444
   2792.0365045630701        2.2082065003562144E-006   166421521.81143782             7445
   2792.4115514439304        2.2079661360303859E-006   166421601.49042124             7446
   2792.7865983247907        2.2075926913901697E-006   166421681.15040854             7447
   2793.1616452056505        2.2073526282422950E-006   166421760.78660163             7448
   2793.5366920865108        2.2069794846568685E-006   166421840.40381518             7449
   2793.9117389673711        2.2067397225065366E-006   166421919.99725232             7450
   2794.2867858482309        2.2063668797994530E-006   166421999.57172653             7451
   2794.6618327290912        2.2061274184742335E-006   166422079.12244210             7452
   2795.0368796099515        2.2057548764771298E-006   166422158.65421131             7453
   2795.4119264908113        2.2055157158127830E-006   166422238.16223970             7454
   2795.7869733716716        2.2051434743656025E-006   166422317.65133825             7455
   2796.1620202525314        2.2049046142063057E-006   166422397.11671376             7456
   2796.5370671333917        2.2045326731575164E-006   166422476.56317598             7457
   2796.9121140142520        2.2042941133560858E-006   166422555.98593292             7458
   2797.2871608951118        2.2039224725629084E-006   166422635.38979307             7459
   2797.6622077759721        2.2036842129810239E-006   166422714.76996574             7460
   2798.0372546568324        2.2033128723096615E-006   166422794.13125810             7461
   2798.4123015376922        2.2030749128181086E-006   166422873.46888071             7462
   2798.7873484185525        2.2027038721439860E-006   166422952.78763956             7463
   2799.1623952994123        2.2024662126228897E-006   166423032.08274636             7464
   2799.5374421802726        2.2020954718308926E-006   166423111.35900590             7465
   2799.9124890611329        2.2018581121699598E-006   166423190.61163116             7466
   2800.2875359419927        2.2014876711546850E-006   166423269.84542558             7467
   2800.6625828228530        2.2012506112534603E-006   166423349.05560344             7468
   2801.0376297037133        2.2008804699194570E-006   166423428.24696696             7469
   2801.4126765845726        2.2006437096875673E-006   166423507.41473159             7470
   2801.7877234654334        2.2002738679496066E-006   166423586.56369838             7471
   2802.1627703462937        2.2000374073070265E-006   166423665.68908396             7472
   2802.5378172271530        2.1996678650903544E-006   166423744.79568815             7473
   2802.9128641080138        2.1994317039676652E-006   166423823.87872884             7474
   2803.2879109888736        2.1990624612082709E-006   166423902.94300455             7475
   2803.6629578697334        2.1988265995469318E-006   166423981.98373449             7476
   2804.0380047505942        2.1984576561918186E-006   166424061.00571585             7477
   2804.4130516314535        2.1982220939444426E-006   166424140.00416908             7478
   2804.7880985123138        2.1978534499519030E-006   166424218.98389018             7479
   2805.1631453931745        2.1976181870825348E-006   166424297.94010085             7480
   2805.5381922740339        2.1972498424224366E-006   166424376.87759578             7481
   2805.9132391548942        2.1970148789068405E-006   166424455.79159793             7482
   2806.2882860357549        2.1966468335609131E-006   166424534.68690076             7483
   2806.6633329166143        2.1964121693868588E-006   166424613.55872846             7484
   2807.0383797974746        2.1960444233489887E-006   166424692.41187328             7485
   2807.4134266783349        2.1958100585165474E-006   166424771.24156058             7486
   2807.7884735591947        2.1954426117930730E-006   166424850.05258140             7487
   2808.1635204400550        2.1952085463149235E-006   166424928.84016234             7488
   2808.5385673209148        2.1948413989249411E-006   166425007.60909319             7489
   2808.9136142017751        2.1946076328266727E-006   166425086.35460180             7490
   2809.2886610826354        2.1942407848023429E-006   166425165.08147672             7491
   2809.6637079634952        2.1940073181227717E-006   166425243.78494701             7492
   2810.0387548443555        2.1936407695096432E-006   166425322.46980000             7493
   2810.4138017252158        2.1934076023011277E-006   166425401.13126600             7494
   2810.7888486060756        2.1930413531584527E-006   166425479.77413106             7495
   2811.1638954869359        2.1928084854872228E-006   166425558.39362675             7496
   2811.5389423677962        2.1924425358882883E-006   166425636.99453786             7497
   2811.9139892486560        2.1922099678347702E-006   166425715.57209724             7498
   2812.2890361295163        2.1918443178672292E-006   166425794.13108841             7499
   2812.6640830103761        2.1916120495263826E-006   166425872.66674542             7500
   2813.0391298912364        2.1912466992925935E-006   166425951.18385065             7501
   2813.4141767720967        2.1910147307742560E-006   166426029.67763931             7502
   2813.7892236529565        2.1906496803916270E-006   166426108.15289253             7503
   2814.1642705338168        2.1904180118208673E-006   166426186.60484684             7504
   2814.5393174146770        2.1900532614222105E-006   166426265.03828204             7505
   2814.9143642955369        2.1898218929396759E-006   166426343.44843593             7506
   2815.2894111763972        2.1894574426735627E-006   166426421.84008709             7507
   2815.6644580572570        2.1892263744358415E-006   166426500.20847455             7508
   2816.0395049381173        2.1888622244669660E-006   166426578.55837563             7509
   2816.4145518189775        2.1886314566469560E-006   166426656.88503063             7510
   2816.7895986998374        2.1882676071565145E-006   166426735.19321561             7511
   2817.1646455806977        2.1880371399437923E-006   166426813.47817209             7512
   2817.5396924615579        2.1876735911298479E-006   166426891.74467495             7513
   2817.9147393424178        2.1874434247310576E-006   166426969.98796692             7514
   2818.2897862232780        2.1870801768089265E-006   166427048.21282157             7515
   2818.6648331041379        2.1868503114481580E-006   166427126.41448298             7516
   2819.0398799849982        2.1864873646508034E-006   166427204.59772345             7517
   2819.4149268658584        2.1862578005699887E-006   166427282.75778824             7518
   2819.7899737467183        2.1858951551484158E-006   166427360.89944851             7519
   2820.1650206275785        2.1856658926077318E-006   166427439.01795071             7520
   2820.5400675084388        2.1853035488313838E-006   166427517.11806473             7521
   2820.9151143892987        2.1850745881096499E-006   166427595.19503832             7522
   2821.2901612701589        2.1847125462668323E-006   166427673.25364012             7523
   2821.6652081510188        2.1844838876619331E-006   166427751.28911906             7524
   2822.0402550318790        2.1841221480602154E-006   166427829.30624261             7525
   2822.4153019127393        2.1838937918895083E-006   166427907.30026096             7526
   2822.7903487935987        2.1835323548561523E-006   166427985.27594027             7527
   2823.1653956744594        2.1833043014569092E-006   166428063.22853202             7528
   2823.5404425553197        2.1829431673392988E-006   166428141.16280112             7529
   2823.9154894361791        2.1827154170691295E-006   166428219.07400027             7530
   2824.2905363170398        2.1823545862352095E-006   166428296.96689320             7531
   2824.6655831979001        2.1821271394725018E-006   166428374.83673382             7532
   2825.0406300787595        2.1817666123112215E-006   166428452.68828461             7533
   2825.4156769596202        2.1815394694555942E-006   166428530.51680073             7534
   2825.7907238404800        2.1811792463773522E-006   166428608.32704344             7535
   2826.1657707213399        2.1809524078501053E-006   166428686.11426914             7536
   2826.5408176022006        2.1805924892872171E-006   166428763.88323784             7537
   2826.9158644830600        2.1803659555317933E-006   166428841.62920722             7538
   2827.2909113639203        2.1800063419389482E-006   166428919.35693604             7539
   2827.6659582447810        2.1797801134214010E-006   166428997.06168318             7540
   2828.0410051256404        2.1794208052761406E-006   166429074.74820620             7541
   2828.4160520065006        2.1791948824856138E-006   166429152.41176525             7542
   2828.7910988873609        2.1788358802888043E-006   166429230.05711660             7543
   2829.1661457682208        2.1786102637380120E-006   166429307.67952171             7544
   2829.5411926490810        2.1782515680143407E-006   166429385.28373557             7545
   2829.9162395299413        2.1780262582400609E-006   166429462.86502090             7546
   2830.2912864108011        2.1776678695385208E-006   166429540.42813146             7547
   2830.6663332916614        2.1774428671020898E-006   166429617.96833122             7548
   2831.0413801725213        2.1770847859964882E-006   166429695.49037269             7549
   2831.4164270533815        2.1768600914843085E-006   166429772.98952106             7550
   2831.7914739342418        2.1765023185737691E-006   166429850.47052768             7551
   2832.1665208151016        2.1762779325978179E-006   166429927.92865893             7552
   2832.5415676959619        2.1759204685073066E-006   166430005.36866498             7553
   2832.9166145768222        2.1756963917056618E-006   166430082.78581342             7554
   2833.2916614576820        2.1753392370865038E-006   166430160.18485317             7555
   2833.6667083385423        2.1751154701238707E-006   166430237.56105313             7556
   2834.0417552194021        2.1747586256542843E-006   166430314.91916093             7557
   2834.4168021002624        2.1745351692225262E-006   166430392.25444674             7558
   2834.7918489811227        2.1741786356081582E-006   166430469.57165694             7559
   2835.1668958619825        2.1739554904268457E-006   166430546.86606300             7560
   2835.5419427428428        2.1735992684013269E-006   166430624.14241004             7561
   2835.9169896237031        2.1733764352182859E-006   166430701.39597073             7562
   2836.2920365045629        2.1730205255437803E-006   166430778.63148907             7563
   2836.6670833854232        2.1727980051356545E-006   166430855.84423891             7564
   2837.0421302662835        2.1724424086034244E-006   166430933.03896296             7565
   2837.4171771471433        2.1722202017762321E-006   166431010.21093646             7566
   2837.7922240280036        2.1718649192072019E-006   166431087.36490083             7567
   2838.1672709088634        2.1716430267969196E-006   166431164.49613249             7568
   2838.5423177897237        2.1712880590422643E-006   166431241.60937175             7569
   2838.9173646705840        2.1710664819154060E-006   166431318.69989622             7570
   2839.2924115514438        2.1707118298571282E-006   166431395.77244493             7571
   2839.6674584323041        2.1704905689113383E-006   166431472.82229686             7572
   2840.0425053131639        2.1701362334628673E-006   166431549.85418972             7573
   2840.4175521940242        2.1699152896275117E-006   166431626.86340377             7574
   2840.7925990748845        2.1695612717343057E-006   166431703.85467553             7575
   2841.1676459557443        2.1693406459710852E-006   166431780.82328647             7576
   2841.5426928366046        2.1689869466112412E-006   166431857.77397195             7577
   2841.9177397174649        2.1687666399147999E-006   166431934.70201457             7578
   2842.2927865983247        2.1684132600996683E-006   166432011.61214852             7579
   2842.6678334791850        2.1681932734982209E-006   166432088.49965769             7580
   2843.0428803600453        2.1678402142730370E-006   166432165.36927503             7581
   2843.4179272409051        2.1676205488289981E-006   166432242.21628571             7582
   2843.7929741217654        2.1672678112735156E-006   166432319.04542139             7583
   2844.1680210026252        2.1670484680841297E-006   166432395.85196853             7584
   2844.5430678834855        2.1666960533132581E-006   166432472.64065757             7585
   2844.9181147643458        2.1664770335112584E-006   166432549.40677622             7586
   2845.2931616452051        2.1661249426757179E-006   166432626.15505370             7587
   2845.6682085260659        2.1659062474299778E-006   166432702.88077900             7588
   2846.0432554069262        2.1655544817169550E-006   166432779.58868009             7589
   2846.4183022877855        2.1653361122331483E-006   166432856.27404717             7590
   2846.7933491686463        2.1649846728669682E-006   166432932.94160709             7591
   2847.1683960495066        2.1647666303882378E-006   166433009.58665124             7592
   2847.5434429303659        2.1644155186310384E-006   166433086.21390525             7593
   2847.9184898112267        2.1641978044386843E-006   166433162.81866181             7594
   2848.2935366920865        2.1638470215910974E-006   166433239.40564528             7595
   2848.6685835729468        2.1636296370052590E-006   166433315.97014967             7596
   2849.0436304538071        2.1632791844071022E-006   166433392.51689804             7597
   2849.4186773346664        2.1630621307874536E-006   166433469.04118571             7598
   2849.7937242155272        2.1627120098184324E-006   166433545.54773456             7599
   2850.1687710963874        2.1624952885648857E-006   166433622.03184107             7600
   2850.5438179772468        2.1621455006453056E-006   166433698.49822596             7601
   2850.9188648581076        2.1619291131987313E-006   166433774.94218701             7602
   2851.2939117389674        2.1615796597902057E-006   166433851.36844367             7603
   2851.6689586198272        2.1613636076331457E-006   166433927.77229500             7604
   2852.0440055006879        2.1610144902393283E-006   166434004.15845919             7605
   2852.4190523815473        2.1607987748967306E-006   166434080.52223659             7606
   2852.7940992624076        2.1604499950640500E-006   166434156.86834422             7607
   2853.1691461432683        2.1602346181040047E-006   166434233.19208363             7608
   2853.5441930241277        2.1598861774224039E-006   166434309.49817064             7609
   2853.9192399049880        2.1596711404568910E-006   166434385.78190807             7610
   2854.2942867858487        2.1593230405605765E-006   166434462.04801056             7611
   2854.6693336667081        2.1591083452462167E-006   166434538.29178217             7612
   2855.0443805475684        2.1587605878144178E-006   166434614.51793629             7613
   2855.4194274284287        2.1585462358532433E-006   166434690.72177830             7614
   2855.7944743092885        2.1581988226109815E-006   166434766.90802032             7615
   2856.1695211901488        2.1579848157511984E-006   166434843.07196900             7616
   2856.5445680710086        2.1576377484700622E-006   166434919.21833536             7617
   2856.9196149518689        2.1574240885068374E-006   166434995.34242719             7618
   2857.2946618327292        2.1570773690057692E-006   166435071.44895434             7619
   2857.6697087135890        2.1568640577820151E-006   166435147.53322589             7620
   2858.0447555944493        2.1565176879281011E-006   166435223.59995043             7621
   2858.4198024753096        2.1563047273352767E-006   166435299.64443833             7622
   2858.7948493561694        2.1559587090445516E-006   166435375.67139697             7623
   2859.1698962370297        2.1557461010234635E-006   166435451.67613804             7624
   2859.5449431178899        2.1554004362617137E-006   166435527.66336766             7625
   2859.9199899987498        2.1551881828033331E-006   166435603.62839878             7626
   2860.2950368796101        2.1548428735869198E-006   166435679.57593632             7627
   2860.6700837604699        2.1546309767332017E-006   166435755.50129452             7628
   2861.0451306413302        2.1542860251298826E-006   166435831.40917709             7629
   2861.4201775221904        2.1540744869745997E-006   166435907.29489955             7630
   2861.7952244030503        2.1537298951043726E-006   166435983.16316438             7631
   2862.1702712839106        2.1535187177939526E-006   166436059.00928834             7632
   2862.5453181647704        2.1531744878298876E-006   166436134.83797279             7633
   2862.9203650456307        2.1529636735642614E-006   166436210.64453572             7634
   2863.2954119264909        2.1526198077333627E-006   166436286.43367726             7635
   2863.6704588073508        2.1524093587668179E-006   166436362.20071670             7636
   2864.0455056882111        2.1520658593508771E-006   166436437.95035300             7637
   2864.4205525690713        2.1518557779929277E-006   166436513.67790669             7638
   2864.7955994499312        2.1515126473293962E-006   166436589.38807550             7639
   2865.1706463307914        2.1513029359456464E-006   166436665.07618126             7640
   2865.5456932116517        2.1509601764285091E-006   166436740.74692053             7641
   2865.9207400925116        2.1507508374415423E-006   166436816.39561641             7642
   2866.2957869733718        2.1504084515222014E-006   166436892.02696419             7643
   2866.6708338542317        2.1501994874124658E-006   166436967.63628832             7644
   2867.0458807350919        2.1498574776006389E-006   166437043.22828290             7645
   2867.4209276159522        2.1496488909073432E-006   166437118.79827359             7646
   2867.7959744968121        2.1493072597719618E-006   166437194.35095334             7647
   2868.1710213776723        2.1490990530939848E-006   166437269.88164908             7648
   2868.5460682585326        2.1487578032641032E-006   166437345.39505255             7649
   2868.9211151393924        2.1485499792609052E-006   166437420.88649198             7650
   2869.2961620202527        2.1482091134266204E-006   166437496.36065793             7651
   2869.6712089011125        2.1480016748191634E-006   166437571.81287986             7652
   2870.0462557819728        2.1476611957325409E-006   166437647.24784717             7653
   2870.4213026628331        2.1474541453042269E-006   166437722.66089064             7654
   2870.7963495436929        2.1471140557802321E-006   166437798.05669838             7655
   2871.1713964245532        2.1469073963778308E-006   166437873.43060249             7656
   2871.5464433054135        2.1465676992952763E-006   166437948.78728995             7657
   2871.9214901862729        2.1463614338298772E-006   166438024.12209409             7658
   2872.2965370671336        2.1460221321323685E-006   166438099.43970072             7659
   2872.6715839479939        2.1458162635803320E-006   166438174.73544440             7660
   2873.0466308288533        2.1454773602772272E-006   166438250.01400980             7661
   2873.4216777097140        2.1452718916811524E-006   166438325.27073279             7662
   2873.7967245905738        2.1449333898485295E-006   166438400.51029679             7663
   2874.1717714714337        2.1447283243182199E-006   166438475.72803900             7664
   2874.5468183522944        2.1443902270998516E-006   166438550.92864165             7665
   2874.9218652331538        2.1441855678132927E-006   166438626.10744318             7666
   2875.2969121140140        2.1438478784216280E-006   166438701.26912469             7667
   2875.6719589948748        2.1436436286259730E-006   166438776.40902591             7668
   2876.0470058757342        2.1433063503431282E-006   166438851.53182673             7669
   2876.4220527565944        2.1431025133556988E-006   166438926.63286817             7670
   2876.7970996374552        2.1427656495344484E-006   166439001.71682891             7671
   2877.1721465183145        2.1425622287437299E-006   166439076.77905130             7672
   2877.5471933991748        2.1422257828085185E-006   166439151.82421288             7673
   2877.9222402800351        2.1420227816751682E-006   166439226.84765723             7674
   2878.2972871608949        2.1416867571231246E-006   166439301.85406068             7675
   2878.6723340417552        2.1414841791809890E-006   166439376.83876818             7676
   2879.0473809226150        2.1411485795829406E-006   166439451.80645484             7677
   2879.4224278034753        2.1409464284400836E-006   166439526.75246689             7678
   2879.7974746843356        2.1406112574415879E-006   166439601.68147832             7679
   2880.1725215651954        2.1404095367813194E-006   166439676.58883658             7680
   2880.5475684460557        2.1400747981036996E-006   166439751.47921452             7681
   2880.9226153269160        2.1398735116856166E-006   166439826.34796092             7682
   2881.2976622077758        2.1395392091270061E-006   166439901.19974741             7683
   2881.6727090886361        2.1393383607880365E-006   166439976.02992409             7684
   2882.0477559694964        2.1390044982244228E-006   166440050.84316140             7685
   2882.4228028503562        2.1388040918798820E-006   166440125.63481072             7686
   2882.7978497312165        2.1384706732661701E-006   166440200.40954137             7687
   2883.1728966120763        2.1382707129108230E-006   166440275.16270599             7688
   2883.5479434929366        2.1379377422818996E-006   166440349.89897272             7689
   2883.9229903737969        2.1377382319910211E-006   166440424.61369553             7690
   2884.2980372546567        2.1374057134628225E-006   166440499.31154141             7691
   2884.6730841355170        2.1372066573932782E-006   166440573.98786560             7692
   2885.0481310163768        2.1368745951638709E-006   166440648.64733392             7693
   2885.4231778972371        2.1366759975552003E-006   166440723.28530294             7694
   2885.7982247780974        2.1363443959058695E-006   166440797.90643725             7695
   2886.1732716589572        2.1361462610813700E-006   166440872.50609478             7696
   2886.5483185398175        2.1358151243777053E-006   166440947.08893898             7697
   2886.9233654206778        2.1356174567455306E-006   166441021.65032902             7698
   2887.2984123015376        2.1352867894385297E-006   166441096.19492725             7699
   2887.6734591823979        2.1350895934927957E-006   166441170.71809411             7700
   2888.0485060632577        2.1347594001199644E-006   166441245.22449076             7701
   2888.4235529441180        2.1345626804418509E-006   166441319.70947897             7702
   2888.7985998249783        2.1342329656283243E-006   166441394.17771879             7703
   2889.1736467058381        2.1340367268871961E-006   166441468.62457326             7704
   2889.5486935866984        2.1337074953468509E-006   166441543.05470127             7705
   2889.9237404675587        2.1335117423013739E-006   166441617.46346715             7706
   2890.2987873484185        2.1331829988379512E-006   166441691.85552865             7707
   2890.6738342292788        2.1329877363372251E-006   166441766.22625145             7708
   2891.0488811101391        2.1326594858454674E-006   166441840.58029211             7709
   2891.4239279909989        2.1324647188301614E-006   166441914.91301760             7710
   2891.7989748718592        2.1321369662969451E-006   166441989.22908336             7711
   2892.1740217527190        2.1319426998004307E-006   166442063.52385771             7712
   2892.5490686335793        2.1316154503059140E-006   166442137.80199489             7713
   2892.9241155144396        2.1314216894554135E-006   166442212.05886453             7714
   2893.2991623952989        2.1310949481741793E-006   166442286.29911971             7715
   2893.6742092761597        2.1309016981919256E-006   166442360.51813141             7716
   2894.0492561570200        2.1305754703941390E-006   166442434.72055158             7717
   2894.4243030378793        2.1303827365985254E-006   166442508.90175247             7718
   2894.7993499187401        2.1300570276510946E-006   166442583.06638491             7719
   2895.1743967996003        2.1298648154578354E-006   166442657.20982248             7720
   2895.5494436804597        2.1295396308255798E-006   166442731.33671480             7721
   2895.9244905613205        2.1293479457488879E-006   166442805.44243687             7722
   2896.2995374421803        2.1290232909957083E-006   166442879.53163713             7723
   2896.6745843230401        2.1288321386494627E-006   166442953.59969190             7724
   2897.0496312039008        2.1285080194395135E-006   166443027.65124846             7725
   2897.4246780847602        2.1283174055384431E-006   166443101.68168443             7726
   2897.7997249656205        2.1279938276373224E-006   166443175.69564602             7727
   2898.1747718464812        2.1278037579981866E-006   166443249.68851215             7728
   2898.5498187273406        2.1274807272741185E-006   166443323.66492787             7729
   2898.9248656082009        2.1272912078169009E-006   166443397.62027344             7730
   2899.2999124890612        2.1269687302419257E-006   166443471.55919281             7731
   2899.6749593699210        2.1267797669910232E-006   166443545.47706753             7732
   2900.0500062507813        2.1264578486421978E-006   166443619.37854040             7733
   2900.4250531316416        2.1262694477276239E-006   166443693.25899434             7734
   2900.8001000125014        2.1259480947882184E-006   166443767.12307101             7735
   2901.1751468933617        2.1257602624468062E-006   166443840.96615466             7736
   2901.5501937742215        2.1254394812075167E-006   166443914.79288581             7737
   2901.9252406550818        2.1252522237841253E-006   166443988.59865007             7738
   2902.3002875359421        2.1249320206442815E-006   166444062.38808683             7739
   2902.6753344168019        2.1247453445930102E-006   166444136.15658295             7740
   2903.0503812976622        2.1244257260617837E-006   166444209.90877679             7741
   2903.4254281785225        2.1242396379471849E-006   166444283.64005658             7742
   2903.8004750593823        2.1239206106448192E-006   166444357.35505944             7743
   2904.1755219402426        2.1237351171431248E-006   166444431.04917496             7744
   2904.5505688211024        2.1234166878021482E-006   166444504.72703925             7745
   2904.9256157019627        2.1232317957024886E-006   166444578.38404313             7746
   2905.3006625828230        2.1229139711689416E-006   166444652.02482158             7747
   2905.6757094636828        2.1227296873745819E-006   166444725.64476687             7748
   2906.0507563445431        2.1224124746092525E-006   166444799.24851280             7749
   2906.4258032254033        2.1222288061388116E-006   166444872.83145297             7750
   2906.8008501062632        2.1219122122184657E-006   166444946.39822006             7751
   2907.1758969871235        2.1217291662071627E-006   166445019.94420904             7752
   2907.5509438679837        2.1214131983257773E-006   166445093.47405145             7753
   2907.9259907488436        2.1212307820266627E-006   166445166.98314363             7754
   2908.3010376297038        2.1209154474966736E-006   166445240.47611600             7755
   2908.6760845105637        2.1207336682818718E-006   166445313.94836625             7756
   2909.0511313914240        2.1204189745354100E-006   166445387.40452373             7757
   2909.4261782722842        2.1202378398973668E-006   166445460.83998746             7758
   2909.8012251531441        2.1199237944875081E-006   166445534.25938562             7759
   2910.1762720340043        2.1197433120402351E-006   166445607.65811864             7760
   2910.5513189148642        2.1194299226422440E-006   166445681.04081360             7761
   2910.9263657957245        2.1192501001225716E-006   166445754.40287220             7762
   2911.3014126765847        2.1189373745351541E-006   166445827.74892053             7763
   2911.6764595574446        2.1187582198039826E-006   166445901.07436162             7764
   2912.0515064383048        2.1184461659505420E-006   166445974.38382044             7765
   2912.4265533191651        2.1182676869940918E-006   166446047.67270136             7766
   2912.8016002000250        2.1179563129239831E-006   166446120.94562829             7767
   2913.1766470808852        2.1177785178550545E-006   166446194.19800693             7768
   2913.5516939617455        2.1174678317448405E-006   166446267.43446004             7769
   2913.9267408426053        2.1172907288040705E-006   166446340.65039483             7770
   2914.3017877234656        2.1169807389587791E-006   166446413.85043287             7771
   2914.6768346043254        2.1168043365159043E-006   166446487.02998269             7772
   2915.0518814851857        2.1164950513702935E-006   166446560.19366488             7773
   2915.4269283660460        2.1163193579254070E-006   166446633.33688927             7774
   2915.8019752469054        2.1160107860452262E-006   166446706.46427533             7775
   2916.1770221277661        2.1158358102300489E-006   166446779.57123432             7776
   2916.5520690086264        2.1155279603132990E-006   166446852.66238463             7777
   2916.9271158894858        2.1153537108924336E-006   166446925.73313880             7778
   2917.3021627703465        2.1150465917706397E-006   166446998.78811422             7779
   2917.6772096512068        2.1148730776428395E-006   166447071.82272479             7780
   2918.0522565320662        2.1145666982823061E-006   166447144.84158677             7781
   2918.4273034129269        2.1143939284817454E-006   166447217.84011546             7782
   2918.8023502937867        2.1140882979848329E-006   166447290.82292604             7783
   2919.1773971746466        2.1139162816823709E-006   166447363.78543523             7784
   2919.5524440555073        2.1136114092887541E-006   166447436.73225707             7785
   2919.9274909363667        2.1134401557931977E-006   166447509.65880969             7786
   2920.3025378172269        2.1131360508811365E-006   166447582.56970602             7787
   2920.6775846980877        2.1129655696405139E-006   166447655.46036559             7788
   2921.0526315789471        2.1126622417281225E-006   166447728.33540028             7789
   2921.4276784598073        2.1124925423309488E-006   166447801.19023100             7790
   2921.8027253406676        2.1121900010774581E-006   166447874.02946851             7791
   2922.1777722215274        2.1120210932539990E-006   166447946.84853512             7792
   2922.5528191023877        2.1117193484610285E-006   166448019.65204057             7793
   2922.9278659832476        2.1115512420845709E-006   166448092.43540850             7794
   2923.3029128641078        2.1112503036973959E-006   166448165.20324761             7795
   2923.6779597449681        2.1110830087855148E-006   166448237.95098293             7796
   2924.0530066258279        2.1107828868943301E-006   166448310.68322209             7797
   2924.4280535066882        2.1106164136101520E-006   166448383.39539149             7798
   2924.8031003875485        2.1103171184513347E-006   166448456.09209773             7799
   2925.1781472684083        2.1101514771048027E-006   166448528.76876861             7800
   2925.5531941492686        2.1098530190621797E-006   166448601.43000966             7801
   2925.9282410301289        2.1096882201113212E-006   166448674.07125005             7802
   2926.3032879109887        2.1093906097174320E-006   166448746.69709423             7803
   2926.6783347918490        2.1092266637696179E-006   166448819.30297285             7804
   2927.0533816727088        2.1089299117069773E-006   166448891.89348927             7805
   2927.4284285535691        2.1087668295201789E-006   166448964.46407551             7806
   2927.8034754344294        2.1084709466225316E-006   166449037.01933390             7807
   2928.1785223152892        2.1083087391065845E-006   166449109.55469787             7808
   2928.5535691961495        2.1080137363601701E-006   166449182.07476872             7809
   2928.9286160770098        2.1078524145780311E-006   166449254.57498124             7810
   2929.3036629578696        2.1075583031228409E-006   166449327.05993572             7811
   2929.6787098387299        2.1073978782918410E-006   166449399.52506831             7812
   2930.0537567195902        2.1071046694228651E-006   166449471.97497830             7813
   2930.4288036004500        2.1069451529159645E-006   166449544.40510324             7814
   2930.8038504813103        2.1066528580844445E-006   166449616.82004136             7815
   2931.1788973621701        2.1064942614314865E-006   166449689.21523166             7816
   2931.5539442430304        2.1062028922461712E-006   166449761.59527126             7817
   2931.9289911238907        2.1060452271351171E-006   166449833.95560065             7818
   2932.3040380047505        2.1057547953635028E-006   166449906.30081588             7819
   2932.6790848856108        2.1055980736416892E-006   166449978.62635887             7820
   2933.0541317664706        2.1053085912112622E-006   166450050.93682462             7821
   2933.4291786473309        2.1051528248866378E-006   166450123.22765645             7822
   2933.8042255281912        2.1048643038861173E-006   166450195.50344837             7823
   2934.1792724090510        2.1047095051284792E-006   166450267.75964510             7824
   2934.5543192899113        2.1044219578090487E-006   166450340.00083962             7825
   2934.9293661707716        2.1042681389512753E-006   166450412.22247809             7826
   2935.3044130516314        2.1039815777278242E-006   166450484.42915249             7827
   2935.6794599324917        2.1038287512671104E-006   166450556.61631033             7828
   2936.0545068133520        2.1035431887194493E-006   166450628.78854257             7829
   2936.4295536942118        2.1033913673185367E-006   166450700.94129825             7830
   2936.8046005750721        2.1031068161926284E-006   166450773.07916725             7831
   2937.1796474559319        2.1029560126810150E-006   166450845.19759998             7832
   2937.5546943367922        2.1026724858902018E-006   166450917.30118534             7833
   2937.9297412176525        2.1025227132653673E-006   166450989.38537523             7834
   2938.3047880985118        2.1022402238915766E-006   166451061.45475754             7835
   2938.6798349793726        2.1020914953201953E-006   166451133.50478554             7836
   2939.0548818602329        2.1018100566151526E-006   166451205.54004613             7837
   2939.4299287410922        2.1016623854343021E-006   166451277.55599397             7838
   2939.8049756219530        2.1013820108207386E-006   166451349.55721503             7839
   2940.1800225028128        2.1012354105391032E-006   166451421.53916544             7840
   2940.5550693836726        2.1009561136119574E-006   166451493.50643003             7841
   2940.9301162645334        2.1008105979110251E-006   166451565.45446649             7842
   2941.3051631453932        2.1005323924386337E-006   166451637.38785860             7843
   2941.6802100262530        2.1003879751738890E-006   166451709.30206546             7844
   2942.0552569071137        2.1001108750991780E-006   166451781.20166996             7845
   2942.4303037879731        2.0999675703012880E-006   166451853.08213255             7846
   2942.8053506688334        2.0996915897429587E-006   166451924.94803512             7847
   2943.1803975496941        2.0995494116189521E-006   166451996.79483965             7848
   2943.5554444305535        2.0992745648726612E-006   166452068.62712699             7849
   2943.9304913114138        2.0991335278071077E-006   166452140.44036058             7850
   2944.3055381922741        2.0988598293466311E-006   166452212.23912024             7851
   2944.6805850731339        2.0987199479028083E-006   166452284.01887092             7852
   2945.0556319539946        2.0984474123812154E-006   166452355.78419146             7853
   2945.4306788348540        2.0983087013022688E-006   166452427.53054819             7854
   2945.8057257157143        2.0980373435530707E-006   166452499.26251900             7855
   2946.1807725965750        2.0978998177631694E-006   166452570.97557175             7856
   2946.5558194774344        2.0976296528014779E-006   166452642.67428330             7857
   2946.9308663582947        2.0974933274069594E-006   166452714.35412291             7858
   2947.3059132391554        2.0972243704306304E-006   166452786.01966655             7859
   2947.6809601200148        2.0970892607211476E-006   166452857.66638494             7860
   2948.0560070008751        2.0968215271119149E-006   166452929.29885301             7861
   2948.4310538817354        2.0966876485615687E-006   166453000.91254297             7862
   2948.8061007625952        2.0964211538861760E-006   166453072.51202884             7863
   2949.1811476434555        2.0962885221546341E-006   166453144.09278426             7864
   2949.5561945243153        2.0960232821659595E-006   166453215.65938225             7865
   2949.9312414051756        2.0958919130995830E-006   166453287.20729798             7866
   2950.3062882860359        2.0956279437377468E-006   166453358.74110347             7867
   2950.6813351668957        2.0954978533706932E-006   166453430.25627536             7868
   2951.0563820477560        2.0952351707641687E-006   166453501.75738472             7869
   2951.4314289286162        2.0951063753194966E-006   166453573.23990965             7870
   2951.8064758094761        2.0948449957862038E-006   166453644.70842028             7871
   2952.1815226903364        2.0947175116769675E-006   166453716.15839624             7872
   2952.5565695711962        2.0944574517253659E-006   166453787.59440663             7873
   2952.9316164520565        2.0943312955556953E-006   166453859.01193258             7874
   2953.3066633329167        2.0940725718858589E-006   166453930.41554224             7875
   2953.6817102137766        2.0939477604520450E-006   166454001.80071825             7876
   2954.0567570946369        2.0936903899567404E-006   166454073.17202783             7877
   2954.4318039754971        2.0935669402482862E-006   166454144.52495503             7878
   2954.8068508563570        2.0933109400140292E-006   166454215.86406618             7879
   2955.1818977372172        2.0931888692147236E-006   166454287.18484679             7880
   2955.5569446180771        2.0929342565228316E-006   166454358.49186227             7881
   2955.9319914989374        2.0928135820117869E-006   166454429.78059962             7882
   2956.3070383797976        2.0925603743394257E-006   166454501.05562332             7883
   2956.6820852606575        2.0924411136921187E-006   166454572.31242192             7884
   2957.0571321415177        2.0921893287133363E-006   166454643.55555883             7885
   2957.4321790223780        2.0920714997026345E-006   166454714.78052416             7886
   2957.8072259032378        2.0918211552893789E-006   166454785.99188045             7887
   2958.1822727840981        2.0917047758865638E-006   166454857.18511924             7888
   2958.5573196649580        2.0914558901096976E-006   166454928.36480215             7889
   2958.9323665458182        2.0913409784854672E-006   166454999.52642229             7890
   2959.3074134266785        2.0910935696157748E-006   166455070.67454028             7891
   2959.6824603075383        2.0909801441412469E-006   166455141.80465075             7892
   2960.0575071883986        2.0907342306504265E-006   166455212.92131346             7893
   2960.4325540692589        2.0906223098981178E-006   166455284.02002445             7894
   2960.8076009501187        2.0903779104597556E-006   166455355.10534263             7895
   2961.1826478309790        2.0902675132045673E-006   166455426.17276555             7896
   2961.5576947118393        2.0900246466951143E-006   166455497.22685114             7897
   2961.9327415926991        2.0899157919152872E-006   166455568.26309854             7898
   2962.3077884735594        2.0896744774150183E-006   166455639.28606477             7899
   2962.6828353544192        2.0895671842930931E-006   166455710.29125047             7900
   2963.0578822352795        2.0893274410870576E-006   166455781.28321171             7901
   2963.4329291161398        2.0892217290108194E-006   166455852.25745070             7902
   2963.8079759969992        2.0889835765897674E-006   166455923.21852261             7903
   2964.1830228778599        2.0888794651531727E-006   166455994.16193119             7904
   2964.5580697587202        2.0886429232144931E-006   166456065.09223062             7905
   2964.9331166395796        2.0885404322185876E-006   166456136.00492623             7906
   2965.3081635204403        2.0883055206672143E-006   166456206.90457135             7907
   2965.6832104013006        2.0882046701210393E-006   166456277.78667277             7908
   2966.0582572821600        2.0879714090703521E-006   166456348.65578297             7909
   2966.4333041630207        2.0878722191918467E-006   166456419.50741023             7910
   2966.8083510438805        2.0876406289645593E-006   166456490.34610614             7911
   2967.1833979247403        2.0875431201814392E-006   166456561.16738063             7912
   2967.5584448056011        2.0873132213104828E-006   166456631.97578427             7913
   2967.9334916864605        2.0872174142611063E-006   166456702.76682854             7914
   2968.3085385673207        2.0869892274904864E-006   166456773.54506320             7915
   2968.6835854481815        2.0868951430247174E-006   166456844.30600122             7916
   2969.0586323290408        2.0866686893103682E-006   166456915.05419147             7917
   2969.4336792099011        2.0865763484904217E-006   166456985.78514850             7918
   2969.8087260907614        2.0863516490010464E-006   166457056.50342029             7919
   2970.1837729716212        2.0862610731023186E-006   166457127.20452294             7920
   2970.5588198524815        2.0860381492202114E-006   166457197.89300355             7921
   2970.9338667333418        2.0859493597320955E-006   166457268.56437978             7922
   2971.3089136142016        2.0857282330539560E-006   166457339.22319788             7923
   2971.6839604950619        2.0856412516806522E-006   166457409.86497700             7924
   2972.0590073759217        2.0854219440183789E-006   166457480.49426252             7925
   2972.4340542567820        2.0853367926796853E-006   166457551.10657525             7926
   2972.8091011376423        2.0851193260611670E-006   166457621.70645964             7927
   2973.1841480185021        2.0850360268932572E-006   166457692.28943804             7928
   2973.5591948993624        2.0848204235631448E-006   166457762.86005408             7929
   2973.9342417802227        2.0847389989193331E-006   166457833.41383168             7930
   2974.3092886610825        2.0845252813397977E-006   166457903.95531356             7931
   2974.6843355419428        2.0844457537912903E-006   166457974.48002523             7932
   2975.0593824228026        2.0842339446427614E-006   166458044.99250859             7933
   2975.4344293036629        2.0841563369793932E-006   166458115.48829070             7934
   2975.8094761845232        2.0839464591612888E-006   166458185.97191262             7935
   2976.1845230653830        2.0838707943922497E-006   166458256.43890294             7936
   2976.5595699462433        2.0836628710237035E-006   166458326.89380187             7937
   2976.9346168271036        2.0835891723782387E-006   166458397.33213967             7938
   2977.3096637079634        2.0833832267987865E-006   166458467.75845563             7939
   2977.6847105888237        2.0833115177268930E-006   166458538.16828156             7940
   2978.0597574696835        2.0831075734971692E-006   166458608.56615600             7941
   2978.4348043505438        2.0830378776702829E-006   166458678.94761232             7942
   2978.8098512314041        2.0828359585726845E-006   166458749.31718814             7943
   2979.1848981122639        2.0827682998843347E-006   166458819.67041850             7944
   2979.5599449931242        2.0825684299236847E-006   166458890.01184019             7945
   2979.9349918739845        2.0825028324901475E-006   166458960.33698982             7946
   2980.3100387548443        2.0823050358943390E-006   166459030.65040329             7947
   2980.6850856357046        2.0822415240552740E-006   166459100.94761887             7948
   2981.0601325165644        2.0820458252758899E-006   166459171.23317167             7949
   2981.4351793974247        2.0819844235949556E-006   166459241.50260150             7950
   2981.8102262782850        2.0817908473078830E-006   166459311.76044264             7951
   2982.1852731591448        2.0817315805733453E-006   166459382.00223649             7952
   2982.5603200400051        2.0815401516793754E-006   166459452.23251653             7953
   2982.9353669208654        2.0814830449046979E-006   166459522.44682577             7954
   2983.3104138017252        2.0812937885301056E-006   166459592.64969689             7955
   2983.6854606825855        2.0812388669545157E-006   166459662.83667448             7956
   2984.0605075634458        2.0810518084516235E-006   166459733.01229042             7957
   2984.4355544443056        2.0809990975406764E-006   166459803.17209092             7958
   2984.8106013251659        2.0808142624884105E-006   166459873.32060698             7959
   2985.1856482060257        2.0807637879345294E-006   166459943.45338652             7960
   2985.5606950868860        2.0805812021389480E-006   166460013.57495967             7961
   2985.9357419677463        2.0805329898619542E-006   166460083.68087599             7962
   2986.3107888486056        2.0803526793567656E-006   166460153.77566484             7963
   2986.6858357294664        2.0803067555043834E-006   166460223.85487732             7964
   2987.0608826103266        2.0801287465514567E-006   166460293.92304203             7965
   2987.4359294911860        2.0800851374998146E-006   166460363.97571170             7966
   2987.8109763720468        2.0799094565896575E-006   166460434.01741412             7967
   2988.1860232529066        2.0798681889437633E-006   166460504.04370371             7968
   2988.5610701337664        2.0796948627959966E-006   166460574.05910739             7969
   2988.9361170146271        2.0796559633901965E-006   166460644.05918118             7970
   2989.3111638954870        2.0794850189540118E-006   166460714.04845130             7971
   2989.6862107763468        2.0794485148524446E-006   166460784.02247542             7972
   2990.0612576572075        2.0792799793070359E-006   166460853.98577887             7973
   2990.4363045380669        2.0792458978040573E-006   166460923.93392098             7974
   2990.8113514189272        2.0790797985590493E-006   166460993.87142637             7975
   2991.1863982997879        2.0790481671796504E-006   166461063.79385597             7976
   2991.5614451806473        2.0788845318754984E-006   166461133.70573357             7977
   2991.9364920615076        2.0788553783756987E-006   166461203.60262179             7978
   2992.3115389423679        2.0786942348840815E-006   166461273.48904368             7979
   2992.6865858232277        2.0786675872513108E-006   166461343.36056349             7980
   2993.0616327040880        2.0785089636755029E-006   166461413.22170344             7981
   2993.4366795849478        2.0784848501289671E-006   166461483.06802946             7982
   2993.8117264658081        2.0783287748041926E-006   166461552.90406305             7983
   2994.1867733466684        2.0783072237952230E-006   166461622.72537172             7984
   2994.5618202275282        2.0781537252889992E-006   166461692.53647619             7985
   2994.9368671083885        2.0781347655013781E-006   166461762.33294573             7986
   2995.3119139892488        2.0779838726138323E-006   166461832.11930028             7987
   2995.6869608701086        2.0779675329641105E-006   166461901.89111069             7988
   2996.0620077509689        2.0778192747282930E-006   166461971.65289614             7989
   2996.4370546318291        2.0778055843660849E-006   166462041.40022922             7990
   2996.8121015126890        2.0776599900482474E-006   166462111.13762835             7991
   2997.1871483935493        2.0776489783565122E-006   166462180.86066771             7992
   2997.5621952744091        2.0775060774563898E-006   166462250.57386500             7993
   2997.9372421552694        2.0774977740516993E-006   166462320.27279615             7994
   2998.3122890361296        2.0773575963027602E-006   166462389.96197802             7995
   2998.6873359169895        2.0773520310355415E-006   166462459.63698822             7996
   2999.0623827978498        2.0772146064052270E-006   166462529.30234289             7997
   2999.4374296787096        2.0772118093599900E-006   166462598.95362130             7998
   2999.8124765595699        2.0770903500591944E-006   166462668.59533891             7999
   3000.1875234404297        2.0770903500591944E-006   166462738.22351849             8000
