  0.18752344043005376       0.38910670997510693        0.0000000000000000                1
  0.56257032129016127       0.38910670997510693        239.00729261289970                2
  0.93761720215026889       0.37993782601186038        1912.0583409031976                3
   1.3126640830103762       0.36896103663756485        6021.2334904791924                4
   1.6877109638704837       0.35788456278568576        13283.731575429209                5
   2.0627578447305916       0.34711633396274116        24212.495795210976                6
   2.4378047255906989       0.33677819490494371        39177.872503483544                7
   2.8128516064508062       0.32690232030261651        58447.895562504447                8
   3.1878984873109135       0.31748690422588277        82215.401154516396                9
   3.5629453681710213       0.30851602821081775        110616.75178387290               10
   3.9379922490311294       0.29996790143322777        143745.06399274128               11
   4.3130391298912363       0.29181863935063862        181659.74774852270               12
   4.6880860107513440       0.28404410304193251        224393.51737518955               13
   5.0631328916114517       0.27662081992670823        271957.63508166856               14
   5.4381797724715586       0.26952643460726555        324345.89761051373               15
   5.8132266533316663       0.26273991282410386        381537.71419146587               16
   6.1882735341917741       0.25624160695080028        443500.51826998376               17
   6.5633204150518809       0.25001324817823828        510191.68346773362               18
   6.9383672959119886       0.24403789542638724        581560.06653134094               19
   7.3134141767720964       0.23829986495693070        657547.26548921317               20
   7.6884610576322050       0.23278464807975552        738088.65870463732               21
   8.0635079384923127       0.22747882800316499        823114.27259467263               22
   8.4385548193524187       0.22236999562698401        912549.51496894564               23
   8.8136017002125264       0.21744667076672028        1006315.8007831357               24
   9.1886485810726342       0.21269822582545728        1104331.0921130197               25
   9.5636954619327419       0.20811481669006435        1206510.3677492295               26
   9.9387423427928496       0.20368731681467969        1312766.0359215001               27
   10.313789223652957       0.19940725862484446        1423008.2990956248               28
   10.688836104513063       0.19526677782108373        1537145.4796651902               29
   11.063882985373171       0.19125856449569201        1655084.3116750864               30
   11.438929866233279       0.18737581652652802        1776730.2046899290               31
   11.813976747093387       0.18361219911287438        1901987.4826128900               32
   12.189023627953494       0.17996180590984429        2030759.6019804489               33
   12.564070508813602       0.17641912564437054        2162949.3510536286               34
   12.939117389673708       0.17297900970194605        2298459.0332991425               35
   13.314164270533816       0.16963664460776084        2437190.6355956099               36
   13.689211151393923       0.16638752493547018        2579045.9842200479               37
   14.064258032254031       0.16322743061198930        2723926.8882662794               38
   14.439304913114139       0.16015240419521370        2871735.2732547629               39
   14.814351793974245       0.15715873213463089        3022373.3040882275               40
   15.189398674834353       0.15424292563059913        3175743.4999695155               41
   15.564445555694460       0.15140170513822215        3331748.8400557018               42
   15.939492436554570       0.14863198416453544        3490292.8624196849               43
   16.314539317414678       0.14593085643495823        3651279.7547874888               44
   16.689586198274785       0.14329558210492613        3814614.4396411367               45
   17.064633079134893       0.14072357711725367        3980202.6518974802               46
   17.439679959995001       0.13821240140329022        4147951.0118137668               47
   17.814726840855108       0.13575975004835894        4317767.0911036860               48
   18.189773721715216       0.13336344313744528        4489559.4750038898               49
   18.564820602575324       0.13102141841770784        4663237.8180684587               50
   18.939867483435428       0.12873172250819948        4838712.8965397058               51
   19.314914364295536       0.12649250480631555        5015896.6548798205               52
   19.689961245155644       0.12430200983296032        5194702.2494332939               53
   20.065008126015751       0.12215857217636908        5375044.0866203355               54
   20.440055006875859       0.12006060978591453        5556837.8587617744               55
   20.815101887735967       0.11800661978423180        5740000.5747571355               56
   21.190148768596075       0.11599517255652128        5924450.5888530621               57
   21.565195649456182       0.11402490829214208        6110107.6245490443               58
   21.940242530316290       0.11209453174343934        6296892.7970186081               59
   22.315289411176398       0.11020280938240626        6484728.6309206365               60
   22.690336292036505       0.10834856472505436        6673539.0771229211               61
   23.065383172896613       0.10653067600854700        6863249.5250419835               62
   23.440430053756717       0.10474807199497617        7053786.8142672833               63
   23.815476934616825       0.10299973009046773        7245079.2420043405               64
   24.190523815476933       0.10128467255675816        7437056.5701523032               65
   24.565570696337037        9.9601965006896290E-002   7629650.0283818608               66
   24.940617577197152        9.7950712964882225E-002   7822792.3171773804               67
   25.315664458057253        9.6330060683330221E-002   8016417.6070412099               68
   25.690711338917367        9.4739188001157409E-002   8210461.5379730854               69
   26.065758219777468        9.3177309437389166E-002   8404861.2152551711               70
   26.440805100637579        9.1643671304885016E-002   8599555.2058051843               71
   26.815851981497683        9.0137551041729463E-002   8794483.5309613328               72
   27.190898862357795        8.8658254545582765E-002   8989587.6601112932               73
   27.565945743217899        8.7205115710103864E-002   9184810.5008627605               74
   27.940992624078010        8.5777493949977454E-002   9380096.3903177660               75
   28.316039504938111        8.4374773914795573E-002   9575391.0829827264               76
   28.691086385798226        8.2996363179350871E-002   9770641.7400264926               77
   29.066133266658326        8.1641692111545580E-002   9965796.9152534883               78
   29.441180147518441        8.0310211706326726E-002   10160806.542654308               79
   29.816227028378542        7.9001393587648600E-002   10355621.920736732               80
   30.191273909238657        7.7714727967588604E-002   10550195.698649615               81
   30.566320790098757        7.6449723765286859E-002   10744481.859139275               82
   30.941367670958869        7.5205906675435058E-002   10938435.703500899               83
   31.316414551818983        7.3982819389550245E-002   11132013.833402032               84
   31.691461432679084        7.2780019760262521E-002   11325174.134890664               85
   32.066508313539195        7.1597081112330249E-002   11517875.759303337               86
   32.441555194399299        7.0433590491037382E-002   11710079.106535666               87
   32.816602075259411        6.9289149052091548E-002   11901745.805229830               88
   33.191648956119515        6.8163370384036637E-002   12092838.695491346               89
   33.566695836979626        6.7055880967644352E-002   12283321.808529623               90
   33.941742717839730        6.5966318563602799E-002   12473160.348984372               91
   34.316789598699842        6.4894332733261909E-002   12662320.674173282               92
   34.691836479559946        6.3839583284011514E-002   12850770.276172586               93
   35.066883360420057        6.2801740844305912E-002   13038477.760807768               94
   35.441930241280161        6.1780485360130047E-002   13225412.829615422               95
   35.816977122140273        6.0775506718139242E-002   13411546.258696212               96
   36.192024003000377        5.9786503287454669E-002   13596849.880669186               97
   36.567070883860488        5.8813182585534807E-002   13781296.563490940               98
   36.942117764720585        5.7855259860264761E-002   13964860.192498971               99
   37.317164645580704        5.6912458793847438E-002   14147515.649287090              100
   37.692211526440801        5.5984510120773656E-002   14329238.793921089              101
   38.067258407300919        5.5071152365598522E-002   14510006.443947801              102
   38.442305288161016        5.4172130492916581E-002   14689796.356854385              103
   38.817352169021135        5.3287196675388282E-002   14868587.209276982              104
   39.192399049881232        5.2416108972309083E-002   15046358.579764048              105
   39.567445930741343        5.1558632124682632E-002   15223090.928240331              106
   39.942492811601447        5.0714536259375588E-002   15398765.579124924              107
   40.317539692461558        4.9883597708409735E-002   15573364.701097034              108
   40.692586573321663        4.9065597736043208E-002   15746871.290610779              109
   41.067633454181774        4.8260323379780722E-002   15919269.152000980              110
   41.442680335041878        4.7467566198026626E-002   16090542.881428979              111
   41.817727215901989        4.6687123130596371E-002   16260677.847359393              112
   42.192774096762093        4.5918795264853152E-002   16429660.174964309              113
   42.567820977622205        4.5162388713752090E-002   16597476.726995563              114
   42.942867858482309        4.4417713398604938E-002   16764115.088668630              115
   43.317914739342420        4.3684583942906079E-002   16929563.548949189              116
   43.692961620202524        4.2962818470073424E-002   17093811.085932799              117
   44.068008501062636        4.2252239511496453E-002   17256847.348559584              118
   44.443055381922740        4.1552672817780148E-002   17418662.642501038              119
   44.818102262782851        4.0863948279623745E-002   17579247.912312414              120
   45.193149143642948        4.0185898751251822E-002   17738594.727833983              121
   45.568196024503067        3.9518360982879835E-002   17896695.266786870              122
   45.943242905363164        3.8861174455155884E-002   18053542.301692735              123
   46.318289786223282        3.8214182322099860E-002   18209129.182915535              124
   46.693336667083379        3.7577230255501526E-002   18363449.826100532              125
   47.068383547943498        3.6950167397335615E-002   18516498.695661828              126
   47.443430428803595        3.6332845213170845E-002   18668270.792739052              127
   47.818477309663706        3.5725118453165089E-002   18818761.639128108              128
   48.193524190523810        3.5126844013636339E-002   18967967.265751794              129
   48.568571071383921        3.4537881905832776E-002   19115884.197029259              130
   48.943617952244033        3.3958094124902430E-002   19262509.439855020              131
   49.318664833104137        3.3387345625713327E-002   19407840.468400978              132
   49.693711713964248        3.2825503198534313E-002   19551875.213596813              133
   50.068758594824352        3.2272436451252821E-002   19694612.048357092              134
   50.443805475684456        3.1728016691147005E-002   19836049.777554825              135
   50.818852356544568        3.1192117912912279E-002   19976187.623665083              136
   51.193899237404679        3.0664615685965665E-002   20115025.217222560              137
   51.568946118264783        3.0145388147749409E-002   20252562.582872268              138
   51.943992999124887        2.9634314896062199E-002   20388800.130301170              139
   52.319039879984999        2.9131277987159518E-002   20523738.640685882              140
   52.694086760845110        2.8636160832655005E-002   20657379.258087866              141
   53.069133641705214        2.8148849201982629E-002   20789723.476287540              142
   53.444180522565311        2.7669230123454566E-002   20920773.130632155              143
   53.819227403425430        2.7197192890691804E-002   21050530.385245327              144
   54.194274284285541        2.6732627967463840E-002   21178997.725316435              145
   54.569321165145645        2.6275427997731051E-002   21306177.944674425              146
   54.944368046005742        2.5825486713926323E-002   21432074.138507336              147
   55.319414926865861        2.5382699950285706E-002   21556689.691289112              148
   55.694461807725972        2.4946964554263880E-002   21680028.269917820              149
   56.069508688586069        2.4518179402859459E-002   21802093.811984137              150
   56.444555569446173        2.4096244316884168E-002   21922890.519316867              151
   56.819602450306284        2.3681061080016004E-002   22042422.846581835              152
   57.194649331166403        2.3272532355668212E-002   22160695.495223336              153
   57.569696212026500        2.2870562708527525E-002   22277713.402382240              154
   57.944743092886604        2.2475057523791690E-002   22393481.735222217              155
   58.319789973746715        2.2085924030972426E-002   22508005.880156025              156
   58.694836854606827        2.1703070225291179E-002   22621291.437545482              157
   59.069883735466931        2.1326405893546112E-002   22733344.211225051              158
   59.444930616327035        2.0955841537474436E-002   22844170.203564797              159
   59.819977497187146        2.0591289401501081E-002   22953775.605280697              160
   60.195024378047258        2.0232662397893161E-002   23062166.790849924              161
   60.570071258907362        1.9879875136223843E-002   23169350.308597580              162
   60.945118139767466        1.9532842850160298E-002   23275332.876453999              163
   61.320165020627577        1.9191482428491023E-002   23380121.372307759              164
   61.695211901487689        1.8855711343402685E-002   23483722.830095023              165
   62.070258782347793        1.8525448682932766E-002   23586144.430408981              166
   62.445305663207904        1.8200614080603150E-002   23687393.496911503              167
   62.820352544068015        1.7881128749172363E-002   23787477.487189461              168
   63.195399424928119        1.7566914411505669E-002   23886403.989479229              169
   63.570446305788224        1.7257894335511701E-002   23984180.713760667              170
   63.945493186648335        1.6953992266139601E-002   24080815.488785304              171
   64.320540067508446        1.6655133461395379E-002   24176316.253398985              172
   64.695586948368543        1.6361243625365889E-002   24270691.053864904              173
   65.070633829228655        1.6072249945219292E-002   24363948.035406265              174
   65.445680710088766        1.5788080025164734E-002   24456095.439815521              175
   65.820727590948877        1.5508662924349758E-002   24547141.597208690              176
   66.195774471808974        1.5233928091672354E-002   24637094.923912525              177
   66.570821352669086        1.4963806404495789E-002   24725963.914422356              178
   66.945868233529197        1.4698229104237050E-002   24813757.139559153              179
   67.320915114389308        1.4437128835826728E-002   24900483.238623057              180
   67.695961995249405        1.4180438584004527E-002   24986150.917812601              181
   68.071008876109516        1.3928092713457839E-002   25070768.942566331              182
   68.446055756969628        1.3680025905761348E-002   25154346.136236705              183
   68.821102637829739        1.3436174200134094E-002   25236891.372612447              184
   69.196149518689836        1.3196473930965263E-002   25318413.574839879              185
   69.571196399549933        1.2960862769134898E-002   25398921.708118953              186
   69.946243280410059        1.2729278660073442E-002   25478424.778864980              187
   70.321290161270170        1.2501660865595930E-002   25556931.827571474              188
   70.696337042130267        1.2277948902447393E-002   25634451.928205535              189
   71.071383922990364        1.2058083584604863E-002   25710994.181230836              190
   71.446430803850475        1.1842005962265202E-002   25786567.713230100              191
   71.821477684710601        1.1629658364573227E-002   25861181.670081817              192
   72.196524565570698        1.1420983339012382E-002   25934845.216803472              193
   72.571571446430795        1.1215924694521080E-002   26007567.530875757              194
   72.946618327290906        1.1014426441250121E-002   26079357.802300375              195
   73.321665208151018        1.0816433834032949E-002   26150225.227065749              196
   73.696712089011129        1.0621892312476910E-002   26220179.007413428              197
   74.071758969871226        1.0430748544756190E-002   26289228.345439408              198
   74.446805850731337        1.0242949368007088E-002   26357382.443563398              199
   74.821852731591449        1.0058442832415278E-002   26424650.498260070              200
   75.196899612451560        9.8771771418880352E-003   26491041.700725518              201
   75.571946493311657        9.6991016984100190E-003   26556565.230732977              202
   75.946993374171768        9.5241660429678972E-003   26621230.257491015              203
   76.322040255031879        9.3523209001514299E-003   26685045.933618322              204
   76.697087135891991        9.1835171193082096E-003   26748021.396188378              205
   77.072134016752088        9.0177067193687680E-003   26810165.760818068              206
   77.447180897612199        8.8548418302115215E-003   26871488.122893680              207
   77.822227778472310        8.6948757376927345E-003   26931997.551768269              208
   78.197274659332422        8.5377618252034798E-003   26991703.092163976              209
   78.572321540192519        8.3834546188871761E-003   27050613.758473210              210
   78.947368421052630        8.2319087293721942E-003   27108738.536332373              211
   79.322415301912741        8.0830798971614961E-003   27166086.377022073              212
   79.697462182772838        7.9369239345260297E-003   27222666.199207462              213
   80.072509063632950        7.7933977710524863E-003   27278486.883432835              214
   80.447555944493061        7.6524583956842310E-003   27333557.274023913              215
   80.822602825353172        7.5140639024146218E-003   27387886.173672214              216
   81.197649706213269        7.3781724324635690E-003   27441482.345494837              217
   81.572696587073381        7.2447432201050961E-003   27494354.507704075              218
   81.947743467933492        7.1137355349688959E-003   27546511.335820291              219
   82.322790348793603        6.9851097279920674E-003   27597961.457422439              220
   82.697837229653700        6.8588261738361904E-003   27648713.454509687              221
   83.072884110513812        6.7348463169541488E-003   27698775.858328618              222
   83.447930991373923        6.6131316141142867E-003   27748157.151879348              223
   83.822977872234034        6.4936445805744095E-003   27796865.764815290              224
   84.198024753094131        6.3763477327053765E-003   27844910.076089628              225
   84.573071633954243        6.2612046342652205E-003   27892298.408923563              226
   84.948118514814354        6.1481788391155789E-003   27939039.033589166              227
   85.323165395674465        6.0372349375896238E-003   27985140.162442103              228
   85.698212276534562        5.9283374992954432E-003   28030609.952836927              229
   86.073259157394673        5.8214521195722960E-003   28075456.502220411              230
   86.448306038254785        5.7165443623758052E-003   28119687.851175457              231
   86.823352919114896        5.6135808068177220E-003   28163311.978571214              232
   87.198399799974993        5.5125279901283844E-003   28206336.804731831              233
   87.573446680835104        5.4133534542758011E-003   28248770.186639693              234
   87.948493561695216        5.3160246890014973E-003   28290619.921225309              235
   88.323540442555327        5.2205101785152957E-003   28331893.740620058              236
   88.698587323415424        5.1267783446011144E-003   28372599.315563627              237
   89.073634204275535        5.0347985933843244E-003   28412744.250702679              238
   89.448681085135647        4.9445402585046759E-003   28452336.088112373              239
   89.823727965995744        4.8559736479535081E-003   28491382.302637465              240
   90.198774846855855        4.7690689873113468E-003   28529890.305524494              241
   90.573821727715966        4.6837974666527494E-003   28567867.439801943              242
   90.948868608576078        4.6001301838464936E-003   28605320.984019682              243
   91.323915489436175        4.5180391915261697E-003   28642258.147664916              244
   91.698962370296286        4.4374964404512674E-003   28678686.075005610              245
   92.074009251156397        4.3584748265419341E-003   28714611.840539005              246
   92.449056132016509        4.2809471342996168E-003   28750042.452935815              247
   92.824103012876606        4.2048870839047261E-003   28784984.850518119              248
   93.199149893736717        4.1302682746956493E-003   28819445.905301236              249
   93.574196774596828        4.0570652323284077E-003   28853432.418497939              250
   93.949243655456939        3.9852523523131768E-003   28886951.124654919              251
   94.324290536317037        3.9148049472351506E-003   28920008.687180333              252
   94.699337417177148        3.8456981903479230E-003   28952611.702571876              253
   95.074384298037259        3.7779081628550064E-003   28984766.695964739              254
   95.449431178897370        3.7114107975596655E-003   29016480.125448398              255
   95.824478059757467        3.6461829262067081E-003   29047758.377632089              256
   96.199524940617565        3.5822012231884305E-003   29078607.772047527              257
   96.574571821477690        3.5194432529465263E-003   29109034.556729112              258
   96.949618702337801        3.4578864137340092E-003   29139044.912699800              259
   97.324665583197898        3.3975089850771184E-003   29168644.949563358              260
   97.699712464057995        3.3382890715932278E-003   29197840.710070681              261
   98.074759344918121        3.2802056505127782E-003   29226638.165721495              262
   98.449806225778232        3.2232375155532840E-003   29255043.221408490              263
   98.824853106638329        3.1673643245014125E-003   29283061.711025894              264
   99.199899987498426        3.1125655431432303E-003   29310699.402188923              265
   99.574946868358552        3.0588214929066935E-003   29337961.991846718              266
   99.949993749218649        3.0061122948483814E-003   29364855.111074667              267
   100.32504063007876        2.9544189173566398E-003   29391384.320689257              268
   100.70008751093886        2.9037221201951157E-003   29417555.116110869              269
   101.07513439179897        2.8540035022669020E-003   29443372.922978275              270
   101.45018127265908        2.8052444457152192E-003   29468843.102079522              271
   101.82522815351919        2.7574271637489200E-003   29493970.944963787              272
   102.20027503437929        2.7105336448006892E-003   29518761.678938173              273
   102.57532191523941        2.6645467004143076E-003   29543220.462674677              274
   102.95036879609951        2.6194489094607948E-003   29567352.391270686              275
   103.32541567695962        2.5752236660878201E-003   29591162.491849005              276
   103.70046255781972        2.5318541239941843E-003   29614655.728679903              277
   104.07550943867984        2.4893242444418216E-003   29637836.998772133              278
   104.45055631953994        2.4476177405890445E-003   29660711.137054529              279
   104.82560320040005        2.4067191255655110E-003   29683282.911956005              280
   105.20065008126016        2.3666126568646596E-003   29705557.030644704              281
   105.57569696212028        2.3272833844820732E-003   29727538.134595122              282
   105.95074384298037        2.2887160953674636E-003   29749230.804882891              283
   106.32579072384047        2.2508963616268175E-003   29770639.557737134              284
   106.70083760470058        2.2138094850343518E-003   29791768.849889118              285
   107.07588448556071        2.1774415452987753E-003   29812623.074108016              286
   107.45093136642080        2.1417783446355579E-003   29833206.564601656              287
   107.82597824728090        2.1068064560976741E-003   29853523.592534028              288
   108.20102512814103        2.0725121682084961E-003   29873578.371476412              289
   108.57607200900114        2.0388825333573289E-003   29893375.052904971              290
   108.95111888986123        2.0059043124932255E-003   29912917.731700610              291
   109.32616577072133        1.9735650235855580E-003   29932210.441625137              292
   109.70121265158144        1.9418518863790336E-003   29951257.160868242              293
   110.07625953244157        1.9107528709195328E-003   29970061.807500724              294
   110.45130641330167        1.8802556423705274E-003   29988628.245067105              295
   110.82635329416176        1.8503486096043869E-003   30006960.278014440              296
   111.20140017502189        1.8210198700803453E-003   30025061.657329176              297
   111.57644705588199        1.7922582585014519E-003   30042936.075940128              298
   111.95149393674210        1.7640522917542040E-003   30060587.174398214              299
   112.32654081760219        1.7363912176312185E-003   30078018.536252286              300
   112.70158769846229        1.7092639598326354E-003   30095233.693770416              301
   113.07663457932242        1.6826601667545543E-003   30112236.123287361              302
   113.45168146018253        1.6565691565522372E-003   30129029.250966083              303
   113.82672834104262        1.6309809659943129E-003   30145616.448115699              304
   114.20177522190275        1.6058852955877505E-003   30162001.036992043              305
   114.57682210276285        1.5812725584978087E-003   30178186.286084924              306
   114.95186898362296        1.5571328257346984E-003   30194175.415956635              307
   115.32691586448306        1.5334568751391648E-003   30209971.594497439              308
   115.70196274534315        1.5102351366307529E-003   30225577.942800924              309
   116.07700962620328        1.4874587412588580E-003   30240997.530386698              310
   116.45205650706339        1.4651184665124264E-003   30256233.381111588              311
   116.82710338792349        1.4432057854362882E-003   30271288.468358561              312
   117.20215026878361        1.4217118120020550E-003   30286165.720982812              313
   117.57719714964371        1.4006283502895167E-003   30300868.018466007              314
   117.95224403050381        1.3799468399184600E-003   30315398.196896300              315
   118.32729091136392        1.3596594052948216E-003   30329759.044087101              316
   118.70233779222401        1.3397578011031333E-003   30343953.305590145              317
   119.07738467308414        1.3202344616170859E-003   30357983.679777957              318
   119.45243155394424        1.3010814462522280E-003   30371852.823889166              319
   119.82747843480435        1.2822914889405641E-003   30385563.349073920              320
   120.20252531566447        1.2638569437430909E-003   30399117.826470718              321
   120.57757219652457        1.2457708342880061E-003   30412518.782214019              322
   120.95261907738467        1.2280257994426267E-003   30425768.703541879              323
   121.32766595824478        1.2106151428147207E-003   30438870.033765145              324
   121.70271283910488        1.1935317784833247E-003   30451825.178405184              325
   122.07775971996500        1.1767692805626693E-003   30464636.500124089              326
   122.45280660082510        1.1603208289913583E-003   30477306.324891847              327
   122.82785348168520        1.1441802591583357E-003   30489836.936876971              328
   123.20290036254532        1.1283410077498341E-003   30502230.584642604              329
   123.57794724340543        1.1127971624367921E-003   30514489.475997023              330
   123.95299412426553        1.0975424077789525E-003   30526615.784218092              331
   124.32804100512563        1.0825710749730842E-003   30538611.642863214              332
   124.70308788598575        1.0678770878135863E-003   30550479.152021632              333
   125.07813476684586        1.0534550125008376E-003   30562220.373083375              334
   125.45318164770596        1.0392990036576129E-003   30573837.335018963              335
   125.82822852856609        1.0254038541968485E-003   30585332.029106963              336
   126.20327540942618        1.0117639413931578E-003   30596706.415240627              337
   126.57832229028629        9.9837427680927039E-004   30607962.416613724              338
   126.95336917114639        9.8522945242188013E-004   30619101.926053785              339
   127.32841605200649        9.7232469060600044E-004   30630126.800665814              340
   127.70346293286661        9.5965479031436137E-004   30641038.868191786              341
   128.07850981372673        9.4721517711887681E-004   30651839.921612024              342
   128.45355669458681        9.3500084944277779E-004   30662531.725530591              343
   128.82860357544695        9.2300742865836715E-004   30673116.010734044              344
   129.20365045630706        9.1123010537106058E-004   30683594.480602484              345
   129.57869733716714        8.9966468957257439E-004   30693968.805625480              346
   129.95374421802725        8.8830655697600780E-004   30704240.629838463              347
   130.32879109888736        8.7715169922359954E-004   30714411.565295678              348
   130.70383797974748        8.6619567027197502E-004   30724483.198531698              349
   131.07888486060759        8.5543463665356718E-004   30734457.084991209              350
   131.45393174146767        8.4486432391113703E-004   30744334.755515490              351
   131.82897862232781        8.3448106691194493E-004   30754117.710728854              352
   132.20402550318789        8.2428075633062588E-004   30763807.427549947              353
   132.57907238404800        8.1425988901518960E-004   30773405.353534773              354
   132.95411926490812        8.0441451451730716E-004   30782912.913412619              355
   133.32916614576820        7.9474128550920662E-004   30792331.503385585              356
   133.70421302662834        7.8523640436042343E-004   30801662.497689027              357
   134.07925990748845        7.7589667360463137E-004   30810907.242847551              358
   134.45430678834853        7.6671844256190412E-004   30820067.064259879              359
   134.82935366920867        7.5769865785450992E-004   30829143.260411236              360
   135.20440055006875        7.4883381007372269E-004   30838137.109482560              361
   135.57944743092887        7.4012098434360200E-004   30847049.863519337              362
   135.95449431178898        7.3155680703137051E-004   30855882.755065043              363
   136.32954119264906        7.2313849635820997E-004   30864636.991286419              364
   136.70458807350920        7.1486280915221368E-004   30873313.760631174              365
   137.07963495436928        7.0672709150520997E-004   30881914.226909675              366
   137.45468183522939        6.9872822556730412E-004   30890439.535976894              367
   137.82972871608953        6.9086368024873397E-004   30898890.809770584              368
   138.20477559694962        6.8313045805501525E-004   30907269.153017431              369
   138.57982247780973        6.7552614583283167E-004   30915575.647227827              370
   138.95486935866984        6.6804786164478467E-004   30923811.357426211              371
   139.32991623952992        6.6069330555833185E-004   30931977.326102491              372
   139.70496312039006        6.5345970655914399E-004   30940074.579966642              373
   140.08001000125014        6.4634487338209254E-004   30948104.123856861              374
   140.45505688211026        6.3934614146222881E-004   30956066.947518464              375
   140.83010376297037        6.3246142380681913E-004   30963964.019468844              376
   141.20515064383048        6.2568815798296276E-004   30971796.293800756              377
   141.58019752469059        6.1902435702968286E-004   30979564.704004221              378
   141.95524440555067        6.1246755648119186E-004   30987270.169794191              379
   142.33029128641078        6.0601586531806005E-004   30994913.590889581              380
   142.70533816727092        5.9966691302514421E-004   31002495.853865393              381
   143.08038504813101        5.9341890058085139E-004   31010017.825888988              382
   143.45543192899112        5.8726954754875934E-004   31017480.361596756              383
   143.83047880985123        5.8121714310399922E-004   31024884.296787798              384
   144.20552569071134        5.7525949315760292E-004   31032230.455325231              385
   144.58057257157145        5.6939497141903796E-004   31039519.642787427              386
   144.95561945243153        5.6362146655231993E-004   31046752.653394070              387
   145.33066633329167        5.5793743327374739E-004   31053930.263615098              388
   145.70571321415179        5.5234083953882931E-004   31061053.239121642              389
   146.08076009501187        5.4683021767426988E-004   31068122.328352850              390
   146.45580697587201        5.4140361159476960E-004   31075138.269491781              391
   146.83085385673209        5.3605962796833139E-004   31082101.783990335              392
   147.20590073759220        5.3079638346200243E-004   31089013.583570216              393
   147.58094761845231        5.2561255593957547E-004   31095874.363706138              394
   147.95599449931240        5.2050633173535762E-004   31102684.810651992              395
   148.33104138017254        5.1547645688335185E-004   31109445.594882529              396
   148.70608826103262        5.1052118441815273E-004   31116157.378144857              397
   149.08113514189273        5.0563932563470757E-004   31122820.806858771              398
   149.45618202275287        5.0082919741544299E-004   31129436.519193754              399
   149.83122890361295        4.9608967351972839E-004   31136005.138428129              400
   150.20627578447306        4.9141913193635344E-004   31142527.280051686              401
   150.58132266533318        4.8681650620182004E-004   31149003.545083933              402
   150.95636954619326        4.8228023277731161E-004   31155434.527202405              403
   151.33141642705340        4.7780930239495667E-004   31161820.806020230              404
   151.70646330791348        4.7340220745844359E-004   31168162.954240318              405
   152.08151018877359        4.6905799341641114E-004   31174461.530892406              406
   152.45655706963370        4.6477520618587817E-004   31180717.088513266              407
   152.83160395049381        4.6055294355193985E-004   31186930.166343462              408
   153.20665083135393        4.5638980261319370E-004   31193101.297533713              409
   153.58169771221401        4.5228493120692684E-004   31199231.002301570              410
   153.95674459307412        4.4823697537574824E-004   31205319.795164067              411
   154.33179147393426        4.4424513081746863E-004   31211368.178054541              412
   154.70683835479434        4.4030809037215620E-004   31217376.647581737              413
   155.08188523565445        4.3642509549593462E-004   31223345.688106962              414
   155.45693211651457        4.3259488376769109E-004   31229275.779029764              415
   155.83197899737468        4.2881674038604115E-004   31235167.387825668              416
   156.20702587823479        4.2508944569493600E-004   31241020.977358568              417
   156.58207275909487        4.2141232670304745E-004   31246836.998879243              418
   156.95711963995498        4.1778420462754953E-004   31252615.899364628              419
   157.33216652081509        4.1420444643519577E-004   31258358.114477299              420
   157.70721340167520        4.1067191240355856E-004   31264064.075931743              421
   158.08226028253532        4.0718600768309562E-004   31269734.204415075              422
   158.45730716339543        4.0374562987514385E-004   31275368.916980427              423
   158.83235404425554        4.0035022061429110E-004   31280968.619929094              424
   159.20740092511565        3.9699871316244281E-004   31286533.716231182              425
   159.58244780597573        3.9369058401082254E-004   31292064.598369382              426
   159.95749468683584        3.9042480048945402E-004   31297561.655787054              427
   160.33254156769596        3.8720087238813339E-004   31303025.267693799              428
   160.70758844855607        3.8401779958068379E-004   31308455.810541086              429
   161.08263532941618        3.8087512366425774E-004   31313853.650789902              430
   161.45768221027629        3.7777187559773977E-004   31319219.152413998              431
   161.83272909113640        3.7470762735876027E-004   31324552.669629820              432
   162.20777597199651        3.7168143959563329E-004   31329854.554427512              433
   162.58282285285659        3.6869291330147958E-004   31335125.149263334              434
   162.95786973371671        3.6574113747910774E-004   31340364.794618554              435
   163.33291661457682        3.6282574083166110E-004   31345573.821654499              436
   163.70796349543693        3.5994583943986725E-004   31350752.559799530              437
   164.08301037629704        3.5710108846863749E-004   31355901.329366893              438
   164.45805725715715        3.5429062985612786E-004   31361020.449169841              439
   164.83310413801726        3.5151414403574263E-004   31366110.229102563              440
   165.20815101887734        3.4877079763646066E-004   31371170.977783531              441
   165.58319789973746        3.4606029521970884E-004   31376202.995099667              442
   165.95824478059760        3.4338182699043173E-004   31381206.579878081              443
   166.33329166145768        3.4073512054831509E-004   31386182.022393625              444
   166.70833854231779        3.3811938860908990E-004   31391129.612069126              445
   167.08338542317790        3.3553438076960217E-004   31396049.629946552              446
   167.45843230403801        3.3297933123886312E-004   31400942.356415793              447
   167.83347918489812        3.3045401061647866E-004   31405808.063649647              448
   168.20852606575821        3.2795767363296623E-004   31410647.023361258              449
   168.58357294661832        3.2549011094107561E-004   31415459.499203086              450
   168.95861982747843        3.2305059686491352E-004   31420245.754553087              451
   169.33366670833854        3.2063894120370052E-004   31425006.044877850              452
   169.70871358919865        3.1825443698925622E-004   31429740.625547640              453
   170.08376047005876        3.1589691230175484E-004   31434449.744163834              454
   170.45880735091887        3.1356567803514173E-004   31439133.648402922              455
   170.83385423177899        3.1126057972446299E-004   31443792.578308437              456
   171.20890111263907        3.0898094531879616E-004   31448426.774163965              457
   171.58394799349918        3.0672663701974701E-004   31453036.468749765              458
   171.95899487435929        3.0449699906149328E-004   31457621.895244855              459
   172.33404175521940        3.0229190956005352E-004   31462183.279448461              460
   172.70908863607951        3.0011072830005739E-004   31466720.847711306              461
   173.08413551693963        2.9795334859440497E-004   31471234.819122013              462
   173.45918239779974        2.9581914507739363E-004   31475725.413467657              463
   173.83422927865982        2.9370802557439823E-004   31480192.843385320              464
   174.20927615951993        2.9161937890099631E-004   31484637.322351962              465
   174.58432304038004        2.8955312674231696E-004   31489059.056801245              466
   174.95936992124015        2.8750867145781796E-004   31493458.254142821              467
   175.33441680210026        2.8548594796996293E-004   31497835.114844587              468
   175.70946368296038        2.8348437157431718E-004   31502189.840481438              469
   176.08451056382049        2.8150388983722572E-004   31506522.625783078              470
   176.45955744468060        2.7954393041091063E-004   31510833.666712303              471
   176.83460432554068        2.7760445293983080E-004   31515123.152478553              472
   177.20965120640079        2.7568489688047489E-004   31519391.273645751              473
   177.58469808726090        2.7378523341610044E-004   31523638.214111723              474
   177.95974496812102        2.7190491328092561E-004   31527864.159245651              475
   178.33479184898113        2.7004391868295840E-004   31532069.287833501              476
   178.70983872984124        2.6820171113230037E-004   31536253.780245166              477
   179.08488561070135        2.6637828337178757E-004   31540417.810346004              478
   179.45993249156146        2.6457310720913484E-004   31544561.553693701              479
   179.83497937242154        2.6278618545511805E-004   31548685.179416098              480
   180.21002625328165        2.6101699975929682E-004   31552788.858437788              481
   180.58507313414177        2.5926556255548218E-004   31556872.755324345              482
   180.96012001500188        2.5753136490078567E-004   31560937.036538724              483
   181.33516689586199        2.5581442842812505E-004   31564981.862252004              484
   181.71021377672207        2.5411425318835906E-004   31569007.394629627              485
   182.08526065758221        2.5243086960959239E-004   31573013.789608784              486
   182.46030753844232        2.5076378634216883E-004   31577001.205214493              487
   182.83535441930240        2.4911304222454555E-004   31580969.793303777              488
   183.21040130016252        2.4747815413092339E-004   31584919.707911648              489
   183.58544818102263        2.4585916894347322E-004   31588851.096962113              490
   183.96049506188274        2.4425561140239223E-004   31592764.110644121              491
   184.33554194274285        2.4266753608427318E-004   31596658.893089555              492
   184.71058882360293        2.4109447525438266E-004   31600535.590779111              493
   185.08563570446307        2.3953649085097506E-004   31604394.344187405              494
   185.46068258532316        2.3799312233959861E-004   31608235.296218812              495
   185.83572946618327        2.3646443870316270E-004   31612058.583819795              496
   186.21077634704338        2.3494998629808414E-004   31615864.346444711              497
   186.58582322790349        2.3344984084992749E-004   31619652.717635483              498
   186.96087010876360        2.3196355531121456E-004   31623423.833517388              499
   187.33591698962371        2.3049121186245896E-004   31627177.824346151              500
   187.71096387048382        2.2903236977147264E-004   31630914.823033772              501
   188.08601075134393        2.2758711739962641E-004   31634634.956663121              502
   188.46105763220402        2.2615502006249072E-004   31638338.355043791              503
   188.83610451306413        2.2473617204116334E-004   31642025.142194331              504
   189.21115139392424        2.2333014444408865E-004   31645695.444928117              505
   189.58619827478435        2.2193703722330011E-004   31649349.384303324              506
   189.96124515564446        2.2055642703727060E-004   31652987.084238831              507
   190.33629203650455        2.1918841927192267E-004   31656608.662931986              508
   190.71133891736469        2.1783259590436979E-004   31660214.241504602              509
   191.08638579822480        2.1648906752855509E-004   31663803.935388599              510
   191.46143267908488        2.1515742121974872E-004   31667377.863002047              511
   191.83647955994499        2.1383777256468164E-004   31670936.137102827              512
   192.21152644080510        2.1252971352667070E-004   31674478.873494707              513
   192.58657332166521        2.1123336448012177E-004   31678006.182349090              514
   192.96162020252532        2.0994832207615918E-004   31681518.176941141              515
   193.33666708338541        2.0867471128137703E-004   31685014.964939717              516
   193.71171396424555        2.0741213324385646E-004   31688496.657173540              517
   194.08676084510566        2.0616071733604987E-004   31691963.358889367              518
   194.46180772596574        2.0492006902107524E-004   31695415.178548213              519
   194.83685460682585        2.0369032189962224E-004   31698852.219051871              520
   195.21190148768596        2.0247108557641883E-004   31702274.586569153              521
   195.58694836854608        2.0126249771105275E-004   31705682.381730843              522
   195.96199524940619        2.0006417188451139E-004   31709075.708485972              523
   196.33704213026630        1.9887624965381787E-004   31712454.665265258              524
   196.71208901112641        1.9769834841854746E-004   31715819.353867393              525
   197.08713589198649        1.9653061347918441E-004   31719169.870591078              526
   197.46218277284660        1.9537266590352256E-004   31722506.315151300              527
   197.83722965370671        1.9422465458865306E-004   31725828.781780045              528
   198.21227653456680        1.9308620412716176E-004   31729137.368172541              529
   198.58732341542691        1.9195746687266063E-004   31732432.166556723              530
   198.96237029628702        1.9083807080570066E-004   31735713.272669431              531
   199.33741717714716        1.8972817160276440E-004   31738980.776794717              532
   199.71246405800727        1.8862740050181538E-004   31742234.772769954              533
   200.08751093886735        1.8753591637467402E-004   31745475.348993067              534
   200.46255781972746        1.8645335359212753E-004   31748702.597458567              535
   200.83760470058758        1.8537987409961685E-004   31751916.604733720              536
   201.21265158144766        1.8431511528183459E-004   31755117.461024527              537
   201.58769846230777        1.8325924204165212E-004   31758305.251120895              538
   201.96274534316791        1.8221189466413896E-004   31761480.063492544              539
   202.33779222402802        1.8117324089866164E-004   31764641.981203247              540
   202.71283910488813        1.8014292382226155E-004   31767791.091036614              541
   203.08788598574822        1.7912111392485978E-004   31770927.474379525              542
   203.46293286660833        1.7810745697193422E-004   31774051.216377739              543
   203.83797974746844        1.7710212609276896E-004   31777162.396788571              544
   204.21302662832852        1.7610476964237292E-004   31780261.099166330              545
   204.58807350918863        1.7511556329271498E-004   31783347.401684295              546
   204.96312039004874        1.7413415789382976E-004   31786421.386349954              547
   205.33816727090888        1.7316073156798480E-004   31789483.129796352              548
   205.71321415176897        1.7219493756991935E-004   31792532.712527085              549
   206.08826103262908        1.7123695638389199E-004   31795570.209677126              550
   206.46330791348919        1.7028644358300335E-004   31798595.700287517              551
   206.83835479434927        1.6934358192907448E-004   31801609.258035723              552
   207.21340167520938        1.6840802923100574E-004   31804610.960540030              553
   207.58844855606952        1.6747997044743961E-004   31807600.880059462              554
   207.96349543692963        1.6655906554411117E-004   31810579.092827871              555
   208.33854231778975        1.6564550159924951E-004   31813545.669723473              556
   208.71358919864983        1.6473894065987868E-004   31816500.685632616              557
   209.08863607950994        1.6383957184991471E-004   31819444.210088972              558
   209.46368296037005        1.6294705922537654E-004   31822376.316666938              559
   209.83872984123013        1.6206159388513873E-004   31825297.073590614              560
   210.21377672209024        1.6118284182501478E-004   31828206.553156752              561
   210.58882360295036        1.6031099605112538E-004   31831104.822313566              562
   210.96387048381050        1.5944572443281970E-004   31833991.952113234              563
   211.33891736467061        1.5858722181862338E-004   31836868.008260593              564
   211.71396424553069        1.5773515788796097E-004   31839733.060595151              565
   212.08901112639080        1.5688972926965024E-004   31842587.173609719              566
   212.46405800725091        1.5605060739239479E-004   31845430.415961929              567
   212.83910488811100        1.5521799060579040E-004   31848262.850962821              568
   213.21415176897111        1.5439155202955697E-004   31851084.546117857              569
   213.58919864983125        1.5357149167702637E-004   31853895.563585550              570
   213.96424553069136        1.5275748430308429E-004   31856695.969747875              571
   214.33929241155147        1.5194973153010937E-004   31859485.825639021              572
   214.71433929241155        1.5114790969459862E-004   31862265.196545199              573
   215.08938617327166        1.5035222197552881E-004   31865034.142403539              574
   215.46443305413177        1.4956234623963907E-004   31867792.727431253              575
   215.83947993499186        1.4877848717218868E-004   31870541.010494765              576
   216.21452681585197        1.4800032412087174E-004   31873279.054768175              577
   216.58957369671208        1.4722806322894558E-004   31876006.918072656              578
   216.96462057757222        1.4646138527775430E-004   31878724.662564211              579
   217.33966745843230        1.4570049782220402E-004   31881432.345043410              580
   217.71471433929241        1.4494508303187272E-004   31884130.026672352              581
   218.08976122015252        1.4419534982880870E-004   31886817.763254821              582
   218.46480810101261        1.4345098172720755E-004   31889495.614982437              583
   218.83985498187272        1.4271218897351053E-004   31892163.636685252              584
   219.21490186273283        1.4197865638462898E-004   31894821.887607057              585
   219.58994874359297        1.4125059549032238E-004   31897470.421626482              586
   219.96499562445308        1.4052769236995097E-004   31900109.297061440              587
   220.34004250531316        1.3981015979711375E-004   31902738.566860758              588
   220.71508938617328        1.3909768507491168E-004   31905358.288437691              589
   221.09013626703339        1.3839048218282707E-004   31907968.513832197              590
   221.46518314789347        1.3768823961048088E-004   31910569.299573474              591
   221.84023002875358        1.3699117250673420E-004   31913160.696812872              592
   222.21527690961369        1.3629897051192452E-004   31915742.761215471              593
   222.59032379047378        1.3561184990917320E-004   31918315.543063685              594
   222.96537067133394        1.3492950145508454E-004   31920879.097177800              595
   223.34041755219403        1.3425214253324342E-004   31923433.472990345              596
   223.71546443305414        1.3357946498336311E-004   31925978.724495564              597
   224.09051131391425        1.3291168725695709E-004   31928514.900294580              598
   224.46555819477433        1.3224850224492296E-004   31931042.053573761              599
   224.84060507563444        1.3159012943537345E-004   31933560.232120782              600
   225.21565195649455        1.3093626273964342E-004   31936069.488331769              601
   225.59069883735469        1.3028712265226623E-004   31938569.869198322              602
   225.96574571821481        1.2964240407539249E-004   31941061.426343467              603
   226.34079259907489        1.2900232848089770E-004   31943544.205979608              604
   226.71583947993500        1.2836659173320121E-004   31946018.258973289              605
   227.09088636079511        1.2773541625349307E-004   31948483.630774137              606
   227.46593324165519        1.2710849884094234E-004   31950940.371508330              607
   227.84098012251530        1.2648606283903097E-004   31953388.525878649              608
   228.21602700337542        1.2586780595514102E-004   31955828.143286590              609
   228.59107388423556        1.2525395242898448E-004   31958259.267703556              610
   228.96612076509564        1.2464420085055977E-004   31960681.947821599              611
   229.34116764595575        1.2403877633066629E-004   31963096.226895779              612
   229.71621452681586        1.2343737831722071E-004   31965502.152923495              613
   230.09126140767594        1.2284023276784684E-004   31967899.768458102              614
   230.46630828853606        1.2224703996454252E-004   31970289.120816734              615
   230.84135516939617        1.2165802668833453E-004   31972670.251865234              616
   231.21640205025631        1.2107289403228837E-004   31975043.208254490              617
   231.59144893111642        1.2049186957821852E-004   31977408.031176645              618
   231.96649581197650        1.1991465520803338E-004   31979764.766629945              619
   232.34154269283661        1.1934147928249193E-004   31982113.455146298              620
   232.71658957369672        1.1877204445087672E-004   31984454.142084550              621
   233.09163645455681        1.1820657983178741E-004   31986786.867329452              622
   233.46668333541692        1.1764478882113589E-004   31989111.675613329              623
   233.84173021627703        1.1708690127496824E-004   31991428.606186528              624
   234.21677709713711        1.1653262131577475E-004   31993737.703167398              625
   234.59182397799728        1.1598217951733286E-004   31996039.005184270              626
   234.96687085885736        1.1543528070932636E-004   31998332.555753734              627
   235.34191773971747        1.1489215616420121E-004   32000618.392894194              628
   235.71696462057758        1.1435251140008761E-004   32002896.559532367              629
   236.09201150143767        1.1381657836966246E-004   32005167.093088485              630
   236.46705838229778        1.1328406326136850E-004   32007430.035910994              631
   236.84210526315789        1.1275519869027581E-004   32009685.424833402              632
   237.21715214401803        1.1222969149759342E-004   32011933.301637165              633
   237.59219902487811        1.1170777494352350E-004   32014173.702580258              634
   237.96724590573822        1.1118915650505992E-004   32016406.668888133              635
   238.34229278659834        1.1067407007082844E-004   32018632.236254103              636
   238.71733966745842        1.1016222373716846E-004   32020850.445358366              637
   239.09238654831853        1.0965385200495277E-004   32023061.331340175              638
   239.46743342917864        1.0914866357394782E-004   32025264.934344918              639
   239.84248031003875        1.0864689354160757E-004   32027461.288968146              640
   240.21752719089883        1.0814825119570773E-004   32029650.434830625              641
   240.59257407175897        1.0765297221510834E-004   32031832.405994296              642
   240.96762095261909        1.0716076646065801E-004   32034007.241565250              643
   241.34266783347920        1.0667187017791988E-004   32036174.975081660              644
   241.71771471433928        1.0618599378634190E-004   32038335.645144641              645
   242.09276159519939        1.0570337408394129E-004   32040489.284778200              646
   242.46780847605950        1.0522372203473744E-004   32042635.932087950              647
   242.84285535691959        1.0474727497538924E-004   32044775.619593099              648
   243.21790223777975        1.0427374440088784E-004   32046908.384912986              649
   243.59294911863984        1.0380336817314236E-004   32049034.260071170              650
   243.96799599949995        1.0333585830492874E-004   32051153.282209747              651
   244.34304288036006        1.0287145317041898E-004   32053265.482865557              652
   244.71808976122014        1.0240986528738406E-004   32055370.898712240              653
   245.09313664208025        1.0195133352966179E-004   32057469.560808647              654
   245.46818352294036        1.0149557090761101E-004   32059561.505368549              655
   245.84323040380045        1.0104281678251368E-004   32061646.762981325              656
   246.21827728466056        1.0059278464527794E-004   32063725.369409282              657
   246.59332416552070        1.0014571433277025E-004   32065797.354780633              658
   246.96837104638081        9.9701319804764647E-005   32067862.754414421              659
   247.34341792724092        9.9259841362201500E-005   32069921.597985823              660
   247.71846480810100        9.8820993422379832E-005   32071973.920378618              661
   248.09351168896112        9.8385016739139169E-005   32074019.750822898              662
   248.46855856982123        9.7951626176293174E-005   32076059.123775009              663
   248.84360545068137        9.7521062929730400E-005   32078092.068027705              664
   249.21865233154145        9.7093042299087532E-005   32080118.617617544              665
   249.59369921240156        9.6667805911764950E-005   32082138.800907526              666
   249.96874609326167        9.6245069492837670E-005   32084152.651521906              667
   250.34379297412175        9.5825075090983045E-005   32086160.197401341              668
   250.71883985498187        9.5407538846626678E-005   32088161.471765082              669
   251.09388673584198        9.4992703219779392E-005   32090156.502138700              670
   251.46893361670206        9.4580284756416288E-005   32092145.321343586              671
   251.84398049756217        9.4170526318219491E-005   32094127.956497304              672
   252.21902737842231        9.3763144847189029E-005   32096104.440030366              673
   252.59407425928242        9.3358383597288397E-005   32098074.798659265              674
   252.96912114014253        9.2955959897285024E-005   32100039.064430475              675
   253.34416802100262        9.2556117384296225E-005   32101997.263666201              676
   253.71921490186273        9.2158573764858075E-005   32103949.428035542              677
   254.09426178272284        9.1763573050367814E-005   32105895.583473042              678
   254.46930866358292        9.1370833316380636E-005   32107835.761276986              679
   254.84435554444309        9.0980598939945315E-005   32109769.987000741              680
   255.21940242530317        9.0592588357127845E-005   32111698.291578155              681
   255.59444930616328        9.0207046302237786E-005   32113620.700187769              682
   255.96949618702340        8.9823691563576598E-005   32115537.243405275              683
   256.34454306788348        8.9442769224552546E-005   32117447.946040578              684
   256.71958994874359        8.9063998417653306E-005   32119352.838317338              685
   257.09463682960370        8.8687624567446142E-005   32121251.944682926              686
   257.46968371046381        8.8313367142773627E-005   32123145.295014940              687
   257.84473059132387        8.7941471901636654E-005   32125032.913404174              688
   258.21977747218403        8.7571658641612759E-005   32126914.829388037              689
   258.59482435304415        8.7204173446618993E-005   32128791.066706572              690
   258.96987123390426        8.6838736435552240E-005   32130661.654562745              691
   259.34491811476437        8.6475594010929313E-005   32132526.616351549              692
   259.71996499562442        8.6114466605748189E-005   32134385.980947129              693
   260.09501187648453        8.5755600934004145E-005   32136239.771405011              694
   260.47005875734465        8.5398717735770039E-005   32138088.016276032              695
   260.84510563820481        8.5044064029586288E-005   32139930.738281727              696
   261.22015251906492        8.4691360855759830E-005   32141767.965655006              697
   261.59519939992498        8.4340855530625776E-005   32143599.720788773              698
   261.97024628078509        8.3992269388064202E-005   32145426.031603307              699
   262.34529316164520        8.3645850035630984E-005   32147246.920168117              700
   262.72034004250531        8.3301319094292690E-005   32149062.414096013              701
   263.09538692336542        8.2958924456423672E-005   32150872.535138272              702
   263.47043380422554        8.2618388023758768E-005   32152677.310605299              703
   263.84548068508559        8.2279957967254882E-005   32154476.761935167              704
   264.22052756594576        8.1943356463260464E-005   32156270.916140851              705
   264.59557444680587        8.1608831955239856E-005   32158059.794352148              706
   264.97062132766598        8.1276106888159184E-005   32159843.423289467              707
   265.34566820852609        8.0945429972071340E-005   32161621.823779188              708
   265.72071508938615        8.0616523914717859E-005   32163395.022253904              709
   266.09576197024626        8.0289637686972647E-005   32165163.039241303              710
   266.47080885110637        7.9964494253659534E-005   32166925.900890857              711
   266.84585573196654        7.9641342840852745E-005   32168683.627436213              712
   267.22090261282659        7.9319906664910038E-005   32170436.244748287              713
   267.59594949368670        7.9000435201627824E-005   32172183.772771239              714
   267.97099637454681        7.8682651913489530E-005   32173926.237101924              715
   268.34604325540693        7.8366806520673842E-005   32175663.657399479              716
   268.72109013626704        7.8052622726517844E-005   32177396.058991101              717
   269.09613701712715        7.7740350490376709E-005   32179123.461255282              718
   269.47118389798720        7.7429713751301464E-005   32180845.889253866              719
   269.84623077884737        7.7120962702747985E-005   32182563.362089001              720
   270.22127765970748        7.6813821514469744E-005   32184275.904561404              721
   270.59632454056759        7.6508540609074318E-005   32185983.535501085              722
   270.97137142142770        7.6204844382130410E-005   32187686.279451795              723
   271.34641830228776        7.5902983480570778E-005   32189384.154975530              724
   271.72146518314787        7.5602682521013257E-005   32191077.186363127              725
   272.09651206400798        7.5304192370008550E-005   32192765.391912628              726
   272.47155894486815        7.5007237860575022E-005   32194448.795665950              727
   272.84660582572826        7.4712070074289591E-005   32196127.415661145              728
   273.22165270658832        7.4418414056036614E-005   32197801.275695123              729
   273.59669958744843        7.4126521097940041E-005   32199470.393549845              730
   273.97174646830854        7.3836116452326341E-005   32201134.792781051              731
   274.34679334916865        7.3547451617496593E-005   32202794.490918435              732
   274.72184023002876        7.3260252048903247E-005   32204449.511280328              733
   275.09688711088887        7.2974769446760684E-005   32206099.871147897              734
   275.47193399174893        7.2690729465435793E-005   32207745.593605768              735
   275.84698087260909        7.2408384002895483E-005   32209386.695690267              736
   276.22202775346921        7.2127458908311345E-005   32211023.200255934              737
   276.59707463432932        7.1848206273342313E-005   32212655.124097861              738
   276.97212151518937        7.1570352137953461E-005   32214282.489844054              739
   277.34716839604948        7.1294148783532802E-005   32215905.314051926              740
   277.72221527690959        7.1019322436924090E-005   32217523.619126424              741
   278.09726215776971        7.0746125565375782E-005   32219137.421390761              742
   278.47230903862987        7.0474284578788855E-005   32220746.743030265              743
   278.84735591948993        7.0204052126496120E-005   32222351.600137349              744
   279.22240280035004        6.9935154797724945E-005   32223952.014681086              745
   279.59744968121015        6.9667845420205788E-005   32225548.002526440              746
   279.97249656207026        6.9401850758849960E-005   32227139.585429523              747
   280.34754344293037        6.9137423816186056E-005   32228726.779031139              748
   280.72259032379048        6.8874291529252892E-005   32230309.604877677              749
   281.09763720465054        6.8612707071862337E-005   32231888.078389022              750
   281.47268408551065        6.8352397549707752E-005   32233462.220905010              751
   281.84773096637082        6.8093616304451863E-005   32235032.047627766              752
   282.22277784723093        6.7836090607050839E-005   32236597.579693705              753
   282.59782472809104        6.7580073963666314E-005   32238158.832090303              754
   282.97287160895110        6.7325293807204650E-005   32239715.825753614              755
   283.34791848981121        6.7072003805052083E-005   32241268.575459532              756
   283.72296537067132        6.6819931548829704E-005   32242817.101946749              757
   284.09801225153143        6.6569330863950271E-005   32244361.419782571              758
   284.47305913239160        6.6319929497588950E-005   32245901.549511295              759
   284.84810601325165        6.6071981430060577E-005   32247437.505494591              760
   285.22315289411176        6.5825214561006793E-005   32248969.308085248              761
   285.59819977497187        6.5579883022592170E-005   32250496.971442197              762
   285.97324665583199        6.5335714863908110E-005   32252020.515729576              763
   286.34829353669210        6.5092964365986609E-005   32253539.954906415              764
   286.72334041755221        6.4851359724421183E-005   32255055.308950990              765
   287.09838729841226        6.4611155366197293E-005   32256566.591625232              766
   287.47343417927237        6.4372079630530088E-005   32258073.822724313              767
   287.84848106013254        6.4134387087510855E-005   32259577.015815798              768
   288.22352794099265        6.3897806217161717E-005   32261076.190514449              769
   288.59857482185271        6.3662591729896664E-005   32262571.360196177              770
   288.97362170271282        6.3428472243793837E-005   32264062.544297975              771
   289.34866858357293        6.3195702606869760E-005   32265549.756006740              772
   289.72371546443304        6.2964011572569931E-005   32267033.014584310              773
   290.09876234529321        6.2733654123854648E-005   32268512.333031174              774
   290.47380922615326        6.2504359146908485E-005   32269987.730436582              775
   290.84885610701338        6.2276381757036693E-005   32271459.219617158              776
   291.22390298787349        6.2049450970593498E-005   32272926.819492072              777
   291.59894986873360        6.1823822032688278E-005   32274390.542696610              778
   291.97399674959371        6.1599224087333207E-005   32275850.407982327              779
   292.34904363045382        6.1375912506957895E-005   32277306.427805644              780
   292.72409051131388        6.1153616560776462E-005   32278758.620752934              781
   293.09913739217399        6.0932591746110099E-005   32280206.999104165              782
   293.47418427303415        6.0712567454973599E-005   32281651.581282921              783
   293.84923115389427        6.0493799307204848E-005   32283092.379395116              784
   294.22427803475438        6.0276016815271184E-005   32284529.411703866              785
   294.59932491561443        6.0059475719204767E-005   32285962.690143380              786
   294.97437179647454        5.9843905649629444E-005   32287392.232818633              787
   295.34941867733465        5.9629562464500141E-005   32288818.051494412              788
   295.72446555819477        5.9416175910351493E-005   32290240.164119814              789
   296.09951243905488        5.9204001960840078E-005   32291658.582292486              790
   296.47455931991499        5.8992770476214778E-005   32293073.323807869              791
   296.84960620077510        5.8782737543661026E-005   32294484.400098696              792
   297.22465308163521        5.8573633134993343E-005   32295891.828808933              793
   297.59969996249532        5.8365713448800866E-005   32297295.621208597              794
   297.97474684335543        5.8158708566362066E-005   32298695.794792332              795
   298.34979372421554        5.7952874795590645E-005   32300092.360669576              796
   298.72484060507560        5.7747942325173141E-005   32301485.336187784              797
   299.09988748593571        5.7544167570313714E-005   32302874.732297942              798
   299.47493436679588        5.7341280825095436E-005   32304260.566202372              799
   299.84998124765599        5.7139538610022911E-005   32305642.848695692              800
   300.22502812851604        5.6938671322607648E-005   32307021.596837148              801
   300.60007500937616        5.6738935586707443E-005   32308396.821267035              802
   300.97512189023627        5.6540061901336607E-005   32309768.538903534              803
   301.35016877109638        5.6342306991800887E-005   32311136.760234620              804
   301.72521565195649        5.6145401456732656E-005   32312501.502039388              805
   302.10026253281660        5.5949602121021238E-005   32313862.774655491              806
   302.47530941367671        5.5754639681072945E-005   32315220.594724871              807
   302.85035629453682        5.5560771059535898E-005   32316574.972436797              808
   303.22540317539693        5.5367727048785461E-005   32317925.924297974              809
   303.60045005625705        5.5175764667442551E-005   32319273.460351218              810
   303.97549693711716        5.4984614802085219E-005   32320617.596969873              811
   304.35054381797721        5.4794534565559154E-005   32321958.344052169              812
   304.72559069883732        5.4605254936916002E-005   32323295.717839949              813
   305.10063757969743        5.4417033121515199E-005   32324629.728088722              814
   305.47568446055760        5.4229600189189329E-005   32325960.390910637              815
   305.85073134141771        5.4043213436136587E-005   32327287.715920303              816
   306.22577822227777        5.3857604021313858E-005   32328611.719101973              817
   306.60082510313788        5.3673029330118052E-005   32329932.409931153              818
   306.97587198399799        5.3489220609008237E-005   32331249.804265950              819
   307.35091886485810        5.3306435330974808E-005   32332563.911444530              820
   307.72596574571821        5.3124404828390721E-005   32333874.747200597              821
   308.10101262657832        5.2943386660268051E-005   32335182.320736714              822
   308.47605950743844        5.2763112243338731E-005   32336486.647663880              823
   308.85110638829855        5.2583839221097320E-005   32337787.737050768              824
   309.22615326915866        5.2405299093111969E-005   32339085.604387343              825
   309.60120015001877        5.2227749585852732E-005   32340380.258610066              826
   309.97624703087882        5.2050922280232855E-005   32341671.715089533              827
   310.35129391173894        5.1875074984221923E-005   32342959.982631639              828
   310.72634079259905        5.1699939358618161E-005   32344245.076489229              829
   311.10138767345921        5.1525773291445199E-005   32345527.005339272              830
   311.47643455431933        5.1352308521956191E-005   32346805.784318455              831
   311.85148143517938        5.1179803016813078E-005   32348081.421976417              832
   312.22652831603949        5.1007988592323212E-005   32349353.933335256              833
   312.60157519689960        5.0837123292400318E-005   32350623.326818876              834
   312.97662207775971        5.0666939009033939E-005   32351889.617336325              835
   313.35166895861983        5.0497693862031377E-005   32353152.813187316              836
   313.72671583947994        5.0329119817720509E-005   32354412.929169372              837
   314.10176272034005        5.0161475070471605E-005   32355669.973459553              838
   314.47680960120016        4.9994491659634415E-005   32356923.960745353              839
   314.85185648206027        4.9828427852838768E-005   32358174.899082676              840
   315.22690336292038        4.9663015761166490E-005   32359422.803050470              841
   315.60195024378049        4.9498513724230107E-005   32360667.680584956              842
   315.97699712464055        4.9334653923579849E-005   32361909.546157982              843
   316.35204400550066        4.9171694769559796E-005   32363148.407587562              844
   316.72709088636077        4.9009368512950601E-005   32364384.279239867              845
   317.10213776722094        4.8847933633601950E-005   32365617.168816131              846
   317.47718464808105        4.8687122450311911E-005   32366847.090578262              847
   317.85223152894110        4.8527193511234548E-005   32368074.052112129              848
   318.22727840980122        4.8367879201996579E-005   32369298.067576755              849
   318.60232529066133        4.8209438137879349E-005   32370519.144444037              850
   318.97737217152144        4.8051602770173365E-005   32371737.296771470              851
   319.35241905238155        4.7894631780133735E-005   32372952.531918362              852
   319.72746593324166        4.7738257683573097E-005   32374164.863842025              853
   320.10251281410177        4.7582739226589846E-005   32375374.299790513              854
   320.47755969496188        4.7427808988399923E-005   32376580.853622280              855
   320.85260657582199        4.7273725778836938E-005   32377784.532475460              856
   321.22765345668211        4.7120222239423488E-005   32378985.350110944              857
   321.60270033754216        4.6967557242642471E-005   32380183.313558254              858
   321.97774721840227        4.6815463491248289E-005   32381378.436482009              859
   322.35279409926238        4.6664199919308402E-005   32382570.725804403              860
   322.72784098012249        4.6513499289755509E-005   32383760.195095040              861
   323.10288786098266        4.6363620597198126E-005   32384946.851170056              862
   323.47793474184272        4.6214296663714429E-005   32386130.707505282              863
   323.85298162270283        4.6065786543430986E-005   32387311.770812053              864
   324.22802850356294        4.5917823116558732E-005   32388490.054473639              865
   324.60307538442305        4.5770665495739513E-005   32389665.565097813              866
   324.97812226528316        4.5624046618324437E-005   32390838.315976493              867
   325.35316914614327        4.5478225654487196E-005   32392008.313615091              868
   325.72821602700338        4.5332935597745774E-005   32393175.571215369              869
   326.10326290786350        4.5188435674841739E-005   32394340.095181573              870
   326.47830978872361        4.5044458934505691E-005   32395501.898626465              871
   326.85335666958372        4.4901264659101576E-005   32396660.987854317              872
   327.22840355044383        4.4758585951636909E-005   32397817.375890039              873
   327.60345043130388        4.4616682149171196E-005   32398971.068939075              874
   327.97849731216400        4.4475286408071152E-005   32400122.079939626              875
   328.35354419302411        4.4334658119182821E-005   32401270.414999463              876
   328.72859107388422        4.4194530491332358E-005   32402416.086971179              877
   329.10363795474433        4.4055162968260873E-005   32403559.101865999              878
   329.47868483560444        4.3916288810371476E-005   32404699.472452018              879
   329.85373171646455        4.3778167513426077E-005   32405837.204645015              880
   330.22877859732466        4.3640532388539208E-005   32406972.311129671              881
   330.60382547818477        4.3503642982636095E-005   32408104.797727410              882
   330.97887235904489        4.3367232656693797E-005   32409234.677040569              883
   331.35391923990500        4.3231561007959841E-005   32410361.954797301              884
   331.72896612076511        4.3096361446441234E-005   32411486.643518642              885
   332.10401300162522        4.2961893618882645E-005   32412608.748840537              886
   332.47905988248533        4.2827890983504331E-005   32413728.283203755              887
   332.85410676334544        4.2694613235738971E-005   32414845.252153084              888
   333.22915364420550        4.2561793881218862E-005   32415959.668050047              889
   333.60420052506561        4.2429692663270663E-005   32417071.536349300              890
   333.97924740592572        4.2298043134152805E-005   32418180.869334128              891
   334.35429428678583        4.2167105084307126E-005   32419287.672370072              892
   334.72934116764600        4.2036612111847099E-005   32420391.957663171              893
   335.10438804850605        4.1906824053565709E-005   32421493.730490852              894
   335.47943492936616        4.1777474552674856E-005   32422593.002982877              895
   335.85448181022628        4.1648823491568926E-005   32423689.780329555              896
   336.22952869108639        4.1520604557816151E-005   32424784.074585333              897
   336.60457557194650        4.1393077678676603E-005   32425875.890854366              898
   336.97962245280661        4.1265976585346572E-005   32426965.241116747              899
   337.35466933366672        4.1139561249230082E-005   32428052.130391434              900
   337.72971621452683        4.1013565444436758E-005   32429136.570585083              901
   338.10476309538694        4.0888249185806374E-005   32430218.566632416              902
   338.47980997624705        4.0763346289660557E-005   32431298.130367573              903
   338.85485685710717        4.0639116813579685E-005   32432375.266641960              904
   339.22990373796722        4.0515294615409265E-005   32433449.987218123              905
   339.60495061882733        4.0392139794788215E-005   32434522.296865065              906
   339.97999749968744        4.0269386250410430E-005   32435592.207274634              907
   340.35504438054755        4.0147294123303960E-005   32436659.723134331              908
   340.73009126140767        4.0025597352348247E-005   32437724.856066182              909
   341.10513814226778        3.9904556119303354E-005   32438787.610677104              910
   341.48018502312789        3.9783904402583797E-005   32439847.998520147              911
   341.85523190398800        3.9663902424036644E-005   32440906.024122521              912
   342.23027878484811        3.9544284200972814E-005   32441961.698969178              913
   342.60532566570822        3.9425309994693533E-005   32443015.027508471              914
   342.98037254656828        3.9306713860779265E-005   32444066.021158103              915
   343.35541942742844        3.9188756099363937E-005   32445114.684288435              916
   343.73046630828856        3.9071170803682313E-005   32446161.028250743              917
   344.10551318914867        3.8954218312091061E-005   32447205.057338238              918
   344.48056007000878        3.8837632754875142E-005   32448246.782836590              919
   344.85560695086883        3.8721674508015147E-005   32449286.208962709              920
   345.23065383172894        3.8606077738253344E-005   32450323.346937455              921
   345.60570071258906        3.8491102858606209E-005   32451358.200902253              922
   345.98074759344917        3.8376484071691158E-005   32452390.782013964              923
   346.35579447430928        3.8262481826983477E-005   32453421.094339319              924
   346.73084135516939        3.8148830362404095E-005   32454449.148971975              925
   347.10588823602950        3.8035790163320358E-005   32455474.949904773              926
   347.48093511688961        3.7923095502395532E-005   32456498.508168940              927
   347.85598199774972        3.7811006900332520E-005   32457519.827684216              928
   348.23102887860983        3.7699258663985880E-005   32458538.919420145              929
   348.60607575946995        3.7588111348847718E-005   32459555.787224155              930
   348.98112264033000        3.7477299295422715E-005   32460570.442004874              931
   349.35616952119017        3.7367083093455703E-005   32461582.887538172              932
   349.73121640205028        3.7257197116570150E-005   32462593.134672493              933
   350.10626328291039        3.7147901988236640E-005   32463601.187112916              934
   350.48131016377050        3.7038932114675599E-005   32464607.055648435              935
   350.85635704463056        3.6930548152565988E-005   32465610.743914079              936
   351.23140392549067        3.6822484540212668E-005   32466612.262640115              937
   351.60645080635078        3.6715001966994787E-005   32467611.615392253              938
   351.98149768721089        3.6607834902798505E-005   32468608.812842764              939
   352.35654456807100        3.6501244069203855E-005   32469603.858488753              940
   352.73159144893111        3.6394963967183953E-005   32470596.762945183              941
   353.10663832979122        3.6289255350029625E-005   32471587.529641289              942
   353.48168521065134        3.6183852749315425E-005   32472576.169135418              943
   353.85673209151145        3.6079016949561375E-005   32473562.684789628              944
   354.23177897237156        3.5974482512466537E-005   32474547.087106340              945
   354.60682585323161        3.5870510253307150E-005   32475529.379381139              946
   354.98187273409178        3.5766834763438423E-005   32476509.572061185              947
   355.35691961495189        3.5663716888428138E-005   32477487.668376274              948
   355.73196649581200        3.5560891248827430E-005   32478463.678718977              949
   356.10701337667211        3.5458618720039231E-005   32479437.606253978              950
   356.48206025753217        3.5356633951358522E-005   32480409.461319916              951
   356.85710713839228        3.5255197847574973E-005   32481379.247017041              952
   357.23215401925239        3.5154045086283274E-005   32482346.973630689              953
   357.60720090011250        3.5053436601219369E-005   32483312.644197337              954
   357.98224778097261        3.4953107097841326E-005   32484276.268949661              955
   358.35729466183273        3.4853317538398394E-005   32485237.850861020              956
   358.73234154269284        3.4753802655783483E-005   32486197.400112070              957
   359.10738842355295        3.4654823440333895E-005   32487154.919613674              958
   359.48243530441306        3.4556114651956094E-005   32488110.419495087              959
   359.85748218527317        3.4457937308657595E-005   32489063.902605329              960
   360.23252906613328        3.4360026196944580E-005   32490015.379022863              961
   360.60757594699334        3.4262642362084218E-005   32490964.851535473              962
   360.98262282785350        3.4165520616775705E-005   32491912.330171455              963
   361.35766970871362        3.4068922033142348E-005   32492857.817657977              964
   361.73271658957373        3.3972581449676804E-005   32493801.323973741              965
   362.10776347043384        3.3876759964962033E-005   32494742.851785928              966
   362.48281035129389        3.3781192442891450E-005   32495682.411024228              967
   362.85785723215400        3.3686140008117983E-005   32496620.004296433              968
   363.23290411301411        3.3591337549549927E-005   32497555.641483817              969
   363.60795099387423        3.3497046217527216E-005   32498489.325135358              970
   363.98299787473434        3.3403000925593720E-005   32499421.065084491              971
   364.35804475559445        3.3309462849400085E-005   32500350.863821976              972
   364.73309163645456        3.3216166926752906E-005   32501278.731133971              973
   365.10813851731467        3.3123374358243699E-005   32502204.669453587              974
   365.48318539817478        3.3030820105575430E-005   32503128.688520268              975
   365.85823227903489        3.2938765393916868E-005   32504050.790710054              976
   366.23327915989495        3.2846945208507306E-005   32504970.985716213              977
   366.60832604075506        3.2755620798735369E-005   32505889.275858287              978
   366.98337292161523        3.2664527173022593E-005   32506805.670783903              979
   367.35841980247534        3.2573925604626319E-005   32507720.172756664              980
   367.73346668333545        3.2483551124802351E-005   32508632.791379109              981
   368.10851356419550        3.2393665030331341E-005   32509543.528859429              982
   368.48356044505562        3.2304002374961380E-005   32510452.394755602              983
   368.85860732591573        3.2214824478657005E-005   32511359.391220968              984
   369.23365420677584        3.2125866417322397E-005   32512264.527769454              985
   369.60870108763595        3.2037389533772180E-005   32513167.806500081              986
   369.98374796849606        3.1949128925736056E-005   32514069.236883257              987
   370.35879484935617        3.1861345958550631E-005   32514968.820964199              988
   370.73384173021628        3.1773775751446217E-005   32515866.568170294              989
   371.10888861107640        3.1686679691958845E-005   32516762.480493497              990
   371.48393549193651        3.1599792920499815E-005   32517656.567318670              991
   371.85898237279662        3.1513376846487461E-005   32518548.830585018              992
   372.23402925365667        3.1427166631200018E-005   32519439.279635377              993
   372.60907613451684        3.1341423705626232E-005   32520327.916356709              994
   372.98412301537695        3.1255883251602348E-005   32521214.750050306              995
   373.35916989623706        3.1170806721380901E-005   32522099.782551389              996
   373.73421677709712        3.1085929317052502E-005   32522983.023120210              997
   374.10926365795723        3.1001512511831928E-005   32523864.473540727              998
   374.48431053881734        3.0917291527765472E-005   32524744.143032614              999
   374.85935741967745        3.0833527858733680E-005   32525622.033329088             1000
   375.23440430053756        3.0749956746444818E-005   32526498.153609704             1001
   375.60945118139767        3.0666839705153684E-005   32527372.505557403             1002
   375.98449806225779        3.0583911995941685E-005   32528245.098312110             1003
   376.35954494311790        3.0501435153151124E-005   32529115.933506954             1004
   376.73459182397801        3.0419144456952593E-005   32529985.020242684             1005
   377.10963870483812        3.0337301461493810E-005   32530852.360103104             1006
   377.48468558569823        3.0255641465755219E-005   32531717.962150231             1007
   377.85973246655828        3.0174426043412703E-005   32532581.827919010             1008
   378.23477934741840        3.0093390511981782E-005   32533443.966433167             1009
   378.60982622827856        3.0012796464393671E-005   32534304.379179254             1010
   378.98487310913868        2.9932379236428885E-005   32535163.075143147             1011
   379.35991998999879        2.9852400440005663E-005   32536020.055763461             1012
   379.73496687085884        2.9772595428903644E-005   32536875.329988658             1013
   380.11001375171895        2.9693225833764234E-005   32537728.899209853             1014
   380.48506063257906        2.9614027026104826E-005   32538580.772338532             1015
   380.86010751343917        2.9535260655030343E-005   32539430.950718753             1016
   381.23515439429929        2.9456662109538888E-005   32540279.443225451             1017
   381.61020127515940        2.9378493056943485E-005   32541126.251156073             1018
   381.98524815601951        2.9300488903469972E-005   32541971.383349404             1019
   382.36029503687962        2.9222911334388402E-005   32542814.841056719             1020
   382.73534191773973        2.9145495772903440E-005   32543656.633081079             1021
   383.11038879859984        2.9068503921994997E-005   32544496.760628000             1022
   383.48543567945995        2.8991671221601932E-005   32545335.232465230             1023
   383.86048256032001        2.8915259392170829E-005   32546172.049752947             1024
   384.23552944118012        2.8839003890133915E-005   32547007.221223991             1025
   384.61057632204029        2.8763166453165296E-005   32547840.747993622             1026
   384.98562320290040        2.8687482553953622E-005   32548672.638760172             1027
   385.36067008376045        2.8612213947165261E-005   32549502.894594390             1028
   385.73571696462056        2.8537096121512162E-005   32550331.524160486             1029
   386.11076384548068        2.8462390848421380E-005   32551158.528485116             1030
   386.48581072634079        2.8387833632398905E-005   32551983.916198757             1031
   386.86085760720090        2.8313686261404618E-005   32552807.688284364             1032
   387.23590448806101        2.8239684255512913E-005   32553629.853339065             1033
   387.61095136892106        2.8166089418992357E-005   32554450.412302528             1034
   387.98599824978123        2.8092637287263679E-005   32555269.373738900             1035
   388.36104513064134        2.8019589680683600E-005   32556086.738544937             1036
   388.73609201150146        2.7946682149800723E-005   32556902.515252203             1037
   389.11113889236157        2.7874176530842808E-005   32557716.704714932             1038
   389.48618577322162        2.7801808389271362E-005   32558529.315432455             1039
   389.86123265408173        2.7729839576971627E-005   32559340.348216873             1040
   390.23627953494184        2.7658005674106413E-005   32560149.811535653             1041
   390.61132641580201        2.7586568548008250E-005   32560957.706159148             1042
   390.98637329666212        2.7515263793333064E-005   32561764.040523317             1043
   391.36142017752218        2.7444353292653799E-005   32562568.815357123             1044
   391.73646705838229        2.7373572654914648E-005   32563372.039065380             1045
   392.11151393924240        2.7303183777725340E-005   32564173.712336041             1046
   392.48656082010257        2.7232922284116651E-005   32564973.843543127             1047
   392.86160770096262        2.7163050086534791E-005   32565772.433333941             1048
   393.23665458182279        2.7093302821898616E-005   32566569.490052056             1049
   393.61170146268279        2.7023942417293569E-005   32567365.014304481             1050
   393.98674834354301        2.6954704523331353E-005   32568159.014404695             1051
   394.36179522440301        2.6885851081542451E-005   32568951.490919773             1052
   394.73684210526318        2.6817117756039109E-005   32569742.452133417             1053
   395.11188898612323        2.6748766502605879E-005   32570531.898573134             1054
   395.48693586698340        2.6680532998666265E-005   32571319.838493198             1055
   395.86198274784340        2.6612679214070789E-005   32572106.272381872             1056
   396.23702962870362        2.6544940839368031E-005   32572891.208464336             1057
   396.61207650956362        2.6477579858289264E-005   32573674.647189967             1058
   396.98712339042379        2.6410331974324782E-005   32574456.596755169             1059
   397.36217027128384        2.6343459184904403E-005   32575237.057570774             1060
   397.73721715214401        2.6276697206279584E-005   32576016.037804730             1061
   398.11226403300418        2.6210308049399226E-005   32576793.537829667             1062
   398.48731091386423        2.6144027443098445E-005   32577569.565785393             1063
   398.86235779472440        2.6078117411668478E-005   32578344.122006658             1064
   399.23740467558440        2.6012313696353091E-005   32579117.214605458             1065
   399.61245155644463        2.5946878334612119E-005   32579888.843878992             1066
   399.98749843730462        2.5881547079925712E-005   32580659.017911740             1067
   400.36254531816485        2.5816581982751048E-005   32581427.736963686             1068
   400.73759219902485        2.5751718808635170E-005   32582195.009092115             1069
   401.11263907988501        2.5687219620864050E-005   32582960.834520098             1070
   401.48768596074501        2.5622820196884629E-005   32583725.221278019             1071
   401.86273284160524        2.5558782612645745E-005   32584488.169552371             1072
   402.23777972246523        2.5494842657329907E-005   32585249.687346939             1073
   402.61282660332546        2.5431262419385387E-005   32586009.774811935             1074
   402.98787348418546        2.5367777699568396E-005   32586768.439924851             1075
   403.36292036504562        2.5304650598665789E-005   32587525.682799939             1076
   403.73796724590574        2.5241616928848117E-005   32588281.511388682             1077
   404.11301412676585        2.5178938803082377E-005   32589035.925769672             1078
   404.48806100762602        2.5116352044796551E-005   32589788.933868676             1079
   404.86310788848607        2.5054118778981768E-005   32590540.535728931             1080
   405.23815476934624        2.4991974840168924E-005   32591290.739250772             1081
   405.61320165020624        2.4930182365219602E-005   32592039.544442382             1082
   405.98824853106646        2.4868477199615563E-005   32592786.959178943             1083
   406.36329541192646        2.4807121491937470E-005   32593532.983433887             1084
   406.73834229278663        2.4745851098468094E-005   32594277.625057522             1085
   407.11338917364668        2.4684928179358205E-005   32595020.883988809             1086
   407.48843605450685        2.4624088601544043E-005   32595762.768053468             1087
   407.86348293536685        2.4563594536599733E-005   32596503.277156286             1088
   408.23852981622707        2.4503181861969635E-005   32597242.419098657             1089
   408.61357669708707        2.4443112760506691E-005   32597980.193751473             1090
   408.98862357794724        2.4383123120020357E-005   32598716.608892083             1091
   409.36367045880729        2.4323475134499948E-005   32599451.664357774             1092
   409.73871733966746        2.4263904701979112E-005   32600185.367902096             1093
   410.11376422052763        2.4204674027443289E-005   32600917.719329022             1094
   410.48881110138768        2.4145519019011532E-005   32601648.726368576             1095
   410.86385798224785        2.4086701892527287E-005   32602378.388791677             1096
   411.23890486310785        2.4027958566058210E-005   32603106.714305080             1097
   411.61395174396807        2.3969551266169818E-005   32603833.702646941             1098
   411.98899862482807        2.3911215920743662E-005   32604559.361501001             1099
   412.36404550568824        2.3853214766933336E-005   32605283.690572910             1100
   412.73909238654829        2.3795283742301615E-005   32606006.697523661             1101
   413.11413926740846        2.3737685094458137E-005   32606728.382026657             1102
   413.48918614826846        2.3680154770516234E-005   32607448.751720399             1103
   413.86423302912868        2.3622955028411644E-005   32608167.806246307             1104
   414.23927990998868        2.3565821824679465E-005   32608885.553220633             1105
   414.61432679084885        2.3509017427453396E-005   32609601.992253084             1106
   414.98937367170890        2.3452277802563578E-005   32610317.130937900             1107
   415.36442055256907        2.3395865228215442E-005   32611030.968853343             1108
   415.73946743342924        2.3339515679409193E-005   32611743.513571888             1109
   416.11451431428929        2.3283491444297814E-005   32612454.764640585             1110
   416.48956119514946        2.3227528506928379E-005   32613164.729610391             1111
   416.86460807600946        2.3171889165278914E-005   32613873.407997414             1112
   417.23965495686969        2.3116309412322244E-005   32614580.807331320             1113
   417.61470183772968        2.3061051555740693E-005   32615286.927097522             1114
   417.98974871858985        2.3005851597313389E-005   32615991.774804626             1115
   418.36479559944991        2.2950971854308027E-005   32616695.349907599             1116
   418.73984248031007        2.2896148337192355E-005   32617397.659894232             1117
   419.11488936117007        2.2841643372702326E-005   32618098.704189289             1118
   419.48993624203030        2.2787192979878365E-005   32618798.490259953             1119
   419.86498312289029        2.2733059494809209E-005   32619497.017501034             1120
   420.24003000375046        2.2678978944993660E-005   32620194.293359354             1121
   420.61507688461052        2.2625213675759569E-005   32620890.317199994             1122
   420.99012376547068        2.2571499722951551E-005   32621585.096449625             1123
   421.36517064633080        2.2518099441024466E-005   32622278.630443860             1124
   421.74021752719091        2.2464748874057818E-005   32622970.926589441             1125
   422.11526440805108        2.2411710385523019E-005   32623661.984192725             1126
   422.49031128891107        2.2358720027625130E-005   32624351.810640752             1127
   422.86535816977130        2.2306040172743312E-005   32625040.405210860             1128
   423.24040505063130        2.2253406881100476E-005   32625727.775270600             1129
   423.61545193149146        2.2201082533876251E-005   32626413.920068517             1130
   423.99049881235152        2.2148803199205255E-005   32627098.846952897             1131
   424.36554569321169        2.2096831266961918E-005   32627782.555143721             1132
   424.74059257407168        2.2044902813087944E-005   32628465.051970199             1133
   425.11563945493191        2.1993280236048387E-005   32629146.336623982             1134
   425.49068633579191        2.1941699619488938E-005   32629826.416415423             1135
   425.86573321665207        2.1890423370362604E-005   32630505.290508054             1136
   426.24078009751213        2.1839187579917516E-005   32631182.966193587             1137
   426.61582697837230        2.1788254663493424E-005   32631859.442607656             1138
   426.99087385923229        2.1737360719840752E-005   32632534.727023523             1139
   427.36592074009252        2.1686768172586297E-005   32633208.818549145             1140
   427.74096762095269        2.1636213127884042E-005   32633881.724439539             1141
   428.11601450181274        2.1585958017549606E-005   32634553.443775207             1142
   428.49106138267291        2.1535738955043202E-005   32635223.983793106             1143
   428.86610826353291        2.1485818380272375E-005   32635893.343546499             1144
   429.24115514439313        2.1435932413907776E-005   32636561.530254494             1145
   429.61620202525313        2.1386343503853344E-005   32637228.542943314             1146
   429.99124890611330        2.1336787777895675E-005   32637894.388814412             1147
   430.36629578697335        2.1287527691840929E-005   32638559.066867176             1148
   430.74134266783352        2.1238299380498574E-005   32639222.584285609             1149
   431.11638954869352        2.1189365307484112E-005   32639884.940042462             1150
   431.49143642955374        2.1140461614538102E-005   32640546.141304478             1151
   431.86648331041374        2.1091850772993960E-005   32641206.187017981             1152
   432.24153019127391        2.1043268931432745E-005   32641865.084332634             1153
   432.61657707213396        2.0994978568815707E-005   32642522.832168546             1154
   432.99162395299413        2.0946715840475152E-005   32643179.437658474             1155
   433.36667083385424        2.0898743232911216E-005   32643834.899696521             1156
   433.74171771471435        2.0850796908119628E-005   32644489.225398727             1157
   434.11676459557452        2.0803139360051660E-005   32645142.413633365             1158
   434.49181147643452        2.0755506757279748E-005   32645794.471499965             1159
   434.86685835729475        2.0708161601119987E-005   32646445.397841159             1160
   435.24190523815474        2.0660840066635984E-005   32647095.199740130             1161
   435.61695211901491        2.0613804662423492E-005   32647743.876014087             1162
   435.99199899987497        2.0566791569953006E-005   32648391.433730036             1163
   436.36704588073513        2.0520063305015991E-005   32649037.871679939             1164
   436.74209276159513        2.0473356055406715E-005   32649683.196914818             1165
   437.11713964245536        2.0426932344029503E-005   32650327.408201579             1166
   437.49218652331535        2.0380528364920566E-005   32650970.512575425             1167
   437.86723340417552        2.0334406648015407E-005   32651612.508778397             1168
   438.24228028503558        2.0288303393511441E-005   32652253.403830048             1169
   438.61732716589574        2.0242481138294804E-005   32652893.196447745             1170
   438.99237404675586        2.0196676088644485E-005   32653531.893635564             1171
   439.36742092761597        2.0151150788317922E-005   32654169.494086377             1172
   439.74246780847614        2.0105641449597101E-005   32654806.004788946             1173
   440.11751468933613        2.0060410623032519E-005   32655441.424411833             1174
   440.49256157019636        2.0015194526831784E-005   32656075.759928670             1175
   440.86760845105636        1.9970255718261186E-005   32656709.009983875             1176
   441.24265533191652        1.9925330421377643E-005   32657341.181536101             1177
   441.61770221277658        1.9880681200087135E-005   32657972.273205813             1178
   441.99274909363675        1.9836044284220613E-005   32658602.291936859             1179
   442.36779597449674        1.9791682244248692E-005   32659231.236325923             1180
   442.74284285535697        1.9747331315702100E-005   32659859.113302197             1181
   443.11788973621697        1.9703254075542073E-005   32660485.921438757             1182
   443.49293661707713        1.9659186764925918E-005   32661111.667650305             1183
   443.86798349793719        1.9615391967232466E-005   32661736.350486487             1184
   444.24303037879736        1.9571605929173453E-005   32662359.976847678             1185
   444.61807725965735        1.9528091240473317E-005   32662982.545260258             1186
   444.99312414051758        1.9484584153327000E-005   32663604.062610421             1187
   445.36817102137775        1.9441347263733529E-005   32664224.527401451             1188
   445.74321790223775        1.9398116829300906E-005   32664843.946505528             1189
   446.11826478309797        1.9355155452232674E-005   32665462.318403013             1190
   446.49331166395797        1.9312199395480617E-005   32666079.649952210             1191
   446.86835854481814        1.9269511267383767E-005   32666695.939610723             1192
   447.24340542567819        1.9226827336169390E-005   32667311.194223143             1193
   447.61845230653836        1.9184410216243862E-005   32667925.412224468             1194
   447.99349918739836        1.9141996181042616E-005   32668538.600445725             1195
   448.36854606825858        1.9099847850972157E-005   32669150.757299483             1196
   448.74359294911858        1.9057701504609644E-005   32669761.889603347             1197
   449.11863982997875        1.9015819768295438E-005   32670371.995747607             1198
   449.49368671083880        1.8973938925682903E-005   32670981.082536604             1199
   449.86873359169897        1.8932321608980848E-005   32671589.148338512             1200
   450.24378047255897        1.8890704106854239E-005   32672196.199944537             1201
   450.61882735341919        1.8849349057315836E-005   32672802.235700909             1202
   450.99387423427930        1.8807992753978448E-005   32673407.262385838             1203
   451.36892111513936        1.8766897840595199E-005   32674011.278323751             1204
   451.74396799599958        1.8725800615663810E-005   32674614.290280029             1205
   452.11901487685958        1.8684963728615031E-005   32675216.296557441             1206
   452.49406175771981        1.8644123482769484E-005   32675817.303908665             1207
   452.86910863857980        1.8603542533173600E-005   32676417.310614992             1208
   453.24415551943997        1.8562957187909737E-005   32677016.323416527             1209
   453.61920240029997        1.8522630107578903E-005   32677614.340573214             1210
   453.99424928116019        1.8482297604964886E-005   32678211.368812732             1211
   454.36929616202019        1.8442222346162970E-005   32678807.406373840             1212
   454.74434304288042        1.8402140648598814E-005   32679402.459971920             1213
   455.11938992374041        1.8362315183802582E-005   32679996.527824692             1214
   455.49443680460058        1.8322482273783021E-005   32680589.616635382             1215
   455.86948368546064        1.8282904595446528E-005   32681181.724600811             1216
   456.24453056632080        1.8243318475327000E-005   32681772.858412180             1217
   456.61957744718092        1.8203986595649177E-005   32682363.016245559             1218
   456.99462432804103        1.8164645287414968E-005   32682952.204780266             1219
   457.36967120890120        1.8125557238110350E-005   32683540.422171760             1220
   457.74471808976119        1.8086458783148800E-005   32684127.675087593             1221
   458.11976497062142        1.8047612615221222E-005   32684713.961662762             1222
   458.49481185148142        1.8008755074097032E-005   32685299.288553182             1223
   458.86985873234158        1.7970148857616448E-005   32685883.653873533             1224
   459.24490561320164        1.7931530309849915E-005   32686467.064268228             1225
   459.61995249406181        1.7893162133732180E-005   32687049.517831758             1226
   459.99499937492180        1.7854780677580475E-005   32687631.021197159             1227
   460.37004625578203        1.7816648649369928E-005   32688211.572438873             1228
   460.74509313664203        1.7778502401611193E-005   32688791.178178687             1229
   461.12014001750219        1.7740604647266347E-005   32689369.836471137             1230
   461.49518689836225        1.7702691742986677E-005   32689947.553926878             1231
   461.87023377922242        1.7665026406668537E-005   32690524.328580674             1232
   462.24528066008241        1.7627344999051814E-005   32691100.167032164             1233
   462.62032754094264        1.7589910242915117E-005   32691675.067296483             1234
   462.99537442180281        1.7552458503035595E-005   32692249.035962380             1235
   463.37042130266281        1.7515252507022833E-005   32692822.071025491             1236
   463.74546818352303        1.7478028623640504E-005   32693394.179063793             1237
   464.12051506438303        1.7441049585278505E-005   32693965.358053546             1238
   464.49556194524320        1.7404051764637083E-005   32694535.614562087             1239
   464.87060882610325        1.7367297898836456E-005   32695104.946546428             1240
   465.24565570696342        1.7330524364464100E-005   32695673.360563375             1241
   465.62070258782342        1.7293993903321216E-005   32696240.854550831             1242
   465.99574946868364        1.7257442895833795E-005   32696807.435055181             1243
   466.37079634954364        1.7221134088435352E-005   32697373.099995352             1244
   466.74584323040381        1.7184803865342371E-005   32697937.855907422             1245
   467.12089011126386        1.7148714977572585E-005   32698501.700691462             1246
   467.49593699212403        1.7112603813085552E-005   32699064.640873358             1247
   467.87098387298403        1.7076733127435828E-005   32699626.674334459             1248
   468.24603075384425        1.7040839312279212E-005   32700187.807590570             1249
   468.62107763470436        1.7005185127660262E-005   32700748.038504440             1250
   468.99612451556442        1.6969506968884905E-005   32701307.373581901             1251
   469.37117139642464        1.6934067600441430E-005   32701865.810667224             1252
   469.74621827728464        1.6898603421240275E-005   32702423.356256384             1253
   470.12126515814481        1.6863377200167932E-005   32702980.008175295             1254
   470.49631203900486        1.6828125339694318E-005   32703535.772910189             1255
   470.87135891986503        1.6793110613059104E-005   32704090.648268729             1256
   471.24640580072503        1.6758069426247287E-005   32704644.640727516             1257
   471.62145268158525        1.6723264556807314E-005   32705197.748076100             1258
   471.99649956244525        1.6688432414195403E-005   32705749.976781551             1259
   472.37154644330542        1.6653835780224903E-005   32706301.324615404             1260
   472.74659332416547        1.6619211067779995E-005   32706851.798035312             1261
   473.12164020502564        1.6584821062895654E-005   32707401.394794941             1262
   473.49668708588564        1.6550402181841303E-005   32707950.121342599             1263
   473.87173396674586        1.6516217214830763E-005   32708497.975414202             1264
   474.24678084760586        1.6482002581476617E-005   32709044.963448837             1265
   474.62182772846603        1.6448021076129319E-005   32709591.083164766             1266
   474.99687460932626        1.6414009121702961E-005   32710136.340991966             1267
   475.37192149018625        1.6380229516643035E-005   32710680.734631162             1268
   475.74696837104642        1.6346418687124015E-005   32711224.270503312             1269
   476.12201525190648        1.6312839435645326E-005   32711766.946291719             1270
   476.49706213276664        1.6279228191601290E-005   32712308.768408436             1271
   476.87210901362664        1.6245847761504661E-005   32712849.734519448             1272
   477.24715589448687        1.6212434577929601E-005   32713389.851027995             1273
   477.62220277534686        1.6179251451362088E-005   32713929.115582868             1274
   477.99724965620709        1.6146034817516604E-005   32714467.534578588             1275
   478.37229653706709        1.6113047490812792E-005   32715005.105646852             1276
   478.74734341792725        1.6080025910066449E-005   32715541.835173562             1277
   479.12239029878725        1.6047232893591826E-005   32716077.720773447             1278
   479.49743717964748        1.6014404883267490E-005   32716612.768823877             1279
   479.87248406050747        1.5981804701263738E-005   32717146.976922717             1280
   480.24753094136770        1.5949168792483906E-005   32717680.351438899             1281
   480.62257782222787        1.5916759982916217E-005   32718212.889953535             1282
   480.99762470308787        1.5884314720451298E-005   32718744.598827220             1283
   481.37267158394809        1.5852095834857665E-005   32719275.475624405             1284
   481.74771846480809        1.5819839776976110E-005   32719805.526697449             1285
   482.12276534566826        1.5787809380318389E-005   32720334.749594249             1286
   482.49781222652831        1.5755741098638855E-005   32720863.150659017             1287
   482.87285910738848        1.5723897769155822E-005   32721390.727423206             1288
   483.24790598824848        1.5692015848501085E-005   32721917.486222968             1289
   483.62295286910870        1.5660358177563302E-005   32722443.424573414             1290
   483.99799974996870        1.5628661215816065E-005   32722968.548802722             1291
   484.37304663082887        1.5597187807782611E-005   32723492.856409773             1292
   484.74809351168892        1.5565674415743081E-005   32724016.353714868             1293
   485.12314039254909        1.5534383887820011E-005   32724539.038200743             1294
   485.49818727340909        1.5503052689065347E-005   32725060.916179910             1295
   485.87323415426931        1.5471943671166022E-005   32725581.985119067             1296
   486.24828103512937        1.5440793301911444E-005   32726102.251323037             1297
   486.62332791598948        1.5409864436518549E-005   32726621.712242570             1298
   486.99837479684970        1.5378893545480257E-005   32727140.374174867             1299
   487.37342167770970        1.5348143487509532E-005   32727658.234554853             1300
   487.74846855856987        1.5317350735769328E-005   32728175.299672194             1301
   488.12351543942992        1.5286778152435055E-005   32728691.566946071             1302
   488.49856232029009        1.5256162213306612E-005   32729207.042658713             1303
   488.87360920115009        1.5225765783988731E-005   32729721.724213660             1304
   489.24865608201031        1.5195325342885608E-005   32730235.617885772             1305
   489.62370296287031        1.5165103758998521E-005   32730748.721063044             1306
   489.99874984373048        1.5134837513303730E-005   32731261.040013067             1307
   490.37379672459053        1.5104789478166709E-005   32731772.572108377             1308
   490.74884360545070        1.5074696137103955E-005   32732283.323609374             1309
   491.12389048631070        1.5044820365813176E-005   32732793.291873246             1310
   491.49893736717092        1.5014898650319688E-005   32733302.483153269             1311
   491.87398424803092        1.4985193869621828E-005   32733810.894791365             1312
   492.24903112889109        1.4955442512222728E-005   32734318.533033792             1313
   492.62407800975132        1.4925907460390176E-005   32734825.395207293             1314
   492.99912489061131        1.4896325205074444E-005   32735331.487551175             1315
   493.37417177147148        1.4866958631782008E-005   32735836.807377115             1316
   493.74921865233154        1.4837544233879941E-005   32736341.360917535             1317
   494.12426553319170        1.4808344900083035E-005   32736845.145469122             1318
   494.49931241405170        1.4779097126145263E-005   32737348.167257518             1319
   494.87435929491193        1.4750063803959706E-005   32737850.423564509             1320
   495.24940617577192        1.4720981431637634E-005   32738351.920609016             1321
   495.62445305663209        1.4692112904220809E-005   32738852.655658025             1322
   495.99949993749215        1.4663194722148606E-005   32739352.634923823             1323
   496.37454681835231        1.4634489783582126E-005   32739851.855658662             1324
   496.74959369921231        1.4605734591260076E-005   32740350.324068278             1325
   497.12464058007254        1.4577192046433933E-005   32740848.037390295             1326
   497.49968746093253        1.4548598654113255E-005   32741345.001823958             1327
   497.87473434179270        1.4520217318611309E-005   32741841.214592353             1328
   498.24978122265293        1.4491784547180365E-005   32742336.681888312             1329
   498.62482810351293        1.4463563247167277E-005   32742831.400920458             1330
   498.99987498437309        1.4435289928039228E-005   32743325.377875295             1331
   499.37492186523315        1.4407227500148702E-005   32743818.609947074             1332
   499.74996874609332        1.4379112475150412E-005   32744311.103316031             1333
   500.12501562695331        1.4351207766374912E-005   32744802.855162129             1334
   500.50006250781354        1.4323249887637336E-005   32745293.871659413             1335
   500.87510938867354        1.4295501755219065E-005   32745784.149973650             1336
   501.25015626953370        1.4267699885068885E-005   32746273.696272772             1337
   501.62520315039376        1.4240107196392092E-005   32746762.507708419             1338
   502.00025003125393        1.4212460207244668E-005   32747250.590442471             1339
   502.37529691211392        1.4185021839729275E-005   32747737.941612542             1340
   502.75034379297415        1.4157528613982960E-005   32748224.567374527             1341
   503.12539067383415        1.4130243454979450E-005   32748710.464852087             1342
   503.50043755469432        1.4102902884911086E-005   32749195.640195221             1343
   503.87548443555443        1.4075769831596694E-005   32749680.090513706             1344
   504.25053131641454        1.4048580819258401E-005   32750163.821951706             1345
   504.62557819727476        1.4021598778534536E-005   32750646.831605207             1346
   505.00062507813476        1.3994560235651795E-005   32751129.125612605             1347
   505.37567195899493        1.3967728124042683E-005   32751610.701056171             1348
   505.75071883985498        1.3940838971913572E-005   32752091.564068597             1349
   506.12576572071515        1.3914155715466120E-005   32752571.711718529             1350
   506.50081260157515        1.3887414884861832E-005   32753051.150133025             1351
   506.87585948243537        1.3860879419046764E-005   32753529.876367167             1352
   507.25090636329537        1.3834285850113231E-005   32754007.896542449             1353
   507.62595324415554        1.3807897119727269E-005   32754485.207700484             1354
   508.00100012501559        1.3781449761888034E-005   32754961.815957259             1355
   508.37604700587576        1.3755206720957372E-005   32755437.718340985             1356
   508.75109388673576        1.3728904532817581E-005   32755912.920962218             1357
   509.12614076759598        1.3702806144502477E-005   32756387.420835841             1358
   509.50118764845598        1.3676648093754055E-005   32756861.224067044             1359
   509.87623452931615        1.3650693330254515E-005   32757334.327657461             1360
   510.25128141017638        1.3624678393582406E-005   32757806.737706970             1361
   510.62632829103637        1.3598866236045033E-005   32758278.451204039             1362
   511.00137517189654        1.3572993399034624E-005   32758749.474243298             1363
   511.37642205275660        1.3547322837460562E-005   32759219.803800125             1364
   511.75146893361676        1.3521591094506153E-005   32759689.445963960             1365
   512.12651581447676        1.3496061127660135E-005   32760158.397697158             1366
   512.50156269533693        1.3470469481874551E-005   32760626.665084045             1367
   512.87660957619698        1.3445079117194988E-005   32761094.245074023             1368
   513.25165645705715        1.3419626580320196E-005   32761561.143746361             1369
   513.62670333791721        1.3394374833830381E-005   32762027.358037584             1370
   514.00175021877737        1.3369060426149202E-005   32762492.894021966             1371
   514.37679709963743        1.3343946322369491E-005   32762957.748623226             1372
   514.75184398049760        1.3318769072618332E-005   32763421.927910697             1373
   515.12689086135754        1.3293791644479448E-005   32763885.428795375             1374
   515.50193774221782        1.3268750589762064E-005   32764348.257341705             1375
   515.87698462307787        1.3243908878519365E-005   32764810.410448030             1376
   516.25203150393793        1.3219003064221657E-005   32765271.894173976             1377
   516.62707838479821        1.3194296119370424E-005   32765732.705405284             1378
   517.00212526565815        1.3169524599076257E-005   32766192.850196835             1379
   517.37717214651843        1.3144951478267958E-005   32766652.325421844             1380
   517.75221902737837        1.3120313313675856E-005   32767111.137130488             1381
   518.12726590823854        1.3095873082635417E-005   32767569.282183528             1382
   518.50231278909860        1.3071367343476368E-005   32768026.766626496             1383
   518.87735966995876        1.3047059075920388E-005   32768483.587307777             1384
   519.25240655081882        1.3022684839876548E-005   32768939.750268314             1385
   519.62745343167899        1.2998507617432463E-005   32769395.252344176             1386
   520.00250031253904        1.2974263970056796E-005   32769850.099571768             1387
   520.37754719339921        1.2950216882183058E-005   32770304.288774915             1388
   520.75259407425926        1.2926102916819914E-005   32770757.825985555             1389
   521.12764095511943        1.2902185060727020E-005   32771210.708015326             1390
   521.50268783597949        1.2878199878433648E-005   32771662.940891750             1391
   521.87773471683965        1.2854410359006095E-005   32772114.521414343             1392
   522.25278159769982        1.2830553068475094E-005   32772565.455606267             1393
   522.62782847855976        1.2806890998194259E-005   32773015.740254991             1394
   523.00287535942005        1.2783160715676894E-005   32773465.381379362             1395
   523.37792224027999        1.2759625214544815E-005   32773914.375754870             1396
   523.75296912114015        1.2736021063775203E-005   32774362.729396109             1397
   524.12801600200021        1.2712611259239229E-005   32774810.439066641             1398
   524.50306288286038        1.2689132371359452E-005   32775257.510776851             1399
   524.87810976372043        1.2665847398237739E-005   32775703.941278473             1400
   525.25315664458060        1.2642492911723806E-005   32776149.736577719             1401
   525.62820352544065        1.2619331912131730E-005   32776594.893414535             1402
   526.00325040630082        1.2596100972720336E-005   32777039.417791042             1403
   526.37829728716088        1.2573063095997705E-005   32777483.306435451             1404
   526.75334416802104        1.2549954856613916E-005   32777926.565345850             1405
   527.12839104888099        1.2527039259253033E-005   32778369.191238768             1406
   527.50343792974127        1.2504052879938754E-005   32778811.190108303             1407
   527.87848481060144        1.2481258725513296E-005   32779252.558659393             1408
   528.25353169146138        1.2458393373356589E-005   32779693.302882180             1409
   528.62857857232166        1.2435719832451347E-005   32780133.419470061             1410
   529.00362545318160        1.2412974681516496E-005   32780572.914409284             1411
   529.37867233404177        1.2390420931657853E-005   32781011.784381770             1412
   529.75371921490182        1.2367795162916303E-005   32781450.035369925             1413
   530.12876609576199        1.2345360388503565E-005   32781887.664044250             1414
   530.50381297662204        1.2322853189765607E-005   32782324.676383350             1415
   530.87885985748221        1.2300536582003037E-005   32782761.069046371             1416
   531.25390673834227        1.2278147147850291E-005   32783196.848008174             1417
   531.62895361920243        1.2255947904680010E-005   32783632.009916607             1418
   532.00400050006249        1.2233675436398646E-005   32784066.560742825             1419
   532.37904738092266        1.2211592762434246E-005   32784500.497123443             1420
   532.75409426178260        1.2189436467949033E-005   32784933.825025968             1421
   533.12914114264288        1.2167469574409962E-005   32785366.541075826             1422
   533.50418802350293        1.2145428668218958E-005   32785798.651236929             1423
   533.87923490436299        1.2123576772865643E-005   32786230.152123582             1424
   534.25428178522327        1.2101650475975722E-005   32786661.049696136             1425
   534.62932866608321        1.2079912803045422E-005   32787091.340557836             1426
   535.00437554694338        1.2058100342908497E-005   32787521.030665524             1427
   535.37942242780343        1.2036476123051861E-005   32787950.116611436             1428
   535.75446930866360        1.2014776733501811E-005   32788378.604348950             1429
   536.12951618952366        1.1993265203720197E-005   32788806.490459353             1430
   536.50456307038382        1.1971678124910516E-005   32789233.780892607             1431
   536.87960995124388        1.1950278528494001E-005   32789660.472219106             1432
   537.25465683210405        1.1928803006836164E-005   32790086.570385437             1433
   537.62970371296410        1.1907514593302236E-005   32790512.071951166             1434
   538.00475059382427        1.1886149881404742E-005   32790936.982859541             1435
   538.37979747468421        1.1864971906437695E-005   32791361.299659353             1436
   538.75484435554449        1.1843717263045785E-005   32791785.028290566             1437
   539.12989123640455        1.1822648988436779E-005   32792208.165291246             1438
   539.50493811726460        1.1801503678372870E-005   32792630.716598123             1439
   539.87998499812488        1.1780544371960677E-005   32793052.678738575             1440
   540.25503187898482        1.1759507666065419E-005   32793474.057646152             1441
   540.63007875984499        1.1738656601677850E-005   32793894.849837616             1442
   541.00512564070505        1.1717727776751835E-005   32794315.061243359             1443
   541.38017252156521        1.1696984234147770E-005   32794734.688369587             1444
   541.75521940242527        1.1676162572893966E-005   32795153.737143572             1445
   542.13026628328544        1.1655525837706065E-005   32795572.204061013             1446
   542.50531316414549        1.1634810628672815E-005   32795990.095046122             1447
   542.88036004500566        1.1614279992350871E-005   32796407.406584140             1448
   543.25540692586571        1.1593670529875557E-005   32796824.144596249             1449
   543.63045380672588        1.1573245289630461E-005   32797240.305557288             1450
   544.00550068758582        1.1552740873783792E-005   32797655.895385455             1451
   544.38054756844610        1.1532420332532146E-005   32798070.910545245             1452
   544.75559444930605        1.1512020269063057E-005   32798485.356951915             1453
   545.13064133016633        1.1491803735372362E-005   32798899.231059652             1454
   545.50568821102650        1.1471507335653512E-005   32799312.538780808             1455
   545.88073509188644        1.1451394123688015E-005   32799725.276559331             1456
   546.25578197274672        1.1431200704661945E-005   32800137.450304717             1457
   546.63082885360666        1.1411190134129005E-005   32800549.056450702             1458
   547.00587573446683        1.1391099018254819E-005   32800960.100903969             1459
   547.38092261532688        1.1371190414351967E-005   32801370.580088116             1460
   547.75596949618705        1.1351200929552654E-005   32801780.499907032             1461
   548.13101637704710        1.1331393622915135E-005   32802189.856774226             1462
   548.50606325790727        1.1311505102525427E-005   32802598.656590845             1463
   548.88111013876733        1.1291798429174419E-005   32803006.895760354             1464
   549.25615701962749        1.1272010211889261E-005   32803414.580181196             1465
   549.63120390048755        1.1252403513180594E-005   32803821.706246834             1466
   550.00625078134772        1.1232714943004150E-005   32804228.279853050             1467
   550.38129766220766        1.1213207565577598E-005   32804634.297383364             1468
   550.75634454306794        1.1193617991772860E-005   32805039.764730934             1469
   551.13139142392799        1.1174209287501997E-005   32805444.678269375             1470
   551.50643830478805        1.1154718064540874E-005   32805849.043889258             1471
   551.88148518564833        1.1135407390483481E-005   32806252.857954349             1472
   552.25653206650827        1.1116013877997509E-005   32806656.126352668             1473
   552.63157894736844        1.1096800596346543E-005   32807058.845438179             1474
   553.00662582822849        1.1077504159078091E-005   32807461.021096393             1475
   553.38167270908866        1.1058387637113136E-005   32807862.649671517             1476
   553.75671958994872        1.1039187644867154E-005   32808263.737046588             1477
   554.13176647080888        1.1020167254906456E-005   32808664.279556111             1478
   554.50681335166894        1.1001063082502736E-005   32809064.283080667             1479
   554.88186023252911        1.0982138201855719E-005   32809463.743945107             1480
   555.25690711338916        1.0963129229081722E-005   32809862.668027613             1481
   555.63195399424933        1.0944299240002034E-005   32810261.051643427             1482
   556.00700087510927        1.0925384851566149E-005   32810658.900668360             1483
   556.38204775596955        1.0906649141205235E-005   32811056.211408082             1484
   556.75709463682949        1.0887828726690615E-005   32811452.989736080             1485
   557.13214151768966        1.0869186687051777E-005   32811849.231948495             1486
   557.50718839854994        1.0850459640870620E-005   32812244.943916515             1487
   557.88223527940988        1.0831910668763572E-005   32812640.121926814             1488
   558.25728216027005        1.0813276390111984E-005   32813034.771848317             1489
   558.63232904113011        1.0794819887107869E-005   32813428.889958262             1490
   559.00737592199027        1.0776277779921110E-005   32813822.482123353             1491
   559.38242280285033        1.0757913152308077E-005   32814215.544611439             1492
   559.75746968371050        1.0739462625216334E-005   32814608.083287023             1493
   560.13251656457055        1.0721189283955534E-005   32815000.094408631             1494
   560.50756344543072        1.0702829750240186E-005   32815391.583838593             1495
   560.88261032629077        1.0684647110922271E-005   32815782.547826141             1496
   561.25765720715094        1.0666377988472615E-005   32816172.992231492             1497
   561.63270408801088        1.0648285471274683E-005   32816562.913294606             1498
   562.00775096887116        1.0630106182545102E-005   32816952.316873614             1499
   562.38279784973111        1.0612103212188087E-005   32817341.199199270             1500
   562.75784473059127        1.0594013184155694E-005   32817729.566127647             1501
   563.13289161145156        1.0576099189862267E-005   32818117.413880337             1502
   563.50793849231150        1.0558097853985019E-005   32818504.748311371             1503
   563.88298537317166        1.0540272269437897E-005   32818891.565633230             1504
   564.25803225403172        1.0522359061613109E-005   32819277.871697947             1505
   564.63307913489189        1.0504621324913824E-005   32819663.662708927             1506
   565.00812601575194        1.0486795685437176E-005   32820048.944516238             1507
   565.38317289661211        1.0469145239065277E-005   32820433.713314239             1508
   565.75821977747216        1.0451406612590241E-005   32820817.974951081             1509
   566.13326665833233        1.0433842903362950E-005   32821201.725612123             1510
   566.50831353919239        1.0416190738860626E-005   32821584.971143615             1511
   566.88336042005255        1.0398713217892886E-005   32821967.707721964             1512
   567.25840730091249        1.0381146968612308E-005   32822349.941191550             1513
   567.63345418177278        1.0363755091277274E-005   32822731.667719867             1514
   568.00850106263272        1.0346274214706100E-005   32823112.893149462             1515
   568.38354794349289        1.0328967440596063E-005   32823493.613638952             1516
   568.75859482435305        1.0311571398421700E-005   32823873.835029084             1517
   569.13364170521311        1.0294349191309433E-005   32824253.553469643             1518
   569.50868858607339        1.0277037449380548E-005   32824632.774799593             1519
   569.88373546693333        1.0259899277180989E-005   32825011.495159939             1520
   570.25878234779350        1.0242671305469493E-005   32825389.720387895             1521
   570.63382922865355        1.0225616640201914E-005   32825767.446615711             1522
   571.00887610951372        1.0208471912765248E-005   32826144.679678895             1523
   571.38392299037378        1.0191500230515821E-005   32826521.415700991             1524
   571.75896987123394        1.0174438225459711E-005   32826897.660515796             1525
   572.13401675209400        1.0157549006344388E-005   32827273.410238203             1526
   572.50906363295417        1.0140569205785991E-005   32827648.670700353             1527
   572.88411051381422        1.0123761933913845E-005   32828023.438008502             1528
   573.25915739467439        1.0106863823945247E-005   32828397.717993166             1529
   573.63420427553433        1.0090137987382200E-005   32828771.506752007             1530
   574.00925115639461        1.0073321058034313E-005   32829144.810113940             1531
   574.38429803725455        1.0056676148767203E-005   32829517.624168083             1532
   574.75934491811472        1.0039939893974035E-005   32829889.954741769             1533
   575.13439179897500        1.0023375407875078E-005   32830261.797915604             1534
   575.50943867983494        1.0006719325438402E-005   32830633.159515388             1535
   575.88448556069511        9.9902347622300459E-006   32831004.035613235             1536
   576.25953244155517        9.9736583537843973E-006   32831374.432033442             1537
   576.63457932241533        9.9572532170044914E-006   32831744.344839692             1538
   577.00962620327539        9.9407559879825856E-006   32832113.779854774             1539
   577.38467308413556        9.9244297849499829E-006   32832482.733133979             1540
   577.75971996499561        9.9080112445484195E-006   32832851.210498650             1541
   578.13476684585578        9.8917634863288756E-006   32833219.207995702             1542
   578.50981372671583        9.8754231474742704E-006   32833586.731445041             1543
   578.88486060757600        9.8592533488467301E-006   32833953.776885264             1544
   579.25990748843594        9.8429907281621525E-006   32834320.350134872             1545
   579.63495436929622        9.8268984075853596E-006   32834686.447224177             1546
   580.01000125015617        9.8107130253571253E-006   32835052.073970295             1547
   580.38504813101633        9.7946977049366293E-006   32835417.226395283             1548
   580.76009501187661        9.7785890850814659E-006   32835781.910314910             1549
   581.13514189273656        9.7626502905369346E-006   32836146.121743020             1550
   581.51018877359672        9.7466179605694729E-006   32836509.866494048             1551
   581.88523565445678        9.7307552212023004E-006   32836873.140573662             1552
   582.26028253531695        9.7147987122028747E-006   32837235.949795008             1553
   582.63532941617700        9.6990115608642178E-006   32837598.290155593             1554
   583.01037629703717        9.6831304074470347E-006   32837960.167467296             1555
   583.38542317789722        9.6674183805061286E-006   32838321.577719525             1556
   583.76047005875739        9.6516121207877254E-006   32838682.526722897             1557
   584.13551693961745        9.6359747581004893E-006   32839043.010458749             1558
   584.51056382047761        9.6202429336685644E-006   32839403.034736477             1559
   584.88561070133755        9.6046797785466139E-006   32839762.595529389             1560
   585.26065758219784        9.5890219344291443E-006   32840121.698645674             1561
   585.63570446305778        9.5735325336090388E-006   32840480.340050634             1562
   586.01075134391795        9.5579482182437123E-006   32840838.525551289             1563
   586.38579822477811        9.5425321218565702E-006   32841196.251104977             1564
   586.76084510563817        9.5270208870605634E-006   32841553.522517573             1565
   587.13589198649834        9.5116776486019788E-006   32841910.335738473             1566
   587.51093886735839        9.4962390495419989E-006   32842266.696572427             1567
   587.88598574821856        9.4809682258422656E-006   32842622.600960933             1568
   588.26103262907861        9.4656018210049401E-006   32842978.054707639             1569
   588.63607950993878        9.4504029721995673E-006   32843333.053746190             1570
   589.01112639079884        9.4351083233621213E-006   32843687.603879146             1571
   589.38617327165900        9.4199810128626486E-006   32844041.701032322             1572
   589.76122015251906        9.4047576850638500E-006   32844395.351007227             1573
   590.13626703337923        9.3897014795289653E-006   32844748.549721878             1574
   590.51131391423917        9.3745490410404290E-006   32845101.302976757             1575
   590.88636079509945        9.3595635103474098E-006   32845453.606682114             1576
   591.26140767595939        9.3444815326451320E-006   32845805.466637429             1577
   591.63645455681956        9.3295662498615243E-006   32846156.878745221             1578
   592.01150143767961        9.3145543075977512E-006   32846507.848803978             1579
   592.38654831853978        9.2997088489533881E-006   32846858.372708529             1580
   592.76159519940006        9.2847665199287096E-006   32847208.456256397             1581
   593.13664208026000        9.2699904647879561E-006   32847558.095334750             1582
   593.51168896112017        9.2551173299237735E-006   32847907.295740172             1583
   593.88673584198023        9.2404102607581013E-006   32848256.053352199             1584
   594.26178272284039        9.2256059040693123E-006   32848604.373966496             1585
   594.63682960370045        9.2109674064301184E-006   32848952.253455002             1586
   595.01187648456062        9.1962314149980614E-006   32849299.697612487             1587
   595.38692336542067        9.1816610774898034E-006   32849646.702303320             1588
   595.76197024628084        9.1669930414355216E-006   32849993.273321405             1589
   596.13701712714078        9.1524904556890637E-006   32850339.406523570             1590
   596.51206400800106        9.1378899681468097E-006   32850685.107702870             1591
   596.88711088886100        9.1234547287930982E-006   32851030.372708630             1592
   597.26215776972128        9.1089213858841204E-006   32851375.207333080             1593
   597.63720465058122        9.0945530905280649E-006   32851719.607418064             1594
   598.01225153144139        9.0800864913346406E-006   32852063.578755006             1595
   598.38729841230156        9.0657847405293183E-006   32852407.117178313             1596
   598.76234529316162        9.0513844870690429E-006   32852750.228478618             1597
   599.13739217402178        9.0371488842901199E-006   32853092.908482920             1598
   599.51243905488184        9.0228145814905181E-006   32853435.162981089             1599
   599.88748593574201        9.0086447331109164E-006   32853776.987792745             1600
   600.26253281660206        8.9943759887842038E-006   32854118.388707008             1601
   600.63757969746223        8.9802715040490731E-006   32854459.361536149             1602
   601.01262657832228        8.9660679288672365E-006   32854799.912068576             1603
   601.38767345918245        8.9520284198691209E-006   32855140.036109231             1604
   601.76272034004251        8.9378896273392513E-006   32855479.739445813             1605
   602.13776722090267        8.9239147089935389E-006   32855819.017875981             1606
   602.51281410176261        8.9098403154333840E-006   32856157.877186757             1607
   602.88786098262290        8.8959296054539872E-006   32856496.313168537             1608
   603.26290786348284        8.8819192299677282E-006   32856834.331607677             1609
   603.63795474434301        8.8680723488430018E-006   32857171.928287350             1610
   604.01300162520317        8.8541256132973383E-006   32857509.108993273             1611
   604.38804850606323        8.8403421842662449E-006   32857845.869501408             1612
   604.76309538692340        8.8264587132666542E-006   32858182.215596847             1613
   605.13814226778345        8.8127383622951888E-006   32858518.143048391             1614
   605.51318914864362        8.7989177831624495E-006   32858853.657640532             1615
   605.88823602950367        8.7852601389202263E-006   32859188.755134918             1616
   606.26328291036384        8.7715020816671588E-006   32859523.441315468             1617
   606.63832979122390        8.7579067755043041E-006   32859857.711936716             1618
   607.01337667208406        8.7442108728127532E-006   32860191.572782006             1619
   607.38842355294412        8.7306775387369929E-006   32860525.019598793             1620
   607.76347043380429        8.7170434259350295E-006   32860858.058169886             1621
   608.13851731466423        8.7035717005890227E-006   32861190.684235677             1622
   608.51356419552451        8.6899990156284003E-006   32861522.903578445             1623
   608.88861107638445        8.6765885382672675E-006   32861854.711931564             1624
   609.26365795724462        8.6630769217010474E-006   32862186.115076795             1625
   609.63870483810467        8.6497273341701170E-006   32862517.108740523             1626
   610.01375171896484        8.6362764291305436E-006   32862847.698704019             1627
   610.38879859982501        8.6229873758433618E-006   32863177.880686689             1628
   610.76384548068506        8.6095968280199633E-006   32863507.660469346             1629
   611.13889236154523        8.5963679559364808E-006   32863837.033764441             1630
   611.51393924240529        8.5830374135543686E-006   32864166.006352335             1631
   611.88898612326545        8.5698683721593565E-006   32864494.573938575             1632
   612.26403300412551        8.5565974859577338E-006   32864822.742303077             1633
   612.63907988498568        8.5434879272393965E-006   32865150.507144511             1634
   613.01412676584573        8.5302763504503101E-006   32865477.874242369             1635
   613.38917364670590        8.5172259288791139E-006   32865804.839288455             1636
   613.76422052756584        8.5040733172063526E-006   32866131.408061873             1637
   614.13926740842612        8.4910816897140740E-006   32866457.576247595             1638
   614.51431428928606        8.4779877013123554E-006   32866783.349624339             1639
   614.88936117014623        8.4650545272713254E-006   32867108.723870266             1640
   615.26440805100628        8.4520188227255858E-006   32867433.704763733             1641
   615.63945493186645        8.4391437639281303E-006   32867758.287976135             1642
   616.01450181272662        8.4261660062330946E-006   32868082.479285467             1643
   616.38954869358668        8.4133487268711754E-006   32868406.274356365             1644
   616.76459557444684        8.4004285814111264E-006   32868729.678966515             1645
   617.13964245530690        8.3876687480561819E-006   32869052.688773822             1646
   617.51468933616707        8.3748058825848549E-006   32869375.309555650             1647
   617.88973621702712        8.3621031641678319E-006   32869697.536963206             1648
   618.26478309788729        8.3492972487885826E-006   32870019.376773562             1649
   618.63982997874734        8.3366513165801618E-006   32870340.824631255             1650
   619.01487685960751        8.3239020237262760E-006   32870661.886313070             1651
   619.38992374046745        8.3113125513173373E-006   32870982.557456896             1652
   619.76497062132773        8.2986195557325526E-006   32871302.843839262             1653
   620.14001750218767        8.2860862190147361E-006   32871622.741091430             1654
   620.51506438304796        8.2734491977339362E-006   32871942.254989691             1655
   620.89011126390790        8.2609716748804617E-006   32872261.381158702             1656
   621.26515814476807        8.2483903072105709E-006   32872580.125374522             1657
   621.64020502562823        8.2359682786572170E-006   32872898.483255245             1658
   622.01525190648829        8.2234422461582944E-006   32873216.460576709             1659
   622.39029878734846        8.2110753945845708E-006   32873534.052950472             1660
   622.76534566820851        8.1986043810510399E-006   32873851.266152170             1661
   623.14039254906868        8.1862923913615271E-006   32874168.095786829             1662
   623.51543942992873        8.1738760828036209E-006   32874484.547629915             1663
   623.89048631078890        8.1616186421094913E-006   32874800.617279958             1664
   624.26553319164896        8.1492567267348798E-006   32875116.310512256             1665
   624.64058007250912        8.1370535243356037E-006   32875431.622918867             1666
   625.01562695336918        8.1247456925311731E-006   32875746.560274936             1667
   625.39067383422935        8.1125964198964021E-006   32876061.118166085             1668
   625.76572071508929        8.1003423642102210E-006   32876375.302367311             1669
   626.14076759594957        8.0882467149618378E-006   32876689.108457819             1670
   626.51581447680951        8.0760461300852849E-006   32877002.542212486             1671
   626.89086135766968        8.0640037999796191E-006   32877315.599204116             1672
   627.26590823852973        8.0518563827297090E-006   32877628.285207488             1673
   627.64095511938990        8.0398670696399492E-006   32877940.595789030             1674
   628.01600200025007        8.0277725189417838E-006   32878252.536723431             1675
   628.39104888111012        8.0158359228405032E-006   32878564.103570767             1676
   628.76609576197029        8.0037939397099496E-006   32878875.302105650             1677
   629.14114264283035        7.9919097626518606E-006   32879186.127881836             1678
   629.51618952369051        7.9799200501783344E-006   32879496.586673874             1679
   629.89123640455057        7.9680879962831649E-006   32879806.674029224             1680
   630.26628328541074        7.9561502596125999E-006   32880116.395722385             1681
   630.64133016627079        7.9443700350481474E-006   32880425.747294538             1682
   631.01637704713096        7.9324839813661360E-006   32880734.734520145             1683
   631.39142392799090        7.9207552943314832E-006   32881043.352934144             1684
   631.76647080885118        7.9089206328465714E-006   32881351.608310971             1685
   632.14151768971112        7.8972431935554468E-006   32881659.496179339             1686
   632.51656457057129        7.8854596354825745E-006   32881967.022313673             1687
   632.89161145143134        7.8738331561469012E-006   32882274.182236481             1688
   633.26665833229151        7.8621004146910142E-006   32882580.981722210             1689
   633.64170521315168        7.8505246095045795E-006   32882887.416287165             1690
   634.01675209401174        7.8388423998444050E-006   32883193.491705827             1691
   634.39179897487190        7.8273169849666969E-006   32883499.203488346             1692
   634.76684585573196        7.8156850242386213E-006   32883804.557409231             1693
   635.14189273659213        7.8042097177788266E-006   32884109.548972495             1694
   635.51693961745218        7.7926277250609883E-006   32884414.183952700             1695
   635.89198649831235        7.7812022470621328E-006   32884718.457847748             1696
   636.26703337917240        7.7696699433586399E-006   32885022.376432255             1697
   636.64208026003257        7.7582940157818621E-006   32885325.935198035             1698
   637.01712714089251        7.7468111240071449E-006   32885629.139919791             1699
   637.39217402175279        7.7354844707161550E-006   32885931.986083258             1700
   637.76722090261273        7.7240507156794698E-006   32886234.479463223             1701
   638.14226778347290        7.7127730624251182E-006   32886536.615539387             1702
   638.51731466433296        7.7013881708152181E-006   32886838.400086638             1703
   638.89236154519313        7.6901592452202370E-006   32887139.828578644             1704
   639.26740842605318        7.6788229455901640E-006   32887440.906790409             1705
   639.64245530691335        7.6676424771340090E-006   32887741.630189605             1706
   640.01750218777352        7.6563544998860273E-006   32888042.004551366             1707
   640.39254906863357        7.6452222198899219E-006   32888342.025337383             1708
   640.76759594949374        7.6339822972606199E-006   32888641.698322929             1709
   641.14264283035379        7.6228979388726754E-006   32888941.018963736             1710
   641.51768971121396        7.6117058049181598E-006   32889239.993035227             1711
   641.89273659207402        7.6006691030986897E-006   32889538.615987200             1712
   642.26778347293418        7.5895244936799546E-006   32889836.893595256             1713
   642.64283035379412        7.5785351851868847E-006   32890134.821303256             1714
   643.01787723465441        7.5674378379553072E-006   32890432.404886987             1715
   643.39292411551435        7.5564956613297353E-006   32890729.639784429             1716
   643.76797099637452        7.5454453157126986E-006   32891026.531771552             1717
   644.14301787723457        7.5345500112646002E-006   32891323.076280456             1718
   644.51806475809474        7.5235464084512524E-006   32891619.279087327             1719
   644.89311163895479        7.5126977182453004E-006   32891915.135618407             1720
   645.26815851981496        7.5017406011724550E-006   32892210.651650090             1721
   645.64320540067513        7.4909382690139722E-006   32892505.822602797             1722
   646.01825228153518        7.4800273823521319E-006   32892800.654253148             1723
   646.39329916239535        7.4692711537732001E-006   32893095.142015751             1724
   646.76834604325541        7.4584062439126961E-006   32893389.291667469             1725
   647.14339292411557        7.4476958661583502E-006   32893683.098617122             1726
   647.51843980497563        7.4368766811956387E-006   32893976.568641812             1727
   647.89348668583580        7.4262119032102258E-006   32894269.697144605             1728
   648.26853356669585        7.4154381929342805E-006   32894562.489902865             1729
   648.64358044755602        7.4048187653479213E-006   32894854.942313895             1730
   649.01862732841596        7.3940902812267760E-006   32895147.060155351             1731
   649.39367420927624        7.3835159563419518E-006   32895438.838818800             1732
   649.76872109013618        7.3728324515093557E-006   32895730.284082182             1733
   650.14376797099635        7.3623029832876449E-006   32896021.391331360             1734
   650.51881485185640        7.3516642125298323E-006   32896312.166344572             1735
   650.89386173271657        7.3411793565787355E-006   32896602.604501996             1736
   651.26890861357674        7.3305850763213281E-006   32896892.711582173             1737
   651.64395549443680        7.3201445898812220E-006   32897182.482959613             1738
   652.01900237529696        7.3095945581762475E-006   32897471.924413171             1739
   652.39404925615702        7.2991982001074696E-006   32897761.031311724             1740
   652.76909613701719        7.2886921766205141E-006   32898049.809434455             1741
   653.14414301787724        7.2783397073905639E-006   32898338.254144602             1742
   653.51918989873741        7.2678774533879976E-006   32898626.371221699             1743
   653.89423677959746        7.2575686350588447E-006   32898914.156023376             1744
   654.26928366045763        7.2471499133952185E-006   32899201.614329517             1745
   654.64433054131757        7.2368845096107359E-006   32899488.741492163             1746
   655.01937742217785        7.2265090847162550E-006   32899775.543291565             1747
   655.39442430303779        7.2162868606897542E-006   32900062.015074190             1748
   655.76947118389796        7.2059544985578805E-006   32900348.162620660             1749
   656.14451806475802        7.1957752210597755E-006   32900633.981271900             1750
   656.51956494561819        7.1854856892349561E-006   32900919.476808917             1751
   656.89461182647824        7.1753491265805321E-006   32901204.644567102             1752
   657.26965870733841        7.1651021941459899E-006   32901489.490327850             1753
   657.64470558819858        7.1550081161832728E-006   32901774.009421058             1754
   658.01975246905863        7.1448035537489764E-006   32902058.207628511             1755
   658.39479934991880        7.1347517318467477E-006   32902342.080274615             1756
   658.76984623077885        7.1245893115374308E-006   32902625.633141581             1757
   659.14489311163902        7.1145795185733041E-006   32902908.861548334             1758
   659.51993999249908        7.1044590140166282E-006   32903191.771277506             1759
   659.89498687335924        7.0944910243652576E-006   32903474.357642572             1760
   660.27003375421918        7.0844122106800772E-006   32903756.626426604             1761
   660.64508063507947        7.0744858002014718E-006   32904038.572937641             1762
   661.02012751593941        7.0644484539861826E-006   32904320.202959191             1763
   661.39517439679958        7.0545634000141264E-006   32904601.511793885             1764
   661.77022127765963        7.0445672993351535E-006   32904882.505225684             1765
   662.14526815851980        7.0347233806657284E-006   32905163.178551815             1766
   662.52031503937985        7.0247683050460927E-006   32905443.537556712             1767
   662.89536192024002        7.0149653019262991E-006   32905723.577532221             1768
   663.27040880110019        7.0050510323342802E-006   32906003.304263245             1769
   663.64545568196024        6.9952887264507695E-006   32906282.713036269             1770
   664.02050256282041        6.9854150452887183E-006   32906561.809636686             1771
   664.39554944368047        6.9756932197566063E-006   32906840.589345634             1772
   664.77059632454063        6.9658599108497893E-006   32907119.057949003             1773
   665.14564320540069        6.9561783502016083E-006   32907397.210722603             1774
   665.52069008626086        6.9463851987872011E-006   32907675.053452820             1775
   665.89573696712080        6.9367436889619161E-006   32907952.581410170             1776
   666.27078384798108        6.9269904816780732E-006   32908229.800381545             1777
   666.64583072884102        6.9173888100102041E-006   32908506.705632173             1778
   667.02087760970119        6.9076753348852473E-006   32908783.302949458             1779
   667.39592449056124        6.8981132900940984E-006   32909059.587593369             1780
   667.77097137142141        6.8884393365357800E-006   32909335.565351840             1781
   668.14601825228146        6.8789167087147564E-006   32909611.231479574             1782
   668.52106513314163        6.8692820674996163E-006   32909886.591765054             1783
   668.89611201400180        6.8597986481056345E-006   32910161.641457755             1784
   669.27115889486186        6.8502031113684738E-006   32910436.386346690             1785
   669.64620577572202        6.8407586932114819E-006   32910710.821676124             1786
   670.02125265658208        6.8312020544349192E-006   32910984.953235634             1787
   670.39629953744225        6.8217964316674932E-006   32911258.776264280             1788
   670.77134641830230        6.8122784856716003E-006   32911532.296552200             1789
   671.14639329916247        6.8029114537786296E-006   32911805.509333272             1790
   671.52144018002241        6.7934319967106832E-006   32912078.420398209             1791
   671.89648706088269        6.7841033524991670E-006   32912351.024975725             1792
   672.27153394174263        6.7746621818234723E-006   32912623.328857116             1793
   672.64658082260291        6.7653717234123844E-006   32912895.327265948             1794
   673.02162770346285        6.7559686379001985E-006   32913167.025994107             1795
   673.39667458432302        6.7467161647104657E-006   32913438.420260027             1796
   673.77172146518308        6.7373509644300171E-006   32913709.515856192             1797
   674.14676834604325        6.7281362771745601E-006   32913980.307995927             1798
   674.52181522690330        6.7188087634811372E-006   32914250.802472319             1799
   674.89686210776347        6.7096316641550153E-006   32914520.994493596             1800
   675.27190898862364        6.7003416396811331E-006   32914790.889853463             1801
   675.64695586948369        6.6912019315517885E-006   32915060.483755067             1802
   676.02200275034386        6.6819492001974994E-006   32915329.781992733             1803
   676.39704963120391        6.6728466877950534E-006   32915598.779764559             1804
   676.77209651206408        6.6636310547182825E-006   32915867.482865490             1805
   677.14714339292414        6.6545655438259434E-006   32916135.886488572             1806
   677.52219027378430        6.6453868154329245E-006   32916403.996429399             1807
   677.89723715464424        6.6363581130774642E-006   32916671.807875980             1808
   678.27228403550453        6.6272160970132824E-006   32916939.326624565             1809
   678.64733091636447        6.6182240114556152E-006   32917206.547858153             1810
   679.02237779722464        6.6091185165947973E-006   32917473.477373641             1811
   679.39742467808469        6.6001628573206259E-006   32917740.110349029             1812
   679.77247155894486        6.5910936937578533E-006   32918006.452581882             1813
   680.14751843980491        6.5821742714684014E-006   32918272.499245219             1814
   680.52256532066508        6.5731412505092626E-006   32918538.256137274             1815
   680.89761220152513        6.5642578771120713E-006   32918803.718426105             1816
   681.27265908238530        6.5552608112639354E-006   32919068.891910624             1817
   681.64770596324547        6.5464132998637896E-006   32919333.771753933             1818
   682.02275284410553        6.5374520028267158E-006   32919598.363755643             1819
   682.39779972496569        6.5286401677165926E-006   32919862.663073916             1820
   682.77284660582575        6.5197144543743629E-006   32920126.675509054             1821
   683.14789348668592        6.5109381110264821E-006   32920390.396214314             1822
   683.52294036754586        6.5020477974376689E-006   32920653.830990694             1823
   683.89798724840614        6.4933067624946409E-006   32920916.974986546             1824
   684.27303412926608        6.4844516658837999E-006   32921179.834003579             1825
   684.64808101012625        6.4757457571498176E-006   32921442.403185263             1826
   685.02312789098630        6.4669256958987168E-006   32921704.688334011             1827
   685.39817477184647        6.4582547323308343E-006   32921966.684588436             1828
   685.77322165270652        6.4494695259697809E-006   32922228.397751678             1829
   686.14826853356669        6.4408333276692811E-006   32922489.822957490             1830
   686.52331541442686        6.4320827968685159E-006   32922750.966009740             1831
   686.89836229528692        6.4234811850723453E-006   32923011.822037354             1832
   687.27340917614708        6.4147651516335140E-006   32923272.396844923             1833
   687.64845605700714        6.4061979487057821E-006   32923532.685556557             1834
   688.02350293786731        6.3975162355534732E-006   32923792.693977591             1835
   688.39854981872736        6.3889832649770335E-006   32924052.417227324             1836
   688.77359669958753        6.3803356961504106E-006   32924311.861111853             1837
   689.14864358044747        6.3718367825185124E-006   32924571.020745680             1838
   689.52369046130775        6.3632231831629855E-006   32924829.901935652             1839
   689.89873734216769        6.3547581521710070E-006   32925088.499791507             1840
   690.27378422302786        6.3461783485299929E-006   32925346.820120856             1841
   690.64883110388791        6.3377470269672367E-006   32925604.858028669             1842
   691.02387798474808        6.3292008463740034E-006   32925862.619323328             1843
   691.39892486560814        6.3208030621155590E-006   32926120.099105064             1844
   691.77397174646831        6.3122903329851186E-006   32926377.303183034             1845
   692.14901862732836        6.3039259149837988E-006   32926634.226652734             1846
   692.52406550818853        6.2954464668048910E-006   32926890.875324111             1847
   692.89911238904870        6.2871152450832350E-006   32927147.244287942             1848
   693.27415926990875        6.2786689084103502E-006   32927403.339354966             1849
   693.64920615076892        6.2703707140527079E-006   32927659.155611265             1850
   694.02425303162897        6.2619573204982041E-006   32927914.698868368             1851
   694.39929991248914        6.2536919856428709E-006   32928169.964207672             1852
   694.77434679334908        6.2453113678691553E-006   32928424.957441509             1853
   695.14939367420936        6.2370787257005807E-006   32928679.673646610             1854
   695.52444055506930        6.2287307174123370E-006   32928934.118636116             1855
   695.89948743592947        6.2205306021534000E-006   32929188.287482098             1856
   696.27453431678953        6.2122150380899178E-006   32929442.185998511             1857
   696.64958119764970        6.2040472849942797E-006   32929695.809252787             1858
   697.02462807850975        6.1957640009218072E-006   32929949.163059708             1859
   697.39967495936992        6.1876284462663003E-006   32930202.242482074             1860
   697.77472184022997        6.1793772789705003E-006   32930455.053335495             1861
   698.14976872109014        6.1712737600476280E-006   32930707.590678159             1862
   698.52481560195019        6.1630545473260669E-006   32930959.860326514             1863
   698.89986248281036        6.1549829024365027E-006   32931211.857334144             1864
   699.27490936367053        6.1467954830912475E-006   32931463.587518338             1865
   699.64995624453059        6.1387555515364596E-006   32931715.045928102             1866
   700.02500312539075        6.1305997653666773E-006   32931966.238381561             1867
   700.40005000625081        6.1225913874415733E-006   32932217.159923159             1868
   700.77509688711098        6.1144670752362305E-006   32932467.816371873             1869
   701.15014376797092        6.1064900922219039E-006   32932718.202767596             1870
   701.52519064883120        6.0983970957525245E-006   32932968.324930150             1871
   701.90023752969114        6.0904513499090213E-006   32933218.177894890             1872
   702.27528441055131        6.0823895119225054E-006   32933467.767482515             1873
   702.65033129141136        6.0744748464816819E-006   32933717.088723838             1874
   703.02537817227153        6.0664440106931908E-006   32933966.147440430             1875
   703.40042505313158        6.0585602698516024E-006   32934214.938658595             1876
   703.77547193399175        6.0505602809374775E-006   32934463.468200773             1877
   704.15051881485181        6.0427073098493783E-006   32934711.731088772             1878
   704.52556569571198        6.0347380134401384E-006   32934959.733145911             1879
   704.90061257657214        6.0269156582104797E-006   32935207.469389517             1880
   705.27565945743220        6.0189769008838958E-006   32935454.945643794             1881
   705.65070633829237        6.0111850085614100E-006   32935702.156921595             1882
   706.02575321915242        6.0032766378355951E-006   32935949.109048013             1883
   706.40080010001259        5.9955150564059558E-006   32936195.797031440             1884
   706.77584698087253        5.9876369207325583E-006   32936442.226697870             1885
   707.15089386173281        5.9799054991115710E-006   32936688.393051263             1886
   707.52594074259275        5.9720574478689934E-006   32936934.301918499             1887
   707.90098762345292        5.9643560358958550E-006   32937179.948299102             1888
   708.27603450431297        5.9565379193825316E-006   32937425.338020880             1889
   708.65108138517314        5.9488663678131436E-006   32937670.466078926             1890
   709.02612826603320        5.9410780372409000E-006   32937915.338301957             1891
   709.40117514689337        5.9334361977412298E-006   32938159.949680675             1892
   709.77622202775342        5.9256775052286700E-006   32938404.306044701             1893
   710.15126890861359        5.9180652303681887E-006   32938648.402380362             1894
   710.52631578947376        5.9103360289341450E-006   32938892.244518194             1895
   710.90136267033381        5.9027531721793063E-006   32939135.827440135             1896
   711.27640955119398        5.8950533157363535E-006   32939379.156977665             1897
   711.65145643205403        5.8874997314441163E-006   32939622.228108354             1898
   712.02650331291420        5.8798290747921226E-006   32939865.046664611             1899
   712.40155019377414        5.8723046182035523E-006   32940107.607619658             1900
   712.77659707463442        5.8646630170233103E-006   32940349.916806839             1901
   713.15164395549436        5.8571675442572206E-006   32940591.969195046             1902
   713.52669083635453        5.8495548551040996E-006   32940833.770618558             1903
   713.90173771721459        5.8420882231507377E-006   32941075.316041946             1904
   714.27678459807476        5.8345043034484174E-006   32941316.611300439             1905
   714.65183147893481        5.8270663701632167E-006   32941557.651354291             1906
   715.02687835979498        5.8195110781974558E-006   32941798.442039683             1907
   715.40192524065503        5.8121017022948296E-006   32942038.978312571             1908
   715.77697212151520        5.8045748972072819E-006   32942279.266010094             1909
   716.15201900237525        5.7971939382544885E-006   32942519.300083928             1910
   716.52706588323542        5.7896954800365939E-006   32942759.086372171             1911
   716.90211276409559        5.7823427984476122E-006   32942998.619822219             1912
   717.27715964495565        5.7748725479345145E-006   32943237.906273138             1913
   717.65220652581581        5.7675480049640136E-006   32943476.940668069             1914
   718.02725340667575        5.7601058238285250E-006   32943715.728847053             1915
   718.40230028753604        5.7528092815658573E-006   32943954.265748978             1916
   718.77734716839598        5.7453950323124957E-006   32944192.557214849             1917
   719.15239404925615        5.7381263536757641E-006   32944430.598179337             1918
   719.52744093011620        5.7307398996348461E-006   32944668.394484427             1919
   719.90248781097637        5.7234989483649750E-006   32944905.941060554             1920
   720.27753469183642        5.7161401536867189E-006   32945143.243750691             1921
   720.65258157269659        5.7089267943416288E-006   32945380.297481071             1922
   721.02762845355664        5.7015955239903151E-006   32945617.108095650             1923
   721.40267533441681        5.6944096219391073E-006   32945853.670516472             1924
   721.77772221527687        5.6871057416873254E-006   32946089.990588471             1925
   722.15276909613704        5.6799471631045168E-006   32946326.063229512             1926
   722.52781597699720        5.6726705395274126E-006   32946561.894285537             1927
   722.90286285785726        5.6655391513872512E-006   32946797.478670232             1928
   723.27790973871743        5.6582896518568623E-006   32947032.822230540             1929
   723.65295661957737        5.6511853219276381E-006   32947267.919875983             1930
   724.02800350043765        5.6439628146072350E-006   32947502.777454510             1931
   724.40305038129759        5.6368854114456891E-006   32947737.389871500             1932
   724.77809726215787        5.6296897652841970E-006   32947971.762975913             1933
   725.15314414301781        5.6226391582299306E-006   32948205.891668983             1934
   725.52819102387798        5.6154702429563816E-006   32948439.781800691             1935
   725.90323790473803        5.6084463021263468E-006   32948673.428268157             1936
   726.27828478559820        5.6013039882443619E-006   32948906.836922366             1937
   726.65333166645826        5.5943065845273628E-006   32949140.002656326             1938
   727.02837854731843        5.5871907433097079E-006   32949372.931322053             1939
   727.40342542817848        5.5802197483609915E-006   32949605.617808454             1940
   727.77847230903865        5.5731302518441562E-006   32949838.067968562             1941
   728.15351918989882        5.5661855380800175E-006   32950070.276687209             1942
   728.52856607075887        5.5591222590588741E-006   32950302.249818448             1943
   728.90361295161904        5.5522036996512920E-006   32950533.982243039             1944
   729.27865983247909        5.5451665116737292E-006   32950765.479816072             1945
   729.65370671333926        5.5382739805450759E-006   32950996.737414237             1946
   730.02875359419920        5.5312627579067405E-006   32951227.760893673             1947
   730.40380047505948        5.5243961297245069E-006   32951458.545127008             1948
   730.77884735591942        5.5174107474635617E-006   32951689.095971417             1949
   731.15389423677959        5.5105698976351627E-006   32951919.408295501             1950
   731.52894111763965        5.5036102315270989E-006   32952149.487957478             1951
   731.90398799849982        5.4967950361946878E-006   32952379.329821918             1952
   732.27903487935987        5.4898609627471553E-006   32952608.939748082             1953
   732.65408176022004        5.4830712987824873E-006   32952838.312596533             1954
   733.02912864108009        5.4761626952301864E-006   32953067.454227578             1955
   733.40417552194026        5.4693984402295281E-006   32953296.359497786             1956
   733.77922240280031        5.4625151845291481E-006   32953525.034268506             1957
   734.15426928366048        5.4557762168082258E-006   32953753.473392315             1958
   734.52931616452065        5.4489181876333956E-006   32953981.682731628             1959
   734.90436304538071        5.4422043862223815E-006   32954209.657135040             1960
   735.27940992624087        5.4353714629587012E-006   32954437.402466029             1961
   735.65445680710081        5.4286827075972517E-006   32954664.913569216             1962
   736.02950368796110        5.4218747703373125E-006   32954892.196309138             1963
   736.40455056882104        5.4152109414696358E-006   32955119.245526470             1964
   736.77959744968121        5.4084278710081448E-006   32955346.067086823             1965
   737.15464433054126        5.4017888497781092E-006   32955572.655826911             1966
   737.52969121140143        5.3950305276070011E-006   32955799.017613418             1967
   737.90473809226148        5.3884161958532768E-006   32956025.147279136             1968
   738.27978497312165        5.3816825041568829E-006   32956251.050691813             1969
   738.65483185398170        5.3750927444081381E-006   32956476.722680319             1970
   739.02987873484187        5.3683835660583902E-006   32956702.169113487             1971
   739.40492561570193        5.3618182615285224E-006   32956927.384816263             1972
   739.77997249656210        5.3551334800802031E-006   32957152.375658568             1973
   740.15501937742226        5.3485925146635873E-006   32957377.136461448             1974
   740.53006625828232        5.3419320143496153E-006   32957601.673095915             1975
   740.90511313914249        5.3354152726164250E-006   32957825.980379116             1976
   741.28016002000243        5.3287789383431671E-006   32958050.064183146             1977
   741.65520690086271        5.3222863055346917E-006   32958273.919321280             1978
   742.03025378172265        5.3156740228773311E-006   32958497.551666711             1979
   742.40530066258282        5.3092053849013735E-006   32958720.956028841             1980
   742.78034754344287        5.3026170400993000E-006   32958944.138281949             1981
   743.15539442430304        5.2961722835255794E-006   32959167.093231589             1982
   743.53044130516309        5.2896077634778211E-006   32959389.826753139             1983
   743.90548818602326        5.2831867755334229E-006   32959612.333648302             1984
   744.28053506688332        5.2766459677941163E-006   32959834.619793553             1985
   744.65558194774349        5.2702486363589808E-006   32960056.679986767             1986
   745.03062882860354        5.2637314291328729E-006   32960278.520105526             1987
   745.40567570946371        5.2573576427353213E-006   32960500.134943869             1988
   745.78072259032388        5.2508639248733045E-006   32960721.530380491             1989
   746.15576947118393        5.2445135726855936E-006   32960942.701205615             1990
   746.53081635204410        5.2380432336802972E-006   32961163.653299045             1991
   746.90586323290404        5.2317162055142020E-006   32961384.381447211             1992
   747.28091011376432        5.2252691354955830E-006   32961604.891531013             1993
   747.65595699462426        5.2189653217980408E-006   32961825.178333100             1994
   748.03100387548443        5.2125414115290475E-006   32962045.247735485             1995
   748.40605075634448        5.2062607033778079E-006   32962265.094517037             1996
   748.78109763720465        5.1998598442500386E-006   32962484.724560883             1997
   749.15614451806471        5.1936021333493678E-006   32962704.132642116             1998
   749.53119139892488        5.1872242173787992E-006   32962923.324645001             1999
   749.90623827978493        5.1809893960552097E-006   32963142.295340855             2000
   750.28128516064510        5.1746343158779400E-006   32963361.050615069             2001
   750.65633204150515        5.1684222770759473E-006   32963579.585235216             2002
   751.03137892236532        5.1620899259439791E-006   32963797.905087806             2003
   751.40642580322537        5.1559005632219011E-006   32964016.004936676             2004
   751.78147268408554        5.1495908349989519E-006   32964233.890669469             2005
   752.15651956494571        5.1434240425247449E-006   32964451.557046294             2006
   752.53156644580577        5.1371368316820900E-006   32964669.009955909             2007
   752.90661332666593        5.1309925042292109E-006   32964886.244154718             2008
   753.28166020752587        5.1247277058415699E-006   32965103.265532620             2009
   753.65670708838616        5.1186057387848657E-006   32965320.068842292             2010
   754.03175396924610        5.1123632485263107E-006   32965536.659974780             2011
   754.40680085010626        5.1062635378379501E-006   32965753.033679068             2012
   754.78184773096632        5.1000432519778552E-006   32965969.195847332             2013
   755.15689461182649        5.0939656942232873E-006   32966185.141224872             2014
   755.53194149268654        5.0877675096222876E-006   32966400.875705000             2015
   755.90698837354671        5.0817120019562314E-006   32966616.394029349             2016
   756.28203525440676        5.0755358160622504E-006   32966831.702092376             2017
   756.65708213526693        5.0695022562247230E-006   32967046.794632036             2018
   757.03212901612699        5.0633479670690013E-006   32967261.677543927             2019
   757.40717589698716        5.0573362533813630E-006   32967476.345562365             2020
   757.78222277784732        5.0512037595745236E-006   32967690.804584090             2021
   758.15726965870738        5.0452137909355757E-006   32967905.049339764             2022
   758.53231653956755        5.0391029916637309E-006   32968119.085727289             2023
   758.90736342042749        5.0331346675458109E-006   32968332.908473689             2024
   759.28241030128777        5.0270454625666831E-006   32968546.523478005             2025
   759.65745718214771        5.0210986830118293E-006   32968759.925463639             2026
   760.03250406300788        5.0150309726509223E-006   32968973.120330807             2027
   760.40755094386793        5.0091056382670309E-006   32969186.102799274             2028
   760.78259782472810        5.0030593234138098E-006   32969398.878770418             2029
   761.15764470558815        4.9971553353708501E-006   32969611.442960404             2030
   761.53269158644832        4.9911303174749645E-006   32969823.801271763             2031
   761.90773846730838        4.9852475775012176E-006   32970035.948417064             2032
   762.28278534816855        4.9792437585687431E-006   32970247.890299998             2033
   762.65783222902860        4.9733821689470517E-006   32970459.621629555             2034
   763.03287910988877        4.9673994515367892E-006   32970671.148310587             2035
   763.40792599074882        4.9615589151008581E-006   32970882.465048499             2036
   763.78297287160899        4.9555972023206183E-006   32971093.577749312             2037
   764.15801975246916        4.9497776224513296E-006   32971304.481114876             2038
   764.53306663332910        4.9438368179542741E-006   32971515.181052361             2039
   764.90811351418938        4.9380380985760458E-006   32971725.672260076             2040
   765.28316039504932        4.9321181065570470E-006   32971935.960646361             2041
   765.65820727590949        4.9263401521342028E-006   32972146.040905964             2042
   766.03325415676954        4.9204408773262469E-006   32972355.918948404             2043
   766.40830103762971        4.9146835928594220E-006   32972565.589464892             2044
   766.78334791848977        4.9088049405300224E-006   32972775.058366120             2045
   767.15839479934994        4.9030682315525977E-006   32972984.320339773             2046
   767.53344168020999        4.8972101075002363E-006   32973193.381297719             2047
   767.90848856107016        4.8914938800748010E-006   32973402.235924121             2048
   768.28353544193021        4.8856561906253993E-006   32973610.890132021             2049
   768.65858232279038        4.8799603513402359E-006   32973819.338602085             2050
   769.03362920365043        4.8741430033436733E-006   32974027.587248527             2051
   769.40867608451060        4.8684674593092685E-006   32974235.630748514             2052
   769.78372296537077        4.8626703601358947E-006   32974443.475017440             2053
   770.15876984623071        4.8570150189814845E-006   32974651.114728983             2054
   770.53381672709099        4.8512380765186822E-006   32974858.555799726             2055
   770.90886360795093        4.8456028463888188E-006   32975065.792899862             2056
   771.28391048881110        4.8398459690375727E-006   32975272.831947159             2057
   771.65895736967116        4.8342307585887203E-006   32975479.667608339             2058
   772.03400425053132        4.8284938552602406E-006   32975686.305802353             2059
   772.40905113139138        4.8228985736573914E-006   32975892.741192464             2060
   772.78409801225155        4.8171815537697273E-006   32976098.979698822             2061
   773.15914489311160        4.8116061106830543E-006   32976305.015981227             2062
   773.53419177397177        4.8059088841577756E-006   32976510.855961014             2063
   773.90923865483182        4.8003531897592915E-006   32976716.494294550             2064
   774.28428553569199        4.7946756670181544E-006   32976921.936904360             2065
   774.65933241655193        4.7891396319784161E-006   32977127.178443376             2066
   775.03437929741222        4.7834817239400803E-006   32977332.224835318             2067
   775.40942617827238        4.7779652594249125E-006   32977537.070729692             2068
   775.78447305913232        4.7723268775016748E-006   32977741.722051412             2069
   776.15951993999261        4.7668298951689233E-006   32977946.173446566             2070
   776.53456682085255        4.7612109512634678E-006   32978150.430841271             2071
   776.90961370171283        4.7557333632597520E-006   32978354.488878213             2072
   777.28466058257277        4.7501337697619532E-006   32978558.353484701             2073
   777.65970746343294        4.7446754887194771E-006   32978762.019300021             2074
   778.03475434429299        4.7390951585031847E-006   32978965.492252681             2075
   778.40980122515316        4.7336560975365475E-006   32979168.766978592             2076
   778.78484810601321        4.7280949439564379E-006   32979371.849407449             2077
   779.15989498687338        4.7226750166594877E-006   32979574.734171789             2078
   779.53494186773344        4.7171329535479055E-006   32979777.427202512             2079
   779.90998874859361        4.7117320739906024E-006   32979979.923128787             2080
   780.28503562945366        4.7062090156544508E-006   32980182.227882713             2081
   780.66008251031383        4.7008270983797560E-006   32980384.336090099             2082
   781.03512939117388        4.6953229595974002E-006   32980586.253684253             2083
   781.41017627203405        4.6899599196181968E-006   32980787.975287627             2084
   781.78522315289422        4.6844746156363866E-006   32980989.506834745             2085
   782.16027003375416        4.6791303684324110E-006   32981190.842944715             2086
   782.53531691461444        4.6736638149632281E-006   32981391.989553262             2087
   782.91036379547438        4.6683382764780368E-006   32981592.941276163             2088
   783.28541067633455        4.6628903896958651E-006   32981793.704050347             2089
   783.66045755719460        4.6575834763338164E-006   32981994.272488281             2090
   784.03550443805477        4.6521541728723587E-006   32982194.652528096             2091
   784.41055131891494        4.6468658014956230E-006   32982394.838778935             2092
   784.78559819977500        4.6414549984448964E-006   32982594.837180156             2093
   785.16064508063505        4.6361850863704914E-006   32982794.642337587             2094
   785.53569196149522        4.6307927012738723E-006   32982994.260191798             2095
   785.91073884235539        4.6255411662706978E-006   32983193.685345326             2096
   786.28578572321544        4.6201671171220010E-006   32983392.923739955             2097
   786.66083260407538        4.6149338774079315E-006   32983591.969974920             2098
   787.03587948493566        4.6095780826484670E-006   32983790.829993229             2099
   787.41092636579583        4.6043630568874289E-006   32983989.498390846             2100
   787.78597324665577        4.5990254354031415E-006   32984187.981111977             2101
   788.16102012751583        4.5938285427022559E-006   32984386.272749323             2102
   788.53606700837599        4.5885090138208196E-006   32984584.379248317             2103
   788.91111388923616        4.5833301737275080E-006   32984782.295198385             2104
   789.28616077009622        4.5780286572155082E-006   32984980.026546177             2105
   789.66120765095627        4.5728677897146813E-006   32985177.567877870             2106
   790.03625453181655        4.5675842057747542E-006   32985374.925141335             2107
   790.41130141267661        4.5624412312859777E-006   32985572.092919506             2108
   790.78634829353666        4.5571755005540364E-006   32985769.077161472             2109
   791.16139517439683        4.5520503399287415E-006   32985965.872446921             2110
   791.53644205525700        4.5468023834711562E-006   32986162.484726168             2111
   791.91148893611705        4.5416949579898642E-006   32986358.908575684             2112
   792.28653581697699        4.5364646973007194E-006   32986555.149946999             2113
   792.66158269783728        4.5313749286702725E-006   32986751.203413360             2114
   793.03662957869744        4.5261622856686049E-006   32986947.074927527             2115
   793.41167645955738        4.5210900960194507E-006   32987142.759059530             2116
   793.78672334041744        4.5158949930465404E-006   32987338.261763357             2117
   794.16177022127761        4.5108403049299987E-006   32987533.577605840             2118
   794.53681710213777        4.5056626647466485E-006   32987728.712542184             2119
   794.91186398299783        4.5006254011322268E-006   32987923.661136027             2120
   795.28691086385788        4.4954651469160932E-006   32988118.429343801             2121
   795.66195774471817        4.4904452311888008E-006   32988313.011725966             2122
   796.03700462557822        4.4853022865317149E-006   32988507.414240178             2123
   796.41205150643827        4.4802996424894329E-006   32988701.631443713             2124
   796.78709838729844        4.4751739313947507E-006   32988895.669295456             2125
   797.16214526815861        4.4701884832455606E-006   32989089.522349518             2126
   797.53719214901867        4.4650799301255587E-006   32989283.196566015             2127
   797.91223902987861        4.4601116024851519E-006   32989476.686495893             2128
   798.28728591073889        4.4550201321583980E-006   32989669.998100497             2129
   798.66233279159906        4.4500688500474629E-006   32989863.125927620             2130
   799.03737967245900        4.4449943877362434E-006   32990056.075939845             2131
   799.41242655331905        4.4400600765779124E-006   32990248.842681818             2132
   799.78747343417922        4.4350025479056509E-006   32990441.432117347             2133
   800.16252031503950        4.4300851335229093E-006   32990633.838787939             2134
   800.53756719589944        4.4250444645116379E-006   32990826.068658646             2135
   800.91261407675950        4.4201438731248074E-006   32991018.116267845             2136
   801.28766095761966        4.4151199901926155E-006   32991209.987581812             2137
   801.66270783847983        4.4102361484168207E-006   32991401.677135807             2138
   802.03775471933989        4.4052289783753572E-006   32991593.190897349             2139
   802.41280160020005        4.4003618132180294E-006   32991784.523398578             2140
   802.78784848106022        4.3953712832699913E-006   32991975.680608250             2141
   803.16289536192028        4.3905207221283824E-006   32992166.657055404             2142
   803.53794224278022        4.3855467598650617E-006   32992357.458710022             2143
   803.91298912364050        4.3807127305237658E-006   32992548.080098048             2144
   804.28803600450067        4.3757552639225694E-006   32992738.527190708             2145
   804.66308288536072        4.3709376945510996E-006   32992928.794510860             2146
   805.03812976622066        4.3659966519731418E-006   32993118.888030954             2147
   805.41317664708083        4.3611954711234712E-006   32993308.802270770             2148
   805.78822352794111        4.3562707813111117E-006   32993498.543204013             2149
   806.16327040880105        4.3514859179152896E-006   32993688.105347380             2150
   806.53831728966111        4.3465775099897568E-006   32993877.494675804             2151
   806.91336417052128        4.3418088933574848E-006   32994066.705702934             2152
   807.28841105138144        4.3369166968164766E-006   32994255.744404931             2153
   807.66345793224150        4.3321642566327528E-006   32994444.605292387             2154
   808.03850481310167        4.3272882013480847E-006   32994633.294342708             2155
   808.41355169396184        4.3225518676708305E-006   32994821.806063440             2156
   808.78859857482189        4.3176918838860673E-006   32995010.146433227             2157
   809.16364545568194        4.3129715871437961E-006   32995198.309956565             2158
   809.53869233654211        4.3081276054719138E-006   32995386.302613351             2159
   809.91373921740228        4.3034232764613876E-006   32995574.118905041             2160
   810.28878609826234        4.2985952278824783E-006   32995761.764812775             2161
   810.66383297912228        4.2939067977664222E-006   32995949.234834988             2162
   811.03887985998244        4.2890946136253729E-006   32996136.534954052             2163
   811.41392674084273        4.2844220139301558E-006   32996323.659665395             2164
   811.78897362170267        4.2796256259343745E-006   32996510.614952628             2165
   812.16402050256272        4.2749687885477529E-006   32996697.395308163             2166
   812.53906738342289        4.2701881287648897E-006   32996884.006716855             2167
   812.91411426428306        4.2655469859337392E-006   32997070.443668123             2168
   813.28916114514311        4.2607819867894453E-006   32997256.712148055             2169
   813.66420802600328        4.2561564711175260E-006   32997442.806643087             2170
   814.03925490686345        4.2514070653932124E-006   32997628.733140543             2171
   814.41430178772350        4.2467971098389355E-006   32997814.486123867             2172
   814.78934866858356        4.2420632306695595E-006   32998000.071581636             2173
   815.16439554944373        4.2374687685437688E-006   32998185.483994313             2174
   815.53944243030389        4.2327503494156269E-006   32998370.729351722             2175
   815.91448931116395        4.2281713143794195E-006   32998555.802131347             2176
   816.28953619202389        4.2234682891279654E-006   32998740.708324261             2177
   816.66458307288406        4.2189046151904976E-006   32998925.442404989             2178
   817.03962995374434        4.2142169179981636E-006   32999110.010365833             2179
   817.41467683460428        4.2096685395145073E-006   32999294.406678382             2180
   817.78972371546433        4.2049961049085646E-006   32999478.637336172             2181
   818.16477059632450        4.2004629565775322E-006   32999662.696807843             2182
   818.53981747718467        4.1958057194279234E-006   32999846.591088183             2183
   818.91486435804472        4.1912877362899542E-006   33000030.314642884             2184
   819.28991123890478        4.1866456318072003E-006   33000213.873467989             2185
   819.66495811976506        4.1821427492422431E-006   33000397.262026250             2186
   820.04000500062511        4.1775157129752979E-006   33000580.486314952             2187
   820.41505188148517        4.1730278667007120E-006   33000763.540793922             2188
   820.79009876234534        4.1684158345348973E-006   33000946.431461699             2189
   821.16514564320551        4.1639429606033357E-006   33001129.152775191             2190
   821.54019252406556        4.1593458687582623E-006   33001311.710734174             2191
   821.91523940492550        4.1548879035556414E-006   33001494.099792656             2192
   822.29028628578567        4.1503056885831197E-006   33001676.325951651             2193
   822.66533316664595        4.1458625688265366E-006   33001858.383662269             2194
   823.04038004750589        4.1412951676085487E-006   33002040.278926771             2195
   823.41542692836595        4.1368668303442447E-006   33002222.006193362             2196
   823.79047380922611        4.1323141800908955E-006   33002403.571465559             2197
   824.16552069008628        4.1279005626922309E-006   33002584.969188679             2198
   824.54056757094634        4.1233626009397399E-006   33002766.205367479             2199
   824.91561445180639        4.1189636411051748E-006   33002947.274444405             2200
   825.29066133266667        4.1144403057138547E-006   33003128.182425451             2201
   825.66570821352673        4.1100559414649559E-006   33003308.923750188             2202
   826.04075509438678        4.1055471706172428E-006   33003489.504425865             2203
   826.41580197524695        4.1011773402966930E-006   33003669.918889184             2204
   826.79084885610712        4.0966830724951379E-006   33003850.173148636             2205
   827.16589573696717        4.0923277147647752E-006   33004030.261638068             2206
   827.54094261782711        4.0878478888301119E-006   33004210.190367218             2207
   827.91598949868740        4.0835069426689544E-006   33004389.953767087             2208
   828.29103637954756        4.0790414977381209E-006   33004569.557848651             2209
   828.66608326040750        4.0747149024404489E-006   33004748.997040067             2210
   829.04113014126756        4.0702637779646731E-006   33004928.277353566             2211
   829.41617702212773        4.0659514731380733E-006   33005107.393214457             2212
   829.79122390298789        4.0615146088809359E-006   33005286.350636218             2213
   830.16627078384795        4.0572165344444051E-006   33005465.144041337             2214
   830.54131766470800        4.0527938704799454E-006   33005643.779444542             2215
   830.91636454556829        4.0485099666619658E-006   33005822.251265489             2216
   831.29141142642834        4.0441014433727718E-006   33006000.565520152             2217
   831.66645830728839        4.0398316507094613E-006   33006178.716625374             2218
   832.04150518814856        4.0354372087847945E-006   33006356.710598376             2219
   832.41655206900873        4.0311814681179923E-006   33006534.541853201             2220
   832.79159894986878        4.0268010485519264E-006   33006712.216408297             2221
   833.16664583072873        4.0225593010273523E-006   33006889.728674922             2222
   833.54169271158901        4.0181928451168924E-006   33007067.084672768             2223
   833.91673959244918        4.0139650321822885E-006   33007244.278810292             2224
   834.29178647330912        4.0096124815255649E-006   33007421.317108445             2225
   834.66683335416917        4.0053985449288695E-006   33007598.193972882             2226
   835.04188023502934        4.0010598414232717E-006   33007774.915425807             2227
   835.41692711588951        3.9968597232107811E-006   33007951.475870095             2228
   835.79197399674956        3.9925348090511725E-006   33008127.881329197             2229
   836.16702087760962        3.9883484515657520E-006   33008304.126203217             2230
   836.54206775846978        3.9840372692426452E-006   33008480.216516845             2231
   836.91711463932995        3.9798646151219040E-006   33008656.146667428             2232
   837.29216152019001        3.9755671074196827E-006   33008831.922680900             2233
   837.66720840105017        3.9714080995942153E-006   33009007.538951844             2234
   838.04225528191034        3.9671242095893381E-006   33009183.001507439             2235
   838.41730216277040        3.9629787912809395E-006   33009358.304739516             2236
   838.79234904363034        3.9587084623401967E-006   33009533.454676501             2237
   839.16739592449062        3.9545765770600956E-006   33009708.445707481             2238
   839.54244280535079        3.9503197528388309E-006   33009883.283862140             2239
   839.91748968621073        3.9462013443859567E-006   33010057.963526811             2240
   840.29253656707078        3.9419579688263489E-006   33010232.490732417             2241
   840.66758344793095        3.9378529812855785E-006   33010406.859862573             2242
   841.04263032879112        3.9336229986148973E-006   33010581.076949444             2243
   841.41767720965117        3.9295313763553580E-006   33010755.136373922             2244
   841.79272409051123        3.9253147310842532E-006   33010929.044169415             2245
   842.16777097137140        3.9212364187575833E-006   33011102.794714093             2246
   842.54281785223156        3.9170330556783634E-006   33011276.394042611             2247
   842.91786473309162        3.9129679982170325E-006   33011449.836530432             2248
   843.29291161395179        3.9087778624020020E-006   33011623.128213454             2249
   843.66795849481196        3.9047260050176042E-006   33011796.263464432             2250
   844.04300537567201        3.9005490418173611E-006   33011969.248320509             2251
   844.41805225653195        3.8965103299989606E-006   33012142.077151746             2252
   844.79309913739223        3.8923464850407134E-006   33012314.755996525             2253
   845.16814601825240        3.8883208645531616E-006   33012487.279222224             2254
   845.54319289911234        3.8841700837391066E-006   33012659.652868457             2255
   845.91823977997240        3.8801575006214089E-006   33012831.871299922             2256
   846.29328666083256        3.8760197301270465E-006   33013003.940557487             2257
   846.66833354169273        3.8720201306906989E-006   33013175.855003167             2258
   847.04338042255279        3.8678953169632266E-006   33013347.620679062             2259
   847.41842730341284        3.8639086477906003E-006   33013519.231944524             2260
   847.79347418427301        3.8597967375472623E-006   33013690.694842905             2261
   848.16852106513318        3.8558229454899799E-006   33013862.003730882             2262
   848.54356794599323        3.8517238857164773E-006   33014033.164653044             2263
   848.91861482685340        3.8477629178938043E-006   33014204.171963427             2264
   849.29366170771357        3.8436766558426790E-006   33014375.031707853             2265
   849.66870858857362        3.8397284596399392E-006   33014545.738237698             2266
   850.04375546943356        3.8356549428289935E-006   33014716.297600042             2267
   850.41880235029384        3.8317194658959600E-006   33014886.704143617             2268
   850.79384923115401        3.8276586421066655E-006   33015056.963916723             2269
   851.16889611201395        3.8237358323560129E-006   33015227.071265474             2270
   851.54394299287401        3.8196876496319522E-006   33015397.032239411             2271
   851.91898987373418        3.8157774552376665E-006   33015566.841182005             2272
   852.29403675459446        3.8117418618829611E-006   33015736.504144046             2273
   852.66908363545440        3.8078442312788096E-006   33015906.015466377             2274
   853.04413051631445        3.8038211758565821E-006   33016075.381201029             2275
   853.41917739717462        3.7999360577345576E-006   33016244.595686231             2276
   853.79422427803479        3.7959254890653939E-006   33016413.664975245             2277
   854.16927115889484        3.7920528323741883E-006   33016582.583403692             2278
   854.54431803975478        3.7880546995346170E-006   33016751.357026078             2279
   854.91936492061518        3.7841944534780910E-006   33016919.980175413             2280
   855.29441180147523        3.7802087057990502E-006   33017088.458907448             2281
   855.66945868233529        3.7763608198347491E-006   33017256.787552595             2282
   856.04450556319546        3.7723874069000936E-006   33017424.972167831             2283
   856.41955244405563        3.7685518307377096E-006   33017593.007080983             2284
   856.79459932491568        3.7645907023827152E-006   33017760.898350265             2285
   857.16964620577562        3.7607673859826347E-006   33017928.640300922             2286
   857.54469308663579        3.7568184922925105E-006   33018096.238992404             2287
   857.91973996749607        3.7530073858642983E-006   33018263.688747380             2288
   858.29478684835601        3.7490706771727186E-006   33018430.995626524             2289
   858.66983372921607        3.7452717311736769E-006   33018598.153949942             2290
   859.04488061007623        3.7413471580612988E-006   33018765.169779543             2291
   859.41992749093640        3.7375603231949825E-006   33018932.037432864             2292
   859.79497437179646        3.7336478364880185E-006   33019098.762973059             2293
   860.17002125265651        3.7298730637028123E-006   33019265.340715095             2294
   860.54506813351679        3.7259726144715563E-006   33019431.776723363             2295
   860.92011501437685        3.7222098549592098E-006   33019598.065310273             2296
   861.29516189523690        3.7183213945166257E-006   33019764.212541457             2297
   861.67020877609707        3.7145705997108370E-006   33019930.212726776             2298
   862.04525565695724        3.7106940796111111E-006   33020096.071933091             2299
   862.42030253781729        3.7069552011861103E-006   33020261.784467727             2300
   862.79534941867723        3.7030905732232603E-006   33020427.356398776             2301
   863.17039629953740        3.6993635630923839E-006   33020592.782031037             2302
   863.54544318039768        3.6955107792988195E-006   33020758.067433819             2303
   863.92049006125762        3.6917955896131222E-006   33020923.206909403             2304
   864.29553694211768        3.6879546022582929E-006   33021088.206528321             2305
   864.67058382297785        3.6842511854051497E-006   33021253.060590338             2306
   865.04563070383801        3.6804219469941191E-006   33021417.775167223             2307
   865.42067758469807        3.6767302555958420E-006   33021582.344556216             2308
   865.79572446555812        3.6729127188679324E-006   33021746.774830323             2309
   866.17077134641829        3.6692327057803976E-006   33021911.060284272             2310
   866.54581822727846        3.6654268237078071E-006   33022075.206992298             2311
   866.92086510813851        3.6617584420191019E-006   33022239.209246628             2312
   867.29591198899868        3.6579641678055598E-006   33022403.073122714             2313
   867.67095886985885        3.6543073708346084E-006   33022566.792910296             2314
   868.04600575071890        3.6505246579140070E-006   33022730.374686062             2315
   868.42105263157885        3.6468793992092465E-006   33022893.812737253             2316
   868.79609951243901        3.6431082012443193E-006   33023057.113141783             2317
   869.17114639329930        3.6394744345823384E-006   33023220.270184409             2318
   869.54619327415924        3.6357147054633245E-006   33023383.289944272             2319
   869.92124015501929        3.6320923848475622E-006   33023546.166703653             2320
   870.29628703587946        3.6283440786908656E-006   33023708.906542916             2321
   870.67133391673963        3.6247331583502706E-006   33023871.503741875             2322
   871.04638079759968        3.6209962294971773E-006   33024033.964382112             2323
   871.42142767845974        3.6173966638849243E-006   33024196.282740980             2324
   871.79647455931990        3.6136710669002640E-006   33024358.464901283             2325
   872.17152144018007        3.6100828106924275E-006   33024520.505137920             2326
   872.54656832104013        3.6063685003633013E-006   33024682.409534909             2327
   872.92161520190029        3.6027915084575741E-006   33024844.172364697             2328
   873.29666208276046        3.5990884397920530E-006   33025005.799712535             2329
   873.67170896362052        3.5955226673064670E-006   33025167.285848413             2330
   874.04675584448046        3.5918307955323230E-006   33025328.636858806             2331
   874.42180272534063        3.5882761978039609E-006   33025489.847011264             2332
   874.79684960620091        3.5845954783673788E-006   33025650.922393478             2333
   875.17189648706085        3.5810520109511253E-006   33025811.857270569             2334
   875.54694336792090        3.5773823995154725E-006   33025972.657731440             2335
   875.92199024878107        3.5738500181827431E-006   33026133.318038795             2336
   876.29703712964124        3.5701914706272769E-006   33026293.844282750             2337
   876.67208401050129        3.5666701313647797E-006   33026454.230723582             2338
   877.04713089136135        3.5630226037834402E-006   33026614.483452629             2339
   877.42217777222152        3.5595122627919184E-006   33026774.596727747             2340
   877.79722465308168        3.5558757114920620E-006   33026934.576641500             2341
   878.17227153394174        3.5523763251850768E-006   33027094.417449329             2342
   878.54731841480191        3.5487507066862635E-006   33027254.125245005             2343
   878.92236529566208        3.5452622316889614E-006   33027413.694281582             2344
   879.29741217652213        3.5416475027217291E-006   33027573.130654030             2345
   879.67245905738207        3.5381698958696335E-006   33027732.428613011             2346
   880.04750593824235        3.5345660133742842E-006   33027891.594254717             2347
   880.42255281910252        3.5310992317120801E-006   33028050.621827405             2348
   880.79759969996246        3.5275061528374818E-006   33028209.517428480             2349
   881.17264658082252        3.5240501536178137E-006   33028368.275303818             2350
   881.54769346168268        3.5204678357201952E-006   33028526.901552044             2351
   881.92274034254285        3.5170225764024767E-006   33028685.390416637             2352
   882.29778722340291        3.5134509770442505E-006   33028843.747997440             2353
   882.67283410426296        3.5100164152934882E-006   33029001.968535565             2354
   883.04788098512313        3.5064554922420559E-006   33029160.058132056             2355
   883.42292786598330        3.5030315859276585E-006   33029318.011025660             2356
   883.79797474684335        3.4994812971542535E-006   33029475.833318628             2357
   884.17302162770329        3.4960680043488770E-006   33029633.519247346             2358
   884.54806850856369        3.4925283080273839E-006   33029791.074915271             2359
   884.92311538942374        3.4891255870057568E-006   33029948.494556434             2360
   885.29816227028368        3.4855964415115722E-006   33030105.784275502             2361
   885.67320915114396        3.4822042507493517E-006   33030262.938304152             2362
   886.04825603200413        3.4786856146582132E-006   33030419.962748256             2363
   886.42330291286407        3.4753039128308417E-006   33030576.851837147             2364
   886.79834979372413        3.4717957449177036E-006   33030733.611677904             2365
   887.17339667458430        3.4684244908992625E-006   33030890.236497518             2366
   887.54844355544446        3.4649267501371481E-006   33031046.732404277             2367
   887.92349043630452        3.4615659029992285E-006   33031203.093622837             2368
   888.29853731716457        3.4580785485581194E-006   33031359.326262679             2369
   888.67358419802474        3.4547280675687013E-006   33031515.424546137             2370
   889.04863107888491        3.4512510588144010E-006   33031671.394583900             2371
   889.42367795974496        3.4479109034367386E-006   33031827.230595984             2372
   889.79872484060490        3.4444441999297715E-006   33031982.938694265             2373
   890.17377172146530        3.4411143298212740E-006   33032138.513096448             2374
   890.54881860232535        3.4376578913157734E-006   33032293.959915612             2375
   890.92386548318530        3.4343382663269272E-006   33032449.273367152             2376
   891.29891236404558        3.4308920527695426E-006   33032604.459565349             2377
   891.67395924490575        3.4275826329427855E-006   33032759.512723282             2378
   892.04900612576569        3.4241466044715937E-006   33032914.438956439             2379
   892.42405300662574        3.4208473500402582E-006   33033069.232475597             2380
   892.79909988748591        3.4174214669836702E-006   33033223.899397440             2381
   893.17414676834608        3.4141323383708804E-006   33033378.433930457             2382
   893.54919364920613        3.4107165612465735E-006   33033532.842192519             2383
   893.92424053006619        3.4074375190641911E-006   33033687.118389834             2384
   894.29928741092635        3.4040318085780374E-006   33033841.268641472             2385
   894.67433429178652        3.4007628136255789E-006   33033995.287151348             2386
   895.04938117264658        3.3973671306705874E-006   33034149.180039730             2387
   895.42442805350652        3.3941081439341798E-006   33034302.941508260             2388
   895.79947493436691        3.3907224495894269E-006   33034456.577678401             2389
   896.17452181522697        3.3874734322407428E-006   33034610.082749516             2390
   896.54956869608691        3.3840976877703482E-006   33034763.462844260             2391
   896.92461557694719        3.3808586011655718E-006   33034916.712159734             2392
   897.29966245780736        3.3774927680176258E-006   33035069.836819787             2393
   897.67470933866730        3.3742635736964143E-006   33035222.831019256             2394
   898.04975621952735        3.3709076135019710E-006   33035375.700883180             2395
   898.42480310038752        3.3676882731864126E-006   33035528.440604147             2396
   898.79984998124769        3.3643421477584429E-006   33035681.056308374             2397
   899.17489686210774        3.3611326233520432E-006   33035833.542186204             2398
   899.54994374296780        3.3577962946844320E-006   33035985.904365048             2399
   899.92499062382797        3.3545965482710885E-006   33036138.137033008             2400
   900.30003750468813        3.3512699785375946E-006   33036290.246318668             2401
   900.67508438554819        3.3480799723805918E-006   33036442.226407897             2402
   901.05013126640813        3.3447631239338698E-006   33036594.083430469             2403
   901.42517814726841        3.3415828204748618E-006   33036745.811570019             2404
   901.80022502812858        3.3382756558454314E-006   33036897.416957501             2405
   902.17527190898852        3.3351050177034646E-006   33037048.893774334             2406
   902.55031878984880        3.3318074995987365E-006   33037200.248152643             2407
   902.92536567070897        3.3286464895692330E-006   33037351.474271625             2408
   903.30041255156891        3.3253585808725109E-006   33037502.578264605             2409
   903.67545943242897        3.3222071619263048E-006   33037653.554308545             2410
   904.05050631328913        3.3189288256958019E-006   33037804.408537950             2411
   904.42555319414942        3.3157869609781445E-006   33037955.135127589             2412
   904.80060007500936        3.3125181604460123E-006   33038105.740213137             2413
   905.17564695586941        3.3093858132756124E-006   33038256.217967156             2414
   905.55069383672958        3.3061265118469653E-006   33038406.574526496             2415
   905.92574071758975        3.3030036457150059E-006   33038556.804061528             2416
   906.30078759844980        3.2997538069669678E-006   33038706.912710276             2417
   906.67583447930974        3.2966403855361632E-006   33038856.894640919             2418
   907.05088136017002        3.2933999732168967E-006   33039006.755992651             2419
   907.42592824103019        3.2902959603205256E-006   33039156.490931462             2420
   907.80097512189025        3.2870649383482948E-006   33039306.105597738             2421
   908.17602200275041        3.2839702979892624E-006   33039455.594155267             2422
   908.55106888361058        3.2807486304514722E-006   33039604.962745607             2423
   908.92611576447064        3.2776633268013645E-006   33039754.205530383             2424
   909.30116264533058        3.2744509779536406E-006   33039903.328652315             2425
   909.67620952619075        3.2713749753517763E-006   33040052.326270860             2426
   910.05125640705103        3.2681719096170114E-006   33040201.204529911             2427
   910.42630328791097        3.2651051725695331E-006   33040349.957586747             2428
   910.80135016877102        3.2619113545369799E-006   33040498.591586441             2429
   911.17639704963119        3.2588538477159116E-006   33040647.100684106             2430
   911.55144393049136        3.2556692421402475E-006   33040795.491025988             2431
   911.92649081135141        3.2526209303825975E-006   33040943.756765042             2432
   912.30153769221147        3.2494455021830149E-006   33041091.904048678             2433
   912.67658457307164        3.2464063504898369E-006   33041239.927027702             2434
   913.05163145393180        3.2432400647491344E-006   33041387.831850685             2435
   913.42667833479186        3.2402100382846464E-006   33041535.612666301             2436
   913.80172521565203        3.2370528602483289E-006   33041683.275624275             2437
   914.17677209651220        3.2340319243389920E-006   33041830.814871140             2438
   914.55181897737225        3.2308838194143674E-006   33041978.236557789             2439
   914.92686585823219        3.2278719395480070E-006   33042125.534828622             2440
   915.30191273909236        3.2247328733032902E-006   33042272.715835683             2441
   915.67695961995264        3.2217300151281969E-006   33042419.773721252             2442
   916.05200650081258        3.2185999532916378E-006   33042566.714638531             2443
   916.42705338167264        3.2156060826156972E-006   33042713.532727674             2444
   916.80210026253280        3.2124849910746829E-006   33042860.234143049             2445
   917.17714714339297        3.2095000738644751E-006   33043006.813022684             2446
   917.55219402425303        3.2063879186646705E-006   33043153.275522109             2447
   917.92724090511308        3.2034119210446209E-006   33043299.615777235             2448
   918.30228778597325        3.2003086683890877E-006   33043445.839944746             2449
   918.67733466683342        3.1973415566405825E-006   33043591.942158453             2450
   919.05238154769347        3.1942471728889266E-006   33043737.928576190             2451
   919.42742842855341        3.1912889134494663E-006   33043883.793329664             2452
   919.80247530941381        3.1882033651169613E-006   33044029.542577866             2453
   920.17752219027386        3.1852539245792930E-006   33044175.170450404             2454
   920.55256907113380        3.1821771783360521E-006   33044320.683107421             2455
   920.92761595199397        3.1792365234473274E-006   33044466.074676432             2456
   921.30266283285425        3.1761685461174320E-006   33044611.351318728             2457
   921.67770971371419        3.1732366437783665E-006   33044756.507159747             2458
   922.05275659457425        3.1701774023390429E-006   33044901.548361920             2459
   922.42780347543442        3.1672542196030580E-006   33045046.469048601             2460
   922.80285035629458        3.1642036811838238E-006   33045191.275383372             2461
   923.17789723715464        3.1612891852562306E-006   33045335.961487513             2462
   923.55294411801469        3.1582473171380796E-006   33045480.533525757             2463
   923.92799099887486        3.1553414753752384E-006   33045624.985617310             2464
   924.30303787973503        3.1523082449897962E-006   33045769.323928043             2465
   924.67808476059508        3.1494110248983022E-006   33045913.542575091             2466
   925.05313164145502        3.1463863998270239E-006   33046057.647725478             2467
   925.42817852231542        3.1434977690628777E-006   33046201.633494284             2468
   925.80322540317547        3.1404817170362173E-006   33046345.506049670             2469
   926.17827228403542        3.1376016434040313E-006   33046489.259504654             2470
   926.55331916489558        3.1345941323006390E-006   33046632.900028538             2471
   926.92836604575587        3.1317225837528025E-006   33046776.421732295             2472
   927.30341292661581        3.1287235815987164E-006   33046919.830786366             2473
   927.67845980747586        3.1258605262346139E-006   33047063.121299677             2474
   928.05350668833603        3.1228700012024537E-006   33047206.299443804             2475
   928.42855356919620        3.1200154072676568E-006   33047349.359325636             2476
   928.80360045005625        3.1170333276758424E-006   33047492.307117887             2477
   929.17864733091631        3.1141871635613176E-006   33047635.136925399             2478
   929.55369421177647        3.1112134978732665E-006   33047777.854922034             2479
   929.92874109263664        3.1083757321145864E-006   33047920.455210607             2480
   930.30378797349670        3.1054104489379324E-006   33048062.943966098             2481
   930.67883485435664        3.1025810502144978E-006   33048205.315289304             2482
   931.05388173521703        3.0996241183003028E-006   33048347.575356338             2483
   931.42892861607709        3.0968030554345570E-006   33048489.718265977             2484
   931.80397549693703        3.0938544436765550E-006   33048631.750195466             2485
   932.17902237779731        3.0910416856332118E-006   33048773.665241558             2486
   932.55406925865748        3.0881013630670118E-006   33048915.469582640             2487
   932.92911613951742        3.0852968789522969E-006   33049057.157313444             2488
   933.30416302037747        3.0823648147546373E-006   33049198.734613489             2489
   933.67920990123764        3.0795685738155106E-006   33049340.195575513             2490
   934.05425678209781        3.0766447373034846E-006   33049481.546380140             2491
   934.42930366295786        3.0738567089268899E-006   33049622.781118114             2492
   934.80435054381792        3.0709410695571998E-006   33049763.905971192             2493
   935.17939742467809        3.0681612232693054E-006   33049904.915028121             2494
   935.55444430553825        3.0652537506374993E-006   33050045.814471778             2495
   935.92949118639831        3.0624820561029560E-006   33050186.598388918             2496
   936.30453806725825        3.0595827199426939E-006   33050327.272963542             2497
   936.67958494811853        3.0568191469638776E-006   33050467.832280416             2498
   937.05463182897870        3.0539279171461742E-006   33050608.282524664             2499
   937.42967870983864        3.0511724356624600E-006   33050748.617779080             2500
   937.80472559069892        3.0482892821949573E-006   33050888.844229896             2501
   938.17977247155909        3.0455418622819683E-006   33051028.955957931             2502
   938.55481935241903        3.0426667553081958E-006   33051168.959150545             2503
   938.92986623327909        3.0399273671770894E-006   33051308.847886574             2504
   939.30491311413925        3.0370602769757362E-006   33051448.628354497             2505
   939.67995999499942        3.0343288909724644E-006   33051588.294631187             2506
   940.05500687585948        3.0314697879566669E-006   33051727.852906238             2507
   940.43005375671953        3.0287463745612586E-006   33051867.297254562             2508
   940.80510063757970        3.0258952292778616E-006   33052006.633866858             2509
   941.18014751843987        3.0231797591037044E-006   33052145.856816083             2510
   941.55519439929992        3.0203365422325553E-006   33052284.972294062             2511
   941.93024128015986        3.0176289860256829E-006   33052423.974371798             2512
   942.30528816102014        3.0147936683789183E-006   33052562.869242210             2513
   942.68033504188031        3.0120939970173007E-006   33052701.650974363             2514
   943.05538192274025        3.0092665495386492E-006   33052840.325762291             2515
   943.43042880360053        3.0065747340314912E-006   33052978.887673113             2516
   943.80547568446070        3.0037551277955565E-006   33053117.342901967             2517
   944.18052256532064        3.0010711392825960E-006   33053255.685514037             2518
   944.55556944618070        2.9982593454941696E-006   33053393.921705566             2519
   944.93061632704087        2.9955831552449778E-006   33053532.045539808             2520
   945.30566320790103        2.9927791452383390E-006   33053670.063214108             2521
   945.68071008876109        2.9901107246516368E-006   33053807.968789797             2522
   946.05575696962114        2.9873144698898704E-006   33053945.768465318             2523
   946.43080385048131        2.9846537904928312E-006   33054083.456300080             2524
   946.80585073134148        2.9818652625671353E-006   33054221.038493630             2525
   947.18089761220153        2.9792122960147171E-006   33054358.509103458             2526
   947.55594449306147        2.9764314666437251E-006   33054495.874330211             2527
   947.93099137392176        2.9737861847179719E-006   33054633.128229465             2528
   948.30603825478192        2.9710130257470773E-006   33054770.277002960             2529
   948.68108513564187        2.9683754003564657E-006   33054907.314704377             2530
   949.05613201650192        2.9656098837571471E-006   33055044.247536540             2531
   949.43117889736232        2.9629798869358968E-006   33055181.069551229             2532
   949.80622577822226        2.9602219848050487E-006   33055317.786952369             2533
   950.18127265908231        2.9575995887124683E-006   33055454.393789832             2534
   950.55631953994248        2.9548492732717409E-006   33055590.896268643             2535
   950.93136642080265        2.9522344501915570E-006   33055727.288436782             2536
   951.30641330166270        2.9494916937866951E-006   33055863.576500364             2537
   951.68146018252276        2.9468844161264098E-006   33055999.754505482             2538
   952.05650706338292        2.9441491912265920E-006   33056135.828659333             2539
   952.43155394424309        2.9415494315168057E-006   33056271.793006126             2540
   952.80660082510315        2.9388217107140008E-006   33056407.653754156             2541
   953.18164770596309        2.9362294416077816E-006   33056543.404945746             2542
   953.55669458682337        2.9335091976160862E-006   33056679.052790273             2543
   953.93174146768354        2.9309243918883159E-006   33056814.591328204             2544
   954.30678834854348        2.9282115975433282E-006   33056950.026769981             2545
   954.68183522940353        2.9256342280900600E-006   33057085.353154205             2546
   955.05688211026393        2.9229288563482242E-006   33057220.576692414             2547
   955.43192899112387        2.9203588961860427E-006   33057355.691421326             2548
   955.80697587198392        2.9176609201240303E-006   33057490.703553569             2549
   956.18202275284409        2.9150983423894170E-006   33057625.607124008             2550
   956.55706963370437        2.9124077352034692E-006   33057760.408346344             2551
   956.93211651456431        2.9098525131521863E-006   33057895.101253580             2552
   957.30716339542437        2.9071692481575046E-006   33058029.692060504             2553
   957.68221027628454        2.9046213551639421E-006   33058164.174798273             2554
   958.05725715714470        2.9019454057940544E-006   33058298.555682737             2555
   958.43230403800476        2.8994048153506271E-006   33058432.828743212             2556
   958.80735091886470        2.8967361551567749E-006   33058567.000196632             2557
   959.18239779972498        2.8942028408732968E-006   33058701.064070463             2558
   959.55744468058515        2.8915414435238084E-006   33058835.026582707             2559
   959.93249156144520        2.8890153791268790E-006   33058968.881759007             2560
   960.30753844230514        2.8863612184065645E-006   33059102.635818433             2561
   960.68258532316554        2.8838423777389495E-006   33059236.282784782             2562
   961.05763220402559        2.8811954275484836E-006   33059369.828878205             2563
   961.43267908488554        2.8786837845685244E-006   33059503.268120680             2564
   961.80772596574570        2.8760440189238473E-006   33059636.606733415             2565
   962.18277284660599        2.8735395477048331E-006   33059769.838736560             2566
   962.55781972746593        2.8709069407365418E-006   33059902.970352404             2567
   962.93286660832598        2.8684096154661330E-006   33060035.995599274             2568
   963.30791348918615        2.8657841414188863E-006   33060168.920700513             2569
   963.68296037004632        2.8632939363984932E-006   33060301.739672650             2570
   964.05800725090637        2.8606755696304138E-006   33060434.458740082             2571
   964.43305413176643        2.8581924592746236E-006   33060567.071917526             2572
   964.80810101262659        2.8555811742567072E-006   33060699.585430451             2573
   965.18314789348676        2.8531051330926863E-006   33060831.993291762             2574
   965.55819477434682        2.8505009044082169E-006   33060964.301727988             2575
   965.93324165520676        2.8480319070751258E-006   33061096.504750237             2576
   966.30828853606693        2.8454347094190843E-006   33061228.608586092             2577
   966.68333541692721        2.8429727306674888E-006   33061360.607244875             2578
   967.05838229778715        2.8403825388459813E-006   33061492.506955218             2579
   967.43342917864732        2.8379275535372792E-006   33061624.301724650             2580
   967.80847605950760        2.8353443424669493E-006   33061755.997782864             2581
   968.18352294036754        2.8328963255727947E-006   33061887.589135598             2582
   968.55856982122759        2.8303200702802603E-006   33062019.082013596             2583
   968.93361670208776        2.8278789968819888E-006   33062150.470420823             2584
   969.30866358294793        2.8253096725032572E-006   33062281.760589071             2585
   969.68371046380798        2.8228755177913246E-006   33062412.946520522             2586
   970.05875734466804        2.8203130995712408E-006   33062544.034448024             2587
   970.43380422552821        2.8178858388446407E-006   33062675.018371984             2588
   970.80885110638837        2.8153303021363121E-006   33062805.904526297             2589
   971.18389798724843        2.8129099108020343E-006   33062936.686909609             2590
   971.55894486810837        2.8103612310662785E-006   33063067.371756852             2591
   971.93399174896854        2.8079476846387332E-006   33063197.953064911             2592
   972.30903862982882        2.8054058374435142E-006   33063328.437069762             2593
   972.68408551068876        2.8029991115439886E-006   33063458.817766532             2594
   973.05913239154893        2.8004640725638688E-006   33063589.101392243             2595
   973.43417927240921        2.7980641429199639E-006   33063719.281940259             2596
   973.80922615326915        2.7955358879355526E-006   33063849.365648650             2597
   974.18427303412921        2.7931427303806479E-006   33063979.346509032             2598
   974.55931991498937        2.7906212352780475E-006   33064109.230760507             2599
   974.93436679584954        2.7882348257507417E-006   33064239.012392946             2600
   975.30941367670960        2.7857200665210142E-006   33064368.697646495             2601
   975.68446055756965        2.7833403810645959E-006   33064498.280509282             2602
   976.05950743842982        2.7808323338032113E-006   33064627.767222483             2603
   976.43455431928999        2.7784593485651104E-006   33064757.151772492             2604
   976.80960120015004        2.7759579894714223E-006   33064886.440401521             2605
   977.18464808100998        2.7735916807026773E-006   33065015.627094232             2606
   977.55969496187015        2.7710969860793698E-006   33065144.718093865             2607
   977.93474184273043        2.7687373301340984E-006   33065273.707383357             2608
   978.30978872359037        2.7662492763866798E-006   33065402.601206981             2609
   978.68483560445054        2.7638962497215435E-006   33065531.393545952             2610
   979.05988248531082        2.7614148133577971E-006   33065660.090645559             2611
   979.43492936617076        2.7590683925314781E-006   33065788.686485309             2612
   979.80997624703082        2.7565935501609487E-006   33065917.187311523             2613
   980.18502312789099        2.7542537118336261E-006   33066045.587101985             2614
   980.56007000875115        2.7517854401670901E-006   33066173.892104030             2615
   980.93511688961121        2.7494521610999225E-006   33066302.096293751             2616
   981.31016377047126        2.7469904369488842E-006   33066430.205919504             2617
   981.68521065133143        2.7446636940034868E-006   33066558.214955665             2618
   982.06025753219160        2.7422084942796465E-006   33066686.129651625             2619
   982.43530441305165        2.7398882644175847E-006   33066813.943980049             2620
   982.81035129391159        2.7374395661323341E-006   33066941.664191350             2621
   983.18539817477176        2.7351258264146046E-006   33067069.284256499             2622
   983.56044505563204        2.7326836066785133E-006   33067196.810426921             2623
   983.93549193649199        2.7303763342650498E-006   33067324.236671899             2624
   984.31053881735204        2.7279405702873713E-006   33067451.569243874             2625
   984.68558569821244        2.7256397424365165E-006   33067578.802110441             2626
   985.06063257907238        2.7232104115246672E-006   33067705.941525053             2627
   985.43567945993243        2.7209160055926986E-006   33067832.981453624             2628
   985.81072634079260        2.7184930851517660E-006   33067959.928150617             2629
   986.18577322165277        2.7162050785923686E-006   33068086.775580268             2630
   986.56082010251282        2.7137885461246196E-006   33068213.529998053             2631
   986.93586698337288        2.7115069164884131E-006   33068340.185366526             2632
   987.31091386423304        2.7090967495927858E-006   33068466.747942179             2633
   987.68596074509321        2.7068214745268179E-006   33068593.211685900             2634
   988.06100762595327        2.7044176508984459E-006   33068719.582855172             2635
   988.43605450681321        2.7021487081457117E-006   33068845.855409227             2636
   988.81110138767349        2.6997512055754173E-006   33068972.035606556             2637
   989.18614826853366        2.6974885729743603E-006   33069098.117404722             2638
   989.56119514939360        2.6950973693481826E-006   33069224.107063219             2639
   989.93624203025365        2.6928410248322251E-006   33069349.998537954             2640
   990.31128891111405        2.6904560981309332E-006   33069475.798089426             2641
   990.68633579197399        2.6882060197279785E-006   33069601.499671888             2642
   991.06138267283404        2.6858273480265959E-006   33069727.109546833             2643
   991.43642955369421        2.6835835138585605E-006   33069852.621666875             2644
   991.81147643455438        2.6812110753258738E-006   33069978.042294499             2645
   992.18652331541443        2.6789734636082112E-006   33070103.365380671             2646
   992.56157019627449        2.6766072365063130E-006   33070228.597188871             2647
   992.93661707713466        2.6743758255475319E-006   33070353.731668431             2648
   993.31166395799482        2.6720157882313341E-006   33070478.775083829             2649
   993.68671083885488        2.6697905564325440E-006   33070603.721382752             2650
   994.06175771971482        2.6674366873493162E-006   33070728.576830674             2651
   994.43680460057510        2.6652176132037391E-006   33070853.335373644             2652
   994.81185148143527        2.6628698908926374E-006   33070978.003278133             2653
   995.18689836229521        2.6606569529851572E-006   33071102.574488565             2654
   995.56194524315526        2.6583153560767690E-006   33071227.055272393             2655
   995.93699212401566        2.6561085330834664E-006   33071351.439572420             2656
   996.31203900487560        2.6537730402993418E-006   33071475.733657084             2657
   996.68708588573566        2.6515723109870351E-006   33071599.931467570             2658
   997.06213276659582        2.6492429011392353E-006   33071724.039273307             2659
   997.43717964745599        2.6470482443650203E-006   33071848.051013861             2660
   997.81222652831605        2.6447248963556581E-006   33071971.972959634             2661
   998.18727340917610        2.6425362910664558E-006   33072095.799048591             2662
   998.56232029003627        2.6402189838872379E-006   33072219.535552125             2663
   998.93736717089644        2.6380364091193417E-006   33072343.176406577             2664
   999.31241405175649        2.6357251218511296E-006   33072466.727884326             2665
   999.68746093261643        2.6335485567297589E-006   33072590.183920112             2666
   1000.0625078134767        2.6312432685421127E-006   33072713.550787281             2667
   1000.4375546943369        2.6290726922809629E-006   33072836.822418995             2668
   1000.8126015751968        2.6267733824317003E-006   33072960.005089566             2669
   1001.1876484560569        2.6246087743325088E-006   33073083.092730556             2670
   1001.5626953369170        2.6223154221672569E-006   33073206.091617260             2671
   1001.9377422177772        2.6201567616193455E-006   33073328.995679643             2672
   1002.3127890986373        2.6178693465711127E-006   33073451.811193977             2673
   1002.6878359794974        2.6157166130509654E-006   33073574.532088641             2674
   1003.0628828603576        2.6134351146396860E-006   33073697.164640866             2675
   1003.4379297412177        2.6112882877105008E-006   33073819.702777464             2676
   1003.8129766220777        2.6090126855426204E-006   33073942.152776632             2677
   1004.1880235029379        2.6068717448538816E-006   33074064.508563600             2678
   1004.5630703837980        2.6046020186219140E-006   33074186.776417539             2679
   1004.9381172646581        2.6024669439089613E-006   33074308.950262096             2680
   1005.3131641455180        2.6002030733910587E-006   33074431.036377408             2681
   1005.6882110263783        2.5980738444746520E-006   33074553.028685562             2682
   1006.0632579072385        2.5958158095341765E-006   33074674.933467645             2683
   1006.4383047880984        2.5936924063200806E-006   33074796.744644187             2684
   1006.8133516689585        2.5914401869051845E-006   33074918.468497235             2685
   1007.1883985498187        2.5893225893837386E-006   33075040.098945756             2686
   1007.5634454306789        2.5870761655269350E-006   33075161.642272759             2687
   1007.9384923115389        2.5849643537726355E-006   33075283.092395652             2688
   1008.3135391923990        2.5827237055903826E-006   33075404.455598406             2689
   1008.6885860732593        2.5806176597614556E-006   33075525.725796867             2690
   1009.0636329541193        2.5783827674537441E-006   33075646.909275964             2691
   1009.4386798349793        2.5762824677917419E-006   33075767.999950003             2692
   1009.8137267158395        2.5740533116416696E-006   33075889.004104856             2693
   1010.1887735966997        2.5719587384710458E-006   33076009.915653292             2694
   1010.5638204775597        2.5697352988444140E-006   33076130.740882128             2695
   1010.9388673584197        2.5676464325721217E-006   33076251.473702598             2696
   1011.3139142392799        2.5654286899170129E-006   33076372.120402467             2697
   1011.6889611201401        2.5633455110320802E-006   33076492.674891427             2698
   1012.0640080010002        2.5611334458784664E-006   33076613.143458202             2699
   1012.4390548818601        2.5590559349516087E-006   33076733.520010941             2700
   1012.8141017627203        2.5568495279109357E-006   33076853.810839314             2701
   1013.1891486435806        2.5547776655941337E-006   33076974.009849954             2702
   1013.5641955244405        2.5525768973589182E-006   33077094.123333469             2703
   1013.9392424053005        2.5505106643850291E-006   33077214.145194959             2704
   1014.3142892861609        2.5483155157284550E-006   33077334.081725977             2705
   1014.6893361670209        2.5462548929108056E-006   33077453.926830120             2706
   1015.0643830478809        2.5440653446863368E-006   33077573.686799865             2707
   1015.4394299287411        2.5420103129183257E-006   33077693.355537284             2708
   1015.8144768096013        2.5398263460592913E-006   33077812.939335808             2709
   1016.1895236904613        2.5377768863140013E-006   33077932.432096001             2710
   1016.5645705713214        2.5355984818332227E-006   33078051.840112217             2711
   1016.9396174521816        2.5335545751630160E-006   33078171.157283518             2712
   1017.3146643330417        2.5313817141523948E-006   33078290.389905192             2713
   1017.6897112139018        2.5293433416885315E-006   33078409.531874795             2714
   1018.0647580947617        2.5271760053186748E-006   33078528.589488551             2715
   1018.4398049756219        2.5251431482709137E-006   33078647.556642514             2716
   1018.8148518564822        2.5229813177907346E-006   33078766.439633835             2717
   1019.1898987373421        2.5209539574469630E-006   33078885.232357077             2718
   1019.5649456182022        2.5187976141833085E-006   33079003.941110324             2719
   1019.9399924990626        2.5167757319091403E-006   33079122.559786636             2720
   1020.3150393799225        2.5146248572663930E-006   33079241.094685033             2721
   1020.6900862607826        2.5126084345048013E-006   33079359.539697081             2722
   1021.0651331416427        2.5104630099645125E-006   33079477.901122723             2723
   1021.4401800225029        2.5084520282354369E-006   33079596.172852051             2724
   1021.8152269033629        2.5063120353559416E-006   33079714.361185916             2725
   1022.1902737842230        2.5043064762559201E-006   33079832.460012950             2726
   1022.5653206650832        2.5021718966719560E-006   33079950.475634914             2727
   1022.9403675459433        2.5001717418737447E-006   33080068.401938956             2728
   1023.3154144268034        2.4980425572960848E-006   33080186.245227769             2729
   1023.6904613076633        2.4960477885482891E-006   33080303.999387022             2730
   1024.0655081885236        2.4939239807633636E-006   33080421.670720328             2731
   1024.4405550693837        2.4919345798900584E-006   33080539.253111884             2732
   1024.8156019502437        2.4898161307595918E-006   33080656.752866220             2733
   1025.1906488311038        2.4878320796599671E-006   33080774.163866077             2734
   1025.5656957119641        2.4857189711205981E-006   33080891.492416885             2735
   1025.9407425928241        2.4837402517685702E-006   33081008.732399926             2736
   1026.3157894736842        2.4816324658315068E-006   33081125.890121549             2737
   1026.6908363545444        2.4796590602753720E-006   33081242.959461585             2738
   1027.0658832354045        2.4775565790260017E-006   33081359.946727283             2739
   1027.4409301162646        2.4755884693880644E-006   33081476.845797021             2740
   1027.8159769971246        2.4734912749856101E-006   33081593.662978951             2741
   1028.1910238779847        2.4715284434618222E-006   33081710.392150015             2742
   1028.5660707588449        2.4694365181389665E-006   33081827.039619263             2743
   1028.9411176397050        2.4674789469985758E-006   33081943.599262189             2744
   1029.3161645205651        2.4653922730611257E-006   33082060.077388760             2745
   1029.6912114014251        2.4634399446463086E-006   33082176.467873018             2746
   1030.0662582822854        2.4613585044728177E-006   33082292.777025830             2747
   1030.4413051631454        2.4594114011983377E-006   33082408.998719808             2748
   1030.8163520440053        2.4573351772397664E-006   33082525.139266714             2749
   1031.1913989248656        2.4553932815926007E-006   33082641.192537736             2750
   1031.5664458057258        2.4533222563719564E-006   33082757.164845526             2751
   1031.9414926865857        2.4513855509109647E-006   33082873.050059840             2752
   1032.3165395674459        2.4493197070229546E-006   33082988.854494229             2753
   1032.6915864483062        2.4473881743785159E-006   33083104.572017025             2754
   1033.0666333291661        2.4453274944892002E-006   33083220.208942678             2755
   1033.4416802100261        2.4434011173628743E-006   33083335.759138092             2756
   1033.8167270908864        2.4413455842093171E-006   33083451.228918612             2757
   1034.1917739717467        2.4394243453734962E-006   33083566.612149723             2758
   1034.5668208526065        2.4373739417634312E-006   33083681.915147651             2759
   1034.9418677334666        2.4354578240610089E-006   33083797.131776486             2760
   1035.3169146143268        2.4334125328724787E-006   33083912.268353336             2761
   1035.6919614951869        2.4315015192164826E-006   33084027.318740871             2762
   1036.0670083760469        2.4294613233975144E-006   33084142.289257091             2763
   1036.4420552569070        2.4275553967707922E-006   33084257.173763268             2764
   1036.8171021377673        2.4255202793390511E-006   33084371.978578273             2765
   1037.1921490186273        2.4236194227939167E-006   33084486.697561983             2766
   1037.5671958994874        2.4215893668363807E-006   33084601.337034155             2767
   1037.9422427803477        2.4196935634942915E-006   33084715.890853256             2768
   1038.3172896612077        2.4176685521668981E-006   33084830.365339935             2769
   1038.6923365420678        2.4157777852181118E-006   33084944.754351262             2770
   1039.0673834229278        2.4137578017454430E-006   33085059.064208761             2771
   1039.4424303037879        2.4118720544486905E-006   33085173.288768116             2772
   1039.8174771846482        2.4098570821236354E-006   33085287.434351716             2773
   1040.1925240655082        2.4079763378057876E-006   33085401.494813874             2774
   1040.5675709463683        2.4059663599892091E-006   33085515.476477847             2775
   1040.9426178272283        2.4040906020449503E-006   33085629.373196565             2776
   1041.3176647080886        2.4020856021653611E-006   33085743.191294149             2777
   1041.6927115889487        2.4002148140568631E-006   33085856.924622156             2778
   1042.0677584698087        2.3982147756101023E-006   33085970.579505585             2779
   1042.4428053506688        2.3963489408666980E-006   33086084.149794612             2780
   1042.8178522315291        2.3943538474156042E-006   33086197.641815100             2781
   1043.1928991123891        2.3924929496334723E-006   33086311.049415857             2782
   1043.5679459932492        2.3905027848075686E-006   33086424.378923617             2783
   1043.9429928741094        2.3886468076494032E-006   33086537.624185815             2784
   1044.3180397549695        2.3866615551445694E-006   33086650.791530047             2785
   1044.6930866358293        2.3848104823392665E-006   33086763.874802388             2786
   1045.0681335166896        2.3828301259174216E-006   33086876.880331296             2787
   1045.4431803975499        2.3809839412597564E-006   33086989.801961493             2788
   1045.8182272784097        2.3790084647485474E-006   33087102.646022283             2789
   1046.1932741592698        2.3771671520988671E-006   33087215.406357039             2790
   1046.5683210401301        2.3751965393913491E-006   33087328.089295924             2791
   1046.9433679209901        2.3733600826752515E-006   33087440.688680954             2792
   1047.3184148018502        2.3713943177295794E-006   33087553.210843161             2793
   1047.6934616827102        2.3695627009376082E-006   33087665.649623204             2794
   1048.0685085635705        2.3676017677767188E-006   33087778.011352964             2795
   1048.4435554444306        2.3657749749640445E-006   33087890.289871760             2796
   1048.8186023252906        2.3638188576753574E-006   33088002.491512325             2797
   1049.1936492061507        2.3619968729614761E-006   33088114.610112641             2798
   1049.5686960870109        2.3600455556965724E-006   33088226.652006287             2799
   1049.9437429678710        2.3582283632649941E-006   33088338.611029908             2800
   1050.3187898487311        2.3562818302393272E-006   33088450.493517928             2801
   1050.6938367295911        2.3544694143372723E-006   33088562.293305662             2802
   1051.0688836104514        2.3525276498298464E-006   33088674.016728375             2803
   1051.4439304913114        2.3507199947679447E-006   33088785.657620065             2804
   1051.8189773721715        2.3487829831210241E-006   33088897.222316831             2805
   1052.1940242530316        2.3469800732730052E-006   33089008.704651348             2806
   1052.5690711338918        2.3450477988918058E-006   33089120.110960562             2807
   1052.9441180147519        2.3432496186942092E-006   33089231.435075816             2808
   1053.3191648956119        2.3413220660466047E-006   33089342.683334898             2809
   1053.6942117764720        2.3395285999984751E-006   33089453.849567834             2810
   1054.0692586573323        2.3376057536146934E-006   33089564.940113254             2811
   1054.4443055381923        2.3358169862772849E-006   33089675.948799867             2812
   1054.8193524190522        2.3338988307496191E-006   33089786.881967135             2813
   1055.1943992999127        2.3321147467460971E-006   33089897.733442463             2814
   1055.5694461807727        2.3302012667286032E-006   33090008.509566139             2815
   1055.9444930616326        2.3284218507437587E-006   33090119.204164270             2816
   1056.3195399424928        2.3265130309519682E-006   33090229.823577970             2817
   1056.6945868233531        2.3247382677319144E-006   33090340.361632042             2818
   1057.0696337042129        2.3228340929425461E-006   33090450.824668430             2819
   1057.4446805850730        2.3210639672944379E-006   33090561.206510633             2820
   1057.8197274659333        2.3191644223450974E-006   33090671.513501436             2821
   1058.1947743467933        2.3173989191368357E-006   33090781.739463039             2822
   1058.5698212276534        2.3155039889257365E-006   33090891.890739039             2823
   1058.9448681085134        2.3137430930856853E-006   33091001.961150352             2824
   1059.3199149893737        2.3118527625713574E-006   33091111.957041398             2825
   1059.6949618702338        2.3100964590880564E-006   33091221.872231804             2826
   1060.0700087510938        2.3082107132890669E-006   33091331.713066820             2827
   1060.4450556319539        2.3064589872109500E-006   33091441.473364778             2828
   1060.8201025128142        2.3045778112056117E-006   33091551.159471747             2829
   1061.1951493936742        2.3028306476407174E-006   33091660.765204787             2830
   1061.5701962745343        2.3009540265668166E-006   33091770.296910778             2831
   1061.9452431553946        2.2992114106825134E-006   33091879.748405505             2832
   1062.3202900362546        2.2973393297370206E-006   33091989.126036655             2833
   1062.6953369171147        2.2956012467597265E-006   33092098.423618749             2834
   1063.0703837979747        2.2937336911985247E-006   33092207.647500288             2835
   1063.4454306788348        2.2920001264134241E-006   33092316.791494515             2836
   1063.8204775596951        2.2901370815510242E-006   33092425.861950744             2837
   1064.1955244405551        2.2884080203017994E-006   33092534.852680955             2838
   1064.5705713214152        2.2865494715110701E-006   33092643.770035271             2839
   1064.9456182022752        2.2848248991996193E-006   33092752.607824411             2840
   1065.3206650831355        2.2829708319115105E-006   33092861.372399297             2841
   1065.6957119639956        2.2812507339976824E-006   33092970.057569399             2842
   1066.0707588448554        2.2794011337009565E-006   33093078.669686444             2843
   1066.4458057257157        2.2776854957022668E-006   33093187.202558637             2844
   1066.8208526065760        2.2758403479432176E-006   33093295.662538506             2845
   1067.1958994874358        2.2741291554345884E-006   33093404.043433018             2846
   1067.5709463682961        2.2722884458167834E-006   33093512.351595495             2847
   1067.9459932491563        2.2705816844302681E-006   33093620.580831651             2848
   1068.3210401300162        2.2687453986142718E-006   33093728.737495616             2849
   1068.6960870108762        2.2670430540387951E-006   33093836.815391850             2850
   1069.0711338917365        2.2652111777419019E-006   33093944.820875291             2851
   1069.4461807725966        2.2635132357229823E-006   33094052.747749154             2852
   1069.8212276534566        2.2616857547189595E-006   33094160.602369163             2853
   1070.1962745343167        2.2599922010584528E-006   33094268.378537305             2854
   1070.5713214151770        2.2581691011772678E-006   33094376.082610097             2855
   1070.9463682960370        2.2564799217330988E-006   33094483.708388284             2856
   1071.3214151768971        2.2546611888606626E-006   33094591.262229178             2857
   1071.6964620577571        2.2529763695465717E-006   33094698.737932302             2858
   1072.0715089386174        2.2511619896244706E-006   33094806.141855747             2859
   1072.4465558194775        2.2494815164097404E-006   33094913.467797808             2860
   1072.8216027003375        2.2476714754349828E-006   33095020.722117368             2861
   1073.1966495811978        2.2459953343441944E-006   33095127.898611501             2862
   1073.5716964620578        2.2441896183689496E-006   33095235.003639869             2863
   1073.9467433429179        2.2425177954817114E-006   33095342.030998331             2864
   1074.3217902237780        2.2407163906130540E-006   33095448.987047330             2865
   1074.6968371046380        2.2390488720637501E-006   33095555.865581509             2866
   1075.0718839854983        2.2372517644633983E-006   33095662.672962084             2867
   1075.4469308663583        2.2355885364409388E-006   33095769.402982499             2868
   1075.8219777472184        2.2337957123250118E-006   33095876.062004745             2869
   1076.1970246280785        2.2321367610725696E-006   33095982.643821046             2870
   1076.5720715089387        2.2303482067113228E-006   33096089.154794175             2871
   1076.9471183897988        2.2286935185260917E-006   33096195.588715162             2872
   1077.3221652706586        2.2269092202436772E-006   33096301.951947544             2873
   1077.6972121515189        2.2252587814766093E-006   33096408.238281149             2874
   1078.0722590323792        2.2234787256508108E-006   33096514.454080295             2875
   1078.4473059132390        2.2218325227063807E-006   33096620.593133602             2876
   1078.8223527940993        2.2200566957683794E-006   33096726.661806155             2877
   1079.1973996749596        2.2184147151043235E-006   33096832.653885387             2878
   1079.5724465558194        2.2166431035384413E-006   33096938.575737160             2879
   1079.9474934366795        2.2150053316655196E-006   33097044.421147700             2880
   1080.3225403175397        2.2132379220089764E-006   33097150.196483638             2881
   1080.6975871983998        2.2116043454907206E-006   33097255.895530023             2882
   1081.0726340792598        2.2098411243333918E-006   33097361.524654239             2883
   1081.4476809601199        2.2082117297858691E-006   33097467.077640153             2884
   1081.8227278409802        2.2064526837700342E-006   33097572.560855914             2885
   1082.1977747218402        2.2048274578615947E-006   33097677.968084209             2886
   1082.5728216027003        2.2030725736817032E-006   33097783.305693947             2887
   1082.9478684835603        2.2014515031327474E-006   33097888.567466632             2888
   1083.3229153644206        2.1997007675351734E-006   33097993.759771928             2889
   1083.6979622452807        2.1980838391179033E-006   33098098.876390181             2890
   1084.0730091261407        2.1963372389007097E-006   33098203.923691809             2891
   1084.4480560070008        2.1947244394388983E-006   33098308.895455975             2892
   1084.8231028878611        2.1929819614515923E-006   33098413.798053857             2893
   1085.1981497687211        2.1913732778203411E-006   33098518.625263456             2894
   1085.5731966495812        2.1896349089636441E-006   33098623.383456688             2895
   1085.9482435304412        2.1880303280891451E-006   33098728.066410407             2896
   1086.3232904113015        2.1862960553147497E-006   33098832.680497270             2897
   1086.6983372921616        2.1846955641740556E-006   33098937.219492979             2898
   1087.0733841730216        2.1829653744843987E-006   33099041.689770933             2899
   1087.4484310538817        2.1813689601051833E-006   33099146.085105669             2900
   1087.8234779347420        2.1796428405532064E-006   33099250.411871344             2901
   1088.1985248156020        2.1780504900135353E-006   33099354.663841348             2902
   1088.5735716964618        2.1763284277024581E-006   33099458.847390566             2903
   1088.9486185773221        2.1747401281305557E-006   33099562.956291243             2904
   1089.3236654581824        2.1730221102136384E-006   33099666.996919014             2905
   1089.6987123390425        2.1714378487876629E-006   33099770.963044971             2906
   1090.0737592199023        2.1697238624679816E-006   33099874.861045483             2907
   1090.4488061007628        2.1681436264157832E-006   33099978.684690509             2908
   1090.8238529816228        2.1664336589459990E-006   33100082.440357156             2909
   1091.1988998624827        2.1648574355449082E-006   33100186.121814240             2910
   1091.5739467433430        2.1631514742270432E-006   33100289.735439606             2911
   1091.9489936242032        2.1615792508036307E-006   33100393.275000930             2912
   1092.3240405050631        2.1598772829888379E-006   33100496.746876795             2913
   1092.6990873859231        2.1583090469186984E-006   33100600.144833747             2914
   1093.0741342667834        2.1566110600070394E-006   33100703.475251090             2915
   1093.4491811476435        2.1550467987145606E-006   33100806.731894247             2916
   1093.8242280285035        2.1533527801547841E-006   33100909.921143256             2917
   1094.1992749093636        2.1517924811129307E-006   33101013.036762413             2918
   1094.5743217902238        2.1501024184022441E-006   33101116.085132476             2919
   1094.9493686710839        2.1485460691323260E-006   33101219.060016625             2920
   1095.3244155519440        2.1468599498161798E-006   33101321.967796344             2921
   1095.6994624328040        2.1453075378876433E-006   33101424.802233696             2922
   1096.0745093136641        2.1436253495595047E-006   33101527.569710881             2923
   1096.4495561945243        2.1420768625897047E-006   33101630.263988849             2924
   1096.8246030753844        2.1403985928908451E-006   33101732.891450528             2925
   1097.1996499562445        2.1388540185448292E-006   33101835.445855755             2926
   1097.5746968371047        2.1371796551641059E-006   33101937.933588166             2927
   1097.9497437179648        2.1356389811543957E-006   33102040.348406497             2928
   1098.3247905988248        2.1339685118280311E-006   33102142.696695104             2929
   1098.6998374796849        2.1324317259144080E-006   33102244.972211614             2930
   1099.0748843605452        2.1307651384257742E-006   33102347.181341100             2931
   1099.4499312414052        2.1292322284150689E-006   33102449.317840088             2932
   1099.8249781222653        2.1275695105944790E-006   33102551.388094362             2933
   1100.2000250031253        2.1260404643403470E-006   33102653.385859352             2934
   1100.5750718839856        2.1243816040648371E-006   33102755.317521546             2935
   1100.9501187648457        2.1228564094675556E-006   33102857.176835291             2936
   1101.3251656457055        2.1212013946606720E-006   33102958.970187776             2937
   1101.7002125265658        2.1196800396669215E-006   33103060.691332255             2938
   1102.0752594074261        2.1180288582985141E-006   33103162.346656628             2939
   1102.4503062882859        2.1165113309011730E-006   33103263.929913059             2940
   1102.8253531691462        2.1148639709871803E-006   33103365.447490156             2941
   1103.2004000500065        2.1133502592251135E-006   33103466.893138994             2942
   1103.5754469308663        2.1117067088273579E-006   33103568.273248881             2943
   1103.9504938117263        2.1101968007852076E-006   33103669.581569821             2944
   1104.3255406925866        2.1085570480111851E-006   33103770.824491810             2945
   1104.7005875734467        2.1070509318191657E-006   33103871.995763782             2946
   1105.0756344543067        2.1054149648218408E-006   33103973.101776440             2947
   1105.4506813351668        2.1039126286555327E-006   33104074.136277627             2948
   1105.8257282160271        2.1022804356331326E-006   33104175.105658747             2949
   1106.2007750968871        2.1007818677132706E-006   33104276.003666576             2950
   1106.5758219777472        2.0991534369090817E-006   33104376.836693201             2951
   1106.9508688586072        2.0976586255013643E-006   33104477.598484345             2952
   1107.3259157394673        2.0960339452035239E-006   33104578.295432784             2953
   1107.7009626203276        2.0945428786183971E-006   33104678.921283171             2954
   1108.0760095011876        2.0929219371596993E-006   33104779.482428975             2955
   1108.4510563820477        2.0914346037521638E-006   33104879.972613789             2956
   1108.8261032629080        2.0898173895098488E-006   33104980.398231767             2957
   1109.2011501437680        2.0883337776792548E-006   33105080.753025442             2958
   1109.5761970246281        2.0867202790748174E-006   33105181.043389659             2959
   1109.9512439054881        2.0852403772646667E-006   33105281.263065897             2960
   1110.3262907863484        2.0836305827636498E-006   33105381.418449685             2961
   1110.7013376672085        2.0821543794613966E-006   33105481.503281448             2962
   1111.0763845480685        2.0805482775731986E-006   33105581.523957390             2963
   1111.4514314289286        2.0790757613100507E-006   33105681.474216901             2964
   1111.8264783097889        2.0774733405877234E-006   33105781.360456862             2965
   1112.2015251906489        2.0760044999384469E-006   33105881.176415611             2966
   1112.5765720715087        2.0744057489785065E-006   33105980.928490710             2967
   1112.9516189523690        2.0729405725612278E-006   33106080.610419463             2968
   1113.3266658332293        2.0713454800034510E-006   33106180.228600100             2969
   1113.7017127140891        2.0698839564794669E-006   33106279.776768889             2970
   1114.0767595949492        2.0682925110067049E-006   33106379.261324733             2971
   1114.4518064758097        2.0668346290802826E-006   33106478.676002868             2972
   1114.8268533566695        2.0652468194182605E-006   33106578.027202863             2973
   1115.2019002375296        2.0637925678364563E-006   33106677.308658928             2974
   1115.5769471183899        2.0622083827535879E-006   33106776.526771292             2975
   1115.9519939992499        2.0607577503060399E-006   33106875.675273146             2976
   1116.3270408801100        2.0591771786132350E-006   33106974.760565389             2977
   1116.7020877609700        2.0577301541319878E-006   33107073.776380181             2978
   1117.0771346418303        2.0561531846824548E-006   33107172.729119085             2979
   1117.4521815226904        2.0547097570417559E-006   33107271.612513248             2980
   1117.8272284035504        2.0531363787308237E-006   33107370.432964887             2981
   1118.2022752844105        2.0516965368469498E-006   33107469.184204131             2982
   1118.5773221652707        2.0501267386118706E-006   33107567.872633867             2983
   1118.9523690461308        2.0486904714429252E-006   33107666.491983201             2984
   1119.3274159269909        2.0471242422626949E-006   33107765.048655681             2985
   1119.7024628078509        2.0456915388084309E-006   33107863.536379401             2986
   1120.0775096887112        2.0441288677035962E-006   33107961.961558558             2987
   1120.4525565695712        2.0426997170052250E-006   33108060.317920253             2988
   1120.8276034504313        2.0411405930377057E-006   33108158.611869331             2989
   1121.2026503312914        2.0397149841777175E-006   33108256.837131888             2990
   1121.5776972121516        2.0381593964506138E-006   33108355.000113420             2991
   1121.9527440930117        2.0367373185525945E-006   33108453.094539020             2992
   1122.3277909738717        2.0351852562100082E-006   33108551.126814835             2993
   1122.7028378547318        2.0337666984384463E-006   33108649.090664968             2994
   1123.0778847355921        2.0322181506652954E-006   33108746.992496204             2995
   1123.4529316164521        2.0308031022254130E-006   33108844.826031648             2996
   1123.8279784973120        2.0292580582472590E-006   33108942.597678743             2997
   1124.2030253781722        2.0278465083848211E-006   33109040.301159598             2998
   1124.5780722590325        2.0263049574676775E-006   33109137.942882299             2999
   1124.9531191398924        2.0248968954688193E-006   33109235.516567968             3000
   1125.3281660207524        2.0233588269189798E-006   33109333.028625328             3001
   1125.7032129016129        2.0219542421100208E-006   33109430.472774521             3002
   1126.0782597824727        2.0204196452738718E-006   33109527.855424907             3003
   1126.4533066633328        2.0190185270211466E-006   33109625.170295645             3004
   1126.8283535441931        2.0174873912849976E-006   33109722.423796732             3005
   1127.2034004250531        2.0160897289946649E-006   33109819.609646346             3006
   1127.5784473059132        2.0145620437845725E-006   33109916.734255131             3007
   1127.9534941867732        2.0131678269024501E-006   33110013.791340284             3008
   1128.3285410676335        2.0116435816840350E-006   33110110.787313078             3009
   1128.7035879484936        2.0102527996954213E-006   33110207.715889744             3010
   1129.0786348293536        2.0087319839736974E-006   33110304.583482180             3011
   1129.4536817102137        2.0073446264031980E-006   33110401.383805647             3012
   1129.8287285910740        2.0058272297223979E-006   33110498.123272676             3013
   1130.2037754719340        2.0044432861337473E-006   33110594.795597568             3014
   1130.5788223527941        2.0029292980771496E-006   33110691.407193478             3015
   1130.9538692336541        2.0015487580730408E-006   33110787.951773737             3016
   1131.3289161145142        2.0000381682627965E-006   33110884.435752127             3017
   1131.7039629953745        1.9986610214847112E-006   33110980.852841023             3018
   1132.0790098762345        1.9971538195816736E-006   33111077.209454827             3019
   1132.4540567570946        1.9957800557097083E-006   33111173.499304969             3020
   1132.8291036379549        1.9942762314132610E-006   33111269.728806458             3021
   1133.2041505188149        1.9929058401659600E-006   33111365.891669776             3022
   1133.5791973996750        1.9914053832138456E-006   33111461.994310558             3023
   1133.9542442805350        1.9900383543480268E-006   33111558.030438319             3024
   1134.3292911613953        1.9885412545161806E-006   33111654.006469321             3025
   1134.7043380422554        1.9871775778267729E-006   33111749.916112132             3026
   1135.0793849231152        1.9856838249291575E-006   33111845.765783627             3027
   1135.4544318039755        1.9843234902490282E-006   33111941.549191441             3028
   1135.8294786848357        1.9828330741374576E-006   33112037.272753045             3029
   1136.2045255656956        1.9814760713372501E-006   33112132.930175144             3030
   1136.5795724465556        1.9799889819012310E-006   33112228.527875818             3031
   1136.9546193274159        1.9786353008891912E-006   33112324.059560832             3032
   1137.3296662082762        1.9771515280557575E-006   33112419.531648874             3033
   1137.7047130891360        1.9758011587775792E-006   33112514.937844776             3034
   1138.0797599699963        1.9743206925111208E-006   33112610.284567833             3035
   1138.4548068508566        1.9729736249497738E-006   33112705.565521948             3036
   1138.8298537317164        1.9714964552518835E-006   33112800.787127022             3037
   1139.2049006125765        1.9701526794274537E-006   33112895.943086024             3038
   1139.5799474934367        1.9686787963367516E-006   33112991.039819460             3039
   1139.9549943742968        1.9673383023062740E-006   33113086.071029376             3040
   1140.3300412551569        1.9658676958982538E-006   33113181.043136872             3041
   1140.7050881360169        1.9645304737555575E-006   33113275.949843083             3042
   1141.0801350168772        1.9630631341424216E-006   33113370.797569696             3043
   1141.4551818977372        1.9617291740179626E-006   33113465.580016937             3044
   1141.8302287785973        1.9602650913484662E-006   33113560.303607084             3045
   1142.2052756594574        1.9589343834091748E-006   33113654.962039441             3046
   1142.5803225403174        1.9574735478684626E-006   33113749.561736897             3047
   1142.9553694211777        1.9561460823175737E-006   33113844.096397836             3048
   1143.3304163020377        1.9546884841270217E-006   33113938.572445724             3049
   1143.7054631828978        1.9533642512039238E-006   33114032.983578052             3050
   1144.0805100637581        1.9519098806209774E-006   33114127.336218882             3051
   1144.4555569446181        1.9505888706010568E-006   33114221.624064792             3052
   1144.8306038254782        1.9491377179190799E-006   33114315.853540424             3053
   1145.2056507063382        1.9478199211135540E-006   33114410.018341459             3054
   1145.5806975871985        1.9463719766616654E-006   33114504.124893125             3055
   1145.9557444680586        1.9450573834174355E-006   33114598.166890200             3056
   1146.3307913489186        1.9436126375603626E-006   33114692.150758501             3057
   1146.7058382297787        1.9423012382598558E-006   33114786.070191905             3058
   1147.0808851106390        1.9408596813977685E-006   33114879.931616813             3059
   1147.4559319914990        1.9395514664587860E-006   33114973.728726216             3060
   1147.8309788723589        1.9381130890271509E-006   33115067.467947081             3061
   1148.2060257532191        1.9368080489027057E-006   33115161.142971516             3062
   1148.5810726340794        1.9353728413721301E-006   33115254.760227054             3063
   1148.9561195149392        1.9340709665503027E-006   33115348.313404925             3064
   1149.3311663957993        1.9326389194263843E-006   33115441.808933251             3065
   1149.7062132766598        1.9313402004301650E-006   33115535.240502361             3066
   1150.0812601575196        1.9299113042533356E-006   33115628.614540946             3067
   1150.4563070383797        1.9286157316404794E-006   33115721.924738463             3068
   1150.8313539192400        1.9271899769858536E-006   33115815.177524175             3069
   1151.2064008001000        1.9258975413487192E-006   33115908.366586655             3070
   1151.5814476809601        1.9244749188259518E-006   33116001.498355739             3071
   1151.9564945618201        1.9231856107913619E-006   33116094.566519126             3072
   1152.3315414426804        1.9217661110444866E-006   33116187.577507213             3073
   1152.7065883235405        1.9204799212735743E-006   33116280.525006838             3074
   1153.0816352044005        1.9190635349808672E-006   33116373.415448952             3075
   1153.4566820852606        1.9177804541689252E-006   33116466.242519531             3076
   1153.8317289661206        1.9163671720427458E-006   33116559.012650084             3077
   1154.2067758469809        1.9150871909190850E-006   33116651.719525725             3078
   1154.5818227278410        1.9136770037057344E-006   33116744.369578525             3079
   1154.9568696087010        1.9124001130335311E-006   33116836.956492729             3080
   1155.3319164895613        1.9109930115131035E-006   33116929.486700971             3081
   1155.7069633704214        1.9097192020892562E-006   33117021.953886636             3082
   1156.0820102512814        1.9083151770755006E-006   33117114.364482913             3083
   1156.4570571321415        1.9070444397304806E-006   33117206.712172337             3084
   1156.8321040130018        1.9056434820706421E-006   33117299.003388640             3085
   1157.2071508938618        1.9043758076683545E-006   33117391.231813513             3086
   1157.5821977747219        1.9029779082430389E-006   33117483.403881233             3087
   1157.9572446555819        1.9017132876806765E-006   33117575.513272647             3088
   1158.3322915364422        1.9003184374037045E-006   33117667.566422582             3089
   1158.7073384173023        1.8990568616116019E-006   33117759.557011031             3090
   1159.0823852981621        1.8976650514298678E-006   33117851.491473380             3091
   1159.4574321790224        1.8964065113713564E-006   33117943.363488767             3092
   1159.8324790598826        1.8950177322646809E-006   33118035.179493129             3093
   1160.2075259407425        1.8937622189359559E-006   33118126.933164768             3094
   1160.5825728216025        1.8923764619169518E-006   33118218.630940150             3095
   1160.9576197024630        1.8911239663469243E-006   33118310.266496751             3096
   1161.3326665833229        1.8897412224608502E-006   33118401.846271586             3097
   1161.7077134641829        1.8884917357110124E-006   33118493.363941278             3098
   1162.0827603450432        1.8871119960356334E-006   33118584.825943384             3099
   1162.4578072259033        1.8858655091999093E-006   33118676.225953709             3100
   1162.8328541067633        1.8844887648453594E-006   33118767.570410337             3101
   1163.2079009876234        1.8832452690499722E-006   33118858.852988247             3102
   1163.5829478684836        1.8818715111586114E-006   33118950.080126058             3103
   1163.9579947493437        1.8806309975619426E-006   33119041.245497923             3104
   1164.3330416302038        1.8792602173082230E-006   33119132.355542991             3105
   1164.7080885110638        1.8780226771006799E-006   33119223.403934598             3106
   1165.0831353919241        1.8766548656910059E-006   33119314.397112425             3107
   1165.4581822727841        1.8754202900948768E-006   33119405.328748979             3108
   1165.8332291536442        1.8740554387674736E-006   33119496.205284476             3109
   1166.2082760345043        1.8728238190367993E-006   33119587.020390611             3110
   1166.5833229153643        1.8714619190615677E-006   33119677.780508123             3111
   1166.9583697962246        1.8702332464819973E-006   33119768.479307886             3112
   1167.3334166770846        1.8688742891603849E-006   33119859.123231173             3113
   1167.7084635579447        1.8676485550490487E-006   33119949.705948051             3114
   1168.0835104388050        1.8662925317139111E-006   33120040.233900305             3115
   1168.4585573196650        1.8650697274192804E-006   33120130.700757198             3116
   1168.8336042005251        1.8637166294347521E-006   33120221.112961039             3117
   1169.2086510813851        1.8624967463365090E-006   33120311.464180283             3118
   1169.5836979622454        1.8611465650978618E-006   33120401.760857757             3119
   1169.9587448431055        1.8599295946067633E-006   33120491.996661123             3120
   1170.3337917239653        1.8585823215402848E-006   33120582.178033713             3121
   1170.7088386048256        1.8573682550980304E-006   33120672.298642397             3122
   1171.0838854856859        1.8560238816608831E-006   33120762.364931017             3123
   1171.4589323665457        1.8548127107399861E-006   33120852.370565653             3124
   1171.8339792474058        1.8534712284200813E-006   33120942.321990658             3125
   1172.2090261282660        1.8522629445237343E-006   33121032.212871309             3126
   1172.5840730091261        1.8509243448395968E-006   33121122.049652483             3127
   1172.9591198899861        1.8497189395015460E-006   33121211.825998664             3128
   1173.3341667708464        1.8483832140021894E-006   33121301.548355233             3129
   1173.7092136517065        1.8471806787866015E-006   33121391.210385889             3130
   1174.0842605325665        1.8458478190513943E-006   33121480.818536520             3131
   1174.4593074134266        1.8446481455527247E-006   33121570.366470043             3132
   1174.8343542942869        1.8433181431912601E-006   33121659.860632848             3133
   1175.2094011751469        1.8421213230341272E-006   33121749.294687074             3134
   1175.5844480560070        1.8407941696860987E-006   33121838.675079603             3135
   1175.9594949368670        1.8396001945251596E-006   33121927.995471809             3136
   1176.3345418177273        1.8382758818602307E-006   33122017.262311071             3137
   1176.7095886985874        1.8370847433800446E-006   33122106.469257984             3138
   1177.0846355794474        1.8357632630977223E-006   33122195.622760423             3139
   1177.4596824603075        1.8345749530126353E-006   33122284.716478217             3140
   1177.8347293411675        1.8332562968421468E-006   33122373.756859735             3141
   1178.2097762220278        1.8320708068961560E-006   33122462.737564027             3142
   1178.5848231028879        1.8307549665963193E-006   33122551.665039971             3143
   1178.9598699837479        1.8295722885629522E-006   33122640.532945849             3144
   1179.3349168646082        1.8282592559220502E-006   33122729.347731024             3145
   1179.7099637454683        1.8270793816042389E-006   33122818.103053018             3146
   1180.0850106263283        1.8257691484399020E-006   33122906.805361681             3147
   1180.4600575071884        1.8245920696698548E-006   33122995.448313780             3148
   1180.8351043880486        1.8232846278289272E-006   33123084.038359646             3149
   1181.2101512689087        1.8221103364680169E-006   33123172.569155294             3150
   1181.5851981497685        1.8208056778264411E-006   33123261.047151539             3151
   1181.9602450306288        1.8196341657650686E-006   33123349.466003638             3152
   1182.3352919114891        1.8183322822277564E-006   33123437.832162894             3153
   1182.7103387923489        1.8171635413852347E-006   33123526.139283817             3154
   1183.0853856732090        1.8158644248859488E-006   33123614.393818181             3155
   1183.4604325540693        1.8146984472103801E-006   33123702.589419749             3156
   1183.8354794349293        1.8134020897116126E-006   33123790.732540775             3157
   1184.2105263157894        1.8122388671797684E-006   33123878.816834286             3158
   1184.5855731966494        1.8109452606726197E-006   33123966.848753005             3159
   1184.9606200775097        1.8097847852898180E-006   33124054.821949214             3160
   1185.3356669583698        1.8084939217938761E-006   33124142.742876116             3161
   1185.7107138392298        1.8073361855938649E-006   33124230.605185248             3162
   1186.0857607200901        1.8060480571570845E-006   33124318.415330291             3163
   1186.4608076009501        1.8048930522019177E-006   33124406.166962050             3164
   1186.8358544818102        1.8036076509005029E-006   33124493.866534662             3165
   1187.2109013626703        1.8024553692804250E-006   33124581.507698212             3166
   1187.5859482435305        1.8011726872187072E-006   33124669.096907303             3167
   1187.9609951243906        1.8000231210520301E-006   33124756.627811279             3168
   1188.3360420052506        1.7987431503623544E-006   33124844.106865220             3169
   1188.7110888861107        1.7975962917953457E-006   33124931.527717739             3170
   1189.0861357669708        1.7963190246379490E-006   33125018.896824382             3171
   1189.4611826478310        1.7951748658447116E-006   33125106.207833037             3172
   1189.8362295286911        1.7939002944076135E-006   33125193.467199709             3173
   1190.2112764095511        1.7927588275899672E-006   33125280.668571569             3174
   1190.5863232904114        1.7914869440888421E-006   33125367.818405077             3175
   1190.9613701712715        1.7903481614762129E-006   33125454.910346691             3176
   1191.3364170521315        1.7890789581542871E-006   33125541.950853325             3177
   1191.7114639329916        1.7879428520035883E-006   33125628.933570720             3178
   1192.0865108138519        1.7866763211315128E-006   33125715.864956245             3179
   1192.4615576947119        1.7855428837270303E-006   33125802.738654930             3180
   1192.8366045755720        1.7842790176027762E-006   33125889.561124600             3181
   1193.2116514564320        1.7831482412560541E-006   33125976.326009575             3182
   1193.5866983372923        1.7818870322047916E-006   33126063.039768130             3183
   1193.9617452181524        1.7807589092545189E-006   33126149.696043875             3184
   1194.3367920990122        1.7795003496285060E-006   33126236.301295538             3185
   1194.7118389798725        1.7783748724404015E-006   33126322.849166024             3186
   1195.0868858607328        1.7771189546188686E-006   33126409.346114505             3187
   1195.4619327415926        1.7759961155855725E-006   33126495.785783190             3188
   1195.8369796224526        1.7747428319746177E-006   33126582.174631696             3189
   1196.2120265033129        1.7736226235155736E-006   33126668.506301530             3190
   1196.5870733841730        1.7723719665480404E-006   33126754.787252754             3191
   1196.9621202650330        1.7712543811093900E-006   33126841.011126172             3192
   1197.3371671458933        1.7700063432447640E-006   33126927.184382301             3193
   1197.7122140267534        1.7688913732992291E-006   33127013.300661251             3194
   1198.0872609076134        1.7676459470235252E-006   33127099.366423961             3195
   1198.4623077884735        1.7665335850703030E-006   33127185.375309866             3196
   1198.8373546693338        1.7652907628959500E-006   33127271.333780345             3197
   1199.2124015501938        1.7641810014605979E-006   33127357.235474132             3198
   1199.5874484310539        1.7629407759263359E-006   33127443.086853053             3199
   1199.9624953119139        1.7618336075606675E-006   33127528.881555151             3200
   1200.3375421927740        1.7605959712314336E-006   33127614.626042686             3201
   1200.7125890736343        1.7594913885134057E-006   33127700.313953027             3202
   1201.0876359544943        1.7582563339802283E-006   33127785.951748852             3203
   1201.4626828353544        1.7571543295138372E-006   33127871.533066861             3204
   1201.8377297162144        1.7559218493937267E-006   33127957.064370159             3205
   1202.2127765970747        1.7548224158088900E-006   33128042.539294764             3206
   1202.5878234779348        1.7535925027447316E-006   33128127.964304216             3207
   1202.9628703587948        1.7524956326971943E-006   33128213.333033863             3208
   1203.3379172396551        1.7512682793576388E-006   33128298.651947659             3209
   1203.7129641205152        1.7501739655288559E-006   33128383.914680284             3210
   1204.0880110013752        1.7489491646082164E-006   33128469.127696123             3211
   1204.4630578822353        1.7478573997052532E-006   33128554.284629181             3212
   1204.8381047630955        1.7466351439233962E-006   33128639.391944263             3213
   1205.2131516439556        1.7455459206788171E-006   33128724.443274710             3214
   1205.5881985248154        1.7443262027810579E-006   33128809.445085756             3215
   1205.9632454056757        1.7432395139528231E-006   33128894.391010076             3216
   1206.3382922865360        1.7420223267098190E-006   33128979.287513301             3217
   1206.7133391673958        1.7409381650811794E-006   33129064.128227469             3218
   1207.0883860482559        1.7397235012888275E-006   33129148.919618625             3219
   1207.4634329291162        1.7386418596682214E-006   33129233.655318141             3220
   1207.8384798099762        1.7374297121475528E-006   33129318.341792479             3221
   1208.2135266908363        1.7363505833685044E-006   33129402.972672358             3222
   1208.5885735716965        1.7351409449655843E-006   33129487.554424647             3223
   1208.9636204525566        1.7340643218865931E-006   33129572.080679417             3224
   1209.3386673334167        1.7328571854724144E-006   33129656.557903953             3225
   1209.7137142142767        1.7317830609768575E-006   33129740.979727671             3226
   1210.0887610951370        1.7305784194472363E-006   33129825.352618251             3227
   1210.4638079759970        1.7295067864432665E-006   33129909.670204483             3228
   1210.8388548568571        1.7283046327187421E-006   33129993.938954446             3229
   1211.2139017377172        1.7272354841391844E-006   33130078.152496278             3230
   1211.5889486185772        1.7260358111649161E-006   33130162.317298472             3231
   1211.9639954994375        1.7249691399671642E-006   33130246.426988523             3232
   1212.3390423802975        1.7237719407128358E-006   33130330.488035321             3233
   1212.7140892611576        1.7227077398787565E-006   33130414.494065728             3234
   1213.0891361420177        1.7215130073384661E-006   33130498.451549035             3235
   1213.4641830228779        1.7204512698742894E-006   33130582.354111467             3236
   1213.8392299037380        1.7192589970664601E-006   33130666.208222706             3237
   1214.2142767845980        1.7181997160026924E-006   33130750.007508349             3238
   1214.5893236654583        1.7170098959699637E-006   33130833.758438475             3239
   1214.9643705463184        1.7159530643612741E-006   33130917.454638056             3240
   1215.3394174271784        1.7147656901704050E-006   33131001.102577556             3241
   1215.7144643080385        1.7137113010955396E-006   33131084.695881322             3242
   1216.0895111888988        1.7125263658373089E-006   33131168.241020210             3243
   1216.4645580697588        1.7114744123989855E-006   33131251.731617946             3244
   1216.8396049506187        1.7102919091880980E-006   33131335.174145773             3245
   1217.2146518314789        1.7092423845129046E-006   33131418.562226791             3246
   1217.5896987123392        1.7080623064878913E-006   33131501.902332637             3247
   1217.9647455931990        1.7070152037261941E-006   33131585.188085787             3248
   1218.3397924740591        1.7058375440493105E-006   33131668.425958268             3249
   1218.7148393549194        1.7047928563751542E-006   33131751.609571945             3250
   1219.0898862357794        1.7036176082322884E-006   33131834.745399214             3251
   1219.4649331166395        1.7025753288433027E-006   33131917.827061336             3252
   1219.8399799974995        1.7014024854438763E-006   33132000.861031089             3253
   1220.2150268783598        1.7003626075611734E-006   33132083.840929125             3254
   1220.5900737592199        1.6991921621380445E-006   33132166.773228589             3255
   1220.9651206400799        1.6981546790061291E-006   33132249.651549537             3256
   1221.3401675209402        1.6969866248155011E-006   33132332.482365493             3257
   1221.7152144018003        1.6959515297021695E-006   33132415.259295896             3258
   1222.0902612826603        1.6947858600234935E-006   33132497.988814652             3259
   1222.4653081635204        1.6937531462197486E-006   33132580.664540600             3260
   1222.8403550443807        1.6925898543556246E-006   33132663.292948022             3261
   1223.2154019252407        1.6915595151755709E-006   33132745.867655154             3262
   1223.5904488061008        1.6903985944516614E-006   33132828.395136639             3263
   1223.9654956869608        1.6893706232324141E-006   33132910.869010132             3264
   1224.3405425678209        1.6882120669973433E-006   33132993.295750637             3265
   1224.7155894486812        1.6871864570989356E-006   33133075.668975212             3266
   1225.0906363295412        1.6860302587241997E-006   33133157.995159235             3267
   1225.4656832104013        1.6850070035294907E-006   33133240.267919168             3268
   1225.8407300912615        1.6838531564093634E-006   33133322.493730757             3269
   1226.2157769721216        1.6828322493239433E-006   33133404.666209877             3270
   1226.5908238529817        1.6816807468753844E-006   33133486.791832626             3271
   1226.9658707338417        1.6806621813274833E-006   33133568.864214305             3272
   1227.3409176147020        1.6795130169900476E-006   33133650.889831372             3273
   1227.7159644955620        1.6784967864304434E-006   33133732.862298537             3274
   1228.0910113764219        1.6773499536661862E-006   33133814.788092624             3275
   1228.4660582572822        1.6763360515681115E-006   33133896.660827767             3276
   1228.8411051381424        1.6751915438615015E-006   33133978.486981135             3277
   1229.2161520190023        1.6741799637205564E-006   33134060.260166291             3278
   1229.5911988998623        1.6730377745783784E-006   33134141.986860756             3279
   1229.9662457807226        1.6720285099124400E-006   33134223.660677519             3280
   1230.3412926615827        1.6708886328637085E-006   33134305.288094454             3281
   1230.7163395424427        1.6698816772128346E-006   33134386.862723980             3282
   1231.0913864233028        1.6687441058087075E-006   33134468.391044315             3283
   1231.4664333041630        1.6677394527350502E-006   33134549.866667319             3284
   1231.8414801850231        1.6666041805487338E-006   33134631.296071552             3285
   1232.2165270658832        1.6656018236364546E-006   33134712.672868304             3286
   1232.5915739467434        1.6644688442631163E-006   33134794.003536489             3287
   1232.9666208276035        1.6634687771182890E-006   33134875.281686824             3288
   1233.3416677084635        1.6623380841749680E-006   33134956.513798576             3289
   1233.7167145893236        1.6613403004255002E-006   33135037.693481900             3290
   1234.0917614701839        1.6602118875510185E-006   33135118.827216398             3291
   1234.4668083510439        1.6592163808465498E-006   33135199.908611670             3292
   1234.8418552319040        1.6580902417014277E-006   33135280.944147665             3293
   1235.2169021127640        1.6570970057132564E-006   33135361.927433424             3294
   1235.5919489936241        1.6559731339796219E-006   33135442.864949226             3295
   1235.9669958744844        1.6549821624006122E-006   33135523.750303570             3296
   1236.3420427553444        1.6538605517821192E-006   33135604.589977063             3297
   1236.7170896362045        1.6528718383266100E-006   33135685.377577655             3298
   1237.0921365170645        1.6517524825483412E-006   33135766.119586293             3299
   1237.4671833979248        1.6507660209520654E-006   33135846.809610378             3300
   1237.8422302787849        1.6496489137604547E-006   33135927.454131182             3301
   1238.2172771596449        1.6486646977804504E-006   33136008.046755563             3302
   1238.5923240405052        1.6475498329431954E-006   33136088.593965128             3303
   1238.9673709213653        1.6465678563577229E-006   33136169.089366190             3304
   1239.3424178022251        1.6454552276636993E-006   33136249.539440677             3305
   1239.7174646830854        1.6444754842721492E-006   33136329.937794376             3306
   1240.0925115639457        1.6433650855313244E-006   33136410.290909540             3307
   1240.4675584448055        1.6423875691541414E-006   33136490.592391405             3308
   1240.8426053256655        1.6412793941974913E-006   33136570.848722558             3309
   1241.2176522065258        1.6403040986760846E-006   33136651.053507701             3310
   1241.5926990873861        1.6391981413555061E-006   33136731.213229738             3311
   1241.9677459682459        1.6382250605521686E-006   33136811.321492847             3312
   1242.3427928491060        1.6371213147404031E-006   33136891.384780243             3313
   1242.7178397299663        1.6361504425382218E-006   33136971.396695577             3314
   1243.0928866108263        1.6350489021287627E-006   33137051.363722388             3315
   1243.4679334916864        1.6340802324315428E-006   33137131.279463798             3316
   1243.8429803725467        1.6329808913385573E-006   33137211.150403660             3317
   1244.2180272534067        1.6320144180707334E-006   33137290.970144570             3318
   1244.5930741342668        1.6309172702289817E-006   33137370.745170698             3319
   1244.9681210151268        1.6299529873355386E-006   33137450.469084118             3320
   1245.3431678959871        1.6288580267002872E-006   33137530.148369312             3321
   1245.7182147768472        1.6278959281466768E-006   33137609.776627842             3322
   1246.0932616577072        1.6268031486936192E-006   33137689.360344492             3323
   1246.4683085385673        1.6258432284656812E-006   33137768.893120311             3324
   1246.8433554194273        1.6247526241908534E-006   33137848.381440382             3325
   1247.2184023002876        1.6237948762947271E-006   33137927.818905253             3326
   1247.5934491811477        1.6227064412144324E-006   33138007.212000314             3327
   1247.9684960620077        1.6217508596764837E-006   33138086.554325595             3328
   1248.3435429428678        1.6206645878272022E-006   33138165.852366786             3329
   1248.7185898237281        1.6197111666939368E-006   33138245.099723417             3330
   1249.0936367045881        1.6186270521322561E-006   33138324.302881479             3331
   1249.4686835854482        1.6176757854702440E-006   33138403.455439996             3332
   1249.8437304663084        1.6165938222727708E-006   33138482.563885260             3333
   1250.2187773471685        1.6156447041685642E-006   33138561.621815789             3334
   1250.5938242280286        1.6145648864318503E-006   33138640.635718174             3335
   1250.9688711088886        1.6136179109919002E-006   33138719.599190433             3336
   1251.3439179897489        1.6125402328323579E-006   33138798.518719450             3337
   1251.7189648706089        1.6115953941829438E-006   33138877.387902752             3338
   1252.0940117514688        1.6105198497367700E-006   33138956.213227510             3339
   1252.4690586323291        1.6095771420239131E-006   33139034.988290764             3340
   1252.8441055131893        1.6085037254470115E-006   33139113.719579976             3341
   1253.2191523940492        1.6075631428364008E-006   33139192.400691688             3342
   1253.5941992749092        1.6064918483043011E-006   33139271.038113650             3343
   1253.9692461557695        1.6055533849812117E-006   33139349.625441920             3344
   1254.3442930366296        1.6044842066889928E-006   33139428.169164535             3345
   1254.7193399174896        1.6035478568582120E-006   33139506.662877060             3346
   1255.0943867983497        1.6024807890204258E-006   33139585.113067828             3347
   1255.4694336792099        1.6015465469061737E-006   33139663.513331920             3348
   1255.8444805600700        1.6004815837567655E-006   33139741.870157938             3349
   1256.2195274409301        1.5995494436026195E-006   33139820.177140489             3350
   1256.5945743217903        1.5984865793948511E-006   33139898.440768465             3351
   1256.9696212026504        1.5975565354636662E-006   33139976.654635988             3352
   1257.3446680835104        1.5964957644700431E-006   33140054.825232223             3353
   1257.7197149643705        1.5955678110438797E-006   33140132.946150821             3354
   1258.0947618452306        1.5945091275560705E-006   33140211.023881231             3355
   1258.4698087260908        1.5935832589361126E-006   33140289.052016620             3356
   1258.8448556069509        1.5925266572648765E-006   33140367.037046712             3357
   1259.2199024878109        1.5916028677713629E-006   33140444.972564209             3358
   1259.5949493686710        1.5905483422464729E-006   33140522.865059111             3359
   1259.9699962495313        1.5896266262186173E-006   33140600.708123647             3360
   1260.3450431303913        1.5885741711887854E-006   33140678.508248083             3361
   1260.7200900112514        1.5876545229847027E-006   33140756.259024195             3362
   1261.0951368921114        1.5866041328175026E-006   33140833.966942508             3363
   1261.4701837729717        1.5856865468141344E-006   33140911.625594337             3364
   1261.8452306538318        1.5846382158959327E-006   33140989.241470478             3365
   1262.2202775346918        1.5837226864889744E-006   33141066.808161777             3366
   1262.5953244155521        1.5826764092248517E-006   33141144.332159303             3367
   1262.9703712964122        1.5817629308286776E-006   33141221.807053439             3368
   1263.3454181772720        1.5807187016423571E-006   33141299.239335518             3369
   1263.7204650581323        1.5798072686899435E-006   33141376.622595474             3370
   1264.0955119389926        1.5787650820237156E-006   33141453.963324897             3371
   1264.4705588198524        1.5778556889665742E-006   33141531.255113270             3372
   1264.8456057007124        1.5768155392812256E-006   33141608.504452437             3373
   1265.2206525815727        1.5759081805893241E-006   33141685.704931438             3374
   1265.5956994624328        1.5748700623640626E-006   33141762.863042366             3375
   1265.9707463432928        1.5739647325257583E-006   33141839.972373813             3376
   1266.3457932241529        1.5729286402581449E-006   33141917.039418139             3377
   1266.7208401050132        1.5720253337801074E-006   33141994.057763476             3378
   1267.0958869858732        1.5709912619859786E-006   33142071.033902440             3379
   1267.4709338667333        1.5700899733931198E-006   33142147.961422738             3380
   1267.8459807475936        1.5690579166065177E-006   33142224.846817218             3381
   1268.2210276284536        1.5681586404419193E-006   33142301.683673147             3382
   1268.5960745093137        1.5671285932150236E-006   33142378.478483636             3383
   1268.9711213901737        1.5662313240398678E-006   33142455.224835508             3384
   1269.3461682710340        1.5652032809429199E-006   33142531.929222118             3385
   1269.7212151518941        1.5643080133364171E-006   33142608.585229855             3386
   1270.0962620327541        1.5632819689576541E-006   33142685.199352317             3387
   1270.4713089136142        1.5623886975169737E-006   33142761.765175465             3388
   1270.8463557944742        1.5613646464625529E-006   33142838.289193146             3389
   1271.2214026753345        1.5604733658027490E-006   33142914.764990881             3390
   1271.5964495561946        1.5594513026966808E-006   33142991.199062757             3391
   1271.9714964370546        1.5585620074506287E-006   33143067.584993877             3392
   1272.3465433179147        1.5575419269347053E-006   33143143.929278567             3393
   1272.7215901987749        1.5566546117530238E-006   33143220.225501493             3394
   1273.0966370796350        1.5556365084867531E-006   33143296.480157226             3395
   1273.4716839604951        1.5547511680377425E-006   33143372.686830010             3396
   1273.8467308413553        1.5537350366982727E-006   33143448.852014653             3397
   1274.2217777222154        1.5528516656678436E-006   33143524.969294980             3398
   1274.5968246030752        1.5518375009499013E-006   33143601.045166023             3399
   1274.9718714839355        1.5509560940415030E-006   33143677.073211197             3400
   1275.3469183647958        1.5499438906573191E-006   33143753.059925772             3401
   1275.7219652456556        1.5490644425918737E-006   33143828.998892736             3402
   1276.0970121265157        1.5480541952711192E-006   33143904.896607593             3403
   1276.4720590073759        1.5471767007869524E-006   33143980.746652924             3404
   1276.8471058882360        1.5461684042766664E-006   33144056.555524450             3405
   1277.2221527690961        1.5452928581294431E-006   33144132.316804349             3406
   1277.5971996499561        1.5442865071939691E-006   33144208.036988568             3407
   1277.9722465308164        1.5434129041566193E-006   33144283.709658876             3408
   1278.3472934116764        1.5424084935775338E-006   33144359.341311447             3409
   1278.7223402925365        1.5415368284401907E-006   33144434.925527643             3410
   1279.0973871733966        1.5405343530162407E-006   33144510.468803853             3411
   1279.4724340542568        1.5396646205861727E-006   33144585.964721043             3412
   1279.8474809351169        1.5386640751332048E-006   33144661.419775825             3413
   1280.2225278159769        1.5377962702347500E-006   33144736.827548765             3414
   1280.5975746968372        1.5367976495856484E-006   33144812.194536682             3415
   1280.9726215776973        1.5359317670601431E-006   33144887.514319751             3416
   1281.3476684585573        1.5349350660647600E-006   33144962.793395016             3417
   1281.7227153394174        1.5340711007704786E-006   33145038.025342248             3418
   1282.0977622202774        1.5330763142955665E-006   33145113.216658697             3419
   1282.4728091011377        1.5322142611076516E-006   33145188.360923752             3420
   1282.8478559819978        1.5312213840368035E-006   33145263.464634877             3421
   1283.2229028628578        1.5303612378472067E-006   33145338.521371063             3422
   1283.5979497437179        1.5293702650807855E-006   33145413.537629992             3423
   1283.9729966245782        1.5285120207981952E-006   33145488.506990269             3424
   1284.3480435054382        1.5275229472532725E-006   33145563.435949773             3425
   1284.7230903862981        1.5266665998030525E-006   33145638.318086725             3426
   1285.0981372671586        1.5256794204133410E-006   33145713.159899216             3427
   1285.4731841480186        1.5248249647374651E-006   33145787.954965089             3428
   1285.8482310288784        1.5238396744532592E-006   33145862.709782634             3429
   1286.2232779097387        1.5229871055102478E-006   33145937.417929307             3430
   1286.5983247905990        1.5220036992983517E-006   33146012.085903611             3431
   1286.9733716714588        1.5211530120632085E-006   33146086.707282625             3432
   1287.3484185523189        1.5201714849068794E-006   33146161.288565040             3433
   1287.7234654331792        1.5193226743710240E-006   33146235.823327567             3434
   1288.0985123140392        1.5183430212699039E-006   33146310.318069100             3435
   1288.4735591948993        1.5174960824411115E-006   33146384.766365968             3436
   1288.8486060757593        1.5165182984111681E-006   33146459.174717266             3437
   1289.2236529566196        1.5156732263135064E-006   33146533.536698952             3438
   1289.5986998374797        1.5146973063869651E-006   33146607.858810317             3439
   1289.9737467183397        1.5138540960607324E-006   33146682.134626955             3440
   1290.3487935991998        1.5128800352860194E-006   33146756.370648339             3441
   1290.7238404800601        1.5120386817876779E-006   33146830.560449708             3442
   1291.0988873609201        1.5110664752293520E-006   33146904.710530721             3443
   1291.4739342417802        1.5102269736314697E-006   33146978.814466253             3444
   1291.8489811226405        1.5092566163701643E-006   33147052.878756151             3445
   1292.2240280035005        1.5084189617613508E-006   33147126.896974932             3446
   1292.5990748843606        1.5074504488937108E-006   33147200.875622630             3447
   1292.9741217652206        1.5066146363785569E-006   33147274.808273401             3448
   1293.3491686460807        1.5056479630171756E-006   33147348.701427471             3449
   1293.7242155269410        1.5048139877161909E-006   33147422.548658628             3450
   1294.0992624078010        1.5038491489895523E-006   33147496.356467292             3451
   1294.4743092886611        1.5030170060391049E-006   33147570.118426893             3452
   1294.8493561695211        1.5020539970915171E-006   33147643.841038030             3453
   1295.2244030503814        1.5012236816437708E-006   33147717.517873790             3454
   1295.5994499312415        1.5002624976353131E-006   33147791.155434940             3455
   1295.9744968121013        1.4994340048581692E-006   33147864.747294229             3456
   1296.3495436929616        1.4984746409646219E-006   33147938.299952589             3457
   1296.7245905738218        1.4976479660416564E-006   33148011.806982435             3458
   1297.0996374546819        1.4966904174544500E-006   33148085.274884872             3459
   1297.4746843355420        1.4958655555848555E-006   33148158.697231963             3460
   1297.8497312164022        1.4949098175110048E-006   33148232.080525000             3461
   1298.2247780972623        1.4940867639095314E-006   33148305.418335691             3462
   1298.5998249781221        1.4931328315715780E-006   33148378.717165504             3463
   1298.9748718589824        1.4923115814684703E-006   33148451.970585819             3464
   1299.3499187398427        1.4913594501044219E-006   33148525.185098257             3465
   1299.7249656207025        1.4905399987453655E-006   33148598.354273871             3466
   1300.1000125015626        1.4895896636086376E-006   33148671.484614447             3467
   1300.4750593824228        1.4887720062546915E-006   33148744.569690697             3468
   1300.8501062632829        1.4878234626140491E-006   33148817.616004590             3469
   1301.2251531441430        1.4870075945415939E-006   33148890.617126495             3470
   1301.6002000250030        1.4860608376810926E-006   33148963.579558540             3471
   1301.9752469058633        1.4852467541817698E-006   33149036.496870779             3472
   1302.3502937867233        1.4843017794006944E-006   33149109.375565484             3473
   1302.7253406675834        1.4834894757813480E-006   33149182.209212389             3474
   1303.1003875484437        1.4825462783941599E-006   33149255.004313942             3475
   1303.4754344293037        1.4817357499767788E-006   33149327.754439533             3476
   1303.8504813101638        1.4807943253130548E-006   33149400.466091767             3477
   1304.2255281910238        1.4799855674347145E-006   33149473.132839724             3478
   1304.6005750718839        1.4790459108390880E-006   33149545.761186164             3479
   1304.9756219527442        1.4782389188518937E-006   33149618.344699845             3480
   1305.3506688336042        1.4773010256839971E-006   33149690.889883678             3481
   1305.7257157144643        1.4764957949550271E-006   33149763.390306100             3482
   1306.1007625953243        1.4755596605894378E-006   33149835.852470182             3483
   1306.4758094761846        1.4747561865006830E-006   33149908.269944042             3484
   1306.8508563570447        1.4738218063268682E-006   33149980.649230905             3485
   1307.2259032379047        1.4730200842751802E-006   33150052.983898576             3486
   1307.6009501187648        1.4720874536974331E-006   33150125.280450422             3487
   1307.9759969996251        1.4712874790944637E-006   33150197.532453947             3488
   1308.3510438804851        1.4703565935318547E-006   33150269.746412661             3489
   1308.7260907613452        1.4695583618040027E-006   33150341.915893756             3490
   1309.1011376422055        1.4686292166903176E-006   33150414.047400884             3491
   1309.4761845230655        1.4678327232786708E-006   33150486.134500951             3492
   1309.8512314039253        1.4669053140623585E-006   33150558.183697734             3493
   1310.2262782847856        1.4661105544226389E-006   33150630.188557830             3494
   1310.6013251656459        1.4651848765667531E-006   33150702.155585174             3495
   1310.9763720465057        1.4643918461692632E-006   33150774.078346059             3496
   1311.3514189273658        1.4634678951514088E-006   33150845.963344552             3497
   1311.7264658082261        1.4626765894809697E-006   33150917.804146651             3498
   1312.1015126890861        1.4617543607932469E-006   33150989.607256562             3499
   1312.4765595699462        1.4609647753491511E-006   33151061.366239984             3500
   1312.8516064508062        1.4600442644981007E-006   33151133.087601256             3501
   1313.2266533316665        1.4592563947940527E-006   33151204.764905788             3502
   1313.6017002125266        1.4583375973006033E-006   33151276.404658053             3503
   1313.9767470933866        1.4575514388646680E-006   33151348.000423167             3504
   1314.3517939742467        1.4566343502640787E-006   33151419.558705729             3505
   1314.7268408551070        1.4558498986386227E-006   33151491.073070578             3506
   1315.1018877359670        1.4549345144804285E-006   33151562.550022438             3507
   1315.4769346168271        1.4541517652220728E-006   33151633.983125851             3508
   1315.8519814976871        1.4532380810700332E-006   33151705.378885679             3509
   1316.2270283785474        1.4524570297495915E-006   33151776.730866179             3510
   1316.6020752594075        1.4515450411816369E-006   33151848.045572340             3511
   1316.9771221402675        1.4507656833840685E-006   33151919.316568136             3512
   1317.3521690211276        1.4498553859922442E-006   33151990.550358675             3513
   1317.7272159019878        1.4490777173165961E-006   33152061.740507659             3514
   1318.1022627828479        1.4481691067070111E-006   33152132.893520311             3515
   1318.4773096637080        1.4473931227663680E-006   33152204.002960052             3516
   1318.8523565445680        1.4464861945591414E-006   33152275.075332236             3517
   1319.2274034254283        1.4457118909805710E-006   33152346.104200006             3518
   1319.6024503062883        1.4448066408097795E-006   33152417.096068833             3519
   1319.9774971871482        1.4440340132342818E-006   33152488.044501588             3520
   1320.3525440680087        1.4431304367479043E-006   33152558.956003856             3521
   1320.7275909488687        1.4423594808303550E-006   33152629.824138239             3522
   1321.1026378297286        1.4414575736902260E-006   33152700.655410435             3523
   1321.4776847105888        1.4406882850993301E-006   33152771.443382785             3524
   1321.8527315914491        1.4397880429810812E-006   33152842.194561087             3525
   1322.2277784723090        1.4390204173993175E-006   33152912.902507421             3526
   1322.6028253531690        1.4381218359923310E-006   33152983.573727701             3527
   1322.9778722340293        1.4373558691158996E-006   33153054.201783739             3528
   1323.3529191148893        1.4364589441232531E-006   33153124.793181561             3529
   1323.7279659957494        1.4356946316620257E-006   33153195.341482718             3530
   1324.1030128766095        1.4347993588004428E-006   33153265.853193339             3531
   1324.4780597574697        1.4340366964779111E-006   33153336.321874719             3532
   1324.8531066383298        1.4331430714777079E-006   33153406.754033092             3533
   1325.2281535191898        1.4323820550309310E-006   33153477.143229496             3534
   1325.6032004000499        1.4314900736359708E-006   33153547.495970264             3535
   1325.9782472809102        1.4307306988155243E-006   33153617.805816185             3536
   1326.3532941617702        1.4298403567831592E-006   33153688.079273693             3537
   1326.7283410426303        1.4290826193530901E-006   33153758.309903320             3538
   1327.1033879234906        1.4281939124541129E-006   33153828.504211612             3539
   1327.4784348043506        1.4274378081918811E-006   33153898.655758839             3540
   1327.8534816852107        1.4265507322104793E-006   33153968.771051642             3541
   1328.2285285660707        1.4257962569069124E-006   33154038.843650062             3542
   1328.6035754469308        1.4249108076406111E-006   33154108.880060814             3543
   1328.9786223277911        1.4241579570998520E-006   33154178.873843707             3544
   1329.3536692086511        1.4232741303594727E-006   33154248.831505552             3545
   1329.7287160895112        1.4225229003989313E-006   33154318.746605907             3546
   1330.1037629703712        1.4216406920085335E-006   33154388.625651676             3547
   1330.4788098512315        1.4208910784588374E-006   33154458.462202180             3548
   1330.8538567320916        1.4200104842556734E-006   33154528.262764409             3549
   1331.2289036129514        1.4192624829606173E-006   33154598.020897452             3550
   1331.6039504938117        1.4183834987950828E-006   33154667.743108384             3551
   1331.9789973746720        1.4176371056115800E-006   33154737.422956053             3552
   1332.3540442555318        1.4167597273471652E-006   33154807.066947632             3553
   1332.7290911363921        1.4160149381451989E-006   33154876.668641727             3554
   1333.1041380172524        1.4151391616584395E-006   33154946.234545596             3555
   1333.4791848981122        1.4143959723210151E-006   33155015.758217618             3556
   1333.8542317789722        1.4135217935014425E-006   33155085.246165123             3557
   1334.2292786598325        1.4127801999245349E-006   33155154.691946272             3558
   1334.6043255406926        1.4119076146746296E-006   33155224.102068476             3559
   1334.9793724215526        1.4111676127671384E-006   33155293.470089663             3560
   1335.3544193024127        1.4102966170022810E-006   33155362.802517325             3561
   1335.7294661832730        1.4095582026859821E-006   33155432.092909165             3562
   1336.1045130641330        1.4086887923344028E-006   33155501.347772755             3563
   1336.4795599449931        1.4079519615439015E-006   33155570.560665574             3564
   1336.8546068258531        1.4070841325466368E-006   33155639.738095269             3565
   1337.2296537067134        1.4063488812293185E-006   33155708.873619098             3566
   1337.6047005875735        1.4054826295401611E-006   33155777.973744776             3567
   1337.9797474684335        1.4047489536561442E-006   33155847.032029361             3568
   1338.3547943492938        1.4038842752415952E-006   33155916.054980632             3569
   1338.7298412301539        1.4031521707636829E-006   33155985.036155414             3570
   1339.1048881110139        1.4022890616029070E-006   33156053.982061572             3571
   1339.4799349918740        1.4015585245165412E-006   33156122.886255719             3572
   1339.8549818727340        1.4006969806013174E-006   33156191.755245782             3573
   1340.2300287535943        1.3999680069045320E-006   33156260.582588170             3574
   1340.6050756344544        1.3991080242392084E-006   33156329.374790866             3575
   1340.9801225153144        1.3983806099425820E-006   33156398.125410080             3576
   1341.3551693961745        1.3975221845440264E-006   33156466.840953853             3577
   1341.7302162770347        1.3967963256706369E-006   33156535.514978189             3578
   1342.1052631578948        1.3959394535681955E-006   33156604.153991193             3579
   1342.4803100387546        1.3952151461535725E-006   33156672.751548663             3580
   1342.8553569196149        1.3943598233890191E-006   33156741.314158767             3581
   1343.2304038004752        1.3936370634810963E-006   33156809.835377101             3582
   1343.6054506813350        1.3927832861085877E-006   33156878.321711887             3583
   1343.9804975621951        1.3920620697676625E-006   33156946.766718529             3584
   1344.3555444430556        1.3912098338536924E-006   33157015.176905300             3585
   1344.7305913239156        1.3904901571523749E-006   33157083.545827407             3586
   1345.1056382047755        1.3896394587757308E-006   33157151.879993178             3587
   1345.4806850856357        1.3889213177989008E-006   33157220.172957625             3588
   1345.8557319664960        1.3880721530506144E-006   33157288.431229133             3589
   1346.2307788473559        1.3873555438953778E-006   33157356.648362514             3590
   1346.6058257282159        1.3865079088786850E-006   33157424.830866210             3591
   1346.9808726090762        1.3857928276543243E-006   33157492.972294837             3592
   1347.3559194899362        1.3849467184846135E-006   33157561.079156894             3593
   1347.7309663707963        1.3842331613125458E-006   33157629.145006806             3594
   1348.1060132516563        1.3833885741173202E-006   33157697.176353108             3595
   1348.4810601325166        1.3826765371310502E-006   33157765.166750051             3596
   1348.8561070133767        1.3818334680498774E-006   33157833.122706220             3597
   1349.2311538942367        1.3811229473949568E-006   33157901.037775669             3598
   1349.6062007750968        1.3802813925794288E-006   33157968.918467030             3599
   1349.9812476559571        1.3795723844134066E-006   33158036.758334186             3600
   1350.3562945368171        1.3787323400270924E-006   33158104.563885797             3601
   1350.7313414176772        1.3780248405194761E-006   33158172.328675568             3602
   1351.1063882985372        1.3771863027378779E-006   33158240.059212208             3603
   1351.4814351793975        1.3764803080700858E-006   33158307.749049246             3604
   1351.8564820602576        1.3756432730805975E-006   33158375.404695418             3605
   1352.2315289411176        1.3749387794459170E-006   33158443.019704077             3606
   1352.6065758219777        1.3741032434477794E-006   33158510.600584004             3607
   1352.9816227028380        1.3734002470513230E-006   33158578.140888378             3608
   1353.3566695836980        1.3725662062555803E-006   33158645.647126019             3609
   1353.7317164645581        1.3718647033142424E-006   33158713.112849928             3610
   1354.1067633454181        1.3710321539436961E-006   33158780.544568952             3611
   1354.4818102262784        1.3703321406861072E-006   33158847.935835939             3612
   1354.8568571071385        1.3695010789752766E-006   33158915.293159753             3613
   1355.2319039879983        1.3688025516417651E-006   33158982.610093083             3614
   1355.6069508688588        1.3679729738368433E-006   33159049.893144820             3615
   1355.9819977497189        1.3672759286793858E-006   33159117.135867491             3616
   1356.3570446305787        1.3664478310381996E-006   33159184.344770011             3617
   1356.7320915114390        1.3657522643203853E-006   33159251.513404742             3618
   1357.1071383922992        1.3649256431123452E-006   33159318.648280635             3619
   1357.4821852731591        1.3642315511093320E-006   33159385.742949892             3620
   1357.8572321540191        1.3634064026153956E-006   33159452.803921476             3621
   1358.2322790348794        1.3627137816138619E-006   33159519.824747436             3622
   1358.6073259157395        1.3618901021264914E-006   33159586.811936762             3623
   1358.9823727965995        1.3611989484246028E-006   33159653.759041343             3624
   1359.3574196774596        1.3603767342477220E-006   33159720.672570191             3625
   1359.7324665583199        1.3596870441550815E-006   33159787.546075042             3626
   1360.1075134391799        1.3588662916040347E-006   33159854.386064928             3627
   1360.4825603200400        1.3581780614416452E-006   33159921.186091430             3628
   1360.8576072009000        1.3573587668431538E-006   33159987.952663597             3629
   1361.2326540817601        1.3566719929433746E-006   33160054.679332860             3630
   1361.6077009626204        1.3558541526354968E-006   33160121.372608278             3631
   1361.9827478434804        1.3551688313420045E-006   33160188.026041154             3632
   1362.3577947243405        1.3543524416740930E-006   33160254.646140546             3633
   1362.7328416052007        1.3536685693418380E-006   33160321.226457614             3634
   1363.1078884860608        1.3528536266745003E-006   33160387.773501422             3635
   1363.4829353669209        1.3521711996696666E-006   33160454.280822996             3636
   1363.8579822477809        1.3513577003747242E-006   33160520.754931413             3637
   1364.2330291286412        1.3506767150746892E-006   33160587.189377550             3638
   1364.6080760095012        1.3498646555351327E-006   33160653.590670485             3639
   1364.9831228903613        1.3491851083284253E-006   33160719.952360969             3640
   1365.3581697712214        1.3483744849383785E-006   33160786.280958083             3641
   1365.7332166520816        1.3476963722246378E-006   33160852.570012443             3642
   1366.1082635329417        1.3468871813893170E-006   33160918.826033138             3643
   1366.4833104138015        1.3462104995792553E-006   33160985.042570636             3644
   1366.8583572946618        1.3454027377149269E-006   33161051.226134036             3645
   1367.2334041755221        1.3447274832302842E-006   33161117.370273683             3646
   1367.6084510563819        1.3439211467642236E-006   33161183.481498662             3647
   1367.9834979372422        1.3432473160377334E-006   33161249.553359196             3648
   1368.3585448181025        1.3424424014081869E-006   33161315.592364367             3649
   1368.7335916989623        1.3417699908835333E-006   33161381.592064269             3650
   1369.1086385798224        1.3409664945396813E-006   33161447.558967989             3651
   1369.4836854606826        1.3402955006714556E-006   33161513.486625493             3652
   1369.8587323415427        1.3394934190733670E-006   33161579.381545853             3653
   1370.2337792224027        1.3388238383270359E-006   33161645.237278916             3654
   1370.6088261032628        1.3380231679456306E-006   33161711.060333751             3655
   1370.9838729841231        1.3373549967974910E-006   33161776.844260085             3656
   1371.3589198649831        1.3365557341145017E-006   33161842.595566981             3657
   1371.7339667458432        1.3358889690516452E-006   33161908.307804041             3658
   1372.1090136267032        1.3350911105595814E-006   33161973.987480313             3659
   1372.4840605075635        1.3344257480798495E-006   33162039.628145292             3660
   1372.8591073884236        1.3336292902819495E-006   33162105.236308012             3661
   1373.2341542692836        1.3329653268939031E-006   33162170.805517849             3662
   1373.6092011501439        1.3321702663041031E-006   33162236.342283826             3663
   1373.9842480310040        1.3315076985269761E-006   33162301.840155210             3664
   1374.3592949118640        1.3307140316698701E-006   33162367.305641003             3665
   1374.7343417927241        1.3300528560335364E-006   33162432.732290365             3666
   1375.1093886735841        1.3292605794443338E-006   33162498.126612280             3667
   1375.4844355544444        1.3286007924892638E-006   33162563.482155796             3668
   1375.8594824353045        1.3278099027137563E-006   33162628.805429880             3669
   1376.2345293161645        1.3271515009909839E-006   33162694.089983478             3670
   1376.6095761970246        1.3263619945855042E-006   33162759.342325531             3671
   1376.9846230778849        1.3257049746565843E-006   33162824.556004882             3672
   1377.3596699587449        1.3249168481879709E-006   33162889.737530451             3673
   1377.7347168396047        1.3242612066249433E-006   33162954.880450975             3674
   1378.1097637204650        1.3234744566704973E-006   33163019.991275355             3675
   1378.4848106013253        1.3228201900558477E-006   33163085.063552231             3676
   1378.8598574821851        1.3220348132033010E-006   33163150.103790466             3677
   1379.2349043630452        1.3213819181299275E-006   33163215.105538610             3678
   1379.6099512439057        1.3205979109774010E-006   33163280.075305499             3679
   1379.9849981247655        1.3199463840485710E-006   33163345.006639589             3680
   1380.3600450056256        1.3191637432045410E-006   33163409.906049673             3681
   1380.7350918864859        1.3185135810338561E-006   33163474.767084125             3682
   1381.1101387673459        1.3177323031171128E-006   33163539.596251708             3683
   1381.4851856482060        1.3170835023284766E-006   33163604.387100700             3684
   1381.8602325290660        1.3163035839680900E-006   33163669.146139834             3685
   1382.2352794099263        1.3156561411956633E-006   33163733.866917294             3686
   1382.6103262907864        1.3148775790309436E-006   33163798.555941779             3687
   1382.9853731716464        1.3142314909191114E-006   33163863.206761397             3688
   1383.3604200525065        1.3134542815995764E-006   33163927.825884793             3689
   1383.7354669333668        1.3128095448029091E-006   33163992.406859994             3690
   1384.1105138142268        1.3120336849882451E-006   33164056.956195608             3691
   1384.4855606950869        1.3113902961714645E-006   33164121.467439584             3692
   1384.8606075759469        1.3106157825314889E-006   33164185.947100490             3693
   1385.2356544568072        1.3099737383694326E-006   33164250.388726193             3694
   1385.6107013376673        1.3092005675840569E-006   33164314.798825212             3695
   1385.9857482185273        1.3085598647616382E-006   33164379.170945339             3696
   1386.3607950993874        1.3077880335208356E-006   33164443.511595055             3697
   1386.7358419802476        1.3071486687330086E-006   33164507.814322066             3698
   1387.1108888611077        1.3063781737367766E-006   33164572.085634805             3699
   1387.4859357419678        1.3057401436885034E-006   33164636.319080919             3700
   1387.8609826228278        1.3049709816468268E-006   33164700.521168780             3701
   1388.2360295036881        1.3043342830530377E-006   33164764.685445964             3702
   1388.6110763845481        1.3035664506858535E-006   33164828.818420805             3703
   1388.9861232654080        1.3029310802714147E-006   33164892.913640793             3704
   1389.3611701462683        1.3021645743085735E-006   33164956.977614224             3705
   1389.7362170271285        1.3015305288082475E-006   33165021.003888518             3706
   1390.1112639079884        1.3007653459894849E-006   33165084.998971902             3707
   1390.4863107888484        1.3001326221478990E-006   33165148.956411749             3708
   1390.8613576697089        1.2993687592227935E-006   33165212.882716224             3709
   1391.2364045505687        1.2987373537944028E-006   33165276.771432634             3710
   1391.6114514314288        1.2979748075223475E-006   33165340.629069086             3711
   1391.9864983122891        1.2973447172714001E-006   33165404.449172836             3712
   1392.3615451931491        1.2965834844215582E-006   33165468.238251925             3713
   1392.7365920740092        1.2959547061220625E-006   33165531.989853546             3714
   1393.1116389548692        1.2951947834733414E-006   33165595.710485693             3715
   1393.4866858357295        1.2945673139090256E-006   33165659.393695489             3716
   1393.8617327165896        1.2938086982500384E-006   33165723.045990866             3717
   1394.2367795974496        1.2931825342143236E-006   33165786.660918895             3718
   1394.6118264783097        1.2924252223433553E-006   33165850.244987443             3719
   1394.9868733591700        1.2918003606393118E-006   33165913.791743536             3720
   1395.3619202400300        1.2910443493642831E-006   33165977.307694968             3721
   1395.7369671208901        1.2904207868046061E-006   33166040.786388714             3722
   1396.1120140017501        1.2896660729430419E-006   33166104.234332494             3723
   1396.4870608826102        1.2890438063500092E-006   33166167.645073246             3724
   1396.8621077634705        1.2882903867290007E-006   33166231.025118615             3725
   1397.2371546443305        1.2876694129344421E-006   33166294.368015494             3726
   1397.6122015251906        1.2869172843906176E-006   33166357.680271458             3727
   1397.9872484060509        1.2862976002358812E-006   33166420.955433350             3728
   1398.3622952869109        1.2855467596153704E-006   33166484.200008675             3729
   1398.7373421677710        1.2849283619512888E-006   33166547.407544233             3730
   1399.1123890486310        1.2841788061096852E-006   33166610.584547456             3731
   1399.4874359294913        1.2835616917965415E-006   33166673.724565104             3732
   1399.8624828103514        1.2828134175988750E-006   33166736.834104534             3733
   1400.2375296912114        1.2821975835063684E-006   33166799.906712465             3734
   1400.6125765720715        1.2814505878270668E-006   33166862.948896170             3735
   1400.9876234529318        1.2808360308342789E-006   33166925.954202339             3736
   1401.3626703337918        1.2800903105571374E-006   33166988.929138161             3737
   1401.7377172146516        1.2794770275525033E-006   33167051.867250293             3738
   1402.1127640955119        1.2787325795706514E-006   33167114.775045849             3739
   1402.4878109763722        1.2781205674519188E-006   33167177.646071453             3740
   1402.8628578572320        1.2773773886677876E-006   33167240.486834127             3741
   1403.2379047380923        1.2767666443419903E-006   33167303.290880464             3742
   1403.6129516189526        1.2760247316672752E-006   33167366.064717401             3743
   1403.9879984998124        1.2754152520506987E-006   33167428.801891509             3744
   1404.3630453806725        1.2746746024063319E-006   33167491.508909646             3745
   1404.7380922615328        1.2740663844244796E-006   33167554.179318342             3746
   1405.1131391423928        1.2733269947405938E-006   33167616.819624368             3747
   1405.4881860232529        1.2727200353281554E-006   33167679.423374239             3748
   1405.8632329041129        1.2719819025440574E-006   33167741.997074626             3749
   1406.2382797849732        1.2713761986448757E-006   33167804.534272026             3750
   1406.6133266658333        1.2706393197090053E-006   33167867.041473016             3751
   1406.9883735466933        1.2700348682760457E-006   33167929.512224074             3752
   1407.3634204275534        1.2692992401459491E-006   33167991.953031685             3753
   1407.7384673084134        1.2686960381412631E-006   33168054.357442312             3754
   1408.1135141892737        1.2679616577835604E-006   33168116.731962342             3755
   1408.4885610701338        1.2673597021782582E-006   33168179.070138216             3756
   1408.8636079509938        1.2666265665686089E-006   33168241.378476229             3757
   1409.2386548318541        1.2660258543428258E-006   33168303.650522809             3758
   1409.6137017127141        1.2652939604659002E-006   33168365.892784145             3759
   1409.9887485935742        1.2646944886087664E-006   33168428.098806664             3760
   1410.3637954744343        1.2639638334582112E-006   33168490.275096446             3761
   1410.7388423552945        1.2633655989678158E-006   33168552.415199913             3762
   1411.1138892361546        1.2626361795462258E-006   33168614.525623038             3763
   1411.4889361170146        1.2620391794295896E-006   33168676.599912237             3764
   1411.8639829978747        1.2613109927484688E-006   33168738.644573379             3765
   1412.2390298787350        1.2607152240215117E-006   33168800.653152872             3766
   1412.6140767595950        1.2599882671012530E-006   33168862.632156488             3767
   1412.9891236404549        1.2593937267887629E-006   33168924.575130619             3768
   1413.3641705213151        1.2586679966586063E-006   33168986.488580931             3769
   1413.7392174021754        1.2580746817942042E-006   33169048.366053827             3770
   1414.1142642830353        1.2573501754922136E-006   33169110.214054853             3771
   1414.4893111638953        1.2567580831183289E-006   33169172.026130412             3772
   1414.8643580447558        1.2560347976913555E-006   33169233.808785941             3773
   1415.2394049256156        1.2554439248591912E-006   33169295.555567846             3774
   1415.6144518064757        1.2547218573628490E-006   33169357.272981446             3775
   1415.9894986873360        1.2541322011323504E-006   33169418.954573162             3776
   1416.3645455681960        1.2534113486309788E-006   33169480.606848191             3777
   1416.7395924490561        1.2528229060708075E-006   33169542.223352958             3778
   1417.1146393299161        1.2521032656374447E-006   33169603.810592547             3779
   1417.4896862107764        1.2515160338249411E-006   33169665.362113390             3780
   1417.8647330916365        1.2507976025412919E-006   33169726.884420458             3781
   1418.2397799724965        1.2502115785624498E-006   33169788.371060189             3782
   1418.6148268533566        1.2494943535188570E-006   33169849.828537431             3783
   1418.9898737342166        1.2489095344682914E-006   33169911.250398640             3784
   1419.3649206150769        1.2481935127637033E-006   33169972.643148541             3785
   1419.7399674959370        1.2476098957446230E-006   33170034.000333600             3786
   1420.1150143767970        1.2468950744865649E-006   33170095.328458428             3787
   1420.4900612576573        1.2463126566107395E-006   33170156.621069506             3788
   1420.8651081385174        1.2455990329152842E-006   33170217.884671308             3789
   1421.2401550193774        1.2450178113030145E-006   33170279.112810344             3790
   1421.6152019002375        1.2443053822947492E-006   33170340.311990958             3791
   1421.9902487810978        1.2437253540748365E-006   33170401.475759678             3792
   1422.3652956619578        1.2430141168868394E-006   33170462.610620730             3793
   1422.7403425428179        1.2424352791965615E-006   33170523.710120656             3794
   1423.1153894236779        1.2417252309703651E-006   33170584.780763548             3795
   1423.4904363045382        1.2411475809554386E-006   33170645.816095978             3796
   1423.8654831853983        1.2404387188410066E-006   33170706.822621908             3797
   1424.2405300662581        1.2398622536555630E-006   33170767.793887939             3798
   1424.6155769471184        1.2391545748112533E-006   33170828.736397889             3799
   1424.9906238279787        1.2385792916178083E-006   33170889.643698387             3800
   1425.3656707088385        1.2378727932103506E-006   33170950.522293124             3801
   1425.7407175896985        1.2372986891797749E-006   33171011.365728766             3802
   1426.1157644705588        1.2365933683842398E-006   33171072.180508856             3803
   1426.4908113514189        1.2360204406957278E-006   33171132.960180085             3804
   1426.8658582322789        1.2353162946954969E-006   33171193.711245868             3805
   1427.2409051131392        1.2347445405365420E-006   33171254.427252933             3806
   1427.6159519939993        1.2340415665232781E-006   33171315.114704549             3807
   1427.9909988748593        1.2334709830896409E-006   33171375.767147481             3808
   1428.3660457557194        1.2327691782632609E-006   33171436.391084861             3809
   1428.7410926365797        1.2321997627589415E-006   33171496.980063491             3810
   1429.1161395174397        1.2314991243275876E-006   33171557.540586352             3811
   1429.4911863982998        1.2309308739647962E-006   33171618.066200290             3812
   1429.8662332791598        1.2302313991448072E-006   33171678.563408140             3813
   1430.2412801600201        1.2296643111439355E-006   33171739.025756791             3814
   1430.6163270408802        1.2289659971598167E-006   33171799.459748928             3815
   1430.9913739217402        1.2284000687494118E-006   33171859.858931489             3816
   1431.3664208026003        1.2277029128338096E-006   33171920.229807008             3817
   1431.7414676834603        1.2271381412505427E-006   33171980.565922473             3818
   1432.1165145643206        1.2264421406442134E-006   33172040.873780265             3819
   1432.4915614451807        1.2258785231328543E-006   33172101.146927420             3820
   1432.8666083260407        1.2251836750846382E-006   33172161.391866166             3821
   1433.2416552069010        1.2246212088980243E-006   33172221.602143578             3822
   1433.6167020877610        1.2239275106648153E-006   33172281.784261748             3823
   1433.9917489686211        1.2233661930638276E-006   33172341.931767799             3824
   1434.3667958494812        1.2226736419105513E-006   33172402.051163658             3825
   1434.7418427303414        1.2221134701640818E-006   33172462.135996517             3826
   1435.1168896112015        1.2214220633636604E-006   33172522.192768130             3827
   1435.4919364920613        1.2208630347485901E-006   33172582.215025753             3828
   1435.8669833729216        1.2201727695819171E-006   33172642.209270988             3829
   1436.2420302537819        1.2196148813830823E-006   33172702.169051129             3830
   1436.6170771346417        1.2189257551389986E-006   33172762.100867629             3831
   1436.9921240155018        1.2183690046491684E-006   33172821.998267852             3832
   1437.3671708963620        1.2176810146244271E-006   33172881.867753074             3833
   1437.7422177772221        1.2171253991442729E-006   33172941.702870723             3834
   1438.1172646580821        1.2164385426435210E-006   33173001.510121915             3835
   1438.4923115389424        1.2158840594815899E-006   33173061.283054143             3836
   1438.8673584198025        1.2151983338173339E-006   33173121.028168354             3837
   1439.2424053006625        1.2146449802900227E-006   33173180.739012104             3838
   1439.6174521815226        1.2139603827826076E-006   33173240.422086176             3839
   1439.9924990623829        1.2134081562141338E-006   33173300.070938189             3840
   1440.3675459432429        1.2127246841917107E-006   33173359.692068767             3841
   1440.7425928241030        1.2121735819140873E-006   33173419.279025592             3842
   1441.1176397049630        1.2114912327125893E-006   33173478.838309117             3843
   1441.4926865858233        1.2109412520655979E-006   33173538.363467101             3844
   1441.8677334666834        1.2102600230287123E-006   33173597.860999815             3845
   1442.2427803475434        1.2097111613598755E-006   33173657.324455101             3846
   1442.6178272284035        1.2090310498390199E-006   33173716.760333050             3847
   1442.9928741092635        1.2084833045035725E-006   33173776.162181575             3848
   1443.3679209901238        1.2078043078578641E-006   33173835.536500603             3849
   1443.7429678709839        1.2072576762187311E-006   33173894.876838118             3850
   1444.1180147518439        1.2065797918149622E-006   33173954.189693864             3851
   1444.4930616327042        1.2060342712427331E-006   33174013.468615919             3852
   1444.8681085135643        1.2053574964553441E-006   33174072.720103830             3853
   1445.2431553944243        1.2048130843282417E-006   33174131.937705766             3854
   1445.6182022752844        1.2041374165392953E-006   33174191.127921101             3855
   1445.9932491561447        1.2035941102431499E-006   33174250.284298074             3856
   1446.3682960370047        1.2029195468423071E-006   33174309.413335875             3857
   1446.7433429178645        1.2023773437705359E-006   33174368.508582834             3858
   1447.1183897987248        1.2017038821550235E-006   33174427.576537963             3859
   1447.4934366795851        1.2011627797085962E-006   33174486.610749673             3860
   1447.8684835604449        1.2004904172831882E-006   33174545.617716786             3861
   1448.2435304413050        1.1999504128706095E-006   33174604.590987805             3862
   1448.6185773221653        1.1992791470475985E-006   33174663.537061363             3863
   1448.9936242030255        1.1987402380848766E-006   33174722.449486058             3864
   1449.3686710838854        1.1980700662840479E-006   33174781.334760338             3865
   1449.7437179647454        1.1975322501946713E-006   33174840.186432883             3866
   1450.1187648456059        1.1968631698432745E-006   33174899.011001952             3867
   1450.4938117264658        1.1963264440581862E-006   33174957.802016325             3868
   1450.8688586073258        1.1956584525909149E-006   33175016.565974064             3869
   1451.2439054881861        1.1951228145484873E-006   33175075.296424050             3870
   1451.6189523690462        1.1944559094074495E-006   33175133.999864146             3871
   1451.9939992499062        1.1939213565534573E-006   33175192.669843335             3872
   1452.3690461307663        1.1932555351881551E-006   33175251.312859286             3873
   1452.7440930116265        1.1927220649757492E-006   33175309.922461070             3874
   1453.1191398924866        1.1920573248430470E-006   33175368.505146168             3875
   1453.4941867733467        1.1915249347327328E-006   33175427.054463763             3876
   1453.8692336542067        1.1908612732968348E-006   33175485.576911122             3877
   1454.2442805350668        1.1903299607564471E-006   33175544.066037532             3878
   1454.6193274159270        1.1896673754888720E-006   33175602.528340071             3879
   1454.9943742967871        1.1891371379935473E-006   33175660.957368124             3880
   1455.3694211776472        1.1884756263731068E-006   33175719.359618567             3881
   1455.7444680585074        1.1879464614052578E-006   33175777.728640892             3882
   1456.1195149393675        1.1872860209180287E-006   33175836.070931770             3883
   1456.4945618202275        1.1867579259673243E-006   33175894.380040810             3884
   1456.8696087010876        1.1860985541066226E-006   33175952.662464470             3885
   1457.2446555819479        1.1855715266699552E-006   33176010.911752474             3886
   1457.6197024628079        1.1849132209363138E-006   33176069.134401076             3887
   1457.9947493436680        1.1843872585177823E-006   33176127.323960107             3888
   1458.3697962245280        1.1837300164189258E-006   33176185.486925613             3889
   1458.7448431053883        1.1832051165298099E-006   33176243.616847541             3890
   1459.1198899862484        1.1825489355806289E-006   33176301.720221732             3891
   1459.4949368671082        1.1820250957393615E-006   33176359.790598243             3892
   1459.8699837479685        1.1813699734618888E-006   33176417.834472708             3893
   1460.2450306288288        1.1808471911940336E-006   33176475.845395304             3894
   1460.6200775096886        1.1801931251174224E-006   33176533.829861440             3895
   1460.9951243905487        1.1796713979556493E-006   33176591.781421423             3896
   1461.3701712714089        1.1790183856161455E-006   33176649.706570450             3897
   1461.7452181522690        1.1784977111002073E-006   33176707.598858949             3898
   1462.1202650331290        1.1778457500411274E-006   33176765.464781892             3899
   1462.4953119139893        1.1773261257178328E-006   33176823.297889832             3900
   1462.8703587948494        1.1766752134895396E-006   33176881.104677536             3901
   1463.2454056757094        1.1761566369127329E-006   33176938.878695678             3902
   1463.6204525565695        1.1755067710726103E-006   33176996.626438789             3903
   1463.9954994374298        1.1749892398031475E-006   33177054.341457691             3904
   1464.3705463182898        1.1743404179155794E-006   33177112.030246690             3905
   1464.7455931991499        1.1738239295213020E-006   33177169.686356734             3906
   1465.1206400800099        1.1731761491576481E-006   33177227.316281904             3907
   1465.4956869608700        1.1726607012133620E-006   33177284.913573276             3908
   1465.8707338417303        1.1720139599519296E-006   33177342.484724719             3909
   1466.2457807225903        1.1714995500393766E-006   33177400.023287434             3910
   1466.6208276034504        1.1708538454654038E-006   33177457.535755064             3911
   1466.9958744843104        1.1703404711732436E-006   33177515.015678953             3912
   1467.3709213651707        1.1696958008788691E-006   33177572.469552509             3913
   1467.7459682460308        1.1691834598026556E-006   33177629.890927210             3914
   1468.1210151268908        1.1685398213869046E-006   33177687.286296237             3915
   1468.4960620077511        1.1680285111290572E-006   33177744.649211217             3916
   1468.8711088886112        1.1673859021978094E-006   33177801.986165084             3917
   1469.2461557694712        1.1668756203675980E-006   33177859.290709615             3918
   1469.6212026503313        1.1662340385335657E-006   33177916.569337510             3919
   1469.9962495311916        1.1657247827470782E-006   33177973.815600690             3920
   1470.3712964120516        1.1650842256297880E-006   33178031.035991620             3921
   1470.7463432929114        1.1645759935099156E-006   33178088.224062365             3922
   1471.1213901737717        1.1639364587356817E-006   33178145.386305153             3923
   1471.4964370546320        1.1634292479120917E-006   33178202.516272191             3924
   1471.8714839354918        1.1627907331139946E-006   33178259.620455485             3925
   1472.2465308163519        1.1622845412231095E-006   33178316.692407377             3926
   1472.6215776972122        1.1616470440409706E-006   33178373.738619633             3927
   1472.9966245780722        1.1611418687259426E-006   33178430.752644751             3928
   1473.3716714589323        1.1605053868063036E-006   33178487.740974255             3929
   1473.7467183397926        1.1600012257169967E-006   33178544.697160795             3930
   1474.1217652206526        1.1593657567130983E-006   33178601.627695654             3931
   1474.4968121015127        1.1588626075060594E-006   33178658.526131630             3932
   1474.8718589823727        1.1582281490778154E-006   33178715.398959760             3933
   1475.2469058632330        1.1577260094162582E-006   33178772.239733011             3934
   1475.6219527440931        1.1570925592302364E-006   33178829.054942165             3935
   1475.9969996249531        1.1565914267840132E-006   33178885.838140346             3936
   1476.3720465058132        1.1559589825134105E-006   33178942.595818095             3937
   1476.7470933866734        1.1554588549589925E-006   33178999.321528688             3938
   1477.1221402675335        1.1548274142836144E-006   33179056.021762419             3939
   1477.4971871483936        1.1543282893040720E-006   33179112.690072734             3940
   1477.8722340292536        1.1536978499103088E-006   33179169.332949664             3941
   1478.2472809101137        1.1531997251952845E-006   33179225.943946820             3942
   1478.6223277909739        1.1525702847760907E-006   33179282.529553987             3943
   1478.9973746718340        1.1520731580217812E-006   33179339.083324939             3944
   1479.3724215526940        1.1514447142766538E-006   33179395.611749206             3945
   1479.7474684335543        1.1509485831857846E-006   33179452.108380724             3946
   1480.1225153144144        1.1503211338207384E-006   33179508.579708774             3947
   1480.4975621952744        1.1498259961025461E-006   33179565.019287463             3948
   1480.8726090761345        1.1491995388300956E-006   33179621.433605805             3949
   1481.2476559569948        1.1487053922003010E-006   33179677.816218086             3950
   1481.6227028378548        1.1480799247394355E-006   33179734.173613064             3951
   1481.9977497187147        1.1475867669202275E-006   33179790.499345187             3952
   1482.3727965995749        1.1469622869963905E-006   33179846.799902957             3953
   1482.7478434804352        1.1464701157163989E-006   33179903.068840999             3954
   1483.1228903612950        1.1458466210614678E-006   33179959.312647548             3955
   1483.4979372421551        1.1453554340557468E-006   33180015.524877410             3956
   1483.8729841230154        1.1447329224080084E-006   33180071.712018553             3957
   1484.2480310038754        1.1442427174180123E-006   33180127.867625963             3958
   1484.6230778847355        1.1436211865221443E-006   33180183.998187348             3959
   1484.9981247655955        1.1431319612957061E-006   33180240.097257864             3960
   1485.3731716464558        1.1425114089027541E-006   33180296.171324957             3961
   1485.7482185273159        1.1420231611940634E-006   33180352.213943962             3962
   1486.1232654081759        1.1414035850614228E-006   33180408.231602058             3963
   1486.4983122890362        1.1409163126310076E-006   33180464.217854764             3964
   1486.8733591698963        1.1402977105223968E-006   33180520.179188985             3965
   1487.2484060507563        1.1398114111371002E-006   33180576.109160431             3966
   1487.6234529316164        1.1391937808225447E-006   33180632.014255732             3967
   1487.9984998124767        1.1387084522555049E-006   33180687.888030790             3968
   1488.3735466933367        1.1380917915113124E-006   33180743.736971956             3969
   1488.7485935741968        1.1376074315419411E-006   33180799.554635320             3970
   1489.1236404550568        1.1369917381506831E-006   33180855.347506959             3971
   1489.4986873359169        1.1365083445646430E-006   33180911.109143164             3972
   1489.8737342167772        1.1358936163151332E-006   33180966.846029725             3973
   1490.2487810976372        1.1354111869043198E-006   33181022.551723115             3974
   1490.6238279784973        1.1347974215915949E-006   33181078.232708871             3975
   1490.9988748593576        1.1343159541541127E-006   33181133.882543646             3976
   1491.3739217402176        1.1337031495794071E-006   33181189.507712692             3977
   1491.7489686210777        1.1332226419195558E-006   33181245.101772875             3978
   1492.1240155019377        1.1326107958902853E-006   33181300.671209157             3979
   1492.4990623827980        1.1321312458185306E-006   33181356.209578592             3980
   1492.8741092636581        1.1315203561482731E-006   33181411.723365873             3981
   1493.2491561445179        1.1310417614812308E-006   33181467.206128247             3982
   1493.6242030253782        1.1304318259896989E-006   33181522.664350122             3983
   1493.9992499062384        1.1299541845501145E-006   33181578.091588952             3984
   1494.3742967870983        1.1293452010631426E-006   33181633.494328853             3985
   1494.7493436679583        1.1288685106798697E-006   33181688.866127487             3986
   1495.1243905488186        1.1282604770293884E-006   33181744.213468678             3987
   1495.4994374296787        1.1277847355373685E-006   33181799.529910300             3988
   1495.8744843105387        1.1271776495613900E-006   33181854.821935885             3989
   1496.2495311913988        1.1267028548016344E-006   33181910.083103504             3990
   1496.6245780722591        1.1260967143442243E-006   33181965.319896411             3991
   1496.9996249531191        1.1256228641637903E-006   33182020.525872879             3992
   1497.3746718339792        1.1250176670750573E-006   33182075.707515869             3993
   1497.7497187148394        1.1245447593270308E-006   33182130.858383875             3994
   1498.1247655956995        1.1239405034630966E-006   33182185.984959554             3995
   1498.4998124765596        1.1234685360065720E-006   33182241.080801610             3996
   1498.8748593574196        1.1228652192295608E-006   33182296.152392410             3997
   1499.2499062382799        1.1223941899296206E-006   33182351.193290874             3998
   1499.6249531191399        1.1217918101076316E-006   33182406.209979068             3999
   1500.0000000000000        1.1213217168353265E-006   33182461.196016133             4000
   1500.3750468808601        1.1207202718424188E-006   33182516.157883830             4001
   1500.7500937617201        1.1202511124747478E-006   33182571.089141510             4002
   1501.1251406425804        1.1196506001909197E-006   33182625.996270649             4003
   1501.5001875234404        1.1191823726108112E-006   33182680.872830819             4004
   1501.8752344043005        1.1185827909219806E-006   33182735.725303184             4005
   1502.2502812851606        1.1181154930182721E-006   33182790.547247533             4006
   1502.6253281660208        1.1175168398162546E-006   33182845.345144734             4007
   1503.0003750468809        1.1170504694836741E-006   33182900.112554803             4008
   1503.3754219277409        1.1164527426661661E-006   33182954.855958302             4009
   1503.7504688086012        1.1159872978053123E-006   33183009.568915464             4010
   1504.1255156894613        1.1153904952758728E-006   33183064.257906552             4011
   1504.5005625703213        1.1149259737931949E-006   33183118.916492019             4012
   1504.8756094511814        1.1143300934612216E-006   33183173.551151820             4013
   1505.2506563320417        1.1138664932690013E-006   33183228.155446645             4014
   1505.6257032129017        1.1132715330497155E-006   33183282.735856134             4015
   1506.0007500937616        1.1128088520660471E-006   33183337.285941206             4016
   1506.3757969746218        1.1122148098804733E-006   33183391.812181186             4017
   1506.7508438554821        1.1117530460292426E-006   33183446.308137231             4018
   1507.1258907363419        1.1111599198041900E-006   33183500.780288354             4019
   1507.5009376172020        1.1106990710150597E-006   33183555.222195942             4020
   1507.8759844980623        1.1101068586831023E-006   33183609.640338697             4021
   1508.2510313789223        1.1096469228914894E-006   33183664.028278235             4022
   1508.6260782597824        1.1090556223909456E-006   33183718.392492946             4023
   1509.0011251406424        1.1085965975380052E-006   33183772.726544686             4024
   1509.3761720215027        1.1080062068129207E-006   33183827.036911525             4025
   1509.7512189023628        1.1075480908455243E-006   33183881.317155555             4026
   1510.1262657832228        1.1069586078456542E-006   33183935.573754534             4027
   1510.5013126640831        1.1065013987163721E-006   33183989.800270781             4028
   1510.8763595449432        1.1059128213971601E-006   33184044.003181748             4029
   1511.2514064258032        1.1054565170642438E-006   33184098.176049996             4030
   1511.6264533066633        1.1048688433868058E-006   33184152.325352646             4031
   1512.0015001875233        1.1044134418141671E-006   33184206.444652501             4032
   1512.3765470683836        1.1038266697452710E-006   33184260.540426366             4033
   1512.7515939492437        1.1033721689024657E-006   33184314.606237292             4034
   1513.1266408301037        1.1027862964145124E-006   33184368.648561750             4035
   1513.5016877109638        1.1023326942767206E-006   33184422.660963040             4036
   1513.8767345918241        1.1017477193477271E-006   33184476.649917312             4037
   1514.2517814726841        1.1012950138957348E-006   33184530.608988121             4038
   1514.6268283535442        1.1007109345093147E-006   33184584.544651274             4039
   1515.0018752344045        1.1002591237294958E-006   33184638.450470578             4040
   1515.3769221152645        1.0996759378748420E-006   33184692.332921520             4041
   1515.7519689961246        1.0992250197591408E-006   33184746.185568154             4042
   1516.1270158769846        1.0986427254310045E-006   33184800.014885642             4043
   1516.5020627578449        1.0981926979769166E-006   33184853.814438280             4044
   1516.8771096387050        1.0976112931755930E-006   33184907.590700906             4045
   1517.2521565195648        1.0971621543861456E-006   33184961.337238073             4046
   1517.6272034004251        1.0965816371174530E-006   33185015.060524277             4047
   1518.0022502812853        1.0961333850011893E-006   33185068.754124336             4048
   1518.3772971621452        1.0955537532764527E-006   33185122.424512409             4049
   1518.7523440430052        1.0951063858474131E-006   33185176.065253571             4050
   1519.1273909238655        1.0945276376834459E-006   33185229.682821643             4051
   1519.5024378047256        1.0940811529611497E-006   33185283.270781968             4052
   1519.8774846855856        1.0935032863802359E-006   33185336.835608024             4053
   1520.2525315664457        1.0930576823896641E-006   33185390.370865412             4054
   1520.6275784473060        1.0924806954195378E-006   33185443.883027274             4055
   1521.0026253281660        1.0920359701911138E-006   33185497.365659475             4056
   1521.3776722090261        1.0914598608649466E-006   33185550.825234819             4057
   1521.7527190898863        1.0910160124345199E-006   33185604.255319435             4058
   1522.1277659707464        1.0904407787908980E-006   33185657.662385780             4059
   1522.5028128516064        1.0899978051997271E-006   33185711.040000245             4060
   1522.8778597324665        1.0894234452826360E-006   33185764.394634958             4061
   1523.2529066133266        1.0889813445773677E-006   33185817.719856575             4062
   1523.6279534941868        1.0884078564361760E-006   33185871.022136874             4063
   1524.0030003750469        1.0879666266688319E-006   33185924.295042779             4064
   1524.3780472559069        1.0873940083582719E-006   33185977.545045722             4065
   1524.7530941367670        1.0869536475862283E-006   33186030.765712902             4066
   1525.1281410176273        1.0863818971663771E-006   33186083.963515408             4067
   1525.5031878984873        1.0859424034523497E-006   33186137.132020708             4068
   1525.8782347793474        1.0853715189886154E-006   33186190.277699534             4069
   1526.2532816602074        1.0849328904006380E-006   33186243.394119635             4070
   1526.6283285410677        1.0843628699637406E-006   33186296.487751395             4071
   1527.0033754219278        1.0839251045751529E-006   33186349.552162841             4072
   1527.3784223027878        1.0833559462411068E-006   33186402.593823995             4073
   1527.7534691836481        1.0829190421305336E-006   33186455.606303167             4074
   1528.1285160645082        1.0823507439806316E-006   33186508.596070025             4075
   1528.5035629453680        1.0819146992319659E-006   33186561.556693163             4076
   1528.8786098262283        1.0813472593527604E-006   33186614.494641896             4077
   1529.2536567070886        1.0809120720551483E-006   33186667.403485086             4078
   1529.6287035879484        1.0803454885384367E-006   33186720.289691694             4079
   1530.0037504688084        1.0799111567862590E-006   33186773.146830879             4080
   1530.3787973496687        1.0793454277290636E-006   33186825.981371231             4081
   1530.7538442305288        1.0789119496219185E-006   33186878.786882203             4082
   1531.1288911113888        1.0783470731264710E-006   33186931.569832023             4083
   1531.5039379922489        1.0779144467691588E-006   33186984.323790416             4084
   1531.8789848731092        1.0773504209428838E-006   33187037.055225268             4085
   1532.2540317539692        1.0769186444453872E-006   33187089.757706583             4086
   1532.6290786348293        1.0763554674008860E-006   33187142.437701885             4087
   1533.0041255156896        1.0759245388783577E-006   33187195.088781472             4088
   1533.3791723965496        1.0753622087333883E-006   33187247.717412494             4089
   1533.7542192774097        1.0749321263061308E-006   33187300.317165554             4090
   1534.1292661582697        1.0743706411835962E-006   33187352.894507430             4091
   1534.5043130391300        1.0739414029770447E-006   33187405.443009015             4092
   1534.8793599199901        1.0733807610049722E-006   33187457.969136719             4093
   1535.2544068008501        1.0729523651496809E-006   33187510.466461733             4094
   1535.6294536817102        1.0723925644612084E-006   33187562.941450104             4095
   1536.0045005625702        1.0719650090928315E-006   33187615.387673315             4096
   1536.3795474434305        1.0714060478261884E-006   33187667.811597038             4097
   1536.7545943242906        1.0709793310854668E-006   33187720.206793055             4098
   1537.1296412051506        1.0704212073839593E-006   33187772.579726670             4099
   1537.5046880860107        1.0699953274166994E-006   33187824.923969969             4100
   1537.8797349668710        1.0694380394286926E-006   33187877.245987881             4101
   1538.2547818477310        1.0690129943857547E-006   33187929.539352786             4102
   1538.6298287285911        1.0684565402646587E-006   33187981.810529239             4103
   1539.0048756094513        1.0680323283019377E-006   33188034.053089932             4104
   1539.3799224903114        1.0674767062061904E-006   33188086.273499038             4105
   1539.7549693711712        1.0670533254846012E-006   33188138.465329554             4106
   1540.1300162520315        1.0664985335776523E-006   33188190.635045279             4107
   1540.5050631328918        1.0660759822631106E-006   33188242.776219513             4108
   1540.8801100137516        1.0655220187134030E-006   33188294.895315677             4109
   1541.2551568946117        1.0651002949768155E-006   33188346.985907376             4110
   1541.6302037754720        1.0645471579577706E-006   33188399.054457657             4111
   1542.0052506563320        1.0641262599750124E-006   33188451.094540432             4112
   1542.3802975371921        1.0635739476650171E-006   33188503.112618361             4113
   1542.7553444180521        1.0631538736169198E-006   33188555.102265675             4114
   1543.1303912989124        1.0626023841993075E-006   33188607.069944650             4115
   1543.5054381797725        1.0621831322716405E-006   33188659.009229820             4116
   1543.8804850606325        1.0616324639346749E-006   33188710.926583081             4117
   1544.2555319414926        1.0612140323181322E-006   33188762.815579291             4118
   1544.6305788223528        1.0606641832549928E-006   33188814.682679955             4119
   1545.0056257032129        1.0602465701451740E-006   33188866.521460239             4120
   1545.3806725840730        1.0596975385539409E-006   33188918.338381264             4121
   1545.7557194649332        1.0592807421513389E-006   33188970.127018522             4122
   1546.1307663457933        1.0587325262349732E-006   33189021.893832739             4123
   1546.5058132266533        1.0583165447449566E-006   33189073.632399719             4124
   1546.8808601075134        1.0577691427112914E-006   33189125.349179808             4125
   1547.2559069883735        1.0573539743440893E-006   33189177.037749127             4126
   1547.6309538692337        1.0568073844058079E-006   33189228.704567630             4127
   1548.0060007500938        1.0563930273764957E-006   33189280.343211766             4128
   1548.3810476309538        1.0558472477511201E-006   33189331.960141085             4129
   1548.7560945118139        1.0554337002796004E-006   33189383.548932370             4130
   1549.1311413926742        1.0548887291894723E-006   33189435.116044775             4131
   1549.5061882735342        1.0544759895004623E-006   33189486.655055396             4132
   1549.8812351543941        1.0539318251727311E-006   33189538.172423005             4133
   1550.2562820352546        1.0535198914957468E-006   33189589.661725026             4134
   1550.6313289161146        1.0529765321623520E-006   33189641.129419822             4135
   1551.0063757969745        1.0525654027316935E-006   33189692.569085151             4136
   1551.3814226778347        1.0520228466293509E-006   33189743.987178981             4137
   1551.7564695586950        1.0516125196840846E-006   33189795.377279401             4138
   1552.1315164395551        1.0510707650542691E-006   33189846.745843973             4139
   1552.5065633204149        1.0506612388382153E-006   33189898.086451117             4140
   1552.8816102012752        1.0501202839271478E-006   33189949.405557998             4141
   1553.2566570821355        1.0497115566888638E-006   33190000.696743365             4142
   1553.6317039629953        1.0491713997474964E-006   33190051.966463983             4143
   1554.0067508438553        1.0487634697402623E-006   33190103.208298940             4144
   1554.3817977247156        1.0482241090242600E-006   33190154.428704593             4145
   1554.7568446055757        1.0478169745060614E-006   33190205.621260364             4146
   1555.1318914864357        1.0472784082757907E-006   33190256.792422209             4147
   1555.5069383672958        1.0468720675093083E-006   33190307.935769882             4148
   1555.8819852481561        1.0463342940298176E-006   33190359.057758927             4149
   1556.2570321290161        1.0459287452824093E-006   33190410.151969459             4150
   1556.6320790098762        1.0453917628234197E-006   33190461.224856593             4151
   1557.0071258907365        1.0449870043671043E-006   33190512.270000789             4152
   1557.3821727715965        1.0444508112029907E-006   33190563.293856762             4153
   1557.7572196524566        1.0440468413144346E-006   33190614.290005308             4154
   1558.1322665333166        1.0435114357242135E-006   33190665.264900725             4155
   1558.5073134141767        1.0431082526847178E-006   33190716.212124158             4156
   1558.8823602950370        1.0425736329520303E-006   33190767.138129499             4157
   1559.2574071758970        1.0421712350475131E-006   33190818.036498234             4158
   1559.6324540567571        1.0416373994606116E-006   33190868.913683835             4159
   1560.0075009376171        1.0412357849815944E-006   33190919.763268135             4160
   1560.3825478184774        1.0407027318333259E-006   33190970.591704201             4161
   1560.7575946993375        1.0403018990749192E-006   33191021.392574213             4162
   1561.1326415801975        1.0397696266627143E-006   33191072.172330812             4163
   1561.5076884610576        1.0393695739246038E-006   33191122.924556535             4164
   1561.8827353419179        1.0388380805504581E-006   33191173.655703608             4165
   1562.2577822227779        1.0384388061368897E-006   33191224.359354913             4166
   1562.6328291036380        1.0379080901073527E-006   33191275.041962251             4167
   1563.0078759844982        1.0375095923271151E-006   33191325.697108872             4168
   1563.3829228653583        1.0369796519532754E-006   33191376.331246153             4169
   1563.7579697462181        1.0365819291196897E-006   33191426.937957693             4170
   1564.1330166270784        1.0360527627171581E-006   33191477.523694444             4171
   1564.5080635079387        1.0356558131480620E-006   33191528.082040370             4172
   1564.8831103887985        1.0351274190369595E-006   33191578.619445998             4173
   1565.2581572696586        1.0347312410546929E-006   33191629.129495647             4174
   1565.6332041505188        1.0342036175596350E-006   33191679.618639417             4175
   1566.0082510313789        1.0338082094910256E-006   33191730.080461998             4176
   1566.3832979122390        1.0332813549411087E-006   33191780.521413054             4177
   1566.7583447930990        1.0328867151174584E-006   33191830.935077626             4178
   1567.1333916739593        1.0323606278462457E-006   33191881.327904966             4179
   1567.5084385548193        1.0319667546033157E-006   33191931.693480477             4180
   1567.8834854356794        1.0314414329488240E-006   33191982.038252976             4181
   1568.2585323165395        1.0310483246268214E-006   33192032.355808232             4182
   1568.6335791973997        1.0305237669315041E-006   33192082.652594630             4183
   1569.0086260782598        1.0301314218750679E-006   33192132.922198307             4184
   1569.3836729591198        1.0296076264858047E-006   33192183.171067216             4185
   1569.7587198399801        1.0292160430439903E-006   33192233.392787859             4186
   1570.1337667208400        1.0286930083120711E-006   33192283.593807753             4187
   1570.5088136017002        1.0283021848383397E-006   33192333.767713781             4188
   1570.8838604825605        1.0277799091194490E-006   33192383.920953013             4189
   1571.2589073634203        1.0273898439716501E-006   33192434.047112703             4190
   1571.6339542442806        1.0268683256258581E-006   33192484.152639493             4191
   1572.0090011251407        1.0264790171662146E-006   33192534.231121007             4192
   1572.3840480060007        1.0259582545579603E-006   33192584.289003443             4193
   1572.7590948868610        1.0255697011530606E-006   33192634.319874804             4194
   1573.1341417677206        1.0250496926511367E-006   33192684.330180842             4195
   1573.5091886485811        1.0246618926719171E-006   33192734.313509945             4196
   1573.8842355294414        1.0241426366494572E-006   33192784.276307419             4197
   1574.2592824103010        1.0237555884711884E-006   33192834.212162029             4198
   1574.6343292911615        1.0232370833056556E-006   33192884.127518643             4199
   1575.0093761720218        1.0228507853079277E-006   33192934.015966393             4200
   1575.3844230528814        1.0223330293810992E-006   33192983.883949716             4201
   1575.7594699337419        1.0219474799478115E-006   33193033.725058120             4202
   1576.1345168146017        1.0214304716457629E-006   33193083.545735594             4203
   1576.5095636954618        1.0210456691651092E-006   33193133.339572035             4204
   1576.8846105763223        1.0205294068782052E-006   33193183.113010980             4205
   1577.2596574571819        1.0201453497426576E-006   33193232.859642703             4206
   1577.6347043380422        1.0196298318655366E-006   33193282.585910302             4207
   1578.0097512189027        1.0192465184718343E-006   33193332.285404444             4208
   1578.3847980997623        1.0187317434033964E-006   33193381.964567762             4209
   1578.7598449806226        1.0183491721525349E-006   33193431.616991311             4210
   1579.1348918614826        1.0178351382959228E-006   33193481.249117285             4211
   1579.5099387423427        1.0174533075931356E-006   33193530.854537118             4212
   1579.8849856232030        1.0169400133557284E-006   33193580.439692546             4213
   1580.2600325040630        1.0165589216104762E-006   33193629.998175405             4214
   1580.6350793849231        1.0160463654038728E-006   33193679.536426976             4215
   1581.0101262657834        1.0156660110298299E-006   33193729.048039481             4216
   1581.3851731466432        1.0151541912698357E-006   33193778.539453745             4217
   1581.7602200275035        1.0147745726848762E-006   33193828.004262388             4218
   1582.1352669083637        1.0142634877914915E-006   33193877.448905777             4219
   1582.5103137892236        1.0138846034176790E-006   33193926.866976924             4220
   1582.8853606700839        1.0133742518150843E-006   33193976.264915735             4221
   1583.2604075509439        1.0129961000786529E-006   33194025.636315625             4222
   1583.6354544318040        1.0124864801951972E-006   33194074.987616040             4223
   1584.0105013126642        1.0121090595265442E-006   33194124.312410787             4224
   1584.3855481935238        1.0116001697947298E-006   33194173.617138855             4225
   1584.7605950743844        1.0112234786284025E-006   33194222.895394456             4226
   1585.1356419552446        1.0107153174848720E-006   33194272.153616112             4227
   1585.5106888361042        1.0103393542595507E-006   33194321.385398429             4228
   1585.8857357169647        1.0098319201450790E-006   33194370.597179465             4229
   1586.2607825978250        1.0094566833035657E-006   33194419.782554243             4230
   1586.6358294786846        1.0089499746630417E-006   33194468.947960347             4231
   1587.0108763595451        1.0085754626522496E-006   33194518.086993199             4232
   1587.3859232404050        1.0080694779346636E-006   33194567.206089925             4233
   1587.7609701212650        1.0076956892056006E-006   33194616.298846349             4234
   1588.1360170021255        1.0071904268640349E-006   33194665.371699121             4235
   1588.5110638829851        1.0068173598717945E-006   33194714.418244485             4236
   1588.8861107638454        1.0063128183634078E-006   33194763.444918625             4237
   1589.2611576447059        1.0059404715671531E-006   33194812.445318174             4238
   1589.6362045255655        1.0054366493531700E-006   33194861.425878864             4239
   1590.0112514064258        1.0050650212161226E-006   33194910.380197730             4240
   1590.3862982872859        1.0045619167618189E-006   33194959.314710025             4241
   1590.7613451681459        1.0041910057512466E-006   33195008.223013207             4242
   1591.1363920490062        1.0036886175259360E-006   33195057.111542050             4243
   1591.5114389298662        1.0033184221131400E-006   33195105.973894428             4244
   1591.8864858107263        1.0028167485901655E-006   33195154.816504642             4245
   1592.2615326915866        1.0024472672504653E-006   33195203.632970978             4246
   1592.6365795724464        1.0019463069071837E-006   33195252.429727253             4247
   1593.0116264533067        1.0015775381199093E-006   33195301.200372178             4248
   1593.3866733341670        1.0010772894376784E-006   33195349.951339092             4249
   1593.7617202150268        1.0007092316861553E-006   33195398.676227123             4250
   1594.1367670958871        1.0002096931503228E-006   33195447.381469131             4251
   1594.5118139767471        9.9984234492185816E-007   33195496.060664661             4252
   1594.8868608576072        9.9934351502174873E-007   33195544.720246099             4253
   1595.2619077384675        9.9897687480762120E-007   33195593.353813402             4254
   1595.6369546193271        9.9847875203652242E-007   33195641.967798475             4255
   1596.0120015001876        9.9811281833196972E-007   33195690.555801705             4256
   1596.3870483810479        9.9761540118712149E-007   33195739.124254502             4257
   1596.7620952619075        9.9725017249132660E-007   33195787.666757692             4258
   1597.1371421427680        9.9675345947391237E-007   33195836.189742193             4259
   1597.5121890236283        9.9638893428999061E-007   33195884.686809249             4260
   1597.8872359044879        9.9589292390512005E-007   33195933.164389301             4261
   1598.2622827853484        9.9552910074011128E-007   33195981.616084021             4262
   1598.6373296662082        9.9503379149680756E-007   33196030.048323359             4263
   1599.0123765470682        9.9467066886166172E-007   33196078.454709411             4264
   1599.3874234279288        9.9417605927285221E-007   33196126.841671646             4265
   1599.7624703087884        9.9381363568241541E-007   33196175.202812586             4266
   1600.1375171896486        9.9331972426491999E-007   33196223.544561215             4267
   1600.5125640705091        9.9295799823792092E-007   33196271.860520478             4268
   1600.8876109513687        9.9246478351244039E-007   33196320.157118876             4269
   1601.2626578322290        9.9210375357148503E-007   33196368.427959781             4270
   1601.6377047130891        9.9161123406258329E-007   33196416.679471198             4271
   1602.0127515939491        9.9125089873413903E-007   33196464.905256949             4272
   1602.3877984748094        9.9075907297023800E-007   33196513.111744527             4273
   1602.7628453556692        9.9039943078462030E-007   33196561.292538192             4274
   1603.1378922365295        9.8990829729798552E-007   33196609.454064950             4275
   1603.5129391173898        9.8954934678934542E-007   33196657.589929502             4276
   1603.8879859982496        9.8905890411607420E-007   33196705.706558350             4277
   1604.2630328791099        9.8870064382239176E-007   33196753.797556624             4278
   1604.6380797599702        9.8821089050239814E-007   33196801.869350340             4279
   1605.0131266408300        9.8785331896546654E-007   33196849.915545072             4280
   1605.3881735216903        9.8736425354247705E-007   33196897.942566328             4281
   1605.7632204025504        9.8700736930789095E-007   33196945.944020126             4282
   1606.1382672834104        9.8651899032942600E-007   33196993.926331479             4283
   1606.5133141642707        9.8616279194657012E-007   33197041.883106835             4284
   1606.8883610451303        9.8567509796393506E-007   33197089.820770711             4285
   1607.2634079259908        9.8531958398597357E-007   33197137.732930005             4286
   1607.6384548068511        9.8483257355424518E-007   33197185.626008723             4287
   1608.0135016877107        9.8447774253810923E-007   33197233.493614219             4288
   1608.3885485685712        9.8399141421612745E-007   33197281.342169989             4289
   1608.7635954494313        9.8363726472250286E-007   33197329.165283825             4290
   1609.1386423302911        9.8315161707285765E-007   33197376.969378736             4291
   1609.5136892111516        9.8279814766617541E-007   33197424.748062950             4292
   1609.8887360920116        9.8231317925519277E-007   33197472.507758964             4293
   1610.2637829728715        9.8196038850361653E-007   33197520.242075466             4294
   1610.6388298537320        9.8147609790134941E-007   33197567.957434446             4295
   1611.0138767345916        9.8112398437676342E-007   33197615.647445042             4296
   1611.3889236154519        9.8064037015698071E-007   33197663.318528727             4297
   1611.7639704963124        9.8028893243497687E-007   33197710.964295100             4298
   1612.1390173771720        9.7980599317515260E-007   33197758.591165122             4299
   1612.5140642580322        9.7945522983502140E-007   33197806.192748837             4300
   1612.8891111388923        9.7897296411632054E-007   33197853.775466703             4301
   1613.2641580197524        9.7862287374104128E-007   33197901.332929228             4302
   1613.6392049006126        9.7814128014830978E-007   33197948.871556334             4303
   1614.0142517814725        9.7779186132453453E-007   33197996.384959001             4304
   1614.3892986623327        9.7731093844628771E-007   33198043.879556645             4305
   1614.7643455431930        9.7696218976433276E-007   33198091.348960683             4306
   1615.1393924240529        9.7648193619274680E-007   33198138.799590029             4307
   1615.5144393049131        9.7613385624658405E-007   33198186.225056555             4308
   1615.8894861857734        9.7565427057747907E-007   33198233.631778657             4309
   1616.2645330666332        9.7530685796472076E-007   33198281.013368681             4310
   1616.6395799474935        9.7482793879755403E-007   33198328.376244485             4311
   1617.0146268283536        9.7448119211944150E-007   33198375.714018889             4312
   1617.3896737092136        9.7400293805729604E-007   33198423.033109233             4313
   1617.7647205900739        9.7365685591869127E-007   33198470.327128790             4314
   1618.1397674709335        9.7317926556826330E-007   33198517.602494389             4315
   1618.5148143517940        9.7283384657763686E-007   33198564.852819767             4316
   1618.8898612326543        9.7235691854922484E-007   33198612.084521230             4317
   1619.2649081135139        9.7201216131864589E-007   33198659.291212980             4318
   1619.6399549943744        9.7153589422614097E-007   33198706.479310803             4319
   1620.0150018752345        9.7119179737126207E-007   33198753.642429370             4320
   1620.3900487560943        9.7071618983213728E-007   33198800.786983933             4321
   1620.7650956369548        9.7037275197218694E-007   33198847.906589646             4322
   1621.1401425178149        9.6989780260748217E-007   33198895.007661223             4323
   1621.5151893986747        9.6955502236525575E-007   33198942.083814289             4324
   1621.8902362795352        9.6908072979957246E-007   33198989.141463045             4325
   1622.2652831603948        9.6873860580141567E-007   33199036.174223576             4326
   1622.6403300412551        9.6826496866290120E-007   33199083.188509554             4327
   1623.0153769221156        9.6792349953870394E-007   33199130.177937549             4328
   1623.3904238029752        9.6745051645904688E-007   33199177.148920693             4329
   1623.7654706838355        9.6710970084223033E-007   33199224.095076032             4330
   1624.1405175646955        9.6663737045664014E-007   33199271.022816166             4331
   1624.5155644455556        9.6629720698414703E-007   33199317.925758619             4332
   1624.8906113264159        9.6582552793135199E-007   33199364.810315467             4333
   1625.2656582072757        9.6548601524363515E-007   33199411.670104709             4334
   1625.6407050881360        9.6501498616586897E-007   33199458.511537876             4335
   1626.0157519689963        9.6467612290687968E-007   33199505.328233454             4336
   1626.3907988498561        9.6420574244987009E-007   33199552.126602441             4337
   1626.7658457307164        9.6386752726705259E-007   33199598.900263801             4338
   1627.1408926115766        9.6339779408000946E-007   33199645.655627996             4339
   1627.5159394924365        9.6306022562428315E-007   33199692.386314474             4340
   1627.8909863732968        9.6259113835989047E-007   33199739.098733153             4341
   1628.2660332541568        9.6225421528564229E-007   33199785.786503971             4342
   1628.6410801350169        9.6178577260004799E-007   33199832.456036318             4343
   1629.0161270158771        9.6144949356512353E-007   33199879.100950599             4344
   1629.3911738967367        9.6098169411792676E-007   33199925.727655664             4345
   1629.7662207775973        9.6064605778361777E-007   33199972.329772417             4346
   1630.1412676584575        9.6017890023785579E-007   33200018.913709156             4347
   1630.5163145393171        9.5984390526889148E-007   33200065.473087277             4348
   1630.8913614201776        9.5937738829103608E-007   33200112.014314540             4349
   1631.2664083010377        9.5904303335556895E-007   33200158.531012822             4350
   1631.6414551818975        9.5857715561551285E-007   33200205.029589344             4351
   1632.0165020627580        9.5824343938511128E-007   33200251.503666475             4352
   1632.3915489436176        9.5777819955615630E-007   33200297.959650885             4353
   1632.7665958244779        9.5744512070579626E-007   33200344.391165439             4354
   1633.1416427053384        9.5698051746464231E-007   33200390.804616261             4355
   1633.5166895861980        9.5664807467269258E-007   33200437.193626713             4356
   1633.8917364670583        9.5618410669943279E-007   33200483.564602368             4357
   1634.2667833479188        9.5585229864764668E-007   33200529.911167074             4358
   1634.6418302287784        9.5538896462575214E-007   33200576.239725865             4359
   1635.0168771096387        9.5505778999925795E-007   33200622.543903086             4360
   1635.3919239904988        9.5459508861556670E-007   33200668.830103215             4361
   1635.7669708713588        9.5426454610285568E-007   33200715.091951098             4362
   1636.1420177522191        9.5380247604756658E-007   33200761.335850660             4363
   1636.5170646330789        9.5347256434048518E-007   33200807.555427246             4364
   1636.8921115139392        9.5301112430714509E-007   33200853.757084228             4365
   1637.2671583947995        9.5268184210088066E-007   33200899.934447460             4366
   1637.6422052756593        9.5222103078637609E-007   33200946.093919750             4367
   1638.0172521565196        9.5189237677945308E-007   33200992.229127452             4368
   1638.3922990373796        9.5143219288399747E-007   33201038.346472822             4369
   1638.7673459182397        9.5110416577826230E-007   33201084.439582724             4370
   1639.1423927991000        9.5064460800538806E-007   33201130.514858849             4371
   1639.5174396799600        9.5031720650599957E-007   33201176.565928567             4372
   1639.8924865608201        9.4985827356254999E-007   33201222.599193014             4373
   1640.2675334416804        9.4953149637797202E-007   33201268.608280063             4374
   1640.6425803225400        9.4907318697408469E-007   33201314.599590294             4375
   1641.0176272034005        9.4874703281607437E-007   33201360.566752087             4376
   1641.3926740842608        9.4828934566517665E-007   33201406.516165461             4377
   1641.7677209651204        9.4796381324877431E-007   33201452.441459298             4378
   1642.1427678459809        9.4750674706757380E-007   33201498.349033061             4379
   1642.5178147268409        9.4718183511109120E-007   33201544.232516147             4380
   1642.8928616077008        9.4672538861956337E-007   33201590.098307449             4381
   1643.2679084885613        9.4640109584457804E-007   33201635.940036882             4382
   1643.6429553694209        9.4594526776595803E-007   33201681.764102768             4383
   1644.0180022502811        9.4562159289730147E-007   33201727.564135533             4384
   1644.3930491311417        9.4516638195807059E-007   33201773.346532941             4385
   1644.7680960120013        9.4484332372381842E-007   33201819.104925934             4386
   1645.1431428928615        9.4438872865369915E-007   33201864.845711708             4387
   1645.5181897737220        9.4406628578516003E-007   33201910.562521711             4388
   1645.8932366545816        9.4361230531710586E-007   33201956.261752576             4389
   1646.2682835354419        9.4329047654881414E-007   33202001.937036268             4390
   1646.6433304163020        9.4283710941899558E-007   33202047.594768856             4391
   1647.0183772971620        9.4251589348870119E-007   33202093.228582822             4392
   1647.3934241780223        9.4206313843649964E-007   33202138.844873659             4393
   1647.7684710588821        9.4174253408515767E-007   33202184.437274374             4394
   1648.1435179397424        9.4129038985315463E-007   33202230.012179881             4395
   1648.5185648206029        9.4097039582491410E-007   33202275.563223720             4396
   1648.8936117014625        9.4051886115888237E-007   33202321.096800223             4397
   1649.2686585823228        9.4019947620108014E-007   33202366.606543455             4398
   1649.6437054631829        9.3974854984997343E-007   33202412.098847177             4399
   1650.0187523440429        9.3942977271312250E-007   33202457.567345966             4400
   1650.3937992249032        9.3897945342906595E-007   33202503.018433023             4401
   1650.7688461057633        9.3866128286684500E-007   33202548.445743445             4402
   1651.1438929866233        9.3821156940512771E-007   33202593.855669849             4403
   1651.5189398674836        9.3789400417437307E-007   33202639.241847869             4404
   1651.8939867483432        9.3744489529343416E-007   33202684.610669538             4405
   1652.2690336292037        9.3712793415413141E-007   33202729.955771018             4406
   1652.6440805100640        9.3667942861555428E-007   33202775.283543758             4407
   1653.0191273909236        9.3636307033082780E-007   33202820.587624460             4408
   1653.3941742717841        9.3591516689933138E-007   33202865.874403995             4409
   1653.7692211526441        9.3559941023543277E-007   33202911.137519579             4410
   1654.1442680335040        9.3515210767885813E-007   33202956.383361515             4411
   1654.5193149143645        9.3483695140515960E-007   33203001.605567548             4412
   1654.8943617952241        9.3439024849446289E-007   33203046.810527392             4413
   1655.2694086760844        9.3407569138344800E-007   33203091.991879337             4414
   1655.6444555569449        9.3362958689269121E-007   33203137.156012502             4415
   1656.0195024378045        9.3331562771994461E-007   33203182.296565715             4416
   1656.3945493186650        9.3287012042628757E-007   33203227.419927511             4417
   1656.7695961995253        9.3255675797048305E-007   33203272.519737255             4418
   1657.1446430803849        9.3211184665417246E-007   33203317.602382895             4419
   1657.5196899612454        9.3179907969706837E-007   33203362.661504328             4420
   1657.8947368421052        9.3135476314142814E-007   33203407.703488920             4421
   1658.2697837229653        9.3104259046785682E-007   33203452.721977111             4422
   1658.6448306038258        9.3059886745928069E-007   33203497.723355666             4423
   1659.0198774846854        9.3028728785713864E-007   33203542.701265570             4424
   1659.3949243655456        9.2984415718507899E-007   33203587.662092999             4425
   1659.7699712464062        9.2953316944531634E-007   33203632.599479482             4426
   1660.1450181272658        9.2909062990227731E-007   33203677.519810606             4427
   1660.5200650081260        9.2878023281889195E-007   33203722.416728429             4428
   1660.8951118889861        9.2833828320041777E-007   33203767.296617955             4429
   1661.2701587698461        9.2802847557044366E-007   33203812.153121788             4430
   1661.6452056507064        9.2758711467511255E-007   33203856.992624331             4431
   1662.0202525315665        9.2727789529861021E-007   33203901.808768742             4432
   1662.3952994124265        9.2683712192802226E-007   33203946.607938819             4433
   1662.7703462932868        9.2652848960807325E-007   33203991.383778270             4434
   1663.1453931741466        9.2608830256684327E-007   33204036.142670300             4435
   1663.5204400550069        9.2578025610953814E-007   33204080.878259163             4436
   1663.8954869358672        9.2534065420528430E-007   33204125.596927475             4437
   1664.2705338167270        9.2503319241971536E-007   33204170.292320032             4438
   1664.6455806975873        9.2459417446305454E-007   33204214.970818836             4439
   1665.0206275784474        9.2428729616130320E-007   33204259.626069251             4440
   1665.3956744593074        9.2384886096584112E-007   33204304.264452688             4441
   1665.7707213401677        9.2354256496297318E-007   33204348.879615046             4442
   1666.1457682210273        9.2310471134529165E-007   33204393.477937132             4443
   1666.5208151018878        9.2279899645934823E-007   33204438.053065412             4444
   1666.8958619827481        9.2236172323899819E-007   33204482.611380085             4445
   1667.2709088636077        9.2205658829098599E-007   33204527.146528173             4446
   1667.6459557444682        9.2161989429048090E-007   33204571.664889269             4447
   1668.0210026253280        9.2131533810436126E-007   33204616.160110950             4448
   1668.3960495061881        9.2087922214916860E-007   33204660.638572209             4449
   1668.7710963870486        9.2057524355185192E-007   33204705.093921170             4450
   1669.1461432679084        9.2013970447038028E-007   33204749.532536227             4451
   1669.5211901487685        9.1983630229171724E-007   33204793.948066071             4452
   1669.8962370296290        9.1940133891530901E-007   33204838.346888479             4453
   1670.2712839104886        9.1909851198807814E-007   33204882.722652704             4454
   1670.6463307913489        9.1866412315100329E-007   33204927.081735909             4455
   1671.0213776722094        9.1836187031090559E-007   33204971.417787913             4456
   1671.3964245530690        9.1792805485035188E-007   33205015.737185270             4457
   1671.7714714339293        9.1762637493600176E-007   33205060.033578359             4458
   1672.1465183147893        9.1719313169206250E-007   33205104.313343126             4459
   1672.5215651956494        9.1689202354497860E-007   33205148.570130516             4460
   1672.8966120765097        9.1645935136064923E-007   33205192.810315855             4461
   1673.2716589573695        9.1615881382524663E-007   33205237.027550664             4462
   1673.6467058382298        9.1572671154641523E-007   33205281.228209645             4463
   1674.0217527190900        9.1542674346999368E-007   33205325.405944888             4464
   1674.3967995999499        9.1499520994542981E-007   33205369.567130487             4465
   1674.7718464808102        9.1469581017817047E-007   33205413.705419093             4466
   1675.1468933616704        9.1426484425951663E-007   33205457.827184189             4467
   1675.5219402425303        9.1396601165447050E-007   33205501.926078990             4468
   1675.8969871233905        9.1353561219623808E-007   33205546.008476362             4469
   1676.2720340042506        9.1323734560931648E-007   33205590.068030100             4470
   1676.6470808851107        9.1280751146887276E-007   33205634.111112446             4471
   1677.0221277659709        9.1250980975884099E-007   33205678.131377764             4472
   1677.3971746468305        9.1208053979640298E-007   33205722.135197677             4473
   1677.7722215276910        9.1178340182487100E-007   33205766.116227116             4474
   1678.1472684085513        9.1135469490349537E-007   33205810.080837097             4475
   1678.5223152894109        9.1105811953491101E-007   33205854.022683125             4476
   1678.8973621702714        9.1062997452048852E-007   33205897.948135581             4477
   1679.2724090511313        9.1033396062212542E-007   33205941.850850552             4478
   1679.6474559319913        9.0990637638336924E-007   33205985.737197805             4479
   1680.0225028128518        9.0961092282532155E-007   33206029.600833990             4480
   1680.3975496937117        9.0918389823375933E-007   33206073.448128253             4481
   1680.7725965745717        9.0888900388893388E-007   33206117.272737831             4482
   1681.1476434554322        9.0846253781890141E-007   33206161.081031237             4483
   1681.5226903362918        9.0816820156300681E-007   33206204.866666291             4484
   1681.8977372171521        9.0774229289164014E-007   33206248.636010878             4485
   1682.2727840980126        9.0744851360317925E-007   33206292.382723399             4486
   1682.6478309788722        9.0702316121040405E-007   33206336.113171108             4487
   1683.0228778597325        9.0672993777066806E-007   33206379.821012996             4488
   1683.3979247405925        9.0630514053919165E-007   33206423.512615681             4489
   1683.7729716214526        9.0601247183224991E-007   33206467.181638736             4490
   1684.1480185023129        9.0558822864755513E-007   33206510.834448155             4491
   1684.5230653831727        9.0529611356024699E-007   33206554.464704093             4492
   1684.8981122640330        9.0487242331058361E-007   33206598.078771912             4493
   1685.2731591448933        9.0458086073250807E-007   33206641.670312360             4494
   1685.6482060257531        9.0415772230888381E-007   33206685.245690159             4495
   1686.0232529066134        9.0386671113239759E-007   33206728.798566639             4496
   1686.3982997874737        9.0344412342856783E-007   33206772.335305899             4497
   1686.7733466683335        9.0315366254877203E-007   33206815.849569853             4498
   1687.1483935491938        9.0273162446123612E-007   33206859.347721968             4499
   1687.5234404300538        9.0244171277596915E-007   33206902.823424745             4500
   1687.8984873109139        9.0202022320395949E-007   33206946.283041015             4501
   1688.2735341917742        9.0173085961378983E-007   33206989.720233873             4502
   1688.6485810726338        9.0130991745926426E-007   33207033.141365506             4503
   1689.0236279534943        9.0102110086748310E-007   33207076.540099606             4504
   1689.3986748343546        9.0060070503511684E-007   33207119.922797728             4505
   1689.7737217152142        9.0031243434772988E-007   33207163.283124149             4506
   1690.1487685960747        8.9989258374491025E-007   33207206.627439782             4507
   1690.5238154769345        8.9960485787062692E-007   33207249.949409511             4508
   1690.8988623577945        8.9918555140744244E-007   33207293.255393602             4509
   1691.2739092386551        8.9889836925767091E-007   33207336.539057530             4510
   1691.6489561195149        8.9847960584690439E-007   33207379.806760926             4511
   1692.0240030003749        8.9819296633574378E-007   33207423.052169856             4512
   1692.3990498812354        8.9777474489286365E-007   33207466.281643309             4513
   1692.7740967620950        8.9748864693709572E-007   33207509.488847964             4514
   1693.1491436429553        8.9707096638024864E-007   33207552.680142149             4515
   1693.5241905238158        8.9678540889932796E-007   33207595.849193141             4516
   1693.8992374046754        8.9636826814933222E-007   33207639.002358638             4517
   1694.2742842855357        8.9608325006538141E-007   33207682.133306511             4518
   1694.6493311663958        8.9566664804571605E-007   33207725.248393804             4519
   1695.0243780472558        8.9538216828351658E-007   33207768.341289006             4520
   1695.3994249281161        8.9496610392031662E-007   33207811.418348506             4521
   1695.7744718089759        8.9468216140729999E-007   33207854.473241385             4522
   1696.1495186898362        8.9426663362934711E-007   33207897.512323398             4523
   1696.5245655706965        8.9398322729558747E-007   33207940.529264230             4524
   1696.8996124515563        8.9356823503430449E-007   33207983.530418981             4525
   1697.2746593324166        8.9328536381251375E-007   33208026.509457946             4526
   1697.6497062132769        8.9287090600195080E-007   33208069.472735569             4527
   1698.0247530941367        8.9258856882746889E-007   33208112.413922757             4528
   1698.3997999749970        8.9217464440430379E-007   33208155.339373305             4529
   1698.7748468558570        8.9189284021508819E-007   33208198.242758714             4530
   1699.1498937367171        8.9147944811861706E-007   33208241.130432133             4531
   1699.5249406175774        8.9119817585523973E-007   33208283.996065684             4532
   1699.8999874984370        8.9078531502736308E-007   33208326.846011858             4533
   1700.2750343792975        8.9050457363299985E-007   33208369.673943374             4534
   1700.6500812601578        8.9009224301822072E-007   33208412.486212075             4535
   1701.0251281410174        8.8981203143864677E-007   33208455.276491299             4536
   1701.4001750218779        8.8940022998406286E-007   33208498.051132221             4537
   1701.7752219027377        8.8912054716764083E-007   33208540.803808808             4538
   1702.1502687835978        8.8870927382293542E-007   33208583.540871568             4539
   1702.5253156644583        8.8843011872061225E-007   33208626.255995072             4540
   1702.9003625453179        8.8801937243804836E-007   33208668.955529187             4541
   1703.2754094261782        8.8774074400334523E-007   33208711.633149091             4542
   1703.6504563070387        8.8733052373775525E-007   33208754.295203991             4543
   1704.0255031878983        8.8705242092676134E-007   33208796.935369693             4544
   1704.4005500687585        8.8664272563554183E-007   33208839.559994724             4545
   1704.7755969496191        8.8636514740690318E-007   33208882.162755519             4546
   1705.1506438304787        8.8595597605000855E-007   33208924.749999944             4547
   1705.5256907113389        8.8567892136492660E-007   33208967.315405048             4548
   1705.9007375921990        8.8527027290485710E-007   33209009.865318041             4549
   1706.2757844730590        8.8499374072707874E-007   33209052.393416595             4550
   1706.6508313539193        8.8458561412887689E-007   33209094.906047244             4551
   1707.0258782347792        8.8430960342468659E-007   33209137.396888286             4552
   1707.4009251156394        8.8390199765592830E-007   33209179.872285593             4553
   1707.7759719964997        8.8362650739413842E-007   33209222.325918075             4554
   1708.1510188773595        8.8321942142492944E-007   33209264.764130954             4555
   1708.5260657582198        8.8294445057687617E-007   33209307.180603761             4556
   1708.9011126390799        8.8253788337983807E-007   33209349.581681039             4557
   1709.2761595199399        8.8226343091937434E-007   33209391.961042952             4558
   1709.6512064008002        8.8185738146964151E-007   33209434.325033370             4559
   1710.0262532816603        8.8158344637312917E-007   33209476.667333096             4560
   1710.4013001625203        8.8117791364834163E-007   33209518.994285319             4561
   1710.7763470433806        8.8090449489464203E-007   33209561.299571469             4562
   1711.1513939242402        8.8049947787493716E-007   33209603.589534074             4563
   1711.5264408051007        8.8022657444540550E-007   33209645.857855182             4564
   1711.9014876859610        8.7982207211341046E-007   33209688.110876653             4565
   1712.2765345668206        8.7954968299189074E-007   33209730.342281166             4566
   1712.6515814476811        8.7914569433271489E-007   33209772.558409903             4567
   1713.0266283285412        8.7887381850552902E-007   33209814.752946191             4568
   1713.4016752094010        8.7847034250675951E-007   33209856.932230521             4569
   1713.7767220902615        8.7819897896270124E-007   33209899.089946851             4570
   1714.1517689711211        8.7779601461439411E-007   33209941.232435007             4571
   1714.5268158519814        8.7752516234472406E-007   33209983.353379577             4572
   1714.9018627328419        8.7712270863939503E-007   33210025.459119707             4573
   1715.2769096137015        8.7685236663783076E-007   33210067.543340623             4574
   1715.6519564945618        8.7645042257045111E-007   33210109.612380803             4575
   1716.0270033754223        8.7618058983315936E-007   33210151.659926094             4576
   1716.4020502562819        8.7577915440114879E-007   33210193.692314297             4577
   1716.7770971371422        8.7550982992674372E-007   33210235.703231908             4578
   1717.1521440180022        8.7510890212995983E-007   33210277.699016038             4579
   1717.5271908988623        8.7484008491949239E-007   33210319.673353821             4580
   1717.9022377797226        8.7443966376022788E-007   33210361.632581692             4581
   1718.2772846605824        8.7417135281717703E-007   33210403.570387427             4582
   1718.6523315414427        8.7377143730015231E-007   33210445.493106771             4583
   1719.0273784223029        8.7350363163042007E-007   33210487.394428149             4584
   1719.4024253031628        8.7310422076277287E-007   33210529.280686617             4585
   1719.7774721840231        8.7283691937467827E-007   33210571.145571239             4586
   1720.1525190648831        8.7243801216595888E-007   33210612.995416399             4587
   1720.5275659457432        8.7217121407022937E-007   33210654.823911797             4588
   1720.9026128266034        8.7177280953239388E-007   33210696.637391135             4589
   1721.2776597074635        8.7150651374215804E-007   33210738.429544754             4590
   1721.6527065883236        8.7110861088956195E-007   33210780.206705663             4591
   1722.0277534691838        8.7084281642034294E-007   33210821.962564867             4592
   1722.4028003500434        8.7044541426973145E-007   33210863.703454670             4593
   1722.7778472309039        8.7018012013944358E-007   33210905.423066728             4594
   1723.1528941117642        8.6978321770994725E-007   33210947.127732668             4595
   1723.5279409926238        8.6951842293888384E-007   33210988.811144784             4596
   1723.9029878734843        8.6912201925201264E-007   33211030.479634009             4597
   1724.2780347543444        8.6885772286284187E-007   33211072.126893297             4598
   1724.6530816352042        8.6846181694247663E-007   33211113.759252880             4599
   1725.0281285160647        8.6819801796023436E-007   33211155.370406367             4600
   1725.4031753969243        8.6780260883261900E-007   33211196.966683306             4601
   1725.7782222777846        8.6753930628470325E-007   33211238.541777946             4602
   1726.1532691586451        8.6714439297843869E-007   33211280.102019146             4603
   1726.5283160395047        8.6688158589460118E-007   33211321.641101807             4604
   1726.9033629203650        8.6648716744064180E-007   33211363.165354092             4605
   1727.2784098012255        8.6622485485297945E-007   33211404.668471567             4606
   1727.6534566820851        8.6583093028462192E-007   33211446.156781692             4607
   1728.0285035629454        8.6556911122757466E-007   33211487.623980682             4608
   1728.4035504438054        8.6517567958045216E-007   33211529.076395310             4609
   1728.7785973246655        8.6491435309079393E-007   33211570.507722445             4610
   1729.1536442055258        8.6452141340287206E-007   33211611.924288161             4611
   1729.5286910863856        8.6426057851970402E-007   33211653.319789995             4612
   1729.9037379672459        8.6386812983127084E-007   33211694.700553305             4613
   1730.2787848481062        8.6360778559601383E-007   33211736.060276289             4614
   1730.6538317289660        8.6321582694967626E-007   33211777.405283619             4615
   1731.0288786098263        8.6295597240606568E-007   33211818.729274146             4616
   1731.4039254906863        8.6256450284674029E-007   33211860.038571835             4617
   1731.7789723715464        8.6230513704081882E-007   33211901.326876208             4618
   1732.1540192524067        8.6191415561572599E-007   33211942.600510526             4619
   1732.5290661332663        8.6165527759583614E-007   33211983.853174970             4620
   1732.9041130141268        8.6126478335449489E-007   33212025.091192100             4621
   1733.2791598949871        8.6100639217127577E-007   33212066.308262762             4622
   1733.6542067758467        8.6061638416549615E-007   33212107.510708809             4623
   1734.0292536567072        8.6035847887187377E-007   33212148.692231752             4624
   1734.4043005375675        8.5996895615574793E-007   33212189.859152738             4625
   1734.7793474184271        8.5971153580692892E-007   33212231.005173944             4626
   1735.1543942992876        8.5932249743682776E-007   33212272.136615820             4627
   1735.5294411801476        8.5906556109029357E-007   33212313.247181203             4628
   1735.9044880610074        8.5867700612486150E-007   33212354.343189832             4629
   1736.2795349418680        8.5842055284036121E-007   33212395.418345217             4630
   1736.6545818227276        8.5803248034050625E-007   33212436.478966381             4631
   1737.0296287035878        8.5777650918005124E-007   33212477.518757515             4632
   1737.4046755844483        8.5738891820893886E-007   33212518.544036932             4633
   1737.7797224653079        8.5713342823679637E-007   33212559.548509486             4634
   1738.1547693461682        8.5674631785984440E-007   33212600.538492776             4635
   1738.5298162270283        8.5649130814252779E-007   33212641.507692341             4636
   1738.9048631078883        8.5610467742740146E-007   33212682.462425064             4637
   1739.2799099887486        8.5585014703366885E-007   33212723.396397147             4638
   1739.6549568696087        8.5546399505027093E-007   33212764.315924775             4639
   1740.0300037504687        8.5520994305111775E-007   33212805.214714814             4640
   1740.4050506313290        8.5482426887158504E-007   33212846.099082734             4641
   1740.7800975121888        8.5457069434023433E-007   33212886.962736089             4642
   1741.1551443930491        8.5418549703892998E-007   33212927.811989620             4643
   1741.5301912739094        8.5393239905082885E-007   33212968.640551567             4644
   1741.9052381547692        8.5354767770433691E-007   33213009.454735953             4645
   1742.2802850356295        8.5329505533714940E-007   33213050.248251688             4646
   1742.6553319164896        8.5291080902426437E-007   33213091.027412087             4647
   1743.0303787973496        8.5265866135786546E-007   33213131.785926741             4648
   1743.4054256782099        8.5227488915959355E-007   33213172.530108236             4649
   1743.7804725590695        8.5202321527606148E-007   33213213.253666844             4650
   1744.1555194399300        8.5163991627560735E-007   33213253.962914441             4651
   1744.5305663207903        8.5138871525921987E-007   33213294.651561979             4652
   1744.9056132016499        8.5100588854198584E-007   33213335.325920604             4653
   1745.2806600825104        8.5075515947921317E-007   33213375.979701962             4654
   1745.6557069633707        8.5037280413278720E-007   33213416.619216476             4655
   1746.0307538442303        8.5012254611228360E-007   33213457.238176461             4656
   1746.4058007250908        8.4974066122643922E-007   33213497.842891630             4657
   1746.7808476059508        8.4949087333903945E-007   33213538.427074987             4658
   1747.1558944868107        8.4910945800572505E-007   33213578.997035511             4659
   1747.5309413676712        8.4886013934443861E-007   33213619.546486896             4660
   1747.9059882485308        8.4847919265777394E-007   33213660.081737399             4661
   1748.2810351293911        8.4823034231777620E-007   33213700.596501399             4662
   1748.6560820102516        8.4784986337404434E-007   33213741.097086426             4663
   1749.0311288911112        8.4760148045267380E-007   33213781.577207543             4664
   1749.4061757719714        8.4722146835031649E-007   33213822.043171562             4665
   1749.7812226528315        8.4697355194706329E-007   33213862.488694232             4666
   1750.1562695336916        8.4659400578667384E-007   33213902.920081638             4667
   1750.5313164145518        8.4634655500317791E-007   33213943.331050221             4668
   1750.9063632954119        8.4596747388749634E-007   33213983.727905326             4669
   1751.2814101762719        8.4572048782754240E-007   33214024.104364093             4670
   1751.6564570571322        8.4534187086144694E-007   33214064.466731142             4671
   1752.0315039379921        8.4509534863095466E-007   33214104.808724303             4672
   1752.4065508188523        8.4471719492145966E-007   33214145.136647467             4673
   1752.7815976997128        8.4447113562847974E-007   33214185.444219146             4674
   1753.1566445805724        8.4409344428472593E-007   33214225.737742506             4675
   1753.5316914614327        8.4384784703943584E-007   33214266.010936759             4676
   1753.9067383422928        8.4347061717268438E-007   33214306.270104330             4677
   1754.2817852231528        8.4322548108737773E-007   33214346.508965138             4678
   1754.6568321040131        8.4284871181100778E-007   33214386.733820863             4679
   1755.0318789848727        8.4260403600009224E-007   33214426.938392121             4680
   1755.4069258657332        8.4222772642959102E-007   33214467.128979873             4681
   1755.7819727465935        8.4198351000958053E-007   33214507.299305417             4682
   1756.1570196274531        8.4160765926254142E-007   33214547.455668975             4683
   1756.5320665083136        8.4136390135205127E-007   33214587.591792554             4684
   1756.9071133891739        8.4098850854816330E-007   33214627.713975634             4685
   1757.2821602700335        8.4074520826790428E-007   33214667.815940928             4686
   1757.6572071508940        8.4037027252894887E-007   33214707.903987177             4687
   1758.0322540317541        8.4012742900171988E-007   33214747.971837793             4688
   1758.4073009126139        8.3975294945156606E-007   33214788.025790781             4689
   1758.7823477934744        8.3951056180224931E-007   33214828.059570245             4690
   1759.1573946743340        8.3913653756684506E-007   33214868.079473458             4691
   1759.5324415551945        8.3889460492240103E-007   33214908.079225235             4692
   1759.9074884360548        8.3852103512976838E-007   33214948.065122094             4693
   1760.2825353169144        8.3827955661922962E-007   33214988.030889560             4694
   1760.6575821977749        8.3790644039946044E-007   33215027.982823409             4695
   1761.0326290786347        8.3766541515392256E-007   33215067.914649874             4696
   1761.4076759594948        8.3729275163917178E-007   33215107.832663987             4697
   1761.7827228403553        8.3705217879179111E-007   33215147.730592679             4698
   1762.1577697212151        8.3667996711626939E-007   33215187.614730254             4699
   1762.5328166020752        8.3643984580225821E-007   33215227.478804342             4700
   1762.9078634829357        8.3606808510222691E-007   33215267.329108499             4701
   1763.2829103637953        8.3582841445884469E-007   33215307.159371074             4702
   1763.6579572446556        8.3545710387261188E-007   33215346.975884862             4703
   1764.0330041255161        8.3521788303915921E-007   33215386.772378936             4704
   1764.4080510063757        8.3484702170707307E-007   33215426.555145342             4705
   1764.7830978872360        8.3460824982488958E-007   33215466.317913860             4706
   1765.1581447680960        8.3423783688932988E-007   33215506.066975784             4707
   1765.5331916489561        8.3399951310178648E-007   33215545.796061613             4708
   1765.9082385298163        8.3362954770716386E-007   33215585.511461891             4709
   1766.2832854106759        8.3339167115965512E-007   33215625.206907827             4710
   1766.6583322915365        8.3302215245240220E-007   33215664.888689216             4711
   1767.0333791723967        8.3278472229234310E-007   33215704.550537985             4712
   1767.4084260532566        8.3241564942090950E-007   33215744.198743172             4713
   1767.7834729341168        8.3217866479773081E-007   33215783.827037424             4714
   1768.1585198149769        8.3181003691257573E-007   33215823.441709030             4715
   1768.5335666958370        8.3157349697771499E-007   33215863.036491349             4716
   1768.9086135766972        8.3120531323130509E-007   33215902.617671911             4717
   1769.2836604575573        8.3096921713820243E-007   33215942.178984802             4718
   1769.6587073384173        8.3060147668500475E-007   33215981.726716798             4719
   1770.0337542192776        8.3036582358909811E-007   33216021.254602697             4720
   1770.4088011001372        8.2999852558557330E-007   33216060.768928517             4721
   1770.7838479809977        8.2976331464429317E-007   33216100.263429787             4722
   1771.1588948618580        8.2939645824888900E-007   33216139.744391765             4723
   1771.5339417427176        8.2916168862165207E-007   33216179.205550704             4724
   1771.9089886235781        8.2879527299480336E-007   33216218.653191097             4725
   1772.2840355044380        8.2856094384300412E-007   33216258.081049919             4726
   1772.6590823852980        8.2819496814712171E-007   33216297.495410912             4727
   1773.0341292661585        8.2796107863413260E-007   33216336.890011769             4728
   1773.4091761470181        8.2759554203359963E-007   33216376.271135479             4729
   1773.7842230278784        8.2736209132476242E-007   33216415.632520448             4730
   1774.1592699087389        8.2699699298592780E-007   33216454.980448913             4731
   1774.5343167895985        8.2676398024854822E-007   33216494.308660004             4732
   1774.9093636704588        8.2639931933972491E-007   33216533.623435196             4733
   1775.2844105513193        8.2616674374306504E-007   33216572.918514352             4734
   1775.6594574321789        8.2580251943452105E-007   33216612.200178172             4735
   1776.0345043130392        8.2557038014979916E-007   33216651.462167248             4736
   1776.4095511938992        8.2520659161375069E-007   33216690.710761525             4737
   1776.7845980747593        8.2497488781413186E-007   33216729.939702328             4738
   1777.1596449556196        8.2461153422474085E-007   33216769.155268826             4739
   1777.5346918364794        8.2438026508533220E-007   33216808.351203069             4740
   1777.9097387173397        8.2401734561870176E-007   33216847.533783477             4741
   1778.2847855982000        8.2378651031654578E-007   33216886.696752828             4742
   1778.6598324790598        8.2342402415071218E-007   33216925.846388761             4743
   1779.0348793599201        8.2319362186478565E-007   33216964.976434797             4744
   1779.4099262407801        8.2283156817971343E-007   33217004.093167808             4745
   1779.7849731216402        8.2260159809091718E-007   33217043.190332048             4746
   1780.1600200025005        8.2223997606849500E-007   33217082.274203617             4747
   1780.5350668833605        8.2201043735965102E-007   33217121.338527508             4748
   1780.9101137642206        8.2164924618368589E-007   33217160.389579043             4749
   1781.2851606450809        8.2142013803953196E-007   33217199.421103954             4750
   1781.6602075259405        8.2105937689574336E-007   33217238.439376801             4751
   1782.0352544068010        8.2083069850292805E-007   33217277.438144039             4752
   1782.4103012876612        8.2047036657894151E-007   33217316.423679460             4753
   1782.7853481685208        8.2024211712601732E-007   33217355.389730267             4754
   1783.1603950493813        8.1988221361136301E-007   33217394.342569467             4755
   1783.5354419302412        8.1965439228878075E-007   33217433.275945004             4756
   1783.9104888111012        8.1929491637488494E-007   33217472.196129125             4757
   1784.2855356919617        8.1906752237499160E-007   33217511.096870497             4758
   1784.6605825728213        8.1870847325517187E-007   33217549.984440587             4759
   1785.0356294536816        8.1848150577220268E-007   33217588.852588817             4760
   1785.4106763345421        8.1812288264166181E-007   33217627.707585882             4761
   1785.7857232154017        8.1789634087173698E-007   33217666.543181937             4762
   1786.1607700962620        8.1753814292755982E-007   33217705.365646899             4763
   1786.5358169771225        8.1731202606867594E-007   33217744.168731671             4764
   1786.9108638579821        8.1695425250982483E-007   33217782.958705388             4765
   1787.2859107388424        8.1672855976185383E-007   33217821.729319695             4766
   1787.6609576197025        8.1637120978915920E-007   33217860.486842956             4767
   1788.0360045005625        8.1614594035384039E-007   33217899.225027557             4768
   1788.4110513814228        8.1578901316999945E-007   33217937.950141083             4769
   1788.7860982622826        8.1556416625093563E-007   33217976.655936670             4770
   1789.1611451431429        8.1520766106050694E-007   33218015.348681111             4771
   1789.5361920240032        8.1498323586315738E-007   33218054.022128295             4772
   1789.9112389048630        8.1462715187255460E-007   33218092.682544239             4773
   1790.2862857857233        8.1440314760423251E-007   33218131.323683575             4774
   1790.6613326665833        8.1404748402171765E-007   33218169.951811537             4775
   1791.0363795474434        8.1382389989158405E-007   33218208.560683507             4776
   1791.4114264283037        8.1346865592726532E-007   33218247.156563934             4777
   1791.7864733091637        8.1324549114632257E-007   33218285.733208954             4778
   1792.1615201900238        8.1289066601214847E-007   33218324.296882231             4779
   1792.5365670708841        8.1266791979323699E-007   33218362.841340654             4780
   1792.9116139517437        8.1231351270299058E-007   33218401.372847095             4781
   1793.2866608326042        8.1209118426078251E-007   33218439.885159191             4782
   1793.6617077134645        8.1173719443007603E-007   33218478.384539045             4783
   1794.0367545943241        8.1151528298107341E-007   33218516.864745039             4784
   1794.4118014751846        8.1116170962734476E-007   33218555.332038481             4785
   1794.7868483560444        8.1094021438986874E-007   33218593.780178517             4786
   1795.1618952369045        8.1058705673237589E-007   33218632.215425659             4787
   1795.5369421177650        8.1036597692656610E-007   33218670.631539810             4788
   1795.9119889986246        8.1001323418638115E-007   33218709.034780700             4789
   1796.2870358794848        8.0979256903418975E-007   33218747.418908987             4790
   1796.6620827603454        8.0944024043419385E-007   33218785.790183604             4791
   1797.0371296412050        8.0921998915938016E-007   33218824.142365973             4792
   1797.4121765220652        8.0886807392425981E-007   33218862.481714226             4793
   1797.7872234029253        8.0864823575238414E-007   33218900.801990550             4794
   1798.1622702837853        8.0829673310862632E-007   33218939.109452296             4795
   1798.5373171646456        8.0807730726704703E-007   33218977.397862390             4796
   1798.9123640455057        8.0772621644293304E-007   33219015.673477400             4797
   1799.2874109263657        8.0750720216080229E-007   33219053.930061016             4798
   1799.6624578072260        8.0715652238640205E-007   33219092.173869006             4799
   1800.0375046880858        8.0693791889465818E-007   33219130.398665823             4800
   1800.4125515689461        8.0658764940182885E-007   33219168.610706437             4801
   1800.7875984498064        8.0636945593319163E-007   33219206.803756069             4802
   1801.1626453306662        8.0601959595556966E-007   33219244.984068893             4803
   1801.5376922115265        8.0580181174453951E-007   33219283.145410888             4804
   1801.9127390923866        8.0545236051753527E-007   33219321.294035431             4805
   1802.2877859732466        8.0523498480038345E-007   33219359.423709281             4806
   1802.6628328541069        8.0488594156117812E-007   33219397.540685002             4807
   1803.0378797349665        8.0466897357594376E-007   33219435.638730112             4808
   1803.4129266158270        8.0432033756348480E-007   33219473.724096391             4809
   1803.7879734966873        8.0410377654996949E-007   33219511.790552124             4810
   1804.1630203775469        8.0375554700496524E-007   33219549.844348285             4811
   1804.5380672584074        8.0353939220473048E-007   33219587.879253920             4812
   1804.9131141392677        8.0319156836964338E-007   33219625.901519217             4813
   1805.2881610201273        8.0297581902600331E-007   33219663.904913984             4814
   1805.6632079009878        8.0262840014504852E-007   33219701.895687599             4815
   1806.0382547818476        8.0241305550306490E-007   33219739.867610652             4816
   1806.4133016627077        8.0206604082220352E-007   33219777.826931715             4817
   1806.7883485435682        8.0185110012868354E-007   33219815.767422147             4818
   1807.1633954244278        8.0150448889561754E-007   33219853.695329711             4819
   1807.5384423052881        8.0128995139910629E-007   33219891.604426552             4820
   1807.9134891861486        8.0094374286327384E-007   33219929.500959620             4821
   1808.2885360670082        8.0072960781405134E-007   33219967.378701828             4822
   1808.6635829478685        8.0038380122662366E-007   33220005.243899327             4823
   1809.0386298287285        8.0017006787669840E-007   33220043.090325799             4824
   1809.4136767095886        7.9982466249057358E-007   33220080.924226593             4825
   1809.7887235904489        7.9961133009368021E-007   33220118.739376165             4826
   1810.1637704713089        7.9926632516347815E-007   33220156.542019062             4827
   1810.5388173521690        7.9905339297507100E-007   33220194.325930506             4828
   1810.9138642330292        7.9870878775713001E-007   33220232.097354237             4829
   1811.2889111138891        7.9849625503437866E-007   33220269.850066260             4830
   1811.6639579947494        7.9815204878674903E-007   33220307.590309497             4831
   1812.0390048756096        7.9793991478853343E-007   33220345.311860740             4832
   1812.4140517564695        7.9759610677097548E-007   33220383.020962093             4833
   1812.7890986373297        7.9738437075788223E-007   33220420.711391136             4834
   1813.1641455181898        7.9704096023185821E-007   33220458.389389154             4835
   1813.5391923990499        7.9682962146617530E-007   33220496.048734508             4836
   1813.9142392799101        7.9648660769484774E-007   33220533.695667673             4837
   1814.2892861607697        7.9627566544056040E-007   33220571.323967788             4838
   1814.6643330416302        7.9593304768878591E-007   33220608.939874522             4839
   1815.0393799224905        7.9572250121157014E-007   33220646.537167788             4840
   1815.4144268033501        7.9538027874589581E-007   33220684.122086439             4841
   1815.7894736842106        7.9517012731311576E-007   33220721.688411180             4842
   1816.1645205650709        7.9482829940177203E-007   33220759.242380049             4843
   1816.5395674459305        7.9461854228247576E-007   33220796.777774520             4844
   1816.9146143267910        7.9427710819537612E-007   33220834.300831828             4845
   1817.2896612076511        7.9406774466028827E-007   33220871.805334236             4846
   1817.6647080885109        7.9372670366902093E-007   33220909.297518156             4847
   1818.0397549693714        7.9351773299054082E-007   33220946.771166630             4848
   1818.4148018502310        7.9317708436836602E-007   33220984.232515257             4849
   1818.7898487310913        7.9296850582056207E-007   33221021.675347872             4850
   1819.1648956119518        7.9262824884240573E-007   33221059.105899252             4851
   1819.5399424928114        7.9242006170101152E-007   33221096.517954018             4852
   1819.9149893736717        7.9208019564346335E-007   33221133.917746127             4853
   1820.2900362545317        7.9187239918587177E-007   33221171.299060993             4854
   1820.6650831353918        7.9153292332717840E-007   33221208.668131743             4855
   1821.0401300162521        7.9132551683243917E-007   33221246.018744592             4856
   1821.4151768971121        7.9098643045250166E-007   33221283.357131839             4857
   1821.7902237779722        7.9077941320131472E-007   33221320.677080493             4858
   1822.1652706588325        7.9044071558168185E-007   33221357.984822035             4859
   1822.5403175396923        7.9023408685639494E-007   33221395.274144258             4860
   1822.9153644205526        7.8989577728026074E-007   33221432.551277816             4861
   1823.2904113014129        7.8968953636486271E-007   33221469.810011297             4862
   1823.6654581822727        7.8935161411706084E-007   33221507.056574546             4863
   1824.0405050631330        7.8914576029717925E-007   33221544.284756929             4864
   1824.4155519439930        7.8880822466417923E-007   33221581.500787467             4865
   1824.7905988248531        7.8860275722707408E-007   33221618.698456325             4866
   1825.1656457057134        7.8826560749697615E-007   33221655.883991696             4867
   1825.5406925865730        7.8806052573153606E-007   33221693.051184546             4868
   1825.9157394674335        7.8772376119406774E-007   33221730.206262231             4869
   1826.2907863482938        7.8751906439080585E-007   33221767.343016520             4870
   1826.6658332291533        7.8718268433731778E-007   33221804.467673946             4871
   1827.0408801100139        7.8697837178836844E-007   33221841.574027069             4872
   1827.4159269908741        7.8664237551182622E-007   33221878.668301590             4873
   1827.7909738717337        7.8643844651093866E-007   33221915.744290873             4874
   1828.1660207525942        7.8610283330592457E-007   33221952.808219787             4875
   1828.5410676334543        7.8589928714845991E-007   33221989.853882495             4876
   1828.9161145143141        7.8556405631116327E-007   33222026.887503047             4877
   1829.2911613951746        7.8536089229408914E-007   33222063.902876392             4878
   1829.6662082760342        7.8502604312230566E-007   33222100.906225748             4879
   1830.0412551568945        7.8482326054419249E-007   33222137.891346876             4880
   1830.4163020377550        7.8448879233731622E-007   33222174.864462152             4881
   1830.7913489186146        7.8428639049833301E-007   33222211.819368150             4882
   1831.1663957994749        7.8395230255735659E-007   33222248.762286410             4883
   1831.5414426803350        7.8375028075926559E-007   33222285.687014297             4884
   1831.9164895611950        7.8341657238677151E-007   33222322.599772524             4885
   1832.2915364420553        7.8321492993292582E-007   33222359.494359266             4886
   1832.6665833229151        7.8288160043308521E-007   33222396.376994401             4887
   1833.0416302037754        7.8268033662842271E-007   33222433.241476905             4888
   1833.4166770846357        7.8234738530698978E-007   33222470.094025817             4889
   1833.7917239654955        7.8214649945802958E-007   33222506.928440925             4890
   1834.1667708463558        7.8181392562233743E-007   33222543.750940431             4891
   1834.5418177272161        7.8161341703717440E-007   33222580.555324923             4892
   1834.9168646080759        7.8128121999613117E-007   33222617.347811777             4893
   1835.2919114889362        7.8108108798443432E-007   33222654.122202385             4894
   1835.6669583697962        7.8074926704851814E-007   33222690.884713273             4895
   1836.0420052506563        7.8054951092152431E-007   33222727.629146658             4896
   1836.4170521315166        7.8021806540277894E-007   33222764.361718219             4897
   1836.7920990123762        7.8001868447328978E-007   33222801.076230980             4898
   1837.1671458932367        7.7968761368532185E-007   33222837.778899785             4899
   1837.5421927740970        7.7948860726769669E-007   33222874.463528469             4900
   1837.9172396549566        7.7915791052567139E-007   33222911.136331037             4901
   1838.2922865358171        7.7895927793582821E-007   33222947.791112132             4902
   1838.6673334166771        7.7862895455646311E-007   33222984.434084915             4903
   1839.0423802975370        7.7843069511186954E-007   33223021.059054844             4904
   1839.4174271783975        7.7810074441343261E-007   33223057.672234237             4905
   1839.7924740592575        7.7790285743310445E-007   33223094.267429367             4906
   1840.1675209401174        7.7757327873540769E-007   33223130.850851703             4907
   1840.5425678209779        7.7737576353990433E-007   33223167.416308340             4908
   1840.9176147018375        7.7704655616430262E-007   33223203.970009897             4909
   1841.2926615826977        7.7684941207572168E-007   33223240.505764294             4910
   1841.6677084635583        7.7652057534510556E-007   33223277.029781297             4911
   1842.0427553444179        7.7632380168708044E-007   33223313.535869636             4912
   1842.4178022252781        7.7599533492587390E-007   33223350.030238241             4913
   1842.7928491061382        7.7579893102356804E-007   33223386.506696653             4914
   1843.1678959869982        7.7547083355772366E-007   33223422.971452959             4915
   1843.5429428678585        7.7527479873782739E-007   33223459.418317519             4916
   1843.9179897487184        7.7494706989482270E-007   33223495.853497569             4917
   1844.2930366295786        7.7475140348555018E-007   33223532.270804286             4918
   1844.6680835104389        7.7442404259438252E-007   33223568.676444061             4919
   1845.0431303912987        7.7422874392546503E-007   33223605.064228896             4920
   1845.4181772721590        7.7390175031664972E-007   33223641.440364327             4921
   1845.7932241530193        7.7370681871933379E-007   33223677.798663173             4922
   1846.1682710338791        7.7338019172489833E-007   33223714.145330116             4923
   1846.5433179147394        7.7318562653194052E-007   33223750.474178813             4924
   1846.9183647955995        7.7285936548541894E-007   33223786.791413084             4925
   1847.2934116764595        7.7266516603108271E-007   33223823.090847410             4926
   1847.6684585573198        7.7233927026751465E-007   33223859.378684767             4927
   1848.0435054381794        7.7214543588756543E-007   33223895.648740444             4928
   1848.4185523190399        7.7181990474349191E-007   33223931.907216564             4929
   1848.7935991999002        7.7162643477519250E-007   33223968.147929259             4930
   1849.1686460807598        7.7130126758865007E-007   33224004.377079792             4931
   1849.5436929616203        7.7110816137076027E-007   33224040.588485107             4932
   1849.9187398424804        7.7078335748127647E-007   33224076.788345620             4933
   1850.2937867233402        7.7059061435404466E-007   33224112.970479108             4934
   1850.6688336042007        7.7026617310263696E-007   33224149.141085122             4935
   1851.0438804850608        7.7007379240779740E-007   33224185.293982271             4936
   1851.4189273659206        7.6974971313696770E-007   33224221.435369257             4937
   1851.7939742467811        7.6955769421773772E-007   33224257.559065502             4938
   1852.1690211276407        7.6923397627146748E-007   33224293.671268854             4939
   1852.5440680085010        7.6904231847254269E-007   33224329.765799578             4940
   1852.9191148893615        7.6871896119628973E-007   33224365.848854646             4941
   1853.2941617702211        7.6852766386384063E-007   33224401.914255165             4942
   1853.6692086510814        7.6820466660453630E-007   33224437.968197245             4943
   1854.0442555319414        7.6801372908620385E-007   33224474.004502818             4944
   1854.4193024128015        7.6769109119224773E-007   33224510.029367145             4945
   1854.7943492936618        7.6750051283713888E-007   33224546.036612980             4946
   1855.1693961745216        7.6717823365839507E-007   33224582.032434724             4947
   1855.5444430553819        7.6698801381708055E-007   33224618.010655973             4948
   1855.9194899362424        7.6666609270487332E-007   33224653.977470256             4949
   1856.2945368171020        7.6647623072938203E-007   33224689.926702008             4950
   1856.6695836979623        7.6615466703649373E-007   33224725.864543900             4951
   1857.0446305788228        7.6596516228030871E-007   33224761.784821194             4952
   1857.4196774596824        7.6564395536097465E-007   33224797.693725694             4953
   1857.7947243405426        7.6545480717903257E-007   33224833.585083503             4954
   1858.1697712214027        7.6513395638893596E-007   33224869.465085566             4955
   1858.5448181022628        7.6494516413761925E-007   33224905.327558819             4956
   1858.9198649831230        7.6462466883388940E-007   33224941.178693336             4957
   1859.2949118639826        7.6443623187102364E-007   33224977.012316898             4958
   1859.6699587448431        7.6411609141223119E-007   33225012.834618710             4959
   1860.0450056257034        7.6392800909707989E-007   33225048.639427397             4960
   1860.4200525065630        7.6360822284323364E-007   33225084.432931285             4961
   1860.7950993874235        7.6342049453649869E-007   33225120.208959844             4962
   1861.1701462682836        7.6310106184903944E-007   33225155.973700535             4963
   1861.5451931491434        7.6291368691285378E-007   33225191.720983665             4964
   1861.9202400300039        7.6259460715465396E-007   33225227.456995830             4965
   1862.2952869108640        7.6240758495257853E-007   33225263.175568178             4966
   1862.6703337917238        7.6208885748793682E-007   33225298.882886432             4967
   1863.0453806725843        7.6190218738495695E-007   33225334.572782580             4968
   1863.4204275534439        7.6158381157959487E-007   33225370.251441482             4969
   1863.7954744343044        7.6139749294211593E-007   33225405.912695967             4970
   1864.1705213151647        7.6107946816317090E-007   33225441.562730022             4971
   1864.5455681960243        7.6089350035901568E-007   33225477.195377316             4972
   1864.9206150768848        7.6057582597504191E-007   33225512.816820972             4973
   1865.2956619577446        7.6039020837344572E-007   33225548.420895498             4974
   1865.6707088386047        7.6007288375440918E-007   33225584.013783138             4975
   1866.0457557194652        7.5988761572601766E-007   33225619.589319266             4976
   1866.4208026003248        7.5957064024329042E-007   33225655.153685242             4977
   1866.7958494811851        7.5938572116015356E-007   33225690.700717278             4978
   1867.1708963620456        7.5906909418651208E-007   33225726.236595862             4979
   1867.5459432429052        7.5888452342208173E-007   33225761.755158059             4980
   1867.9209901237655        7.5856824433170195E-007   33225797.262583490             4981
   1868.2960370046255        7.5838402126082788E-007   33225832.752710052             4982
   1868.6710838854856        7.5806808942928314E-007   33225868.231716495             4983
   1869.0461307663459        7.5788421342821019E-007   33225903.693441570             4984
   1869.4211776472059        7.5756862823246488E-007   33225939.144063145             4985
   1869.7962245280660        7.5738509867882924E-007   33225974.577420823             4986
   1870.1712714089263        7.5706985949723646E-007   33226009.999691587             4987
   1870.5463182897861        7.5688667577006037E-007   33226045.404715907             4988
   1870.9213651706464        7.5657178198235991E-007   33226080.798669878             4989
   1871.2964120515066        7.5638894346204852E-007   33226116.175394822             4990
   1871.6714589323665        7.5607439444936201E-007   33226151.541065954             4991
   1872.0465058132268        7.5589190051770038E-007   33226186.889525443             4992
   1872.4215526940868        7.5557769566252535E-007   33226222.226947632             4993
   1872.7965995749469        7.5539554570267528E-007   33226257.547175545             4994
   1873.1716464558071        7.5508168438888450E-007   33226292.856382638             4995
   1873.5466933366667        7.5489987778538022E-007   33226328.148412794             4996
   1873.9217402175273        7.5458635939821699E-007   33226363.429438584             4997
   1874.2967870983875        7.5440489553696097E-007   33226398.693304751             4998
   1874.6718339792471        7.5409171946303653E-007   33226433.946182981             4999
   1875.0468808601076        7.5391059773129680E-007   33226469.181918867             5000
   1875.4219277409679        7.5359776335858389E-007   33226504.406683218             5001
   1875.7969746218275        7.5341698314499091E-007   33226539.614322484             5002
   1876.1720215026880        7.5310448986282335E-007   33226574.811006580             5003
   1876.5470683835479        7.5292405055736454E-007   33226609.990582827             5004
   1876.9221152644079        7.5261189775643246E-007   33226645.159220256             5005
   1877.2971621452684        7.5243179875044920E-007   33226680.310767036             5006
   1877.6722090261280        7.5211998582279493E-007   33226715.451391313             5007
   1878.0472559069883        7.5194022650898101E-007   33226750.574942123             5008
   1878.4223027878488        7.5162875284799606E-007   33226785.687586728             5009
   1878.7973496687084        7.5144933262039238E-007   33226820.783175018             5010
   1879.1723965495687        7.5113819762081391E-007   33226855.867873356             5011
   1879.5474434304288        7.5095911587480400E-007   33226890.935532507             5012
   1879.9224903112888        7.5064831893271128E-007   33226925.992317948             5013
   1880.2975371921491        7.5046957506501996E-007   33226961.032081302             5014
   1880.6725840730091        7.5015911557783122E-007   33226996.060987160             5015
   1881.0476309538692        7.4998070898651982E-007   33227031.072887998             5016
   1881.4226778347295        7.4967058635298650E-007   33227066.073947523             5017
   1881.7977247155893        7.4949251643745000E-007   33227101.058019079             5018
   1882.1727715964496        7.4918273005765689E-007   33227136.031265482             5019
   1882.5478184773099        7.4900499621861800E-007   33227170.987540938             5020
   1882.9228653581697        7.4869554549397750E-007   33227205.933007363             5021
   1883.2979122390300        7.4851814713348729E-007   33227240.861519840             5022
   1883.6729591198900        7.4820903146673509E-007   33227275.779239390             5023
   1884.0480060007501        7.4803196798816663E-007   33227310.680021964             5024
   1884.4230528816104        7.4772318678336052E-007   33227345.570027687             5025
   1884.7980997624700        7.4754645759140699E-007   33227380.443113372             5026
   1885.1731466433305        7.4723801025392200E-007   33227415.305438261             5027
   1885.5481935241908        7.4706161475459010E-007   33227450.150860034             5028
   1885.9232404050504        7.4675350069111639E-007   33227484.985537026             5029
   1886.2982872859109        7.4657743829172765E-007   33227519.803327799             5030
   1886.6733341667712        7.4626965691026406E-007   33227554.610389788             5031
   1887.0483810476308        7.4609392701944908E-007   33227589.400582429             5032
   1887.4234279284913        7.4578647772930277E-007   33227624.180062253             5033
   1887.7984748093511        7.4561107975699532E-007   33227658.942689564             5034
   1888.1735216902111        7.4530396196877726E-007   33227693.694620006             5035
   1888.5485685710717        7.4512889532621416E-007   33227728.429714754             5036
   1888.9236154519313        7.4482210845183627E-007   33227763.154128551             5037
   1889.2986623327915        7.4464737255155412E-007   33227797.861723438             5038
   1889.6737092136520        7.4434091600422362E-007   33227832.558653265             5039
   1890.0487560945116        7.4416651026005390E-007   33227867.238780957             5040
   1890.4238029753719        7.4386038345427293E-007   33227901.908259448             5041
   1890.7988498562320        7.4368630728133824E-007   33227936.560952540             5042
   1891.1738967370920        7.4338050963289939E-007   33227971.203012269             5043
   1891.5489436179523        7.4320676244761118E-007   33228005.828303318             5044
   1891.9239904988124        7.4290129337359219E-007   33228040.442976817             5045
   1892.2990373796724        7.4272787459364749E-007   33228075.040898323             5046
   1892.6740842605327        7.4242273351241021E-007   33228109.628218062             5047
   1893.0491311413925        7.4224964255678805E-007   33228144.198802471             5048
   1893.4241780222528        7.4194482888797590E-007   33228178.758800879             5049
   1893.7992249031131        7.4177206517693251E-007   33228213.302080594             5050
   1894.1742717839729        7.4146757834146475E-007   33228247.834790040             5051
   1894.5493186648332        7.4129514129653253E-007   33228282.350797404             5052
   1894.9243655456933        7.4099098071660075E-007   33228316.856250204             5053
   1895.2994124265533        7.4081886976058382E-007   33228351.345017523             5054
   1895.6744593074136        7.4051503485965083E-007   33228385.823245954             5055
   1896.0495061882732        7.4034324941662184E-007   33228420.284805458             5056
   1896.4245530691337        7.4003973961941757E-007   33228454.735841740             5057
   1896.7995999499940        7.3986827911471380E-007   33228489.170225631             5058
   1897.1746468308536        7.3956509384723177E-007   33228523.594101928             5059
   1897.5496937117141        7.3939395770745331E-007   33228558.001342349             5060
   1897.9247405925739        7.3909109639694626E-007   33228592.398090784             5061
   1898.2997874734340        7.3892028404995062E-007   33228626.778219830             5062
   1898.6748343542945        7.3861774612492964E-007   33228661.147872463             5063
   1899.0498812351543        7.3844725699983081E-007   33228695.500922177             5064
   1899.4249281160144        7.3814504189005967E-007   33228729.843511030             5065
   1899.7999749968749        7.3797487541722258E-007   33228764.169513397             5066
   1900.1750218777345        7.3767298255371558E-007   33228798.485070433             5067
   1900.5500687585948        7.3750313816475424E-007   33228832.784057401             5068
   1900.9251156394553        7.3720156697977262E-007   33228867.072614539             5069
   1901.3001625203149        7.3703204410754744E-007   33228901.344617993             5070
   1901.6752094011752        7.3673079403459767E-007   33228935.606207095             5071
   1902.0502562820352        7.3656159211321017E-007   33228969.851258881             5072
   1902.4253031628953        7.3626066258703806E-007   33229004.085911762             5073
   1902.8003500437555        7.3609178105183013E-007   33229038.304043666             5074
   1903.1753969246154        7.3579117150841942E-007   33229072.511792097             5075
   1903.5504438054757        7.3562260979596835E-007   33229106.703035861             5076
   1903.9254906863359        7.3532231967253605E-007   33229140.883911550             5077
   1904.3005375671958        7.3515407722065191E-007   33229175.048298869             5078
   1904.6755844480560        7.3485410595564767E-007   33229209.202333484             5079
   1905.0506313289163        7.3468618220336879E-007   33229243.339895997             5080
   1905.4256782097762        7.3438652923646964E-007   33229277.467121158             5081
   1905.8007250906364        7.3421892362406193E-007   33229311.577890452             5082
   1906.1757719714965        7.3391958839616894E-007   33229345.678337719             5083
   1906.5508188523565        7.3375230036512239E-007   33229379.762345340             5084
   1906.9258657332168        7.3345328231835849E-007   33229413.836046234             5085
   1907.3009126140764        7.3328631131138068E-007   33229447.893323671             5086
   1907.6759594949369        7.3298760988908703E-007   33229481.940309655             5087
   1908.0510063757972        7.3282095535010274E-007   33229515.970888358             5088
   1908.4260532566568        7.3252256999683633E-007   33229549.991190851             5089
   1908.8011001375173        7.3235623137098477E-007   33229583.995102208             5090
   1909.1761470183772        7.3205816153251469E-007   33229617.988752581             5091
   1909.5511938992372        7.3189213826614569E-007   33229651.966027938             5092
   1909.9262407800977        7.3159438338944867E-007   33229685.933057502             5093
   1910.3012876609575        7.3142867493011993E-007   33229719.883728150             5094
   1910.6763345418176        7.3113123446337942E-007   33229753.824168187             5095
   1911.0513814226781        7.3096584025985143E-007   33229787.748265374             5096
   1911.4264283035377        7.3066871365245387E-007   33229821.662147097             5097
   1911.8014751843980        7.3050363315468884E-007   33229855.559702020             5098
   1912.1765220652585        7.3020681985721881E-007   33229889.447056610             5099
   1912.5515689461181        7.3004205251637645E-007   33229923.318100419             5100
   1912.9266158269784        7.2974555198061697E-007   33229957.178958993             5101
   1913.3016627078384        7.2958109724905205E-007   33229991.023522787             5102
   1913.6767095886985        7.2928490892797821E-007   33230024.857916418             5103
   1914.0517564695588        7.2912076625923770E-007   33230058.676031247             5104
   1914.4268033504186        7.2882488960701503E-007   33230092.483990967             5105
   1914.8018502312789        7.2866105845583574E-007   33230126.275687836             5106
   1915.1768971121392        7.2836549292781666E-007   33230160.057244621             5107
   1915.5519439929990        7.2820197275011991E-007   33230193.822554480             5108
   1915.9269908738593        7.2790671780284161E-007   33230227.577739254             5109
   1916.3020377547195        7.2774350805573116E-007   33230261.316693012             5110
   1916.6770846355794        7.2744856314691140E-007   33230295.045536663             5111
   1917.0521315164397        7.2728566328867083E-007   33230328.758165177             5112
   1917.4271783972997        7.2699102787720558E-007   33230362.460698534             5113
   1917.8022252781598        7.2682843736729487E-007   33230396.147032611             5114
   1918.1772721590200        7.2653411091325580E-007   33230429.823286459             5115
   1918.5523190398796        7.2637182921230778E-007   33230463.483356863             5116
   1918.9273659207402        7.2607781117693756E-007   33230497.133361939             5117
   1919.3024128016004        7.2591583774675628E-007   33230530.767199382             5118
   1919.6774596824600        7.2562212759246704E-007   33230564.390986379             5119
   1920.0525065633205        7.2546046189602493E-007   33230597.998621531             5120
   1920.4275534441806        7.2516705908639440E-007   33230631.596221086             5121
   1920.8026003250404        7.2500570058782803E-007   33230665.177684553             5122
   1921.1776472059009        7.2471260458759724E-007   33230698.749127254             5123
   1921.5526940867610        7.2455155275220393E-007   33230732.304449614             5124
   1921.9277409676208        7.2425876302727373E-007   33230765.849766020             5125
   1922.3027878484813        7.2409801732150955E-007   33230799.378977794             5126
   1922.6778347293409        7.2380553333893877E-007   33230832.898198392             5127
   1923.0528816102012        7.2364509323041439E-007   33230866.401330058             5128
   1923.4279284910617        7.2335291445841329E-007   33230899.894485302             5129
   1923.8029753719213        7.2319277941589400E-007   33230933.371567283             5130
   1924.1780222527816        7.2290090532382651E-007   33230966.838687576             5131
   1924.5530691336417        7.2274107481722512E-007   33231000.289750248             5132
   1924.9281160145017        7.2244950487560280E-007   33231033.730865944             5133
   1925.3031628953620        7.2228997837598005E-007   33231067.155939646             5134
   1925.6782097762218        7.2199871205645889E-007   33231100.571081057             5135
   1926.0532566570821        7.2183948903601860E-007   33231133.970196072             5136
   1926.4283035379424        7.2154852581139620E-007   33231167.359393459             5137
   1926.8033504188022        7.2138960574348388E-007   33231200.732580025             5138
   1927.1783972996625        7.2109894508769867E-007   33231234.095863603             5139
   1927.5534441805228        7.2094032744679571E-007   33231267.443151910             5140
   1927.9284910613826        7.2064996883492210E-007   33231300.780551847             5141
   1928.3035379422429        7.2049165309664596E-007   33231334.101972047             5142
   1928.6785848231029        7.2020159600489116E-007   33231367.413518462             5143
   1929.0536317039630        7.2004358164599158E-007   33231400.709100645             5144
   1929.4286785848233        7.1975382555169424E-007   33231433.994823612             5145
   1929.8037254656829        7.1959611205005027E-007   33231467.264597833             5146
   1930.1787723465434        7.1930665643167556E-007   33231500.524527378             5147
   1930.5538192274037        7.1914924326629163E-007   33231533.768523641             5148
   1930.9288661082633        7.1886008760343079E-007   33231567.002689745             5149
   1931.3039129891238        7.1870297425443555E-007   33231600.220938012             5150
   1931.6789598699838        7.1841411802780009E-007   33231633.429370612             5151
   1932.0540067508437        7.1825730397644252E-007   33231666.621900789             5152
   1932.4290536317042        7.1796874666786385E-007   33231699.804629777             5153
   1932.8041005125638        7.1781223139651077E-007   33231732.971471731             5154
   1933.1791473934240        7.1752397248893711E-007   33231766.128526941             5155
   1933.5541942742846        7.1736775548106890E-007   33231799.269710485             5156
   1933.9292411551442        7.1707979445856157E-007   33231832.401121717             5157
   1934.3042880360044        7.1692387519877128E-007   33231865.516676635             5158
   1934.6793349168649        7.1663621154650048E-007   33231898.622473635             5159
   1935.0543817977245        7.1648058952049130E-007   33231931.712429646             5160
   1935.4294286785848        7.1619322272473674E-007   33231964.792642124             5161
   1935.8044755594449        7.1603789741931566E-007   33231997.857028913             5162
   1936.1795224403049        7.1575082696746146E-007   33232030.911686517             5163
   1936.5545693211652        7.1559579787054073E-007   33232063.950533714             5164
   1936.9296162020250        7.1530902325107303E-007   33232096.979666065             5165
   1937.3046630828853        7.1515428985166425E-007   33232129.993003272             5166
   1937.6797099637456        7.1486781055416733E-007   33232162.996639933             5167
   1938.0547568446054        7.1471337234238144E-007   33232195.984496679             5168
   1938.4298037254657        7.1442718785753662E-007   33232228.962667171             5169
   1938.8048506063258        7.1427304432457808E-007   33232261.925072961             5170
   1939.1798974871858        7.1398715414416189E-007   33232294.877806753             5171
   1939.5549443680461        7.1383330478232858E-007   33232327.814791035             5172
   1939.9299912489062        7.1354770839920597E-007   33232360.742117561             5173
   1940.3050381297662        7.1339415270188441E-007   33232393.653709747             5174
   1940.6800850106265        7.1310884961000964E-007   33232426.555658389             5175
   1941.0551318914861        7.1295558707167331E-007   33232459.441887837             5176
   1941.4301787723466        7.1267057676608504E-007   33232492.318487938             5177
   1941.8052256532069        7.1251760688229088E-007   33232525.179383963             5178
   1942.1802725340665        7.1223288885911197E-007   33232558.030664813             5179
   1942.5553194149270        7.1208021112649890E-007   33232590.866256692             5180
   1942.9303662957871        7.1179578488293006E-007   33232623.692247540             5181
   1943.3054131766469        7.1164339879921410E-007   33232656.502564497             5182
   1943.6804600575074        7.1135926383353316E-007   33232689.303294547             5183
   1944.0555069383670        7.1120716889750724E-007   33232722.088365760             5184
   1944.4305538192273        7.1092332470906701E-007   33232754.863864169             5185
   1944.8056007000878        7.1077152042059639E-007   33232787.623718776             5186
   1945.1806475809474        7.1048796650982170E-007   33232820.374014657             5187
   1945.5556944618077        7.1033645236984104E-007   33232853.108681753             5188
   1945.9307413426682        7.1005318823822379E-007   33232885.833804175             5189
   1946.3057882235278        7.0990196374873668E-007   33232918.543312799             5190
   1946.6808351043881        7.0961898889883675E-007   33232951.243290786             5191
   1947.0558819852481        7.0946805356291098E-007   33232983.927669946             5192
   1947.4309288661082        7.0918536749835087E-007   33233016.602532476             5193
   1947.8059757469684        7.0903472082011589E-007   33233049.261811126             5194
   1948.1810226278283        7.0875232304557858E-007   33233081.911587134             5195
   1948.5560695086886        7.0860196453022379E-007   33233114.545794189             5196
   1948.9311163895488        7.0831985455145051E-007   33233147.170512564             5197
   1949.3061632704087        7.0816978370522208E-007   33233179.779676892             5198
   1949.6812101512689        7.0788796102900917E-007   33233212.379366484             5199
   1950.0562570321290        7.0773817735920583E-007   33233244.963516910             5200
   1950.4313039129891        7.0745664149340257E-007   33233277.538206521             5201
   1950.8063507938493        7.0730714450837643E-007   33233310.097371817             5202
   1951.1813976747094        7.0702589496188170E-007   33233342.647090204             5203
   1951.5564445555694        7.0687668417103276E-007   33233375.181299113             5204
   1951.9314914364297        7.0659572045379300E-007   33233407.706074987             5205
   1952.3065383172893        7.0644679536756703E-007   33233440.215356201             5206
   1952.6815851981498        7.0616611699057318E-007   33233472.715218227             5207
   1953.0566320790101        7.0601747712045822E-007   33233505.199600399             5208
   1953.4316789598697        7.0573708359574413E-007   33233537.674577210             5209
   1953.8067258407302        7.0558872845427039E-007   33233570.134088933             5210
   1954.1817727215903        7.0530861929490836E-007   33233602.584209107             5211
   1954.5568196024501        7.0516054839564451E-007   33233635.018878940             5212
   1954.9318664833106        7.0488072311574395E-007   33233667.444171015             5213
   1955.3069133641702        7.0473293597329384E-007   33233699.854027484             5214
   1955.6819602450305        7.0445339408799880E-007   33233732.254519954             5215
   1956.0570071258910        7.0430589021799765E-007   33233764.639591526             5216
   1956.4320540067506        7.0402663124348279E-007   33233797.015312843             5217
   1956.8071008876109        7.0387941016259857E-007   33233829.375627950             5218
   1957.1821477684714        7.0360043361606666E-007   33233861.726606518             5219
   1957.5571946493310        7.0345349484199362E-007   33233894.062193543             5220
   1957.9322415301913        7.0317480024167646E-007   33233926.388457730             5221
   1958.3072884110513        7.0302814329313301E-007   33233958.699345019             5222
   1958.6823352919114        7.0274973015828424E-007   33233991.000923146             5223
   1959.0573821727717        7.0260335455501320E-007   33234023.287138991             5224
   1959.4324290536315        7.0232522240590808E-007   33234055.564059328             5225
   1959.8074759344918        7.0217912766867038E-007   33234087.825631991             5226
   1960.1825228153523        7.0190127602660221E-007   33234120.077922776             5227
   1960.5575696962119        7.0175546167717786E-007   33234152.314880468             5228
   1960.9326165770722        7.0147789006445701E-007   33234184.542569887             5229
   1961.3076634579322        7.0133235562563877E-007   33234216.754940774             5230
   1961.6827103387923        7.0105506356558983E-007   33234248.958056986             5231
   1962.0577572196526        7.0090980856118404E-007   33234281.145869195             5232
   1962.4328041005122        7.0063279557814040E-007   33234313.324440293             5233
   1962.8078509813727        7.0048781953296337E-007   33234345.487721916             5234
   1963.1828978622329        7.0021108515226705E-007   33234377.641775962             5235
   1963.5579447430925        7.0006638759214201E-007   33234409.780555032             5236
   1963.9329916239531        6.9978993134014213E-007   33234441.910120055             5237
   1964.3080385048133        6.9964551179189477E-007   33234474.024424568             5238
   1964.6830853856729        6.9936933319594420E-007   33234506.129528534             5239
   1965.0581322665334        6.9922519118740511E-007   33234538.219386451             5240
   1965.4331791473935        6.9894928977585620E-007   33234570.300057299             5241
   1965.8082260282533        6.9880542483585430E-007   33234602.365496535             5242
   1966.1832729091138        6.9852980013805786E-007   33234634.421762154             5243
   1966.5583197899734        6.9838621179641883E-007   33234666.462810572             5244
   1966.9333666708339        6.9811086334272166E-007   33234698.494698811             5245
   1967.3084135516942        6.9796755113026589E-007   33234730.511384241             5246
   1967.6834604325538        6.9769247845200848E-007   33234762.518922910             5247
   1968.0585073134143        6.9754944190054910E-007   33234794.511273134             5248
   1968.4335541942742        6.9727464453006147E-007   33234826.494489994             5249
   1968.8086010751342        6.9713188317240127E-007   33234858.462532766             5250
   1969.1836479559947        6.9685736064300342E-007   33234890.421455540             5251
   1969.5586948368546        6.9671487401293038E-007   33234922.365218554             5252
   1969.9337417177146        6.9644062585892783E-007   33234954.299874920             5253
   1970.3087885985751        6.9629841349121661E-007   33234986.219385836             5254
   1970.6838354794347        6.9602443924789660E-007   33235018.129803434             5255
   1971.0588823602950        6.9588250067830337E-007   33235050.025089871             5256
   1971.4339292411555        6.9560879988193558E-007   33235081.911296293             5257
   1971.8089761220151        6.9546713464719686E-007   33235113.782385822             5258
   1972.1840230028754        6.9519370683502844E-007   33235145.644408625             5259
   1972.5590698837354        6.9505231447285619E-007   33235177.491328783             5260
   1972.9341167645955        6.9477915918311137E-007   33235209.329195481             5261
   1973.3091636454558        6.9463803923219302E-007   33235241.151973754             5262
   1973.6842105263156        6.9436515600406946E-007   33235272.965711817             5263
   1974.0592574071759        6.9422430800406506E-007   33235304.764375664             5264
   1974.4343042880362        6.9395169637773069E-007   33235336.554012511             5265
   1974.8093511688960        6.9381111986927013E-007   33235368.328589335             5266
   1975.1843980497563        6.9353877938586223E-007   33235400.094152365             5267
   1975.5594449306166        6.9339847391054260E-007   33235431.844669532             5268
   1975.9344918114764        6.9312640411216351E-007   33235463.586186089             5269
   1976.3095386923367        6.9298636921254764E-007   33235495.312670924             5270
   1976.6845855731967        6.9271456964226428E-007   33235527.030168310             5271
   1977.0596324540568        6.9257480486187786E-007   33235558.732648093             5272
   1977.4346793349171        6.9230327506371937E-007   33235590.426153570             5273
   1977.8097262157767        6.9216377994704702E-007   33235622.104655553             5274
   1978.1847730966372        6.9189251946600086E-007   33235653.774196338             5275
   1978.5598199774975        6.9175329355848532E-007   33235685.428747717             5276
   1978.9348668583571        6.9148230194049650E-007   33235717.074350998             5277
   1979.3099137392176        6.9134334478853670E-007   33235748.704978935             5278
   1979.6849606200774        6.9107262158050253E-007   33235780.326671846             5279
   1980.0600075009374        6.9093393273145094E-007   33235811.933403458             5280
   1980.4350543817980        6.9066347748122174E-007   33235843.531213105             5281
   1980.8101012626578        6.9052505648338015E-007   33235875.114075471             5282
   1981.1851481435178        6.9025486873975512E-007   33235906.688028902             5283
   1981.5601950243783        6.9011671514237420E-007   33235938.247049063             5284
   1981.9352419052379        6.8984679445510060E-007   33235969.797173303             5285
   1982.3102887860982        6.8970890780837760E-007   33236001.332378250             5286
   1982.6853356669587        6.8943925372814690E-007   33236032.858700268             5287
   1983.0603825478183        6.8930163358322242E-007   33236064.370116957             5288
   1983.4354294286786        6.8903224566166843E-007   33236095.872663692             5289
   1983.8104763095387        6.8889489157062363E-007   33236127.360319041             5290
   1984.1855231903987        6.8862576936032077E-007   33236158.839117382             5291
   1984.5605700712590        6.8848868087617583E-007   33236190.303038269             5292
   1984.9356169521188        6.8821982393063716E-007   33236221.758115072             5293
   1985.3106638329791        6.8808300060734918E-007   33236253.198328324             5294
   1985.6857107138394        6.8781440848102034E-007   33236284.629710406             5295
   1986.0607575946992        6.8767784987348103E-007   33236316.046242815             5296
   1986.4358044755595        6.8740952212174256E-007   33236347.453956947             5297
   1986.8108513564198        6.8727322778577536E-007   33236378.846835271             5298
   1987.1858982372796        6.8700516396493923E-007   33236410.230908189             5299
   1987.5609451181399        6.8686913345729688E-007   33236441.600159138             5300
   1987.9359919990000        6.8660133312460181E-007   33236472.960617527             5301
   1988.3110388798600        6.8646556600296392E-007   33236504.306267776             5302
   1988.6860857607203        6.8619802871657625E-007   33236535.643138289             5303
   1989.0611326415799        6.8606252453954843E-007   33236566.965214472             5304
   1989.4361795224404        6.8579524985855787E-007   33236598.278523725             5305
   1989.8112264033007        6.8566000818566691E-007   33236629.577052429             5306
   1990.1862732841603        6.8539299567008388E-007   33236660.866826992             5307
   1990.5613201650208        6.8525801606177865E-007   33236692.141834769             5308
   1990.9363670458806        6.8499126527253304E-007   33236723.408101179             5309
   1991.3114139267407        6.8485654729018007E-007   33236754.659614544             5310
   1991.6864608076012        6.8459005778911962E-007   33236785.902399287             5311
   1992.0615076884610        6.8445560099500108E-007   33236817.130444717             5312
   1992.4365545693211        6.8418937234488888E-007   33236848.349774245             5313
   1992.8116014501816        6.8405517630219930E-007   33236879.554378167             5314
   1993.1866483310412        6.8378920806670898E-007   33236910.750278898             5315
   1993.5616952119015        6.8365527233955706E-007   33236941.931467708             5316
   1993.9367420927620        6.8338956408327280E-007   33236973.103966013             5317
   1994.3117889736216        6.8325588823667483E-007   33237004.261766057             5318
   1994.6868358544818        6.8299043952508981E-007   33237035.410888270             5319
   1995.0618827353419        6.8285702312496808E-007   33237066.545325868             5320
   1995.4369296162020        6.8259183352448095E-007   33237097.671098277             5321
   1995.8119764970622        6.8245867613766260E-007   33237128.782199707             5322
   1996.1870233779221        6.8219374521557494E-007   33237159.884648569             5323
   1996.5620702587823        6.8206084640979068E-007   33237190.972440060             5324
   1996.9371171396426        6.8179617373430490E-007   33237222.051591590             5325
   1997.3121640205025        6.8166353307818456E-007   33237253.116099343             5326
   1997.6872109013627        6.8139911821840282E-007   33237284.171979722             5327
   1998.0622577822228        6.8126673528147400E-007   33237315.213229891             5328
   1998.4373046630828        6.8100257780739504E-007   33237346.245865248             5329
   1998.8123515439431        6.8087045216008222E-007   33237377.263883952             5330
   1999.1873984248032        6.8060655164259915E-007   33237408.273300387             5331
   1999.5624453056632        6.8047468285621917E-007   33237439.268113699             5332
   1999.9374921865235        6.8021103886711809E-007   33237470.254337277             5333
   2000.3125390673831        6.8007942651387876E-007   33237501.225971237             5334
   2000.6875859482436        6.7981603862583483E-007   33237532.189027969             5335
   2001.0626328291039        6.7968468227883260E-007   33237563.137508582             5336
   2001.4376797099635        6.7942155006541057E-007   33237594.077424452             5337
   2001.8127265908240        6.7929044929863055E-007   33237625.002777677             5338
   2002.1877734716838        6.7902757233427821E-007   33237655.919578630             5339
   2002.5628203525439        6.7889672672258915E-007   33237686.821830392             5340
   2002.9378672334044        6.7863410458264039E-007   33237717.715542320             5341
   2003.3129141142640        6.7850351370179335E-007   33237748.594718501             5342
   2003.6879609951243        6.7824114596246203E-007   33237779.465367276             5343
   2004.0630078759848        6.7811080938908951E-007   33237810.321493715             5344
   2004.4380547568444        6.7784869562747028E-007   33237841.169105161             5345
   2004.8131016377047        6.7771861293908156E-007   33237872.002207674             5346
   2005.1881485185652        6.7745675273314439E-007   33237902.826807581             5347
   2005.5631953994248        6.7732692350812575E-007   33237933.636911932             5348
   2005.9382422802851        6.7706531643671538E-007   33237964.438526049             5349
   2006.3132891611451        6.7693574025432607E-007   33237995.225657970             5350
   2006.6883360420052        6.7667438589716169E-007   33238026.004311997             5351
   2007.0633829228655        6.7654506233753319E-007   33238056.768497176             5352
   2007.4384298037253        6.7628396027520358E-007   33238087.524216797             5353
   2007.8134766845856        6.7615488891933602E-007   33238118.265480887             5354
   2008.1885235654458        6.7589403873329763E-007   33238148.998291731             5355
   2008.5635704463057        6.7576521916305987E-007   33238179.716660351             5356
   2008.9386173271660        6.7550462043563758E-007   33238210.426588006             5357
   2009.3136642080260        6.7537605223376201E-007   33238241.122086726             5358
   2009.6887110888861        6.7511570454814308E-007   33238271.809156761             5359
   2010.0637579697463        6.7498738729822662E-007   33238302.481811121             5360
   2010.4388048506064        6.7472729023846145E-007   33238333.146049045             5361
   2010.8138517314665        6.7459922352496159E-007   33238363.795884550             5362
   2011.1888986123267        6.7433937667595860E-007   33238394.437315851             5363
   2011.5639454931863        6.7421156008419237E-007   33238425.064357955             5364
   2011.9389923740468        6.7395196303171985E-007   33238455.683008075             5365
   2012.3140392549071        6.7382439614786061E-007   33238486.287282214             5366
   2012.6890861357667        6.7356504847854201E-007   33238516.883176558             5367
   2013.0641330166272        6.7343773088961800E-007   33238547.464708112             5368
   2013.4391798974871        6.7317863219092997E-007   33238578.037872046             5369
   2013.8142267783471        6.7305156348482166E-007   33238608.596686359             5370
   2014.1892736592076        6.7279271334509305E-007   33238639.147145215             5371
   2014.5643205400672        6.7266589311053185E-007   33238669.683267608             5372
   2014.9393674209275        6.7240729111894131E-007   33238700.211046673             5373
   2015.3144143017880        6.7228071894550587E-007   33238730.724502418             5374
   2015.6894611826476        6.7202236469207854E-007   33238761.229626950             5375
   2016.0645080635079        6.7189604017019561E-007   33238791.720441282             5376
   2016.4395549443684        6.7163793324580104E-007   33238822.202936500             5377
   2016.8146018252280        6.7151185596674026E-007   33238852.671134613             5378
   2017.1896487060883        6.7125399596309363E-007   33238883.131025698             5379
   2017.5646955869483        6.7112816551896694E-007   33238913.576632753             5380
   2017.9397424678084        6.7087055202862380E-007   33238944.013944846             5381
   2018.3147893486687        6.7074496801238273E-007   33238974.436985977             5382
   2018.6898362295285        6.7048760062873667E-007   33239004.851744179             5383
   2019.0648831103888        6.7036226263417238E-007   33239035.252244461             5384
   2019.4399299912491        6.7010514095145449E-007   33239065.644473843             5385
   2019.8149768721089        6.6998004857319491E-007   33239096.022458334             5386
   2020.1900237529692        6.6972317218647145E-007   33239126.392183930             5387
   2020.5650706338292        6.6959832501997650E-007   33239156.747677639             5388
   2020.9401175146893        6.6934169352514723E-007   33239187.094924435             5389
   2021.3151643955496        6.6921709116670968E-007   33239217.427952338             5390
   2021.6902112764096        6.6896070416050368E-007   33239247.752745301             5391
   2022.0652581572697        6.6883634620724554E-007   33239278.063332334             5392
   2022.4403050381300        6.6858020328722222E-007   33239308.365696374             5393
   2022.8153519189896        6.6845608933709412E-007   33239338.653867450             5394
   2023.1903987998501        6.6820019010163958E-007   33239368.933827449             5395
   2023.5654456807104        6.6807631975341725E-007   33239399.199607421             5396
   2023.9404925615700        6.6782066380174355E-007   33239429.457188234             5397
   2024.3155394424305        6.6769703665502776E-007   33239459.700601935             5398
   2024.6905863232905        6.6744162358716817E-007   33239489.935828365             5399
   2025.0656332041503        6.6731823924238201E-007   33239520.156900581             5400
   2025.4406800850109        6.6706306865919058E-007   33239550.369797405             5401
   2025.8157269658705        6.6693992671757583E-007   33239580.568552889             5402
   2026.1907738467307        6.6668499822072653E-007   33239610.759144839             5403
   2026.5658207275912        6.6656209828434234E-007   33239640.935608316             5404
   2026.9408676084508        6.6630741147632460E-007   33239671.103920095             5405
   2027.3159144893111        6.6618475314804668E-007   33239701.258116245             5406
   2027.6909613701712        6.6593030763216672E-007   33239731.404172510             5407
   2028.0660082510312        6.6580789051568475E-007   33239761.536125980             5408
   2028.4410551318915        6.6555368589606001E-007   33239791.659951363             5409
   2028.8161020127516        6.6543150959587579E-007   33239821.769686759             5410
   2029.1911488936116        6.6517754547743549E-007   33239851.871305849             5411
   2029.5661957744719        6.6505560959886014E-007   33239881.958847746             5412
   2029.9412426553317        6.6480188558734189E-007   33239912.038285095             5413
   2030.3162895361920        6.6468018973649450E-007   33239942.103658028             5414
   2030.6913364170523        6.6442670543844261E-007   33239972.160938159             5415
   2031.0663832979121        6.6430524922224897E-007   33240002.204166621             5416
   2031.4414301787724        6.6405200424501369E-007   33240032.239314012             5417
   2031.8164770596325        6.6393078727120289E-007   33240062.260422476             5418
   2032.1915239404925        6.6367778122293798E-007   33240092.273461573             5419
   2032.5665708213528        6.6355680310004252E-007   33240122.272474460             5420
   2032.9416177022124        6.6330403558970189E-007   33240152.263429668             5421
   2033.3166645830729        6.6318329592705260E-007   33240182.240371376             5422
   2033.6917114639332        6.6293076656438848E-007   33240212.209267076             5423
   2034.0667583447928        6.6281026497211589E-007   33240242.164161958             5424
   2034.4418052256533        6.6255797336767946E-007   33240272.111022487             5425
   2034.8168521065136        6.6243770945670947E-007   33240302.043894868             5426
   2035.1918989873732        6.6218565522184602E-007   33240331.968744524             5427
   2035.5669458682337        6.6206562860389968E-007   33240361.879618689             5428
   2035.9419927490937        6.6181381135074901E-007   33240391.782481737             5429
   2036.3170396299536        6.6169402163833882E-007   33240421.671381924             5430
   2036.6920865108141        6.6144244097983070E-007   33240451.552282598             5431
   2037.0671333916737        6.6132288778626038E-007   33240481.419233028             5432
   2037.4421802725340        6.6107154333611550E-007   33240511.278195526             5433
   2037.8172271533945        6.6095222627547632E-007   33240541.123220377             5434
   2038.1922740342541        6.6070111764820330E-007   33240570.960268855             5435
   2038.5673209151144        6.6058203633537383E-007   33240600.783392265             5436
   2038.9423677959744        6.6033116314626387E-007   33240630.598550849             5437
   2039.3174146768345        6.6021231719690863E-007   33240660.399796925             5438
   2039.6924615576947        6.5996167906203896E-007   33240690.193089701             5439
   2040.0675084385548        6.5984306809260301E-007   33240719.972482521             5440
   2040.4425553194149        6.5959266462883384E-007   33240749.743933544             5441
   2040.8176022002751        6.5947428825654416E-007   33240779.501497138             5442
   2041.1926490811350        6.5922411908151528E-007   33240809.251130421             5443
   2041.5676959619952        6.5910597692437906E-007   33240838.986888792             5444
   2041.9427428428555        6.5885604165650617E-007   33240868.714728322             5445
   2042.3177897237154        6.5873813333330703E-007   33240898.428705432             5446
   2042.6928366045756        6.5848843159178506E-007   33240928.134775158             5447
   2043.0678834854357        6.5837075672208079E-007   33240957.826994937             5448
   2043.4429303662957        6.5812128812687657E-007   33240987.511318777             5449
   2043.8179772471560        6.5800384633099948E-007   33241017.181805123             5450
   2044.1930241280156        6.5775461050285336E-007   33241046.844406944             5451
   2044.5680710088761        6.5763740140190792E-007   33241076.493183717             5452
   2044.9431178897364        6.5738839796233011E-007   33241106.134087361             5453
   2045.3181647705960        6.5727142117818971E-007   33241135.761178389             5454
   2045.6932116514565        6.5702264974946176E-007   33241165.380407669             5455
   2046.0682585323168        6.5690590490476728E-007   33241194.985836737             5456
   2046.4433054131764        6.5665736510993548E-007   33241224.583415426             5457
   2046.8183522940369        6.5654085182809461E-007   33241254.167206295             5458
   2047.1933991748970        6.5629254329096939E-007   33241283.743158132             5459
   2047.5684460557568        6.5617626119615476E-007   33241313.305334520             5460
   2047.9434929366173        6.5592818354131281E-007   33241342.859683208             5461
   2048.3185398174769        6.5581213225845760E-007   33241372.400268801             5462
   2048.6935866983372        6.5556428511123444E-007   33241401.933038004             5463
   2049.0686335791975        6.5544846426603362E-007   33241431.452056460             5464
   2049.4436804600573        6.5520084725252497E-007   33241460.963269815             5465
   2049.8187273409176        6.5508525647143172E-007   33241490.460744742             5466
   2050.1937742217779        6.5483786921849194E-007   33241519.950425848             5467
   2050.5688211026377        6.5472250812871520E-007   33241549.426380835             5468
   2050.9438679834980        6.5447535026395303E-007   33241578.894553263             5469
   2051.3189148643582        6.5436021849345751E-007   33241608.349011853             5470
   2051.6939617452181        6.5411328964523734E-007   33241637.795699127             5471
   2052.0690086260784        6.5399838682274182E-007   33241667.228684839             5472
   2052.4440555069382        6.5375168662017980E-007   33241696.653910451             5473
   2052.8191023877985        6.5363701237515246E-007   33241726.065446764             5474
   2053.1941492686587        6.5339054044811511E-007   33241755.469234187             5475
   2053.5691961495186        6.5327609441077578E-007   33241784.859344542             5476
   2053.9442430303789        6.5302985038987752E-007   33241814.241717201             5477
   2054.3192899112387        6.5291563219119279E-007   33241843.610425014             5478
   2054.6943367920990        6.5266961570779620E-007   33241872.971406300             5479
   2055.0693836729592        6.5255562497947901E-007   33241902.318734944             5480
   2055.4444305538191        6.5230983566569048E-007   33241931.658348218             5481
   2055.8194774346794        6.5219607204019841E-007   33241960.984321039             5482
   2056.1945243155396        6.5195050952886832E-007   33241990.302589633             5483
   2056.5695711963995        6.5183697263940084E-007   33242019.607229941             5484
   2056.9446180772597        6.5159163656412127E-007   33242048.904177137             5485
   2057.3196649581200        6.5147832604461838E-007   33242078.187508207             5486
   2057.6947118389799        6.5123321603972067E-007   33242107.463157270             5487
   2058.0697587198401        6.5112013152486139E-007   33242136.725202341             5488
   2058.4448056007000        6.5087524722541556E-007   33242165.979576491             5489
   2058.8198524815602        6.5076238835061554E-007   33242195.220358774             5490
   2059.1948993624205        6.5051772939242592E-007   33242224.453481205             5491
   2059.5699462432804        6.5040509579383696E-007   33242253.673023868             5492
   2059.9449931241406        6.5016066181344392E-007   33242282.884917732             5493
   2060.3200400050009        6.5004825312795030E-007   33242312.083243921             5494
   2060.6950868858607        6.4980404376262724E-007   33242341.273932349             5495
   2061.0701337667210        6.4969185962784529E-007   33242370.451065164             5496
   2061.4451806475809        6.4944787451559499E-007   33242399.620571233             5497
   2061.8202275284411        6.4933591456987161E-007   33242428.776533756             5498
   2062.1952744093014        6.4909215334942774E-007   33242457.924880527             5499
   2062.5703212901608        6.4898041723183732E-007   33242487.059695791             5500
   2062.9453681710215        6.4873687954266021E-007   33242516.186906293             5501
   2063.3204150518818        6.4862536689300400E-007   33242545.300597306             5502
   2063.6954619327412        6.4838205237528008E-007   33242574.406694524             5503
   2064.0705088136019        6.4827076283408492E-007   33242603.499284264             5504
   2064.4455556944622        6.4802767112872294E-007   33242632.584291149             5505
   2064.8206025753216        6.4791660433723829E-007   33242661.655802548             5506
   2065.1956494561823        6.4767373508587016E-007   33242690.719742030             5507
   2065.5706963370421        6.4756289068606621E-007   33242719.770197995             5508
   2065.9457432179020        6.4732024353104454E-007   33242748.813092958             5509
   2066.3207900987627        6.4720962116561187E-007   33242777.842516363             5510
   2066.6958369796221        6.4696719575000820E-007   33242806.864389665             5511
   2067.0708838604824        6.4685679506235505E-007   33242835.872803349             5512
   2067.4459307413431        6.4661459102995709E-007   33242864.873677816             5513
   2067.8209776222025        6.4650441166420860E-007   33242893.861104589             5514
   2068.1960245030627        6.4626242865952075E-007   33242922.841003004             5515
   2068.5710713839230        6.4615247026051569E-007   33242951.807465639             5516
   2068.9461182647829        6.4591070792875491E-007   33242980.766410768             5517
   2069.3211651456431        6.4580097014204430E-007   33243009.711932000             5518
   2069.6962120265034        6.4555942812913950E-007   33243038.649946559             5519
   2070.0712589073632        6.4544991060098575E-007   33243067.574549105             5520
   2070.4463057882235        6.4520858855357638E-007   33243096.491655789             5521
   2070.8213526690834        6.4509929093095151E-007   33243125.395362318             5522
   2071.1963995499436        6.4485818849638641E-007   33243154.291583788             5523
   2071.5714464308039        6.4474911042697067E-007   33243183.174416941             5524
   2071.9464933116637        6.4450822725330501E-007   33243212.049775817             5525
   2072.3215401925240        6.4439936838548455E-007   33243240.911758207             5526
   2072.6965870733843        6.4415870412147747E-007   33243269.766277090             5527
   2073.0716339542441        6.4405006410434252E-007   33243298.607431289             5528
   2073.4466808351044        6.4380961839945813E-007   33243327.441132732             5529
   2073.8217277159642        6.4370119688280196E-007   33243356.261481293             5530
   2074.1967745968245        6.4346096938720516E-007   33243385.074387822             5531
   2074.5718214776848        6.4335276602152091E-007   33243413.873953253             5532
   2074.9468683585446        6.4311275638607818E-007   33243442.666087370             5533
   2075.3219152394049        6.4300477082255864E-007   33243471.444892149             5534
   2075.6969621202652        6.4276497869883143E-007   33243500.216276314             5535
   2076.0720090011250        6.4265721058936892E-007   33243528.974342890             5536
   2076.4470558819853        6.4241763562961865E-007   33243557.724999532             5537
   2076.8221027628456        6.4231008462679890E-007   33243586.462350320             5538
   2077.1971496437054        6.4207072648398252E-007   33243615.192301840             5539
   2077.5721965245657        6.4196339224108711E-007   33243643.908959221             5540
   2077.9472434054255        6.4172425056885316E-007   33243672.618227981             5541
   2078.3222902862858        6.4161713273985630E-007   33243701.314214304             5542
   2078.6973371671461        6.4137820719254663E-007   33243730.002822638             5543
   2079.0723840480059        6.4127130543211353E-007   33243758.678160220             5544
   2079.4474309288662        6.4103259566475893E-007   33243787.346130438             5545
   2079.8224778097260        6.4092590962824375E-007   33243816.000841569             5546
   2080.1975246905863        6.4068741529656502E-007   33243844.648195930             5547
   2080.5725715714466        6.4058094464000959E-007   33243873.282302864             5548
   2080.9476184523064        6.4034266540041334E-007   33243901.909063611             5549
   2081.3226653331667        6.4023640978054781E-007   33243930.522588562             5550
   2081.6977122140270        6.3999834529012683E-007   33243959.128777903             5551
   2082.0727590948868        6.3989230436436344E-007   33243987.721743066             5552
   2082.4478059757471        6.3965445428089386E-007   33244016.307383165             5553
   2082.8228528566074        6.3954862770732797E-007   33244044.879810698             5554
   2083.1978997374672        6.3931099168926789E-007   33244073.444923706             5555
   2083.5729466183275        6.3920537912667683E-007   33244101.996835735             5556
   2083.9479934991873        6.3896795683316380E-007   33244130.541443758             5557
   2084.3230403800476        6.3886255794100421E-007   33244159.072862376             5558
   2084.6980872609079        6.3862534903185655E-007   33244187.596987490             5559
   2085.0731341417672        6.3852016347026304E-007   33244216.107934758             5560
   2085.4481810226280        6.3828316760597618E-007   33244244.611599017             5561
   2085.8232279034883        6.3817819503575970E-007   33244273.102096967             5562
   2086.1982747843476        6.3794141187750362E-007   33244301.585322376             5563
   2086.5733216652084        6.3783665196015115E-007   33244330.055393007             5564
   2086.9483685460687        6.3760008116976956E-007   33244358.518201556             5565
   2087.3234154269280        6.3749553356744032E-007   33244386.967866842             5566
   2087.6984623077888        6.3725917480745157E-007   33244415.410280481             5567
   2088.0735091886486        6.3715483918297636E-007   33244443.839562353             5568
   2088.4485560695084        6.3691869211656818E-007   33244472.261602998             5569
   2088.8236029503691        6.3681456813344866E-007   33244500.670523360             5570
   2089.1986498312285        6.3657863242447835E-007   33244529.072212905             5571
   2089.5736967120888        6.3647471974688406E-007   33244557.460793633             5572
   2089.9487435929495        6.3623899505987606E-007   33244585.842153933             5573
   2090.3237904738089        6.3613529335264380E-007   33244614.210416865             5574
   2090.6988373546692        6.3589977935278897E-007   33244642.571469743             5575
   2091.0738842355295        6.3579628828142013E-007   33244670.919436689             5576
   2091.4489311163893        6.3556098463457403E-007   33244699.260203950             5577
   2091.8239779972496        6.3545770386523503E-007   33244727.587896693             5578
   2092.1990248781099        6.3522261023791582E-007   33244755.908400096             5579
   2092.5740717589697        6.3511953943743440E-007   33244784.215840388             5580
   2092.9491186398300        6.3488465549682249E-007   33244812.516101658             5581
   2093.3241655206898        6.3478179433268772E-007   33244840.803311210             5582
   2093.6992124015501        6.3454711974662286E-007   33244869.083352059             5583
   2094.0742592824104        6.3444446788698205E-007   33244897.350352556             5584
   2094.4493061632702        6.3421000232396265E-007   33244925.610194642             5585
   2094.8243530441305        6.3410755943762094E-007   33244953.857007746             5586
   2095.1993999249908        6.3387330256680238E-007   33244982.096672721             5587
   2095.5744468058506        6.3377106832322137E-007   33245010.323320050             5588
   2095.9494936867109        6.3353701981441348E-007   33245038.542829517             5589
   2096.3245405675707        6.3343499388370940E-007   33245066.749332670             5590
   2096.6995874484310        6.3320115340737613E-007   33245094.948708203             5591
   2097.0746343292913        6.3309933546031788E-007   33245123.135088738             5592
   2097.4496812101511        6.3286570268757540E-007   33245151.314351894             5593
   2097.8247280910114        6.3276409239558321E-007   33245179.480631344             5594
   2098.1997749718716        6.3253066699819767E-007   33245207.639803633             5595
   2098.5748218527315        6.3242926403334158E-007   33245235.786003500             5596
   2098.9498687335918        6.3219604568372871E-007   33245263.925106406             5597
   2099.3249156144520        6.3209484971872726E-007   33245292.051248159             5598
   2099.6999624953119        6.3186183808995076E-007   33245320.170303136             5599
   2100.0750093761721        6.3176084879816899E-007   33245348.276408222             5600
   2100.4500562570320        6.3152804356393769E-007   33245376.375436697             5601
   2100.8251031378923        6.3142726061938638E-007   33245404.461526513             5602
   2101.2001500187525        6.3119466145405349E-007   33245432.540549882             5603
   2101.5751968996124        6.3109408453138666E-007   33245460.606645815             5604
   2101.9502437804726        6.3086169110994987E-007   33245488.665685445             5605
   2102.3252906613325        6.3076131988446348E-007   33245516.711808838             5606
   2102.7003375421928        6.3052913188256137E-007   33245544.750886049             5607
   2103.0753844230530        6.3042896603019288E-007   33245572.777058225             5608
   2103.4504313039129        6.3019698312410375E-007   33245600.796194330             5609
   2103.8254781847731        6.3009702232142974E-007   33245628.802436572             5610
   2104.2005250656334        6.2986524418806982E-007   33245656.801652841             5611
   2104.5755719464933        6.2976548811230455E-007   33245684.787986413             5612
   2104.9506188273535        6.2953391442922787E-007   33245712.767304089             5613
   2105.3256657082138        6.2943436275822164E-007   33245740.733750209             5614
   2105.7007125890736        6.2920299320361825E-007   33245768.693190496             5615
   2106.0757594699339        6.2910364561585672E-007   33245796.639770370             5616
   2106.4508063507938        6.2887247986854942E-007   33245824.579354461             5617
   2106.8258532316540        6.2877333604315100E-007   33245852.506089251             5618
   2107.2009001125143        6.2854237378259605E-007   33245880.425838284             5619
   2107.5759469933737        6.2844343339931134E-007   33245908.332749128             5620
   2107.9509938742344        6.2821267430559593E-007   33245936.232684236             5621
   2108.3260407550947        6.2811393704480520E-007   33245964.119792242             5622
   2108.7010876359541        6.2788338079864578E-007   33245991.999934513             5623
   2109.0761345168148        6.2778484634135918E-007   33246019.867260750             5624
   2109.4511813976746        6.2755449262409983E-007   33246047.727631245             5625
   2109.8262282785345        6.2745616065195419E-007   33246075.575196769             5626
   2110.2012751593952        6.2722600914556676E-007   33246103.415816519             5627
   2110.5763220402550        6.2712787934082500E-007   33246131.243642345             5628
   2110.9513689211149        6.2689792972790548E-007   33246159.064532351             5629
   2111.3264158019756        6.2680000177345435E-007   33246186.872639462             5630
   2111.7014626828350        6.2657025373722343E-007   33246214.673820700             5631
   2112.0765095636953        6.2647252731657362E-007   33246242.462230060             5632
   2112.4515564445560        6.2624298054087340E-007   33246270.243723471             5633
   2112.8266033254154        6.2614545533815753E-007   33246298.012456000             5634
   2113.2016502062756        6.2591610950745109E-007   33246325.774282496             5635
   2113.5766970871359        6.2581878520742033E-007   33246353.523359101             5636
   2113.9517439679958        6.2558964000679087E-007   33246381.265539560             5637
   2114.3267908488560        6.2549251629481547E-007   33246408.994981106             5638
   2114.7018377297159        6.2526357140996306E-007   33246436.717536390             5639
   2115.0768846105761        6.2516664797203107E-007   33246464.427363709             5640
   2115.4519314914369        6.2493790308927293E-007   33246492.130314637             5641
   2115.8269783722963        6.2484117961198831E-007   33246519.820548549             5642
   2116.2020252531565        6.2461263441825640E-007   33246547.503915917             5643
   2116.5770721340173        6.2451611058883677E-007   33246575.174577195             5644
   2116.9521190148766        6.2428776477167706E-007   33246602.838381767             5645
   2117.3271658957369        6.2419144027795351E-007   33246630.489491161             5646
   2117.7022127765972        6.2396329352552319E-007   33246658.133753672             5647
   2118.0772596574570        6.2386716805593793E-007   33246685.765331909             5648
   2118.4523065383173        6.2363922005700566E-007   33246713.390073068             5649
   2118.8273534191771        6.2354329330061058E-007   33246741.002140839             5650
   2119.2024003000374        6.2331554374455454E-007   33246768.607381325             5651
   2119.5774471808977        6.2321981539101064E-007   33246796.199959289             5652
   2119.9524940617575        6.2299226396781688E-007   33246823.785719741             5653
   2120.3275409426178        6.2289673370739258E-007   33246851.358828537             5654
   2120.7025878234781        6.2266938010765352E-007   33246878.925129581             5655
   2121.0776347043379        6.2257404763122268E-007   33246906.478789810             5656
   2121.4526815851982        6.2234689154613541E-007   33246934.025652040             5657
   2121.8277284660585        6.2225175654517600E-007   33246961.559884276             5658
   2122.2027753469183        6.2202479766654176E-007   33246989.087328244             5659
   2122.5778222277786        6.2192985983313528E-007   33247016.602153033             5660
   2122.9528691086384        6.2170309785335745E-007   33247044.110199276             5661
   2123.3279159894987        6.2160835688018744E-007   33247071.605637144             5662
   2123.7029628703590        6.2138179149226930E-007   33247099.094306163             5663
   2124.0780097512188        6.2128724707261899E-007   33247126.570377588             5664
   2124.4530566320791        6.2106087797016521E-007   33247154.039689858             5665
   2124.8281035129389        6.2096652979791593E-007   33247181.496415306             5666
   2125.2031503937992        6.2074035667512857E-007   33247208.946391270             5667
   2125.5781972746595        6.2064620444475936E-007   33247236.383791164             5668
   2125.9532441555193        6.2042022699643655E-007   33247263.814451240             5669
   2126.3282910363796        6.2032627040302306E-007   33247291.232545990             5670
   2126.7033379172399        6.2010048832455811E-007   33247318.643910561             5671
   2127.0783847980997        6.2000672706377061E-007   33247346.042720541             5672
   2127.4534316789600        6.1978114005115186E-007   33247373.434809968             5673
   2127.8284785598198        6.1968757381925270E-007   33247400.814355522             5674
   2128.2035254406801        6.1946218156906012E-007   33247428.187190138             5675
   2128.5785723215404        6.1936881006290542E-007   33247455.547491580             5676
   2128.9536192024002        6.1914361227231045E-007   33247482.901091684             5677
   2129.3286660832605        6.1905043518934523E-007   33247510.242169302             5678
   2129.7037129641208        6.1882543155610967E-007   33247537.576555170             5679
   2130.0787598449806        6.1873244859436934E-007   33247564.898429222             5680
   2130.4538067258409        6.1850763881684295E-007   33247592.213621099             5681
   2130.8288536067012        6.1841484967494905E-007   33247619.516311813             5682
   2131.2039004875610        6.1819023345206922E-007   33247646.812329911             5683
   2131.5789473684213        6.1809763782923113E-007   33247674.095857494             5684
   2131.9539942492811        6.1787321486051948E-007   33247701.372722004             5685
   2132.3290411301414        6.1778081245653170E-007   33247728.637106627             5686
   2132.7040880110017        6.1755658244209558E-007   33247755.894837707             5687
   2133.0791348918610        6.1746437295733575E-007   33247783.140099518             5688
   2133.4541817727218        6.1724033559786591E-007   33247810.378717296             5689
   2133.8292286535820        6.1714831873329371E-007   33247837.604876410             5690
   2134.2042755344414        6.1692447373006195E-007   33247864.824400995             5691
   2134.5793224153022        6.1683264918721908E-007   33247892.031477500             5692
   2134.9543692961624        6.1660899624207691E-007   33247919.231928963             5693
   2135.3294161770218        6.1651736372308421E-007   33247946.419942923             5694
   2135.7044630578825        6.1629390253846301E-007   33247973.601341307             5695
   2136.0795099387424        6.1620246174601946E-007   33248000.770312753             5696
   2136.4545568196022        6.1597919202492767E-007   33248027.932678085             5697
   2136.8296037004629        6.1588794266230977E-007   33248055.082627021             5698
   2137.2046505813223        6.1566486410833267E-007   33248082.225979287             5699
   2137.5796974621826        6.1557380587939261E-007   33248109.356925696             5700
   2137.9547443430433        6.1535091819669048E-007   33248136.481284861             5701
   2138.3297912239027        6.1526005080585443E-007   33248163.593248684             5702
   2138.7048381047630        6.1503735369916102E-007   33248190.698634677             5703
   2139.0798849856233        6.1494667685142815E-007   33248217.791635837             5704
   2139.4549318664831        6.1472417002605000E-007   33248244.878068570             5705
   2139.8299787473434        6.1463368342699101E-007   33248271.952126961             5706
   2140.2050256282037        6.1441136658880493E-007   33248299.019626308             5707
   2140.5800725090635        6.1432106994456177E-007   33248326.074761793             5708
   2140.9551193899238        6.1409894280001441E-007   33248353.123347607             5709
   2141.3301662707836        6.1400883581729747E-007   33248380.159580022             5710
   2141.7052131516439        6.1378689807340437E-007   33248407.189272128             5711
   2142.0802600325042        6.1369698045949166E-007   33248434.206621289             5712
   2142.4553069133640        6.1347523182383618E-007   33248461.217439476             5713
   2142.8303537942243        6.1338550328657195E-007   33248488.215925161             5714
   2143.2054006750845        6.1316394346730170E-007   33248515.207889203             5715
   2143.5804475559444        6.1307440371509624E-007   33248542.187531166             5716
   2143.9554944368047        6.1285303242092368E-007   33248569.160660803             5717
   2144.3305413176645        6.1276368116275055E-007   33248596.121478766             5718
   2144.7055881985248        6.1254249810295163E-007   33248623.075793710             5719
   2145.0806350793850        6.1245333504834672E-007   33248650.017807379             5720
   2145.4556819602449        6.1223233993276003E-007   33248676.953327313             5721
   2145.8307288411052        6.1214336479182175E-007   33248703.876556356             5722
   2146.2057757219654        6.1192255733084493E-007   33248730.793300942             5723
   2146.5808226028253        6.1183376981423086E-007   33248757.697765008             5724
   2146.9558694836855        6.1161314971882164E-007   33248784.595753871             5725
   2147.3309163645454        6.1152454953774755E-007   33248811.481472570             5726
   2147.7059632454057        6.1130411651942218E-007   33248838.360725317             5727
   2148.0810101262659        6.1121570338566159E-007   33248865.227718242             5728
   2148.4560570071258        6.1099545715649229E-007   33248892.088254448             5729
   2148.8311038879860        6.1090723078237566E-007   33248918.936541162             5730
   2149.2061507688463        6.1068717105499052E-007   33248945.778380375             5731
   2149.5811976497062        6.1059913115340238E-007   33248972.607980415             5732
   2149.9562445305664        6.1037925764098429E-007   33248999.431142151             5733
   2150.3312914114263        6.1029140392536248E-007   33249026.242075019             5734
   2150.7063382922865        6.1007171634164649E-007   33249053.046578780             5735
   2151.0813851731468        6.0998404852598155E-007   33249079.838863961             5736
   2151.4564320540067        6.0976454658525498E-007   33249106.624729212             5737
   2151.8314789348669        6.0967706438408834E-007   33249133.398386158             5738
   2152.2065258157272        6.0945774780118770E-007   33249160.165632337             5739
   2152.5815726965870        6.0937045092961167E-007   33249186.920680471             5740
   2152.9566195774473        6.0915131941992351E-007   33249213.669326987             5741
   2153.3316664583076        6.0906420759357696E-007   33249240.405785717             5742
   2153.7067133391674        6.0884526087303618E-007   33249267.135851961             5743
   2154.0817602200277        6.0875833380810664E-007   33249293.853740651             5744
   2154.4568071008875        6.0853957159319343E-007   33249320.565245979             5745
   2154.8318539817478        6.0845282900641412E-007   33249347.264583979             5746
   2155.2069008626081        6.0823425101415530E-007   33249373.957547724             5747
   2155.5819477434675        6.0814769262280368E-007   33249400.638354350             5748
   2155.9569946243282        6.0792929857077020E-007   33249427.312795822             5749
   2156.3320415051885        6.0784292409266772E-007   33249453.975090370             5750
   2156.7070883860479        6.0762471369897284E-007   33249480.631028838             5751
   2157.0821352669086        6.0753852285248359E-007   33249507.274830569             5752
   2157.4571821477689        6.0732049583578182E-007   33249533.912285287             5753
   2157.8322290286283        6.0723448833981124E-007   33249560.537613437             5754
   2158.2072759094890        6.0701664441929856E-007   33249587.156603634             5755
   2158.5823227903488        6.0693081999329071E-007   33249613.763477422             5756
   2158.9573696712087        6.0671315888870213E-007   33249640.364022296             5757
   2159.3324165520694        6.0662751725264020E-007   33249666.952460904             5758
   2159.7074634329288        6.0641003868424806E-007   33249693.534579623             5759
   2160.0825103137890        6.0632457955865235E-007   33249720.104602206             5760
   2160.4575571946498        6.0610728324726560E-007   33249746.668313917             5761
   2160.8326040755092        6.0602200635319357E-007   33249773.219939608             5762
   2161.2076509563694        6.0580489202015763E-007   33249799.765263423             5763
   2161.5826978372297        6.0571979707920055E-007   33249826.298511334             5764
   2161.9577447180895        6.0550286444639460E-007   33249852.825466353             5765
   2162.3327915989498        6.0541795118067770E-007   33249879.340355556             5766
   2162.7078384798097        6.0520119997051389E-007   33249905.848960843             5767
   2163.0828853606699        6.0511646810269455E-007   33249932.345510397             5768
   2163.4579322415302        6.0489989803811667E-007   33249958.835784990             5769
   2163.8329791223900        6.0481534729138430E-007   33249985.314013910             5770
   2164.2080260032503        6.0459895809586775E-007   33250011.785976820             5771
   2164.5830728841106        6.0451458819394108E-007   33250038.245904118             5772
   2164.9581197649704        6.0429837959149002E-007   33250064.699574333             5773
   2165.3331666458307        6.0421419025861704E-007   33250091.141218971             5774
   2165.7082135266910        6.0399816197376343E-007   33250117.576615456             5775
   2166.0832604075508        6.0391415293471985E-007   33250143.999996394             5776
   2166.4583072884111        6.0369830469252368E-007   33250170.417138077             5777
   2166.8333541692709        6.0361447567261121E-007   33250196.822274227             5778
   2167.2084010501312        6.0339880719865742E-007   33250223.221180018             5779
   2167.5834479309915        6.0331515792370323E-007   33250249.608090278             5780
   2167.9584948118513        6.0309966894410192E-007   33250275.988779057             5781
   2168.3335416927116        6.0301619914045774E-007   33250302.357482295             5782
   2168.7085885735714        6.0280088938184173E-007   33250328.719972923             5783
   2169.0836354544317        6.0271759877638157E-007   33250355.070487984             5784
   2169.4586823352920        6.0250246796590608E-007   33250381.414799284             5785
   2169.8337292161518        6.0241935628602562E-007   33250407.747144978             5786
   2170.2087760970121        6.0220440415136777E-007   33250434.073295761             5787
   2170.5838229778724        6.0212147112498319E-007   33250460.387490887             5788
   2170.9588698587322        6.0190669739433932E-007   33250486.695499923             5789
   2171.3339167395925        6.0182394274988582E-007   33250512.991563249             5790
   2171.7089636204528        6.0160934715197128E-007   33250539.281449292             5791
   2172.0840105013126        6.0152677061840298E-007   33250565.559399553             5792
   2172.4590573821729        6.0131235288245034E-007   33250591.831181332             5793
   2172.8341042630327        6.0122995418923741E-007   33250618.091037236             5794
   2173.2091511438930        6.0101571404499617E-007   33250644.344733451             5795
   2173.5841980247533        6.0093349292212579E-007   33250670.586513691             5796
   2173.9592449056131        6.0071943009985967E-007   33250696.822143015             5797
   2174.3342917864734        6.0063738627783232E-007   33250723.045866251             5798
   2174.7093386673337        6.0042350050831963E-007   33250749.263447333             5799
   2175.0843855481935        6.0034163371815004E-007   33250775.469132200             5800
   2175.4594324290538        6.0012792473268175E-007   33250801.668683667             5801
   2175.8344793099141        6.0004623470589595E-007   33250827.856348779             5802
   2176.2095261907739        5.9983270223627497E-007   33250854.037889220             5803
   2176.5845730716342        5.9975118870491091E-007   33250880.207553159             5804
   2176.9596199524940        5.9953783248345099E-007   33250906.371101156             5805
   2177.3346668333543        5.9945649518005696E-007   33250932.522782482             5806
   2177.7097137142146        5.9924331493957978E-007   33250958.668356575             5807
   2178.0847605950739        5.9916215359721228E-007   33250984.802073829             5808
   2178.4598074759347        5.9894914907104942E-007   33251010.929692537             5809
   2178.8348543567949        5.9886816342327181E-007   33251037.045464218             5810
   2179.2099012376543        5.9865533434526159E-007   33251063.155146044             5811
   2179.5849481185151        5.9857452412614522E-007   33251089.252990637             5812
   2179.9599949993749        5.9836187023063100E-007   33251115.344754044             5813
   2180.3350418802347        5.9828123517475154E-007   33251141.424690012             5814
   2180.7100887610954        5.9806875619658226E-007   33251167.498553440             5815
   2181.0851356419553        5.9798829603901977E-007   33251193.560599212             5816
   2181.4601825228151        5.9777599171354729E-007   33251219.616581094             5817
   2181.8352294036758        5.9769570618988552E-007   33251245.660755072             5818
   2182.2102762845352        5.9748357625296483E-007   33251271.698873796             5819
   2182.5853231653955        5.9740346509928948E-007   33251297.725194369             5820
   2182.9603700462562        5.9719150928727661E-007   33251323.745468300             5821
   2183.3354169271156        5.9711157224017377E-007   33251349.753953818             5822
   2183.7104638079759        5.9689979028992502E-007   33251375.756401308             5823
   2184.0855106888362        5.9682002708648012E-007   33251401.747070104             5824
   2184.4605575696960        5.9660841873535131E-007   33251427.731709465             5825
   2184.8356044505563        5.9652882911314835E-007   33251453.704579849             5826
   2185.2106513314161        5.9631739409899328E-007   33251479.671429373             5827
   2185.5856982122764        5.9623797779611421E-007   33251505.626519624             5828
   2185.9607450931367        5.9602671585728281E-007   33251531.575597588             5829
   2186.3357919739965        5.9594747261230596E-007   33251557.512925960             5830
   2186.7108388548568        5.9573638348764451E-007   33251583.444250602             5831
   2187.0858857357171        5.9565731303964233E-007   33251609.363835331             5832
   2187.4609326165769        5.9544639646849202E-007   33251635.277424868             5833
   2187.8359794974372        5.9536749855703226E-007   33251661.179284155             5834
   2188.2110263782974        5.9515675427922629E-007   33251687.075156786             5835
   2188.5860732591573        5.9507802864436936E-007   33251712.959308814             5836
   2188.9611201400176        5.9486745640023462E-007   33251738.837482702             5837
   2189.3361670208774        5.9478890278253243E-007   33251764.703945633             5838
   2189.7112139017377        5.9457850231288702E-007   33251790.564438924             5839
   2190.0862607825979        5.9450012045338285E-007   33251816.413230881             5840
   2190.4613076634578        5.9428989149953497E-007   33251842.256061696             5841
   2190.8363545443181        5.9421168113976095E-007   33251868.087200787             5842
   2191.2114014251783        5.9400162344350710E-007   33251893.912387215             5843
   2191.5864483060382        5.9392358432548463E-007   33251919.725891523             5844
   2191.9614951868984        5.9371369762911070E-007   33251945.533451639             5845
   2192.3365420677583        5.9363582949534865E-007   33251971.329339225             5846
   2192.7115889486186        5.9342611354162608E-007   33251997.119291075             5847
   2193.0866358294788        5.9334841613511835E-007   33252022.897579968             5848
   2193.4616827103387        5.9313887066730606E-007   33252048.669941563             5849
   2193.8367295911989        5.9306134373153317E-007   33252074.430649776             5850
   2194.2117764720592        5.9285196849337277E-007   33252100.185439117             5851
   2194.5868233529191        5.9277461177229921E-007   33252125.928584632             5852
   2194.9618702337793        5.9256540650801693E-007   33252151.665819693             5853
   2195.3369171146392        5.9248821974608968E-007   33252177.391420465             5854
   2195.7119639954994        5.9227918420039445E-007   33252203.111119192             5855
   2196.0870108763597        5.9220216714254309E-007   33252228.819193158             5856
   2196.4620577572196        5.9199330106062528E-007   33252254.521373473             5857
   2196.8371046380798        5.9191645345226019E-007   33252280.211938541             5858
   2197.2121515189401        5.9170775657978956E-007   33252305.896618336             5859
   2197.5871983997999        5.9163107816680117E-007   33252331.569692396             5860
   2197.9622452806602        5.9142255024992800E-007   33252357.236889549             5861
   2198.3372921615201        5.9134604077868448E-007   33252382.892490461             5862
   2198.7123390423803        5.9113768156403695E-007   33252408.542222820             5863
   2199.0873859232406        5.9106134078138471E-007   33252434.180368416             5864
   2199.4624328041004        5.9085315001606717E-007   33252459.812653806             5865
   2199.8374796849607        5.9077697766932972E-007   33252485.433361907             5866
   2200.2125265658210        5.9056895510092381E-007   33252511.048218127             5867
   2200.5875734466804        5.9049295093790036E-007   33252536.651506517             5868
   2200.9626203275411        5.9028509631446164E-007   33252562.248951349             5869
   2201.3376672084014        5.9020926008342439E-007   33252587.834837791             5870
   2201.7127140892608        5.9000157315348327E-007   33252613.414888982             5871
   2202.0877609701215        5.8992590460317926E-007   33252638.983391222             5872
   2202.4628078509813        5.8971838511573883E-007   33252664.546066497             5873
   2202.8378547318412        5.8964288399538712E-007   33252690.097202245             5874
   2203.2129016127019        5.8943553169992223E-007   33252715.642519314             5875
   2203.5879484935613        5.8936019775921284E-007   33252741.176306266             5876
   2203.9629953744216        5.8915301240566899E-007   33252766.704282805             5877
   2204.3380422552823        5.8907784539476267E-007   33252792.220738623             5878
   2204.7130891361417        5.8887082673355577E-007   33252817.731392290             5879
   2205.0881360170019        5.8879582640308199E-007   33252843.230534624             5880
   2205.4631828978627        5.8858897418509490E-007   33252868.723883051             5881
   2205.8382297787221        5.8851414028615208E-007   33252894.205729518             5882
   2206.2132766595823        5.8830745426273732E-007   33252919.681790315             5883
   2206.5883235404426        5.8823278654688964E-007   33252945.146358512             5884
   2206.9633704213024        5.8802626646986539E-007   33252970.605149258             5885
   2207.3384173021627        5.8795176468914459E-007   33252996.052456763             5886
   2207.7134641830226        5.8774541031079426E-007   33253021.493995015             5887
   2208.0885110638828        5.8767107421769604E-007   33253046.924059369             5888
   2208.4635579447431        5.8746488529076797E-007   33253072.348362669             5889
   2208.8386048256029        5.8739071463825284E-007   33253097.761201400             5890
   2209.2136517064632        5.8718469091595889E-007   33253123.168287262             5891
   2209.5886985873235        5.8711068545744921E-007   33253148.563917868             5892
   2209.9637454681833        5.8690482669346405E-007   33253173.953803781             5893
   2210.3387923490436        5.8683098618284455E-007   33253199.332243737             5894
   2210.7138392299039        5.8662529213130321E-007   33253224.704947162             5895
   2211.0888861107637        5.8655161632292089E-007   33253250.066213928             5896
   2211.4639329916240        5.8634608673841876E-007   33253275.421752311             5897
   2211.8389798724838        5.8627257538707843E-007   33253300.765863314             5898
   2212.2140267533441        5.8606721002467105E-007   33253326.104254071             5899
   2212.5890736342044        5.8599386288563727E-007   33253351.431226712             5900
   2212.9641205150642        5.8578866150083832E-007   33253376.752487238             5901
   2213.3391673959245        5.8571547832983366E-007   33253402.062338911             5902
   2213.7142142767848        5.8551044067861401E-007   33253427.366486572             5903
   2214.0892611576446        5.8543742123181782E-007   33253452.659234632             5904
   2214.4643080385049        5.8523254707060425E-007   33253477.946286779             5905
   2214.8393549193647        5.8515969110465137E-007   33253503.221948557             5906
   2215.2144018002250        5.8495498019032700E-007   33253528.491922516             5907
   2215.5894486810853        5.8488228746230679E-007   33253553.750515331             5908
   2215.9644955619451        5.8467773955220801E-007   33253579.003428400             5909
   2216.3395424428054        5.8460520981966450E-007   33253604.244969536             5910
   2216.7145893236657        5.8440082467158150E-007   33253629.480838992             5911
   2217.0896362045255        5.8432845769251090E-007   33253654.705345713             5912
   2217.4646830853858        5.8412423506468608E-007   33253679.924188808             5913
   2217.8397299662456        5.8405203059753653E-007   33253705.131678361             5914
   2218.2147768471059        5.8384797024866280E-007   33253730.333512332             5915
   2218.5898237279662        5.8377592805233272E-007   33253755.524001937             5916
   2218.9648706088260        5.8357202974155392E-007   33253780.708843984             5917
   2219.3399174896863        5.8350014957539183E-007   33253805.882350836             5918
   2219.7149643705466        5.8329641306230086E-007   33253831.050218146             5919
   2220.0900112514064        5.8322469468610440E-007   33253856.206759416             5920
   2220.4650581322667        5.8302111973074212E-007   33253881.357669152             5921
   2220.8401050131265        5.8294956290475619E-007   33253906.497261990             5922
   2221.2151518939868        5.8274614926761186E-007   33253931.631231286             5923
   2221.5901987748471        5.8267475375252805E-007   33253956.753892817             5924
   2221.9652456557069        5.8247150119453625E-007   33253981.870938789             5925
   2222.3402925365672        5.8240026675149243E-007   33254006.976686120             5926
   2222.7153394174275        5.8219717503403287E-007   33254032.076825861             5927
   2223.0903862982868        5.8212610142461161E-007   33254057.165676069             5928
   2223.4654331791476        5.8192317030950824E-007   33254082.248926647             5929
   2223.8404800600078        5.8185225729573522E-007   33254107.320896786             5930
   2224.2155269408672        5.8164948654525608E-007   33254132.387275249             5931
   2224.5905738217280        5.8157873388959975E-007   33254157.442382358             5932
   2224.9656207025878        5.8137612326645449E-007   33254182.491905726             5933
   2225.3406675834476        5.8130553073182598E-007   33254207.530166820             5934
   2225.7157144643083        5.8110307999916513E-007   33254232.562852088             5935
   2226.0907613451677        5.8103264734891635E-007   33254257.584284149             5936
   2226.4658082260285        5.8083035627033185E-007   33254282.600148305             5937
   2226.8408551068887        5.8076008326825327E-007   33254307.604768302             5938
   2227.2159019877481        5.8055795160777582E-007   33254332.603828289             5939
   2227.5909488686088        5.8048783801809837E-007   33254357.591653168             5940
   2227.9659957494687        5.8028586554019722E-007   33254382.573925920             5941
   2228.3410426303285        5.8021591112758972E-007   33254407.544972595             5942
   2228.7160895111892        5.8001409759717131E-007   33254432.510475028             5943
   2229.0911363920491        5.7994430212673840E-007   33254457.464760397             5944
   2229.4661832729089        5.7974264730914675E-007   33254482.413509391             5945
   2229.8412301537696        5.7967301054642992E-007   33254507.351050328             5946
   2230.2162770346290        5.7947151420744337E-007   33254532.283062749             5947
   2230.5913239154893        5.7940203591841917E-007   33254557.203876108             5948
   2230.9663707963500        5.7920069782425061E-007   33254582.119168796             5949
   2231.3414176772094        5.7913137777532990E-007   33254607.023271404             5950
   2231.7164645580697        5.7893019769262618E-007   33254631.921861175             5951
   2232.0915114389300        5.7886103565065236E-007   33254656.809269845             5952
   2232.4665583197898        5.7866001334649382E-007   33254681.691173490             5953
   2232.8416052006501        5.7859100907874214E-007   33254706.561905004             5954
   2233.2166520815099        5.7839014432063942E-007   33254731.427139305             5955
   2233.5916989623702        5.7832129759481735E-007   33254756.281210423             5956
   2233.9667458432305        5.7812059015071243E-007   33254781.129792124             5957
   2234.3417927240903        5.7805190073495707E-007   33254805.967219587             5958
   2234.7168396049506        5.7785135037322212E-007   33254830.799165420             5959
   2235.0918864858108        5.7778281803609899E-007   33254855.619965948             5960
   2235.4669333666707        5.7758242452553521E-007   33254880.435292616             5961
   2235.8419802475310        5.7751404903604010E-007   33254905.239482898             5962
   2236.2170271283912        5.7731381214587504E-007   33254930.038207088             5963
   2236.5920740092511        5.7724559327343014E-007   33254954.825803798             5964
   2236.9671208901113        5.7704551277331850E-007   33254979.607942164             5965
   2237.3421677709712        5.7697745028777329E-007   33255004.378961951             5966
   2237.7172146518315        5.7677752594779707E-007   33255029.144531138             5967
   2238.0922615326917        5.7670961961942511E-007   33255053.898990627             5968
   2238.4673084135516        5.7650985121009155E-007   33255078.648007251             5969
   2238.8423552944118        5.7644210080959170E-007   33255103.385923054             5970
   2239.2174021752717        5.7624248810183014E-007   33255128.118403710             5971
   2239.5924490561320        5.7617489340032542E-007   33255152.839792408             5972
   2239.9674959369922        5.7597543616548992E-007   33255177.555753659             5973
   2240.3425428178521        5.7590799693452580E-007   33255202.260631815             5974
   2240.7175896987123        5.7570869494439265E-007   33255226.960090220             5975
   2241.0926365795726        5.7564141095593610E-007   33255251.648474365             5976
   2241.4676834604325        5.7544226398270288E-007   33255276.331446446             5977
   2241.8427303412927        5.7537513500914217E-007   33255301.003353104             5978
   2242.2177772221530        5.7517614282542606E-007   33255325.669855375             5979
   2242.5928241030128        5.7510916863956982E-007   33255350.325301036             5980
   2242.9678709838731        5.7491033101840919E-007   33255374.975349974             5981
   2243.3429178647330        5.7484351139348361E-007   33255399.614351116             5982
   2243.7179647455932        5.7464482810833462E-007   33255424.247963183             5983
   2244.0930116264535        5.7457816281798517E-007   33255448.870536253             5984
   2244.4680585073133        5.7437963364272127E-007   33255473.487727888             5985
   2244.8431053881736        5.7431312246101135E-007   33255498.093889318             5986
   2245.2181522690339        5.7411474716992239E-007   33255522.694676936             5987
   2245.5931991498937        5.7404838987133042E-007   33255547.284443133             5988
   2245.9682460307540        5.7385016823912248E-007   33255571.868843134             5989
   2246.3432929116143        5.7378396459854204E-007   33255596.442230485             5990
   2246.7183397924741        5.7358589640033708E-007   33255621.010259245             5991
   2247.0933866733344        5.7351984619307702E-007   33255645.567284103             5992
   2247.4684335541942        5.7332193120440993E-007   33255670.118957974             5993
   2247.8434804350545        5.7325603420619254E-007   33255694.659636687             5994
   2248.2185273159148        5.7305827220301167E-007   33255719.194971994             5995
   2248.5935741967742        5.7299252818997102E-007   33255743.719320886             5996
   2248.9686210776349        5.7279491894863660E-007   33255768.238333944             5997
   2249.3436679584952        5.7272932769731989E-007   33255792.746369306             5998
   2249.7187148393546        5.7253187099460389E-007   33255817.249076400             5999
   2250.0937617202153        5.7246643228196829E-007   33255841.740814511             6000
   2250.4688086010751        5.7226912789505245E-007   33255866.227231901             6001
   2250.8438554819350        5.7220384149846614E-007   33255890.702689018             6002
   2251.2189023627957        5.7200668920494174E-007   33255915.172832955             6003
   2251.5939492436555        5.7194155490218120E-007   33255939.632025305             6004
   2251.9689961245153        5.7174455448004852E-007   33255964.085912012             6005
   2252.3440430053761        5.7167957204929772E-007   33255988.528855812             6006
   2252.7190898862355        5.7148272327696501E-007   33256012.966501482             6007
   2253.0941367670957        5.7141789249681579E-007   33256037.393212922             6008
   2253.4691836479565        5.7122119515309723E-007   33256061.814633735             6009
   2253.8442305288158        5.7115651580254799E-007   33256086.225128982             6010
   2254.2192774096761        5.7095996966666487E-007   33256110.630341101             6011
   2254.5943242905364        5.7089544152511891E-007   33256135.024636298             6012
   2254.9693711713962        5.7069904637669633E-007   33256159.413655858             6013
   2255.3444180522565        5.7063466922396246E-007   33256183.791767135             6014
   2255.7194649331163        5.7043842484302999E-007   33256208.164610248             6015
   2256.0945118139766        5.7037419845932032E-007   33256232.526553713             6016
   2256.4695586948369        5.7017810462631156E-007   33256256.883236468             6017
   2256.8446055756967        5.7011402879224084E-007   33256281.229028195             6018
   2257.2196524565570        5.6991808528799099E-007   33256305.569566671             6019
   2257.5946993374173        5.6985415978457600E-007   33256329.899222724             6020
   2257.9697462182771        5.6965836639032240E-007   33256354.223632969             6021
   2258.3447930991374        5.6959459099898090E-007   33256378.537169389             6022
   2258.7198399799977        5.6939894749636151E-007   33256402.845467437             6023
   2259.0948868608575        5.6933532199891200E-007   33256427.142900243             6024
   2259.4699337417178        5.6913982816996366E-007   33256451.435102094             6025
   2259.8449806225776        5.6907635234862411E-007   33256475.716447283             6026
   2260.2200275034379        5.6888100797578343E-007   33256499.992568932             6027
   2260.5950743842982        5.6881768161316941E-007   33256524.257842485             6028
   2260.9701212651580        5.6862248647927124E-007   33256548.517899889             6029
   2261.3451681460183        5.6855930935839630E-007   33256572.767117757             6030
   2261.7202150268781        5.6836426324667166E-007   33256597.011126865             6031
   2262.0952619077384        5.6830123515094673E-007   33256621.244304985             6032
   2262.4703087885987        5.6810633784502360E-007   33256645.472281720             6033
   2262.8453556694585        5.6804345855825506E-007   33256669.689436000             6034
   2263.2204025503188        5.6784870984215676E-007   33256693.901396267             6035
   2263.5954494311791        5.6778597914854549E-007   33256718.102542598             6036
   2263.9704963120389        5.6759137880668965E-007   33256742.298502281             6037
   2264.3455431928992        5.6752879649083137E-007   33256766.483656541             6038
   2264.7205900737595        5.6733434430802969E-007   33256790.663631491             6039
   2265.0956369546193        5.6727191015491292E-007   33256814.832809526             6040
   2265.4706838354796        5.6707760591637002E-007   33256838.996815588             6041
   2265.8457307163394        5.6701531971137609E-007   33256863.150033228             6042
   2266.2207775971997        5.6682116320268781E-007   33256887.298086222             6043
   2266.5958244780600        5.6675902473158938E-007   33256911.435359273             6044
   2266.9708713589198        5.6656501573874322E-007   33256935.567474995             6045
   2267.3459182397801        5.6650302478770439E-007   33256959.688819248             6046
   2267.7209651206404        5.6630916309707831E-007   33256983.805013470             6047
   2268.0960120015002        5.6624731945265197E-007   33257007.910444692             6048
   2268.4710588823605        5.6605360485101317E-007   33257032.010733176             6049
   2268.8461057632203        5.6599190830014140E-007   33257056.100267109             6050
   2269.2211526440806        5.6579834057464659E-007   33257080.184665591             6051
   2269.5961995249409        5.6573679090465965E-007   33257104.258317959             6052
   2269.9712464058007        5.6554336984285232E-007   33257128.326842144             6053
   2270.3462932866610        5.6548196684146851E-007   33257152.384628657             6054
   2270.7213401675212        5.6528869223128030E-007   33257176.437294245             6055
   2271.0963870483806        5.6522743568660395E-007   33257200.479230583             6056
   2271.4714339292414        5.6503430731635043E-007   33257224.516053248             6057
   2271.8464808101016        5.6497319701687254E-007   33257248.542155076             6058
   2272.2215276909610        5.6478021467525656E-007   33257272.563150469             6059
   2272.5965745718217        5.6471925040985216E-007   33257296.573433425             6060
   2272.9716214526816        5.6452641388595977E-007   33257320.578617182             6061
   2273.3466683335414        5.6446559544388791E-007   33257344.573096890             6062
   2273.7217152144021        5.6427290452718908E-007   33257368.562484615             6063
   2274.0967620952615        5.6421223169809220E-007   33257392.541176677             6064
   2274.4718089761218        5.6401968617844027E-007   33257416.514783967             6065
   2274.8468558569825        5.6395915875234281E-007   33257440.477703959             6066
   2275.2219027378419        5.6376675841997272E-007   33257464.435546380             6067
   2275.5969496187022        5.6370637618727988E-007   33257488.382709865             6068
   2275.9719964995629        5.6351412083280709E-007   33257512.324802969             6069
   2276.3470433804223        5.6345388358430713E-007   33257536.256225489             6070
   2276.7220902612826        5.6326177299872829E-007   33257560.182584804             6071
   2277.0971371421429        5.6320168052558714E-007   33257584.098281875             6072
   2277.4721840230027        5.6300971450027781E-007   33257608.008922905             6073
   2277.8472309038630        5.6294976659404140E-007   33257631.908910029             6074
   2278.2222777847228        5.6275794492075546E-007   33257655.803848267             6075
   2278.5973246655831        5.6269814137334783E-007   33257679.688140918             6076
   2278.9723715464434        5.6250646384421715E-007   33257703.567391831             6077
   2279.3474184273032        5.6244680444794010E-007   33257727.436005466             6078
   2279.7224653081635        5.6225527085547421E-007   33257751.299584504             6079
   2280.0975121890237        5.6219575540300520E-007   33257775.152534563             6080
   2280.4725590698836        5.6200436554009005E-007   33257799.000457153             6081
   2280.8476059507439        5.6194499382448315E-007   33257822.837759055             6082
   2281.2226528316041        5.6175374748437896E-007   33257846.670040600             6083
   2281.5976997124640        5.6169451929906381E-007   33257870.491709743             6084
   2281.9727465933242        5.6150341627540604E-007   33257894.308365636             6085
   2282.3477934741841        5.6144433141418515E-007   33257918.114417393             6086
   2282.7228403550444        5.6125337150098290E-007   33257941.915462993             6087
   2283.0978872359046        5.6119442975803227E-007   33257965.705912724             6088
   2283.4729341167645        5.6100361274966766E-007   33257989.491363384             6089
   2283.8479809976247        5.6094481391953635E-007   33258013.266226426             6090
   2284.2230278784850        5.6075413961076356E-007   33258037.036097471             6091
   2284.5980747593449        5.6069548348837274E-007   33258060.795389138             6092
   2284.9731216402051        5.6050495167431672E-007   33258084.549695875             6093
   2285.3481685210650        5.6044643805495790E-007   33258108.293431461             6094
   2285.7232154019252        5.6025604853111494E-007   33258132.032189172             6095
   2286.0982622827855        5.6019767721044977E-007   33258155.760383964             6096
   2286.4733091636454        5.6000742977268631E-007   33258179.483607918             6097
   2286.8483560445056        5.5994920054674621E-007   33258203.196277160             6098
   2287.2234029253659        5.5975909499129565E-007   33258226.903982606             6099
   2287.5984498062257        5.5970100765648099E-007   33258250.601141542             6100
   2287.9734966870860        5.5951104377994681E-007   33258274.293343704             6101
   2288.3485435679459        5.5945309813302505E-007   33258297.975007549             6102
   2288.7235904488061        5.5926327573237800E-007   33258321.651721634             6103
   2289.0986373296664        5.5920547157048317E-007   33258345.317905582             6104
   2289.4736842105262        5.5901579044306034E-007   33258368.979146775             6105
   2289.8487310913865        5.5895812756369376E-007   33258392.629866008             6106
   2290.2237779722468        5.5876858750719679E-007   33258416.275649477             6107
   2290.5988248531066        5.5871106570822484E-007   33258439.910919148             6108
   2290.9738717339669        5.5852166652072151E-007   33258463.541260041             6109
   2291.3489186148267        5.5846428560037406E-007   33258487.161095288             6110
   2291.7239654956870        5.5827502708029698E-007   33258510.776008733             6111
   2292.0990123765473        5.5821778683716940E-007   33258534.380424675             6112
   2292.4740592574067        5.5802866878331406E-007   33258557.979925778             6113
   2292.8491061382674        5.5797156901636392E-007   33258581.568937507             6114
   2293.2241530191277        5.5778259122788779E-007   33258605.153041355             6115
   2293.5991998999871        5.5772563173643563E-007   33258628.726663958             6116
   2293.9742467808478        5.5753679401285904E-007   33258652.295385614             6117
   2294.3492936617081        5.5747997459658558E-007   33258675.853634141             6118
   2294.7243405425675        5.5729127673779064E-007   33258699.406988665             6119
   2295.0993874234282        5.5723459719673872E-007   33258722.949878160             6120
   2295.4744343042880        5.5704603900296605E-007   33258746.487880573             6121
   2295.8494811851479        5.5698949913753745E-007   33258770.015426047             6122
   2296.2245280660086        5.5680108040938850E-007   33258793.538091362             6123
   2296.5995749468680        5.5674468002034529E-007   33258817.050307825             6124
   2296.9746218277282        5.5655640055877897E-007   33258840.557651024             6125
   2297.3496687085890        5.5650013944724045E-007   33258864.054553449             6126
   2297.7247155894484        5.5631199905357556E-007   33258887.546589509             6127
   2298.0997624703086        5.5625587702101945E-007   33258911.028192863             6128
   2298.4748093511689        5.5606787549693083E-007   33258934.504936732             6129
   2298.8498562320287        5.5601189234519133E-007   33258957.971255951             6130
   2299.2249031128890        5.5582402949270971E-007   33258981.432722554             6131
   2299.5999499937493        5.5576818502397774E-007   33259004.883772559             6132
   2299.9749968746091        5.5558046064549054E-007   33259028.329976823             6133
   2300.3500437554694        5.5552475466231171E-007   33259051.765772514             6134
   2300.7250906363292        5.5533716856056147E-007   33259075.196729321             6135
   2301.1001375171895        5.5528160086583598E-007   33259098.617285583             6136
   2301.4751843980498        5.5509415284391846E-007   33259122.033009801             6137
   2301.8502312789096        5.5503872324090152E-007   33259145.438341502             6138
   2302.2252781597699        5.5485141310226717E-007   33259168.838847995             6139
   2302.6003250406302        5.5479612139456497E-007   33259192.228969976             6140
   2302.9753719214900        5.5460894894301682E-007   33259215.614273570             6141
   2303.3504188023503        5.5455379493458889E-007   33259238.989200655             6142
   2303.7254656832101        5.5436675997428160E-007   33259262.359316166             6143
   2304.1005125640704        5.5431174346943970E-007   33259285.719063159             6144
   2304.4755594449307        5.5412484580487891E-007   33259309.074005388             6145
   2304.8506063257905        5.5406996660828530E-007   33259332.418587074             6146
   2305.2256532066508        5.5388320604432721E-007   33259355.758370798             6147
   2305.6007000875111        5.5382846396099362E-007   33259379.087801944             6148
   2305.9757469683709        5.5364184030284501E-007   33259402.412441913             6149
   2306.3507938492312        5.5358723513813365E-007   33259425.726737272             6150
   2306.7258407300915        5.5340074819134901E-007   33259449.036248226             6151
   2307.1008876109513        5.5334627975096948E-007   33259472.335422523             6152
   2307.4759344918116        5.5315992932145119E-007   33259495.629819185             6153
   2307.8509813726714        5.5310559741146216E-007   33259518.913887128             6154
   2308.2260282535317        5.5291938330546077E-007   33259542.193184193             6155
   2308.6010751343920        5.5286518773226651E-007   33259565.462160479             6156
   2308.9761220152518        5.5267910975637972E-007   33259588.726372633             6157
   2309.3511688961121        5.5262505032673188E-007   33259611.980271924             6158
   2309.7262157769719        5.5243910828790256E-007   33259635.229413822             6159
   2310.1012626578322        5.5238518480889903E-007   33259658.468250778             6160
   2310.4763095386925        5.5219937851441576E-007   33259681.702337068             6161
   2310.8513564195523        5.5214559079349863E-007   33259704.926126320             6162
   2311.2264033004126        5.5195992005099472E-007   33259728.145171620             6163
   2311.6014501812729        5.5190626789594956E-007   33259751.353927784             6164
   2311.9764970621327        5.5172073251340210E-007   33259774.557946704             6165
   2312.3515439429930        5.5166721573235784E-007   33259797.751684375             6166
   2312.7265908238533        5.5148181551808604E-007   33259820.940691505             6167
   2313.1016377047131        5.5142843391951540E-007   33259844.119425252             6168
   2313.4766845855734        5.5124316868218139E-007   33259867.293435153             6169
   2313.8517314664332        5.5118992207489834E-007   33259890.457179543             6170
   2314.2267783472935        5.5100479162350636E-007   33259913.616206761             6171
   2314.6018252281538        5.5095167981666634E-007   33259936.764976326             6172
   2314.9768721090131        5.5076668396056102E-007   33259959.909035396             6173
   2315.3519189898739        5.5071370676366017E-007   33259983.042844664             6174
   2315.7269658707341        5.5052884531252677E-007   33260006.171950098             6175
   2316.1020127515935        5.5047600253540110E-007   33260029.290813562             6176
   2316.4770596324543        5.5029127529926358E-007   33260052.404979847             6177
   2316.8521065133145        5.5023856675208740E-007   33260075.508911997             6178
   2317.2271533941739        5.5005397354130873E-007   33260098.608153604             6179
   2317.6022002750346        5.5000139903459507E-007   33260121.697168898             6180
   2317.9772471558945        5.4981693965987651E-007   33260144.781500284             6181
   2318.3522940367543        5.4976449900447645E-007   33260167.855613168             6182
   2318.7273409176150        5.4958017327685586E-007   33260190.925048772             6183
   2319.1023877984744        5.4952786628395696E-007   33260213.984273680             6184
   2319.4774346793347        5.4934367401480879E-007   33260237.038827918             6185
   2319.8524815601954        5.4929150049593510E-007   33260260.083179250             6186
   2320.2275284410548        5.4910744149697017E-007   33260283.122866519             6187
   2320.6025753219151        5.4905540126398096E-007   33260306.152358666             6188
   2320.9776222027754        5.4887147534724478E-007   33260329.177193344             6189
   2321.3526690836352        5.4881956821233378E-007   33260352.191840682             6190
   2321.7277159644955        5.4863577519020622E-007   33260375.201837130             6191
   2322.1027628453558        5.4858400096590186E-007   33260398.201654006             6192
   2322.4778097262156        5.4840034065109673E-007   33260421.196826573             6193
   2322.8528566070763        5.4834869915026084E-007   33260444.181827318             6194
   2323.2279034879357        5.4816517135582507E-007   33260467.162190326             6195
   2323.6029503687960        5.4811366239165141E-007   33260490.132389262             6196
   2323.9779972496567        5.4793026693096425E-007   33260513.097957015             6197
   2324.3530441305161        5.4787889031697958E-007   33260536.053368438             6198
   2324.7280910113764        5.4769562700375149E-007   33260559.004155222             6199
   2325.1031378922366        5.4764438255381249E-007   33260581.944793407             6200
   2325.4781847730965        5.4746125120208522E-007   33260604.880813498             6201
   2325.8532316539568        5.4741013873038071E-007   33260627.806692705             6202
   2326.2282785348166        5.4722713915452518E-007   33260650.727960352             6203
   2326.6033254156769        5.4717615847557326E-007   33260673.639094826             6204
   2326.9783722965371        5.4699329049029118E-007   33260696.545624256             6205
   2327.3534191773970        5.4694244141893870E-007   33260719.442028217             6206
   2327.7284660582573        5.4675970483926030E-007   33260742.333833646             6207
   2328.1035129391175        5.4670898719068192E-007   33260765.215521306             6208
   2328.4785598199774        5.4652638183196535E-007   33260788.092616931             6209
   2328.8536067008376        5.4647579542166428E-007   33260810.959602468             6210
   2329.2286535816979        5.4629332109959528E-007   33260833.822002470             6211
   2329.6037004625578        5.4624286574340240E-007   33260856.674300056             6212
   2329.9787473434180        5.4606052227399228E-007   33260879.522018589             6213
   2330.3537942242779        5.4601019778806376E-007   33260902.359642379             6214
   2330.7288411051381        5.4582798498765154E-007   33260925.192693584             6215
   2331.1038879859984        5.4577779118846995E-007   33260948.015657701             6216
   2331.4789348668583        5.4559570887371884E-007   33260970.834055707             6217
   2331.8539817477185        5.4554564557809172E-007   33260993.642374270             6218
   2332.2290286285784        5.4536369356599039E-007   33261016.446133178             6219
   2332.6040755094386        5.4531376059104893E-007   33261039.239820287             6220
   2332.9791223902989        5.4513193869890901E-007   33261062.028954182             6221
   2333.3541692711588        5.4508213586210852E-007   33261084.808023907             6222
   2333.7292161520190        5.4490044390756571E-007   33261107.582546860             6223
   2334.1042630328793        5.4485077102668387E-007   33261130.347013269             6224
   2334.4793099137391        5.4466920882769673E-007   33261153.106939331             6225
   2334.8543567945994        5.4461966572083469E-007   33261175.856816459             6226
   2335.2294036754597        5.4443823309568298E-007   33261198.602159664             6227
   2335.6044505563195        5.4438881958126336E-007   33261221.337461539             6228
   2335.9794974371798        5.4420751634854873E-007   33261244.068235897             6229
   2336.3545443180396        5.4415823224531325E-007   33261266.788976524             6230
   2336.7295911988999        5.4397705822395721E-007   33261289.505196035             6231
   2337.1046380797602        5.4392790335096947E-007   33261312.211389400             6232
   2337.4796849606200        5.4374685836021317E-007   33261334.913068041             6233
   2337.8547318414803        5.4369783253685652E-007   33261357.604728118             6234
   2338.2297787223406        5.4351691639626130E-007   33261380.291879848             6235
   2338.6048256032004        5.4346801944223738E-007   33261402.969020583             6236
   2338.9798724840607        5.4328723197168274E-007   33261425.641659353             6237
   2339.3549193649205        5.4323846370701175E-007   33261448.304294683             6238
   2339.7299662457808        5.4305780472669505E-007   33261470.962434415             6239
   2340.1050131266411        5.4300916497171390E-007   33261493.610578254             6240
   2340.4800600075009        5.4282863430215001E-007   33261516.254232854             6241
   2340.8551068883612        5.4278012287751355E-007   33261538.887899108             6242
   2341.2301537692215        5.4259972033953363E-007   33261561.517082464             6243
   2341.6052006500809        5.4255133706621223E-007   33261584.136285007             6244
   2341.9802475309416        5.4237106248096304E-007   33261606.751010992             6245
   2342.3552944118019        5.4232280718024260E-007   33261629.355763692             6246
   2342.7303412926613        5.4214266036918643E-007   33261651.956046160             6247
   2343.1053881735220        5.4209453286266783E-007   33261674.546362862             6248
   2343.4804350543818        5.4191451364758112E-007   33261697.132215649             6249
   2343.8554819352416        5.4186651375718025E-007   33261719.708110180             6250
   2344.2305288161024        5.4168662196015367E-007   33261742.279547106             6251
   2344.6055756969618        5.4163874950809905E-007   33261764.841033272             6252
   2344.9806225778220        5.4145898495153670E-007   33261787.398068137             6253
   2345.3556694586828        5.4141123976036996E-007   33261809.945159737             6254
   2345.7307163395421        5.4123160226698899E-007   33261832.487806324             6255
   2346.1057632204024        5.4118398415956463E-007   33261855.020517126             6256
   2346.4808101012632        5.4100447355239234E-007   33261877.548789203             6257
   2346.8558569821225        5.4095698235187623E-007   33261900.067132965             6258
   2347.2309038629828        5.4077759845425299E-007   33261922.581044283             6259
   2347.6059507438431        5.4073023398412094E-007   33261945.085034750             6260
   2347.9809976247029        5.4055097661969703E-007   33261967.584599033             6261
   2348.3560445055632        5.4050373870373568E-007   33261990.074249920             6262
   2348.7310913864230        5.4032460769647183E-007   33262012.559480887             6263
   2349.1061382672833        5.4027749615877817E-007   33262035.034805905             6264
   2349.4811851481436        5.4009849133294340E-007   33262057.505717248             6265
   2349.8562320290034        5.4005150599792327E-007   33262079.966730081             6266
   2350.2312789098637        5.3987262717809580E-007   33262102.423335478             6267
   2350.6063257907240        5.3982576787046271E-007   33262124.870049801             6268
   2350.9813726715838        5.3964701488152959E-007   33262147.312362917             6269
   2351.3564195524441        5.3960028142630507E-007   33262169.744792376             6270
   2351.7314664333044        5.3942165409345946E-007   33262192.172826849             6271
   2352.1065133141642        5.3937504631597270E-007   33262214.590985082             6272
   2352.4815601950245        5.3919654446471544E-007   33262237.004754540             6273
   2352.8566070758843        5.3915006219060144E-007   33262259.408655159             6274
   2353.2316539567446        5.3897168564673902E-007   33262281.808173217             6275
   2353.6067008376049        5.3892532870193812E-007   33262304.197829828             6276
   2353.9817477184647        5.3874707729158253E-007   33262326.583110072             6277
   2354.3567945993250        5.3870084550234064E-007   33262348.958536252             6278
   2354.7318414801848        5.3852271905190845E-007   33262371.329592261             6279
   2355.1068883610451        5.3847661224477673E-007   33262393.690801583             6280
   2355.4819352419054        5.3829861058098872E-007   33262416.047646906             6281
   2355.8569821227652        5.3825262858282177E-007   33262438.394652918             6282
   2356.2320290036255        5.3807475153270366E-007   33262460.737301104             6283
   2356.6070758844858        5.3802889417065794E-007   33262483.070117336             6284
   2356.9821227653456        5.3785114156153718E-007   33262505.398581896             6285
   2357.3571696462059        5.3780540866307347E-007   33262527.717221864             6286
   2357.7322165270657        5.3762778032257939E-007   33262550.031516314             6287
   2358.1072634079260        5.3758217171546053E-007   33262572.335993510             6288
   2358.4823102887863        5.3740466747152442E-007   33262594.636131335             6289
   2358.8573571696461        5.3735918298381393E-007   33262616.926459242             6290
   2359.2324040505064        5.3718180266466789E-007   33262639.212453909             6291
   2359.6074509313667        5.3713644212473001E-007   33262661.488645993             6292
   2359.9824978122265        5.3695918555890682E-007   33262683.760510959             6293
   2360.3575446930868        5.3691394879540627E-007   33262706.022580657             6294
   2360.7325915739470        5.3673681581173848E-007   33262728.280329362             6295
   2361.1076384548069        5.3669170265363876E-007   33262750.528290108             6296
   2361.4826853356672        5.3651469308125895E-007   33262772.771935970             6297
   2361.8577322165270        5.3646970335782300E-007   33262795.005801175             6298
   2362.2327790973873        5.3629281702616172E-007   33262817.235357594             6299
   2362.6078259782475        5.3624795056695052E-007   33262839.455140658             6300
   2362.9828728591069        5.3607118730573509E-007   33262861.670621023             6301
   2363.3579197399677        5.3602644394060725E-007   33262883.876335315             6302
   2363.7329666208279        5.3584980357986388E-007   33262906.077752993             6303
   2364.1080135016873        5.3580518313897532E-007   33262928.269411877             6304
   2364.4830603825480        5.3562866550902573E-007   33262950.456780218             6305
   2364.8581072634083        5.3558416782282777E-007   33262972.634397037             6306
   2365.2331541442677        5.3540777275429069E-007   33262994.807729382             6307
   2365.6082010251284        5.3536339765353090E-007   33263016.971317463             6308
   2365.9832479059883        5.3518712497731939E-007   33263039.130627133             6309
   2366.3582947868481        5.3514287229304095E-007   33263061.280199785             6310
   2366.7333416677088        5.3496672184036420E-007   33263083.425500069             6311
   2367.1083885485682        5.3492259140390391E-007   33263105.561070587             6312
   2367.4834354294285        5.3474656300626483E-007   33263127.692374784             6313
   2367.8584823102892        5.3470255464925392E-007   33263149.813956443             6314
   2368.2335291911486        5.3452664813844788E-007   33263171.931277815             6315
   2368.6085760720089        5.3448276169281182E-007   33263194.038883876             6316
   2368.9836229528692        5.3430697690092829E-007   33263216.142235670             6317
   2369.3586698337290        5.3426321219888384E-007   33263238.235879373             6318
   2369.7337167145893        5.3408754895830463E-007   33263260.325274829             6319
   2370.1087635954495        5.3404390583236087E-007   33263282.404969402             6320
   2370.4838104763094        5.3386836397575929E-007   33263304.480421733             6321
   2370.8588573571697        5.3382484225871784E-007   33263326.546180390             6322
   2371.2339042380295        5.3364942161905888E-007   33263348.607702795             6323
   2371.6089511188898        5.3360602114401031E-007   33263370.659538727             6324
   2371.9839979997500        5.3343072155454940E-007   33263392.707144398             6325
   2372.3590448806099        5.3338744215487693E-007   33263414.745070774             6326
   2372.7340917614702        5.3321226344915854E-007   33263436.778772876             6327
   2373.1091386423304        5.3316910495853338E-007   33263458.802802861             6328
   2373.4841855231903        5.3299404697039273E-007   33263480.822614543             6329
   2373.8592324040505        5.3295100922277514E-007   33263502.832761280             6330
   2374.2342792849104        5.3277607178633523E-007   33263524.838695675             6331
   2374.6093261657707        5.3273315461597494E-007   33263546.834972288             6332
   2374.9843730466309        5.3255833756564717E-007   33263568.827042516             6333
   2375.3594199274908        5.3251554080708118E-007   33263590.809462115             6334
   2375.7344668083510        5.3234084397756464E-007   33263612.787681278             6335
   2376.1095136892113        5.3229816746561675E-007   33263634.756256953             6336
   2376.4845605700712        5.3212359069189736E-007   33263656.720638137             6337
   2376.8596074509314        5.3208103426167884E-007   33263678.675382975             6338
   2377.2346543317913        5.3190657737902911E-007   33263700.625939246             6339
   2377.6097012126515        5.3186414086593701E-007   33263722.566866297             6340
   2377.9847480935118        5.3168980370991514E-007   33263744.503610704             6341
   2378.3597949743717        5.3164748694963215E-007   33263766.430733018             6342
   2378.7348418552319        5.3147326935608178E-007   33263788.353678606             6343
   2379.1098887360922        5.3143107218457627E-007   33263810.267009202             6344
   2379.4849356169520        5.3125697398962489E-007   33263832.176168982             6345
   2379.8599824978123        5.3121489624314878E-007   33263854.075720880             6346
   2380.2350293786722        5.3104091728320892E-007   33263875.971107855             6347
   2380.6100762595324        5.3099895879829701E-007   33263897.856894050             6348
   2380.9851231403927        5.3082509891006358E-007   33263919.738521211             6349
   2381.3601700212525        5.3078325952353498E-007   33263941.610554673             6350
   2381.7352169021128        5.3060951854398707E-007   33263963.478434987             6351
   2382.1102637829731        5.3056779809294273E-007   33263985.336728685             6352
   2382.4853106638329        5.3039417585934053E-007   33264007.190875106             6353
   2382.8603575446932        5.3035257418116367E-007   33264029.035441983             6354
   2383.2354044255535        5.3017907053104933E-007   33264050.875867449             6355
   2383.6104513064133        5.3013758746340557E-007   33264072.706720434             6356
   2383.9854981872736        5.2996420223460278E-007   33264094.533437867             6357
   2384.3605450681334        5.2992283761543693E-007   33264116.350589875             6358
   2384.7355919489937        5.2974957064604994E-007   33264138.163612176             6359
   2385.1106388298540        5.2970832431358748E-007   33264159.967076104             6360
   2385.4856857107134        5.2953517544199988E-007   33264181.766416159             6361
   2385.8607325915741        5.2949404723474647E-007   33264203.556204889             6362
   2386.2357794724344        5.2932101629962092E-007   33264225.341875579             6363
   2386.6108263532938        5.2928000605636174E-007   33264247.118001971             6364
   2386.9858732341545        5.2910709289664085E-007   33264268.890016150             6365
   2387.3609201150148        5.2906620045643889E-007   33264290.652493056             6366
   2387.7359669958742        5.2889340491134279E-007   33264312.410863563             6367
   2388.1110138767349        5.2885263011353877E-007   33264334.159703813             6368
   2388.4860607575947        5.2867995202256499E-007   33264355.904443476             6369
   2388.8611076384545        5.2863929470677724E-007   33264377.639659889             6370
   2389.2361545193153        5.2846673390970134E-007   33264399.370781511             6371
   2389.6112014001747        5.2842619391582476E-007   33264421.092386886             6372
   2389.9862482810349        5.2825375025269770E-007   33264442.809903260             6373
   2390.3612951618957        5.2821332742090395E-007   33264464.517910380             6374
   2390.7363420427550        5.2804100073205377E-007   33264486.221834283             6375
   2391.1113889236153        5.2800069490278978E-007   33264507.916255914             6376
   2391.4864358044756        5.2782848502881907E-007   33264529.606600109             6377
   2391.8614826853354        5.2778829604280741E-007   33264551.287449010             6378
   2392.2365295661957        5.2761620282459372E-007   33264572.964226238             6379
   2392.6115764470555        5.2757613052283094E-007   33264594.631515142             6380
   2392.9866233279158        5.2740415380152552E-007   33264616.294738129             6381
   2393.3616702087761        5.2736419802528231E-007   33264637.948479757             6382
   2393.7367170896359        5.2719233764231054E-007   33264659.598161221             6383
   2394.1117639704962        5.2715249823313159E-007   33264681.238368273             6384
   2394.4868108513565        5.2698075403019223E-007   33264702.874520905             6385
   2394.8618577322163        5.2694103082989372E-007   33264724.501206074             6386
   2395.2369046130766        5.2676940264895826E-007   33264746.123842556             6387
   2395.6119514939369        5.2672979549962985E-007   33264767.737018514             6388
   2395.9869983747967        5.2655828318294222E-007   33264789.346151512             6389
   2396.3620452556570        5.2651879192694493E-007   33264810.945830919             6390
   2396.7370921365168        5.2634739531701894E-007   33264832.541473087             6391
   2397.1121390173771        5.2630801979698444E-007   33264854.127668578             6392
   2397.4871858982374        5.2613673873660537E-007   33264875.709832534             6393
   2397.8622327790972        5.2609747879543624E-007   33264897.282556739             6394
   2398.2372796599575        5.2592631312766001E-007   33264918.851255115             6395
   2398.6123265408178        5.2588716860852907E-007   33264940.410520643             6396
   2398.9873734216776        5.2571611817668157E-007   33264961.965766031             6397
   2399.3624203025379        5.2567708892303171E-007   33264983.511585474             6398
   2399.7374671833982        5.2550615357070758E-007   33265005.053390466             6399
   2400.1125140642580        5.2546723942624969E-007   33265026.585776396             6400
   2400.4875609451183        5.2529641899731205E-007   33265048.114153560             6401
   2400.8626078259781        5.2525761980602594E-007   33265069.633118547             6402
   2401.2376547068384        5.2508691414460687E-007   33265091.148080438             6403
   2401.6127015876987        5.2504822975073937E-007   33265112.653637026             6404
   2401.9877484685585        5.2487763870123860E-007   33265134.155196182             6405
   2402.3627953494188        5.2483906894930518E-007   33265155.647356905             6406
   2402.7378422302786        5.2466859235638872E-007   33265177.135525849             6407
   2403.1128891111389        5.2463013709117089E-007   33265198.614303220             6408
   2403.4879359919992        5.2445977479977158E-007   33265220.089094460             6409
   2403.8629828728590        5.2442143386631675E-007   33265241.554500978             6410
   2404.2380297537193        5.2425118572163349E-007   33265263.015927006             6411
   2404.6130766345796        5.2421295896525534E-007   33265284.467975158             6412
   2404.9881235154394        5.2404282481275172E-007   33265305.916048449             6413
   2405.3631703962997        5.2400471207902905E-007   33265327.354750700             6414
   2405.7382172771599        5.2383469176443413E-007   33265348.789483719             6415
   2406.1132641580198        5.2379669289920979E-007   33265370.214852527             6416
   2406.4883110388801        5.2362678626851656E-007   33265391.636257712             6417
   2406.8633579197399        5.2358890111789759E-007   33265413.048305511             6418
   2407.2384048006002        5.2341910801736302E-007   33265434.456395302             6419
   2407.6134516814604        5.2338133642771998E-007   33265455.855134513             6420
   2407.9884985623198        5.2321165670386401E-007   33265477.249921318             6421
   2408.3635454431806        5.2317399852183131E-007   33265498.635364354             6422
   2408.7385923240408        5.2300443202143734E-007   33265520.016860574             6423
   2409.1136392049002        5.2296688709391135E-007   33265541.389019817             6424
   2409.4886860857609        5.2279743366402407E-007   33265562.757237833             6425
   2409.8637329666208        5.2276000183816193E-007   33265584.116125669             6426
   2410.2387798474806        5.2259066132608851E-007   33265605.471077848             6427
   2410.6138267283413        5.2255334244931014E-007   33265626.816706635             6428
   2410.9888736092012        5.2238411470261843E-007   33265648.158405337             6429
   2411.3639204900610        5.2234690862260413E-007   33265669.490787420             6430
   2411.7389673709217        5.2217779348912211E-007   33265690.819244981             6431
   2412.1140142517811        5.2214070005381210E-007   33265712.138392683             6432
   2412.4890611326414        5.2197169738162886E-007   33265733.453621421             6433
   2412.8641080135021        5.2193471643922298E-007   33265754.759547070             6434
   2413.2391548943615        5.2176582607668564E-007   33265776.061559286             6435
   2413.6142017752218        5.2172895747564333E-007   33265797.354275174             6436
   2413.9892486560821        5.2156017927135874E-007   33265818.643083170             6437
   2414.3642955369419        5.2152342286039876E-007   33265839.922601577             6438
   2414.7393424178022        5.2135475666323187E-007   33265861.198217630             6439
   2415.1143892986620        5.2131811229133131E-007   33265882.464550827             6440
   2415.4894361795223        5.2114955795040587E-007   33265903.726987194             6441
   2415.8644830603826        5.2111302546679753E-007   33265924.980147436             6442
   2416.2395299412424        5.2094458283149424E-007   33265946.229416363             6443
   2416.6145768221027        5.2090816208567010E-007   33265967.469415892             6444
   2416.9896237029629        5.2073983100562537E-007   33265988.705529612             6445
   2417.3646705838228        5.2070352184733334E-007   33266009.932380646             6446
   2417.7397174646831        5.2053530217244149E-007   33266031.155351371             6447
   2418.1147643455433        5.2049910445168526E-007   33266052.369066123             6448
   2418.4898112264032        5.2033099603209568E-007   33266073.578906056             6449
   2418.8648581072634        5.2029490959913539E-007   33266094.779496711             6450
   2419.2399049881233        5.2012691228525371E-007   33266115.976218037             6451
   2419.6149518689836        5.2009093699060339E-007   33266137.163696781             6452
   2419.9899987498438        5.1992305063308911E-007   33266158.347311672             6453
   2420.3650456307037        5.1988718632751777E-007   33266179.521690667             6454
   2420.7400925115639        5.1971941077728442E-007   33266200.692211278             6455
   2421.1151393924242        5.1968365731181579E-007   33266221.853502672             6456
   2421.4901862732841        5.1951599242003162E-007   33266243.010941144             6457
   2421.8652331541443        5.1948034964594175E-007   33266264.159157071             6458
   2422.2402800350046        5.1931279526402831E-007   33266285.303525522             6459
   2422.6153269158644        5.1927726303284704E-007   33266306.438678097             6460
   2422.9903737967247        5.1910981901247783E-007   33266327.569988642             6461
   2423.3654206775846        5.1907439717598731E-007   33266348.692089967             6462
   2423.7404675584448        5.1890706336908817E-007   33266369.810354702             6463
   2424.1155144393051        5.1887175177932213E-007   33266390.919416867             6464
   2424.4905613201649        5.1870452803807023E-007   33266412.024647873             6465
   2424.8656082010252        5.1866932654731491E-007   33266433.120682947             6466
   2425.2406550818851        5.1850221272413923E-007   33266454.212892294             6467
   2425.6157019627453        5.1846712118493138E-007   33266475.295912340             6468
   2425.9907488436056        5.1830011713251140E-007   33266496.375112072             6469
   2426.3657957244654        5.1826513539763679E-007   33266517.445129134             6470
   2426.7408426053257        5.1809824096890249E-007   33266538.511331290             6471
   2427.1158894861860        5.1806336889139784E-007   33266559.568357389             6472
   2427.4909363670458        5.1789658393952899E-007   33266580.621573988             6473
   2427.8659832479061        5.1786182137268163E-007   33266601.665621143             6474
   2428.2410301287659        5.1769514575110636E-007   33266622.705864195             6475
   2428.6160770096262        5.1766049254845116E-007   33266643.736944403             6476
   2428.9911238904865        5.1749392611084698E-007   33266664.764225893             6477
   2429.3661707713463        5.1745938212616721E-007   33266685.782351140             6478
   2429.7412176522066        5.1729292472645914E-007   33266706.796683047             6479
   2430.1162645330669        5.1725848981378700E-007   33266727.801865306             6480
   2430.4913114139263        5.1709214130614816E-007   33266748.803259589             6481
   2430.8663582947870        5.1705781531976263E-007   33266769.795510810             6482
   2431.2414051756473        5.1689157555861231E-007   33266790.783979420             6483
   2431.6164520565067        5.1685735835303929E-007   33266811.763311543             6484
   2431.9914989373674        5.1669122719304506E-007   33266832.738866415             6485
   2432.3665458182272        5.1665711862305684E-007   33266853.705291364             6486
   2432.7415926990871        5.1649109591913212E-007   33266874.667944409             6487
   2433.1166395799478        5.1645709583974619E-007   33266895.621474095             6488
   2433.4916864608072        5.1629118144704929E-007   33266916.571237221             6489
   2433.8667333416679        5.1625728971352923E-007   33266937.511883538             6490
   2434.2417802225282        5.1609148348746401E-007   33266958.448768631             6491
   2434.6168271033875        5.1605769995531869E-007   33266979.376543462             6492
   2434.9918739842483        5.1589200175153358E-007   33267000.300562397             6493
   2435.3669208651086        5.1585832627651605E-007   33267021.215477608             6494
   2435.7419677459679        5.1569273595090396E-007   33267042.126642242             6495
   2436.1170146268287        5.1565916838901132E-007   33267063.028709687             6496
   2436.4920615076885        5.1549368579770815E-007   33267083.927031867             6497
   2436.8671083885483        5.1546022600518025E-007   33267104.816263381             6498
   2437.2421552694091        5.1529485100456574E-007   33267125.701754939             6499
   2437.6172021502684        5.1526149883788621E-007   33267146.578162342             6500
   2437.9922490311287        5.1509623128458331E-007   33267167.450835086             6501
   2438.3672959119895        5.1506298660047726E-007   33267188.314430192             6502
   2438.7423427928488        5.1489782635135063E-007   33267209.174295928             6503
   2439.1173896737091        5.1486468900678607E-007   33267230.025090531             6504
   2439.4924365545694        5.1469963591894083E-007   33267250.872161042             6505
   2439.8674834354292        5.1466660577112726E-007   33267271.710166920             6506
   2440.2425303162895        5.1450165970191152E-007   33267292.544453982             6507
   2440.6175771971498        5.1446873660829999E-007   33267313.369682897             6508
   2440.9926240780096        5.1430389741530136E-007   33267334.191198267             6509
   2441.3676709588699        5.1427108123358195E-007   33267355.003661968             6510
   2441.7427178397297        5.1410634877462913E-007   33267375.812417388             6511
   2442.1177647205900        5.1407363936273272E-007   33267396.612127617             6512
   2442.4928116014503        5.1390901349589411E-007   33267417.408134814             6513
   2442.8678584823101        5.1387641071199180E-007   33267438.195103288             6514
   2443.2429053631704        5.1371189129557500E-007   33267458.978373978             6515
   2443.6179522440307        5.1367939499807592E-007   33267479.752612408             6516
   2443.9929991248905        5.1351498189062789E-007   33267500.523158293             6517
   2444.3680460057508        5.1348259193817951E-007   33267521.284678370             6518
   2444.7430928866106        5.1331828499848547E-007   33267542.042511135             6519
   2445.1181397674709        5.1328600124997389E-007   33267562.791324537             6520
   2445.4931866483312        5.1312180033705548E-007   33267583.536455855             6521
   2445.8682335291910        5.1308962265160514E-007   33267604.272574246             6522
   2446.2432804100513        5.1292552762472306E-007   33267625.005015768             6523
   2446.6183272909116        5.1289345586169442E-007   33267645.728450801             6524
   2446.9933741717714        5.1272946658034582E-007   33267666.448214173             6525
   2447.3684210526317        5.1269750059933702E-007   33267687.158977482             6526
   2447.7434679334915        5.1253361692325441E-007   33267707.866074335             6527
   2448.1185148143518        5.1250175658409971E-007   33267728.564177539             6528
   2448.4935616952121        5.1233797837325287E-007   33267749.258619487             6529
   2448.8686085760719        5.1230622353602222E-007   33267769.944074199             6530
   2449.2436554569322        5.1214255065061513E-007   33267790.625872836             6531
   2449.6187023377925        5.1211090117561321E-007   33267811.298690647             6532
   2449.9937492186523        5.1194733347608640E-007   33267831.967857566             6533
   2450.3687960995126        5.1191578922385293E-007   33267852.628050055             6534
   2450.7438429803724        5.1175232657088060E-007   33267873.284596823             6535
   2451.1188898612327        5.1172088740218932E-007   33267893.932175551             6536
   2451.4939367420930        5.1155752965668028E-007   33267914.576113727             6537
   2451.8689836229528        5.1152619543253911E-007   33267935.211090248             6538
   2452.2440305038131        5.1136294245563514E-007   33267955.842431381             6539
   2452.6190773846733        5.1133171303728515E-007   33267976.464817233             6540
   2452.9941242655332        5.1116856469036221E-007   33267997.083572846             6541
   2453.3691711463935        5.1113743993927752E-007   33268017.693379547             6542
   2453.7442180272537        5.1097439608394333E-007   33268038.299561162             6543
   2454.1192649081136        5.1094337586183110E-007   33268058.896800224             6544
   2454.4943117889738        5.1078043635992613E-007   33268079.490419332             6545
   2454.8693586698337        5.1074952052872389E-007   33268100.075102247             6546
   2455.2444055506940        5.1058668524232026E-007   33268120.656170346             6547
   2455.6194524315542        5.1055587366419903E-007   33268141.228308596             6548
   2455.9944993124136        5.1039314245559956E-007   33268161.796837151             6549
   2456.3695461932743        5.1036243499296054E-007   33268182.356442202             6550
   2456.7445930741346        5.1019980772469909E-007   33268202.912442680             6551
   2457.1196399549940        5.1016920424017386E-007   33268223.459525988             6552
   2457.4946868358547        5.1000668077501511E-007   33268244.003009830             6553
   2457.8697337167146        5.0997618113146532E-007   33268264.537582822             6554
   2458.2447805975744        5.0981376133240338E-007   33268285.068561461             6555
   2458.6198274784351        5.0978336539292099E-007   33268305.590635575             6556
   2458.9948743592950        5.0962104912317879E-007   33268326.109120425             6557
   2459.3699212401548        5.0959075675108422E-007   33268346.618707065             6558
   2459.7449681210155        5.0942854387411475E-007   33268367.124709532             6559
   2460.1200150018749        5.0939835493295735E-007   33268387.621820100             6560
   2460.4950618827352        5.0923624531244230E-007   33268408.115351576             6561
   2460.8701087635959        5.0920615966600002E-007   33268428.599997450             6562
   2461.2451556444553        5.0904415316584883E-007   33268449.081069306             6563
   2461.6202025253156        5.0901417067812776E-007   33268469.553261854             6564
   2461.9952494061758        5.0885226716247667E-007   33268490.021885458             6565
   2462.3702962870357        5.0882238769770972E-007   33268510.481636036             6566
   2462.7453431678960        5.0866058703092259E-007   33268530.937822733             6567
   2463.1203900487558        5.0863081045356989E-007   33268551.385142684             6568
   2463.4954369296161        5.0846911250023803E-007   33268571.828903809             6569
   2463.8704838104763        5.0843943867498572E-007   33268592.263804466             6570
   2464.2455306913362        5.0827784329992574E-007   33268612.695151336             6571
   2464.6205775721965        5.0824827209168702E-007   33268633.117644005             6572
   2464.9956244530567        5.0808677915994190E-007   33268653.536587935             6573
   2465.3706713339166        5.0805731043385514E-007   33268673.946683913             6574
   2465.7457182147768        5.0789591981069307E-007   33268694.353236195             6575
   2466.1207650956371        5.0786655343212153E-007   33268714.750946779             6576
   2466.4958119764970        5.0770526498303643E-007   33268735.145118687             6577
   2466.8708588573572        5.0767600081756753E-007   33268755.530455142             6578
   2467.2459057382171        5.0751481440827715E-007   33268775.912257943             6579
   2467.6209526190773        5.0748565232172308E-007   33268796.285231534             6580
   2467.9959994999376        5.0732456781816804E-007   33268816.654676478             6581
   2468.3710463807975        5.0729550767656556E-007   33268837.015298449             6582
   2468.7460932616577        5.0713452494491180E-007   33268857.372396778             6583
   2469.1211401425176        5.0710556661452002E-007   33268877.720678356             6584
   2469.4961870233778        5.0694468552115614E-007   33268898.065441299             6585
   2469.8712339042381        5.0691582886845748E-007   33268918.401393704             6586
   2470.2462807850980        5.0675504927999411E-007   33268938.733832467             6587
   2470.6213276659582        5.0672629417169309E-007   33268959.057466906             6588
   2470.9963745468185        5.0656561595496235E-007   33268979.377592687             6589
   2471.3714214276783        5.0653696225798662E-007   33268999.688920349             6590
   2471.7464683085386        5.0637638528004373E-007   33269019.996744335             6591
   2472.1215151893989        5.0634783286154061E-007   33269040.295776397             6592
   2472.4965620702587        5.0618735698966271E-007   33269060.591309752             6593
   2472.8716089511190        5.0615890571700198E-007   33269080.878057383             6594
   2473.2466558319788        5.0599853081868611E-007   33269101.161311273             6595
   2473.6217027128391        5.0597018055945853E-007   33269121.435785618             6596
   2473.9967495936994        5.0580990650242143E-007   33269141.706771180             6597
   2474.3717964745592        5.0578165712443734E-007   33269161.968983375             6598
   2474.7468433554195        5.0562148377661738E-007   33269182.227711741             6599
   2475.1218902362798        5.0559333514790661E-007   33269202.477672916             6600
   2475.4969371171396        5.0543326237746194E-007   33269222.724155203             6601
   2475.8719839979999        5.0540521436627433E-007   33269242.961876459             6602
   2476.2470308788602        5.0524524204158079E-007   33269263.196123771             6603
   2476.6220777597200        5.0521729451638569E-007   33269283.421616215             6604
   2476.9971246405803        5.0505742250603820E-007   33269303.643639635             6605
   2477.3721715214401        5.0502957533552262E-007   33269323.856914345             6606
   2477.7472184023004        5.0486980350833514E-007   33269344.066724960             6607
   2478.1222652831607        5.0484205656140413E-007   33269364.267793000             6608
   2478.4973121640201        5.0468238478640853E-007   33269384.465401869             6609
   2478.8723590448808        5.0465473793218489E-007   33269404.654274303             6610
   2479.2474059257411        5.0449516607862905E-007   33269424.839692470             6611
   2479.6224528066004        5.0446761918645330E-007   33269445.016380336             6612
   2479.9974996874612        5.0430814712380392E-007   33269465.189618845             6613
   2480.3725465683210        5.0428070006323245E-007   33269485.354133178             6614
   2480.7475934491808        5.0412132766117246E-007   33269505.515203048             6615
   2481.1226403300416        5.0409398030197947E-007   33269525.667554859             6616
   2481.4976872109014        5.0393470743040673E-007   33269545.816467099             6617
   2481.8727340917612        5.0390745964258112E-007   33269565.956667393             6618
   2482.2477809726220        5.0374828617160959E-007   33269586.093433000             6619
   2482.6228278534813        5.0372113782535627E-007   33269606.221492771             6620
   2482.9978747343416        5.0356206362531652E-007   33269626.346122731             6621
   2483.3729216152024        5.0353501459105545E-007   33269646.462052949             6622
   2483.7479684960617        5.0337603953249163E-007   33269666.574558228             6623
   2484.1230153769220        5.0334908968085736E-007   33269686.678369857             6624
   2484.4980622577823        5.0319021363452845E-007   33269706.778761417             6625
   2484.8731091386421        5.0316336283636963E-007   33269726.870465413             6626
   2485.2481560195024        5.0300458567324868E-007   33269746.958754189             6627
   2485.6232029003622        5.0297783379962795E-007   33269767.038361482             6628
   2485.9982497812225        5.0281915539090158E-007   33269787.114558410             6629
   2486.3732966620828        5.0279250231309460E-007   33269807.182079926             6630
   2486.7483435429426        5.0263392253016256E-007   33269827.246195927             6631
   2487.1233904238029        5.0260736811965834E-007   33269847.301642578             6632
   2487.4984373046632        5.0244888683413267E-007   33269867.353688546             6633
   2487.8734841855230        5.0242243096263356E-007   33269887.397071227             6634
   2488.2485310663833        5.0226404804633944E-007   33269907.437058058             6635
   2488.6235779472436        5.0223769058575871E-007   33269927.468387660             6636
   2488.9986248281034        5.0207940591073318E-007   33269947.496326234             6637
   2489.3736717089637        5.0205314673319627E-007   33269967.515613619             6638
   2489.7487185898235        5.0189496017168717E-007   33269987.531514797             6639
   2490.1237654706838        5.0186879914953045E-007   33270007.538770832             6640
   2490.4988123515441        5.0171071057399759E-007   33270027.542645469             6641
   2490.8738592324039        5.0168464757976885E-007   33270047.537880991             6642
   2491.2489061132642        5.0152665686288190E-007   33270067.529739924             6643
   2491.6239529941245        5.0150069176933944E-007   33270087.512965772             6644
   2491.9989998749843        5.0134279878397886E-007   33270107.492819823             6645
   2492.3740467558446        5.0131693146409070E-007   33270127.464046810             6646
   2492.7490936367044        5.0115913608334641E-007   33270147.431906797             6647
   2493.1241405175647        5.0113336641029034E-007   33270167.391145732             6648
   2493.4991873984250        5.0097566850746177E-007   33270187.347022451             6649
   2493.8742342792848        5.0094999635462467E-007   33270207.294284131             6650
   2494.2492811601451        5.0079239580322068E-007   33270227.238188371             6651
   2494.6243280410054        5.0076682104419803E-007   33270247.173483565             6652
   2494.9993749218652        5.0060931771793543E-007   33270267.105426099             6653
   2495.3744218027255        5.0058384022653172E-007   33270287.028765585             6654
   2495.7494686835853        5.0042643399933632E-007   33270306.948757172             6655
   2496.1245155644456        5.0040105364956375E-007   33270326.860151701             6656
   2496.4995624453059        5.0024374439556869E-007   33270346.768203087             6657
   2496.8746093261657        5.0021846106164721E-007   33270366.667663399             6658
   2497.2496562070260        5.0006124865519313E-007   33270386.563785322             6659
   2497.6247030878862        5.0003606221154937E-007   33270406.451322146             6660
   2497.9997499687461        4.9987894652718329E-007   33270426.335525330             6661
   2498.3747968496064        4.9985385684845096E-007   33270446.211149387             6662
   2498.7498437304662        4.9969683776092688E-007   33270466.083444536             6663
   2499.1248906113265        4.9967184472194618E-007   33270485.947166521             6664
   2499.4999374921867        4.9951492210622425E-007   33270505.807564337             6665
   2499.8749843730466        4.9949002558204130E-007   33270525.659394950             6666
   2500.2500312539069        4.9933319931328770E-007   33270545.507906109             6667
   2500.6250781347671        4.9930839917915393E-007   33270565.347856019             6668
   2501.0001250156265        4.9915166913274005E-007   33270585.184491199             6669
   2501.3751718964872        4.9912696526411228E-007   33270605.012571067             6670
   2501.7502187773475        4.9897033131561428E-007   33270624.837340925             6671
   2502.1252656582069        4.9894572358815453E-007   33270644.653561410             6672
   2502.5003125390676        4.9878918561335333E-007   33270664.466476589             6673
   2502.8753594199275        4.9876467390292692E-007   33270684.270848326             6674
   2503.2504063007873        4.9860823177780715E-007   33270704.071919460             6675
   2503.6254531816480        4.9858381596048425E-007   33270723.864453077             6676
   2504.0005000625074        4.9842746956123490E-007   33270743.653690785             6677
   2504.3755469433677        4.9840314951328879E-007   33270763.434396893             6678
   2504.7505938242284        4.9824689871630138E-007   33270783.211811781             6679
   2505.1256407050878        4.9822267431420850E-007   33270802.980700985             6680
   2505.5006875859481        4.9806651899607817E-007   33270822.746303655             6681
   2505.8757344668088        4.9804239011651729E-007   33270842.503386542             6682
   2506.2507813476682        4.9788633015404162E-007   33270862.257187564             6683
   2506.6258282285285        4.9786229667389449E-007   33270882.002474707             6684
   2507.0008751093887        4.9770633194407328E-007   33270901.744484656             6685
   2507.3759219902486        4.9768239374042357E-007   33270921.477986619             6686
   2507.7509688711089        4.9752652412045822E-007   33270941.208216053             6687
   2508.1260157519687        4.9750268107059118E-007   33270960.929943383             6688
   2508.5010626328290        4.9734690643788415E-007   33270980.648402847             6689
   2508.8761095136892        4.9732315841928568E-007   33271000.358366087             6690
   2509.2511563945491        4.9716747865144145E-007   33271020.065066107             6691
   2509.6262032754094        4.9714382554179903E-007   33271039.763275784             6692
   2510.0012501562696        4.9698824051662157E-007   33271059.458226874             6693
   2510.3762970371295        4.9696468219382281E-007   33271079.144693501             6694
   2510.7513439179897        4.9680919178931638E-007   33271098.827906180             6695
   2511.1263907988500        4.9678572813144856E-007   33271118.502640251             6696
   2511.5014376797099        4.9663033222581767E-007   33271138.174125005             6697
   2511.8764845605701        4.9660696311116777E-007   33271157.837137006             6698
   2512.2515314414300        4.9645166158281576E-007   33271177.496904317             6699
   2512.6265783222902        4.9642838688987002E-007   33271197.148204725             6700
   2513.0016252031505        4.9627317961739927E-007   33271216.796265069             6701
   2513.3766720840104        4.9624999922484321E-007   33271236.435864348             6702
   2513.7517189648706        4.9609488608705527E-007   33271256.072228171             6703
   2514.1267658457309        4.9607179987377228E-007   33271275.700136773             6704
   2514.5018127265907        4.9591678074966670E-007   33271295.324814521             6705
   2514.8768596074510        4.9589378859473847E-007   33271314.941042881             6706
   2515.2519064883109        4.9573886336351279E-007   33271334.554044992             6707
   2515.6269533691711        4.9571596514621840E-007   33271354.158603538             6708
   2516.0020002500314        4.9556113368726708E-007   33271373.759940423             6709
   2516.3770471308912        4.9553832928708316E-007   33271393.352839563             6710
   2516.7520940117515        4.9538359147999889E-007   33271412.942521632             6711
   2517.1271408926118        4.9536088077659869E-007   33271432.523771767             6712
   2517.5021877734716        4.9520623650116960E-007   33271452.101809416             6713
   2517.8772346543319        4.9518361937442299E-007   33271471.671420936             6714
   2518.2522815351917        4.9502906851063425E-007   33271491.237824541             6715
   2518.6273284160520        4.9500654484060719E-007   33271510.795807824             6716
   2519.0023752969123        4.9485208726863921E-007   33271530.350587759             6717
   2519.3774221777721        4.9482965693559354E-007   33271549.896953166             6718
   2519.7524690586324        4.9467529253582336E-007   33271569.440119792             6719
   2520.1275159394927        4.9465295542021614E-007   33271588.974877674             6720
   2520.5025628203525        4.9449868407321518E-007   33271608.506441329             6721
   2520.8776097012128        4.9447644005569863E-007   33271628.029602021             6722
   2521.2526565820726        4.9432226164223302E-007   33271647.549573038             6723
   2521.6277034629329        4.9430011060365386E-007   33271667.061146878             6724
   2522.0027503437932        4.9414602500468509E-007   33271686.569535580             6725
   2522.3777972246526        4.9412396682608420E-007   33271706.069532871             6726
   2522.7528441055133        4.9396997392276656E-007   33271725.566349562             6727
   2523.1278909863736        4.9394800848537902E-007   33271745.054780610             6728
   2523.5029378672330        4.9379410815906141E-007   33271764.540035591             6729
   2523.8779847480937        4.9377223534431531E-007   33271784.016910683             6730
   2524.2530316289540        4.9361842747653868E-007   33271803.490614235             6731
   2524.6280785098133        4.9359664716605555E-007   33271822.955943655             6732
   2525.0031253906741        4.9344293163855484E-007   33271842.418106049             6733
   2525.3781722715339        4.9342124371414840E-007   33271861.871900056             6734
   2525.7532191523937        4.9326762040885080E-007   33271881.322531551             6735
   2526.1282660332545        4.9324602475252787E-007   33271900.764800396             6736
   2526.5033129141138        4.9309249355155288E-007   33271920.203911245             6737
   2526.8783597949741        4.9307099004551171E-007   33271939.634665173             6738
   2527.2534066758349        4.9291755083117014E-007   33271959.062265601             6739
   2527.6284535566942        4.9289613935780106E-007   33271978.481514849             6740
   2528.0035004375545        4.9274279201259535E-007   33271997.897615083             6741
   2528.3785473184148        4.9272147245447979E-007   33272017.305369854             6742
   2528.7535941992746        4.9256821686110318E-007   33272036.709980112             6743
   2529.1286410801349        4.9254698910101284E-007   33272056.106250614             6744
   2529.5036879609952        4.9239382514234990E-007   33272075.499381084             6745
   2529.8787348418550        4.9237268906324728E-007   33272094.884177517             6746
   2530.2537817227158        4.9221961662237242E-007   33272114.265838392             6747
   2530.6288286035751        4.9219857210741048E-007   33272133.639170930             6748
   2531.0038754844354        4.9204559106758858E-007   33272153.009372376             6749
   2531.3789223652961        4.9202463800010908E-007   33272172.371251188             6750
   2531.7539692461555        4.9187174824479412E-007   33272191.730003379             6751
   2532.1290161270158        4.9185088650832929E-007   33272211.080438621             6752
   2532.5040630078761        4.9169808792116372E-007   33272230.427751698             6753
   2532.8791098887359        4.9167731739943498E-007   33272249.766753521             6754
   2533.2541567695962        4.9152460986425100E-007   33272269.102637630             6755
   2533.6292036504560        4.9150393044116731E-007   33272288.430216156             6756
   2534.0042505313163        4.9135131384198544E-007   33272307.754681416             6757
   2534.3792974121766        4.9133072540164474E-007   33272327.070846777             6758
   2534.7543442930364        4.9117819962267389E-007   33272346.383903306             6759
   2535.1293911738967        4.9115770204936173E-007   33272365.688665599             6760
   2535.5044380547570        4.9100526697499769E-007   33272384.990323499             6761
   2535.8794849356168        4.9098486015318757E-007   33272404.283692829             6762
   2536.2545318164771        4.9083251566801404E-007   33272423.573962193             6763
   2536.6295786973374        4.9081219948236612E-007   33272442.855948642             6764
   2537.0046255781972        4.9065994547115444E-007   33272462.134839542             6765
   2537.3796724590575        4.9063971980651575E-007   33272481.405453186             6766
   2537.7547193399173        4.9048755615422296E-007   33272500.672975697             6767
   2538.1297662207776        4.9046742089562763E-007   33272519.932226591             6768
   2538.5048131016379        4.9031534748739702E-007   33272539.188390765             6769
   2538.8798599824977        4.9029530252006488E-007   33272558.436288960             6770
   2539.2549068633580        4.9014331924122608E-007   33272577.681104843             6771
   2539.6299537442178        4.9012336445056290E-007   33272596.917660374             6772
   2540.0050006250781        4.8997147118663146E-007   33272616.151137996             6773
   2540.3800475059384        4.8995160645822785E-007   33272635.376360893             6774
   2540.7550943867982        4.8979980309490346E-007   33272654.598510265             6775
   2541.1301412676585        4.8978002831453576E-007   33272673.812410541             6776
   2541.5051881485188        4.8962831473770349E-007   33272693.023241680             6777
   2541.8802350293786        4.8960862979133228E-007   33272712.225829333             6778
   2542.2552819102389        4.8945700588706185E-007   33272731.425352234             6779
   2542.6303287910991        4.8943741066083213E-007   33272750.616637260             6780
   2543.0053756719590        4.8928587631537729E-007   33272769.804861903             6781
   2543.3804225528193        4.8926637069561840E-007   33272788.984854273             6782
   2543.7554694336791        4.8911492579541639E-007   33272808.161790635             6783
   2544.1305163145394        4.8909550966864084E-007   33272827.330500323             6784
   2544.5055631953996        4.8894415410031302E-007   33272846.496158358             6785
   2544.8806100762595        4.8892482735321660E-007   33272865.653595313             6786
   2545.2556569571198        4.8877356100356718E-007   33272884.807984974             6787
   2545.6307038379800        4.8875432352302833E-007   33272903.954159144             6788
   2546.0057507188399        4.8860314627904341E-007   33272923.097290367             6789
   2546.3807975997001        4.8858399795212384E-007   33272942.232211679             6790
   2546.7558444805604        4.8843290970097250E-007   33272961.364094391             6791
   2547.1308913614203        4.8841385041491592E-007   33272980.487772763             6792
   2547.5059382422805        4.8826285104394976E-007   33272999.608416881             6793
   2547.8809851231404        4.8824388068618084E-007   33273018.720862225             6794
   2548.2560320040006        4.8809297008293273E-007   33273037.830277648             6795
   2548.6310788848609        4.8807408854105866E-007   33273056.931499857             6796
   2549.0061257657203        4.8792326659324253E-007   33273076.029696472             6797
   2549.3811726465810        4.8790447375505157E-007   33273095.119705435             6798
   2549.7562195274413        4.8775374035056250E-007   33273114.206693124             6799
   2550.1312664083007        4.8773503610402331E-007   33273133.285498716             6800
   2550.5063132891614        4.8758439113093702E-007   33273152.361287348             6801
   2550.8813601700213        4.8756577536419891E-007   33273171.428899426             6802
   2551.2564070508811        4.8741521871077195E-007   33273190.493498854             6803
   2551.6314539317418        4.8739669131216420E-007   33273209.549927264             6804
   2552.0065008126016        4.8724622286683206E-007   33273228.603347335             6805
   2552.3815476934615        4.8722778372486428E-007   33273247.648601923             6806
   2552.7565945743222        4.8707740337624213E-007   33273266.690852467             6807
   2553.1316414551816        4.8705905237960308E-007   33273285.724943053             6808
   2553.5066883360419        4.8690876001648608E-007   33273304.756033894             6809
   2553.8817352169026        4.8689049705404260E-007   33273323.778970301             6810
   2554.2567820977620        4.8674029256540474E-007   33273342.798911244             6811
   2554.6318289786223        4.8672211752620366E-007   33273361.810703274             6812
   2555.0068758594825        4.8657200080119671E-007   33273380.819504119             6813
   2555.3819227403424        4.8655391357446233E-007   33273399.820161559             6814
   2555.7569696212026        4.8640388450241677E-007   33273418.817832090             6815
   2556.1320165020625        4.8638588497755220E-007   33273437.807364732             6816
   2556.5070633829228        4.8623594344797650E-007   33273456.793914728             6817
   2556.8821102637830        4.8621803151456190E-007   33273475.772332329             6818
   2557.2571571446429        4.8606817741714156E-007   33273494.747771550             6819
   2557.6322040255031        4.8605035296493516E-007   33273513.715083871             6820
   2558.0072509063634        4.8590058618953377E-007   33273532.679422073             6821
   2558.3822977872233        4.8588284910847021E-007   33273551.635638867             6822
   2558.7573446680835        4.8573316954512701E-007   33273570.588885795             6823
   2559.1323915489438        4.8571551972531848E-007   33273589.534016792             6824
   2559.5074384298036        4.8556592726425016E-007   33273608.476182170             6825
   2559.8824853106639        4.8554836459598419E-007   33273627.410237093             6826
   2560.2575321915238        4.8539885912758257E-007   33273646.341330636             6827
   2560.6325790723840        4.8538138350132308E-007   33273665.264319200             6828
   2561.0076259532443        4.8523196491615681E-007   33273684.184350617             6829
   2561.3826728341041        4.8521457622254358E-007   33273703.096282519             6830
   2561.7577197149644        4.8506524441135683E-007   33273722.005261507             6831
   2562.1327665958243        4.8504794254120447E-007   33273740.906146444             6832
   2562.5078134766845        4.8489869739491603E-007   33273759.804082688             6833
   2562.8828603575448        4.8488148223921466E-007   33273778.693930332             6834
   2563.2579072384046        4.8473232364891886E-007   33273797.580833502             6835
   2563.6329541192649        4.8471519509883292E-007   33273816.459653523             6836
   2564.0080010001252        4.8456612295579750E-007   33273835.335533284             6837
   2564.3830478809850        4.8454908090266621E-007   33273854.203335337             6838
   2564.7580947618453        4.8440009509833364E-007   33273873.068201333             6839
   2565.1331416427056        4.8438313943366912E-007   33273891.924995065             6840
   2565.5081885235654        4.8423423985965582E-007   33273910.778856941             6841
   2565.8832354044257        4.8421737047514543E-007   33273929.624651980             6842
   2566.2582822852855        4.8406855702324102E-007   33273948.467519365             6843
   2566.6333291661458        4.8405177381074385E-007   33273967.302325334             6844
   2567.0083760470061        4.8390304637291110E-007   33273986.134207837             6845
   2567.3834229278659        4.8388634922446084E-007   33274004.958034351             6846
   2567.7584698087262        4.8373770769283580E-007   33274023.778941583             6847
   2568.1335166895865        4.8372109650063755E-007   33274042.591798242             6848
   2568.5085635704463        4.8357254076752878E-007   33274061.401739795             6849
   2568.8836104513066        4.8355601542396087E-007   33274080.203636184             6850
   2569.2586573321664        4.8340754538184833E-007   33274099.002621636             6851
   2569.6337042130267        4.8339110577946071E-007   33274117.793567333             6852
   2570.0087510938870        4.8324272132099685E-007   33274136.581606261             6853
   2570.3837979747468        4.8322636735251121E-007   33274155.361610834             6854
   2570.7588448556071        4.8307806837051989E-007   33274174.138712805             6855
   2571.1338917364674        4.8306179992882912E-007   33274192.907785803             6856
   2571.5089386173267        4.8291358631630530E-007   33274211.673960358             6857
   2571.8839854981875        4.8289740329447330E-007   33274230.432111330             6858
   2572.2590323790478        4.8274927494458263E-007   33274249.187368009             6859
   2572.6340792599071        4.8273317723584448E-007   33274267.934606489             6860
   2573.0091261407679        4.8258513404192338E-007   33274286.678954817             6861
   2573.3841730216277        4.8256912153968371E-007   33274305.415290326             6862
   2573.7592199024875        4.8242116339523885E-007   33274324.148739818             6863
   2574.1342667833483        4.8240523599307261E-007   33274342.874181867             6864
   2574.5093136642076        4.8225736279178050E-007   33274361.596742034             6865
   2574.8843605450679        4.8224152038343272E-007   33274380.311300114             6866
   2575.2594074259287        4.8209373201913917E-007   33274399.022980444             6867
   2575.6344543067880        4.8207797449852468E-007   33274417.726664055             6868
   2576.0095011876483        4.8193027086524500E-007   33274436.427474033             6869
   2576.3845480685090        4.8191459812644657E-007   33274455.120292649             6870
   2576.7595949493684        4.8176697911836529E-007   33274473.810241744             6871
   2577.1346418302287        4.8175139105563561E-007   33274492.492204823             6872
   2577.5096887110890        4.8160385656710538E-007   33274511.171302505             6873
   2577.8847355919488        4.8158835307486466E-007   33274529.842419513             6874
   2578.2597824728091        4.8144090300040657E-007   33274548.510675229             6875
   2578.6348293536689        4.8142548397324378E-007   33274567.170955602             6876
   2579.0098762345292        4.8127811820754688E-007   33274585.828378789             6877
   2579.3849231153895        4.8126278354021828E-007   33274604.477831967             6878
   2579.7599699962493        4.8111550197813940E-007   33274623.124432050             6879
   2580.1350168771096        4.8110025156556887E-007   33274641.763067454             6880
   2580.5100637579699        4.8095305410213183E-007   33274660.398853850             6881
   2580.8851106388297        4.8093788783941095E-007   33274679.026680894             6882
   2581.2601575196900        4.8079077436980697E-007   33274697.651663013             6883
   2581.6352044005503        4.8077569215219333E-007   33274716.268691089             6884
   2582.0102512814101        4.8062866257177996E-007   33274734.882878322             6885
   2582.3852981622704        4.8061366429469845E-007   33274753.489116833             6886
   2582.7603450431302        4.8046671849899978E-007   33274772.092518568             6887
   2583.1353919239905        4.8045180405804089E-007   33274790.687976882             6888
   2583.5104388048508        4.8030494194274694E-007   33274809.280602492             6889
   2583.8854856857106        4.8029011123366738E-007   33274827.865289982             6890
   2584.2605325665709        4.8014333269463364E-007   33274846.447148830             6891
   2584.6355794474307        4.8012858561335572E-007   33274865.021074846             6892
   2585.0106263282910        4.7998189054660393E-007   33274883.592176285             6893
   2585.3856732091513        4.7996722698921513E-007   33274902.155350182             6894
   2585.7607200900111        4.7982061529093154E-007   33274920.715703547             6895
   2586.1357669708714        4.7980603515368452E-007   33274939.268134657             6896
   2586.5108138517317        4.7965950672022005E-007   33274957.817749284             6897
   2586.8858607325915        4.7964500989953219E-007   33274976.359446932             6898
   2587.2609076134518        4.7949856462740271E-007   33274994.898332138             6899
   2587.6359544943120        4.7948415101985501E-007   33275013.429305639             6900
   2588.0110013751719        4.7933778880574038E-007   33275031.957470730             6901
   2588.3860482560322        4.7932345830807835E-007   33275050.477729388             6902
   2588.7610951368920        4.7917717904882204E-007   33275068.995183665             6903
   2589.1361420177523        4.7916293155795522E-007   33275087.504736770             6904
   2589.5111888986125        4.7901673515056416E-007   33275106.011489522             6905
   2589.8862357794724        4.7900257056356532E-007   33275124.510346361             6906
   2590.2612826603327        4.7885645690521034E-007   33275143.006406859             6907
   2590.6363295411929        4.7884237511931449E-007   33275161.494576693             6908
   2591.0113764220528        4.7869634410732949E-007   33275179.979954205             6909
   2591.3864233029130        4.7868234501993532E-007   33275198.457446303             6910
   2591.7614701837729        4.7853639655181618E-007   33275216.932150085             6911
   2592.1365170646332        4.7852248006048543E-007   33275235.398973692             6912
   2592.5115639454934        4.7837661403389034E-007   33275253.863012984             6913
   2592.8866108263528        4.7836278003634568E-007   33275272.319177341             6914
   2593.2616577072135        4.7821699634909548E-007   33275290.772561379             6915
   2593.6367045880738        4.7820324474322148E-007   33275309.218075711             6916
   2594.0117514689332        4.7805754329329825E-007   33275327.660813719             6917
   2594.3867983497939        4.7804387397714211E-007   33275346.095687244             6918
   2594.7618452306542        4.7789825466268896E-007   33275364.527788438             6919
   2595.1368921115136        4.7788466753445839E-007   33275382.952030364             6920
   2595.5119389923743        4.7773913025377992E-007   33275401.373503935             6921
   2595.8869858732342        4.7772562521184367E-007   33275419.787123460             6922
   2596.2620327540940        4.7758016986340530E-007   33275438.197978608             6923
   2596.6370796349547        4.7756674680629242E-007   33275456.600984920             6924
   2597.0121265158141        4.7742137328872018E-007   33275475.001230821             6925
   2597.3871733966744        4.7740803211512066E-007   33275493.393633086             6926
   2597.7622202775351        4.7726274032720005E-007   33275511.783278909             6927
   2598.1372671583945        4.7724948093596377E-007   33275530.165086295             6928
   2598.5123140392548        4.7710427077664110E-007   33275548.544141203             6929
   2598.8873609201150        4.7709109306677726E-007   33275566.915362868             6930
   2599.2624078009749        4.7694596443515843E-007   33275585.283836007             6931
   2599.6374546818352        4.7693286830583612E-007   33275603.644481093             6932
   2600.0125015626954        4.7678782110118529E-007   33275622.002381600             6933
   2600.3875484435553        4.7677480645173322E-007   33275640.352459237             6934
   2600.7625953244155        4.7662984057347424E-007   33275658.699796245             6935
   2601.1376422052754        4.7661690730337914E-007   33275677.039315563             6936
   2601.5126890861357        4.7647202265109465E-007   33275695.376098178             6937
   2601.8877359669959        4.7645917066000169E-007   33275713.705068283             6938
   2602.2627828478558        4.7631436713343275E-007   33275732.031305626             6939
   2602.6378297287160        4.7630159632114610E-007   33275750.349735614             6940
   2603.0128766095763        4.7615687382019109E-007   33275768.665436774             6941
   2603.3879234904362        4.7614418408667250E-007   33275786.973335743             6942
   2603.7629703712964        4.7599954251138831E-007   33275805.278509803             6943
   2604.1380172521563        4.7598693375675751E-007   33275823.575886834             6944
   2604.5130641330165        4.7584237300735842E-007   33275841.870542873             6945
   2604.8881110138768        4.7582984513189146E-007   33275860.157407030             6946
   2605.2631578947367        4.7568536510874952E-007   33275878.441554110             6947
   2605.6382047755969        4.7567291801288011E-007   33275896.717914458             6948
   2606.0132516564572        4.7552851861652282E-007   33275914.991561636             6949
   2606.3882985373170        4.7551615220084160E-007   33275933.257427219             6950
   2606.7633454181773        4.7537183333195452E-007   33275951.520583540             6951
   2607.1383922990376        4.7535954749720875E-007   33275969.775963403             6952
   2607.5134391798974        4.7521530905663259E-007   33275988.028637897             6953
   2607.8884860607577        4.7520310370372519E-007   33276006.273541067             6954
   2608.2635329416175        4.7505894559245762E-007   33276024.515742753             6955
   2608.6385798224778        4.7504682062244747E-007   33276042.750178244             6956
   2609.0136267033381        4.7490274274164150E-007   33276060.981916148             6957
   2609.3886735841979        4.7489069805574369E-007   33276079.205892969             6958
   2609.7637204650582        4.7474670030670765E-007   33276097.427176081             6959
   2610.1387673459180        4.7473473580629129E-007   33276115.640703231             6960
   2610.5138142267783        4.7459081809048903E-007   33276133.851540551             6961
   2610.8888611076386        4.7457893367707891E-007   33276152.054627016             6962
   2611.2639079884984        4.7443509589612825E-007   33276170.255027521             6963
   2611.6389548693587        4.7442329147140413E-007   33276188.447682276             6964
   2612.0140017502190        4.7427953352707820E-007   33276206.637654942             6965
   2612.3890486310788        4.7426780899287451E-007   33276224.819886964             6966
   2612.7640955119391        4.7412413078710046E-007   33276242.999440748             6967
   2613.1391423927994        4.7411248604540485E-007   33276261.171258982             6968
   2613.5141892736592        4.7396888748026433E-007   33276279.340402838             6969
   2613.8892361545195        4.7395732243321931E-007   33276297.501816228             6970
   2614.2642830353793        4.7381380341094726E-007   33276315.660559095             6971
   2614.6393299162396        4.7380231796084808E-007   33276333.811576586             6972
   2615.0143767970999        4.7365887838383274E-007   33276351.959927395             6973
   2615.3894236779593        4.7364747243312823E-007   33276370.100557905             6974
   2615.7644705588200        4.7350411220391073E-007   33276388.238525573             6975
   2616.1395174396803        4.7349278565520326E-007   33276406.368778024             6976
   2616.5145643205396        4.7334950467647814E-007   33276424.496371463             6977
   2616.8896112014004        4.7333825743252187E-007   33276442.616254758             6978
   2617.2646580822607        4.7319505560713562E-007   33276460.733482871             6979
   2617.6397049631200        4.7318388757083750E-007   33276478.843005899             6980
   2618.0147518439808        4.7304076480178892E-007   33276496.949877575             6981
   2618.3897987248406        4.7302967587620802E-007   33276515.049049221             6982
   2618.7648456057004        4.7288663206664848E-007   33276533.145573340             6983
   2619.1398924865612        4.7287562215499537E-007   33276551.234402485             6984
   2619.5149393674205        4.7273265720822725E-007   33276569.320587911             6985
   2619.8899862482808        4.7272172621386452E-007   33276587.399083413             6986
   2620.2650331291416        4.7257884003334169E-007   33276605.474939011             6987
   2620.6400800100009        4.7256798785978329E-007   33276623.543109730             6988
   2621.0151268908612        4.7242518034911171E-007   33276641.608644344             6989
   2621.3901737717215        4.7241440690002172E-007   33276659.666499119             6990
   2621.7652206525813        4.7227167796295748E-007   33276677.721721597             6991
   2622.1402675334416        4.7226098314215154E-007   33276695.769269262             6992
   2622.5153144143014        4.7211833268260104E-007   33276713.814188428             6993
   2622.8903612951617        4.7210771639404495E-007   33276731.851437811             6994
   2623.2654081760220        4.7196514431606460E-007   33276749.886062481             6995
   2623.6404550568818        4.7195460646387423E-007   33276767.913022399             6996
   2624.0155019377421        4.7181211267167137E-007   33276785.937361382             6997
   2624.3905488186024        4.7180165316011230E-007   33276803.954040635             6998
   2624.7655956994622        4.7165923755804358E-007   33276821.968102731             6999
   2625.1406425803225        4.7164885629153132E-007   33276839.974510107             7000
   2625.5156894611828        4.7150651878410299E-007   33276857.978304107             7001
   2625.8907363420426        4.7149621566720255E-007   33276875.974448394             7002
   2626.2657832229029        4.7135395615906961E-007   33276893.967983074             7003
   2626.6408301037627        4.7134373109649449E-007   33276911.953873049             7004
   2627.0158769846230        4.7120154949246145E-007   33276929.937157184             7005
   2627.3909238654833        4.7119140238907376E-007   33276947.912801605             7006
   2627.7659707463431        4.7104929859409331E-007   33276965.885843944             7007
   2628.1410176272034        4.7103922935490418E-007   33276983.851251569             7008
   2628.5160645080637        4.7089720327407713E-007   33277001.814060867             7009
   2628.8911113889235        4.7088721180424576E-007   33277019.769240439             7010
   2629.2661582697838        4.7074526334282115E-007   33277037.721825432             7011
   2629.6412051506441        4.7073534954765461E-007   33277055.666785683             7012
   2630.0162520315039        4.7059347861102908E-007   33277073.609155096             7013
   2630.3912989123642        4.7058364239598165E-007   33277091.543904752             7014
   2630.7663457932240        4.7044184888969991E-007   33277109.476067312             7015
   2631.1413926740843        4.7043209016037401E-007   33277127.400615085             7016
   2631.5164395549446        4.7029037399012735E-007   33277145.322579499             7017
   2631.8914864358044        4.7028069265227267E-007   33277163.236934092             7018
   2632.2665333166647        4.7013905372389967E-007   33277181.148709055             7019
   2632.6415801975245        4.7012944968341181E-007   33277199.052879166             7020
   2633.0166270783848        4.6998788790289763E-007   33277216.954473369             7021
   2633.3916739592451        4.6997836106581929E-007   33277234.848467682             7022
   2633.7667208401049        4.6983687633929543E-007   33277252.739889804             7023
   2634.1417677209652        4.6982742661181518E-007   33277270.623716988             7024
   2634.5168146018254        4.6968601884555945E-007   33277288.504975703             7025
   2634.8918614826853        4.6967664613401153E-007   33277306.378644429             7026
   2635.2669083635456        4.6953531523444734E-007   33277324.249748386             7027
   2635.6419552444058        4.6952601944531254E-007   33277342.113267306             7028
   2636.0170021252657        4.6938476531900930E-007   33277359.974225167             7029
   2636.3920490061259        4.6937554635891346E-007   33277377.827602923             7030
   2636.7670958869858        4.6923436891258566E-007   33277395.678423323             7031
   2637.1421427678461        4.6922522668830032E-007   33277413.521668553             7032
   2637.5171896487063        4.6908412582880728E-007   33277431.362360120             7033
   2637.8922365295657        4.6907506024724891E-007   33277449.195481449             7034
   2638.2672834104264        4.6893403588159547E-007   33277467.026052807             7035
   2638.6423302912867        4.6892504684982443E-007   33277484.849058848             7036
   2639.0173771721461        4.6878409888515958E-007   33277502.669518601             7037
   2639.3924240530068        4.6877518631038125E-007   33277520.482417963             7038
   2639.7674709338667        4.6863431465399770E-007   33277538.292774718             7039
   2640.1425178147265        4.6862547844356076E-007   33277556.095575992             7040
   2640.5175646955872        4.6848468300289533E-007   33277573.895838339             7041
   2640.8926115764471        4.6847592306429314E-007   33277591.688550118             7042
   2641.2676584573073        4.6833520374692687E-007   33277609.478726637             7043
   2641.6427053381676        4.6832651998779615E-007   33277627.261357494             7044
   2642.0177522190270        4.6818587670145338E-007   33277645.041456755             7045
   2642.3927990998877        4.6817726902957426E-007   33277662.814015254             7046
   2642.7678459807480        4.6803670168212188E-007   33277680.584045820             7047
   2643.1428928616074        4.6802817000541733E-007   33277698.346540522             7048
   2643.5179397424681        4.6788767850486630E-007   33277716.106510948             7049
   2643.8929866233279        4.6787922273140190E-007   33277733.858950395             7050
   2644.2680335041878        4.6773880698590510E-007   33277751.608869221             7051
   2644.6430803850485        4.6773042702388965E-007   33277769.351261955             7052
   2645.0181272659079        4.6759008694174231E-007   33277787.091137711             7053
   2645.3931741467682        4.6758178269952583E-007   33277804.823492259             7054
   2645.7682210276289        4.6744151818916560E-007   33277822.553333472             7055
   2646.1432679084883        4.6743328957524079E-007   33277840.275658354             7056
   2646.5183147893486        4.6729310054524662E-007   33277857.995473538             7057
   2646.8933616702093        4.6728494746824774E-007   33277875.707777262             7058
   2647.2684085510687        4.6714483382734080E-007   33277893.417574920             7059
   2647.6434554319289        4.6713675619604379E-007   33277911.119865984             7060
   2648.0185023127892        4.6699671785308626E-007   33277928.819654606             7061
   2648.3935491936491        4.6698871557640822E-007   33277946.511941496             7062
   2648.7685960745093        4.6684875244040324E-007   33277964.201729577             7063
   2649.1436429553692        4.6684082542740181E-007   33277981.884020776             7064
   2649.5186898362294        4.6670093740749397E-007   33277999.563816778             7065
   2649.8937367170897        4.6669308556736763E-007   33278017.236120760             7066
   2650.2687835979496        4.6655327257284157E-007   33278034.905933157             7067
   2650.6438304788098        4.6654549581492973E-007   33278052.568258379             7068
   2651.0188773596701        4.6640575775521020E-007   33278070.228095621             7069
   2651.3939242405299        4.6639805598899210E-007   33278087.880450536             7070
   2651.7689711213902        4.6625839277364430E-007   33278105.530321073             7071
   2652.1440180022505        4.6625076590873909E-007   33278123.172714118             7072
   2652.5190648831103        4.6611117744746804E-007   33278140.812626388             7073
   2652.8941117639706        4.6610362539363484E-007   33278158.445065998             7074
   2653.2691586448304        4.6596411159628468E-007   33278176.075028427             7075
   2653.6442055256907        4.6595663426342168E-007   33278193.697523028             7076
   2654.0192524065510        4.6581719503997547E-007   33278211.317544032             7077
   2654.3942992874108        4.6580979233811962E-007   33278228.930102035             7078
   2654.7693461682711        4.6567042759870017E-007   33278246.540190026             7079
   2655.1443930491309        4.6566309943802760E-007   33278264.142819829             7080
   2655.5194399299912        4.6552380909289649E-007   33278281.742983200             7081
   2655.8944868108515        4.6551655538372255E-007   33278299.335693199             7082
   2656.2695336917113        4.6537733934327962E-007   33278316.925940342             7083
   2656.6445805725716        4.6537015999605737E-007   33278334.508738928             7084
   2657.0196274534319        4.6523101817084022E-007   33278352.089078225             7085
   2657.3946743342917        4.6522391309616120E-007   33278369.661973763             7086
   2657.7697212151520        4.6508484539684624E-007   33278387.232413579             7087
   2658.1447680960118        4.6507781450543879E-007   33278404.795414444             7088
   2658.5198149768721        4.6493882084283965E-007   33278422.355963144             7089
   2658.8948618577324        4.6493186404557054E-007   33278439.909077689             7090
   2659.2699087385922        4.6479294433063863E-007   33278457.459743630             7091
   2659.6449556194525        4.6478606153851271E-007   33278475.002980199             7092
   2660.0200025003128        4.6464721568233594E-007   33278492.543771714             7093
   2660.3950493811726        4.6464040680649385E-007   33278510.077138647             7094
   2660.7700962620329        4.6450163472029772E-007   33278527.608064074             7095
   2661.1451431428932        4.6449489967201813E-007   33278545.131569698             7096
   2661.5201900237530        4.6435620126716477E-007   33278562.652637359             7097
   2661.8952369046133        4.6434953995786225E-007   33278580.166289996             7098
   2662.2702837854731        4.6421091514585032E-007   33278597.677508209             7099
   2662.6453306663334        4.6420432748707556E-007   33278615.181316163             7100
   2663.0203775471937        4.6406577617953983E-007   33278632.682693224             7101
   2663.3954244280530        4.6405926208298055E-007   33278650.176664799             7102
   2663.7704713089138        4.6392078419169211E-007   33278667.668209013             7103
   2664.1455181897741        4.6391434356917026E-007   33278685.152352497             7104
   2664.5205650706334        4.6377593900603572E-007   33278702.634072144             7105
   2664.8956119514942        4.6376957176951017E-007   33278720.108395826             7106
   2665.2706588323545        4.6363124044657078E-007   33278737.580299180             7107
   2665.6457057132138        4.6362494650813598E-007   33278755.044811327             7108
   2666.0207525940746        4.6348668833756908E-007   33278772.506906662             7109
   2666.3957994749344        4.6348046760945351E-007   33278789.961615536             7110
   2666.7708463557942        4.6334228250357113E-007   33278807.413911104             7111
   2667.1458932366550        4.6333613489813870E-007   33278824.858824957             7112
   2667.5209401175143        4.6319802276938807E-007   33278842.301329013             7113
   2667.8959869983746        4.6319194819913695E-007   33278859.736456089             7114
   2668.2710338792353        4.6305390896009919E-007   33278877.169176865             7115
   2668.6460807600947        4.6304790733766273E-007   33278894.594525401             7116
   2669.0211276409550        4.6290994090105290E-007   33278912.017471135             7117
   2669.3961745218153        4.6290401213919773E-007   33278929.433049358             7118
   2669.7712214026751        4.6276611841786550E-007   33278946.846228268             7119
   2670.1462682835354        4.6276026242949207E-007   33278964.252044395             7120
   2670.5213151643957        4.6262244133642090E-007   33278981.655464694             7121
   2670.8963620452555        4.6261665803456376E-007   33278999.051526930             7122
   2671.2714089261158        4.6247890948287025E-007   33279016.445196819             7123
   2671.6464558069756        4.6247319878069697E-007   33279033.831513360             7124
   2672.0215026878359        4.6233552268363098E-007   33279051.215441037             7125
   2672.3965495686962        4.6232988449444282E-007   33279068.592020079             7126
   2672.7715964495560        4.6219228076538744E-007   33279085.966213726             7127
   2673.1466433304163        4.6218671500261795E-007   33279103.333063442             7128
   2673.5216902112766        4.6204918355508879E-007   33279120.697531231             7129
   2673.8967370921364        4.6204369013230514E-007   33279138.054659795             7130
   2674.2717839729967        4.6190623087995004E-007   33279155.409409892             7131
   2674.6468308538565        4.6190080971085085E-007   33279172.756825466             7132
   2675.0218777347168        4.6176342256745045E-007   33279190.101866029             7133
   2675.3969246155771        4.6175807356586616E-007   33279207.439576764             7134
   2675.7719714964369        4.6162075844533300E-007   33279224.774915945             7135
   2676.1470183772972        4.6161548152522649E-007   33279242.102929980             7136
   2676.5220652581575        4.6147823834160515E-007   33279259.428575914             7137
   2676.8971121390173        4.6147303341707077E-007   33279276.746901389             7138
   2677.2721590198776        4.6133586208453743E-007   33279294.062862206             7139
   2677.6472059007374        4.6133072906980125E-007   33279311.371507246             7140
   2678.0222527815977        4.6119362950266270E-007   33279328.677791066             7141
   2678.3972996624580        4.6118856831208194E-007   33279345.976763781             7142
   2678.7723465433178        4.6105154042477685E-007   33279363.273378719             7143
   2679.1473934241781        4.6104655097283994E-007   33279380.562687222             7144
   2679.5224403050383        4.6090959467993714E-007   33279397.849641375             7145
   2679.8974871858982        4.6090467688126279E-007   33279415.129293758             7146
   2680.2725340667585        4.6076779209746221E-007   33279432.406595223             7147
   2680.6475809476183        4.6076294586679925E-007   33279449.676599581             7148
   2681.0226278284786        4.6062613250693076E-007   33279466.944256440             7149
   2681.3976747093388        4.6062135775915932E-007   33279484.204620849             7150
   2681.7727215901987        4.6048461573818309E-007   33279501.462641176             7151
   2682.1477684710590        4.6047991238831246E-007   33279518.713373706             7152
   2682.5228153519192        4.6034324162131826E-007   33279535.961765572             7153
   2682.8978622327791        4.6033860958448793E-007   33279553.202874288             7154
   2683.2729091136393        4.6020200998669570E-007   33279570.441645745             7155
   2683.6479559944996        4.6019744917817414E-007   33279587.673138697             7156
   2684.0230028753595        4.6006092066493315E-007   33279604.902297795             7157
   2684.3980497562197        4.6005643100011867E-007   33279622.124183029             7158
   2684.7730966370796        4.5991997348690663E-007   33279639.343737807             7159
   2685.1481435179398        4.5991555488132664E-007   33279656.556023356             7160
   2685.5231903988001        4.5977916828375117E-007   33279673.765981842             7161
   2685.8982372796595        4.5977482065306172E-007   33279690.968675733             7162
   2686.2732841605202        4.5963850488685803E-007   33279708.169045959             7163
   2686.6483310413805        4.5963422814684315E-007   33279725.362156205             7164
   2687.0233779222399        4.5949798312787576E-007   33279742.552946169             7165
   2687.3984248031006        4.5949377719444868E-007   33279759.736480784             7166
   2687.7734716839605        4.5935760283871031E-007   33279776.917698495             7167
   2688.1485185648203        4.5935346762791254E-007   33279794.091665473             7168
   2688.5235654456810        4.5921736385152330E-007   33279811.263318930             7169
   2688.8986123265408        4.5921329927952315E-007   33279828.427726265             7170
   2689.2736592074007        4.5907726599873182E-007   33279845.589823451             7171
   2689.6487060882614        4.5907327198182575E-007   33279862.744679123             7172
   2690.0237529691208        4.5893730911300805E-007   33279879.897228014             7173
   2690.3987998499811        4.5893338556762070E-007   33279897.042539991             7174
   2690.7738467308418        4.5879749302727940E-007   33279914.185548551             7175
   2691.1488936117012        4.5879363986996219E-007   33279931.321324803             7176
   2691.5239404925615        4.5865781757472734E-007   33279948.454800997             7177
   2691.8989873734217        4.5865403472215797E-007   33279965.581049476             7178
   2692.2740342542816        4.5851828258878660E-007   33279982.705001254             7179
   2692.6490811351418        4.5851456995776996E-007   33279999.821729898             7180
   2693.0241280160017        4.5837888790314575E-007   33280016.936165199             7181
   2693.3991748968620        4.5837524541061337E-007   33280034.043381955             7182
   2693.7742217777222        4.5823963335174647E-007   33280051.148308713             7183
   2694.1492686585821        4.5823606091475631E-007   33280068.246021505             7184
   2694.5243155394423        4.5810051876878233E-007   33280085.341447640             7185
   2694.8993624203026        4.5809701630451759E-007   33280102.429664385             7186
   2695.2744093011624        4.5796154398869915E-007   33280119.515597813             7187
   2695.6494561820227        4.5795811141446893E-007   33280136.594326429             7188
   2696.0245030628830        4.5782270884619363E-007   33280153.670775052             7189
   2696.3995499437428        4.5781934607943302E-007   33280170.740023434             7190
   2696.7745968246031        4.5768401317621415E-007   33280187.806995161             7191
   2697.1496437054629        4.5768072013448392E-007   33280204.866771206             7192
   2697.5246905863232        4.5754545681395949E-007   33280221.924273912             7193
   2697.8997374671835        4.5754223341494477E-007   33280238.974585507             7194
   2698.2747843480433        4.5740703959487814E-007   33280256.022627082             7195
   2698.6498312289036        4.5740388575638985E-007   33280273.063482091             7196
   2699.0248781097639        4.5726876135466982E-007   33280290.102070402             7197
   2699.3999249906237        4.5726567699464305E-007   33280307.133476701             7198
   2699.7749718714840        4.5713062192928206E-007   33280324.162619609             7199
   2700.1500187523443        4.5712760696577624E-007   33280341.184585053             7200
   2700.5250656332041        4.5699262115491115E-007   33280358.204290420             7201
   2700.9001125140644        4.5698967550610965E-007   33280375.216822859             7202
   2701.2751593949242        4.5685475886800206E-007   33280392.227098517             7203
   2701.6502062757845        4.5685188245221275E-007   33280409.230205789             7204
   2702.0252531566448        4.5671703490524779E-007   33280426.231059585             7205
   2702.4003000375046        4.5671422764090255E-007   33280443.224749520             7206
   2702.7753469183649        4.5657944910358841E-007   33280460.216189276             7207
   2703.1503937992247        4.5657671090924234E-007   33280477.200469702             7208
   2703.5254406800850        4.5644200130021128E-007   33280494.182503238             7209
   2703.9004875609453        4.5643933209454231E-007   33280511.157381967             7210
   2704.2755344418051        4.5630469133255022E-007   33280528.130017094             7211
   2704.6505813226654        4.5630209103436015E-007   33280545.095501937             7212
   2705.0256282035257        4.5616751903828514E-007   33280562.058746450             7213
   2705.4006750843855        4.5616498756649867E-007   33280579.014845200             7214
   2705.7757219652458        4.5603048425534141E-007   33280595.968706898             7215
   2706.1507688461061        4.5602802152900470E-007   33280612.915427346             7216
   2706.5258157269659        4.5589358682188944E-007   33280629.859914016             7217
   2706.9008626078262        4.5589119276017228E-007   33280646.797263935             7218
   2707.2759094886860        4.5575682657634485E-007   33280663.732383348             7219
   2707.6509563695463        4.5575450109853922E-007   33280680.660370514             7220
   2708.0260032504066        4.5562020335736738E-007   33280697.586130437             7221
   2708.4010501312659        4.5561794638288696E-007   33280714.504762616             7222
   2708.7760970121267        4.5548371700386049E-007   33280731.421170808             7223
   2709.1511438929870        4.5548152845224056E-007   33280748.330455747             7224
   2709.5261907738463        4.5534736735497127E-007   33280765.237519961             7225
   2709.9012376547071        4.5534524714586890E-007   33280782.137465414             7226
   2710.2762845355669        4.5521115425008967E-007   33280799.035193387             7227
   2710.6513314164267        4.5520910230328304E-007   33280815.925807081             7228
   2711.0263782972875        4.5507507752884852E-007   33280832.814206552             7229
   2711.4014251781473        4.5507309376423697E-007   33280849.695496224             7230
   2711.7764720590071        4.5493913703112212E-007   33280866.574574906             7231
   2712.1515189398679        4.5493722136872583E-007   33280883.446548272             7232
   2712.5265658207272        4.5480333259702708E-007   33280900.316313893             7233
   2712.9016127015875        4.5480148495698741E-007   33280917.178978667             7234
   2713.2766595824482        4.5466766406692087E-007   33280934.039438922             7235
   2713.6517064633076        4.5466588436949979E-007   33280950.892802805             7236
   2714.0267533441679        4.5453213128140259E-007   33280967.743965402             7237
   2714.4018002250282        4.5453041944698100E-007   33280984.588036090             7238
   2714.7768471058880        4.5439673408131019E-007   33281001.429908715             7239
   2715.1518939867483        4.5439509003039013E-007   33281018.264693893             7240
   2715.5269408676081        4.5426147230772287E-007   33281035.097284235             7241
   2715.9019877484684        4.5425989596092577E-007   33281051.922791578             7242
   2716.2770346293287        4.5412634580195786E-007   33281068.746107306             7243
   2716.6520815101885        4.5412483708002499E-007   33281085.562344484             7244
   2717.0271283910488        4.5399135440557239E-007   33281102.376393259             7245
   2717.4021752719091        4.5398991322936456E-007   33281119.183367934             7246
   2717.7772221527689        4.5385649796036306E-007   33281135.988157414             7247
   2718.1522690336292        4.5385512425085972E-007   33281152.785877239             7248
   2718.5273159144895        4.5372177630836383E-007   33281169.581415068             7249
   2718.9023627953493        4.5372046998666312E-007   33281186.369887684             7250
   2719.2774096762096        4.5358718929184626E-007   33281203.156181511             7251
   2719.6524565570694        4.5358595027916602E-007   33281219.935414556             7252
   2720.0275034379297        4.5345273675331966E-007   33281236.712472007             7253
   2720.4025503187900        4.5345156497099546E-007   33281253.482473105             7254
   2720.7775971996498        4.5331841853553067E-007   33281270.250301804             7255
   2721.1526440805101        4.5331731390501657E-007   33281287.011078570             7256
   2721.5276909613704        4.5318423448146141E-007   33281303.769686129             7257
   2721.9027378422302        4.5318319692433025E-007   33281320.521246184             7258
   2722.2777847230905        4.5305018443433137E-007   33281337.270640209             7259
   2722.6528316039503        4.5304921387227262E-007   33281354.012991149             7260
   2723.0278784848106        4.5291626823759404E-007   33281370.753179241             7261
   2723.4029253656709        4.5291536459241582E-007   33281387.486328658             7262
   2723.7779722465307        4.5278248573493944E-007   33281404.217318397             7263
   2724.1530191273910        4.5278164892856670E-007   33281420.941273876             7264
   2724.5280660082512        4.5264883677029164E-007   33281437.663072854             7265
   2724.9031128891111        4.5264806672476702E-007   33281454.377841976             7266
   2725.2781597699714        4.5251532118780954E-007   33281471.090457760             7267
   2725.6532066508312        4.5251461782529272E-007   33281487.796048086             7268
   2726.0282535316915        4.5238193883188606E-007   33281504.499488246             7269
   2726.4033004125517        4.5238130207465350E-007   33281521.195907343             7270
   2726.7783472934116        4.5224868954714739E-007   33281537.890179425             7271
   2727.1533941742719        4.5224811931759203E-007   33281554.577434845             7272
   2727.5284410551321        4.5211557317845304E-007   33281571.262546405             7273
   2727.9034879359920        4.5211506939908461E-007   33281587.940645684             7274
   2728.2785348168522        4.5198258957089520E-007   33281604.616604254             7275
   2728.6535816977121        4.5198215216433876E-007   33281621.285554934             7276
   2729.0286285785724        4.5184973856979781E-007   33281637.952368051             7277
   2729.4036754594326        4.5184936745879470E-007   33281654.612177655             7278
   2729.7787223402925        4.5171702002071701E-007   33281671.269852839             7279
   2730.1537692211527        4.5171671512812487E-007   33281687.920528885             7280
   2730.5288161020130        4.5158443376944045E-007   33281704.569073655             7281
   2730.9038629828724        4.5158419501823233E-007   33281721.210623659             7282
   2731.2789098637331        4.5145197966198676E-007   33281737.850045513             7283
   2731.6539567445934        4.5145180697525073E-007   33281754.482476972             7284
   2732.0290036254528        4.5131965754460525E-007   33281771.112783417             7285
   2732.4040505063135        4.5131955084554466E-007   33281787.736103825             7286
   2732.7790973871734        4.5118746726377525E-007   33281804.357302345             7287
   2733.1541442680332        4.5118742647570904E-007   33281820.971519187             7288
   2733.5291911488939        4.5105540866620659E-007   33281837.583617270             7289
   2733.9042380297533        4.5105543371256707E-007   33281854.188738026             7290
   2734.2792849106136        4.5092348159883725E-007   33281870.791743137             7291
   2734.6543317914743        4.5092357240317218E-007   33281887.387775280             7292
   2735.0293786723337        4.5079168590883469E-007   33281903.981694888             7293
   2735.4044255531940        4.5079184239480638E-007   33281920.568645872             7294
   2735.7794724340547        4.5066002144359540E-007   33281937.153487436             7295
   2736.1545193149141        4.5066024353497978E-007   33281953.731364720             7296
   2736.5295661957744        4.5052848805074375E-007   33281970.307135683             7297
   2736.9046130766346        4.5052877567143037E-007   33281986.875946708             7298
   2737.2796599574945        4.5039708557813109E-007   33282003.442654513             7299
   2737.6547068383552        4.5039743865212366E-007   33282020.002406716             7300
   2738.0297537192146        4.5026581387383675E-007   33282036.560058799             7301
   2738.4048006000749        4.5026623232525267E-007   33282053.110759612             7302
   2738.7798474809356        4.5013467278616646E-007   33282069.659363396             7303
   2739.1548943617950        4.5013515653923588E-007   33282086.201020237             7304
   2739.5299412426552        4.5000366216365288E-007   33282102.740583140             7305
   2739.9049881235155        4.5000421114271918E-007   33282119.273203421             7306
   2740.2800350043753        4.4987278185505453E-007   33282135.803732850             7307
   2740.6550818852356        4.4987339598457418E-007   33282152.327323973             7308
   2741.0301287660959        4.4974203170935527E-007   33282168.848827329             7309
   2741.4051756469557        4.4974271091389761E-007   33282185.363396697             7310
   2741.7802225278160        4.4961141157576508E-007   33282201.875881370             7311
   2742.1552694086758        4.4961215578001141E-007   33282218.381436363             7312
   2742.5303162895361        4.4948092130371746E-007   33282234.884909738             7313
   2742.9053631703964        4.4948173043246098E-007   33282251.381457735             7314
   2743.2804100512562        4.4935056074287077E-007   33282267.875927191             7315
   2743.6554569321165        4.4935143472101737E-007   33282284.363475572             7316
   2744.0305038129768        4.4922032974310711E-007   33282300.848948471             7317
   2744.4055506938366        4.4922126849567478E-007   33282317.327504598             7318
   2744.7805975746969        4.4909022815453300E-007   33282333.803988304             7319
   2745.1556444555567        4.4909123160665047E-007   33282350.273559529             7320
   2745.5306913364170        4.4896025582747749E-007   33282366.741061393             7321
   2745.9057382172773        4.4896132390438518E-007   33282383.201655064             7322
   2746.2807850981371        4.4883041261249179E-007   33282399.660182431             7323
   2746.6558319789974        4.4883154523954136E-007   33282416.111805893             7324
   2747.0308788598577        4.4870069836035051E-007   33282432.561366096             7325
   2747.4059257407175        4.4870189546300460E-007   33282449.004026677             7326
   2747.7809726215778        4.4857111292204858E-007   33282465.444627043             7327
   2748.1560195024376        4.4857237442588063E-007   33282481.878332067             7328
   2748.5310663832979        4.4844165614880382E-007   33282498.309979923             7329
   2748.9061132641582        4.4844298197949818E-007   33282514.734736707             7330
   2749.2811601450180        4.4831232789205481E-007   33282531.157439359             7331
   2749.6562070258783        4.4831371797540561E-007   33282547.573255215             7332
   2750.0312539067386        4.4818312800345992E-007   33282563.987019967             7333
   2750.4063007875984        4.4818458226537201E-007   33282580.393902186             7334
   2750.7813476684587        4.4805405633489818E-007   33282596.798736338             7335
   2751.1563945493185        4.4805557470138536E-007   33282613.196692213             7336
   2751.5314414301788        4.4792511273846801E-007   33282629.592603050             7337
   2751.9064883110391        4.4792669513565459E-007   33282645.981639870             7338
   2752.2815351918989        4.4779629706648757E-007   33282662.368634671             7339
   2752.6565820727592        4.4779794342060700E-007   33282678.748759713             7340
   2753.0316289536195        4.4766760917149314E-007   33282695.126845751             7341
   2753.4066758344793        4.4766931940888806E-007   33282711.498066284             7342
   2753.7817227153396        4.4753904890623926E-007   33282727.867250826             7343
   2754.1567695961999        4.4754082295336101E-007   33282744.229574099             7344
   2754.5318164770597        4.4741061612369875E-007   33282760.589864399             7345
   2754.9068633579200        4.4741245390710776E-007   33282776.943297677             7346
   2755.2819102387798        4.4728231067706221E-007   33282793.294700984             7347
   2755.6569571196401        4.4728421212342810E-007   33282809.639251504             7348
   2756.0320040005004        4.4715413241973737E-007   33282825.981775057             7349
   2756.4070508813597        4.4715609745583736E-007   33282842.317450061             7350
   2756.7820977622205        4.4702608120534760E-007   33282858.651101090             7351
   2757.1571446430808        4.4702810975806672E-007   33282874.977907807             7352
   2757.5321915239401        4.4689815688773203E-007   33282891.302693542             7353
   2757.9072384048009        4.4690024888406344E-007   33282907.620639186             7354
   2758.2822852856607        4.4677035932094603E-007   33282923.936566845             7355
   2758.6573321665205        4.4677251468799101E-007   33282940.245658636             7356
   2759.0323790473813        4.4664268835925986E-007   33282956.552735429             7357
   2759.4074259282411        4.4664490702422619E-007   33282972.852980569             7358
   2759.7824728091009        4.4651514385715818E-007   33282989.151213694             7359
   2760.1575196899616        4.4651742574736118E-007   33283005.442619383             7360
   2760.5325665708210        4.4638772566934007E-007   33283021.732016034             7361
   2760.9076134516813        4.4639007071220119E-007   33283038.014589459             7362
   2761.2826603325420        4.4626043365071714E-007   33283054.295156822             7363
   2761.6577072134014        4.4626284177376556E-007   33283070.568905164             7364
   2762.0327540942617        4.4613326765641478E-007   33283086.840650417             7365
   2762.4078009751220        4.4613573878728498E-007   33283103.105580855             7366
   2762.7828478559818        4.4600622754177014E-007   33283119.368511166             7367
   2763.1578947368421        4.4600876160820260E-007   33283135.624630865             7368
   2763.5329416177019        4.4587931316233272E-007   33283151.878753398             7369
   2763.9079884985622        4.4588191009217398E-007   33283168.126069512             7370
   2764.2830353794225        4.4575252437386274E-007   33283184.371391427             7371
   2764.6580822602823        4.4575518409506414E-007   33283200.609911110             7372
   2765.0331291411426        4.4562586103233074E-007   33283216.846439548             7373
   2765.4081760220029        4.4562858347294889E-007   33283233.076169945             7374
   2765.7832229028627        4.4549932299391692E-007   33283249.303912047             7375
   2766.1582697837230        4.4550210808211400E-007   33283265.524860289             7376
   2766.5333166645833        4.4537291011501187E-007   33283281.743823186             7377
   2766.9083635454431        4.4537575777905347E-007   33283297.955996402             7378
   2767.2834104263034        4.4524662225221414E-007   33283314.166187216             7379
   2767.6584573071632        4.4524953242046984E-007   33283330.369592525             7380
   2768.0335041880235        4.4512045926233016E-007   33283346.571018375             7381
   2768.4085510688838        4.4512343186327333E-007   33283362.765662894             7382
   2768.7835979497436        4.4499442100237303E-007   33283378.958330888             7383
   2769.1586448306039        4.4499745596458022E-007   33283395.144221719             7384
   2769.5336917114637        4.4486850732956281E-007   33283411.328138959             7385
   2769.9087385923240        4.4487160458171399E-007   33283427.505283196             7386
   2770.2837854731843        4.4474271810132495E-007   33283443.680456772             7387
   2770.6588323540441        4.4474587757220213E-007   33283459.848861504             7388
   2771.0338792349044        4.4461705317528973E-007   33283476.015298501             7389
   2771.4089261157646        4.4462027479377708E-007   33283492.174970813             7390
   2771.7839729966245        4.4449151240929088E-007   33283508.332678314             7391
   2772.1590198774848        4.4449479610437395E-007   33283524.483625278             7392
   2772.5340667583450        4.4436609566136467E-007   33283540.632610347             7393
   2772.9091136392049        4.4436944136213002E-007   33283556.774839029             7394
   2773.2841605200651        4.4424080278974997E-007   33283572.915108729             7395
   2773.6592074009250        4.4424421042538491E-007   33283589.048626188             7396
   2774.0342542817853        4.4411563365288645E-007   33283605.180187579             7397
   2774.4093011626455        4.4411910315267818E-007   33283621.305000868             7398
   2774.7843480435054        4.4399058810941353E-007   33283637.427860994             7399
   2775.1593949243656        4.4399411940274882E-007   33283653.543977153             7400
   2775.5344418052259        4.4386566601816850E-007   33283669.658143051             7401
   2775.9094886860858        4.4386925903453340E-007   33283685.765569117             7402
   2776.2845355669460        4.4374086723818720E-007   33283701.871047817             7403
   2776.6595824478063        4.4374452190716590E-007   33283717.969790816             7404
   2777.0346293286661        4.4361619162870126E-007   33283734.066589348             7405
   2777.4096762095264        4.4361990787997435E-007   33283750.156656306             7406
   2777.7847230903863        4.4349163904913657E-007   33283766.244781688             7407
   2778.1597699712465        4.4349541681248259E-007   33283782.326179609             7408
   2778.5348168521068        4.4336720935911255E-007   33283798.405638848             7409
   2778.9098637329662        4.4337104856440597E-007   33283814.478374746             7410
   2779.2849106138269        4.4324290241844072E-007   33283830.549174841             7411
   2779.6599574946872        4.4324680299565075E-007   33283846.613255709             7412
   2780.0350043755466        4.4311871808712260E-007   33283862.675403655             7413
   2780.4100512564073        4.4312267996631344E-007   33283878.730836485             7414
   2780.7850981372671        4.4299465622534753E-007   33283894.784339268             7415
   2781.1601450181270        4.4299867933667724E-007   33283910.831131045             7416
   2781.5351918989877        4.4287071669349187E-007   33283926.875995647             7417
   2781.9102387798475        4.4287480096721013E-007   33283942.914153345             7418
   2782.2852856607074        4.4274689935211662E-007   33283958.950386733             7419
   2782.6603325415681        4.4275104471856494E-007   33283974.979917318             7420
   2783.0353794224275        4.4262320406196465E-007   33283991.007526461             7421
   2783.4104263032877        4.4262741045157536E-007   33284007.028436892             7422
   2783.7854731841485        4.4249963068395950E-007   33284023.047428746             7423
   2784.1605200650079        4.4250389802725371E-007   33284039.059725981             7424
   2784.5355669458681        4.4237617907920322E-007   33284055.070107494             7425
   2784.9106138267284        4.4238050730678931E-007   33284071.073798474             7426
   2785.2856607075882        4.4225284910897126E-007   33284087.075576585             7427
   2785.6607075884485        4.4225723815154524E-007   33284103.070668247             7428
   2786.0357544693084        4.4212964063471262E-007   33284119.063849892             7429
   2786.4108013501686        4.4213409042305544E-007   33284135.050349168             7430
   2786.7858482310289        4.4200655351804484E-007   33284151.034941275             7431
   2787.1608951118887        4.4201106398302050E-007   33284167.012855090             7432
   2787.5359419927490        4.4188358762075283E-007   33284182.988864575             7433
   2787.9109888736093        4.4188815869330741E-007   33284198.958199844             7434
   2788.2860357544691        4.4176074280478358E-007   33284214.925633617             7435
   2788.6610826353294        4.4176537441594317E-007   33284230.886397243             7436
   2789.0361295161897        4.4163801893224344E-007   33284246.845262215             7437
   2789.4111763970495        4.4164271101311272E-007   33284262.797461100             7438
   2789.7862232779098        4.4151541586539407E-007   33284278.747764163             7439
   2790.1612701587696        4.4152016834715283E-007   33284294.691405203             7440
   2790.5363170396299        4.4139293346664777E-007   33284310.633153249             7441
   2790.9113639204902        4.4139774628055012E-007   33284326.568243328             7442
   2791.2864108013500        4.4127057159856355E-007   33284342.501443237             7443
   2791.6614576822103        4.4127544467593587E-007   33284358.427989237             7444
   2792.0365045630701        4.4114833012384324E-007   33284374.352647882             7445
   2792.4115514439304        4.4115326339607984E-007   33284390.270656668             7446
   2792.7865983247907        4.4102620890532367E-007   33284406.186780922             7447
   2793.1616452056505        4.4103120230388593E-007   33284422.096259359             7448
   2793.5366920865108        4.4090420780597429E-007   33284438.003856078             7449
   2793.9117389673711        4.4090926126238684E-007   33284453.904811025             7450
   2794.2867858482309        4.4078232668889012E-007   33284469.803887058             7451
   2794.6618327290912        4.4078744013473795E-007   33284485.696325362             7452
   2795.0368796099515        4.4066056541728444E-007   33284501.586887557             7453
   2795.4119264908113        4.4066573878420919E-007   33284517.470816053             7454
   2795.7869733716716        4.4053892385448229E-007   33284533.352871254             7455
   2796.1620202525314        4.4054415707417906E-007   33284549.228296787             7456
   2796.5370671333917        4.4041740186391444E-007   33284565.101851813             7457
   2796.9121140142520        4.4042269486812756E-007   33284580.968781203             7458
   2797.2871608951118        4.4029599930910729E-007   33284596.833842885             7459
   2797.6622077759721        4.4030135202962733E-007   33284612.692282952             7460
   2798.0372546568324        4.4017471605367739E-007   33284628.548858102             7461
   2798.4123015376922        4.4018012842233492E-007   33284644.398815662             7462
   2798.7873484185525        4.4005355196131976E-007   33284660.246911090             7463
   2799.1623952994123        4.4005902390998204E-007   33284676.088392939             7464
   2799.5374421802726        4.3993250689580027E-007   33284691.928015444             7465
   2799.9124890611329        4.3993803835636633E-007   33284707.761028387             7466
   2800.2875359419927        4.3981158072094487E-007   33284723.592184763             7467
   2800.6625828228530        4.3981717162533905E-007   33284739.416735582             7468
   2801.0376297037133        4.3969077330062754E-007   33284755.239432618             7469
   2801.4126765845726        4.3969642358079434E-007   33284771.055528101             7470
   2801.7877234654334        4.3957008449875926E-007   33284786.869772572             7471
   2802.1627703462937        4.3957579408665651E-007   33284802.677419495             7472
   2802.5378172271530        4.3944951417927555E-007   33284818.483218174             7473
   2802.9128641080138        4.3945528300686841E-007   33284834.282423303             7474
   2803.2879109888736        4.3932906220612223E-007   33284850.079782955             7475
   2803.6629578697334        4.3933489020537670E-007   33284865.870553050             7476
   2804.0380047505942        4.3920872844324241E-007   33284881.659480434             7477
   2804.4130516314535        4.3921461554611580E-007   33284897.441822249             7478
   2804.7880985123138        4.3908851275455945E-007   33284913.222324111             7479
   2805.1631453931745        4.3909445889299388E-007   33284928.996244393             7480
   2805.5381922740339        4.3896841500396124E-007   33284944.768327478             7481
   2805.9132391548942        4.3897442010987464E-007   33284960.533832964             7482
   2806.2882860357549        4.3884843505528179E-007   33284976.297504000             7483
   2806.6633329166143        4.3885449906055831E-007   33284992.054601423             7484
   2807.0383797974746        4.3872857277228300E-007   33285007.809867147             7485
   2807.4134266783349        4.3873469560876295E-007   33285023.558563229             7486
   2807.7884735591947        4.3860882801863448E-007   33285039.305430356             7487
   2808.1635204400550        4.3861500961810312E-007   33285055.045731813             7488
   2808.5385673209148        4.3848920065789066E-007   33285070.784207057             7489
   2808.9136142017751        4.3849544095206899E-007   33285086.516120598             7490
   2809.2886610826354        4.3836969055347003E-007   33285102.246210665             7491
   2809.6637079634952        4.3837598947400021E-007   33285117.969742998             7492
   2810.0387548443555        4.3825029756862769E-007   33285133.691454586             7493
   2810.4138017252158        4.3825665504706099E-007   33285149.406612400             7494
   2810.7888486060756        4.3813102156643112E-007   33285165.119952202             7495
   2811.1638954869359        4.3813743753421463E-007   33285180.826742187             7496
   2811.5389423677962        4.3801186240973109E-007   33285196.531716883             7497
   2811.9139892486560        4.3801833679819292E-007   33285212.230145715             7498
   2812.2890361295163        4.3789281996113259E-007   33285227.926761989             7499
   2812.6640830103761        4.3789935270146504E-007   33285243.616836347             7500
   2813.0391298912364        4.3777389408296108E-007   33285259.305100862             7501
   2813.4141767720967        4.3778048510620444E-007   33285274.986827407             7502
   2813.7892236529565        4.3765508463722974E-007   33285290.666746829             7503
   2814.1642705338168        4.3766173387425585E-007   33285306.340132222             7504
   2814.5393174146770        4.3753639148560406E-007   33285322.011713199             7505
   2814.9143642955369        4.3754309886709487E-007   33285337.676764086             7506
   2815.2894111763972        4.3741781448936092E-007   33285353.340013269             7507
   2815.6644580572570        4.3742457994579026E-007   33285368.996736299             7508
   2816.0395049381173        4.3729935350934999E-007   33285384.651660323             7509
   2816.4145518189775        4.3730617697096000E-007   33285400.300062131             7510
   2816.7895986998374        4.3718100840594716E-007   33285415.946667634             7511
   2817.1646455806977        4.3718788980272733E-007   33285431.586754847             7512
   2817.5396924615579        4.3706277903900967E-007   33285447.225048453             7513
   2817.9147393424178        4.3706971830067114E-007   33285462.856827687             7514
   2818.2897862232780        4.3694466526782523E-007   33285478.486816019             7515
   2818.6648331041379        4.3695166232377543E-007   33285494.110293895             7516
   2819.0398799849982        4.3682666695106114E-007   33285509.731983554             7517
   2819.4149268658584        4.3683372173037483E-007   33285525.347166684             7518
   2819.7899737467183        4.3670878394670472E-007   33285540.960564271             7519
   2820.1650206275785        4.3671589637809645E-007   33285556.567459241             7520
   2820.5400675084388        4.3659101611200740E-007   33285572.172571361             7521
   2820.9151143892987        4.3659818612379955E-007   33285587.771184765             7522
   2821.2901612701589        4.3647336330342003E-007   33285603.368018001             7523
   2821.6652081510188        4.3648059082350917E-007   33285618.958356425             7524
   2822.0402550318790        4.3635582537652464E-007   33285634.546917357             7525
   2822.4153019127393        4.3636311033234685E-007   33285650.128987383             7526
   2822.7903487935987        4.3623840218596372E-007   33285665.709282581             7527
   2823.1653956744594        4.3624574450445717E-007   33285681.283090767             7528
   2823.5404425553197        4.3612109358536368E-007   33285696.855126798             7529
   2823.9154894361791        4.3612849319292961E-007   33285712.420679715             7530
   2824.2905363170398        4.3600389942725681E-007   33285727.984463133             7531
   2824.6655831979001        4.3601135624971563E-007   33285743.541767325             7532
   2825.0406300787595        4.3588681956299244E-007   33285759.097304687             7533
   2825.4156769596202        4.3589433352554065E-007   33285774.646366708             7534
   2825.7907238404800        4.3576985384264880E-007   33285790.193664547             7535
   2826.1657707213399        4.3577742486981255E-007   33285805.734490931             7536
   2826.5408176022006        4.3565300211493723E-007   33285821.273555789             7537
   2826.9158644830600        4.3566063013052024E-007   33285836.806153070             7538
   2827.2909113639203        4.3553626422710001E-007   33285852.336991470             7539
   2827.6659582447810        4.3554394915413175E-007   33285867.861366164             7540
   2828.0410051256404        4.3541964002480301E-007   33285883.383984622             7541
   2828.4160520065006        4.3542738178548251E-007   33285898.900143251             7542
   2828.7910988873609        4.3530312935202145E-007   33285914.414548282             7543
   2829.1661457682208        4.3531092786765860E-007   33285929.922497343             7544
   2829.5411926490810        4.3518673205092148E-007   33285945.428695451             7545
   2829.9162395299413        4.3519458724187310E-007   33285960.928441454             7546
   2830.2912864108011        4.3507044796173097E-007   33285976.426439125             7547
   2830.6663332916614        4.3507835974733620E-007   33285991.917988550             7548
   2831.0413801725213        4.3495427692260715E-007   33286007.407792281             7549
   2831.4164270533815        4.3496224522111659E-007   33286022.891151618             7550
   2831.7914739342418        4.3483821876949342E-007   33286038.372767884             7551
   2832.1665208151016        4.3484624349799463E-007   33286053.847943604             7552
   2832.5415676959619        4.3472227333596938E-007   33286069.321378872             7553
   2832.9166145768222        4.3473035441030953E-007   33286084.788377441             7554
   2833.2916614576820        4.3460644045309264E-007   33286100.253638178             7555
   2833.6667083385423        4.3461457778779584E-007   33286115.712466054             7556
   2834.0417552194021        4.3449071994923243E-007   33286131.169558708             7557
   2834.4168021002624        4.3449891345741315E-007   33286146.620222341             7558
   2834.7918489811227        4.3437511164989260E-007   33286162.069153361             7559
   2835.1668958619825        4.3438336124316322E-007   33286177.511659190             7560
   2835.5419427428428        4.3425961537752587E-007   33286192.952435013             7561
   2835.9169896237031        4.3426792096590048E-007   33286208.386789475             7562
   2836.2920365045629        4.3414423095133816E-007   33286223.819416527             7563
   2836.6670833854232        4.3415259244313131E-007   33286239.245626040             7564
   2837.0421302662835        4.3402895818708238E-007   33286254.670110732             7565
   2837.4171771471433        4.3403737548880063E-007   33286270.088181712             7566
   2837.7922240280036        4.3391379689684082E-007   33286285.504530467             7567
   2838.1672709088634        4.3392226991307079E-007   33286300.914469320             7568
   2838.5423177897237        4.3379874688879605E-007   33286316.322688535             7569
   2838.9173646705840        4.3380727552208443E-007   33286331.724501655             7570
   2839.2924115514438        4.3368380796699091E-007   33286347.124597717             7571
   2839.6674584323041        4.3369239211772128E-007   33286362.518291488             7572
   2840.0425053131639        4.3356897993107528E-007   33286377.910270788             7573
   2840.4175521940242        4.3357761949733581E-007   33286393.295851588             7574
   2840.7925990748845        4.3345426257604075E-007   33286408.679720491             7575
   2841.1676459557443        4.3346295745348582E-007   33286424.057194699             7576
   2841.5426928366046        4.3333965569194016E-007   33286439.432959564             7577
   2841.9177397174649        4.3334840577364631E-007   33286454.802333526             7578
   2842.2927865983247        4.3322515906359416E-007   33286470.170000717             7579
   2842.6678334791850        4.3323396423990615E-007   33286485.531280786             7580
   2843.0428803600453        4.3311077247028268E-007   33286500.890856642             7581
   2843.4179272409051        4.3311963262865546E-007   33286516.244049158             7582
   2843.7929741217654        4.3299649568542199E-007   33286531.595540009             7583
   2844.1680210026252        4.3300541071025132E-007   33286546.940651298             7584
   2844.5430678834855        4.3288232847622339E-007   33286562.284063466             7585
   2844.9181147643458        4.3289129824867104E-007   33286577.621099841             7586
   2845.2931616452051        4.3276827060333887E-007   33286592.956439644             7587
   2845.6682085260659        4.3277729500114833E-007   33286608.285407417             7588
   2846.0432554069262        4.3265432182048821E-007   33286623.612681150             7589
   2846.4183022877855        4.3266340071779113E-007   33286638.933586612             7590
   2846.7933491686463        4.3254048187406868E-007   33286654.252800565             7591
   2847.1683960495066        4.3254961514118305E-007   33286669.565650005             7592
   2847.5434429303659        4.3242675050274479E-007   33286684.876810461             7593
   2847.9184898112267        4.3243593800596291E-007   33286700.181610148             7594
   2848.2935366920865        4.3231312743702040E-007   33286715.484723367             7595
   2848.6685835729468        4.3232236903838797E-007   33286730.781479564             7596
   2849.0436304538071        4.3219961239879162E-007   33286746.076551810             7597
   2849.4186773346664        4.3220890795587598E-007   33286761.365270764             7598
   2849.7937242155272        4.3208620510087829E-007   33286776.652308274             7599
   2850.1687710963874        4.3209555446652603E-007   33286791.932996221             7600
   2850.5438179772468        4.3197290524653357E-007   33286807.212005224             7601
   2850.9188648581076        4.3198230826861849E-007   33286822.484668389             7602
   2851.2939117389674        4.3185971252893435E-007   33286837.755655102             7603
   2851.6689586198272        4.3186916905009323E-007   33286853.020299695             7604
   2852.0440055006879        4.3174662663064671E-007   33286868.283270326             7605
   2852.4190523815473        4.3175613648800301E-007   33286883.539902538             7606
   2852.7940992624076        4.3163364722306883E-007   33286898.794863269             7607
   2853.1691461432683        4.3164321024794578E-007   33286914.043489289             7608
   2853.5441930241277        4.3152077396585000E-007   33286929.290446300             7609
   2853.9192399049880        4.3153038998347109E-007   33286944.531072296             7610
   2854.2942867858487        4.3140800650628471E-007   33286959.770031754             7611
   2854.6693336667081        4.3141767533546154E-007   33286975.002663877             7612
   2855.0443805475684        4.3129534447868288E-007   33286990.233631920             7613
   2855.4194274284287        4.3130506593148849E-007   33287005.458276313             7614
   2855.7944743092885        4.3118278750371067E-007   33287020.681259081             7615
   2856.1695211901488        4.3119256138514155E-007   33287035.897921864             7616
   2856.5445680710086        4.3107033518770584E-007   33287051.112925466             7617
   2856.9196149518689        4.3108016129533087E-007   33287066.321612746             7618
   2857.2946618327292        4.3095798712196840E-007   33287081.528643280             7619
   2857.6697087135890        4.3096786524555950E-007   33287096.729361154             7620
   2858.0447555944493        4.3084574288201719E-007   33287111.928424705             7621
   2858.4198024753096        4.3085567280316993E-007   33287127.121179242             7622
   2858.7948493561694        4.3073360202682155E-007   33287142.312281873             7623
   2859.1698962370297        4.3074358351855853E-007   33287157.497079130             7624
   2859.5449431178899        4.3062156409800106E-007   33287172.680226889             7625
   2859.9199899987498        4.3063159692436118E-007   33287187.857072901             7626
   2860.2950368796101        4.3050962861899758E-007   33287203.032271821             7627
   2860.6700837604699        4.3051971253460917E-007   33287218.201172609             7628
   2861.0451306413302        4.3039779509421128E-007   33287233.368428696             7629
   2861.4201775221904        4.3040792984384880E-007   33287248.529390257             7630
   2861.7952244030503        4.3028606300810789E-007   33287263.688709494             7631
   2862.1702712839106        4.3029624832623408E-007   33287278.841737807             7632
   2862.5453181647704        4.3017443182429321E-007   33287293.993126169             7633
   2862.9203650456307        4.3018466743458290E-007   33287309.138227191             7634
   2863.2954119264909        4.3006290098455336E-007   33287324.281690616             7635
   2863.6704588073508        4.3007318659940117E-007   33287339.418870285             7636
   2864.0455056882111        4.2995146990786113E-007   33287354.554414708             7637
   2864.4205525690713        4.2996180522787055E-007   33287369.683678936             7638
   2864.7955994499312        4.2984013798934725E-007   33287384.811310254             7639
   2865.1706463307914        4.2985052270280604E-007   33287399.932664927             7640
   2865.5456932116517        4.2972890459923882E-007   33287415.052389022             7641
   2865.9207400925116        4.2973933838157216E-007   33287430.165840011             7642
   2866.2957869733718        4.2961776908175939E-007   33287445.277662732             7643
   2866.6708338542317        4.2962825159496677E-007   33287460.383215874             7644
   2867.0458807350919        4.2950673075399282E-007   33287475.487143047             7645
   2867.4209276159522        4.2951726164606645E-007   33287490.584804162             7646
   2867.7959744968121        4.2939578890471096E-007   33287505.680841591             7647
   2868.1710213776723        4.2940636780903699E-007   33287520.770616464             7648
   2868.5460682585326        4.2928494279316549E-007   33287535.858769920             7649
   2868.9211151393924        4.2929556932790459E-007   33287550.940664306             7650
   2869.2961620202527        4.2917419164784101E-007   33287566.020939540             7651
   2869.6712089011125        4.2918486541529020E-007   33287581.094959177             7652
   2870.0462557819728        4.2906353466516927E-007   33287596.167361900             7653
   2870.4213026628331        4.2907425525110508E-007   33287611.233512484             7654
   2870.7963495436929        4.2895297100820523E-007   33287626.298048384             7655
   2871.1713964245532        4.2896373798120858E-007   33287641.356335584             7656
   2871.5464433054135        4.2884249980526700E-007   33287656.413010307             7657
   2871.9214901862729        4.2885331271602684E-007   33287671.463439763             7658
   2872.2965370671336        4.2873212014853338E-007   33287686.512258939             7659
   2872.6715839479939        4.2874297852913197E-007   33287701.554836247             7660
   2873.0466308288533        4.2862183109260585E-007   33287716.595805455             7661
   2873.4216777097140        4.2863273445578415E-007   33287731.630536191             7662
   2873.7967245905738        4.2851163165302853E-007   33287746.663660981             7663
   2874.1717714714337        4.2852257949143228E-007   33287761.690550674             7664
   2874.5468183522944        4.2840152080477136E-007   33287776.715836562             7665
   2874.9218652331538        4.2841251259017832E-007   33287791.734890703             7666
   2875.2969121140140        4.2829149748067347E-007   33287806.752343163             7667
   2875.6719589948748        4.2830253266319997E-007   33287821.763567202             7668
   2876.0470058757342        4.2818156056984793E-007   33287836.773191668             7669
   2876.4220527565944        4.2819263857713777E-007   33287851.776591022             7670
   2876.7970996374552        4.2807170891604945E-007   33287866.778392885             7671
   2877.1721465183145        4.2808282915244232E-007   33287881.773972932             7672
   2877.5471933991748        4.2796194131600113E-007   33287896.767957542             7673
   2877.9222402800351        4.2797310316168230E-007   33287911.755723607             7674
   2878.2972871608949        4.2785225651768588E-007   33287926.741896264             7675
   2878.6723340417552        4.2786345932781760E-007   33287941.721853625             7676
   2879.0473809226150        4.2774265321860002E-007   33287956.700219598             7677
   2879.4224278034753        4.2775389632243469E-007   33287971.672373496             7678
   2879.7974746843356        4.2763313006396909E-007   33287986.642937988             7679
   2880.1725215651954        4.2764441276394473E-007   33288001.607293598             7680
   2880.5475684460557        4.2752368564493076E-007   33288016.570061769             7681
   2880.9226153269160        4.2753500721574815E-007   33288031.526624236             7682
   2881.2976622077758        4.2741431849668088E-007   33288046.481601205             7683
   2881.6727090886361        4.2742567818436334E-007   33288061.430375606             7684
   2882.0477559694964        4.2730502709658425E-007   33288076.377566420             7685
   2882.4228028503562        4.2731642411752248E-007   33288091.318557784             7686
   2882.7978497312165        4.2719580986225599E-007   33288106.257967442             7687
   2883.1728966120763        4.2720724340223559E-007   33288121.191180740             7688
   2883.5479434929366        4.2708666514961050E-007   33288136.122814186             7689
   2883.9229903737969        4.2709813436282573E-007   33288151.048254333             7690
   2884.2980372546567        4.2697759125087917E-007   33288165.972116448             7691
   2884.6730841355170        4.2698909525892928E-007   33288180.889788292             7692
   2885.0481310163768        4.2686858639259815E-007   33288195.805883896             7693
   2885.4231778972371        4.2688012428347450E-007   33288210.715792224             7694
   2885.7982247780974        4.2675964873357387E-007   33288225.624126073             7695
   2886.1732716589572        4.2677121956062996E-007   33288240.526275609             7696
   2886.5483185398175        4.2665077636282051E-007   33288255.426852386             7697
   2886.9233654206778        4.2666237914373258E-007   33288270.321247779             7698
   2887.2984123015376        4.2654196729747278E-007   33288285.214072112             7699
   2887.6734591823979        4.2655360101319042E-007   33288300.100717951             7700
   2888.0485060632577        4.2643321948068200E-007   33288314.985794384             7701
   2888.4235529441180        4.2644488307436613E-007   33288329.864695176             7702
   2888.7985998249783        4.2632453077948995E-007   33288344.742028181             7703
   2889.1736467058381        4.2633622315544495E-007   33288359.613188364             7704
   2889.5486935866984        4.2621589898268973E-007   33288374.482782334             7705
   2889.9237404675587        4.2622761900528916E-007   33288389.346206266             7706
   2890.2987873484185        4.2610732179867051E-007   33288404.208065528             7707
   2890.6738342292788        4.2611906829127463E-007   33288419.063757483             7708
   2891.0488811101391        4.2599879685325292E-007   33288433.917886265             7709
   2891.4239279909989        4.2601056859712317E-007   33288448.765850436             7710
   2891.7989748718592        4.2589032168751744E-007   33288463.612252887             7711
   2892.1740217527190        4.2590211742073029E-007   33288478.452493384             7712
   2892.5490686335793        4.2578189375562986E-007   33288493.291173566             7713
   2892.9241155144396        4.2579371217198662E-007   33288508.123694405             7714
   2893.2991623952989        4.2567351042266240E-007   33288522.954656292             7715
   2893.6742092761597        4.2568535017060288E-007   33288537.779461388             7716
   2894.0492561570200        4.2556516896242008E-007   33288552.602708858             7717
   2894.4243030378793        4.2557702864393721E-007   33288567.419802051             7718
   2894.7993499187401        4.2545686655527458E-007   33288582.235338882             7719
   2895.1743967996003        4.2546874472483501E-007   33288597.044723894             7720
   2895.5494436804597        4.2534860028600744E-007   33288611.852553766             7721
   2895.9244905613205        4.2536049544947813E-007   33288626.654234231             7722
   2896.2995374421803        4.2524036714166687E-007   33288641.454360720             7723
   2896.6745843230401        4.2525227775525161E-007   33288656.248340160             7724
   2897.0496312039008        4.2513216400944755E-007   33288671.040766735             7725
   2897.4246780847602        4.2514408847863483E-007   33288685.827048559             7726
   2897.7997249656205        4.2502398767459286E-007   33288700.611778580             7727
   2898.1747718464812        4.2503592435311754E-007   33288715.390366096             7728
   2898.5498187273406        4.2491583481832488E-007   33288730.167402804             7729
   2898.9248656082009        4.2492778200714656E-007   33288744.938299198             7730
   2899.2999124890612        4.2480770201581117E-007   33288759.707645725             7731
   2899.6749593699210        4.2481965796211067E-007   33288774.470854066             7732
   2900.0500062507813        4.2469958573416873E-007   33288789.232513417             7733
   2900.4250531316416        4.2471154863036700E-007   33288803.988036644             7734
   2900.8001000125014        4.2459148233051447E-007   33288818.742011700             7735
   2901.1751468933617        4.2460345031331764E-007   33288833.489852637             7736
   2901.5501937742215        4.2448338805006590E-007   33288848.236146156             7737
   2901.9252406550818        4.2449535919953494E-007   33288862.976307489             7738
   2902.3002875359421        4.2437529902429792E-007   33288877.714922089             7739
   2902.6753344168019        4.2438727136295124E-007   33288892.447406381             7740
   2903.0503812976622        4.2426721126916401E-007   33288907.178344555             7741
   2903.4254281785225        4.2427918276111382E-007   33288921.903154209             7742
   2903.8004750593823        4.2415912068338665E-007   33288936.626418296             7743
   2904.1755219402426        4.2417108923351195E-007   33288951.343555599             7744
   2904.5505688211024        4.2405102304682323E-007   33288966.059147805             7745
   2904.9256157019627        4.2406298649998235E-007   33288980.768614881             7746
   2905.3006625828230        4.2394291401891314E-007   33288995.476537261             7747
   2905.6757094636828        4.2395487015920224E-007   33289010.178336088             7748
   2906.0507563445431        4.2383478913721866E-007   33289024.878590547             7749
   2906.4258032254033        4.2384673568727786E-007   33289039.572722953             7750
   2906.8008501062632        4.2372664381605975E-007   33289054.265311234             7751
   2907.1758969871235        4.2373857843642810E-007   33289068.951778889             7752
   2907.5509438679837        4.2361847334525491E-007   33289083.636702579             7753
   2907.9259907488436        4.2363039363378439E-007   33289098.315506984             7754
   2908.3010376297038        4.2351027288897536E-007   33289112.992767513             7755
   2908.6760845105637        4.2352217638029998E-007   33289127.663910013             7756
   2909.0511313914240        4.2340203748471574E-007   33289142.333508629             7757
   2909.4261782722842        4.2341392164978765E-007   33289156.996990390             7758
   2909.8012251531441        4.2329376204239846E-007   33289171.658928178             7759
   2910.1762720340043        4.2330562428808745E-007   33289186.314750195             7760
   2910.5513189148642        4.2318544134360950E-007   33289200.969028063             7761
   2910.9263657957245        4.2319727901237712E-007   33289215.617191147             7762
   2911.3014126765847        4.2307707004098169E-007   33289230.263809815             7763
   2911.6764595574446        4.2308888041062815E-007   33289244.904314604             7764
   2912.0515064383048        4.2296864265773033E-007   33289259.543274615             7765
   2912.4265533191651        4.2298042294122422E-007   33289274.176121548             7766
   2912.8016002000250        4.2286015358735122E-007   33289288.807423249             7767
   2913.1766470808852        4.2287190093274128E-007   33289303.432612587             7768
   2913.5516939617455        4.2275159709349096E-007   33289318.056256130             7769
   2913.9267408426053        4.2276330858390686E-007   33289332.673787925             7770
   2914.3017877234656        4.2264296730999383E-007   33289347.289773278             7771
   2914.6768346043254        4.2265463996374274E-007   33289361.899647385             7772
   2915.0518814851857        4.2253425824114160E-007   33289376.507974293             7773
   2915.4269283660460        4.2254588901189832E-007   33289391.110190369             7774
   2915.8019752469054        4.2242546376208715E-007   33289405.710858382             7775
   2916.1770221277661        4.2243704953919185E-007   33289420.305415865             7776
   2916.5520690086264        4.2231657761950058E-007   33289434.898424324             7777
   2916.9271158894858        4.2232811522836039E-007   33289449.485322446             7778
   2917.3021627703465        4.2220759343242908E-007   33289464.070670467             7779
   2917.6772096512068        4.2221907963503196E-007   33289478.649908245             7780
   2918.0522565320662        4.2209850469338300E-007   33289493.227594733             7781
   2918.4273034129269        4.2210993618893101E-007   33289507.799170952             7782
   2918.8023502937867        4.2198930476966014E-007   33289522.369194590             7783
   2919.1773971746466        4.2200067819532073E-007   33289536.933107812             7784
   2919.5524440555073        4.2187998690491369E-007   33289551.495467048             7785
   2919.9274909363667        4.2189129883669906E-007   33289566.051715620             7786
   2920.3025378172269        4.2177054422097566E-007   33289580.606408674             7787
   2920.6775846980877        4.2178179117475380E-007   33289595.154990692             7788
   2921.0526315789471        4.2166096971994481E-007   33289609.702015549             7789
   2921.4276784598073        4.2167214815258621E-007   33289624.242928881             7790
   2921.8027253406676        4.2155125628655089E-007   33289638.782283287             7791
   2922.1777722215274        4.2156236259721489E-007   33289653.315525562             7792
   2922.5528191023877        4.2144139669079897E-007   33289667.847207021             7793
   2922.9278659832476        4.2145242722236692E-007   33289682.372775611             7794
   2923.3029128641078        4.2133138359091132E-007   33289696.896781377             7795
   2923.6779597449681        4.2134233463157041E-007   33289711.414673414             7796
   2924.0530066258279        4.2122120953656986E-007   33289725.931000493             7797
   2924.4280535066882        4.2123207732155010E-007   33289740.441212863             7798
   2924.8031003875485        4.2111086697247134E-007   33289754.949858006             7799
   2925.1781472684083        4.2112164768594416E-007   33289769.452387325             7800
   2925.5531941492686        4.2100034824220506E-007   33289783.953347031             7801
   2925.9282410301289        4.2101103801934331E-007   33289798.448189668             7802
   2926.3032879109887        4.2088964559245867E-007   33289812.941460170             7803
   2926.6783347918490        4.2090024052166916E-007   33289827.428612228             7804
   2927.0533816727088        4.2077875117756591E-007   33289841.914189503             7805
   2927.4284285535691        4.2078924730289207E-007   33289856.393646821             7806
   2927.8034754344294        4.2066765706440308E-007   33289870.871526569             7807
   2928.1785223152892        4.2067805038810695E-007   33289885.343284726             7808
   2928.5535691961495        4.2055635523764157E-007   33289899.813462388             7809
   2928.9286160770098        4.2056664172296677E-007   33289914.277516682             7810
   2929.3036629578696        4.2044483760536682E-007   33289928.739987422             7811
   2929.6787098387299        4.2045501317948714E-007   33289943.196332887             7812
   2930.0537567195902        4.2033309600507104E-007   33289957.651091602             7813
   2930.4288036004500        4.2034315656222953E-007   33289972.099722993             7814
   2930.8038504813103        4.2022112221002651E-007   33289986.546764307             7815
   2931.1788973621701        4.2023106361486798E-007   33290000.987676099             7816
   2931.5539442430304        4.2010890793604936E-007   33290015.426994350             7817
   2931.9289911238907        4.2011872602715176E-007   33290029.860180758             7818
   2932.3040380047505        4.1999644484866144E-007   33290044.291770007             7819
   2932.6790848856108        4.2000613544226557E-007   33290058.717224948             7820
   2933.0541317664706        4.1988372457065296E-007   33290073.141078986             7821
   2933.4291786473309        4.1989328346459840E-007   33290087.558796108             7822
   2933.8042255281912        4.1977073869005671E-007   33290101.974908430             7823
   2934.1792724090510        4.1978016166792616E-007   33290116.384881094             7824
   2934.5543192899113        4.1965747876854195E-007   33290130.793244932             7825
   2934.9293661707716        4.1966676160401353E-007   33290145.195466220             7826
   2935.3044130516314        4.1954393635022715E-007   33290159.596074507             7827
   2935.6794599324917        4.1955307481164259E-007   33290173.990537215             7828
   2936.0545068133520        4.1943010297092035E-007   33290188.383382611             7829
   2936.4295536942118        4.1943909282606818E-007   33290202.770079255             7830
   2936.8046005750721        4.1931597016779730E-007   33290217.155154135             7831
   2937.1796474559319        4.1932480718891338E-007   33290231.534076955             7832
   2937.5546943367922        4.1920152948951186E-007   33290245.911373418             7833
   2937.9297412176525        4.1921020945850171E-007   33290260.282514364             7834
   2938.3047880985118        4.1908677250675071E-007   33290274.652024221             7835
   2938.6798349793726        4.1909529122063335E-007   33290289.015374970             7836
   2939.0548818602329        4.1897169082323390E-007   33290303.377089754             7837
   2939.4299287410922        4.1898004409980924E-007   33290317.732641701             7838
   2939.8049756219530        4.1885627608716083E-007   33290332.086552672             7839
   2940.1800225028128        4.1886445977090232E-007   33290346.434296936             7840
   2940.5550693836726        4.1874052000310896E-007   33290360.780395076             7841
   2940.9301162645334        4.1874852997128143E-007   33290375.120322496             7842
   2941.3051631453932        4.1862441434438379E-007   33290389.458598509             7843
   2941.6802100262530        4.1863224651339025E-007   33290403.790699668             7844
   2942.0552569071137        4.1850795096582422E-007   33290418.121143997             7845
   2942.4303037879731        4.1851560129777745E-007   33290432.445409194             7846
   2942.8053506688334        4.1839112181705959E-007   33290446.768012010             7847
   2943.1803975496941        4.1839858632658154E-007   33290461.084431287             7848
   2943.5554444305535        4.1827391895622245E-007   33290475.399182495             7849
   2943.9304913114138        4.1828119371746973E-007   33290489.707745630             7850
   2944.3055381922741        4.1815633456411311E-007   33290504.014634877             7851
   2944.6805850731339        4.1816341571803050E-007   33290518.315331392             7852
   2945.0556319539946        4.1803836095881820E-007   33290532.614348080             7853
   2945.4306788348540        4.1804524472061658E-007   33290546.907167241             7854
   2945.8057257157143        4.1791999061077994E-007   33290561.198300514             7855
   2946.1807725965750        4.1792667327763595E-007   33290575.483231340             7856
   2946.5558194774344        4.1780121615830766E-007   33290589.766470101             7857
   2946.9308663582947        4.1780769411728966E-007   33290604.043501381             7858
   2947.3059132391554        4.1768203042353736E-007   33290618.318834294             7859
   2947.6809601200148        4.1768830015974899E-007   33290632.587954577             7860
   2948.0560070008751        4.1756242642883018E-007   33290646.855370075             7861
   2948.4310538817354        4.1756848453377253E-007   33290661.116567686             7862
   2948.8061007625952        4.1744239741360346E-007   33290675.376053989             7863
   2949.1811476434555        4.1744824059375288E-007   33290689.629317030             7864
   2949.5561945243153        4.1732193685159312E-007   33290703.880862132             7865
   2949.9312414051756        4.1732756193718916E-007   33290718.126178496             7866
   2950.3062882860359        4.1720103846853533E-007   33290732.369770184             7867
   2950.6813351668957        4.1720644242257772E-007   33290746.607127566             7868
   2951.0563820477560        4.1707969626026240E-007   33290760.842753444             7869
   2951.4314289286162        4.1708487618771508E-007   33290775.072139341             7870
   2951.8064758094761        4.1695790451120933E-007   33290789.299786810             7871
   2952.1815226903364        4.1696285766839966E-007   33290803.521188539             7872
   2952.5565695711962        4.1683565781331404E-007   33290817.740844827             7873
   2952.9316164520565        4.1684038161753119E-007   33290831.954249538             7874
   2953.3066633329167        4.1671295108530759E-007   33290846.165901717             7875
   2953.6817102137766        4.1671744312458931E-007   33290860.371296391             7876
   2954.0567570946369        4.1658977959238164E-007   33290874.574931361             7877
   2954.4318039754971        4.1659403763548597E-007   33290888.772302832             7878
   2954.8068508563570        4.1646613896622180E-007   33290902.967907365             7879
   2955.1818977372172        4.1647016097277808E-007   33290917.157242343             7880
   2955.5569446180771        4.1634202522539570E-007   33290931.344803080             7881
   2955.9319914989374        4.1634580935622620E-007   33290945.526088133             7882
   2956.3070383797976        4.1621743479608186E-007   33290959.705591593             7883
   2956.6820852606575        4.1622097942369124E-007   33290973.878813203             7884
   2957.0571321415177        4.1609236453312668E-007   33290988.050245814             7885
   2957.4321790223780        4.1609566825234761E-007   33291002.215390351             7886
   2957.8072259032378        4.1596681174141409E-007   33291016.378738444             7887
   2958.1822727840981        4.1596987338020673E-007   33291030.535792209             7888
   2958.5573196649580        4.1584077419753549E-007   33291044.691042051             7889
   2958.9323665458182        4.1584359282792738E-007   33291058.839991279             7890
   2959.3074134266785        4.1571425017173876E-007   33291072.987129085             7891
   2959.6824603075383        4.1571682512090118E-007   33291087.127959970             7892
   2960.0575071883986        4.1558723845014488E-007   33291101.266971912             7893
   2960.4325540692589        4.1558956931159489E-007   33291115.399670620             7894
   2960.8076009501187        4.1545973835721200E-007   33291129.530542858             7895
   2961.1826478309790        4.1546182500213160E-007   33291143.655095544             7896
   2961.5576947118393        4.1533174977842909E-007   33291157.777814232             7897
   2961.9327415926991        4.1533359236709313E-007   33291171.894207060             7898
   2962.3077884735594        4.1520327318322172E-007   33291186.008758381             7899
   2962.6828353544192        4.1520487217652257E-007   33291200.116977546             7900
   2963.0578822352795        4.1507430964804790E-007   33291214.223347716             7901
   2963.4329291161398        4.1507566581911022E-007   33291228.323379468             7902
   2963.8079759969992        4.1494486087966630E-007   33291242.421554767             7903
   2964.1830228778599        4.1494597532553901E-007   33291256.513385419             7904
   2964.5580697587202        4.1481492923855638E-007   33291270.603352200             7905
   2964.9331166395796        4.1481580339197172E-007   33291284.686968163             7906
   2965.3081635204403        4.1468451776246532E-007   33291298.768712901             7907
   2965.6832104013006        4.1468515340365361E-007   33291312.844100703             7908
   2966.0582572821600        4.1455363019006324E-007   33291326.917609997             7909
   2966.4333041630207        4.1455402945861547E-007   33291340.984756298             7910
   2966.8083510438805        4.1442227098468401E-007   33291355.050016887             7911
   2967.1833979247403        4.1442243639144571E-007   33291369.108908534             7912
   2967.5584448056011        4.1429044535812702E-007   33291383.165907346             7913
   2967.9334916864605        4.1429037979711479E-007   33291397.216531351             7914
   2968.3085385673207        4.1415815929449693E-007   33291411.265255511             7915
   2968.6835854481815        4.1415786605482488E-007   33291425.307599124             7916
   2969.0586323290408        4.1402541957405717E-007   33291439.348035987             7917
   2969.4336792099011        4.1402490235186224E-007   33291453.382086679             7918
   2969.8087260907614        4.1389223379707432E-007   33291467.414223868             7919
   2970.1837729716212        4.1389149670742676E-007   33291481.439969394             7920
   2970.5588198524815        4.1375861040762662E-007   33291495.463794801             7921
   2970.9338667333418        4.1375765799641260E-007   33291509.481223214             7922
   2971.3089136142016        4.1362455871735277E-007   33291523.496725049             7923
   2971.6839604950619        4.1362339597311809E-007   33291537.505824726             7924
   2972.0590073759217        4.1349008892911397E-007   33291551.512991548             7925
   2972.4340542567820        4.1348872129485656E-007   33291565.513751224             7926
   2972.8091011376423        4.1335521216054629E-007   33291579.512571953             7927
   2973.1841480185021        4.1335364554544101E-007   33291593.504980762             7928
   2973.5591948993624        4.1321994046747419E-007   33291607.495444726             7929
   2973.9342417802227        4.1321818125851986E-007   33291621.479492202             7930
   2974.3092886610825        4.1308428686716144E-007   33291635.461589176             7931
   2974.6843355419428        4.1308234194073704E-007   33291649.437265318             7932
   2975.0593824228026        4.1294826536137020E-007   33291663.410985529             7933
   2975.4344293036629        4.1294614209468577E-007   33291677.378280807             7934
   2975.8094761845232        4.1281189095920735E-007   33291691.343614995             7935
   2976.1845230653830        4.1280959724163698E-007   33291705.302520420             7936
   2976.5595699462433        4.1267517969972576E-007   33291719.259459849             7937
   2976.9346168271036        4.1267272394400862E-007   33291733.209966965             7938
   2977.3096637079634        4.1253814867425725E-007   33291747.158503473             7939
   2977.6847105888237        4.1253553982755630E-007   33291761.100604411             7940
   2978.0597574696835        4.1240081604844971E-007   33291775.040730450             7941
   2978.4348043505438        4.1239806360325059E-007   33291788.974417981             7942
   2978.8098512314041        4.1226320108398367E-007   33291802.906126630             7943
   2979.1848981122639        4.1226031508882421E-007   33291816.831394166             7944
   2979.5599449931242        4.1212532415994068E-007   33291830.754679188             7945
   2979.9349918739845        4.1212231522995567E-007   33291844.671520844             7946
   2980.3100387548443        4.1198720679379635E-007   33291858.586376712             7947
   2980.6850856357046        4.1198408612106712E-007   33291872.494787339             7948
   2981.0601325165644        4.1184887166201565E-007   33291886.401209291             7949
   2981.4351793974247        4.1184565102570901E-007   33291900.301184509             7950
   2981.8102262782850        4.1171034262022272E-007   33291914.199168563             7951
   2982.1852731591448        4.1170703439650985E-007   33291928.090704806             7952
   2982.5603200400051        4.1157164472292097E-007   33291941.980247814             7953
   2982.9353669208654        4.1156826189465903E-007   33291955.863342367             7954
   2983.3104138017252        4.1143280424273596E-007   33291969.744442057             7955
   2983.6854606825855        4.1142936040890593E-007   33291983.619093090             7956
   2984.0605075634458        4.1129384868916311E-007   33291997.491748091             7957
   2984.4355544443056        4.1129035807404746E-007   33292011.357954711             7958
   2984.8106013251659        4.1115480682678890E-007   33292025.222164612             7959
   2985.1856482060257        4.1115128428887865E-007   33292039.079926901             7960
   2985.5606950868860        4.1101570869296706E-007   33292052.935692284             7961
   2985.9357419677463        4.1101216973358867E-007   33292066.785011332             7962
   2986.3107888486056        4.1087658561492489E-007   33292080.632333815             7963
   2986.6858357294664        4.1087304638657335E-007   33292094.473211769             7964
   2987.0608826103266        4.1073747022627979E-007   33292108.312094048             7965
   2987.4359294911860        4.1073394754064726E-007   33292122.144534167             7966
   2987.8109763720468        4.1059839648294149E-007   33292135.974980049             7967
   2988.1860232529066        4.1059490781863197E-007   33292149.798986722             7968
   2988.5610701337664        4.1045939967838024E-007   33292163.621001203             7969
   2988.9361170146271        4.1045596318830067E-007   33292177.436580006             7970
   2989.3111638954870        4.1032051645824202E-007   33292191.250169266             7971
   2989.6862107763468        4.1031715097665866E-007   33292205.057327021             7972
   2990.0612576572075        4.1018178483429060E-007   33292218.862498511             7973
   2990.4363045380669        4.1017850988354126E-007   33292232.661243297             7974
   2990.8113514189272        4.1004324419765847E-007   33292246.458005752             7975
   2991.1863982997879        4.1004007999451256E-007   33292260.248346981             7976
   2991.5614451806473        4.0990493533138686E-007   33292274.036710493             7977
   2991.9364920615076        4.0990190279304524E-007   33292287.818658944             7978
   2992.3115389423679        4.0976690042224045E-007   33292301.598634988             7979
   2992.6865858232277        4.0976402117196517E-007   33292315.372202843             7980
   2993.0616327040880        4.0962918307178138E-007   33292329.143804330             7981
   2993.4366795849478        4.0962647944415002E-007   33292342.909005236             7982
   2993.8117264658081        4.0949182830668602E-007   33292356.672246553             7983
   2994.1867733466684        4.0948932335246050E-007   33292370.429095659             7984
   2994.5618202275282        4.0935488258828913E-007   33292384.183992729             7985
   2994.9368671083885        4.0935260007889641E-007   33292397.932506733             7986
   2995.3119139892488        4.0921839382134646E-007   33292411.679077048             7987
   2995.6869608701086        4.0921635825296224E-007   33292425.419274248             7988
   2996.0620077509689        4.0908241136200295E-007   33292439.157536920             7989
   2996.4370546318291        4.0908064795923270E-007   33292452.889437258             7990
   2996.8121015126890        4.0894698602495199E-007   33292466.619413070             7991
   2997.1871483935493        4.0894552074410608E-007   33292480.343038183             7992
   2997.5621952744091        4.0881217008977988E-007   33292494.064749632             7993
   2997.9372421552694        4.0881102962173795E-007   33292507.780122884             7994
   2998.3122890361296        4.0867801730648769E-007   33292521.493594229             7995
   2998.6873359169895        4.0867722907914695E-007   33292535.200740784             7996
   2999.0623827978498        4.0854458290017963E-007   33292548.905998100             7997
   2999.4374296787096        4.0854417508048574E-007   33292562.604944952             7998
   2999.8124765595699        4.0842510558417257E-007   33292576.302016158             7999
   3000.1875234404297        4.0842510558417257E-007   33292589.993234068             8000
