  0.0000E+00  0.0000E+00  0.0000E+00  0.0000E+00  0.0000E+00
  3.7505E-01  2.9329E+05  4.9227E+09  5.4787E+09  8.9851E-01
  7.5009E-01  2.2402E+06  1.7195E+10  1.9046E+10  9.0280E-01
  1.1251E+00  7.2868E+06  3.4077E+10  3.8034E+10  8.9596E-01
  1.5002E+00  1.6720E+07  5.3767E+10  6.0648E+10  8.8655E-01
  1.8752E+00  3.1712E+07  7.5067E+10  8.5690E+10  8.7602E-01
  2.2503E+00  5.3348E+07  9.7171E+10  1.1236E+11  8.6485E-01
  2.6253E+00  8.2644E+07  1.1954E+11  1.4010E+11  8.5324E-01
  3.0004E+00  1.2056E+08  1.4181E+11  1.6856E+11  8.4130E-01
  3.3754E+00  1.6803E+08  1.6374E+11  1.9749E+11  8.2910E-01
  3.7505E+00  2.2593E+08  1.8517E+11  2.2673E+11  8.1669E-01
  4.1255E+00  2.9511E+08  2.0600E+11  2.5618E+11  8.0414E-01
  4.5006E+00  3.7640E+08  2.2618E+11  2.8577E+11  7.9146E-01
  4.8756E+00  4.7061E+08  2.4567E+11  3.1549E+11  7.7871E-01
  5.2507E+00  5.7852E+08  2.6447E+11  3.4530E+11  7.6591E-01
  5.6257E+00  7.0091E+08  2.8257E+11  3.7521E+11  7.5309E-01
  6.0008E+00  8.3851E+08  2.9999E+11  4.0524E+11  7.4028E-01
  6.3758E+00  9.9207E+08  3.1675E+11  4.3539E+11  7.2751E-01
  6.7508E+00  1.1623E+09  3.3287E+11  4.6569E+11  7.1478E-01
  7.1259E+00  1.3499E+09  3.4838E+11  4.9617E+11  7.0214E-01
  7.5009E+00  1.5556E+09  3.6329E+11  5.2683E+11  6.8958E-01
  7.8760E+00  1.7801E+09  3.7765E+11  5.5772E+11  6.7714E-01
  8.2510E+00  2.0239E+09  3.9147E+11  5.8884E+11  6.6482E-01
  8.6261E+00  2.2879E+09  4.0479E+11  6.2023E+11  6.5263E-01
  9.0011E+00  2.5726E+09  4.1762E+11  6.5192E+11  6.4060E-01
  9.3762E+00  2.8788E+09  4.2999E+11  6.8391E+11  6.2873E-01
  9.7512E+00  3.2069E+09  4.4194E+11  7.1624E+11  6.1702E-01
  1.0126E+01  3.5576E+09  4.5347E+11  7.4892E+11  6.0550E-01
  1.0501E+01  3.9316E+09  4.6461E+11  7.8197E+11  5.9416E-01
  1.0876E+01  4.3295E+09  4.7539E+11  8.1542E+11  5.8300E-01
  1.1251E+01  4.7518E+09  4.8582E+11  8.4927E+11  5.7204E-01
  1.1626E+01  5.1991E+09  4.9592E+11  8.8355E+11  5.6128E-01
  1.2002E+01  5.6720E+09  5.0571E+11  9.1826E+11  5.5072E-01
  1.2377E+01  6.1712E+09  5.1520E+11  9.5343E+11  5.4037E-01
  1.2752E+01  6.6970E+09  5.2442E+11  9.8907E+11  5.3021E-01
  1.3127E+01  7.2501E+09  5.3337E+11  1.0252E+12  5.2027E-01
  1.3502E+01  7.8311E+09  5.4207E+11  1.0618E+12  5.1053E-01
  1.3877E+01  8.4405E+09  5.5054E+11  1.0989E+12  5.0099E-01
  1.4252E+01  9.0787E+09  5.5878E+11  1.1365E+12  4.9166E-01
  1.4627E+01  9.7464E+09  5.6681E+11  1.1747E+12  4.8253E-01
  1.5002E+01  1.0444E+10  5.7464E+11  1.2133E+12  4.7360E-01
  1.5377E+01  1.1172E+10  5.8228E+11  1.2525E+12  4.6488E-01
  1.5752E+01  1.1931E+10  5.8974E+11  1.2923E+12  4.5635E-01
  1.6127E+01  1.2722E+10  5.9703E+11  1.3326E+12  4.4802E-01
  1.6502E+01  1.3544E+10  6.0416E+11  1.3735E+12  4.3988E-01
  1.6877E+01  1.4399E+10  6.1114E+11  1.4149E+12  4.3193E-01
  1.7252E+01  1.5286E+10  6.1797E+11  1.4569E+12  4.2416E-01
  1.7627E+01  1.6207E+10  6.2467E+11  1.4995E+12  4.1658E-01
  1.8002E+01  1.7162E+10  6.3124E+11  1.5427E+12  4.0919E-01
  1.8377E+01  1.8151E+10  6.3769E+11  1.5864E+12  4.0196E-01
  1.8752E+01  1.9175E+10  6.4402E+11  1.6308E+12  3.9492E-01
  1.9127E+01  2.0234E+10  6.5025E+11  1.6757E+12  3.8804E-01
  1.9502E+01  2.1329E+10  6.5637E+11  1.7213E+12  3.8133E-01
  1.9877E+01  2.2459E+10  6.6240E+11  1.7674E+12  3.7478E-01
  2.0253E+01  2.3626E+10  6.6833E+11  1.8142E+12  3.6840E-01
  2.0628E+01  2.4830E+10  6.7418E+11  1.8615E+12  3.6217E-01
  2.1003E+01  2.6071E+10  6.7995E+11  1.9095E+12  3.5609E-01
  2.1378E+01  2.7350E+10  6.8564E+11  1.9581E+12  3.5016E-01
  2.1753E+01  2.8667E+10  6.9126E+11  2.0073E+12  3.4438E-01
  2.2128E+01  3.0022E+10  6.9681E+11  2.0571E+12  3.3874E-01
  2.2503E+01  3.1416E+10  7.0230E+11  2.1075E+12  3.3324E-01
  2.2878E+01  3.2850E+10  7.0773E+11  2.1586E+12  3.2787E-01
  2.3253E+01  3.4323E+10  7.1311E+11  2.2103E+12  3.2263E-01
  2.3628E+01  3.5836E+10  7.1843E+11  2.2626E+12  3.1753E-01
  2.4003E+01  3.7389E+10  7.2371E+11  2.3155E+12  3.1255E-01
  2.4378E+01  3.8983E+10  7.2894E+11  2.3691E+12  3.0769E-01
  2.4753E+01  4.0618E+10  7.3413E+11  2.4233E+12  3.0295E-01
  2.5128E+01  4.2294E+10  7.3928E+11  2.4781E+12  2.9833E-01
  2.5503E+01  4.4013E+10  7.4440E+11  2.5335E+12  2.9382E-01
  2.5878E+01  4.5773E+10  7.4948E+11  2.5896E+12  2.8942E-01
  2.6253E+01  4.7576E+10  7.5453E+11  2.6463E+12  2.8513E-01
  2.6628E+01  4.9421E+10  7.5956E+11  2.7036E+12  2.8094E-01
  2.7003E+01  5.1309E+10  7.6456E+11  2.7616E+12  2.7685E-01
  2.7378E+01  5.3241E+10  7.6954E+11  2.8202E+12  2.7287E-01
  2.7753E+01  5.5217E+10  7.7450E+11  2.8794E+12  2.6898E-01
  2.8129E+01  5.7237E+10  7.7944E+11  2.9393E+12  2.6518E-01
  2.8504E+01  5.9301E+10  7.8437E+11  2.9998E+12  2.6147E-01
  2.8879E+01  6.1409E+10  7.8928E+11  3.0609E+12  2.5786E-01
  2.9254E+01  6.3563E+10  7.9419E+11  3.1227E+12  2.5433E-01
  2.9629E+01  6.5761E+10  7.9908E+11  3.1851E+12  2.5088E-01
  3.0004E+01  6.8005E+10  8.0396E+11  3.2481E+12  2.4752E-01
  3.0379E+01  7.0295E+10  8.0884E+11  3.3117E+12  2.4423E-01
  3.0754E+01  7.2631E+10  8.1372E+11  3.3760E+12  2.4103E-01
  3.1129E+01  7.5014E+10  8.1859E+11  3.4409E+12  2.3790E-01
  3.1504E+01  7.7442E+10  8.2346E+11  3.5065E+12  2.3484E-01
  3.1879E+01  7.9918E+10  8.2834E+11  3.5726E+12  2.3186E-01
  3.2254E+01  8.2441E+10  8.3321E+11  3.6394E+12  2.2894E-01
  3.2629E+01  8.5011E+10  8.3809E+11  3.7069E+12  2.2609E-01
  3.3004E+01  8.7629E+10  8.4298E+11  3.7749E+12  2.2331E-01
  3.3379E+01  9.0295E+10  8.4787E+11  3.8436E+12  2.2059E-01
  3.3754E+01  9.3008E+10  8.5277E+11  3.9129E+12  2.1794E-01
  3.4129E+01  9.5770E+10  8.5768E+11  3.9828E+12  2.1534E-01
  3.4504E+01  9.8581E+10  8.6260E+11  4.0534E+12  2.1281E-01
  3.4879E+01  1.0144E+11  8.6753E+11  4.1246E+12  2.1033E-01
  3.5254E+01  1.0435E+11  8.7248E+11  4.1964E+12  2.0791E-01
  3.5629E+01  1.0731E+11  8.7744E+11  4.2688E+12  2.0555E-01
  3.6005E+01  1.1031E+11  8.8242E+11  4.3419E+12  2.0323E-01
  3.6380E+01  1.1337E+11  8.8741E+11  4.4155E+12  2.0097E-01
  3.6755E+01  1.1648E+11  8.9242E+11  4.4898E+12  1.9877E-01
  3.7130E+01  1.1963E+11  8.9744E+11  4.5647E+12  1.9661E-01
  3.7505E+01  1.2284E+11  9.0249E+11  4.6402E+12  1.9449E-01
  3.7880E+01  1.2610E+11  9.0756E+11  4.7164E+12  1.9243E-01
  3.8255E+01  1.2941E+11  9.1265E+11  4.7931E+12  1.9041E-01
  3.8630E+01  1.3277E+11  9.1776E+11  4.8705E+12  1.8843E-01
  3.9005E+01  1.3618E+11  9.2289E+11  4.9484E+12  1.8650E-01
  3.9380E+01  1.3964E+11  9.2805E+11  5.0270E+12  1.8461E-01
  3.9755E+01  1.4315E+11  9.3323E+11  5.1062E+12  1.8276E-01
  4.0130E+01  1.4672E+11  9.3844E+11  5.1860E+12  1.8096E-01
  4.0505E+01  1.5033E+11  9.4368E+11  5.2665E+12  1.7919E-01
  4.0880E+01  1.5400E+11  9.4894E+11  5.3475E+12  1.7746E-01
  4.1255E+01  1.5772E+11  9.5423E+11  5.4291E+12  1.7576E-01
  4.1630E+01  1.6150E+11  9.5955E+11  5.5113E+12  1.7410E-01
  4.2005E+01  1.6532E+11  9.6490E+11  5.5942E+12  1.7248E-01
  4.2380E+01  1.6920E+11  9.7027E+11  5.6776E+12  1.7089E-01
  4.2755E+01  1.7313E+11  9.7568E+11  5.7617E+12  1.6934E-01
  4.3130E+01  1.7711E+11  9.8112E+11  5.8463E+12  1.6782E-01
  4.3505E+01  1.8115E+11  9.8659E+11  5.9315E+12  1.6633E-01
  4.3880E+01  1.8524E+11  9.9210E+11  6.0174E+12  1.6487E-01
  4.4256E+01  1.8939E+11  9.9763E+11  6.1038E+12  1.6344E-01
  4.4631E+01  1.9358E+11  1.0032E+12  6.1908E+12  1.6205E-01
  4.5006E+01  1.9783E+11  1.0088E+12  6.2784E+12  1.6068E-01
  4.5381E+01  2.0214E+11  1.0144E+12  6.3667E+12  1.5934E-01
  4.5756E+01  2.0650E+11  1.0201E+12  6.4555E+12  1.5802E-01
  4.6131E+01  2.1091E+11  1.0258E+12  6.5448E+12  1.5674E-01
  4.6506E+01  2.1538E+11  1.0316E+12  6.6348E+12  1.5548E-01
  4.6881E+01  2.1990E+11  1.0374E+12  6.7254E+12  1.5425E-01
  4.7256E+01  2.2447E+11  1.0432E+12  6.8165E+12  1.5304E-01
  4.7631E+01  2.2910E+11  1.0490E+12  6.9083E+12  1.5185E-01
  4.8006E+01  2.3379E+11  1.0549E+12  7.0006E+12  1.5069E-01
  4.8381E+01  2.3853E+11  1.0609E+12  7.0935E+12  1.4956E-01
  4.8756E+01  2.4332E+11  1.0669E+12  7.1870E+12  1.4844E-01
  4.9131E+01  2.4817E+11  1.0729E+12  7.2810E+12  1.4735E-01
  4.9506E+01  2.5308E+11  1.0789E+12  7.3757E+12  1.4628E-01
  4.9881E+01  2.5804E+11  1.0850E+12  7.4709E+12  1.4523E-01
  5.0256E+01  2.6305E+11  1.0911E+12  7.5667E+12  1.4420E-01
  5.0631E+01  2.6812E+11  1.0973E+12  7.6630E+12  1.4320E-01
  5.1006E+01  2.7325E+11  1.1035E+12  7.7600E+12  1.4221E-01
  5.1381E+01  2.7843E+11  1.1098E+12  7.8575E+12  1.4124E-01
  5.1756E+01  2.8367E+11  1.1161E+12  7.9556E+12  1.4029E-01
  5.2132E+01  2.8896E+11  1.1224E+12  8.0542E+12  1.3936E-01
  5.2507E+01  2.9431E+11  1.1288E+12  8.1534E+12  1.3845E-01
  5.2882E+01  2.9971E+11  1.1353E+12  8.2532E+12  1.3755E-01
  5.3257E+01  3.0517E+11  1.1417E+12  8.3535E+12  1.3668E-01
  5.3632E+01  3.1069E+11  1.1482E+12  8.4544E+12  1.3582E-01
  5.4007E+01  3.1626E+11  1.1548E+12  8.5559E+12  1.3497E-01
  5.4382E+01  3.2189E+11  1.1614E+12  8.6579E+12  1.3415E-01
  5.4757E+01  3.2758E+11  1.1681E+12  8.7605E+12  1.3333E-01
  5.5132E+01  3.3332E+11  1.1748E+12  8.8636E+12  1.3254E-01
  5.5507E+01  3.3912E+11  1.1815E+12  8.9673E+12  1.3176E-01
  5.5882E+01  3.4498E+11  1.1883E+12  9.0715E+12  1.3099E-01
  5.6257E+01  3.5089E+11  1.1951E+12  9.1763E+12  1.3024E-01
  5.6632E+01  3.5686E+11  1.2020E+12  9.2817E+12  1.2950E-01
  5.7007E+01  3.6288E+11  1.2089E+12  9.3875E+12  1.2878E-01
  5.7382E+01  3.6896E+11  1.2159E+12  9.4940E+12  1.2807E-01
  5.7757E+01  3.7510E+11  1.2229E+12  9.6010E+12  1.2737E-01
  5.8132E+01  3.8130E+11  1.2300E+12  9.7085E+12  1.2669E-01
  5.8507E+01  3.8755E+11  1.2371E+12  9.8166E+12  1.2602E-01
  5.8882E+01  3.9386E+11  1.2442E+12  9.9252E+12  1.2536E-01
  5.9257E+01  4.0022E+11  1.2514E+12  1.0034E+13  1.2471E-01
  5.9632E+01  4.0665E+11  1.2587E+12  1.0144E+13  1.2408E-01
  6.0008E+01  4.1313E+11  1.2660E+12  1.0254E+13  1.2346E-01
  6.0383E+01  4.1966E+11  1.2733E+12  1.0365E+13  1.2285E-01
  6.0758E+01  4.2626E+11  1.2807E+12  1.0476E+13  1.2225E-01
  6.1133E+01  4.3291E+11  1.2882E+12  1.0588E+13  1.2166E-01
  6.1508E+01  4.3962E+11  1.2957E+12  1.0701E+13  1.2108E-01
  6.1883E+01  4.4639E+11  1.3032E+12  1.0814E+13  1.2052E-01
  6.2258E+01  4.5321E+11  1.3108E+12  1.0927E+13  1.1996E-01
  6.2633E+01  4.6009E+11  1.3184E+12  1.1041E+13  1.1941E-01
  6.3008E+01  4.6703E+11  1.3261E+12  1.1155E+13  1.1888E-01
  6.3383E+01  4.7403E+11  1.3339E+12  1.1270E+13  1.1835E-01
  6.3758E+01  4.8108E+11  1.3417E+12  1.1386E+13  1.1783E-01
  6.4133E+01  4.8819E+11  1.3495E+12  1.1502E+13  1.1733E-01
  6.4508E+01  4.9536E+11  1.3574E+12  1.1619E+13  1.1683E-01
  6.4883E+01  5.0258E+11  1.3653E+12  1.1736E+13  1.1634E-01
  6.5258E+01  5.0987E+11  1.3733E+12  1.1853E+13  1.1586E-01
  6.5633E+01  5.1721E+11  1.3814E+12  1.1972E+13  1.1539E-01
  6.6008E+01  5.2461E+11  1.3895E+12  1.2090E+13  1.1492E-01
  6.6383E+01  5.3206E+11  1.3976E+12  1.2209E+13  1.1447E-01
  6.6758E+01  5.3957E+11  1.4058E+12  1.2329E+13  1.1402E-01
  6.7133E+01  5.4715E+11  1.4140E+12  1.2449E+13  1.1358E-01
  6.7508E+01  5.5477E+11  1.4223E+12  1.2570E+13  1.1315E-01
  6.7883E+01  5.6246E+11  1.4307E+12  1.2691E+13  1.1273E-01
  6.8259E+01  5.7020E+11  1.4391E+12  1.2813E+13  1.1231E-01
  6.8634E+01  5.7800E+11  1.4475E+12  1.2935E+13  1.1190E-01
  6.9009E+01  5.8586E+11  1.4560E+12  1.3058E+13  1.1150E-01
  6.9384E+01  5.9378E+11  1.4645E+12  1.3181E+13  1.1111E-01
  6.9759E+01  6.0175E+11  1.4731E+12  1.3305E+13  1.1072E-01
  7.0134E+01  6.0979E+11  1.4818E+12  1.3429E+13  1.1034E-01
  7.0509E+01  6.1787E+11  1.4905E+12  1.3554E+13  1.0997E-01
  7.0884E+01  6.2602E+11  1.4993E+12  1.3679E+13  1.0960E-01
  7.1259E+01  6.3423E+11  1.5081E+12  1.3805E+13  1.0924E-01
  7.1634E+01  6.4249E+11  1.5169E+12  1.3931E+13  1.0889E-01
  7.2009E+01  6.5081E+11  1.5258E+12  1.4058E+13  1.0854E-01
  7.2384E+01  6.5918E+11  1.5348E+12  1.4185E+13  1.0820E-01
  7.2759E+01  6.6762E+11  1.5438E+12  1.4313E+13  1.0786E-01
  7.3134E+01  6.7611E+11  1.5529E+12  1.4441E+13  1.0753E-01
  7.3509E+01  6.8466E+11  1.5620E+12  1.4570E+13  1.0721E-01
  7.3884E+01  6.9327E+11  1.5712E+12  1.4699E+13  1.0689E-01
  7.4259E+01  7.0193E+11  1.5804E+12  1.4828E+13  1.0658E-01
  7.4634E+01  7.1066E+11  1.5897E+12  1.4959E+13  1.0627E-01
  7.5009E+01  7.1943E+11  1.5990E+12  1.5089E+13  1.0597E-01
  7.5384E+01  7.2827E+11  1.6084E+12  1.5220E+13  1.0567E-01
  7.5759E+01  7.3717E+11  1.6178E+12  1.5352E+13  1.0538E-01
  7.6135E+01  7.4612E+11  1.6273E+12  1.5484E+13  1.0510E-01
  7.6510E+01  7.5513E+11  1.6368E+12  1.5617E+13  1.0481E-01
  7.6885E+01  7.6419E+11  1.6464E+12  1.5750E+13  1.0454E-01
  7.7260E+01  7.7332E+11  1.6561E+12  1.5883E+13  1.0427E-01
  7.7635E+01  7.8250E+11  1.6658E+12  1.6017E+13  1.0400E-01
  7.8010E+01  7.9174E+11  1.6755E+12  1.6151E+13  1.0374E-01
  7.8385E+01  8.0103E+11  1.6853E+12  1.6286E+13  1.0348E-01
  7.8760E+01  8.1039E+11  1.6952E+12  1.6422E+13  1.0323E-01
  7.9135E+01  8.1980E+11  1.7051E+12  1.6558E+13  1.0298E-01
  7.9510E+01  8.2926E+11  1.7151E+12  1.6694E+13  1.0274E-01
  7.9885E+01  8.3879E+11  1.7251E+12  1.6831E+13  1.0250E-01
  8.0260E+01  8.4837E+11  1.7351E+12  1.6968E+13  1.0226E-01
  8.0635E+01  8.5801E+11  1.7453E+12  1.7106E+13  1.0203E-01
  8.1010E+01  8.6771E+11  1.7554E+12  1.7244E+13  1.0180E-01
  8.1385E+01  8.7746E+11  1.7657E+12  1.7382E+13  1.0158E-01
  8.1760E+01  8.8727E+11  1.7759E+12  1.7522E+13  1.0136E-01
  8.2135E+01  8.9713E+11  1.7863E+12  1.7661E+13  1.0114E-01
  8.2510E+01  9.0706E+11  1.7966E+12  1.7801E+13  1.0093E-01
  8.2885E+01  9.1704E+11  1.8071E+12  1.7942E+13  1.0072E-01
  8.3260E+01  9.2707E+11  1.8176E+12  1.8083E+13  1.0052E-01
  8.3635E+01  9.3717E+11  1.8281E+12  1.8224E+13  1.0031E-01
  8.4011E+01  9.4732E+11  1.8387E+12  1.8366E+13  1.0012E-01
  8.4386E+01  9.5753E+11  1.8494E+12  1.8508E+13  9.9923E-02
  8.4761E+01  9.6779E+11  1.8601E+12  1.8651E+13  9.9732E-02
  8.5136E+01  9.7811E+11  1.8708E+12  1.8794E+13  9.9545E-02
  8.5511E+01  9.8849E+11  1.8816E+12  1.8937E+13  9.9361E-02
  8.5886E+01  9.9892E+11  1.8925E+12  1.9082E+13  9.9180E-02
  8.6261E+01  1.0094E+12  1.9034E+12  1.9226E+13  9.9002E-02
  8.6636E+01  1.0200E+12  1.9144E+12  1.9371E+13  9.8827E-02
  8.7011E+01  1.0306E+12  1.9254E+12  1.9516E+13  9.8656E-02
  8.7386E+01  1.0412E+12  1.9365E+12  1.9662E+13  9.8487E-02
  8.7761E+01  1.0519E+12  1.9476E+12  1.9808E+13  9.8322E-02
  8.8136E+01  1.0627E+12  1.9588E+12  1.9955E+13  9.8159E-02
  8.8511E+01  1.0735E+12  1.9700E+12  2.0102E+13  9.8000E-02
  8.8886E+01  1.0844E+12  1.9813E+12  2.0250E+13  9.7843E-02
  8.9261E+01  1.0954E+12  1.9926E+12  2.0398E+13  9.7689E-02
  8.9636E+01  1.1064E+12  2.0040E+12  2.0546E+13  9.7537E-02
  9.0011E+01  1.1174E+12  2.0155E+12  2.0695E+13  9.7389E-02
  9.0386E+01  1.1285E+12  2.0270E+12  2.0844E+13  9.7243E-02
  9.0761E+01  1.1397E+12  2.0385E+12  2.0994E+13  9.7100E-02
  9.1136E+01  1.1509E+12  2.0501E+12  2.1144E+13  9.6959E-02
  9.1511E+01  1.1622E+12  2.0618E+12  2.1295E+13  9.6821E-02
  9.1886E+01  1.1735E+12  2.0735E+12  2.1446E+13  9.6685E-02
  9.2262E+01  1.1849E+12  2.0853E+12  2.1597E+13  9.6551E-02
  9.2637E+01  1.1963E+12  2.0971E+12  2.1749E+13  9.6420E-02
  9.3012E+01  1.2078E+12  2.1089E+12  2.1901E+13  9.6292E-02
  9.3387E+01  1.2194E+12  2.1209E+12  2.2054E+13  9.6166E-02
  9.3762E+01  1.2310E+12  2.1328E+12  2.2207E+13  9.6042E-02
  9.4137E+01  1.2426E+12  2.1449E+12  2.2361E+13  9.5920E-02
  9.4512E+01  1.2544E+12  2.1569E+12  2.2515E+13  9.5801E-02
  9.4887E+01  1.2661E+12  2.1691E+12  2.2669E+13  9.5683E-02
  9.5262E+01  1.2780E+12  2.1812E+12  2.2824E+13  9.5568E-02
  9.5637E+01  1.2898E+12  2.1935E+12  2.2979E+13  9.5455E-02
  9.6012E+01  1.3018E+12  2.2058E+12  2.3135E+13  9.5344E-02
  9.6387E+01  1.3138E+12  2.2181E+12  2.3291E+13  9.5236E-02
  9.6762E+01  1.3258E+12  2.2305E+12  2.3447E+13  9.5129E-02
  9.7137E+01  1.3379E+12  2.2429E+12  2.3604E+13  9.5024E-02
  9.7512E+01  1.3501E+12  2.2554E+12  2.3761E+13  9.4921E-02
  9.7887E+01  1.3623E+12  2.2680E+12  2.3919E+13  9.4820E-02
  9.8262E+01  1.3746E+12  2.2806E+12  2.4077E+13  9.4721E-02
  9.8637E+01  1.3869E+12  2.2932E+12  2.4235E+13  9.4624E-02
  9.9012E+01  1.3993E+12  2.3059E+12  2.4394E+13  9.4528E-02
  9.9387E+01  1.4117E+12  2.3187E+12  2.4553E+13  9.4435E-02
  9.9762E+01  1.4242E+12  2.3315E+12  2.4713E+13  9.4343E-02
  1.0014E+02  1.4367E+12  2.3444E+12  2.4873E+13  9.4253E-02
  1.0051E+02  1.4493E+12  2.3573E+12  2.5034E+13  9.4165E-02
  1.0089E+02  1.4619E+12  2.3702E+12  2.5194E+13  9.4078E-02
  1.0126E+02  1.4746E+12  2.3833E+12  2.5356E+13  9.3993E-02
  1.0164E+02  1.4874E+12  2.3963E+12  2.5517E+13  9.3910E-02
  1.0201E+02  1.5002E+12  2.4094E+12  2.5679E+13  9.3828E-02
  1.0239E+02  1.5131E+12  2.4226E+12  2.5842E+13  9.3748E-02
  1.0276E+02  1.5260E+12  2.4358E+12  2.6005E+13  9.3670E-02
  1.0314E+02  1.5390E+12  2.4491E+12  2.6168E+13  9.3593E-02
  1.0351E+02  1.5520E+12  2.4624E+12  2.6331E+13  9.3518E-02
  1.0389E+02  1.5651E+12  2.4758E+12  2.6495E+13  9.3444E-02
  1.0426E+02  1.5782E+12  2.4892E+12  2.6660E+13  9.3371E-02
  1.0464E+02  1.5914E+12  2.5027E+12  2.6824E+13  9.3300E-02
  1.0501E+02  1.6046E+12  2.5163E+12  2.6990E+13  9.3231E-02
  1.0539E+02  1.6179E+12  2.5298E+12  2.7155E+13  9.3163E-02
  1.0576E+02  1.6312E+12  2.5435E+12  2.7321E+13  9.3096E-02
  1.0614E+02  1.6446E+12  2.5572E+12  2.7487E+13  9.3031E-02
  1.0651E+02  1.6581E+12  2.5709E+12  2.7654E+13  9.2967E-02
  1.0689E+02  1.6716E+12  2.5847E+12  2.7821E+13  9.2904E-02
  1.0726E+02  1.6851E+12  2.5985E+12  2.7988E+13  9.2843E-02
  1.0764E+02  1.6987E+12  2.6124E+12  2.8156E+13  9.2783E-02
  1.0801E+02  1.7124E+12  2.6263E+12  2.8324E+13  9.2724E-02
  1.0839E+02  1.7261E+12  2.6403E+12  2.8493E+13  9.2667E-02
  1.0876E+02  1.7399E+12  2.6544E+12  2.8662E+13  9.2611E-02
  1.0914E+02  1.7537E+12  2.6685E+12  2.8831E+13  9.2556E-02
  1.0951E+02  1.7676E+12  2.6826E+12  2.9001E+13  9.2502E-02
  1.0989E+02  1.7815E+12  2.6968E+12  2.9171E+13  9.2449E-02
  1.1026E+02  1.7954E+12  2.7110E+12  2.9341E+13  9.2398E-02
  1.1064E+02  1.8095E+12  2.7253E+12  2.9512E+13  9.2347E-02
  1.1101E+02  1.8236E+12  2.7397E+12  2.9683E+13  9.2298E-02
  1.1139E+02  1.8377E+12  2.7541E+12  2.9854E+13  9.2250E-02
  1.1176E+02  1.8519E+12  2.7685E+12  3.0026E+13  9.2203E-02
  1.1214E+02  1.8661E+12  2.7830E+12  3.0198E+13  9.2157E-02
  1.1251E+02  1.8804E+12  2.7975E+12  3.0371E+13  9.2113E-02
  1.1289E+02  1.8947E+12  2.8121E+12  3.0544E+13  9.2069E-02
  1.1326E+02  1.9091E+12  2.8268E+12  3.0717E+13  9.2026E-02
  1.1364E+02  1.9235E+12  2.8415E+12  3.0891E+13  9.1985E-02
  1.1401E+02  1.9380E+12  2.8562E+12  3.1065E+13  9.1944E-02
  1.1439E+02  1.9526E+12  2.8710E+12  3.1239E+13  9.1904E-02
  1.1476E+02  1.9672E+12  2.8859E+12  3.1414E+13  9.1865E-02
  1.1514E+02  1.9818E+12  2.9007E+12  3.1589E+13  9.1828E-02
  1.1551E+02  1.9965E+12  2.9157E+12  3.1764E+13  9.1791E-02
  1.1589E+02  2.0112E+12  2.9307E+12  3.1940E+13  9.1755E-02
  1.1626E+02  2.0260E+12  2.9457E+12  3.2116E+13  9.1720E-02
  1.1664E+02  2.0409E+12  2.9608E+12  3.2293E+13  9.1686E-02
  1.1701E+02  2.0558E+12  2.9759E+12  3.2470E+13  9.1653E-02
  1.1739E+02  2.0707E+12  2.9911E+12  3.2647E+13  9.1621E-02
  1.1776E+02  2.0857E+12  3.0064E+12  3.2824E+13  9.1589E-02
  1.1814E+02  2.1008E+12  3.0216E+12  3.3002E+13  9.1559E-02
  1.1851E+02  2.1159E+12  3.0370E+12  3.3180E+13  9.1529E-02
  1.1889E+02  2.1310E+12  3.0524E+12  3.3359E+13  9.1500E-02
  1.1926E+02  2.1462E+12  3.0678E+12  3.3538E+13  9.1472E-02
  1.1964E+02  2.1615E+12  3.0833E+12  3.3717E+13  9.1445E-02
  1.2002E+02  2.1768E+12  3.0988E+12  3.3897E+13  9.1419E-02
  1.2039E+02  2.1921E+12  3.1144E+12  3.4077E+13  9.1393E-02
  1.2077E+02  2.2075E+12  3.1300E+12  3.4257E+13  9.1369E-02
  1.2114E+02  2.2230E+12  3.1457E+12  3.4438E+13  9.1344E-02
  1.2152E+02  2.2384E+12  3.1614E+12  3.4618E+13  9.1321E-02
  1.2189E+02  2.2540E+12  3.1772E+12  3.4800E+13  9.1299E-02
  1.2227E+02  2.2696E+12  3.1930E+12  3.4981E+13  9.1277E-02
  1.2264E+02  2.2852E+12  3.2089E+12  3.5163E+13  9.1256E-02
  1.2302E+02  2.3009E+12  3.2248E+12  3.5346E+13  9.1235E-02
  1.2339E+02  2.3167E+12  3.2407E+12  3.5528E+13  9.1216E-02
  1.2377E+02  2.3325E+12  3.2567E+12  3.5711E+13  9.1197E-02
  1.2414E+02  2.3483E+12  3.2728E+12  3.5894E+13  9.1178E-02
  1.2452E+02  2.3642E+12  3.2889E+12  3.6078E+13  9.1161E-02
  1.2489E+02  2.3801E+12  3.3050E+12  3.6262E+13  9.1144E-02
  1.2527E+02  2.3961E+12  3.3212E+12  3.6446E+13  9.1127E-02
  1.2564E+02  2.4122E+12  3.3375E+12  3.6631E+13  9.1112E-02
  1.2602E+02  2.4282E+12  3.3538E+12  3.6816E+13  9.1097E-02
  1.2639E+02  2.4444E+12  3.3701E+12  3.7001E+13  9.1082E-02
  1.2677E+02  2.4606E+12  3.3865E+12  3.7186E+13  9.1069E-02
  1.2714E+02  2.4768E+12  3.4030E+12  3.7372E+13  9.1055E-02
  1.2752E+02  2.4931E+12  3.4194E+12  3.7559E+13  9.1043E-02
  1.2789E+02  2.5094E+12  3.4360E+12  3.7745E+13  9.1031E-02
  1.2827E+02  2.5258E+12  3.4525E+12  3.7932E+13  9.1020E-02
  1.2864E+02  2.5422E+12  3.4692E+12  3.8119E+13  9.1009E-02
  1.2902E+02  2.5587E+12  3.4858E+12  3.8307E+13  9.0998E-02
  1.2939E+02  2.5752E+12  3.5026E+12  3.8494E+13  9.0989E-02
  1.2977E+02  2.5917E+12  3.5193E+12  3.8682E+13  9.0980E-02
  1.3014E+02  2.6083E+12  3.5361E+12  3.8871E+13  9.0971E-02
  1.3052E+02  2.6250E+12  3.5530E+12  3.9060E+13  9.0963E-02
  1.3089E+02  2.6417E+12  3.5699E+12  3.9249E+13  9.0956E-02
  1.3127E+02  2.6585E+12  3.5868E+12  3.9438E+13  9.0949E-02
  1.3164E+02  2.6753E+12  3.6038E+12  3.9628E+13  9.0942E-02
  1.3202E+02  2.6921E+12  3.6209E+12  3.9818E+13  9.0936E-02
  1.3239E+02  2.7090E+12  3.6379E+12  4.0008E+13  9.0931E-02
  1.3277E+02  2.7259E+12  3.6551E+12  4.0198E+13  9.0926E-02
  1.3314E+02  2.7429E+12  3.6723E+12  4.0389E+13  9.0921E-02
  1.3352E+02  2.7600E+12  3.6895E+12  4.0581E+13  9.0917E-02
  1.3389E+02  2.7771E+12  3.7067E+12  4.0772E+13  9.0914E-02
  1.3427E+02  2.7942E+12  3.7241E+12  4.0964E+13  9.0911E-02
  1.3464E+02  2.8114E+12  3.7414E+12  4.1156E+13  9.0908E-02
  1.3502E+02  2.8286E+12  3.7588E+12  4.1348E+13  9.0906E-02
  1.3539E+02  2.8458E+12  3.7763E+12  4.1541E+13  9.0904E-02
  1.3577E+02  2.8632E+12  3.7938E+12  4.1734E+13  9.0903E-02
  1.3614E+02  2.8805E+12  3.8113E+12  4.1928E+13  9.0902E-02
  1.3652E+02  2.8979E+12  3.8289E+12  4.2121E+13  9.0902E-02
  1.3689E+02  2.9154E+12  3.8465E+12  4.2315E+13  9.0902E-02
  1.3727E+02  2.9329E+12  3.8642E+12  4.2509E+13  9.0902E-02
  1.3764E+02  2.9504E+12  3.8819E+12  4.2704E+13  9.0903E-02
  1.3802E+02  2.9680E+12  3.8997E+12  4.2899E+13  9.0904E-02
  1.3839E+02  2.9856E+12  3.9175E+12  4.3094E+13  9.0906E-02
  1.3877E+02  3.0033E+12  3.9353E+12  4.3289E+13  9.0908E-02
  1.3914E+02  3.0210E+12  3.9532E+12  4.3485E+13  9.0911E-02
  1.3952E+02  3.0388E+12  3.9712E+12  4.3681E+13  9.0913E-02
  1.3989E+02  3.0566E+12  3.9892E+12  4.3877E+13  9.0917E-02
  1.4027E+02  3.0745E+12  4.0072E+12  4.4074E+13  9.0920E-02
  1.4064E+02  3.0924E+12  4.0253E+12  4.4270E+13  9.0924E-02
  1.4102E+02  3.1103E+12  4.0434E+12  4.4468E+13  9.0928E-02
  1.4139E+02  3.1283E+12  4.0615E+12  4.4665E+13  9.0933E-02
  1.4177E+02  3.1463E+12  4.0797E+12  4.4863E+13  9.0938E-02
  1.4214E+02  3.1644E+12  4.0980E+12  4.5061E+13  9.0944E-02
  1.4252E+02  3.1825E+12  4.1163E+12  4.5259E+13  9.0949E-02
  1.4289E+02  3.2007E+12  4.1346E+12  4.5458E+13  9.0955E-02
  1.4327E+02  3.2189E+12  4.1530E+12  4.5656E+13  9.0962E-02
  1.4364E+02  3.2372E+12  4.1714E+12  4.5856E+13  9.0969E-02
  1.4402E+02  3.2555E+12  4.1899E+12  4.6055E+13  9.0976E-02
  1.4439E+02  3.2738E+12  4.2084E+12  4.6255E+13  9.0983E-02
  1.4477E+02  3.2922E+12  4.2269E+12  4.6455E+13  9.0991E-02
  1.4514E+02  3.3107E+12  4.2455E+12  4.6655E+13  9.0999E-02
  1.4552E+02  3.3291E+12  4.2642E+12  4.6855E+13  9.1007E-02
  1.4589E+02  3.3477E+12  4.2829E+12  4.7056E+13  9.1016E-02
  1.4627E+02  3.3662E+12  4.3016E+12  4.7257E+13  9.1024E-02
  1.4664E+02  3.3848E+12  4.3203E+12  4.7459E+13  9.1034E-02
  1.4702E+02  3.4035E+12  4.3391E+12  4.7660E+13  9.1043E-02
  1.4739E+02  3.4222E+12  4.3580E+12  4.7862E+13  9.1053E-02
  1.4777E+02  3.4409E+12  4.3769E+12  4.8064E+13  9.1063E-02
  1.4814E+02  3.4597E+12  4.3958E+12  4.8267E+13  9.1073E-02
  1.4852E+02  3.4785E+12  4.4148E+12  4.8470E+13  9.1084E-02
  1.4889E+02  3.4974E+12  4.4338E+12  4.8673E+13  9.1095E-02
  1.4927E+02  3.5163E+12  4.4529E+12  4.8876E+13  9.1106E-02
  1.4964E+02  3.5353E+12  4.4720E+12  4.9079E+13  9.1117E-02
  1.5002E+02  3.5542E+12  4.4911E+12  4.9283E+13  9.1129E-02
  1.5039E+02  3.5733E+12  4.5103E+12  4.9487E+13  9.1141E-02
  1.5077E+02  3.5924E+12  4.5295E+12  4.9692E+13  9.1153E-02
  1.5114E+02  3.6115E+12  4.5488E+12  4.9896E+13  9.1166E-02
  1.5152E+02  3.6306E+12  4.5681E+12  5.0101E+13  9.1178E-02
  1.5189E+02  3.6499E+12  4.5875E+12  5.0306E+13  9.1191E-02
  1.5227E+02  3.6691E+12  4.6069E+12  5.0512E+13  9.1204E-02
  1.5264E+02  3.6884E+12  4.6263E+12  5.0717E+13  9.1218E-02
  1.5302E+02  3.7077E+12  4.6458E+12  5.0923E+13  9.1231E-02
  1.5339E+02  3.7271E+12  4.6653E+12  5.1129E+13  9.1245E-02
  1.5377E+02  3.7465E+12  4.6849E+12  5.1336E+13  9.1259E-02
  1.5414E+02  3.7660E+12  4.7045E+12  5.1542E+13  9.1274E-02
  1.5452E+02  3.7855E+12  4.7241E+12  5.1749E+13  9.1288E-02
  1.5489E+02  3.8050E+12  4.7438E+12  5.1957E+13  9.1303E-02
  1.5527E+02  3.8246E+12  4.7635E+12  5.2164E+13  9.1318E-02
  1.5564E+02  3.8442E+12  4.7833E+12  5.2372E+13  9.1333E-02
  1.5602E+02  3.8639E+12  4.8031E+12  5.2580E+13  9.1348E-02
  1.5639E+02  3.8836E+12  4.8229E+12  5.2788E+13  9.1364E-02
  1.5677E+02  3.9033E+12  4.8428E+12  5.2996E+13  9.1380E-02
  1.5714E+02  3.9231E+12  4.8627E+12  5.3205E+13  9.1396E-02
  1.5752E+02  3.9429E+12  4.8827E+12  5.3414E+13  9.1412E-02
  1.5789E+02  3.9628E+12  4.9027E+12  5.3623E+13  9.1428E-02
  1.5827E+02  3.9827E+12  4.9227E+12  5.3833E+13  9.1445E-02
  1.5864E+02  4.0026E+12  4.9428E+12  5.4043E+13  9.1461E-02
  1.5902E+02  4.0226E+12  4.9629E+12  5.4253E+13  9.1478E-02
  1.5939E+02  4.0427E+12  4.9831E+12  5.4463E+13  9.1495E-02
  1.5977E+02  4.0627E+12  5.0033E+12  5.4673E+13  9.1513E-02
  1.6015E+02  4.0828E+12  5.0235E+12  5.4884E+13  9.1530E-02
  1.6052E+02  4.1030E+12  5.0438E+12  5.5095E+13  9.1548E-02
  1.6090E+02  4.1232E+12  5.0641E+12  5.5306E+13  9.1565E-02
  1.6127E+02  4.1434E+12  5.0845E+12  5.5518E+13  9.1583E-02
  1.6165E+02  4.1637E+12  5.1049E+12  5.5729E+13  9.1601E-02
  1.6202E+02  4.1840E+12  5.1253E+12  5.5941E+13  9.1620E-02
  1.6240E+02  4.2043E+12  5.1458E+12  5.6154E+13  9.1638E-02
  1.6277E+02  4.2247E+12  5.1663E+12  5.6366E+13  9.1657E-02
  1.6315E+02  4.2451E+12  5.1869E+12  5.6579E+13  9.1676E-02
  1.6352E+02  4.2656E+12  5.2075E+12  5.6792E+13  9.1694E-02
  1.6390E+02  4.2861E+12  5.2281E+12  5.7005E+13  9.1714E-02
  1.6427E+02  4.3067E+12  5.2488E+12  5.7218E+13  9.1733E-02
  1.6465E+02  4.3272E+12  5.2695E+12  5.7432E+13  9.1752E-02
  1.6502E+02  4.3479E+12  5.2902E+12  5.7646E+13  9.1772E-02
  1.6540E+02  4.3685E+12  5.3110E+12  5.7860E+13  9.1791E-02
  1.6577E+02  4.3892E+12  5.3318E+12  5.8074E+13  9.1811E-02
  1.6615E+02  4.4099E+12  5.3527E+12  5.8289E+13  9.1831E-02
  1.6652E+02  4.4307E+12  5.3736E+12  5.8503E+13  9.1851E-02
  1.6690E+02  4.4515E+12  5.3945E+12  5.8718E+13  9.1871E-02
  1.6727E+02  4.4724E+12  5.4155E+12  5.8934E+13  9.1891E-02
  1.6765E+02  4.4933E+12  5.4365E+12  5.9149E+13  9.1912E-02
  1.6802E+02  4.5142E+12  5.4576E+12  5.9365E+13  9.1932E-02
  1.6840E+02  4.5352E+12  5.4787E+12  5.9581E+13  9.1953E-02
  1.6877E+02  4.5562E+12  5.4998E+12  5.9797E+13  9.1974E-02
  1.6915E+02  4.5772E+12  5.5209E+12  6.0014E+13  9.1995E-02
  1.6952E+02  4.5983E+12  5.5421E+12  6.0230E+13  9.2016E-02
  1.6990E+02  4.6194E+12  5.5634E+12  6.0447E+13  9.2037E-02
  1.7027E+02  4.6406E+12  5.5847E+12  6.0664E+13  9.2059E-02
  1.7065E+02  4.6618E+12  5.6060E+12  6.0882E+13  9.2080E-02
  1.7102E+02  4.6830E+12  5.6273E+12  6.1099E+13  9.2101E-02
  1.7140E+02  4.7043E+12  5.6487E+12  6.1317E+13  9.2123E-02
  1.7177E+02  4.7256E+12  5.6701E+12  6.1535E+13  9.2145E-02
  1.7215E+02  4.7469E+12  5.6916E+12  6.1753E+13  9.2167E-02
  1.7252E+02  4.7683E+12  5.7131E+12  6.1972E+13  9.2189E-02
  1.7290E+02  4.7897E+12  5.7346E+12  6.2190E+13  9.2211E-02
  1.7327E+02  4.8112E+12  5.7562E+12  6.2409E+13  9.2233E-02
  1.7365E+02  4.8327E+12  5.7778E+12  6.2628E+13  9.2255E-02
  1.7402E+02  4.8542E+12  5.7994E+12  6.2848E+13  9.2278E-02
  1.7440E+02  4.8758E+12  5.8211E+12  6.3067E+13  9.2300E-02
  1.7477E+02  4.8974E+12  5.8428E+12  6.3287E+13  9.2323E-02
  1.7515E+02  4.9190E+12  5.8646E+12  6.3507E+13  9.2345E-02
  1.7552E+02  4.9407E+12  5.8863E+12  6.3727E+13  9.2368E-02
  1.7590E+02  4.9624E+12  5.9082E+12  6.3948E+13  9.2391E-02
  1.7627E+02  4.9841E+12  5.9300E+12  6.4168E+13  9.2414E-02
  1.7665E+02  5.0059E+12  5.9519E+12  6.4389E+13  9.2437E-02
  1.7702E+02  5.0277E+12  5.9738E+12  6.4610E+13  9.2460E-02
  1.7740E+02  5.0496E+12  5.9958E+12  6.4831E+13  9.2483E-02
  1.7777E+02  5.0715E+12  6.0178E+12  6.5053E+13  9.2506E-02
  1.7815E+02  5.0934E+12  6.0398E+12  6.5275E+13  9.2530E-02
  1.7852E+02  5.1154E+12  6.0619E+12  6.5496E+13  9.2553E-02
  1.7890E+02  5.1374E+12  6.0840E+12  6.5719E+13  9.2577E-02
  1.7927E+02  5.1594E+12  6.1062E+12  6.5941E+13  9.2600E-02
  1.7965E+02  5.1815E+12  6.1283E+12  6.6164E+13  9.2624E-02
  1.8002E+02  5.2036E+12  6.1505E+12  6.6386E+13  9.2648E-02
  1.8040E+02  5.2257E+12  6.1728E+12  6.6609E+13  9.2672E-02
  1.8077E+02  5.2479E+12  6.1951E+12  6.6832E+13  9.2696E-02
  1.8115E+02  5.2701E+12  6.2174E+12  6.7056E+13  9.2720E-02
  1.8152E+02  5.2923E+12  6.2397E+12  6.7279E+13  9.2744E-02
  1.8190E+02  5.3146E+12  6.2621E+12  6.7503E+13  9.2768E-02
  1.8227E+02  5.3369E+12  6.2845E+12  6.7727E+13  9.2792E-02
  1.8265E+02  5.3593E+12  6.3070E+12  6.7951E+13  9.2816E-02
  1.8302E+02  5.3817E+12  6.3295E+12  6.8176E+13  9.2840E-02
  1.8340E+02  5.4041E+12  6.3520E+12  6.8400E+13  9.2865E-02
  1.8377E+02  5.4265E+12  6.3745E+12  6.8625E+13  9.2889E-02
  1.8415E+02  5.4490E+12  6.3971E+12  6.8850E+13  9.2914E-02
  1.8452E+02  5.4715E+12  6.4198E+12  6.9075E+13  9.2938E-02
  1.8490E+02  5.4941E+12  6.4424E+12  6.9301E+13  9.2963E-02
  1.8527E+02  5.5167E+12  6.4651E+12  6.9527E+13  9.2988E-02
  1.8565E+02  5.5393E+12  6.4878E+12  6.9752E+13  9.3012E-02
  1.8602E+02  5.5620E+12  6.5106E+12  6.9978E+13  9.3037E-02
  1.8640E+02  5.5847E+12  6.5334E+12  7.0205E+13  9.3062E-02
  1.8677E+02  5.6074E+12  6.5562E+12  7.0431E+13  9.3087E-02
  1.8715E+02  5.6301E+12  6.5791E+12  7.0658E+13  9.3112E-02
  1.8752E+02  5.6529E+12  6.6020E+12  7.0884E+13  9.3137E-02
  1.8790E+02  5.6758E+12  6.6249E+12  7.1111E+13  9.3162E-02
  1.8827E+02  5.6986E+12  6.6478E+12  7.1339E+13  9.3187E-02
  1.8865E+02  5.7215E+12  6.6708E+12  7.1566E+13  9.3212E-02
  1.8902E+02  5.7444E+12  6.6939E+12  7.1794E+13  9.3238E-02
  1.8940E+02  5.7674E+12  6.7169E+12  7.2021E+13  9.3263E-02
  1.8977E+02  5.7904E+12  6.7400E+12  7.2249E+13  9.3288E-02
  1.9015E+02  5.8134E+12  6.7631E+12  7.2478E+13  9.3313E-02
  1.9052E+02  5.8365E+12  6.7863E+12  7.2706E+13  9.3339E-02
  1.9090E+02  5.8596E+12  6.8095E+12  7.2934E+13  9.3364E-02
  1.9127E+02  5.8827E+12  6.8327E+12  7.3163E+13  9.3390E-02
  1.9165E+02  5.9059E+12  6.8559E+12  7.3392E+13  9.3415E-02
  1.9202E+02  5.9291E+12  6.8792E+12  7.3621E+13  9.3441E-02
  1.9240E+02  5.9523E+12  6.9025E+12  7.3850E+13  9.3466E-02
  1.9277E+02  5.9755E+12  6.9259E+12  7.4080E+13  9.3492E-02
  1.9315E+02  5.9988E+12  6.9493E+12  7.4310E+13  9.3518E-02
  1.9352E+02  6.0221E+12  6.9727E+12  7.4540E+13  9.3544E-02
  1.9390E+02  6.0455E+12  6.9961E+12  7.4770E+13  9.3569E-02
  1.9427E+02  6.0689E+12  7.0196E+12  7.5000E+13  9.3595E-02
  1.9465E+02  6.0923E+12  7.0431E+12  7.5230E+13  9.3621E-02
  1.9502E+02  6.1158E+12  7.0667E+12  7.5461E+13  9.3647E-02
  1.9540E+02  6.1392E+12  7.0902E+12  7.5692E+13  9.3673E-02
  1.9577E+02  6.1628E+12  7.1138E+12  7.5923E+13  9.3699E-02
  1.9615E+02  6.1863E+12  7.1375E+12  7.6154E+13  9.3725E-02
  1.9652E+02  6.2099E+12  7.1611E+12  7.6385E+13  9.3751E-02
  1.9690E+02  6.2335E+12  7.1848E+12  7.6617E+13  9.3777E-02
  1.9727E+02  6.2571E+12  7.2086E+12  7.6848E+13  9.3803E-02
  1.9765E+02  6.2808E+12  7.2323E+12  7.7080E+13  9.3829E-02
  1.9802E+02  6.3045E+12  7.2561E+12  7.7312E+13  9.3855E-02
  1.9840E+02  6.3282E+12  7.2800E+12  7.7544E+13  9.3881E-02
  1.9877E+02  6.3520E+12  7.3038E+12  7.7777E+13  9.3907E-02
  1.9915E+02  6.3758E+12  7.3277E+12  7.8009E+13  9.3933E-02
  1.9952E+02  6.3996E+12  7.3516E+12  7.8242E+13  9.3960E-02
  1.9990E+02  6.4235E+12  7.3756E+12  7.8475E+13  9.3986E-02
  2.0028E+02  6.4474E+12  7.3995E+12  7.8708E+13  9.4012E-02
  2.0065E+02  6.4713E+12  7.4235E+12  7.8942E+13  9.4038E-02
  2.0103E+02  6.4953E+12  7.4476E+12  7.9175E+13  9.4065E-02
  2.0140E+02  6.5192E+12  7.4716E+12  7.9409E+13  9.4091E-02
  2.0178E+02  6.5433E+12  7.4957E+12  7.9643E+13  9.4117E-02
  2.0215E+02  6.5673E+12  7.5199E+12  7.9877E+13  9.4144E-02
  2.0253E+02  6.5914E+12  7.5440E+12  8.0111E+13  9.4170E-02
  2.0290E+02  6.6155E+12  7.5682E+12  8.0345E+13  9.4197E-02
  2.0328E+02  6.6396E+12  7.5924E+12  8.0580E+13  9.4223E-02
  2.0365E+02  6.6638E+12  7.6167E+12  8.0814E+13  9.4249E-02
  2.0403E+02  6.6880E+12  7.6410E+12  8.1049E+13  9.4276E-02
  2.0440E+02  6.7122E+12  7.6653E+12  8.1284E+13  9.4302E-02
  2.0478E+02  6.7365E+12  7.6896E+12  8.1519E+13  9.4329E-02
  2.0515E+02  6.7607E+12  7.7140E+12  8.1755E+13  9.4355E-02
  2.0553E+02  6.7851E+12  7.7384E+12  8.1990E+13  9.4382E-02
  2.0590E+02  6.8094E+12  7.7628E+12  8.2226E+13  9.4408E-02
  2.0628E+02  6.8338E+12  7.7873E+12  8.2462E+13  9.4435E-02
  2.0665E+02  6.8582E+12  7.8118E+12  8.2698E+13  9.4461E-02
  2.0703E+02  6.8826E+12  7.8363E+12  8.2934E+13  9.4488E-02
  2.0740E+02  6.9071E+12  7.8608E+12  8.3170E+13  9.4515E-02
  2.0778E+02  6.9316E+12  7.8854E+12  8.3407E+13  9.4541E-02
  2.0815E+02  6.9561E+12  7.9100E+12  8.3644E+13  9.4568E-02
  2.0853E+02  6.9807E+12  7.9346E+12  8.3881E+13  9.4594E-02
  2.0890E+02  7.0052E+12  7.9593E+12  8.4118E+13  9.4621E-02
  2.0928E+02  7.0298E+12  7.9840E+12  8.4355E+13  9.4648E-02
  2.0965E+02  7.0545E+12  8.0087E+12  8.4592E+13  9.4674E-02
  2.1003E+02  7.0792E+12  8.0335E+12  8.4830E+13  9.4701E-02
  2.1040E+02  7.1039E+12  8.0582E+12  8.5067E+13  9.4728E-02
  2.1078E+02  7.1286E+12  8.0830E+12  8.5305E+13  9.4754E-02
  2.1115E+02  7.1533E+12  8.1079E+12  8.5543E+13  9.4781E-02
  2.1153E+02  7.1781E+12  8.1327E+12  8.5781E+13  9.4808E-02
  2.1190E+02  7.2029E+12  8.1576E+12  8.6020E+13  9.4834E-02
  2.1228E+02  7.2278E+12  8.1825E+12  8.6258E+13  9.4861E-02
  2.1265E+02  7.2526E+12  8.2075E+12  8.6497E+13  9.4888E-02
  2.1303E+02  7.2775E+12  8.2325E+12  8.6735E+13  9.4915E-02
  2.1340E+02  7.3025E+12  8.2575E+12  8.6974E+13  9.4941E-02
  2.1378E+02  7.3274E+12  8.2825E+12  8.7213E+13  9.4968E-02
  2.1415E+02  7.3524E+12  8.3075E+12  8.7453E+13  9.4995E-02
  2.1453E+02  7.3774E+12  8.3326E+12  8.7692E+13  9.5021E-02
  2.1490E+02  7.4024E+12  8.3577E+12  8.7932E+13  9.5048E-02
  2.1528E+02  7.4275E+12  8.3829E+12  8.8171E+13  9.5075E-02
  2.1565E+02  7.4526E+12  8.4081E+12  8.8411E+13  9.5102E-02
  2.1603E+02  7.4777E+12  8.4333E+12  8.8651E+13  9.5128E-02
  2.1640E+02  7.5029E+12  8.4585E+12  8.8892E+13  9.5155E-02
  2.1678E+02  7.5281E+12  8.4837E+12  8.9132E+13  9.5182E-02
  2.1715E+02  7.5533E+12  8.5090E+12  8.9372E+13  9.5209E-02
  2.1753E+02  7.5785E+12  8.5343E+12  8.9613E+13  9.5235E-02
  2.1790E+02  7.6038E+12  8.5597E+12  8.9854E+13  9.5262E-02
  2.1828E+02  7.6290E+12  8.5850E+12  9.0095E+13  9.5289E-02
  2.1865E+02  7.6544E+12  8.6104E+12  9.0336E+13  9.5315E-02
  2.1903E+02  7.6797E+12  8.6358E+12  9.0577E+13  9.5342E-02
  2.1940E+02  7.7051E+12  8.6613E+12  9.0818E+13  9.5369E-02
  2.1978E+02  7.7305E+12  8.6867E+12  9.1060E+13  9.5396E-02
  2.2015E+02  7.7559E+12  8.7122E+12  9.1302E+13  9.5422E-02
  2.2053E+02  7.7813E+12  8.7377E+12  9.1544E+13  9.5449E-02
  2.2090E+02  7.8068E+12  8.7633E+12  9.1786E+13  9.5476E-02
  2.2128E+02  7.8323E+12  8.7889E+12  9.2028E+13  9.5502E-02
  2.2165E+02  7.8579E+12  8.8145E+12  9.2270E+13  9.5529E-02
  2.2203E+02  7.8834E+12  8.8401E+12  9.2512E+13  9.5556E-02
  2.2240E+02  7.9090E+12  8.8658E+12  9.2755E+13  9.5583E-02
  2.2278E+02  7.9346E+12  8.8914E+12  9.2998E+13  9.5609E-02
  2.2315E+02  7.9602E+12  8.9171E+12  9.3240E+13  9.5636E-02
  2.2353E+02  7.9859E+12  8.9429E+12  9.3483E+13  9.5663E-02
  2.2390E+02  8.0116E+12  8.9686E+12  9.3727E+13  9.5689E-02
  2.2428E+02  8.0373E+12  8.9944E+12  9.3970E+13  9.5716E-02
  2.2465E+02  8.0631E+12  9.0202E+12  9.4213E+13  9.5743E-02
  2.2503E+02  8.0888E+12  9.0461E+12  9.4457E+13  9.5769E-02
  2.2540E+02  8.1146E+12  9.0719E+12  9.4701E+13  9.5796E-02
  2.2578E+02  8.1404E+12  9.0978E+12  9.4945E+13  9.5822E-02
  2.2615E+02  8.1663E+12  9.1237E+12  9.5188E+13  9.5849E-02
  2.2653E+02  8.1922E+12  9.1497E+12  9.5433E+13  9.5876E-02
  2.2690E+02  8.2181E+12  9.1756E+12  9.5677E+13  9.5902E-02
  2.2728E+02  8.2440E+12  9.2016E+12  9.5921E+13  9.5929E-02
  2.2765E+02  8.2699E+12  9.2276E+12  9.6166E+13  9.5955E-02
  2.2803E+02  8.2959E+12  9.2537E+12  9.6411E+13  9.5982E-02
  2.2840E+02  8.3219E+12  9.2798E+12  9.6655E+13  9.6009E-02
  2.2878E+02  8.3479E+12  9.3058E+12  9.6900E+13  9.6035E-02
  2.2915E+02  8.3740E+12  9.3320E+12  9.7145E+13  9.6062E-02
  2.2953E+02  8.4001E+12  9.3581E+12  9.7391E+13  9.6088E-02
  2.2990E+02  8.4262E+12  9.3843E+12  9.7636E+13  9.6115E-02
  2.3028E+02  8.4523E+12  9.4105E+12  9.7882E+13  9.6141E-02
  2.3065E+02  8.4784E+12  9.4367E+12  9.8127E+13  9.6168E-02
  2.3103E+02  8.5046E+12  9.4629E+12  9.8373E+13  9.6194E-02
  2.3140E+02  8.5308E+12  9.4892E+12  9.8619E+13  9.6221E-02
  2.3178E+02  8.5570E+12  9.5155E+12  9.8865E+13  9.6247E-02
  2.3215E+02  8.5833E+12  9.5418E+12  9.9111E+13  9.6274E-02
  2.3253E+02  8.6096E+12  9.5681E+12  9.9358E+13  9.6300E-02
  2.3290E+02  8.6359E+12  9.5945E+12  9.9604E+13  9.6327E-02
  2.3328E+02  8.6622E+12  9.6209E+12  9.9851E+13  9.6353E-02
  2.3365E+02  8.6885E+12  9.6473E+12  1.0010E+14  9.6379E-02
  2.3403E+02  8.7149E+12  9.6738E+12  1.0034E+14  9.6406E-02
  2.3440E+02  8.7413E+12  9.7002E+12  1.0059E+14  9.6432E-02
  2.3478E+02  8.7677E+12  9.7267E+12  1.0084E+14  9.6459E-02
  2.3515E+02  8.7942E+12  9.7532E+12  1.0109E+14  9.6485E-02
  2.3553E+02  8.8207E+12  9.7797E+12  1.0133E+14  9.6511E-02
  2.3590E+02  8.8472E+12  9.8063E+12  1.0158E+14  9.6538E-02
  2.3628E+02  8.8737E+12  9.8329E+12  1.0183E+14  9.6564E-02
  2.3665E+02  8.9002E+12  9.8595E+12  1.0208E+14  9.6590E-02
  2.3703E+02  8.9268E+12  9.8861E+12  1.0232E+14  9.6616E-02
  2.3740E+02  8.9534E+12  9.9128E+12  1.0257E+14  9.6643E-02
  2.3778E+02  8.9800E+12  9.9395E+12  1.0282E+14  9.6669E-02
  2.3815E+02  9.0066E+12  9.9662E+12  1.0307E+14  9.6695E-02
  2.3853E+02  9.0333E+12  9.9929E+12  1.0332E+14  9.6721E-02
  2.3890E+02  9.0600E+12  1.0020E+13  1.0356E+14  9.6748E-02
  2.3928E+02  9.0867E+12  1.0046E+13  1.0381E+14  9.6774E-02
  2.3965E+02  9.1134E+12  1.0073E+13  1.0406E+14  9.6800E-02
  2.4003E+02  9.1402E+12  1.0100E+13  1.0431E+14  9.6826E-02
  2.4041E+02  9.1670E+12  1.0127E+13  1.0456E+14  9.6852E-02
  2.4078E+02  9.1938E+12  1.0154E+13  1.0481E+14  9.6878E-02
  2.4116E+02  9.2206E+12  1.0181E+13  1.0506E+14  9.6904E-02
  2.4153E+02  9.2475E+12  1.0208E+13  1.0531E+14  9.6930E-02
  2.4191E+02  9.2743E+12  1.0234E+13  1.0556E+14  9.6957E-02
  2.4228E+02  9.3012E+12  1.0261E+13  1.0581E+14  9.6983E-02
  2.4266E+02  9.3282E+12  1.0288E+13  1.0606E+14  9.7009E-02
  2.4303E+02  9.3551E+12  1.0315E+13  1.0631E+14  9.7035E-02
  2.4341E+02  9.3821E+12  1.0342E+13  1.0656E+14  9.7061E-02
  2.4378E+02  9.4091E+12  1.0369E+13  1.0681E+14  9.7087E-02
  2.4416E+02  9.4361E+12  1.0397E+13  1.0706E+14  9.7112E-02
  2.4453E+02  9.4631E+12  1.0424E+13  1.0731E+14  9.7138E-02
  2.4491E+02  9.4902E+12  1.0451E+13  1.0756E+14  9.7164E-02
  2.4528E+02  9.5172E+12  1.0478E+13  1.0781E+14  9.7190E-02
  2.4566E+02  9.5443E+12  1.0505E+13  1.0806E+14  9.7216E-02
  2.4603E+02  9.5715E+12  1.0532E+13  1.0831E+14  9.7242E-02
  2.4641E+02  9.5986E+12  1.0559E+13  1.0856E+14  9.7268E-02
  2.4678E+02  9.6258E+12  1.0587E+13  1.0881E+14  9.7294E-02
  2.4716E+02  9.6530E+12  1.0614E+13  1.0906E+14  9.7319E-02
  2.4753E+02  9.6802E+12  1.0641E+13  1.0931E+14  9.7345E-02
  2.4791E+02  9.7074E+12  1.0669E+13  1.0957E+14  9.7371E-02
  2.4828E+02  9.7347E+12  1.0696E+13  1.0982E+14  9.7397E-02
  2.4866E+02  9.7620E+12  1.0723E+13  1.1007E+14  9.7422E-02
  2.4903E+02  9.7893E+12  1.0751E+13  1.1032E+14  9.7448E-02
  2.4941E+02  9.8166E+12  1.0778E+13  1.1057E+14  9.7474E-02
  2.4978E+02  9.8439E+12  1.0805E+13  1.1082E+14  9.7499E-02
  2.5016E+02  9.8713E+12  1.0833E+13  1.1108E+14  9.7525E-02
  2.5053E+02  9.8987E+12  1.0860E+13  1.1133E+14  9.7551E-02
  2.5091E+02  9.9261E+12  1.0888E+13  1.1158E+14  9.7576E-02
  2.5128E+02  9.9536E+12  1.0915E+13  1.1183E+14  9.7602E-02
  2.5166E+02  9.9810E+12  1.0943E+13  1.1209E+14  9.7627E-02
  2.5203E+02  1.0008E+13  1.0970E+13  1.1234E+14  9.7653E-02
  2.5241E+02  1.0036E+13  1.0998E+13  1.1259E+14  9.7679E-02
  2.5278E+02  1.0064E+13  1.1025E+13  1.1284E+14  9.7704E-02
  2.5316E+02  1.0091E+13  1.1053E+13  1.1310E+14  9.7729E-02
  2.5353E+02  1.0119E+13  1.1081E+13  1.1335E+14  9.7755E-02
  2.5391E+02  1.0146E+13  1.1108E+13  1.1360E+14  9.7780E-02
  2.5428E+02  1.0174E+13  1.1136E+13  1.1386E+14  9.7806E-02
  2.5466E+02  1.0201E+13  1.1164E+13  1.1411E+14  9.7831E-02
  2.5503E+02  1.0229E+13  1.1191E+13  1.1436E+14  9.7857E-02
  2.5541E+02  1.0257E+13  1.1219E+13  1.1462E+14  9.7882E-02
  2.5578E+02  1.0284E+13  1.1247E+13  1.1487E+14  9.7907E-02
  2.5616E+02  1.0312E+13  1.1274E+13  1.1512E+14  9.7932E-02
  2.5653E+02  1.0340E+13  1.1302E+13  1.1538E+14  9.7958E-02
  2.5691E+02  1.0368E+13  1.1330E+13  1.1563E+14  9.7983E-02
  2.5728E+02  1.0395E+13  1.1358E+13  1.1589E+14  9.8008E-02
  2.5766E+02  1.0423E+13  1.1386E+13  1.1614E+14  9.8033E-02
  2.5803E+02  1.0451E+13  1.1414E+13  1.1640E+14  9.8059E-02
  2.5841E+02  1.0479E+13  1.1441E+13  1.1665E+14  9.8084E-02
  2.5878E+02  1.0507E+13  1.1469E+13  1.1690E+14  9.8109E-02
  2.5916E+02  1.0535E+13  1.1497E+13  1.1716E+14  9.8134E-02
  2.5953E+02  1.0562E+13  1.1525E+13  1.1741E+14  9.8159E-02
  2.5991E+02  1.0590E+13  1.1553E+13  1.1767E+14  9.8184E-02
  2.6028E+02  1.0618E+13  1.1581E+13  1.1792E+14  9.8209E-02
  2.6066E+02  1.0646E+13  1.1609E+13  1.1818E+14  9.8234E-02
  2.6103E+02  1.0674E+13  1.1637E+13  1.1843E+14  9.8259E-02
  2.6141E+02  1.0702E+13  1.1665E+13  1.1869E+14  9.8284E-02
  2.6178E+02  1.0730E+13  1.1693E+13  1.1894E+14  9.8309E-02
  2.6216E+02  1.0758E+13  1.1721E+13  1.1920E+14  9.8334E-02
  2.6253E+02  1.0786E+13  1.1750E+13  1.1946E+14  9.8359E-02
  2.6291E+02  1.0814E+13  1.1778E+13  1.1971E+14  9.8384E-02
  2.6328E+02  1.0843E+13  1.1806E+13  1.1997E+14  9.8409E-02
  2.6366E+02  1.0871E+13  1.1834E+13  1.2022E+14  9.8434E-02
  2.6403E+02  1.0899E+13  1.1862E+13  1.2048E+14  9.8458E-02
  2.6441E+02  1.0927E+13  1.1890E+13  1.2074E+14  9.8483E-02
  2.6478E+02  1.0955E+13  1.1919E+13  1.2099E+14  9.8508E-02
  2.6516E+02  1.0983E+13  1.1947E+13  1.2125E+14  9.8533E-02
  2.6553E+02  1.1012E+13  1.1975E+13  1.2150E+14  9.8557E-02
  2.6591E+02  1.1040E+13  1.2003E+13  1.2176E+14  9.8582E-02
  2.6628E+02  1.1068E+13  1.2032E+13  1.2202E+14  9.8607E-02
  2.6666E+02  1.1096E+13  1.2060E+13  1.2227E+14  9.8631E-02
  2.6703E+02  1.1125E+13  1.2088E+13  1.2253E+14  9.8656E-02
  2.6741E+02  1.1153E+13  1.2117E+13  1.2279E+14  9.8681E-02
  2.6778E+02  1.1181E+13  1.2145E+13  1.2304E+14  9.8705E-02
  2.6816E+02  1.1210E+13  1.2174E+13  1.2330E+14  9.8730E-02
  2.6853E+02  1.1238E+13  1.2202E+13  1.2356E+14  9.8754E-02
  2.6891E+02  1.1266E+13  1.2230E+13  1.2382E+14  9.8779E-02
  2.6928E+02  1.1295E+13  1.2259E+13  1.2407E+14  9.8803E-02
  2.6966E+02  1.1323E+13  1.2287E+13  1.2433E+14  9.8828E-02
  2.7003E+02  1.1352E+13  1.2316E+13  1.2459E+14  9.8852E-02
  2.7041E+02  1.1380E+13  1.2344E+13  1.2485E+14  9.8876E-02
  2.7078E+02  1.1409E+13  1.2373E+13  1.2510E+14  9.8901E-02
  2.7116E+02  1.1437E+13  1.2401E+13  1.2536E+14  9.8925E-02
  2.7153E+02  1.1466E+13  1.2430E+13  1.2562E+14  9.8949E-02
  2.7191E+02  1.1494E+13  1.2459E+13  1.2588E+14  9.8974E-02
  2.7228E+02  1.1523E+13  1.2487E+13  1.2614E+14  9.8998E-02
  2.7266E+02  1.1551E+13  1.2516E+13  1.2639E+14  9.9022E-02
  2.7303E+02  1.1580E+13  1.2544E+13  1.2665E+14  9.9047E-02
  2.7341E+02  1.1609E+13  1.2573E+13  1.2691E+14  9.9071E-02
  2.7378E+02  1.1637E+13  1.2602E+13  1.2717E+14  9.9095E-02
  2.7416E+02  1.1666E+13  1.2630E+13  1.2743E+14  9.9119E-02
  2.7453E+02  1.1694E+13  1.2659E+13  1.2769E+14  9.9143E-02
  2.7491E+02  1.1723E+13  1.2688E+13  1.2794E+14  9.9167E-02
  2.7528E+02  1.1752E+13  1.2717E+13  1.2820E+14  9.9191E-02
  2.7566E+02  1.1781E+13  1.2745E+13  1.2846E+14  9.9215E-02
  2.7603E+02  1.1809E+13  1.2774E+13  1.2872E+14  9.9239E-02
  2.7641E+02  1.1838E+13  1.2803E+13  1.2898E+14  9.9263E-02
  2.7678E+02  1.1867E+13  1.2832E+13  1.2924E+14  9.9287E-02
  2.7716E+02  1.1896E+13  1.2861E+13  1.2950E+14  9.9311E-02
  2.7753E+02  1.1924E+13  1.2890E+13  1.2976E+14  9.9335E-02
  2.7791E+02  1.1953E+13  1.2918E+13  1.3002E+14  9.9359E-02
  2.7828E+02  1.1982E+13  1.2947E+13  1.3028E+14  9.9383E-02
  2.7866E+02  1.2011E+13  1.2976E+13  1.3054E+14  9.9407E-02
  2.7903E+02  1.2040E+13  1.3005E+13  1.3080E+14  9.9431E-02
  2.7941E+02  1.2069E+13  1.3034E+13  1.3106E+14  9.9454E-02
  2.7978E+02  1.2098E+13  1.3063E+13  1.3132E+14  9.9478E-02
  2.8016E+02  1.2127E+13  1.3092E+13  1.3158E+14  9.9502E-02
  2.8054E+02  1.2156E+13  1.3121E+13  1.3184E+14  9.9526E-02
  2.8091E+02  1.2185E+13  1.3150E+13  1.3210E+14  9.9549E-02
  2.8129E+02  1.2214E+13  1.3179E+13  1.3236E+14  9.9573E-02
  2.8166E+02  1.2243E+13  1.3208E+13  1.3262E+14  9.9597E-02
  2.8204E+02  1.2272E+13  1.3237E+13  1.3288E+14  9.9620E-02
  2.8241E+02  1.2301E+13  1.3266E+13  1.3314E+14  9.9644E-02
  2.8279E+02  1.2330E+13  1.3295E+13  1.3340E+14  9.9667E-02
  2.8316E+02  1.2359E+13  1.3325E+13  1.3366E+14  9.9691E-02
  2.8354E+02  1.2388E+13  1.3354E+13  1.3392E+14  9.9714E-02
  2.8391E+02  1.2417E+13  1.3383E+13  1.3418E+14  9.9738E-02
  2.8429E+02  1.2446E+13  1.3412E+13  1.3444E+14  9.9761E-02
  2.8466E+02  1.2475E+13  1.3441E+13  1.3470E+14  9.9785E-02
  2.8504E+02  1.2504E+13  1.3470E+13  1.3496E+14  9.9808E-02
  2.8541E+02  1.2534E+13  1.3500E+13  1.3522E+14  9.9832E-02
  2.8579E+02  1.2563E+13  1.3529E+13  1.3549E+14  9.9855E-02
  2.8616E+02  1.2592E+13  1.3558E+13  1.3575E+14  9.9878E-02
  2.8654E+02  1.2621E+13  1.3587E+13  1.3601E+14  9.9902E-02
  2.8691E+02  1.2650E+13  1.3617E+13  1.3627E+14  9.9925E-02
  2.8729E+02  1.2680E+13  1.3646E+13  1.3653E+14  9.9948E-02
  2.8766E+02  1.2709E+13  1.3675E+13  1.3679E+14  9.9971E-02
  2.8804E+02  1.2738E+13  1.3705E+13  1.3705E+14  9.9995E-02
  2.8841E+02  1.2768E+13  1.3734E+13  1.3732E+14  1.0002E-01
  2.8879E+02  1.2797E+13  1.3763E+13  1.3758E+14  1.0004E-01
  2.8916E+02  1.2826E+13  1.3793E+13  1.3784E+14  1.0006E-01
  2.8954E+02  1.2856E+13  1.3822E+13  1.3810E+14  1.0009E-01
  2.8991E+02  1.2885E+13  1.3852E+13  1.3836E+14  1.0011E-01
  2.9029E+02  1.2914E+13  1.3881E+13  1.3863E+14  1.0013E-01
  2.9066E+02  1.2944E+13  1.3910E+13  1.3889E+14  1.0016E-01
  2.9104E+02  1.2973E+13  1.3940E+13  1.3915E+14  1.0018E-01
  2.9141E+02  1.3003E+13  1.3969E+13  1.3941E+14  1.0020E-01
  2.9179E+02  1.3032E+13  1.3999E+13  1.3967E+14  1.0023E-01
  2.9216E+02  1.3062E+13  1.4028E+13  1.3994E+14  1.0025E-01
  2.9254E+02  1.3091E+13  1.4058E+13  1.4020E+14  1.0027E-01
  2.9291E+02  1.3121E+13  1.4088E+13  1.4046E+14  1.0029E-01
  2.9329E+02  1.3150E+13  1.4117E+13  1.4073E+14  1.0032E-01
  2.9366E+02  1.3180E+13  1.4147E+13  1.4099E+14  1.0034E-01
  2.9404E+02  1.3209E+13  1.4176E+13  1.4125E+14  1.0036E-01
  2.9441E+02  1.3239E+13  1.4206E+13  1.4151E+14  1.0038E-01
  2.9479E+02  1.3268E+13  1.4235E+13  1.4178E+14  1.0041E-01
  2.9516E+02  1.3298E+13  1.4265E+13  1.4204E+14  1.0043E-01
  2.9554E+02  1.3328E+13  1.4295E+13  1.4230E+14  1.0045E-01
  2.9591E+02  1.3357E+13  1.4324E+13  1.4257E+14  1.0048E-01
  2.9629E+02  1.3387E+13  1.4354E+13  1.4283E+14  1.0050E-01
  2.9666E+02  1.3417E+13  1.4384E+13  1.4309E+14  1.0052E-01
  2.9704E+02  1.3446E+13  1.4414E+13  1.4336E+14  1.0054E-01
  2.9741E+02  1.3476E+13  1.4443E+13  1.4362E+14  1.0057E-01
  2.9779E+02  1.3506E+13  1.4473E+13  1.4388E+14  1.0059E-01
  2.9816E+02  1.3535E+13  1.4503E+13  1.4415E+14  1.0061E-01
  2.9854E+02  1.3565E+13  1.4533E+13  1.4441E+14  1.0063E-01
  2.9891E+02  1.3595E+13  1.4562E+13  1.4467E+14  1.0066E-01
  2.9929E+02  1.3625E+13  1.4592E+13  1.4494E+14  1.0068E-01
  2.9966E+02  1.3654E+13  1.4622E+13  1.4520E+14  1.0070E-01
  3.0004E+02  1.3684E+13  1.4652E+13  1.4547E+14  1.0072E-01
  3.0041E+02  1.3714E+13  1.4682E+13  1.4573E+14  1.0075E-01
  3.0079E+02  1.3744E+13  1.4712E+13  1.4599E+14  1.0077E-01
  3.0116E+02  1.3774E+13  1.4741E+13  1.4626E+14  1.0079E-01
  3.0154E+02  1.3804E+13  1.4771E+13  1.4652E+14  1.0081E-01
  3.0191E+02  1.3833E+13  1.4801E+13  1.4679E+14  1.0083E-01
  3.0229E+02  1.3863E+13  1.4831E+13  1.4705E+14  1.0086E-01
  3.0266E+02  1.3893E+13  1.4861E+13  1.4732E+14  1.0088E-01
  3.0304E+02  1.3923E+13  1.4891E+13  1.4758E+14  1.0090E-01
  3.0341E+02  1.3953E+13  1.4921E+13  1.4785E+14  1.0092E-01
  3.0379E+02  1.3983E+13  1.4951E+13  1.4811E+14  1.0095E-01
  3.0416E+02  1.4013E+13  1.4981E+13  1.4838E+14  1.0097E-01
  3.0454E+02  1.4043E+13  1.5011E+13  1.4864E+14  1.0099E-01
  3.0491E+02  1.4073E+13  1.5041E+13  1.4891E+14  1.0101E-01
  3.0529E+02  1.4103E+13  1.5071E+13  1.4917E+14  1.0103E-01
  3.0566E+02  1.4133E+13  1.5101E+13  1.4944E+14  1.0106E-01
  3.0604E+02  1.4163E+13  1.5131E+13  1.4970E+14  1.0108E-01
  3.0641E+02  1.4193E+13  1.5161E+13  1.4997E+14  1.0110E-01
  3.0679E+02  1.4223E+13  1.5192E+13  1.5023E+14  1.0112E-01
  3.0716E+02  1.4253E+13  1.5222E+13  1.5050E+14  1.0114E-01
  3.0754E+02  1.4283E+13  1.5252E+13  1.5076E+14  1.0117E-01
  3.0791E+02  1.4313E+13  1.5282E+13  1.5103E+14  1.0119E-01
  3.0829E+02  1.4344E+13  1.5312E+13  1.5129E+14  1.0121E-01
  3.0866E+02  1.4374E+13  1.5342E+13  1.5156E+14  1.0123E-01
  3.0904E+02  1.4404E+13  1.5372E+13  1.5182E+14  1.0125E-01
  3.0941E+02  1.4434E+13  1.5403E+13  1.5209E+14  1.0127E-01
  3.0979E+02  1.4464E+13  1.5433E+13  1.5235E+14  1.0130E-01
  3.1016E+02  1.4494E+13  1.5463E+13  1.5262E+14  1.0132E-01
  3.1054E+02  1.4525E+13  1.5493E+13  1.5289E+14  1.0134E-01
  3.1091E+02  1.4555E+13  1.5524E+13  1.5315E+14  1.0136E-01
  3.1129E+02  1.4585E+13  1.5554E+13  1.5342E+14  1.0138E-01
  3.1166E+02  1.4615E+13  1.5584E+13  1.5368E+14  1.0140E-01
  3.1204E+02  1.4646E+13  1.5614E+13  1.5395E+14  1.0143E-01
  3.1241E+02  1.4676E+13  1.5645E+13  1.5422E+14  1.0145E-01
  3.1279E+02  1.4706E+13  1.5675E+13  1.5448E+14  1.0147E-01
  3.1316E+02  1.4736E+13  1.5705E+13  1.5475E+14  1.0149E-01
  3.1354E+02  1.4767E+13  1.5736E+13  1.5502E+14  1.0151E-01
  3.1391E+02  1.4797E+13  1.5766E+13  1.5528E+14  1.0153E-01
  3.1429E+02  1.4827E+13  1.5797E+13  1.5555E+14  1.0155E-01
  3.1466E+02  1.4858E+13  1.5827E+13  1.5581E+14  1.0158E-01
  3.1504E+02  1.4888E+13  1.5857E+13  1.5608E+14  1.0160E-01
  3.1541E+02  1.4919E+13  1.5888E+13  1.5635E+14  1.0162E-01
  3.1579E+02  1.4949E+13  1.5918E+13  1.5661E+14  1.0164E-01
  3.1616E+02  1.4979E+13  1.5949E+13  1.5688E+14  1.0166E-01
  3.1654E+02  1.5010E+13  1.5979E+13  1.5715E+14  1.0168E-01
  3.1691E+02  1.5040E+13  1.6010E+13  1.5741E+14  1.0170E-01
  3.1729E+02  1.5071E+13  1.6040E+13  1.5768E+14  1.0172E-01
  3.1766E+02  1.5101E+13  1.6071E+13  1.5795E+14  1.0175E-01
  3.1804E+02  1.5132E+13  1.6101E+13  1.5822E+14  1.0177E-01
  3.1841E+02  1.5162E+13  1.6132E+13  1.5848E+14  1.0179E-01
  3.1879E+02  1.5193E+13  1.6162E+13  1.5875E+14  1.0181E-01
  3.1916E+02  1.5223E+13  1.6193E+13  1.5902E+14  1.0183E-01
  3.1954E+02  1.5254E+13  1.6223E+13  1.5928E+14  1.0185E-01
  3.1991E+02  1.5284E+13  1.6254E+13  1.5955E+14  1.0187E-01
  3.2029E+02  1.5315E+13  1.6284E+13  1.5982E+14  1.0189E-01
  3.2067E+02  1.5345E+13  1.6315E+13  1.6009E+14  1.0191E-01
  3.2104E+02  1.5376E+13  1.6346E+13  1.6035E+14  1.0194E-01
  3.2142E+02  1.5407E+13  1.6376E+13  1.6062E+14  1.0196E-01
  3.2179E+02  1.5437E+13  1.6407E+13  1.6089E+14  1.0198E-01
  3.2217E+02  1.5468E+13  1.6438E+13  1.6116E+14  1.0200E-01
  3.2254E+02  1.5498E+13  1.6468E+13  1.6142E+14  1.0202E-01
  3.2292E+02  1.5529E+13  1.6499E+13  1.6169E+14  1.0204E-01
  3.2329E+02  1.5560E+13  1.6530E+13  1.6196E+14  1.0206E-01
  3.2367E+02  1.5590E+13  1.6560E+13  1.6223E+14  1.0208E-01
  3.2404E+02  1.5621E+13  1.6591E+13  1.6250E+14  1.0210E-01
  3.2442E+02  1.5652E+13  1.6622E+13  1.6276E+14  1.0212E-01
  3.2479E+02  1.5682E+13  1.6653E+13  1.6303E+14  1.0214E-01
  3.2517E+02  1.5713E+13  1.6683E+13  1.6330E+14  1.0216E-01
  3.2554E+02  1.5744E+13  1.6714E+13  1.6357E+14  1.0218E-01
  3.2592E+02  1.5775E+13  1.6745E+13  1.6384E+14  1.0221E-01
  3.2629E+02  1.5805E+13  1.6776E+13  1.6410E+14  1.0223E-01
  3.2667E+02  1.5836E+13  1.6806E+13  1.6437E+14  1.0225E-01
  3.2704E+02  1.5867E+13  1.6837E+13  1.6464E+14  1.0227E-01
  3.2742E+02  1.5898E+13  1.6868E+13  1.6491E+14  1.0229E-01
  3.2779E+02  1.5929E+13  1.6899E+13  1.6518E+14  1.0231E-01
  3.2817E+02  1.5959E+13  1.6930E+13  1.6545E+14  1.0233E-01
  3.2854E+02  1.5990E+13  1.6961E+13  1.6571E+14  1.0235E-01
  3.2892E+02  1.6021E+13  1.6992E+13  1.6598E+14  1.0237E-01
  3.2929E+02  1.6052E+13  1.7022E+13  1.6625E+14  1.0239E-01
  3.2967E+02  1.6083E+13  1.7053E+13  1.6652E+14  1.0241E-01
  3.3004E+02  1.6114E+13  1.7084E+13  1.6679E+14  1.0243E-01
  3.3042E+02  1.6145E+13  1.7115E+13  1.6706E+14  1.0245E-01
  3.3079E+02  1.6175E+13  1.7146E+13  1.6733E+14  1.0247E-01
  3.3117E+02  1.6206E+13  1.7177E+13  1.6760E+14  1.0249E-01
  3.3154E+02  1.6237E+13  1.7208E+13  1.6786E+14  1.0251E-01
  3.3192E+02  1.6268E+13  1.7239E+13  1.6813E+14  1.0253E-01
  3.3229E+02  1.6299E+13  1.7270E+13  1.6840E+14  1.0255E-01
  3.3267E+02  1.6330E+13  1.7301E+13  1.6867E+14  1.0257E-01
  3.3304E+02  1.6361E+13  1.7332E+13  1.6894E+14  1.0259E-01
  3.3342E+02  1.6392E+13  1.7363E+13  1.6921E+14  1.0261E-01
  3.3379E+02  1.6423E+13  1.7394E+13  1.6948E+14  1.0263E-01
  3.3417E+02  1.6454E+13  1.7425E+13  1.6975E+14  1.0265E-01
  3.3454E+02  1.6485E+13  1.7456E+13  1.7002E+14  1.0267E-01
  3.3492E+02  1.6516E+13  1.7487E+13  1.7029E+14  1.0269E-01
  3.3529E+02  1.6547E+13  1.7518E+13  1.7056E+14  1.0271E-01
  3.3567E+02  1.6578E+13  1.7549E+13  1.7083E+14  1.0273E-01
  3.3604E+02  1.6609E+13  1.7580E+13  1.7110E+14  1.0275E-01
  3.3642E+02  1.6641E+13  1.7612E+13  1.7136E+14  1.0277E-01
  3.3679E+02  1.6672E+13  1.7643E+13  1.7163E+14  1.0279E-01
  3.3717E+02  1.6703E+13  1.7674E+13  1.7190E+14  1.0281E-01
  3.3754E+02  1.6734E+13  1.7705E+13  1.7217E+14  1.0283E-01
  3.3792E+02  1.6765E+13  1.7736E+13  1.7244E+14  1.0285E-01
  3.3829E+02  1.6796E+13  1.7767E+13  1.7271E+14  1.0287E-01
  3.3867E+02  1.6827E+13  1.7799E+13  1.7298E+14  1.0289E-01
  3.3904E+02  1.6858E+13  1.7830E+13  1.7325E+14  1.0291E-01
  3.3942E+02  1.6890E+13  1.7861E+13  1.7352E+14  1.0293E-01
  3.3979E+02  1.6921E+13  1.7892E+13  1.7379E+14  1.0295E-01
  3.4017E+02  1.6952E+13  1.7923E+13  1.7406E+14  1.0297E-01
  3.4054E+02  1.6983E+13  1.7955E+13  1.7433E+14  1.0299E-01
  3.4092E+02  1.7014E+13  1.7986E+13  1.7460E+14  1.0301E-01
  3.4129E+02  1.7046E+13  1.8017E+13  1.7487E+14  1.0303E-01
  3.4167E+02  1.7077E+13  1.8048E+13  1.7514E+14  1.0305E-01
  3.4204E+02  1.7108E+13  1.8080E+13  1.7541E+14  1.0307E-01
  3.4242E+02  1.7139E+13  1.8111E+13  1.7568E+14  1.0309E-01
  3.4279E+02  1.7171E+13  1.8142E+13  1.7595E+14  1.0311E-01
  3.4317E+02  1.7202E+13  1.8174E+13  1.7622E+14  1.0313E-01
  3.4354E+02  1.7233E+13  1.8205E+13  1.7649E+14  1.0315E-01
  3.4392E+02  1.7264E+13  1.8236E+13  1.7676E+14  1.0317E-01
  3.4429E+02  1.7296E+13  1.8268E+13  1.7703E+14  1.0319E-01
  3.4467E+02  1.7327E+13  1.8299E+13  1.7731E+14  1.0321E-01
  3.4504E+02  1.7358E+13  1.8330E+13  1.7758E+14  1.0322E-01
  3.4542E+02  1.7390E+13  1.8362E+13  1.7785E+14  1.0324E-01
  3.4579E+02  1.7421E+13  1.8393E+13  1.7812E+14  1.0326E-01
  3.4617E+02  1.7453E+13  1.8424E+13  1.7839E+14  1.0328E-01
  3.4654E+02  1.7484E+13  1.8456E+13  1.7866E+14  1.0330E-01
  3.4692E+02  1.7515E+13  1.8487E+13  1.7893E+14  1.0332E-01
  3.4729E+02  1.7547E+13  1.8519E+13  1.7920E+14  1.0334E-01
  3.4767E+02  1.7578E+13  1.8550E+13  1.7947E+14  1.0336E-01
  3.4804E+02  1.7610E+13  1.8582E+13  1.7974E+14  1.0338E-01
  3.4842E+02  1.7641E+13  1.8613E+13  1.8001E+14  1.0340E-01
  3.4879E+02  1.7672E+13  1.8644E+13  1.8028E+14  1.0342E-01
  3.4917E+02  1.7704E+13  1.8676E+13  1.8055E+14  1.0344E-01
  3.4954E+02  1.7735E+13  1.8707E+13  1.8083E+14  1.0346E-01
  3.4992E+02  1.7767E+13  1.8739E+13  1.8110E+14  1.0348E-01
  3.5029E+02  1.7798E+13  1.8770E+13  1.8137E+14  1.0349E-01
  3.5067E+02  1.7830E+13  1.8802E+13  1.8164E+14  1.0351E-01
  3.5104E+02  1.7861E+13  1.8834E+13  1.8191E+14  1.0353E-01
  3.5142E+02  1.7893E+13  1.8865E+13  1.8218E+14  1.0355E-01
  3.5179E+02  1.7924E+13  1.8897E+13  1.8245E+14  1.0357E-01
  3.5217E+02  1.7956E+13  1.8928E+13  1.8272E+14  1.0359E-01
  3.5254E+02  1.7987E+13  1.8960E+13  1.8299E+14  1.0361E-01
  3.5292E+02  1.8019E+13  1.8991E+13  1.8327E+14  1.0363E-01
  3.5329E+02  1.8050E+13  1.9023E+13  1.8354E+14  1.0365E-01
  3.5367E+02  1.8082E+13  1.9055E+13  1.8381E+14  1.0367E-01
  3.5404E+02  1.8114E+13  1.9086E+13  1.8408E+14  1.0368E-01
  3.5442E+02  1.8145E+13  1.9118E+13  1.8435E+14  1.0370E-01
  3.5479E+02  1.8177E+13  1.9149E+13  1.8462E+14  1.0372E-01
  3.5517E+02  1.8208E+13  1.9181E+13  1.8489E+14  1.0374E-01
  3.5554E+02  1.8240E+13  1.9213E+13  1.8517E+14  1.0376E-01
  3.5592E+02  1.8272E+13  1.9244E+13  1.8544E+14  1.0378E-01
  3.5629E+02  1.8303E+13  1.9276E+13  1.8571E+14  1.0380E-01
  3.5667E+02  1.8335E+13  1.9308E+13  1.8598E+14  1.0382E-01
  3.5704E+02  1.8367E+13  1.9339E+13  1.8625E+14  1.0383E-01
  3.5742E+02  1.8398E+13  1.9371E+13  1.8652E+14  1.0385E-01
  3.5779E+02  1.8430E+13  1.9403E+13  1.8680E+14  1.0387E-01
  3.5817E+02  1.8462E+13  1.9435E+13  1.8707E+14  1.0389E-01
  3.5854E+02  1.8493E+13  1.9466E+13  1.8734E+14  1.0391E-01
  3.5892E+02  1.8525E+13  1.9498E+13  1.8761E+14  1.0393E-01
  3.5929E+02  1.8557E+13  1.9530E+13  1.8788E+14  1.0395E-01
  3.5967E+02  1.8589E+13  1.9562E+13  1.8816E+14  1.0396E-01
  3.6005E+02  1.8620E+13  1.9593E+13  1.8843E+14  1.0398E-01
  3.6042E+02  1.8652E+13  1.9625E+13  1.8870E+14  1.0400E-01
  3.6080E+02  1.8684E+13  1.9657E+13  1.8897E+14  1.0402E-01
  3.6117E+02  1.8716E+13  1.9689E+13  1.8924E+14  1.0404E-01
  3.6155E+02  1.8747E+13  1.9720E+13  1.8952E+14  1.0406E-01
  3.6192E+02  1.8779E+13  1.9752E+13  1.8979E+14  1.0407E-01
  3.6230E+02  1.8811E+13  1.9784E+13  1.9006E+14  1.0409E-01
  3.6267E+02  1.8843E+13  1.9816E+13  1.9033E+14  1.0411E-01
  3.6305E+02  1.8875E+13  1.9848E+13  1.9061E+14  1.0413E-01
  3.6342E+02  1.8906E+13  1.9880E+13  1.9088E+14  1.0415E-01
  3.6380E+02  1.8938E+13  1.9911E+13  1.9115E+14  1.0417E-01
  3.6417E+02  1.8970E+13  1.9943E+13  1.9142E+14  1.0418E-01
  3.6455E+02  1.9002E+13  1.9975E+13  1.9169E+14  1.0420E-01
  3.6492E+02  1.9034E+13  2.0007E+13  1.9197E+14  1.0422E-01
  3.6530E+02  1.9066E+13  2.0039E+13  1.9224E+14  1.0424E-01
  3.6567E+02  1.9098E+13  2.0071E+13  1.9251E+14  1.0426E-01
  3.6605E+02  1.9129E+13  2.0103E+13  1.9278E+14  1.0428E-01
  3.6642E+02  1.9161E+13  2.0135E+13  1.9306E+14  1.0429E-01
  3.6680E+02  1.9193E+13  2.0167E+13  1.9333E+14  1.0431E-01
  3.6717E+02  1.9225E+13  2.0199E+13  1.9360E+14  1.0433E-01
  3.6755E+02  1.9257E+13  2.0231E+13  1.9388E+14  1.0435E-01
  3.6792E+02  1.9289E+13  2.0263E+13  1.9415E+14  1.0437E-01
  3.6830E+02  1.9321E+13  2.0295E+13  1.9442E+14  1.0438E-01
  3.6867E+02  1.9353E+13  2.0326E+13  1.9469E+14  1.0440E-01
  3.6905E+02  1.9385E+13  2.0358E+13  1.9497E+14  1.0442E-01
  3.6942E+02  1.9417E+13  2.0390E+13  1.9524E+14  1.0444E-01
  3.6980E+02  1.9449E+13  2.0422E+13  1.9551E+14  1.0446E-01
  3.7017E+02  1.9481E+13  2.0454E+13  1.9578E+14  1.0447E-01
  3.7055E+02  1.9513E+13  2.0487E+13  1.9606E+14  1.0449E-01
  3.7092E+02  1.9545E+13  2.0519E+13  1.9633E+14  1.0451E-01
  3.7130E+02  1.9577E+13  2.0551E+13  1.9660E+14  1.0453E-01
  3.7167E+02  1.9609E+13  2.0583E+13  1.9688E+14  1.0455E-01
  3.7205E+02  1.9641E+13  2.0615E+13  1.9715E+14  1.0456E-01
  3.7242E+02  1.9673E+13  2.0647E+13  1.9742E+14  1.0458E-01
  3.7280E+02  1.9705E+13  2.0679E+13  1.9770E+14  1.0460E-01
  3.7317E+02  1.9737E+13  2.0711E+13  1.9797E+14  1.0462E-01
  3.7355E+02  1.9769E+13  2.0743E+13  1.9824E+14  1.0464E-01
  3.7392E+02  1.9801E+13  2.0775E+13  1.9851E+14  1.0465E-01
  3.7430E+02  1.9833E+13  2.0807E+13  1.9879E+14  1.0467E-01
  3.7467E+02  1.9865E+13  2.0839E+13  1.9906E+14  1.0469E-01
  3.7505E+02  1.9897E+13  2.0871E+13  1.9933E+14  1.0471E-01
  3.7542E+02  1.9930E+13  2.0904E+13  1.9961E+14  1.0472E-01
  3.7580E+02  1.9962E+13  2.0936E+13  1.9988E+14  1.0474E-01
  3.7617E+02  1.9994E+13  2.0968E+13  2.0015E+14  1.0476E-01
  3.7655E+02  2.0026E+13  2.1000E+13  2.0043E+14  1.0478E-01
  3.7692E+02  2.0058E+13  2.1032E+13  2.0070E+14  1.0479E-01
  3.7730E+02  2.0090E+13  2.1064E+13  2.0097E+14  1.0481E-01
  3.7767E+02  2.0122E+13  2.1097E+13  2.0125E+14  1.0483E-01
  3.7805E+02  2.0155E+13  2.1129E+13  2.0152E+14  1.0485E-01
  3.7842E+02  2.0187E+13  2.1161E+13  2.0179E+14  1.0486E-01
  3.7880E+02  2.0219E+13  2.1193E+13  2.0207E+14  1.0488E-01
  3.7917E+02  2.0251E+13  2.1225E+13  2.0234E+14  1.0490E-01
  3.7955E+02  2.0283E+13  2.1258E+13  2.0261E+14  1.0492E-01
  3.7992E+02  2.0315E+13  2.1290E+13  2.0289E+14  1.0493E-01
  3.8030E+02  2.0348E+13  2.1322E+13  2.0316E+14  1.0495E-01
  3.8067E+02  2.0380E+13  2.1354E+13  2.0343E+14  1.0497E-01
  3.8105E+02  2.0412E+13  2.1387E+13  2.0371E+14  1.0499E-01
  3.8142E+02  2.0444E+13  2.1419E+13  2.0398E+14  1.0500E-01
  3.8180E+02  2.0477E+13  2.1451E+13  2.0426E+14  1.0502E-01
  3.8217E+02  2.0509E+13  2.1483E+13  2.0453E+14  1.0504E-01
  3.8255E+02  2.0541E+13  2.1516E+13  2.0480E+14  1.0506E-01
  3.8292E+02  2.0573E+13  2.1548E+13  2.0508E+14  1.0507E-01
  3.8330E+02  2.0606E+13  2.1580E+13  2.0535E+14  1.0509E-01
  3.8367E+02  2.0638E+13  2.1613E+13  2.0562E+14  1.0511E-01
  3.8405E+02  2.0670E+13  2.1645E+13  2.0590E+14  1.0512E-01
  3.8442E+02  2.0703E+13  2.1677E+13  2.0617E+14  1.0514E-01
  3.8480E+02  2.0735E+13  2.1710E+13  2.0645E+14  1.0516E-01
  3.8517E+02  2.0767E+13  2.1742E+13  2.0672E+14  1.0518E-01
  3.8555E+02  2.0800E+13  2.1774E+13  2.0699E+14  1.0519E-01
  3.8592E+02  2.0832E+13  2.1807E+13  2.0727E+14  1.0521E-01
  3.8630E+02  2.0864E+13  2.1839E+13  2.0754E+14  1.0523E-01
  3.8667E+02  2.0897E+13  2.1871E+13  2.0782E+14  1.0524E-01
  3.8705E+02  2.0929E+13  2.1904E+13  2.0809E+14  1.0526E-01
  3.8742E+02  2.0961E+13  2.1936E+13  2.0836E+14  1.0528E-01
  3.8780E+02  2.0994E+13  2.1968E+13  2.0864E+14  1.0530E-01
  3.8817E+02  2.1026E+13  2.2001E+13  2.0891E+14  1.0531E-01
  3.8855E+02  2.1058E+13  2.2033E+13  2.0919E+14  1.0533E-01
  3.8892E+02  2.1091E+13  2.2066E+13  2.0946E+14  1.0535E-01
  3.8930E+02  2.1123E+13  2.2098E+13  2.0973E+14  1.0536E-01
  3.8967E+02  2.1156E+13  2.2131E+13  2.1001E+14  1.0538E-01
  3.9005E+02  2.1188E+13  2.2163E+13  2.1028E+14  1.0540E-01
  3.9042E+02  2.1220E+13  2.2195E+13  2.1056E+14  1.0541E-01
  3.9080E+02  2.1253E+13  2.2228E+13  2.1083E+14  1.0543E-01
  3.9117E+02  2.1285E+13  2.2260E+13  2.1110E+14  1.0545E-01
  3.9155E+02  2.1318E+13  2.2293E+13  2.1138E+14  1.0546E-01
  3.9192E+02  2.1350E+13  2.2325E+13  2.1165E+14  1.0548E-01
  3.9230E+02  2.1383E+13  2.2358E+13  2.1193E+14  1.0550E-01
  3.9267E+02  2.1415E+13  2.2390E+13  2.1220E+14  1.0551E-01
  3.9305E+02  2.1448E+13  2.2423E+13  2.1248E+14  1.0553E-01
  3.9342E+02  2.1480E+13  2.2455E+13  2.1275E+14  1.0555E-01
  3.9380E+02  2.1513E+13  2.2488E+13  2.1302E+14  1.0556E-01
  3.9417E+02  2.1545E+13  2.2520E+13  2.1330E+14  1.0558E-01
  3.9455E+02  2.1578E+13  2.2553E+13  2.1357E+14  1.0560E-01
  3.9492E+02  2.1610E+13  2.2585E+13  2.1385E+14  1.0561E-01
  3.9530E+02  2.1643E+13  2.2618E+13  2.1412E+14  1.0563E-01
  3.9567E+02  2.1675E+13  2.2650E+13  2.1440E+14  1.0565E-01
  3.9605E+02  2.1708E+13  2.2683E+13  2.1467E+14  1.0566E-01
  3.9642E+02  2.1740E+13  2.2716E+13  2.1495E+14  1.0568E-01
  3.9680E+02  2.1773E+13  2.2748E+13  2.1522E+14  1.0570E-01
  3.9717E+02  2.1805E+13  2.2781E+13  2.1549E+14  1.0571E-01
  3.9755E+02  2.1838E+13  2.2813E+13  2.1577E+14  1.0573E-01
  3.9792E+02  2.1870E+13  2.2846E+13  2.1604E+14  1.0575E-01
  3.9830E+02  2.1903E+13  2.2879E+13  2.1632E+14  1.0576E-01
  3.9867E+02  2.1936E+13  2.2911E+13  2.1659E+14  1.0578E-01
  3.9905E+02  2.1968E+13  2.2944E+13  2.1687E+14  1.0580E-01
  3.9942E+02  2.2001E+13  2.2976E+13  2.1714E+14  1.0581E-01
  3.9980E+02  2.2033E+13  2.3009E+13  2.1742E+14  1.0583E-01
  4.0018E+02  2.2066E+13  2.3042E+13  2.1769E+14  1.0585E-01
  4.0055E+02  2.2099E+13  2.3074E+13  2.1797E+14  1.0586E-01
  4.0093E+02  2.2131E+13  2.3107E+13  2.1824E+14  1.0588E-01
  4.0130E+02  2.2164E+13  2.3140E+13  2.1851E+14  1.0589E-01
  4.0168E+02  2.2197E+13  2.3172E+13  2.1879E+14  1.0591E-01
  4.0205E+02  2.2229E+13  2.3205E+13  2.1906E+14  1.0593E-01
  4.0243E+02  2.2262E+13  2.3238E+13  2.1934E+14  1.0594E-01
  4.0280E+02  2.2294E+13  2.3270E+13  2.1961E+14  1.0596E-01
  4.0318E+02  2.2327E+13  2.3303E+13  2.1989E+14  1.0598E-01
  4.0355E+02  2.2360E+13  2.3336E+13  2.2016E+14  1.0599E-01
  4.0393E+02  2.2392E+13  2.3368E+13  2.2044E+14  1.0601E-01
  4.0430E+02  2.2425E+13  2.3401E+13  2.2071E+14  1.0602E-01
  4.0468E+02  2.2458E+13  2.3434E+13  2.2099E+14  1.0604E-01
  4.0505E+02  2.2491E+13  2.3466E+13  2.2126E+14  1.0606E-01
  4.0543E+02  2.2523E+13  2.3499E+13  2.2154E+14  1.0607E-01
  4.0580E+02  2.2556E+13  2.3532E+13  2.2181E+14  1.0609E-01
  4.0618E+02  2.2589E+13  2.3565E+13  2.2209E+14  1.0611E-01
  4.0655E+02  2.2621E+13  2.3597E+13  2.2236E+14  1.0612E-01
  4.0693E+02  2.2654E+13  2.3630E+13  2.2264E+14  1.0614E-01
  4.0730E+02  2.2687E+13  2.3663E+13  2.2291E+14  1.0615E-01
  4.0768E+02  2.2720E+13  2.3696E+13  2.2319E+14  1.0617E-01
  4.0805E+02  2.2752E+13  2.3728E+13  2.2346E+14  1.0619E-01
  4.0843E+02  2.2785E+13  2.3761E+13  2.2374E+14  1.0620E-01
  4.0880E+02  2.2818E+13  2.3794E+13  2.2401E+14  1.0622E-01
  4.0918E+02  2.2851E+13  2.3827E+13  2.2429E+14  1.0623E-01
  4.0955E+02  2.2883E+13  2.3860E+13  2.2456E+14  1.0625E-01
  4.0993E+02  2.2916E+13  2.3892E+13  2.2484E+14  1.0627E-01
  4.1030E+02  2.2949E+13  2.3925E+13  2.2511E+14  1.0628E-01
  4.1068E+02  2.2982E+13  2.3958E+13  2.2539E+14  1.0630E-01
  4.1105E+02  2.3015E+13  2.3991E+13  2.2566E+14  1.0631E-01
  4.1143E+02  2.3047E+13  2.4024E+13  2.2594E+14  1.0633E-01
  4.1180E+02  2.3080E+13  2.4057E+13  2.2621E+14  1.0635E-01
  4.1218E+02  2.3113E+13  2.4089E+13  2.2649E+14  1.0636E-01
  4.1255E+02  2.3146E+13  2.4122E+13  2.2676E+14  1.0638E-01
  4.1293E+02  2.3179E+13  2.4155E+13  2.2704E+14  1.0639E-01
  4.1330E+02  2.3212E+13  2.4188E+13  2.2731E+14  1.0641E-01
  4.1368E+02  2.3244E+13  2.4221E+13  2.2759E+14  1.0642E-01
  4.1405E+02  2.3277E+13  2.4254E+13  2.2786E+14  1.0644E-01
  4.1443E+02  2.3310E+13  2.4287E+13  2.2814E+14  1.0646E-01
  4.1480E+02  2.3343E+13  2.4319E+13  2.2841E+14  1.0647E-01
  4.1518E+02  2.3376E+13  2.4352E+13  2.2869E+14  1.0649E-01
  4.1555E+02  2.3409E+13  2.4385E+13  2.2896E+14  1.0650E-01
  4.1593E+02  2.3442E+13  2.4418E+13  2.2924E+14  1.0652E-01
  4.1630E+02  2.3474E+13  2.4451E+13  2.2951E+14  1.0653E-01
  4.1668E+02  2.3507E+13  2.4484E+13  2.2979E+14  1.0655E-01
  4.1705E+02  2.3540E+13  2.4517E+13  2.3006E+14  1.0657E-01
  4.1743E+02  2.3573E+13  2.4550E+13  2.3034E+14  1.0658E-01
  4.1780E+02  2.3606E+13  2.4583E+13  2.3061E+14  1.0660E-01
  4.1818E+02  2.3639E+13  2.4616E+13  2.3089E+14  1.0661E-01
  4.1855E+02  2.3672E+13  2.4649E+13  2.3117E+14  1.0663E-01
  4.1893E+02  2.3705E+13  2.4682E+13  2.3144E+14  1.0664E-01
  4.1930E+02  2.3738E+13  2.4714E+13  2.3172E+14  1.0666E-01
  4.1968E+02  2.3771E+13  2.4747E+13  2.3199E+14  1.0667E-01
  4.2005E+02  2.3804E+13  2.4780E+13  2.3227E+14  1.0669E-01
  4.2043E+02  2.3837E+13  2.4813E+13  2.3254E+14  1.0671E-01
  4.2080E+02  2.3870E+13  2.4846E+13  2.3282E+14  1.0672E-01
  4.2118E+02  2.3903E+13  2.4879E+13  2.3309E+14  1.0674E-01
  4.2155E+02  2.3936E+13  2.4912E+13  2.3337E+14  1.0675E-01
  4.2193E+02  2.3968E+13  2.4945E+13  2.3364E+14  1.0677E-01
  4.2230E+02  2.4001E+13  2.4978E+13  2.3392E+14  1.0678E-01
  4.2268E+02  2.4034E+13  2.5011E+13  2.3419E+14  1.0680E-01
  4.2305E+02  2.4067E+13  2.5044E+13  2.3447E+14  1.0681E-01
  4.2343E+02  2.4100E+13  2.5077E+13  2.3474E+14  1.0683E-01
  4.2380E+02  2.4133E+13  2.5110E+13  2.3502E+14  1.0684E-01
  4.2418E+02  2.4166E+13  2.5143E+13  2.3530E+14  1.0686E-01
  4.2455E+02  2.4199E+13  2.5176E+13  2.3557E+14  1.0687E-01
  4.2493E+02  2.4232E+13  2.5209E+13  2.3585E+14  1.0689E-01
  4.2530E+02  2.4266E+13  2.5243E+13  2.3612E+14  1.0690E-01
  4.2568E+02  2.4299E+13  2.5276E+13  2.3640E+14  1.0692E-01
  4.2605E+02  2.4332E+13  2.5309E+13  2.3667E+14  1.0694E-01
  4.2643E+02  2.4365E+13  2.5342E+13  2.3695E+14  1.0695E-01
  4.2680E+02  2.4398E+13  2.5375E+13  2.3722E+14  1.0697E-01
  4.2718E+02  2.4431E+13  2.5408E+13  2.3750E+14  1.0698E-01
  4.2755E+02  2.4464E+13  2.5441E+13  2.3777E+14  1.0700E-01
  4.2793E+02  2.4497E+13  2.5474E+13  2.3805E+14  1.0701E-01
  4.2830E+02  2.4530E+13  2.5507E+13  2.3833E+14  1.0703E-01
  4.2868E+02  2.4563E+13  2.5540E+13  2.3860E+14  1.0704E-01
  4.2905E+02  2.4596E+13  2.5573E+13  2.3888E+14  1.0706E-01
  4.2943E+02  2.4629E+13  2.5606E+13  2.3915E+14  1.0707E-01
  4.2980E+02  2.4662E+13  2.5640E+13  2.3943E+14  1.0709E-01
  4.3018E+02  2.4695E+13  2.5673E+13  2.3970E+14  1.0710E-01
  4.3055E+02  2.4728E+13  2.5706E+13  2.3998E+14  1.0712E-01
  4.3093E+02  2.4762E+13  2.5739E+13  2.4025E+14  1.0713E-01
  4.3130E+02  2.4795E+13  2.5772E+13  2.4053E+14  1.0715E-01
  4.3168E+02  2.4828E+13  2.5805E+13  2.4081E+14  1.0716E-01
  4.3205E+02  2.4861E+13  2.5838E+13  2.4108E+14  1.0718E-01
  4.3243E+02  2.4894E+13  2.5871E+13  2.4136E+14  1.0719E-01
  4.3280E+02  2.4927E+13  2.5905E+13  2.4163E+14  1.0721E-01
  4.3318E+02  2.4960E+13  2.5938E+13  2.4191E+14  1.0722E-01
  4.3355E+02  2.4993E+13  2.5971E+13  2.4218E+14  1.0724E-01
  4.3393E+02  2.5027E+13  2.6004E+13  2.4246E+14  1.0725E-01
  4.3430E+02  2.5060E+13  2.6037E+13  2.4273E+14  1.0727E-01
  4.3468E+02  2.5093E+13  2.6070E+13  2.4301E+14  1.0728E-01
  4.3505E+02  2.5126E+13  2.6104E+13  2.4329E+14  1.0730E-01
  4.3543E+02  2.5159E+13  2.6137E+13  2.4356E+14  1.0731E-01
  4.3580E+02  2.5192E+13  2.6170E+13  2.4384E+14  1.0733E-01
  4.3618E+02  2.5226E+13  2.6203E+13  2.4411E+14  1.0734E-01
  4.3655E+02  2.5259E+13  2.6236E+13  2.4439E+14  1.0736E-01
  4.3693E+02  2.5292E+13  2.6270E+13  2.4466E+14  1.0737E-01
  4.3730E+02  2.5325E+13  2.6303E+13  2.4494E+14  1.0738E-01
  4.3768E+02  2.5358E+13  2.6336E+13  2.4522E+14  1.0740E-01
  4.3805E+02  2.5392E+13  2.6369E+13  2.4549E+14  1.0741E-01
  4.3843E+02  2.5425E+13  2.6403E+13  2.4577E+14  1.0743E-01
  4.3880E+02  2.5458E+13  2.6436E+13  2.4604E+14  1.0744E-01
  4.3918E+02  2.5491E+13  2.6469E+13  2.4632E+14  1.0746E-01
  4.3955E+02  2.5524E+13  2.6502E+13  2.4659E+14  1.0747E-01
  4.3993E+02  2.5558E+13  2.6535E+13  2.4687E+14  1.0749E-01
  4.4031E+02  2.5591E+13  2.6569E+13  2.4715E+14  1.0750E-01
  4.4068E+02  2.5624E+13  2.6602E+13  2.4742E+14  1.0752E-01
  4.4106E+02  2.5657E+13  2.6635E+13  2.4770E+14  1.0753E-01
  4.4143E+02  2.5691E+13  2.6669E+13  2.4797E+14  1.0755E-01
  4.4181E+02  2.5724E+13  2.6702E+13  2.4825E+14  1.0756E-01
  4.4218E+02  2.5757E+13  2.6735E+13  2.4852E+14  1.0758E-01
  4.4256E+02  2.5790E+13  2.6768E+13  2.4880E+14  1.0759E-01
  4.4293E+02  2.5824E+13  2.6802E+13  2.4908E+14  1.0760E-01
  4.4331E+02  2.5857E+13  2.6835E+13  2.4935E+14  1.0762E-01
  4.4368E+02  2.5890E+13  2.6868E+13  2.4963E+14  1.0763E-01
  4.4406E+02  2.5924E+13  2.6902E+13  2.4990E+14  1.0765E-01
  4.4443E+02  2.5957E+13  2.6935E+13  2.5018E+14  1.0766E-01
  4.4481E+02  2.5990E+13  2.6968E+13  2.5045E+14  1.0768E-01
  4.4518E+02  2.6023E+13  2.7001E+13  2.5073E+14  1.0769E-01
  4.4556E+02  2.6057E+13  2.7035E+13  2.5101E+14  1.0771E-01
  4.4593E+02  2.6090E+13  2.7068E+13  2.5128E+14  1.0772E-01
  4.4631E+02  2.6123E+13  2.7101E+13  2.5156E+14  1.0773E-01
  4.4668E+02  2.6157E+13  2.7135E+13  2.5183E+14  1.0775E-01
  4.4706E+02  2.6190E+13  2.7168E+13  2.5211E+14  1.0776E-01
  4.4743E+02  2.6223E+13  2.7201E+13  2.5238E+14  1.0778E-01
  4.4781E+02  2.6257E+13  2.7235E+13  2.5266E+14  1.0779E-01
  4.4818E+02  2.6290E+13  2.7268E+13  2.5294E+14  1.0781E-01
  4.4856E+02  2.6323E+13  2.7302E+13  2.5321E+14  1.0782E-01
  4.4893E+02  2.6357E+13  2.7335E+13  2.5349E+14  1.0784E-01
  4.4931E+02  2.6390E+13  2.7368E+13  2.5376E+14  1.0785E-01
  4.4968E+02  2.6423E+13  2.7402E+13  2.5404E+14  1.0786E-01
  4.5006E+02  2.6457E+13  2.7435E+13  2.5431E+14  1.0788E-01
  4.5043E+02  2.6490E+13  2.7468E+13  2.5459E+14  1.0789E-01
  4.5081E+02  2.6523E+13  2.7502E+13  2.5487E+14  1.0791E-01
  4.5118E+02  2.6557E+13  2.7535E+13  2.5514E+14  1.0792E-01
  4.5156E+02  2.6590E+13  2.7569E+13  2.5542E+14  1.0794E-01
  4.5193E+02  2.6624E+13  2.7602E+13  2.5569E+14  1.0795E-01
  4.5231E+02  2.6657E+13  2.7635E+13  2.5597E+14  1.0796E-01
  4.5268E+02  2.6690E+13  2.7669E+13  2.5624E+14  1.0798E-01
  4.5306E+02  2.6724E+13  2.7702E+13  2.5652E+14  1.0799E-01
  4.5343E+02  2.6757E+13  2.7736E+13  2.5680E+14  1.0801E-01
  4.5381E+02  2.6791E+13  2.7769E+13  2.5707E+14  1.0802E-01
  4.5418E+02  2.6824E+13  2.7802E+13  2.5735E+14  1.0803E-01
  4.5456E+02  2.6857E+13  2.7836E+13  2.5762E+14  1.0805E-01
  4.5493E+02  2.6891E+13  2.7869E+13  2.5790E+14  1.0806E-01
  4.5531E+02  2.6924E+13  2.7903E+13  2.5818E+14  1.0808E-01
  4.5568E+02  2.6958E+13  2.7936E+13  2.5845E+14  1.0809E-01
  4.5606E+02  2.6991E+13  2.7970E+13  2.5873E+14  1.0810E-01
  4.5643E+02  2.7024E+13  2.8003E+13  2.5900E+14  1.0812E-01
  4.5681E+02  2.7058E+13  2.8036E+13  2.5928E+14  1.0813E-01
  4.5718E+02  2.7091E+13  2.8070E+13  2.5955E+14  1.0815E-01
  4.5756E+02  2.7125E+13  2.8103E+13  2.5983E+14  1.0816E-01
  4.5793E+02  2.7158E+13  2.8137E+13  2.6011E+14  1.0817E-01
  4.5831E+02  2.7192E+13  2.8170E+13  2.6038E+14  1.0819E-01
  4.5868E+02  2.7225E+13  2.8204E+13  2.6066E+14  1.0820E-01
  4.5906E+02  2.7259E+13  2.8237E+13  2.6093E+14  1.0822E-01
  4.5943E+02  2.7292E+13  2.8271E+13  2.6121E+14  1.0823E-01
  4.5981E+02  2.7326E+13  2.8304E+13  2.6148E+14  1.0824E-01
  4.6018E+02  2.7359E+13  2.8338E+13  2.6176E+14  1.0826E-01
  4.6056E+02  2.7392E+13  2.8371E+13  2.6204E+14  1.0827E-01
  4.6093E+02  2.7426E+13  2.8405E+13  2.6231E+14  1.0829E-01
  4.6131E+02  2.7459E+13  2.8438E+13  2.6259E+14  1.0830E-01
  4.6168E+02  2.7493E+13  2.8472E+13  2.6286E+14  1.0831E-01
  4.6206E+02  2.7526E+13  2.8505E+13  2.6314E+14  1.0833E-01
  4.6243E+02  2.7560E+13  2.8539E+13  2.6341E+14  1.0834E-01
  4.6281E+02  2.7593E+13  2.8572E+13  2.6369E+14  1.0836E-01
  4.6318E+02  2.7627E+13  2.8606E+13  2.6397E+14  1.0837E-01
  4.6356E+02  2.7660E+13  2.8639E+13  2.6424E+14  1.0838E-01
  4.6393E+02  2.7694E+13  2.8673E+13  2.6452E+14  1.0840E-01
  4.6431E+02  2.7727E+13  2.8706E+13  2.6479E+14  1.0841E-01
  4.6468E+02  2.7761E+13  2.8740E+13  2.6507E+14  1.0842E-01
  4.6506E+02  2.7795E+13  2.8773E+13  2.6534E+14  1.0844E-01
  4.6543E+02  2.7828E+13  2.8807E+13  2.6562E+14  1.0845E-01
  4.6581E+02  2.7862E+13  2.8841E+13  2.6590E+14  1.0847E-01
  4.6618E+02  2.7895E+13  2.8874E+13  2.6617E+14  1.0848E-01
  4.6656E+02  2.7929E+13  2.8908E+13  2.6645E+14  1.0849E-01
  4.6693E+02  2.7962E+13  2.8941E+13  2.6672E+14  1.0851E-01
  4.6731E+02  2.7996E+13  2.8975E+13  2.6700E+14  1.0852E-01
  4.6768E+02  2.8029E+13  2.9008E+13  2.6727E+14  1.0853E-01
  4.6806E+02  2.8063E+13  2.9042E+13  2.6755E+14  1.0855E-01
  4.6843E+02  2.8096E+13  2.9076E+13  2.6783E+14  1.0856E-01
  4.6881E+02  2.8130E+13  2.9109E+13  2.6810E+14  1.0857E-01
  4.6918E+02  2.8164E+13  2.9143E+13  2.6838E+14  1.0859E-01
  4.6956E+02  2.8197E+13  2.9176E+13  2.6865E+14  1.0860E-01
  4.6993E+02  2.8231E+13  2.9210E+13  2.6893E+14  1.0862E-01
  4.7031E+02  2.8264E+13  2.9243E+13  2.6920E+14  1.0863E-01
  4.7068E+02  2.8298E+13  2.9277E+13  2.6948E+14  1.0864E-01
  4.7106E+02  2.8331E+13  2.9311E+13  2.6976E+14  1.0866E-01
  4.7143E+02  2.8365E+13  2.9344E+13  2.7003E+14  1.0867E-01
  4.7181E+02  2.8399E+13  2.9378E+13  2.7031E+14  1.0868E-01
  4.7218E+02  2.8432E+13  2.9411E+13  2.7058E+14  1.0870E-01
  4.7256E+02  2.8466E+13  2.9445E+13  2.7086E+14  1.0871E-01
  4.7293E+02  2.8499E+13  2.9479E+13  2.7113E+14  1.0872E-01
  4.7331E+02  2.8533E+13  2.9512E+13  2.7141E+14  1.0874E-01
  4.7368E+02  2.8567E+13  2.9546E+13  2.7169E+14  1.0875E-01
  4.7406E+02  2.8600E+13  2.9580E+13  2.7196E+14  1.0876E-01
  4.7443E+02  2.8634E+13  2.9613E+13  2.7224E+14  1.0878E-01
  4.7481E+02  2.8668E+13  2.9647E+13  2.7251E+14  1.0879E-01
  4.7518E+02  2.8701E+13  2.9681E+13  2.7279E+14  1.0880E-01
  4.7556E+02  2.8735E+13  2.9714E+13  2.7306E+14  1.0882E-01
  4.7593E+02  2.8768E+13  2.9748E+13  2.7334E+14  1.0883E-01
  4.7631E+02  2.8802E+13  2.9781E+13  2.7361E+14  1.0884E-01
  4.7668E+02  2.8836E+13  2.9815E+13  2.7389E+14  1.0886E-01
  4.7706E+02  2.8869E+13  2.9849E+13  2.7417E+14  1.0887E-01
  4.7743E+02  2.8903E+13  2.9882E+13  2.7444E+14  1.0888E-01
  4.7781E+02  2.8937E+13  2.9916E+13  2.7472E+14  1.0890E-01
  4.7818E+02  2.8970E+13  2.9950E+13  2.7499E+14  1.0891E-01
  4.7856E+02  2.9004E+13  2.9983E+13  2.7527E+14  1.0892E-01
  4.7893E+02  2.9038E+13  3.0017E+13  2.7554E+14  1.0894E-01
  4.7931E+02  2.9071E+13  3.0051E+13  2.7582E+14  1.0895E-01
  4.7968E+02  2.9105E+13  3.0085E+13  2.7610E+14  1.0896E-01
  4.8006E+02  2.9139E+13  3.0118E+13  2.7637E+14  1.0898E-01
  4.8044E+02  2.9172E+13  3.0152E+13  2.7665E+14  1.0899E-01
  4.8081E+02  2.9206E+13  3.0186E+13  2.7692E+14  1.0900E-01
  4.8119E+02  2.9240E+13  3.0219E+13  2.7720E+14  1.0902E-01
  4.8156E+02  2.9273E+13  3.0253E+13  2.7747E+14  1.0903E-01
  4.8194E+02  2.9307E+13  3.0287E+13  2.7775E+14  1.0904E-01
  4.8231E+02  2.9341E+13  3.0320E+13  2.7802E+14  1.0906E-01
  4.8269E+02  2.9374E+13  3.0354E+13  2.7830E+14  1.0907E-01
  4.8306E+02  2.9408E+13  3.0388E+13  2.7858E+14  1.0908E-01
  4.8344E+02  2.9442E+13  3.0422E+13  2.7885E+14  1.0910E-01
  4.8381E+02  2.9476E+13  3.0455E+13  2.7913E+14  1.0911E-01
  4.8419E+02  2.9509E+13  3.0489E+13  2.7940E+14  1.0912E-01
  4.8456E+02  2.9543E+13  3.0523E+13  2.7968E+14  1.0914E-01
  4.8494E+02  2.9577E+13  3.0556E+13  2.7995E+14  1.0915E-01
  4.8531E+02  2.9610E+13  3.0590E+13  2.8023E+14  1.0916E-01
  4.8569E+02  2.9644E+13  3.0624E+13  2.8050E+14  1.0917E-01
  4.8606E+02  2.9678E+13  3.0658E+13  2.8078E+14  1.0919E-01
  4.8644E+02  2.9712E+13  3.0691E+13  2.8105E+14  1.0920E-01
  4.8681E+02  2.9745E+13  3.0725E+13  2.8133E+14  1.0921E-01
  4.8719E+02  2.9779E+13  3.0759E+13  2.8161E+14  1.0923E-01
  4.8756E+02  2.9813E+13  3.0793E+13  2.8188E+14  1.0924E-01
  4.8794E+02  2.9846E+13  3.0826E+13  2.8216E+14  1.0925E-01
  4.8831E+02  2.9880E+13  3.0860E+13  2.8243E+14  1.0927E-01
  4.8869E+02  2.9914E+13  3.0894E+13  2.8271E+14  1.0928E-01
  4.8906E+02  2.9948E+13  3.0928E+13  2.8298E+14  1.0929E-01
  4.8944E+02  2.9981E+13  3.0961E+13  2.8326E+14  1.0930E-01
  4.8981E+02  3.0015E+13  3.0995E+13  2.8353E+14  1.0932E-01
  4.9019E+02  3.0049E+13  3.1029E+13  2.8381E+14  1.0933E-01
  4.9056E+02  3.0083E+13  3.1063E+13  2.8408E+14  1.0934E-01
  4.9094E+02  3.0117E+13  3.1097E+13  2.8436E+14  1.0936E-01
  4.9131E+02  3.0150E+13  3.1130E+13  2.8463E+14  1.0937E-01
  4.9169E+02  3.0184E+13  3.1164E+13  2.8491E+14  1.0938E-01
  4.9206E+02  3.0218E+13  3.1198E+13  2.8519E+14  1.0940E-01
  4.9244E+02  3.0252E+13  3.1232E+13  2.8546E+14  1.0941E-01
  4.9281E+02  3.0285E+13  3.1266E+13  2.8574E+14  1.0942E-01
  4.9319E+02  3.0319E+13  3.1299E+13  2.8601E+14  1.0943E-01
  4.9356E+02  3.0353E+13  3.1333E+13  2.8629E+14  1.0945E-01
  4.9394E+02  3.0387E+13  3.1367E+13  2.8656E+14  1.0946E-01
  4.9431E+02  3.0421E+13  3.1401E+13  2.8684E+14  1.0947E-01
  4.9469E+02  3.0454E+13  3.1435E+13  2.8711E+14  1.0949E-01
  4.9506E+02  3.0488E+13  3.1468E+13  2.8739E+14  1.0950E-01
  4.9544E+02  3.0522E+13  3.1502E+13  2.8766E+14  1.0951E-01
  4.9581E+02  3.0556E+13  3.1536E+13  2.8794E+14  1.0952E-01
  4.9619E+02  3.0590E+13  3.1570E+13  2.8821E+14  1.0954E-01
  4.9656E+02  3.0623E+13  3.1604E+13  2.8849E+14  1.0955E-01
  4.9694E+02  3.0657E+13  3.1637E+13  2.8876E+14  1.0956E-01
  4.9731E+02  3.0691E+13  3.1671E+13  2.8904E+14  1.0957E-01
  4.9769E+02  3.0725E+13  3.1705E+13  2.8931E+14  1.0959E-01
  4.9806E+02  3.0759E+13  3.1739E+13  2.8959E+14  1.0960E-01
  4.9844E+02  3.0792E+13  3.1773E+13  2.8986E+14  1.0961E-01
  4.9881E+02  3.0826E+13  3.1807E+13  2.9014E+14  1.0963E-01
  4.9919E+02  3.0860E+13  3.1841E+13  2.9042E+14  1.0964E-01
  4.9956E+02  3.0894E+13  3.1874E+13  2.9069E+14  1.0965E-01
  4.9994E+02  3.0928E+13  3.1908E+13  2.9097E+14  1.0966E-01
  5.0031E+02  3.0962E+13  3.1942E+13  2.9124E+14  1.0968E-01
  5.0069E+02  3.0995E+13  3.1976E+13  2.9152E+14  1.0969E-01
  5.0106E+02  3.1029E+13  3.2010E+13  2.9179E+14  1.0970E-01
  5.0144E+02  3.1063E+13  3.2044E+13  2.9207E+14  1.0971E-01
  5.0181E+02  3.1097E+13  3.2078E+13  2.9234E+14  1.0973E-01
  5.0219E+02  3.1131E+13  3.2111E+13  2.9262E+14  1.0974E-01
  5.0256E+02  3.1165E+13  3.2145E+13  2.9289E+14  1.0975E-01
  5.0294E+02  3.1199E+13  3.2179E+13  2.9317E+14  1.0976E-01
  5.0331E+02  3.1232E+13  3.2213E+13  2.9344E+14  1.0978E-01
  5.0369E+02  3.1266E+13  3.2247E+13  2.9372E+14  1.0979E-01
  5.0406E+02  3.1300E+13  3.2281E+13  2.9399E+14  1.0980E-01
  5.0444E+02  3.1334E+13  3.2315E+13  2.9427E+14  1.0981E-01
  5.0481E+02  3.1368E+13  3.2349E+13  2.9454E+14  1.0983E-01
  5.0519E+02  3.1402E+13  3.2382E+13  2.9482E+14  1.0984E-01
  5.0556E+02  3.1436E+13  3.2416E+13  2.9509E+14  1.0985E-01
  5.0594E+02  3.1470E+13  3.2450E+13  2.9537E+14  1.0986E-01
  5.0631E+02  3.1503E+13  3.2484E+13  2.9564E+14  1.0988E-01
  5.0669E+02  3.1537E+13  3.2518E+13  2.9592E+14  1.0989E-01
  5.0706E+02  3.1571E+13  3.2552E+13  2.9619E+14  1.0990E-01
  5.0744E+02  3.1605E+13  3.2586E+13  2.9647E+14  1.0991E-01
  5.0781E+02  3.1639E+13  3.2620E+13  2.9674E+14  1.0993E-01
  5.0819E+02  3.1673E+13  3.2654E+13  2.9702E+14  1.0994E-01
  5.0856E+02  3.1707E+13  3.2688E+13  2.9729E+14  1.0995E-01
  5.0894E+02  3.1741E+13  3.2721E+13  2.9757E+14  1.0996E-01
  5.0931E+02  3.1775E+13  3.2755E+13  2.9784E+14  1.0998E-01
  5.0969E+02  3.1809E+13  3.2789E+13  2.9812E+14  1.0999E-01
  5.1006E+02  3.1842E+13  3.2823E+13  2.9839E+14  1.1000E-01
  5.1044E+02  3.1876E+13  3.2857E+13  2.9867E+14  1.1001E-01
  5.1081E+02  3.1910E+13  3.2891E+13  2.9894E+14  1.1003E-01
  5.1119E+02  3.1944E+13  3.2925E+13  2.9922E+14  1.1004E-01
  5.1156E+02  3.1978E+13  3.2959E+13  2.9949E+14  1.1005E-01
  5.1194E+02  3.2012E+13  3.2993E+13  2.9977E+14  1.1006E-01
  5.1231E+02  3.2046E+13  3.3027E+13  3.0004E+14  1.1007E-01
  5.1269E+02  3.2080E+13  3.3061E+13  3.0031E+14  1.1009E-01
  5.1306E+02  3.2114E+13  3.3095E+13  3.0059E+14  1.1010E-01
  5.1344E+02  3.2148E+13  3.3129E+13  3.0086E+14  1.1011E-01
  5.1381E+02  3.2182E+13  3.3163E+13  3.0114E+14  1.1012E-01
  5.1419E+02  3.2216E+13  3.3197E+13  3.0141E+14  1.1014E-01
  5.1456E+02  3.2250E+13  3.3231E+13  3.0169E+14  1.1015E-01
  5.1494E+02  3.2284E+13  3.3264E+13  3.0196E+14  1.1016E-01
  5.1531E+02  3.2317E+13  3.3298E+13  3.0224E+14  1.1017E-01
  5.1569E+02  3.2351E+13  3.3332E+13  3.0251E+14  1.1019E-01
  5.1606E+02  3.2385E+13  3.3366E+13  3.0279E+14  1.1020E-01
  5.1644E+02  3.2419E+13  3.3400E+13  3.0306E+14  1.1021E-01
  5.1681E+02  3.2453E+13  3.3434E+13  3.0334E+14  1.1022E-01
  5.1719E+02  3.2487E+13  3.3468E+13  3.0361E+14  1.1023E-01
  5.1756E+02  3.2521E+13  3.3502E+13  3.0389E+14  1.1025E-01
  5.1794E+02  3.2555E+13  3.3536E+13  3.0416E+14  1.1026E-01
  5.1831E+02  3.2589E+13  3.3570E+13  3.0444E+14  1.1027E-01
  5.1869E+02  3.2623E+13  3.3604E+13  3.0471E+14  1.1028E-01
  5.1906E+02  3.2657E+13  3.3638E+13  3.0498E+14  1.1029E-01
  5.1944E+02  3.2691E+13  3.3672E+13  3.0526E+14  1.1031E-01
  5.1981E+02  3.2725E+13  3.3706E+13  3.0553E+14  1.1032E-01
  5.2019E+02  3.2759E+13  3.3740E+13  3.0581E+14  1.1033E-01
  5.2057E+02  3.2793E+13  3.3774E+13  3.0608E+14  1.1034E-01
  5.2094E+02  3.2827E+13  3.3808E+13  3.0636E+14  1.1036E-01
  5.2132E+02  3.2861E+13  3.3842E+13  3.0663E+14  1.1037E-01
  5.2169E+02  3.2895E+13  3.3876E+13  3.0691E+14  1.1038E-01
  5.2207E+02  3.2929E+13  3.3910E+13  3.0718E+14  1.1039E-01
  5.2244E+02  3.2963E+13  3.3944E+13  3.0746E+14  1.1040E-01
  5.2282E+02  3.2997E+13  3.3978E+13  3.0773E+14  1.1042E-01
  5.2319E+02  3.3031E+13  3.4012E+13  3.0800E+14  1.1043E-01
  5.2357E+02  3.3065E+13  3.4046E+13  3.0828E+14  1.1044E-01
  5.2394E+02  3.3099E+13  3.4080E+13  3.0855E+14  1.1045E-01
  5.2432E+02  3.3133E+13  3.4114E+13  3.0883E+14  1.1046E-01
  5.2469E+02  3.3167E+13  3.4148E+13  3.0910E+14  1.1048E-01
  5.2507E+02  3.3201E+13  3.4182E+13  3.0938E+14  1.1049E-01
  5.2544E+02  3.3235E+13  3.4216E+13  3.0965E+14  1.1050E-01
  5.2582E+02  3.3269E+13  3.4250E+13  3.0992E+14  1.1051E-01
  5.2619E+02  3.3303E+13  3.4284E+13  3.1020E+14  1.1052E-01
  5.2657E+02  3.3337E+13  3.4318E+13  3.1047E+14  1.1054E-01
  5.2694E+02  3.3371E+13  3.4352E+13  3.1075E+14  1.1055E-01
  5.2732E+02  3.3405E+13  3.4386E+13  3.1102E+14  1.1056E-01
  5.2769E+02  3.3439E+13  3.4420E+13  3.1130E+14  1.1057E-01
  5.2807E+02  3.3473E+13  3.4454E+13  3.1157E+14  1.1058E-01
  5.2844E+02  3.3507E+13  3.4488E+13  3.1184E+14  1.1059E-01
  5.2882E+02  3.3541E+13  3.4522E+13  3.1212E+14  1.1061E-01
  5.2919E+02  3.3575E+13  3.4556E+13  3.1239E+14  1.1062E-01
  5.2957E+02  3.3609E+13  3.4591E+13  3.1267E+14  1.1063E-01
  5.2994E+02  3.3643E+13  3.4625E+13  3.1294E+14  1.1064E-01
  5.3032E+02  3.3677E+13  3.4659E+13  3.1322E+14  1.1065E-01
  5.3069E+02  3.3711E+13  3.4693E+13  3.1349E+14  1.1067E-01
  5.3107E+02  3.3745E+13  3.4727E+13  3.1376E+14  1.1068E-01
  5.3144E+02  3.3779E+13  3.4761E+13  3.1404E+14  1.1069E-01
  5.3182E+02  3.3813E+13  3.4795E+13  3.1431E+14  1.1070E-01
  5.3219E+02  3.3847E+13  3.4829E+13  3.1459E+14  1.1071E-01
  5.3257E+02  3.3881E+13  3.4863E+13  3.1486E+14  1.1073E-01
  5.3294E+02  3.3915E+13  3.4897E+13  3.1513E+14  1.1074E-01
  5.3332E+02  3.3949E+13  3.4931E+13  3.1541E+14  1.1075E-01
  5.3369E+02  3.3984E+13  3.4965E+13  3.1568E+14  1.1076E-01
  5.3407E+02  3.4018E+13  3.4999E+13  3.1596E+14  1.1077E-01
  5.3444E+02  3.4052E+13  3.5033E+13  3.1623E+14  1.1078E-01
  5.3482E+02  3.4086E+13  3.5067E+13  3.1650E+14  1.1080E-01
  5.3519E+02  3.4120E+13  3.5101E+13  3.1678E+14  1.1081E-01
  5.3557E+02  3.4154E+13  3.5135E+13  3.1705E+14  1.1082E-01
  5.3594E+02  3.4188E+13  3.5170E+13  3.1733E+14  1.1083E-01
  5.3632E+02  3.4222E+13  3.5204E+13  3.1760E+14  1.1084E-01
  5.3669E+02  3.4256E+13  3.5238E+13  3.1787E+14  1.1085E-01
  5.3707E+02  3.4290E+13  3.5272E+13  3.1815E+14  1.1087E-01
  5.3744E+02  3.4324E+13  3.5306E+13  3.1842E+14  1.1088E-01
  5.3782E+02  3.4358E+13  3.5340E+13  3.1870E+14  1.1089E-01
  5.3819E+02  3.4392E+13  3.5374E+13  3.1897E+14  1.1090E-01
  5.3857E+02  3.4426E+13  3.5408E+13  3.1924E+14  1.1091E-01
  5.3894E+02  3.4460E+13  3.5442E+13  3.1952E+14  1.1092E-01
  5.3932E+02  3.4495E+13  3.5476E+13  3.1979E+14  1.1094E-01
  5.3969E+02  3.4529E+13  3.5510E+13  3.2007E+14  1.1095E-01
  5.4007E+02  3.4563E+13  3.5545E+13  3.2034E+14  1.1096E-01
  5.4044E+02  3.4597E+13  3.5579E+13  3.2061E+14  1.1097E-01
  5.4082E+02  3.4631E+13  3.5613E+13  3.2089E+14  1.1098E-01
  5.4119E+02  3.4665E+13  3.5647E+13  3.2116E+14  1.1099E-01
  5.4157E+02  3.4699E+13  3.5681E+13  3.2143E+14  1.1101E-01
  5.4194E+02  3.4733E+13  3.5715E+13  3.2171E+14  1.1102E-01
  5.4232E+02  3.4767E+13  3.5749E+13  3.2198E+14  1.1103E-01
  5.4269E+02  3.4801E+13  3.5783E+13  3.2225E+14  1.1104E-01
  5.4307E+02  3.4835E+13  3.5817E+13  3.2253E+14  1.1105E-01
  5.4344E+02  3.4870E+13  3.5851E+13  3.2280E+14  1.1106E-01
  5.4382E+02  3.4904E+13  3.5886E+13  3.2308E+14  1.1107E-01
  5.4419E+02  3.4938E+13  3.5920E+13  3.2335E+14  1.1109E-01
  5.4457E+02  3.4972E+13  3.5954E+13  3.2362E+14  1.1110E-01
  5.4494E+02  3.5006E+13  3.5988E+13  3.2390E+14  1.1111E-01
  5.4532E+02  3.5040E+13  3.6022E+13  3.2417E+14  1.1112E-01
  5.4569E+02  3.5074E+13  3.6056E+13  3.2444E+14  1.1113E-01
  5.4607E+02  3.5108E+13  3.6090E+13  3.2472E+14  1.1114E-01
  5.4644E+02  3.5142E+13  3.6124E+13  3.2499E+14  1.1116E-01
  5.4682E+02  3.5177E+13  3.6159E+13  3.2526E+14  1.1117E-01
  5.4719E+02  3.5211E+13  3.6193E+13  3.2554E+14  1.1118E-01
  5.4757E+02  3.5245E+13  3.6227E+13  3.2581E+14  1.1119E-01
  5.4794E+02  3.5279E+13  3.6261E+13  3.2608E+14  1.1120E-01
  5.4832E+02  3.5313E+13  3.6295E+13  3.2636E+14  1.1121E-01
  5.4869E+02  3.5347E+13  3.6329E+13  3.2663E+14  1.1122E-01
  5.4907E+02  3.5381E+13  3.6363E+13  3.2690E+14  1.1124E-01
  5.4944E+02  3.5415E+13  3.6398E+13  3.2718E+14  1.1125E-01
  5.4982E+02  3.5450E+13  3.6432E+13  3.2745E+14  1.1126E-01
  5.5019E+02  3.5484E+13  3.6466E+13  3.2772E+14  1.1127E-01
  5.5057E+02  3.5518E+13  3.6500E+13  3.2800E+14  1.1128E-01
  5.5094E+02  3.5552E+13  3.6534E+13  3.2827E+14  1.1129E-01
  5.5132E+02  3.5586E+13  3.6568E+13  3.2854E+14  1.1130E-01
  5.5169E+02  3.5620E+13  3.6602E+13  3.2882E+14  1.1132E-01
  5.5207E+02  3.5654E+13  3.6637E+13  3.2909E+14  1.1133E-01
  5.5244E+02  3.5688E+13  3.6671E+13  3.2936E+14  1.1134E-01
  5.5282E+02  3.5723E+13  3.6705E+13  3.2964E+14  1.1135E-01
  5.5319E+02  3.5757E+13  3.6739E+13  3.2991E+14  1.1136E-01
  5.5357E+02  3.5791E+13  3.6773E+13  3.3018E+14  1.1137E-01
  5.5394E+02  3.5825E+13  3.6807E+13  3.3046E+14  1.1138E-01
  5.5432E+02  3.5859E+13  3.6842E+13  3.3073E+14  1.1139E-01
  5.5469E+02  3.5893E+13  3.6876E+13  3.3100E+14  1.1141E-01
  5.5507E+02  3.5928E+13  3.6910E+13  3.3128E+14  1.1142E-01
  5.5544E+02  3.5962E+13  3.6944E+13  3.3155E+14  1.1143E-01
  5.5582E+02  3.5996E+13  3.6978E+13  3.3182E+14  1.1144E-01
  5.5619E+02  3.6030E+13  3.7012E+13  3.3210E+14  1.1145E-01
  5.5657E+02  3.6064E+13  3.7047E+13  3.3237E+14  1.1146E-01
  5.5694E+02  3.6098E+13  3.7081E+13  3.3264E+14  1.1147E-01
  5.5732E+02  3.6132E+13  3.7115E+13  3.3291E+14  1.1148E-01
  5.5769E+02  3.6167E+13  3.7149E+13  3.3319E+14  1.1150E-01
  5.5807E+02  3.6201E+13  3.7183E+13  3.3346E+14  1.1151E-01
  5.5844E+02  3.6235E+13  3.7217E+13  3.3373E+14  1.1152E-01
  5.5882E+02  3.6269E+13  3.7252E+13  3.3401E+14  1.1153E-01
  5.5919E+02  3.6303E+13  3.7286E+13  3.3428E+14  1.1154E-01
  5.5957E+02  3.6338E+13  3.7320E+13  3.3455E+14  1.1155E-01
  5.5994E+02  3.6372E+13  3.7354E+13  3.3482E+14  1.1156E-01
  5.6032E+02  3.6406E+13  3.7388E+13  3.3510E+14  1.1157E-01
  5.6070E+02  3.6440E+13  3.7423E+13  3.3537E+14  1.1159E-01
  5.6107E+02  3.6474E+13  3.7457E+13  3.3564E+14  1.1160E-01
  5.6145E+02  3.6508E+13  3.7491E+13  3.3592E+14  1.1161E-01
  5.6182E+02  3.6543E+13  3.7525E+13  3.3619E+14  1.1162E-01
  5.6220E+02  3.6577E+13  3.7559E+13  3.3646E+14  1.1163E-01
  5.6257E+02  3.6611E+13  3.7593E+13  3.3673E+14  1.1164E-01
  5.6295E+02  3.6645E+13  3.7628E+13  3.3701E+14  1.1165E-01
  5.6332E+02  3.6679E+13  3.7662E+13  3.3728E+14  1.1166E-01
  5.6370E+02  3.6713E+13  3.7696E+13  3.3755E+14  1.1167E-01
  5.6407E+02  3.6748E+13  3.7730E+13  3.3783E+14  1.1169E-01
  5.6445E+02  3.6782E+13  3.7764E+13  3.3810E+14  1.1170E-01
  5.6482E+02  3.6816E+13  3.7799E+13  3.3837E+14  1.1171E-01
  5.6520E+02  3.6850E+13  3.7833E+13  3.3864E+14  1.1172E-01
  5.6557E+02  3.6884E+13  3.7867E+13  3.3892E+14  1.1173E-01
  5.6595E+02  3.6919E+13  3.7901E+13  3.3919E+14  1.1174E-01
  5.6632E+02  3.6953E+13  3.7936E+13  3.3946E+14  1.1175E-01
  5.6670E+02  3.6987E+13  3.7970E+13  3.3973E+14  1.1176E-01
  5.6707E+02  3.7021E+13  3.8004E+13  3.4001E+14  1.1177E-01
  5.6745E+02  3.7055E+13  3.8038E+13  3.4028E+14  1.1179E-01
  5.6782E+02  3.7090E+13  3.8072E+13  3.4055E+14  1.1180E-01
  5.6820E+02  3.7124E+13  3.8107E+13  3.4082E+14  1.1181E-01
  5.6857E+02  3.7158E+13  3.8141E+13  3.4110E+14  1.1182E-01
  5.6895E+02  3.7192E+13  3.8175E+13  3.4137E+14  1.1183E-01
  5.6932E+02  3.7226E+13  3.8209E+13  3.4164E+14  1.1184E-01
  5.6970E+02  3.7261E+13  3.8243E+13  3.4191E+14  1.1185E-01
  5.7007E+02  3.7295E+13  3.8278E+13  3.4218E+14  1.1186E-01
  5.7045E+02  3.7329E+13  3.8312E+13  3.4246E+14  1.1187E-01
  5.7082E+02  3.7363E+13  3.8346E+13  3.4273E+14  1.1188E-01
  5.7120E+02  3.7398E+13  3.8380E+13  3.4300E+14  1.1190E-01
  5.7157E+02  3.7432E+13  3.8415E+13  3.4327E+14  1.1191E-01
  5.7195E+02  3.7466E+13  3.8449E+13  3.4355E+14  1.1192E-01
  5.7232E+02  3.7500E+13  3.8483E+13  3.4382E+14  1.1193E-01
  5.7270E+02  3.7534E+13  3.8517E+13  3.4409E+14  1.1194E-01
  5.7307E+02  3.7569E+13  3.8551E+13  3.4436E+14  1.1195E-01
  5.7345E+02  3.7603E+13  3.8586E+13  3.4464E+14  1.1196E-01
  5.7382E+02  3.7637E+13  3.8620E+13  3.4491E+14  1.1197E-01
  5.7420E+02  3.7671E+13  3.8654E+13  3.4518E+14  1.1198E-01
  5.7457E+02  3.7706E+13  3.8688E+13  3.4545E+14  1.1199E-01
  5.7495E+02  3.7740E+13  3.8723E+13  3.4572E+14  1.1200E-01
  5.7532E+02  3.7774E+13  3.8757E+13  3.4600E+14  1.1202E-01
  5.7570E+02  3.7808E+13  3.8791E+13  3.4627E+14  1.1203E-01
  5.7607E+02  3.7842E+13  3.8825E+13  3.4654E+14  1.1204E-01
  5.7645E+02  3.7877E+13  3.8860E+13  3.4681E+14  1.1205E-01
  5.7682E+02  3.7911E+13  3.8894E+13  3.4708E+14  1.1206E-01
  5.7720E+02  3.7945E+13  3.8928E+13  3.4736E+14  1.1207E-01
  5.7757E+02  3.7979E+13  3.8962E+13  3.4763E+14  1.1208E-01
  5.7795E+02  3.8014E+13  3.8997E+13  3.4790E+14  1.1209E-01
  5.7832E+02  3.8048E+13  3.9031E+13  3.4817E+14  1.1210E-01
  5.7870E+02  3.8082E+13  3.9065E+13  3.4844E+14  1.1211E-01
  5.7907E+02  3.8116E+13  3.9099E+13  3.4872E+14  1.1212E-01
  5.7945E+02  3.8151E+13  3.9134E+13  3.4899E+14  1.1213E-01
  5.7982E+02  3.8185E+13  3.9168E+13  3.4926E+14  1.1215E-01
  5.8020E+02  3.8219E+13  3.9202E+13  3.4953E+14  1.1216E-01
  5.8057E+02  3.8253E+13  3.9236E+13  3.4980E+14  1.1217E-01
  5.8095E+02  3.8288E+13  3.9271E+13  3.5007E+14  1.1218E-01
  5.8132E+02  3.8322E+13  3.9305E+13  3.5035E+14  1.1219E-01
  5.8170E+02  3.8356E+13  3.9339E+13  3.5062E+14  1.1220E-01
  5.8207E+02  3.8390E+13  3.9373E+13  3.5089E+14  1.1221E-01
  5.8245E+02  3.8425E+13  3.9408E+13  3.5116E+14  1.1222E-01
  5.8282E+02  3.8459E+13  3.9442E+13  3.5143E+14  1.1223E-01
  5.8320E+02  3.8493E+13  3.9476E+13  3.5170E+14  1.1224E-01
  5.8357E+02  3.8527E+13  3.9510E+13  3.5198E+14  1.1225E-01
  5.8395E+02  3.8562E+13  3.9545E+13  3.5225E+14  1.1226E-01
  5.8432E+02  3.8596E+13  3.9579E+13  3.5252E+14  1.1227E-01
  5.8470E+02  3.8630E+13  3.9613E+13  3.5279E+14  1.1229E-01
  5.8507E+02  3.8664E+13  3.9648E+13  3.5306E+14  1.1230E-01
  5.8545E+02  3.8699E+13  3.9682E+13  3.5333E+14  1.1231E-01
  5.8582E+02  3.8733E+13  3.9716E+13  3.5361E+14  1.1232E-01
  5.8620E+02  3.8767E+13  3.9750E+13  3.5388E+14  1.1233E-01
  5.8657E+02  3.8801E+13  3.9785E+13  3.5415E+14  1.1234E-01
  5.8695E+02  3.8836E+13  3.9819E+13  3.5442E+14  1.1235E-01
  5.8732E+02  3.8870E+13  3.9853E+13  3.5469E+14  1.1236E-01
  5.8770E+02  3.8904E+13  3.9887E+13  3.5496E+14  1.1237E-01
  5.8807E+02  3.8938E+13  3.9922E+13  3.5523E+14  1.1238E-01
  5.8845E+02  3.8973E+13  3.9956E+13  3.5551E+14  1.1239E-01
  5.8882E+02  3.9007E+13  3.9990E+13  3.5578E+14  1.1240E-01
  5.8920E+02  3.9041E+13  4.0025E+13  3.5605E+14  1.1241E-01
  5.8957E+02  3.9075E+13  4.0059E+13  3.5632E+14  1.1242E-01
  5.8995E+02  3.9110E+13  4.0093E+13  3.5659E+14  1.1243E-01
  5.9032E+02  3.9144E+13  4.0127E+13  3.5686E+14  1.1245E-01
  5.9070E+02  3.9178E+13  4.0162E+13  3.5713E+14  1.1246E-01
  5.9107E+02  3.9213E+13  4.0196E+13  3.5740E+14  1.1247E-01
  5.9145E+02  3.9247E+13  4.0230E+13  3.5767E+14  1.1248E-01
  5.9182E+02  3.9281E+13  4.0265E+13  3.5795E+14  1.1249E-01
  5.9220E+02  3.9315E+13  4.0299E+13  3.5822E+14  1.1250E-01
  5.9257E+02  3.9350E+13  4.0333E+13  3.5849E+14  1.1251E-01
  5.9295E+02  3.9384E+13  4.0367E+13  3.5876E+14  1.1252E-01
  5.9332E+02  3.9418E+13  4.0402E+13  3.5903E+14  1.1253E-01
  5.9370E+02  3.9453E+13  4.0436E+13  3.5930E+14  1.1254E-01
  5.9407E+02  3.9487E+13  4.0470E+13  3.5957E+14  1.1255E-01
  5.9445E+02  3.9521E+13  4.0505E+13  3.5984E+14  1.1256E-01
  5.9482E+02  3.9555E+13  4.0539E+13  3.6011E+14  1.1257E-01
  5.9520E+02  3.9590E+13  4.0573E+13  3.6039E+14  1.1258E-01
  5.9557E+02  3.9624E+13  4.0607E+13  3.6066E+14  1.1259E-01
  5.9595E+02  3.9658E+13  4.0642E+13  3.6093E+14  1.1260E-01
  5.9632E+02  3.9693E+13  4.0676E+13  3.6120E+14  1.1261E-01
  5.9670E+02  3.9727E+13  4.0710E+13  3.6147E+14  1.1262E-01
  5.9707E+02  3.9761E+13  4.0745E+13  3.6174E+14  1.1264E-01
  5.9745E+02  3.9795E+13  4.0779E+13  3.6201E+14  1.1265E-01
  5.9782E+02  3.9830E+13  4.0813E+13  3.6228E+14  1.1266E-01
  5.9820E+02  3.9864E+13  4.0848E+13  3.6255E+14  1.1267E-01
  5.9857E+02  3.9898E+13  4.0882E+13  3.6282E+14  1.1268E-01
  5.9895E+02  3.9933E+13  4.0916E+13  3.6309E+14  1.1269E-01
  5.9932E+02  3.9967E+13  4.0950E+13  3.6336E+14  1.1270E-01
  5.9970E+02  4.0001E+13  4.0985E+13  3.6364E+14  1.1271E-01
  6.0008E+02  4.0035E+13  4.1019E+13  3.6391E+14  1.1272E-01
  6.0045E+02  4.0070E+13  4.1053E+13  3.6418E+14  1.1273E-01
  6.0083E+02  4.0104E+13  4.1088E+13  3.6445E+14  1.1274E-01
  6.0120E+02  4.0138E+13  4.1122E+13  3.6472E+14  1.1275E-01
  6.0158E+02  4.0173E+13  4.1156E+13  3.6499E+14  1.1276E-01
  6.0195E+02  4.0207E+13  4.1191E+13  3.6526E+14  1.1277E-01
  6.0233E+02  4.0241E+13  4.1225E+13  3.6553E+14  1.1278E-01
  6.0270E+02  4.0276E+13  4.1259E+13  3.6580E+14  1.1279E-01
  6.0308E+02  4.0310E+13  4.1294E+13  3.6607E+14  1.1280E-01
  6.0345E+02  4.0344E+13  4.1328E+13  3.6634E+14  1.1281E-01
  6.0383E+02  4.0378E+13  4.1362E+13  3.6661E+14  1.1282E-01
  6.0420E+02  4.0413E+13  4.1397E+13  3.6688E+14  1.1283E-01
  6.0458E+02  4.0447E+13  4.1431E+13  3.6715E+14  1.1284E-01
  6.0495E+02  4.0481E+13  4.1465E+13  3.6742E+14  1.1285E-01
  6.0533E+02  4.0516E+13  4.1499E+13  3.6769E+14  1.1286E-01
  6.0570E+02  4.0550E+13  4.1534E+13  3.6796E+14  1.1287E-01
  6.0608E+02  4.0584E+13  4.1568E+13  3.6823E+14  1.1289E-01
  6.0645E+02  4.0619E+13  4.1602E+13  3.6850E+14  1.1290E-01
  6.0683E+02  4.0653E+13  4.1637E+13  3.6877E+14  1.1291E-01
  6.0720E+02  4.0687E+13  4.1671E+13  3.6904E+14  1.1292E-01
  6.0758E+02  4.0722E+13  4.1705E+13  3.6931E+14  1.1293E-01
  6.0795E+02  4.0756E+13  4.1740E+13  3.6958E+14  1.1294E-01
  6.0833E+02  4.0790E+13  4.1774E+13  3.6985E+14  1.1295E-01
  6.0870E+02  4.0824E+13  4.1808E+13  3.7012E+14  1.1296E-01
  6.0908E+02  4.0859E+13  4.1843E+13  3.7039E+14  1.1297E-01
  6.0945E+02  4.0893E+13  4.1877E+13  3.7066E+14  1.1298E-01
  6.0983E+02  4.0927E+13  4.1911E+13  3.7093E+14  1.1299E-01
  6.1020E+02  4.0962E+13  4.1946E+13  3.7120E+14  1.1300E-01
  6.1058E+02  4.0996E+13  4.1980E+13  3.7147E+14  1.1301E-01
  6.1095E+02  4.1030E+13  4.2014E+13  3.7174E+14  1.1302E-01
  6.1133E+02  4.1065E+13  4.2049E+13  3.7201E+14  1.1303E-01
  6.1170E+02  4.1099E+13  4.2083E+13  3.7228E+14  1.1304E-01
  6.1208E+02  4.1133E+13  4.2117E+13  3.7255E+14  1.1305E-01
  6.1245E+02  4.1168E+13  4.2152E+13  3.7282E+14  1.1306E-01
  6.1283E+02  4.1202E+13  4.2186E+13  3.7309E+14  1.1307E-01
  6.1320E+02  4.1236E+13  4.2220E+13  3.7336E+14  1.1308E-01
  6.1358E+02  4.1271E+13  4.2255E+13  3.7363E+14  1.1309E-01
  6.1395E+02  4.1305E+13  4.2289E+13  3.7390E+14  1.1310E-01
  6.1433E+02  4.1339E+13  4.2323E+13  3.7417E+14  1.1311E-01
  6.1470E+02  4.1374E+13  4.2358E+13  3.7444E+14  1.1312E-01
  6.1508E+02  4.1408E+13  4.2392E+13  3.7471E+14  1.1313E-01
  6.1545E+02  4.1442E+13  4.2426E+13  3.7498E+14  1.1314E-01
  6.1583E+02  4.1477E+13  4.2461E+13  3.7525E+14  1.1315E-01
  6.1620E+02  4.1511E+13  4.2495E+13  3.7552E+14  1.1316E-01
  6.1658E+02  4.1545E+13  4.2529E+13  3.7579E+14  1.1317E-01
  6.1695E+02  4.1580E+13  4.2564E+13  3.7606E+14  1.1318E-01
  6.1733E+02  4.1614E+13  4.2598E+13  3.7633E+14  1.1319E-01
  6.1770E+02  4.1648E+13  4.2632E+13  3.7660E+14  1.1320E-01
  6.1808E+02  4.1683E+13  4.2667E+13  3.7687E+14  1.1321E-01
  6.1845E+02  4.1717E+13  4.2701E+13  3.7714E+14  1.1322E-01
  6.1883E+02  4.1751E+13  4.2735E+13  3.7741E+14  1.1323E-01
  6.1920E+02  4.1786E+13  4.2770E+13  3.7768E+14  1.1324E-01
  6.1958E+02  4.1820E+13  4.2804E+13  3.7795E+14  1.1325E-01
  6.1995E+02  4.1854E+13  4.2838E+13  3.7822E+14  1.1326E-01
  6.2033E+02  4.1889E+13  4.2873E+13  3.7849E+14  1.1327E-01
  6.2070E+02  4.1923E+13  4.2907E+13  3.7876E+14  1.1328E-01
  6.2108E+02  4.1957E+13  4.2941E+13  3.7903E+14  1.1329E-01
  6.2145E+02  4.1992E+13  4.2976E+13  3.7929E+14  1.1330E-01
  6.2183E+02  4.2026E+13  4.3010E+13  3.7956E+14  1.1331E-01
  6.2220E+02  4.2060E+13  4.3045E+13  3.7983E+14  1.1332E-01
  6.2258E+02  4.2095E+13  4.3079E+13  3.8010E+14  1.1333E-01
  6.2295E+02  4.2129E+13  4.3113E+13  3.8037E+14  1.1334E-01
  6.2333E+02  4.2163E+13  4.3148E+13  3.8064E+14  1.1336E-01
  6.2370E+02  4.2198E+13  4.3182E+13  3.8091E+14  1.1337E-01
  6.2408E+02  4.2232E+13  4.3216E+13  3.8118E+14  1.1338E-01
  6.2445E+02  4.2266E+13  4.3251E+13  3.8145E+14  1.1339E-01
  6.2483E+02  4.2301E+13  4.3285E+13  3.8172E+14  1.1340E-01
  6.2520E+02  4.2335E+13  4.3319E+13  3.8199E+14  1.1341E-01
  6.2558E+02  4.2369E+13  4.3354E+13  3.8226E+14  1.1342E-01
  6.2595E+02  4.2404E+13  4.3388E+13  3.8252E+14  1.1343E-01
  6.2633E+02  4.2438E+13  4.3422E+13  3.8279E+14  1.1344E-01
  6.2670E+02  4.2472E+13  4.3457E+13  3.8306E+14  1.1345E-01
  6.2708E+02  4.2507E+13  4.3491E+13  3.8333E+14  1.1346E-01
  6.2745E+02  4.2541E+13  4.3525E+13  3.8360E+14  1.1347E-01
  6.2783E+02  4.2575E+13  4.3560E+13  3.8387E+14  1.1348E-01
  6.2820E+02  4.2610E+13  4.3594E+13  3.8414E+14  1.1349E-01
  6.2858E+02  4.2644E+13  4.3629E+13  3.8441E+14  1.1350E-01
  6.2895E+02  4.2679E+13  4.3663E+13  3.8468E+14  1.1351E-01
  6.2933E+02  4.2713E+13  4.3697E+13  3.8494E+14  1.1352E-01
  6.2970E+02  4.2747E+13  4.3732E+13  3.8521E+14  1.1353E-01
  6.3008E+02  4.2782E+13  4.3766E+13  3.8548E+14  1.1354E-01
  6.3045E+02  4.2816E+13  4.3800E+13  3.8575E+14  1.1355E-01
  6.3083E+02  4.2850E+13  4.3835E+13  3.8602E+14  1.1356E-01
  6.3120E+02  4.2885E+13  4.3869E+13  3.8629E+14  1.1357E-01
  6.3158E+02  4.2919E+13  4.3903E+13  3.8656E+14  1.1358E-01
  6.3195E+02  4.2953E+13  4.3938E+13  3.8683E+14  1.1359E-01
  6.3233E+02  4.2988E+13  4.3972E+13  3.8709E+14  1.1360E-01
  6.3270E+02  4.3022E+13  4.4006E+13  3.8736E+14  1.1361E-01
  6.3308E+02  4.3056E+13  4.4041E+13  3.8763E+14  1.1362E-01
  6.3345E+02  4.3091E+13  4.4075E+13  3.8790E+14  1.1363E-01
  6.3383E+02  4.3125E+13  4.4110E+13  3.8817E+14  1.1364E-01
  6.3420E+02  4.3159E+13  4.4144E+13  3.8844E+14  1.1365E-01
  6.3458E+02  4.3194E+13  4.4178E+13  3.8871E+14  1.1366E-01
  6.3495E+02  4.3228E+13  4.4213E+13  3.8897E+14  1.1366E-01
  6.3533E+02  4.3263E+13  4.4247E+13  3.8924E+14  1.1367E-01
  6.3570E+02  4.3297E+13  4.4281E+13  3.8951E+14  1.1368E-01
  6.3608E+02  4.3331E+13  4.4316E+13  3.8978E+14  1.1369E-01
  6.3645E+02  4.3366E+13  4.4350E+13  3.9005E+14  1.1370E-01
  6.3683E+02  4.3400E+13  4.4385E+13  3.9032E+14  1.1371E-01
  6.3720E+02  4.3434E+13  4.4419E+13  3.9058E+14  1.1372E-01
  6.3758E+02  4.3469E+13  4.4453E+13  3.9085E+14  1.1373E-01
  6.3795E+02  4.3503E+13  4.4488E+13  3.9112E+14  1.1374E-01
  6.3833E+02  4.3537E+13  4.4522E+13  3.9139E+14  1.1375E-01
  6.3870E+02  4.3572E+13  4.4556E+13  3.9166E+14  1.1376E-01
  6.3908E+02  4.3606E+13  4.4591E+13  3.9192E+14  1.1377E-01
  6.3945E+02  4.3640E+13  4.4625E+13  3.9219E+14  1.1378E-01
  6.3983E+02  4.3675E+13  4.4659E+13  3.9246E+14  1.1379E-01
  6.4021E+02  4.3709E+13  4.4694E+13  3.9273E+14  1.1380E-01
  6.4058E+02  4.3744E+13  4.4728E+13  3.9300E+14  1.1381E-01
  6.4096E+02  4.3778E+13  4.4763E+13  3.9326E+14  1.1382E-01
  6.4133E+02  4.3812E+13  4.4797E+13  3.9353E+14  1.1383E-01
  6.4171E+02  4.3847E+13  4.4831E+13  3.9380E+14  1.1384E-01
  6.4208E+02  4.3881E+13  4.4866E+13  3.9407E+14  1.1385E-01
  6.4246E+02  4.3915E+13  4.4900E+13  3.9434E+14  1.1386E-01
  6.4283E+02  4.3950E+13  4.4934E+13  3.9460E+14  1.1387E-01
  6.4321E+02  4.3984E+13  4.4969E+13  3.9487E+14  1.1388E-01
  6.4358E+02  4.4018E+13  4.5003E+13  3.9514E+14  1.1389E-01
  6.4396E+02  4.4053E+13  4.5038E+13  3.9541E+14  1.1390E-01
  6.4433E+02  4.4087E+13  4.5072E+13  3.9568E+14  1.1391E-01
  6.4471E+02  4.4122E+13  4.5106E+13  3.9594E+14  1.1392E-01
  6.4508E+02  4.4156E+13  4.5141E+13  3.9621E+14  1.1393E-01
  6.4546E+02  4.4190E+13  4.5175E+13  3.9648E+14  1.1394E-01
  6.4583E+02  4.4225E+13  4.5209E+13  3.9675E+14  1.1395E-01
  6.4621E+02  4.4259E+13  4.5244E+13  3.9701E+14  1.1396E-01
  6.4658E+02  4.4293E+13  4.5278E+13  3.9728E+14  1.1397E-01
  6.4696E+02  4.4328E+13  4.5313E+13  3.9755E+14  1.1398E-01
  6.4733E+02  4.4362E+13  4.5347E+13  3.9782E+14  1.1399E-01
  6.4771E+02  4.4397E+13  4.5381E+13  3.9808E+14  1.1400E-01
  6.4808E+02  4.4431E+13  4.5416E+13  3.9835E+14  1.1401E-01
  6.4846E+02  4.4465E+13  4.5450E+13  3.9862E+14  1.1402E-01
  6.4883E+02  4.4500E+13  4.5485E+13  3.9889E+14  1.1403E-01
  6.4921E+02  4.4534E+13  4.5519E+13  3.9915E+14  1.1404E-01
  6.4958E+02  4.4568E+13  4.5553E+13  3.9942E+14  1.1405E-01
  6.4996E+02  4.4603E+13  4.5588E+13  3.9969E+14  1.1406E-01
  6.5033E+02  4.4637E+13  4.5622E+13  3.9996E+14  1.1407E-01
  6.5071E+02  4.4672E+13  4.5656E+13  4.0022E+14  1.1408E-01
  6.5108E+02  4.4706E+13  4.5691E+13  4.0049E+14  1.1409E-01
  6.5146E+02  4.4740E+13  4.5725E+13  4.0076E+14  1.1410E-01
  6.5183E+02  4.4775E+13  4.5760E+13  4.0103E+14  1.1411E-01
  6.5221E+02  4.4809E+13  4.5794E+13  4.0129E+14  1.1412E-01
  6.5258E+02  4.4843E+13  4.5828E+13  4.0156E+14  1.1413E-01
  6.5296E+02  4.4878E+13  4.5863E+13  4.0183E+14  1.1414E-01
  6.5333E+02  4.4912E+13  4.5897E+13  4.0209E+14  1.1414E-01
  6.5371E+02  4.4947E+13  4.5931E+13  4.0236E+14  1.1415E-01
  6.5408E+02  4.4981E+13  4.5966E+13  4.0263E+14  1.1416E-01
  6.5446E+02  4.5015E+13  4.6000E+13  4.0290E+14  1.1417E-01
  6.5483E+02  4.5050E+13  4.6035E+13  4.0316E+14  1.1418E-01
  6.5521E+02  4.5084E+13  4.6069E+13  4.0343E+14  1.1419E-01
  6.5558E+02  4.5118E+13  4.6103E+13  4.0370E+14  1.1420E-01
  6.5596E+02  4.5153E+13  4.6138E+13  4.0396E+14  1.1421E-01
  6.5633E+02  4.5187E+13  4.6172E+13  4.0423E+14  1.1422E-01
  6.5671E+02  4.5222E+13  4.6207E+13  4.0450E+14  1.1423E-01
  6.5708E+02  4.5256E+13  4.6241E+13  4.0477E+14  1.1424E-01
  6.5746E+02  4.5290E+13  4.6275E+13  4.0503E+14  1.1425E-01
  6.5783E+02  4.5325E+13  4.6310E+13  4.0530E+14  1.1426E-01
  6.5821E+02  4.5359E+13  4.6344E+13  4.0557E+14  1.1427E-01
  6.5858E+02  4.5393E+13  4.6378E+13  4.0583E+14  1.1428E-01
  6.5896E+02  4.5428E+13  4.6413E+13  4.0610E+14  1.1429E-01
  6.5933E+02  4.5462E+13  4.6447E+13  4.0637E+14  1.1430E-01
  6.5971E+02  4.5497E+13  4.6482E+13  4.0663E+14  1.1431E-01
  6.6008E+02  4.5531E+13  4.6516E+13  4.0690E+14  1.1432E-01
  6.6046E+02  4.5565E+13  4.6550E+13  4.0717E+14  1.1433E-01
  6.6083E+02  4.5600E+13  4.6585E+13  4.0743E+14  1.1434E-01
  6.6121E+02  4.5634E+13  4.6619E+13  4.0770E+14  1.1435E-01
  6.6158E+02  4.5668E+13  4.6654E+13  4.0797E+14  1.1436E-01
  6.6196E+02  4.5703E+13  4.6688E+13  4.0823E+14  1.1437E-01
  6.6233E+02  4.5737E+13  4.6722E+13  4.0850E+14  1.1438E-01
  6.6271E+02  4.5772E+13  4.6757E+13  4.0877E+14  1.1439E-01
  6.6308E+02  4.5806E+13  4.6791E+13  4.0903E+14  1.1439E-01
  6.6346E+02  4.5840E+13  4.6826E+13  4.0930E+14  1.1440E-01
  6.6383E+02  4.5875E+13  4.6860E+13  4.0956E+14  1.1441E-01
  6.6421E+02  4.5909E+13  4.6894E+13  4.0983E+14  1.1442E-01
  6.6458E+02  4.5944E+13  4.6929E+13  4.1010E+14  1.1443E-01
  6.6496E+02  4.5978E+13  4.6963E+13  4.1036E+14  1.1444E-01
  6.6533E+02  4.6012E+13  4.6997E+13  4.1063E+14  1.1445E-01
  6.6571E+02  4.6047E+13  4.7032E+13  4.1090E+14  1.1446E-01
  6.6608E+02  4.6081E+13  4.7066E+13  4.1116E+14  1.1447E-01
  6.6646E+02  4.6115E+13  4.7101E+13  4.1143E+14  1.1448E-01
  6.6683E+02  4.6150E+13  4.7135E+13  4.1169E+14  1.1449E-01
  6.6721E+02  4.6184E+13  4.7169E+13  4.1196E+14  1.1450E-01
  6.6758E+02  4.6219E+13  4.7204E+13  4.1223E+14  1.1451E-01
  6.6796E+02  4.6253E+13  4.7238E+13  4.1249E+14  1.1452E-01
  6.6833E+02  4.6287E+13  4.7273E+13  4.1276E+14  1.1453E-01
  6.6871E+02  4.6322E+13  4.7307E+13  4.1303E+14  1.1454E-01
  6.6908E+02  4.6356E+13  4.7341E+13  4.1329E+14  1.1455E-01
  6.6946E+02  4.6390E+13  4.7376E+13  4.1356E+14  1.1456E-01
  6.6983E+02  4.6425E+13  4.7410E+13  4.1382E+14  1.1457E-01
  6.7021E+02  4.6459E+13  4.7445E+13  4.1409E+14  1.1458E-01
  6.7058E+02  4.6494E+13  4.7479E+13  4.1436E+14  1.1459E-01
  6.7096E+02  4.6528E+13  4.7513E+13  4.1462E+14  1.1459E-01
  6.7133E+02  4.6562E+13  4.7548E+13  4.1489E+14  1.1460E-01
  6.7171E+02  4.6597E+13  4.7582E+13  4.1515E+14  1.1461E-01
  6.7208E+02  4.6631E+13  4.7617E+13  4.1542E+14  1.1462E-01
  6.7246E+02  4.6666E+13  4.7651E+13  4.1568E+14  1.1463E-01
  6.7283E+02  4.6700E+13  4.7685E+13  4.1595E+14  1.1464E-01
  6.7321E+02  4.6734E+13  4.7720E+13  4.1622E+14  1.1465E-01
  6.7358E+02  4.6769E+13  4.7754E+13  4.1648E+14  1.1466E-01
  6.7396E+02  4.6803E+13  4.7789E+13  4.1675E+14  1.1467E-01
  6.7433E+02  4.6838E+13  4.7823E+13  4.1701E+14  1.1468E-01
  6.7471E+02  4.6872E+13  4.7857E+13  4.1728E+14  1.1469E-01
  6.7508E+02  4.6906E+13  4.7892E+13  4.1754E+14  1.1470E-01
  6.7546E+02  4.6941E+13  4.7926E+13  4.1781E+14  1.1471E-01
  6.7583E+02  4.6975E+13  4.7961E+13  4.1808E+14  1.1472E-01
  6.7621E+02  4.7009E+13  4.7995E+13  4.1834E+14  1.1473E-01
  6.7658E+02  4.7044E+13  4.8029E+13  4.1861E+14  1.1474E-01
  6.7696E+02  4.7078E+13  4.8064E+13  4.1887E+14  1.1475E-01
  6.7733E+02  4.7113E+13  4.8098E+13  4.1914E+14  1.1476E-01
  6.7771E+02  4.7147E+13  4.8132E+13  4.1940E+14  1.1476E-01
  6.7808E+02  4.7181E+13  4.8167E+13  4.1967E+14  1.1477E-01
  6.7846E+02  4.7216E+13  4.8201E+13  4.1993E+14  1.1478E-01
  6.7883E+02  4.7250E+13  4.8236E+13  4.2020E+14  1.1479E-01
  6.7921E+02  4.7285E+13  4.8270E+13  4.2046E+14  1.1480E-01
  6.7958E+02  4.7319E+13  4.8304E+13  4.2073E+14  1.1481E-01
  6.7996E+02  4.7353E+13  4.8339E+13  4.2099E+14  1.1482E-01
  6.8034E+02  4.7388E+13  4.8373E+13  4.2126E+14  1.1483E-01
  6.8071E+02  4.7422E+13  4.8408E+13  4.2152E+14  1.1484E-01
  6.8109E+02  4.7456E+13  4.8442E+13  4.2179E+14  1.1485E-01
  6.8146E+02  4.7491E+13  4.8476E+13  4.2205E+14  1.1486E-01
  6.8184E+02  4.7525E+13  4.8511E+13  4.2232E+14  1.1487E-01
  6.8221E+02  4.7560E+13  4.8545E+13  4.2259E+14  1.1488E-01
  6.8259E+02  4.7594E+13  4.8580E+13  4.2285E+14  1.1489E-01
  6.8296E+02  4.7628E+13  4.8614E+13  4.2312E+14  1.1490E-01
  6.8334E+02  4.7663E+13  4.8648E+13  4.2338E+14  1.1490E-01
  6.8371E+02  4.7697E+13  4.8683E+13  4.2365E+14  1.1491E-01
  6.8409E+02  4.7732E+13  4.8717E+13  4.2391E+14  1.1492E-01
  6.8446E+02  4.7766E+13  4.8752E+13  4.2417E+14  1.1493E-01
  6.8484E+02  4.7800E+13  4.8786E+13  4.2444E+14  1.1494E-01
  6.8521E+02  4.7835E+13  4.8820E+13  4.2470E+14  1.1495E-01
  6.8559E+02  4.7869E+13  4.8855E+13  4.2497E+14  1.1496E-01
  6.8596E+02  4.7904E+13  4.8889E+13  4.2523E+14  1.1497E-01
  6.8634E+02  4.7938E+13  4.8924E+13  4.2550E+14  1.1498E-01
  6.8671E+02  4.7972E+13  4.8958E+13  4.2576E+14  1.1499E-01
  6.8709E+02  4.8007E+13  4.8992E+13  4.2603E+14  1.1500E-01
  6.8746E+02  4.8041E+13  4.9027E+13  4.2629E+14  1.1501E-01
  6.8784E+02  4.8075E+13  4.9061E+13  4.2656E+14  1.1502E-01
  6.8821E+02  4.8110E+13  4.9096E+13  4.2682E+14  1.1503E-01
  6.8859E+02  4.8144E+13  4.9130E+13  4.2709E+14  1.1504E-01
  6.8896E+02  4.8179E+13  4.9164E+13  4.2735E+14  1.1504E-01
  6.8934E+02  4.8213E+13  4.9199E+13  4.2762E+14  1.1505E-01
  6.8971E+02  4.8247E+13  4.9233E+13  4.2788E+14  1.1506E-01
  6.9009E+02  4.8282E+13  4.9268E+13  4.2814E+14  1.1507E-01
  6.9046E+02  4.8316E+13  4.9302E+13  4.2841E+14  1.1508E-01
  6.9084E+02  4.8351E+13  4.9336E+13  4.2867E+14  1.1509E-01
  6.9121E+02  4.8385E+13  4.9371E+13  4.2894E+14  1.1510E-01
  6.9159E+02  4.8419E+13  4.9405E+13  4.2920E+14  1.1511E-01
  6.9196E+02  4.8454E+13  4.9440E+13  4.2947E+14  1.1512E-01
  6.9234E+02  4.8488E+13  4.9474E+13  4.2973E+14  1.1513E-01
  6.9271E+02  4.8523E+13  4.9508E+13  4.3000E+14  1.1514E-01
  6.9309E+02  4.8557E+13  4.9543E+13  4.3026E+14  1.1515E-01
  6.9346E+02  4.8591E+13  4.9577E+13  4.3052E+14  1.1516E-01
  6.9384E+02  4.8626E+13  4.9612E+13  4.3079E+14  1.1516E-01
  6.9421E+02  4.8660E+13  4.9646E+13  4.3105E+14  1.1517E-01
  6.9459E+02  4.8695E+13  4.9680E+13  4.3132E+14  1.1518E-01
  6.9496E+02  4.8729E+13  4.9715E+13  4.3158E+14  1.1519E-01
  6.9534E+02  4.8763E+13  4.9749E+13  4.3184E+14  1.1520E-01
  6.9571E+02  4.8798E+13  4.9784E+13  4.3211E+14  1.1521E-01
  6.9609E+02  4.8832E+13  4.9818E+13  4.3237E+14  1.1522E-01
  6.9646E+02  4.8866E+13  4.9852E+13  4.3264E+14  1.1523E-01
  6.9684E+02  4.8901E+13  4.9887E+13  4.3290E+14  1.1524E-01
  6.9721E+02  4.8935E+13  4.9921E+13  4.3316E+14  1.1525E-01
  6.9759E+02  4.8970E+13  4.9956E+13  4.3343E+14  1.1526E-01
  6.9796E+02  4.9004E+13  4.9990E+13  4.3369E+14  1.1527E-01
  6.9834E+02  4.9038E+13  5.0024E+13  4.3396E+14  1.1528E-01
  6.9871E+02  4.9073E+13  5.0059E+13  4.3422E+14  1.1528E-01
  6.9909E+02  4.9107E+13  5.0093E+13  4.3448E+14  1.1529E-01
  6.9946E+02  4.9142E+13  5.0128E+13  4.3475E+14  1.1530E-01
  6.9984E+02  4.9176E+13  5.0162E+13  4.3501E+14  1.1531E-01
  7.0021E+02  4.9210E+13  5.0196E+13  4.3527E+14  1.1532E-01
  7.0059E+02  4.9245E+13  5.0231E+13  4.3554E+14  1.1533E-01
  7.0096E+02  4.9279E+13  5.0265E+13  4.3580E+14  1.1534E-01
  7.0134E+02  4.9314E+13  5.0299E+13  4.3607E+14  1.1535E-01
  7.0171E+02  4.9348E+13  5.0334E+13  4.3633E+14  1.1536E-01
  7.0209E+02  4.9382E+13  5.0368E+13  4.3659E+14  1.1537E-01
  7.0246E+02  4.9417E+13  5.0403E+13  4.3686E+14  1.1538E-01
  7.0284E+02  4.9451E+13  5.0437E+13  4.3712E+14  1.1538E-01
  7.0321E+02  4.9485E+13  5.0471E+13  4.3738E+14  1.1539E-01
  7.0359E+02  4.9520E+13  5.0506E+13  4.3765E+14  1.1540E-01
  7.0396E+02  4.9554E+13  5.0540E+13  4.3791E+14  1.1541E-01
  7.0434E+02  4.9589E+13  5.0575E+13  4.3817E+14  1.1542E-01
  7.0471E+02  4.9623E+13  5.0609E+13  4.3844E+14  1.1543E-01
  7.0509E+02  4.9657E+13  5.0643E+13  4.3870E+14  1.1544E-01
  7.0546E+02  4.9692E+13  5.0678E+13  4.3896E+14  1.1545E-01
  7.0584E+02  4.9726E+13  5.0712E+13  4.3923E+14  1.1546E-01
  7.0621E+02  4.9761E+13  5.0747E+13  4.3949E+14  1.1547E-01
  7.0659E+02  4.9795E+13  5.0781E+13  4.3975E+14  1.1548E-01
  7.0696E+02  4.9829E+13  5.0815E+13  4.4002E+14  1.1549E-01
  7.0734E+02  4.9864E+13  5.0850E+13  4.4028E+14  1.1549E-01
  7.0771E+02  4.9898E+13  5.0884E+13  4.4054E+14  1.1550E-01
  7.0809E+02  4.9933E+13  5.0919E+13  4.4081E+14  1.1551E-01
  7.0846E+02  4.9967E+13  5.0953E+13  4.4107E+14  1.1552E-01
  7.0884E+02  5.0001E+13  5.0987E+13  4.4133E+14  1.1553E-01
  7.0921E+02  5.0036E+13  5.1022E+13  4.4160E+14  1.1554E-01
  7.0959E+02  5.0070E+13  5.1056E+13  4.4186E+14  1.1555E-01
  7.0996E+02  5.0104E+13  5.1091E+13  4.4212E+14  1.1556E-01
  7.1034E+02  5.0139E+13  5.1125E+13  4.4238E+14  1.1557E-01
  7.1071E+02  5.0173E+13  5.1159E+13  4.4265E+14  1.1558E-01
  7.1109E+02  5.0208E+13  5.1194E+13  4.4291E+14  1.1559E-01
  7.1146E+02  5.0242E+13  5.1228E+13  4.4317E+14  1.1559E-01
  7.1184E+02  5.0276E+13  5.1263E+13  4.4344E+14  1.1560E-01
  7.1221E+02  5.0311E+13  5.1297E+13  4.4370E+14  1.1561E-01
  7.1259E+02  5.0345E+13  5.1331E+13  4.4396E+14  1.1562E-01
  7.1296E+02  5.0380E+13  5.1366E+13  4.4422E+14  1.1563E-01
  7.1334E+02  5.0414E+13  5.1400E+13  4.4449E+14  1.1564E-01
  7.1371E+02  5.0448E+13  5.1435E+13  4.4475E+14  1.1565E-01
  7.1409E+02  5.0483E+13  5.1469E+13  4.4501E+14  1.1566E-01
  7.1446E+02  5.0517E+13  5.1503E+13  4.4527E+14  1.1567E-01
  7.1484E+02  5.0551E+13  5.1538E+13  4.4554E+14  1.1568E-01
  7.1521E+02  5.0586E+13  5.1572E+13  4.4580E+14  1.1568E-01
  7.1559E+02  5.0620E+13  5.1606E+13  4.4606E+14  1.1569E-01
  7.1596E+02  5.0655E+13  5.1641E+13  4.4632E+14  1.1570E-01
  7.1634E+02  5.0689E+13  5.1675E+13  4.4659E+14  1.1571E-01
  7.1671E+02  5.0723E+13  5.1710E+13  4.4685E+14  1.1572E-01
  7.1709E+02  5.0758E+13  5.1744E+13  4.4711E+14  1.1573E-01
  7.1746E+02  5.0792E+13  5.1778E+13  4.4737E+14  1.1574E-01
  7.1784E+02  5.0827E+13  5.1813E+13  4.4764E+14  1.1575E-01
  7.1821E+02  5.0861E+13  5.1847E+13  4.4790E+14  1.1576E-01
  7.1859E+02  5.0895E+13  5.1882E+13  4.4816E+14  1.1577E-01
  7.1896E+02  5.0930E+13  5.1916E+13  4.4842E+14  1.1577E-01
  7.1934E+02  5.0964E+13  5.1950E+13  4.4869E+14  1.1578E-01
  7.1971E+02  5.0998E+13  5.1985E+13  4.4895E+14  1.1579E-01
  7.2009E+02  5.1033E+13  5.2019E+13  4.4921E+14  1.1580E-01
  7.2047E+02  5.1067E+13  5.2054E+13  4.4947E+14  1.1581E-01
  7.2084E+02  5.1102E+13  5.2088E+13  4.4973E+14  1.1582E-01
  7.2122E+02  5.1136E+13  5.2122E+13  4.5000E+14  1.1583E-01
  7.2159E+02  5.1170E+13  5.2157E+13  4.5026E+14  1.1584E-01
  7.2197E+02  5.1205E+13  5.2191E+13  4.5052E+14  1.1585E-01
  7.2234E+02  5.1239E+13  5.2226E+13  4.5078E+14  1.1586E-01
  7.2272E+02  5.1274E+13  5.2260E+13  4.5104E+14  1.1586E-01
  7.2309E+02  5.1308E+13  5.2294E+13  4.5131E+14  1.1587E-01
  7.2347E+02  5.1342E+13  5.2329E+13  4.5157E+14  1.1588E-01
  7.2384E+02  5.1377E+13  5.2363E+13  4.5183E+14  1.1589E-01
  7.2422E+02  5.1411E+13  5.2397E+13  4.5209E+14  1.1590E-01
  7.2459E+02  5.1445E+13  5.2432E+13  4.5235E+14  1.1591E-01
  7.2497E+02  5.1480E+13  5.2466E+13  4.5262E+14  1.1592E-01
  7.2534E+02  5.1514E+13  5.2501E+13  4.5288E+14  1.1593E-01
  7.2572E+02  5.1549E+13  5.2535E+13  4.5314E+14  1.1594E-01
  7.2609E+02  5.1583E+13  5.2569E+13  4.5340E+14  1.1594E-01
  7.2647E+02  5.1617E+13  5.2604E+13  4.5366E+14  1.1595E-01
  7.2684E+02  5.1652E+13  5.2638E+13  4.5392E+14  1.1596E-01
  7.2722E+02  5.1686E+13  5.2673E+13  4.5419E+14  1.1597E-01
  7.2759E+02  5.1721E+13  5.2707E+13  4.5445E+14  1.1598E-01
  7.2797E+02  5.1755E+13  5.2741E+13  4.5471E+14  1.1599E-01
  7.2834E+02  5.1789E+13  5.2776E+13  4.5497E+14  1.1600E-01
  7.2872E+02  5.1824E+13  5.2810E+13  4.5523E+14  1.1601E-01
  7.2909E+02  5.1858E+13  5.2845E+13  4.5549E+14  1.1602E-01
  7.2947E+02  5.1892E+13  5.2879E+13  4.5575E+14  1.1602E-01
  7.2984E+02  5.1927E+13  5.2913E+13  4.5602E+14  1.1603E-01
  7.3022E+02  5.1961E+13  5.2948E+13  4.5628E+14  1.1604E-01
  7.3059E+02  5.1996E+13  5.2982E+13  4.5654E+14  1.1605E-01
  7.3097E+02  5.2030E+13  5.3016E+13  4.5680E+14  1.1606E-01
  7.3134E+02  5.2064E+13  5.3051E+13  4.5706E+14  1.1607E-01
  7.3172E+02  5.2099E+13  5.3085E+13  4.5732E+14  1.1608E-01
  7.3209E+02  5.2133E+13  5.3120E+13  4.5758E+14  1.1609E-01
  7.3247E+02  5.2167E+13  5.3154E+13  4.5785E+14  1.1610E-01
  7.3284E+02  5.2202E+13  5.3188E+13  4.5811E+14  1.1610E-01
  7.3322E+02  5.2236E+13  5.3223E+13  4.5837E+14  1.1611E-01
  7.3359E+02  5.2271E+13  5.3257E+13  4.5863E+14  1.1612E-01
  7.3397E+02  5.2305E+13  5.3292E+13  4.5889E+14  1.1613E-01
  7.3434E+02  5.2339E+13  5.3326E+13  4.5915E+14  1.1614E-01
  7.3472E+02  5.2374E+13  5.3360E+13  4.5941E+14  1.1615E-01
  7.3509E+02  5.2408E+13  5.3395E+13  4.5967E+14  1.1616E-01
  7.3547E+02  5.2442E+13  5.3429E+13  4.5993E+14  1.1617E-01
  7.3584E+02  5.2477E+13  5.3463E+13  4.6019E+14  1.1618E-01
  7.3622E+02  5.2511E+13  5.3498E+13  4.6046E+14  1.1618E-01
  7.3659E+02  5.2546E+13  5.3532E+13  4.6072E+14  1.1619E-01
  7.3697E+02  5.2580E+13  5.3567E+13  4.6098E+14  1.1620E-01
  7.3734E+02  5.2614E+13  5.3601E+13  4.6124E+14  1.1621E-01
  7.3772E+02  5.2649E+13  5.3635E+13  4.6150E+14  1.1622E-01
  7.3809E+02  5.2683E+13  5.3670E+13  4.6176E+14  1.1623E-01
  7.3847E+02  5.2717E+13  5.3704E+13  4.6202E+14  1.1624E-01
  7.3884E+02  5.2752E+13  5.3739E+13  4.6228E+14  1.1625E-01
  7.3922E+02  5.2786E+13  5.3773E+13  4.6254E+14  1.1626E-01
  7.3959E+02  5.2821E+13  5.3807E+13  4.6280E+14  1.1626E-01
  7.3997E+02  5.2855E+13  5.3842E+13  4.6306E+14  1.1627E-01
  7.4034E+02  5.2889E+13  5.3876E+13  4.6332E+14  1.1628E-01
  7.4072E+02  5.2924E+13  5.3910E+13  4.6358E+14  1.1629E-01
  7.4109E+02  5.2958E+13  5.3945E+13  4.6384E+14  1.1630E-01
  7.4147E+02  5.2992E+13  5.3979E+13  4.6410E+14  1.1631E-01
  7.4184E+02  5.3027E+13  5.4014E+13  4.6437E+14  1.1632E-01
  7.4222E+02  5.3061E+13  5.4048E+13  4.6463E+14  1.1633E-01
  7.4259E+02  5.3096E+13  5.4082E+13  4.6489E+14  1.1633E-01
  7.4297E+02  5.3130E+13  5.4117E+13  4.6515E+14  1.1634E-01
  7.4334E+02  5.3164E+13  5.4151E+13  4.6541E+14  1.1635E-01
  7.4372E+02  5.3199E+13  5.4185E+13  4.6567E+14  1.1636E-01
  7.4409E+02  5.3233E+13  5.4220E+13  4.6593E+14  1.1637E-01
  7.4447E+02  5.3267E+13  5.4254E+13  4.6619E+14  1.1638E-01
  7.4484E+02  5.3302E+13  5.4289E+13  4.6645E+14  1.1639E-01
  7.4522E+02  5.3336E+13  5.4323E+13  4.6671E+14  1.1640E-01
  7.4559E+02  5.3371E+13  5.4357E+13  4.6697E+14  1.1640E-01
  7.4597E+02  5.3405E+13  5.4392E+13  4.6723E+14  1.1641E-01
  7.4634E+02  5.3439E+13  5.4426E+13  4.6749E+14  1.1642E-01
  7.4672E+02  5.3474E+13  5.4460E+13  4.6775E+14  1.1643E-01
  7.4709E+02  5.3508E+13  5.4495E+13  4.6801E+14  1.1644E-01
  7.4747E+02  5.3542E+13  5.4529E+13  4.6827E+14  1.1645E-01
  7.4784E+02  5.3577E+13  5.4564E+13  4.6853E+14  1.1646E-01
  7.4822E+02  5.3611E+13  5.4598E+13  4.6879E+14  1.1647E-01
  7.4859E+02  5.3646E+13  5.4632E+13  4.6905E+14  1.1647E-01
  7.4897E+02  5.3680E+13  5.4667E+13  4.6931E+14  1.1648E-01
  7.4934E+02  5.3714E+13  5.4701E+13  4.6957E+14  1.1649E-01
  7.4972E+02  5.3749E+13  5.4736E+13  4.6983E+14  1.1650E-01
  7.5009E+02  5.3783E+13  5.4770E+13  4.7009E+14  1.1651E-01
  7.5047E+02  5.3817E+13  5.4804E+13  4.7035E+14  1.1652E-01
  7.5084E+02  5.3852E+13  5.4839E+13  4.7061E+14  1.1653E-01
  7.5122E+02  5.3886E+13  5.4873E+13  4.7087E+14  1.1654E-01
  7.5159E+02  5.3920E+13  5.4907E+13  4.7113E+14  1.1654E-01
  7.5197E+02  5.3955E+13  5.4942E+13  4.7139E+14  1.1655E-01
  7.5234E+02  5.3989E+13  5.4976E+13  4.7165E+14  1.1656E-01
  7.5272E+02  5.4024E+13  5.5010E+13  4.7191E+14  1.1657E-01
  7.5309E+02  5.4058E+13  5.5045E+13  4.7216E+14  1.1658E-01
  7.5347E+02  5.4092E+13  5.5079E+13  4.7242E+14  1.1659E-01
  7.5384E+02  5.4127E+13  5.5114E+13  4.7268E+14  1.1660E-01
  7.5422E+02  5.4161E+13  5.5148E+13  4.7294E+14  1.1661E-01
  7.5459E+02  5.4195E+13  5.5182E+13  4.7320E+14  1.1661E-01
  7.5497E+02  5.4230E+13  5.5217E+13  4.7346E+14  1.1662E-01
  7.5534E+02  5.4264E+13  5.5251E+13  4.7372E+14  1.1663E-01
  7.5572E+02  5.4298E+13  5.5285E+13  4.7398E+14  1.1664E-01
  7.5609E+02  5.4333E+13  5.5320E+13  4.7424E+14  1.1665E-01
  7.5647E+02  5.4367E+13  5.5354E+13  4.7450E+14  1.1666E-01
  7.5684E+02  5.4402E+13  5.5389E+13  4.7476E+14  1.1667E-01
  7.5722E+02  5.4436E+13  5.5423E+13  4.7502E+14  1.1668E-01
  7.5759E+02  5.4470E+13  5.5457E+13  4.7528E+14  1.1668E-01
  7.5797E+02  5.4505E+13  5.5492E+13  4.7554E+14  1.1669E-01
  7.5834E+02  5.4539E+13  5.5526E+13  4.7580E+14  1.1670E-01
  7.5872E+02  5.4573E+13  5.5560E+13  4.7605E+14  1.1671E-01
  7.5909E+02  5.4608E+13  5.5595E+13  4.7631E+14  1.1672E-01
  7.5947E+02  5.4642E+13  5.5629E+13  4.7657E+14  1.1673E-01
  7.5984E+02  5.4676E+13  5.5664E+13  4.7683E+14  1.1674E-01
  7.6022E+02  5.4711E+13  5.5698E+13  4.7709E+14  1.1674E-01
  7.6060E+02  5.4745E+13  5.5732E+13  4.7735E+14  1.1675E-01
  7.6097E+02  5.4780E+13  5.5767E+13  4.7761E+14  1.1676E-01
  7.6135E+02  5.4814E+13  5.5801E+13  4.7787E+14  1.1677E-01
  7.6172E+02  5.4848E+13  5.5835E+13  4.7813E+14  1.1678E-01
  7.6210E+02  5.4883E+13  5.5870E+13  4.7838E+14  1.1679E-01
  7.6247E+02  5.4917E+13  5.5904E+13  4.7864E+14  1.1680E-01
  7.6285E+02  5.4951E+13  5.5938E+13  4.7890E+14  1.1681E-01
  7.6322E+02  5.4986E+13  5.5973E+13  4.7916E+14  1.1681E-01
  7.6360E+02  5.5020E+13  5.6007E+13  4.7942E+14  1.1682E-01
  7.6397E+02  5.5054E+13  5.6042E+13  4.7968E+14  1.1683E-01
  7.6435E+02  5.5089E+13  5.6076E+13  4.7994E+14  1.1684E-01
  7.6472E+02  5.5123E+13  5.6110E+13  4.8020E+14  1.1685E-01
  7.6510E+02  5.5157E+13  5.6145E+13  4.8045E+14  1.1686E-01
  7.6547E+02  5.5192E+13  5.6179E+13  4.8071E+14  1.1687E-01
  7.6585E+02  5.5226E+13  5.6213E+13  4.8097E+14  1.1687E-01
  7.6622E+02  5.5261E+13  5.6248E+13  4.8123E+14  1.1688E-01
  7.6660E+02  5.5295E+13  5.6282E+13  4.8149E+14  1.1689E-01
  7.6697E+02  5.5329E+13  5.6316E+13  4.8175E+14  1.1690E-01
  7.6735E+02  5.5364E+13  5.6351E+13  4.8201E+14  1.1691E-01
  7.6772E+02  5.5398E+13  5.6385E+13  4.8226E+14  1.1692E-01
  7.6810E+02  5.5432E+13  5.6419E+13  4.8252E+14  1.1693E-01
  7.6847E+02  5.5467E+13  5.6454E+13  4.8278E+14  1.1693E-01
  7.6885E+02  5.5501E+13  5.6488E+13  4.8304E+14  1.1694E-01
  7.6922E+02  5.5535E+13  5.6523E+13  4.8330E+14  1.1695E-01
  7.6960E+02  5.5570E+13  5.6557E+13  4.8355E+14  1.1696E-01
  7.6997E+02  5.5604E+13  5.6591E+13  4.8381E+14  1.1697E-01
  7.7035E+02  5.5638E+13  5.6626E+13  4.8407E+14  1.1698E-01
  7.7072E+02  5.5673E+13  5.6660E+13  4.8433E+14  1.1699E-01
  7.7110E+02  5.5707E+13  5.6694E+13  4.8459E+14  1.1700E-01
  7.7147E+02  5.5741E+13  5.6729E+13  4.8485E+14  1.1700E-01
  7.7185E+02  5.5776E+13  5.6763E+13  4.8510E+14  1.1701E-01
  7.7222E+02  5.5810E+13  5.6797E+13  4.8536E+14  1.1702E-01
  7.7260E+02  5.5845E+13  5.6832E+13  4.8562E+14  1.1703E-01
  7.7297E+02  5.5879E+13  5.6866E+13  4.8588E+14  1.1704E-01
  7.7335E+02  5.5913E+13  5.6900E+13  4.8614E+14  1.1705E-01
  7.7372E+02  5.5948E+13  5.6935E+13  4.8639E+14  1.1706E-01
  7.7410E+02  5.5982E+13  5.6969E+13  4.8665E+14  1.1706E-01
  7.7447E+02  5.6016E+13  5.7004E+13  4.8691E+14  1.1707E-01
  7.7485E+02  5.6051E+13  5.7038E+13  4.8717E+14  1.1708E-01
  7.7522E+02  5.6085E+13  5.7072E+13  4.8742E+14  1.1709E-01
  7.7560E+02  5.6119E+13  5.7107E+13  4.8768E+14  1.1710E-01
  7.7597E+02  5.6154E+13  5.7141E+13  4.8794E+14  1.1711E-01
  7.7635E+02  5.6188E+13  5.7175E+13  4.8820E+14  1.1712E-01
  7.7672E+02  5.6222E+13  5.7210E+13  4.8846E+14  1.1712E-01
  7.7710E+02  5.6257E+13  5.7244E+13  4.8871E+14  1.1713E-01
  7.7747E+02  5.6291E+13  5.7278E+13  4.8897E+14  1.1714E-01
  7.7785E+02  5.6325E+13  5.7313E+13  4.8923E+14  1.1715E-01
  7.7822E+02  5.6360E+13  5.7347E+13  4.8949E+14  1.1716E-01
  7.7860E+02  5.6394E+13  5.7381E+13  4.8974E+14  1.1717E-01
  7.7897E+02  5.6428E+13  5.7416E+13  4.9000E+14  1.1718E-01
  7.7935E+02  5.6463E+13  5.7450E+13  4.9026E+14  1.1718E-01
  7.7972E+02  5.6497E+13  5.7484E+13  4.9051E+14  1.1719E-01
  7.8010E+02  5.6531E+13  5.7519E+13  4.9077E+14  1.1720E-01
  7.8047E+02  5.6566E+13  5.7553E+13  4.9103E+14  1.1721E-01
  7.8085E+02  5.6600E+13  5.7588E+13  4.9129E+14  1.1722E-01
  7.8122E+02  5.6634E+13  5.7622E+13  4.9154E+14  1.1723E-01
  7.8160E+02  5.6669E+13  5.7656E+13  4.9180E+14  1.1723E-01
  7.8197E+02  5.6703E+13  5.7691E+13  4.9206E+14  1.1724E-01
  7.8235E+02  5.6737E+13  5.7725E+13  4.9232E+14  1.1725E-01
  7.8272E+02  5.6772E+13  5.7759E+13  4.9257E+14  1.1726E-01
  7.8310E+02  5.6806E+13  5.7794E+13  4.9283E+14  1.1727E-01
  7.8347E+02  5.6841E+13  5.7828E+13  4.9309E+14  1.1728E-01
  7.8385E+02  5.6875E+13  5.7862E+13  4.9334E+14  1.1729E-01
  7.8422E+02  5.6909E+13  5.7897E+13  4.9360E+14  1.1729E-01
  7.8460E+02  5.6944E+13  5.7931E+13  4.9386E+14  1.1730E-01
  7.8497E+02  5.6978E+13  5.7965E+13  4.9412E+14  1.1731E-01
  7.8535E+02  5.7012E+13  5.8000E+13  4.9437E+14  1.1732E-01
  7.8572E+02  5.7047E+13  5.8034E+13  4.9463E+14  1.1733E-01
  7.8610E+02  5.7081E+13  5.8068E+13  4.9489E+14  1.1734E-01
  7.8647E+02  5.7115E+13  5.8103E+13  4.9514E+14  1.1735E-01
  7.8685E+02  5.7150E+13  5.8137E+13  4.9540E+14  1.1735E-01
  7.8722E+02  5.7184E+13  5.8171E+13  4.9566E+14  1.1736E-01
  7.8760E+02  5.7218E+13  5.8206E+13  4.9591E+14  1.1737E-01
  7.8797E+02  5.7253E+13  5.8240E+13  4.9617E+14  1.1738E-01
  7.8835E+02  5.7287E+13  5.8274E+13  4.9643E+14  1.1739E-01
  7.8872E+02  5.7321E+13  5.8309E+13  4.9668E+14  1.1740E-01
  7.8910E+02  5.7356E+13  5.8343E+13  4.9694E+14  1.1740E-01
  7.8947E+02  5.7390E+13  5.8377E+13  4.9720E+14  1.1741E-01
  7.8985E+02  5.7424E+13  5.8412E+13  4.9745E+14  1.1742E-01
  7.9022E+02  5.7459E+13  5.8446E+13  4.9771E+14  1.1743E-01
  7.9060E+02  5.7493E+13  5.8480E+13  4.9797E+14  1.1744E-01
  7.9097E+02  5.7527E+13  5.8515E+13  4.9822E+14  1.1745E-01
  7.9135E+02  5.7562E+13  5.8549E+13  4.9848E+14  1.1746E-01
  7.9172E+02  5.7596E+13  5.8583E+13  4.9873E+14  1.1746E-01
  7.9210E+02  5.7630E+13  5.8618E+13  4.9899E+14  1.1747E-01
  7.9247E+02  5.7665E+13  5.8652E+13  4.9925E+14  1.1748E-01
  7.9285E+02  5.7699E+13  5.8686E+13  4.9950E+14  1.1749E-01
  7.9322E+02  5.7733E+13  5.8721E+13  4.9976E+14  1.1750E-01
  7.9360E+02  5.7768E+13  5.8755E+13  5.0002E+14  1.1751E-01
  7.9397E+02  5.7802E+13  5.8789E+13  5.0027E+14  1.1751E-01
  7.9435E+02  5.7836E+13  5.8824E+13  5.0053E+14  1.1752E-01
  7.9472E+02  5.7871E+13  5.8858E+13  5.0078E+14  1.1753E-01
  7.9510E+02  5.7905E+13  5.8892E+13  5.0104E+14  1.1754E-01
  7.9547E+02  5.7939E+13  5.8927E+13  5.0130E+14  1.1755E-01
  7.9585E+02  5.7973E+13  5.8961E+13  5.0155E+14  1.1756E-01
  7.9622E+02  5.8008E+13  5.8995E+13  5.0181E+14  1.1757E-01
  7.9660E+02  5.8042E+13  5.9030E+13  5.0207E+14  1.1757E-01
  7.9697E+02  5.8076E+13  5.9064E+13  5.0232E+14  1.1758E-01
  7.9735E+02  5.8111E+13  5.9098E+13  5.0258E+14  1.1759E-01
  7.9772E+02  5.8145E+13  5.9133E+13  5.0283E+14  1.1760E-01
  7.9810E+02  5.8179E+13  5.9167E+13  5.0309E+14  1.1761E-01
  7.9847E+02  5.8214E+13  5.9201E+13  5.0334E+14  1.1762E-01
  7.9885E+02  5.8248E+13  5.9236E+13  5.0360E+14  1.1762E-01
  7.9922E+02  5.8282E+13  5.9270E+13  5.0386E+14  1.1763E-01
  7.9960E+02  5.8317E+13  5.9304E+13  5.0411E+14  1.1764E-01
  7.9997E+02  5.8351E+13  5.9339E+13  5.0437E+14  1.1765E-01
  8.0035E+02  5.8385E+13  5.9373E+13  5.0462E+14  1.1766E-01
  8.0073E+02  5.8420E+13  5.9407E+13  5.0488E+14  1.1767E-01
  8.0110E+02  5.8454E+13  5.9442E+13  5.0513E+14  1.1767E-01
  8.0148E+02  5.8488E+13  5.9476E+13  5.0539E+14  1.1768E-01
  8.0185E+02  5.8523E+13  5.9510E+13  5.0565E+14  1.1769E-01
  8.0223E+02  5.8557E+13  5.9545E+13  5.0590E+14  1.1770E-01
  8.0260E+02  5.8591E+13  5.9579E+13  5.0616E+14  1.1771E-01
  8.0298E+02  5.8626E+13  5.9613E+13  5.0641E+14  1.1772E-01
  8.0335E+02  5.8660E+13  5.9648E+13  5.0667E+14  1.1773E-01
  8.0373E+02  5.8694E+13  5.9682E+13  5.0692E+14  1.1773E-01
  8.0410E+02  5.8729E+13  5.9716E+13  5.0718E+14  1.1774E-01
  8.0448E+02  5.8763E+13  5.9751E+13  5.0743E+14  1.1775E-01
  8.0485E+02  5.8797E+13  5.9785E+13  5.0769E+14  1.1776E-01
  8.0523E+02  5.8832E+13  5.9819E+13  5.0794E+14  1.1777E-01
  8.0560E+02  5.8866E+13  5.9854E+13  5.0820E+14  1.1778E-01
  8.0598E+02  5.8900E+13  5.9888E+13  5.0846E+14  1.1778E-01
  8.0635E+02  5.8934E+13  5.9922E+13  5.0871E+14  1.1779E-01
  8.0673E+02  5.8969E+13  5.9957E+13  5.0897E+14  1.1780E-01
  8.0710E+02  5.9003E+13  5.9991E+13  5.0922E+14  1.1781E-01
  8.0748E+02  5.9037E+13  6.0025E+13  5.0948E+14  1.1782E-01
  8.0785E+02  5.9072E+13  6.0060E+13  5.0973E+14  1.1783E-01
  8.0823E+02  5.9106E+13  6.0094E+13  5.0999E+14  1.1783E-01
  8.0860E+02  5.9140E+13  6.0128E+13  5.1024E+14  1.1784E-01
  8.0898E+02  5.9175E+13  6.0163E+13  5.1050E+14  1.1785E-01
  8.0935E+02  5.9209E+13  6.0197E+13  5.1075E+14  1.1786E-01
  8.0973E+02  5.9243E+13  6.0231E+13  5.1101E+14  1.1787E-01
  8.1010E+02  5.9278E+13  6.0265E+13  5.1126E+14  1.1788E-01
  8.1048E+02  5.9312E+13  6.0300E+13  5.1152E+14  1.1788E-01
  8.1085E+02  5.9346E+13  6.0334E+13  5.1177E+14  1.1789E-01
  8.1123E+02  5.9381E+13  6.0368E+13  5.1202E+14  1.1790E-01
  8.1160E+02  5.9415E+13  6.0403E+13  5.1228E+14  1.1791E-01
  8.1198E+02  5.9449E+13  6.0437E+13  5.1253E+14  1.1792E-01
  8.1235E+02  5.9483E+13  6.0471E+13  5.1279E+14  1.1793E-01
  8.1273E+02  5.9518E+13  6.0506E+13  5.1304E+14  1.1793E-01
  8.1310E+02  5.9552E+13  6.0540E+13  5.1330E+14  1.1794E-01
  8.1348E+02  5.9586E+13  6.0574E+13  5.1355E+14  1.1795E-01
  8.1385E+02  5.9621E+13  6.0609E+13  5.1381E+14  1.1796E-01
  8.1423E+02  5.9655E+13  6.0643E+13  5.1406E+14  1.1797E-01
  8.1460E+02  5.9689E+13  6.0677E+13  5.1432E+14  1.1798E-01
  8.1498E+02  5.9724E+13  6.0712E+13  5.1457E+14  1.1798E-01
  8.1535E+02  5.9758E+13  6.0746E+13  5.1483E+14  1.1799E-01
  8.1573E+02  5.9792E+13  6.0780E+13  5.1508E+14  1.1800E-01
  8.1610E+02  5.9827E+13  6.0814E+13  5.1533E+14  1.1801E-01
  8.1648E+02  5.9861E+13  6.0849E+13  5.1559E+14  1.1802E-01
  8.1685E+02  5.9895E+13  6.0883E+13  5.1584E+14  1.1803E-01
  8.1723E+02  5.9929E+13  6.0917E+13  5.1610E+14  1.1803E-01
  8.1760E+02  5.9964E+13  6.0952E+13  5.1635E+14  1.1804E-01
  8.1798E+02  5.9998E+13  6.0986E+13  5.1661E+14  1.1805E-01
  8.1835E+02  6.0032E+13  6.1020E+13  5.1686E+14  1.1806E-01
  8.1873E+02  6.0067E+13  6.1055E+13  5.1711E+14  1.1807E-01
  8.1910E+02  6.0101E+13  6.1089E+13  5.1737E+14  1.1808E-01
  8.1948E+02  6.0135E+13  6.1123E+13  5.1762E+14  1.1808E-01
  8.1985E+02  6.0170E+13  6.1158E+13  5.1788E+14  1.1809E-01
  8.2023E+02  6.0204E+13  6.1192E+13  5.1813E+14  1.1810E-01
  8.2060E+02  6.0238E+13  6.1226E+13  5.1838E+14  1.1811E-01
  8.2098E+02  6.0272E+13  6.1260E+13  5.1864E+14  1.1812E-01
  8.2135E+02  6.0307E+13  6.1295E+13  5.1889E+14  1.1813E-01
  8.2173E+02  6.0341E+13  6.1329E+13  5.1915E+14  1.1813E-01
  8.2210E+02  6.0375E+13  6.1363E+13  5.1940E+14  1.1814E-01
  8.2248E+02  6.0410E+13  6.1398E+13  5.1965E+14  1.1815E-01
  8.2285E+02  6.0444E+13  6.1432E+13  5.1991E+14  1.1816E-01
  8.2323E+02  6.0478E+13  6.1466E+13  5.2016E+14  1.1817E-01
  8.2360E+02  6.0513E+13  6.1501E+13  5.2042E+14  1.1818E-01
  8.2398E+02  6.0547E+13  6.1535E+13  5.2067E+14  1.1818E-01
  8.2435E+02  6.0581E+13  6.1569E+13  5.2092E+14  1.1819E-01
  8.2473E+02  6.0615E+13  6.1603E+13  5.2118E+14  1.1820E-01
  8.2510E+02  6.0650E+13  6.1638E+13  5.2143E+14  1.1821E-01
  8.2548E+02  6.0684E+13  6.1672E+13  5.2168E+14  1.1822E-01
  8.2585E+02  6.0718E+13  6.1706E+13  5.2194E+14  1.1823E-01
  8.2623E+02  6.0753E+13  6.1741E+13  5.2219E+14  1.1823E-01
  8.2660E+02  6.0787E+13  6.1775E+13  5.2244E+14  1.1824E-01
  8.2698E+02  6.0821E+13  6.1809E+13  5.2270E+14  1.1825E-01
  8.2735E+02  6.0855E+13  6.1844E+13  5.2295E+14  1.1826E-01
  8.2773E+02  6.0890E+13  6.1878E+13  5.2320E+14  1.1827E-01
  8.2810E+02  6.0924E+13  6.1912E+13  5.2346E+14  1.1828E-01
  8.2848E+02  6.0958E+13  6.1946E+13  5.2371E+14  1.1828E-01
  8.2885E+02  6.0993E+13  6.1981E+13  5.2396E+14  1.1829E-01
  8.2923E+02  6.1027E+13  6.2015E+13  5.2422E+14  1.1830E-01
  8.2960E+02  6.1061E+13  6.2049E+13  5.2447E+14  1.1831E-01
  8.2998E+02  6.1096E+13  6.2084E+13  5.2472E+14  1.1832E-01
  8.3035E+02  6.1130E+13  6.2118E+13  5.2498E+14  1.1832E-01
  8.3073E+02  6.1164E+13  6.2152E+13  5.2523E+14  1.1833E-01
  8.3110E+02  6.1198E+13  6.2187E+13  5.2548E+14  1.1834E-01
  8.3148E+02  6.1233E+13  6.2221E+13  5.2574E+14  1.1835E-01
  8.3185E+02  6.1267E+13  6.2255E+13  5.2599E+14  1.1836E-01
  8.3223E+02  6.1301E+13  6.2289E+13  5.2624E+14  1.1837E-01
  8.3260E+02  6.1336E+13  6.2324E+13  5.2650E+14  1.1837E-01
  8.3298E+02  6.1370E+13  6.2358E+13  5.2675E+14  1.1838E-01
  8.3335E+02  6.1404E+13  6.2392E+13  5.2700E+14  1.1839E-01
  8.3373E+02  6.1438E+13  6.2427E+13  5.2725E+14  1.1840E-01
  8.3410E+02  6.1473E+13  6.2461E+13  5.2751E+14  1.1841E-01
  8.3448E+02  6.1507E+13  6.2495E+13  5.2776E+14  1.1842E-01
  8.3485E+02  6.1541E+13  6.2529E+13  5.2801E+14  1.1842E-01
  8.3523E+02  6.1576E+13  6.2564E+13  5.2827E+14  1.1843E-01
  8.3560E+02  6.1610E+13  6.2598E+13  5.2852E+14  1.1844E-01
  8.3598E+02  6.1644E+13  6.2632E+13  5.2877E+14  1.1845E-01
  8.3635E+02  6.1678E+13  6.2667E+13  5.2902E+14  1.1846E-01
  8.3673E+02  6.1713E+13  6.2701E+13  5.2928E+14  1.1847E-01
  8.3710E+02  6.1747E+13  6.2735E+13  5.2953E+14  1.1847E-01
  8.3748E+02  6.1781E+13  6.2769E+13  5.2978E+14  1.1848E-01
  8.3785E+02  6.1815E+13  6.2804E+13  5.3003E+14  1.1849E-01
  8.3823E+02  6.1850E+13  6.2838E+13  5.3029E+14  1.1850E-01
  8.3860E+02  6.1884E+13  6.2872E+13  5.3054E+14  1.1851E-01
  8.3898E+02  6.1918E+13  6.2907E+13  5.3079E+14  1.1851E-01
  8.3935E+02  6.1953E+13  6.2941E+13  5.3104E+14  1.1852E-01
  8.3973E+02  6.1987E+13  6.2975E+13  5.3130E+14  1.1853E-01
  8.4011E+02  6.2021E+13  6.3009E+13  5.3155E+14  1.1854E-01
  8.4048E+02  6.2055E+13  6.3044E+13  5.3180E+14  1.1855E-01
  8.4086E+02  6.2090E+13  6.3078E+13  5.3205E+14  1.1856E-01
  8.4123E+02  6.2124E+13  6.3112E+13  5.3231E+14  1.1856E-01
  8.4161E+02  6.2158E+13  6.3147E+13  5.3256E+14  1.1857E-01
  8.4198E+02  6.2193E+13  6.3181E+13  5.3281E+14  1.1858E-01
  8.4236E+02  6.2227E+13  6.3215E+13  5.3306E+14  1.1859E-01
  8.4273E+02  6.2261E+13  6.3249E+13  5.3332E+14  1.1860E-01
  8.4311E+02  6.2295E+13  6.3284E+13  5.3357E+14  1.1860E-01
  8.4348E+02  6.2330E+13  6.3318E+13  5.3382E+14  1.1861E-01
  8.4386E+02  6.2364E+13  6.3352E+13  5.3407E+14  1.1862E-01
  8.4423E+02  6.2398E+13  6.3386E+13  5.3432E+14  1.1863E-01
  8.4461E+02  6.2432E+13  6.3421E+13  5.3458E+14  1.1864E-01
  8.4498E+02  6.2467E+13  6.3455E+13  5.3483E+14  1.1865E-01
  8.4536E+02  6.2501E+13  6.3489E+13  5.3508E+14  1.1865E-01
  8.4573E+02  6.2535E+13  6.3524E+13  5.3533E+14  1.1866E-01
  8.4611E+02  6.2570E+13  6.3558E+13  5.3558E+14  1.1867E-01
  8.4648E+02  6.2604E+13  6.3592E+13  5.3584E+14  1.1868E-01
  8.4686E+02  6.2638E+13  6.3626E+13  5.3609E+14  1.1869E-01
  8.4723E+02  6.2672E+13  6.3661E+13  5.3634E+14  1.1869E-01
  8.4761E+02  6.2707E+13  6.3695E+13  5.3659E+14  1.1870E-01
  8.4798E+02  6.2741E+13  6.3729E+13  5.3684E+14  1.1871E-01
  8.4836E+02  6.2775E+13  6.3764E+13  5.3709E+14  1.1872E-01
  8.4873E+02  6.2809E+13  6.3798E+13  5.3735E+14  1.1873E-01
  8.4911E+02  6.2844E+13  6.3832E+13  5.3760E+14  1.1874E-01
  8.4948E+02  6.2878E+13  6.3866E+13  5.3785E+14  1.1874E-01
  8.4986E+02  6.2912E+13  6.3901E+13  5.3810E+14  1.1875E-01
  8.5023E+02  6.2946E+13  6.3935E+13  5.3835E+14  1.1876E-01
  8.5061E+02  6.2981E+13  6.3969E+13  5.3860E+14  1.1877E-01
  8.5098E+02  6.3015E+13  6.4003E+13  5.3885E+14  1.1878E-01
  8.5136E+02  6.3049E+13  6.4038E+13  5.3911E+14  1.1878E-01
  8.5173E+02  6.3083E+13  6.4072E+13  5.3936E+14  1.1879E-01
  8.5211E+02  6.3118E+13  6.4106E+13  5.3961E+14  1.1880E-01
  8.5248E+02  6.3152E+13  6.4140E+13  5.3986E+14  1.1881E-01
  8.5286E+02  6.3186E+13  6.4175E+13  5.4011E+14  1.1882E-01
  8.5323E+02  6.3221E+13  6.4209E+13  5.4036E+14  1.1883E-01
  8.5361E+02  6.3255E+13  6.4243E+13  5.4061E+14  1.1883E-01
  8.5398E+02  6.3289E+13  6.4278E+13  5.4087E+14  1.1884E-01
  8.5436E+02  6.3323E+13  6.4312E+13  5.4112E+14  1.1885E-01
  8.5473E+02  6.3358E+13  6.4346E+13  5.4137E+14  1.1886E-01
  8.5511E+02  6.3392E+13  6.4380E+13  5.4162E+14  1.1887E-01
  8.5548E+02  6.3426E+13  6.4415E+13  5.4187E+14  1.1887E-01
  8.5586E+02  6.3460E+13  6.4449E+13  5.4212E+14  1.1888E-01
  8.5623E+02  6.3495E+13  6.4483E+13  5.4237E+14  1.1889E-01
  8.5661E+02  6.3529E+13  6.4517E+13  5.4262E+14  1.1890E-01
  8.5698E+02  6.3563E+13  6.4552E+13  5.4287E+14  1.1891E-01
  8.5736E+02  6.3597E+13  6.4586E+13  5.4313E+14  1.1892E-01
  8.5773E+02  6.3632E+13  6.4620E+13  5.4338E+14  1.1892E-01
  8.5811E+02  6.3666E+13  6.4654E+13  5.4363E+14  1.1893E-01
  8.5848E+02  6.3700E+13  6.4689E+13  5.4388E+14  1.1894E-01
  8.5886E+02  6.3734E+13  6.4723E+13  5.4413E+14  1.1895E-01
  8.5923E+02  6.3769E+13  6.4757E+13  5.4438E+14  1.1896E-01
  8.5961E+02  6.3803E+13  6.4791E+13  5.4463E+14  1.1896E-01
  8.5998E+02  6.3837E+13  6.4826E+13  5.4488E+14  1.1897E-01
  8.6036E+02  6.3871E+13  6.4860E+13  5.4513E+14  1.1898E-01
  8.6073E+02  6.3906E+13  6.4894E+13  5.4538E+14  1.1899E-01
  8.6111E+02  6.3940E+13  6.4928E+13  5.4563E+14  1.1900E-01
  8.6148E+02  6.3974E+13  6.4963E+13  5.4588E+14  1.1900E-01
  8.6186E+02  6.4008E+13  6.4997E+13  5.4613E+14  1.1901E-01
  8.6223E+02  6.4043E+13  6.5031E+13  5.4638E+14  1.1902E-01
  8.6261E+02  6.4077E+13  6.5065E+13  5.4663E+14  1.1903E-01
  8.6298E+02  6.4111E+13  6.5100E+13  5.4689E+14  1.1904E-01
  8.6336E+02  6.4145E+13  6.5134E+13  5.4714E+14  1.1905E-01
  8.6373E+02  6.4180E+13  6.5168E+13  5.4739E+14  1.1905E-01
  8.6411E+02  6.4214E+13  6.5202E+13  5.4764E+14  1.1906E-01
  8.6448E+02  6.4248E+13  6.5237E+13  5.4789E+14  1.1907E-01
  8.6486E+02  6.4282E+13  6.5271E+13  5.4814E+14  1.1908E-01
  8.6523E+02  6.4317E+13  6.5305E+13  5.4839E+14  1.1909E-01
  8.6561E+02  6.4351E+13  6.5339E+13  5.4864E+14  1.1909E-01
  8.6598E+02  6.4385E+13  6.5374E+13  5.4889E+14  1.1910E-01
  8.6636E+02  6.4419E+13  6.5408E+13  5.4914E+14  1.1911E-01
  8.6673E+02  6.4454E+13  6.5442E+13  5.4939E+14  1.1912E-01
  8.6711E+02  6.4488E+13  6.5476E+13  5.4964E+14  1.1913E-01
  8.6748E+02  6.4522E+13  6.5511E+13  5.4989E+14  1.1913E-01
  8.6786E+02  6.4556E+13  6.5545E+13  5.5014E+14  1.1914E-01
  8.6823E+02  6.4591E+13  6.5579E+13  5.5039E+14  1.1915E-01
  8.6861E+02  6.4625E+13  6.5613E+13  5.5064E+14  1.1916E-01
  8.6898E+02  6.4659E+13  6.5648E+13  5.5089E+14  1.1917E-01
  8.6936E+02  6.4693E+13  6.5682E+13  5.5114E+14  1.1918E-01
  8.6973E+02  6.4728E+13  6.5716E+13  5.5139E+14  1.1918E-01
  8.7011E+02  6.4762E+13  6.5750E+13  5.5164E+14  1.1919E-01
  8.7048E+02  6.4796E+13  6.5785E+13  5.5189E+14  1.1920E-01
  8.7086E+02  6.4830E+13  6.5819E+13  5.5214E+14  1.1921E-01
  8.7123E+02  6.4865E+13  6.5853E+13  5.5239E+14  1.1922E-01
  8.7161E+02  6.4899E+13  6.5887E+13  5.5264E+14  1.1922E-01
  8.7198E+02  6.4933E+13  6.5922E+13  5.5289E+14  1.1923E-01
  8.7236E+02  6.4967E+13  6.5956E+13  5.5314E+14  1.1924E-01
  8.7273E+02  6.5001E+13  6.5990E+13  5.5339E+14  1.1925E-01
  8.7311E+02  6.5036E+13  6.6024E+13  5.5364E+14  1.1926E-01
  8.7348E+02  6.5070E+13  6.6059E+13  5.5389E+14  1.1926E-01
  8.7386E+02  6.5104E+13  6.6093E+13  5.5414E+14  1.1927E-01
  8.7423E+02  6.5138E+13  6.6127E+13  5.5438E+14  1.1928E-01
  8.7461E+02  6.5173E+13  6.6161E+13  5.5463E+14  1.1929E-01
  8.7498E+02  6.5207E+13  6.6196E+13  5.5488E+14  1.1930E-01
  8.7536E+02  6.5241E+13  6.6230E+13  5.5513E+14  1.1930E-01
  8.7573E+02  6.5275E+13  6.6264E+13  5.5538E+14  1.1931E-01
  8.7611E+02  6.5310E+13  6.6298E+13  5.5563E+14  1.1932E-01
  8.7648E+02  6.5344E+13  6.6333E+13  5.5588E+14  1.1933E-01
  8.7686E+02  6.5378E+13  6.6367E+13  5.5613E+14  1.1934E-01
  8.7723E+02  6.5412E+13  6.6401E+13  5.5638E+14  1.1934E-01
  8.7761E+02  6.5446E+13  6.6435E+13  5.5663E+14  1.1935E-01
  8.7798E+02  6.5481E+13  6.6469E+13  5.5688E+14  1.1936E-01
  8.7836E+02  6.5515E+13  6.6504E+13  5.5713E+14  1.1937E-01
  8.7873E+02  6.5549E+13  6.6538E+13  5.5738E+14  1.1938E-01
  8.7911E+02  6.5583E+13  6.6572E+13  5.5763E+14  1.1939E-01
  8.7948E+02  6.5618E+13  6.6606E+13  5.5787E+14  1.1939E-01
  8.7986E+02  6.5652E+13  6.6641E+13  5.5812E+14  1.1940E-01
  8.8024E+02  6.5686E+13  6.6675E+13  5.5837E+14  1.1941E-01
  8.8061E+02  6.5720E+13  6.6709E+13  5.5862E+14  1.1942E-01
  8.8099E+02  6.5755E+13  6.6743E+13  5.5887E+14  1.1943E-01
  8.8136E+02  6.5789E+13  6.6778E+13  5.5912E+14  1.1943E-01
  8.8174E+02  6.5823E+13  6.6812E+13  5.5937E+14  1.1944E-01
  8.8211E+02  6.5857E+13  6.6846E+13  5.5962E+14  1.1945E-01
  8.8249E+02  6.5891E+13  6.6880E+13  5.5987E+14  1.1946E-01
  8.8286E+02  6.5926E+13  6.6914E+13  5.6012E+14  1.1947E-01
  8.8324E+02  6.5960E+13  6.6949E+13  5.6036E+14  1.1947E-01
  8.8361E+02  6.5994E+13  6.6983E+13  5.6061E+14  1.1948E-01
  8.8399E+02  6.6028E+13  6.7017E+13  5.6086E+14  1.1949E-01
  8.8436E+02  6.6063E+13  6.7051E+13  5.6111E+14  1.1950E-01
  8.8474E+02  6.6097E+13  6.7086E+13  5.6136E+14  1.1951E-01
  8.8511E+02  6.6131E+13  6.7120E+13  5.6161E+14  1.1951E-01
  8.8549E+02  6.6165E+13  6.7154E+13  5.6186E+14  1.1952E-01
  8.8586E+02  6.6199E+13  6.7188E+13  5.6210E+14  1.1953E-01
  8.8624E+02  6.6234E+13  6.7223E+13  5.6235E+14  1.1954E-01
  8.8661E+02  6.6268E+13  6.7257E+13  5.6260E+14  1.1955E-01
  8.8699E+02  6.6302E+13  6.7291E+13  5.6285E+14  1.1955E-01
  8.8736E+02  6.6336E+13  6.7325E+13  5.6310E+14  1.1956E-01
  8.8774E+02  6.6371E+13  6.7359E+13  5.6335E+14  1.1957E-01
  8.8811E+02  6.6405E+13  6.7394E+13  5.6360E+14  1.1958E-01
  8.8849E+02  6.6439E+13  6.7428E+13  5.6384E+14  1.1959E-01
  8.8886E+02  6.6473E+13  6.7462E+13  5.6409E+14  1.1959E-01
  8.8924E+02  6.6507E+13  6.7496E+13  5.6434E+14  1.1960E-01
  8.8961E+02  6.6542E+13  6.7530E+13  5.6459E+14  1.1961E-01
  8.8999E+02  6.6576E+13  6.7565E+13  5.6484E+14  1.1962E-01
  8.9036E+02  6.6610E+13  6.7599E+13  5.6508E+14  1.1963E-01
  8.9074E+02  6.6644E+13  6.7633E+13  5.6533E+14  1.1963E-01
  8.9111E+02  6.6678E+13  6.7667E+13  5.6558E+14  1.1964E-01
  8.9149E+02  6.6713E+13  6.7702E+13  5.6583E+14  1.1965E-01
  8.9186E+02  6.6747E+13  6.7736E+13  5.6608E+14  1.1966E-01
  8.9224E+02  6.6781E+13  6.7770E+13  5.6633E+14  1.1967E-01
  8.9261E+02  6.6815E+13  6.7804E+13  5.6657E+14  1.1967E-01
  8.9299E+02  6.6849E+13  6.7838E+13  5.6682E+14  1.1968E-01
  8.9336E+02  6.6884E+13  6.7873E+13  5.6707E+14  1.1969E-01
  8.9374E+02  6.6918E+13  6.7907E+13  5.6732E+14  1.1970E-01
  8.9411E+02  6.6952E+13  6.7941E+13  5.6756E+14  1.1971E-01
  8.9449E+02  6.6986E+13  6.7975E+13  5.6781E+14  1.1971E-01
  8.9486E+02  6.7021E+13  6.8010E+13  5.6806E+14  1.1972E-01
  8.9524E+02  6.7055E+13  6.8044E+13  5.6831E+14  1.1973E-01
  8.9561E+02  6.7089E+13  6.8078E+13  5.6856E+14  1.1974E-01
  8.9599E+02  6.7123E+13  6.8112E+13  5.6880E+14  1.1975E-01
  8.9636E+02  6.7157E+13  6.8146E+13  5.6905E+14  1.1975E-01
  8.9674E+02  6.7192E+13  6.8181E+13  5.6930E+14  1.1976E-01
  8.9711E+02  6.7226E+13  6.8215E+13  5.6955E+14  1.1977E-01
  8.9749E+02  6.7260E+13  6.8249E+13  5.6979E+14  1.1978E-01
  8.9786E+02  6.7294E+13  6.8283E+13  5.7004E+14  1.1979E-01
  8.9824E+02  6.7328E+13  6.8317E+13  5.7029E+14  1.1979E-01
  8.9861E+02  6.7363E+13  6.8352E+13  5.7054E+14  1.1980E-01
  8.9899E+02  6.7397E+13  6.8386E+13  5.7078E+14  1.1981E-01
  8.9936E+02  6.7431E+13  6.8420E+13  5.7103E+14  1.1982E-01
  8.9974E+02  6.7465E+13  6.8454E+13  5.7128E+14  1.1983E-01
  9.0011E+02  6.7499E+13  6.8488E+13  5.7153E+14  1.1983E-01
  9.0049E+02  6.7534E+13  6.8523E+13  5.7177E+14  1.1984E-01
  9.0086E+02  6.7568E+13  6.8557E+13  5.7202E+14  1.1985E-01
  9.0124E+02  6.7602E+13  6.8591E+13  5.7227E+14  1.1986E-01
  9.0161E+02  6.7636E+13  6.8625E+13  5.7252E+14  1.1987E-01
  9.0199E+02  6.7670E+13  6.8659E+13  5.7276E+14  1.1987E-01
  9.0236E+02  6.7705E+13  6.8694E+13  5.7301E+14  1.1988E-01
  9.0274E+02  6.7739E+13  6.8728E+13  5.7326E+14  1.1989E-01
  9.0311E+02  6.7773E+13  6.8762E+13  5.7350E+14  1.1990E-01
  9.0349E+02  6.7807E+13  6.8796E+13  5.7375E+14  1.1991E-01
  9.0386E+02  6.7841E+13  6.8830E+13  5.7400E+14  1.1991E-01
  9.0424E+02  6.7876E+13  6.8865E+13  5.7425E+14  1.1992E-01
  9.0461E+02  6.7910E+13  6.8899E+13  5.7449E+14  1.1993E-01
  9.0499E+02  6.7944E+13  6.8933E+13  5.7474E+14  1.1994E-01
  9.0536E+02  6.7978E+13  6.8967E+13  5.7499E+14  1.1995E-01
  9.0574E+02  6.8012E+13  6.9001E+13  5.7523E+14  1.1995E-01
  9.0611E+02  6.8047E+13  6.9036E+13  5.7548E+14  1.1996E-01
  9.0649E+02  6.8081E+13  6.9070E+13  5.7573E+14  1.1997E-01
  9.0686E+02  6.8115E+13  6.9104E+13  5.7597E+14  1.1998E-01
  9.0724E+02  6.8149E+13  6.9138E+13  5.7622E+14  1.1999E-01
  9.0761E+02  6.8183E+13  6.9172E+13  5.7647E+14  1.1999E-01
  9.0799E+02  6.8218E+13  6.9207E+13  5.7671E+14  1.2000E-01
  9.0836E+02  6.8252E+13  6.9241E+13  5.7696E+14  1.2001E-01
  9.0874E+02  6.8286E+13  6.9275E+13  5.7721E+14  1.2002E-01
  9.0911E+02  6.8320E+13  6.9309E+13  5.7745E+14  1.2003E-01
  9.0949E+02  6.8354E+13  6.9343E+13  5.7770E+14  1.2003E-01
  9.0986E+02  6.8388E+13  6.9378E+13  5.7795E+14  1.2004E-01
  9.1024E+02  6.8423E+13  6.9412E+13  5.7819E+14  1.2005E-01
  9.1061E+02  6.8457E+13  6.9446E+13  5.7844E+14  1.2006E-01
  9.1099E+02  6.8491E+13  6.9480E+13  5.7869E+14  1.2007E-01
  9.1136E+02  6.8525E+13  6.9514E+13  5.7893E+14  1.2007E-01
  9.1174E+02  6.8559E+13  6.9549E+13  5.7918E+14  1.2008E-01
  9.1211E+02  6.8594E+13  6.9583E+13  5.7943E+14  1.2009E-01
  9.1249E+02  6.8628E+13  6.9617E+13  5.7967E+14  1.2010E-01
  9.1286E+02  6.8662E+13  6.9651E+13  5.7992E+14  1.2011E-01
  9.1324E+02  6.8696E+13  6.9685E+13  5.8016E+14  1.2011E-01
  9.1361E+02  6.8730E+13  6.9720E+13  5.8041E+14  1.2012E-01
  9.1399E+02  6.8765E+13  6.9754E+13  5.8066E+14  1.2013E-01
  9.1436E+02  6.8799E+13  6.9788E+13  5.8090E+14  1.2014E-01
  9.1474E+02  6.8833E+13  6.9822E+13  5.8115E+14  1.2014E-01
  9.1511E+02  6.8867E+13  6.9856E+13  5.8139E+14  1.2015E-01
  9.1549E+02  6.8901E+13  6.9890E+13  5.8164E+14  1.2016E-01
  9.1586E+02  6.8935E+13  6.9925E+13  5.8189E+14  1.2017E-01
  9.1624E+02  6.8970E+13  6.9959E+13  5.8213E+14  1.2018E-01
  9.1661E+02  6.9004E+13  6.9993E+13  5.8238E+14  1.2018E-01
  9.1699E+02  6.9038E+13  7.0027E+13  5.8262E+14  1.2019E-01
  9.1736E+02  6.9072E+13  7.0061E+13  5.8287E+14  1.2020E-01
  9.1774E+02  6.9106E+13  7.0096E+13  5.8312E+14  1.2021E-01
  9.1811E+02  6.9140E+13  7.0130E+13  5.8336E+14  1.2022E-01
  9.1849E+02  6.9175E+13  7.0164E+13  5.8361E+14  1.2022E-01
  9.1886E+02  6.9209E+13  7.0198E+13  5.8385E+14  1.2023E-01
  9.1924E+02  6.9243E+13  7.0232E+13  5.8410E+14  1.2024E-01
  9.1961E+02  6.9277E+13  7.0266E+13  5.8435E+14  1.2025E-01
  9.1999E+02  6.9311E+13  7.0301E+13  5.8459E+14  1.2026E-01
  9.2037E+02  6.9346E+13  7.0335E+13  5.8484E+14  1.2026E-01
  9.2074E+02  6.9380E+13  7.0369E+13  5.8508E+14  1.2027E-01
  9.2112E+02  6.9414E+13  7.0403E+13  5.8533E+14  1.2028E-01
  9.2149E+02  6.9448E+13  7.0437E+13  5.8557E+14  1.2029E-01
  9.2187E+02  6.9482E+13  7.0472E+13  5.8582E+14  1.2030E-01
  9.2224E+02  6.9516E+13  7.0506E+13  5.8606E+14  1.2030E-01
  9.2262E+02  6.9551E+13  7.0540E+13  5.8631E+14  1.2031E-01
  9.2299E+02  6.9585E+13  7.0574E+13  5.8656E+14  1.2032E-01
  9.2337E+02  6.9619E+13  7.0608E+13  5.8680E+14  1.2033E-01
  9.2374E+02  6.9653E+13  7.0642E+13  5.8705E+14  1.2034E-01
  9.2412E+02  6.9687E+13  7.0677E+13  5.8729E+14  1.2034E-01
  9.2449E+02  6.9721E+13  7.0711E+13  5.8754E+14  1.2035E-01
  9.2487E+02  6.9756E+13  7.0745E+13  5.8778E+14  1.2036E-01
  9.2524E+02  6.9790E+13  7.0779E+13  5.8803E+14  1.2037E-01
  9.2562E+02  6.9824E+13  7.0813E+13  5.8827E+14  1.2037E-01
  9.2599E+02  6.9858E+13  7.0847E+13  5.8852E+14  1.2038E-01
  9.2637E+02  6.9892E+13  7.0882E+13  5.8876E+14  1.2039E-01
  9.2674E+02  6.9926E+13  7.0916E+13  5.8901E+14  1.2040E-01
  9.2712E+02  6.9961E+13  7.0950E+13  5.8925E+14  1.2041E-01
  9.2749E+02  6.9995E+13  7.0984E+13  5.8950E+14  1.2041E-01
  9.2787E+02  7.0029E+13  7.1018E+13  5.8974E+14  1.2042E-01
  9.2824E+02  7.0063E+13  7.1053E+13  5.8999E+14  1.2043E-01
  9.2862E+02  7.0097E+13  7.1087E+13  5.9023E+14  1.2044E-01
  9.2899E+02  7.0131E+13  7.1121E+13  5.9048E+14  1.2045E-01
  9.2937E+02  7.0166E+13  7.1155E+13  5.9072E+14  1.2045E-01
  9.2974E+02  7.0200E+13  7.1189E+13  5.9097E+14  1.2046E-01
  9.3012E+02  7.0234E+13  7.1223E+13  5.9121E+14  1.2047E-01
  9.3049E+02  7.0268E+13  7.1258E+13  5.9146E+14  1.2048E-01
  9.3087E+02  7.0302E+13  7.1292E+13  5.9170E+14  1.2049E-01
  9.3124E+02  7.0336E+13  7.1326E+13  5.9195E+14  1.2049E-01
  9.3162E+02  7.0371E+13  7.1360E+13  5.9219E+14  1.2050E-01
  9.3199E+02  7.0405E+13  7.1394E+13  5.9244E+14  1.2051E-01
  9.3237E+02  7.0439E+13  7.1428E+13  5.9268E+14  1.2052E-01
  9.3274E+02  7.0473E+13  7.1463E+13  5.9293E+14  1.2053E-01
  9.3312E+02  7.0507E+13  7.1497E+13  5.9317E+14  1.2053E-01
  9.3349E+02  7.0541E+13  7.1531E+13  5.9342E+14  1.2054E-01
  9.3387E+02  7.0576E+13  7.1565E+13  5.9366E+14  1.2055E-01
  9.3424E+02  7.0610E+13  7.1599E+13  5.9390E+14  1.2056E-01
  9.3462E+02  7.0644E+13  7.1633E+13  5.9415E+14  1.2056E-01
  9.3499E+02  7.0678E+13  7.1667E+13  5.9439E+14  1.2057E-01
  9.3537E+02  7.0712E+13  7.1702E+13  5.9464E+14  1.2058E-01
  9.3574E+02  7.0746E+13  7.1736E+13  5.9488E+14  1.2059E-01
  9.3612E+02  7.0781E+13  7.1770E+13  5.9513E+14  1.2060E-01
  9.3649E+02  7.0815E+13  7.1804E+13  5.9537E+14  1.2060E-01
  9.3687E+02  7.0849E+13  7.1838E+13  5.9562E+14  1.2061E-01
  9.3724E+02  7.0883E+13  7.1872E+13  5.9586E+14  1.2062E-01
  9.3762E+02  7.0917E+13  7.1907E+13  5.9610E+14  1.2063E-01
  9.3799E+02  7.0951E+13  7.1941E+13  5.9635E+14  1.2064E-01
  9.3837E+02  7.0985E+13  7.1975E+13  5.9659E+14  1.2064E-01
  9.3874E+02  7.1020E+13  7.2009E+13  5.9684E+14  1.2065E-01
  9.3912E+02  7.1054E+13  7.2043E+13  5.9708E+14  1.2066E-01
  9.3949E+02  7.1088E+13  7.2077E+13  5.9732E+14  1.2067E-01
  9.3987E+02  7.1122E+13  7.2112E+13  5.9757E+14  1.2067E-01
  9.4024E+02  7.1156E+13  7.2146E+13  5.9781E+14  1.2068E-01
  9.4062E+02  7.1190E+13  7.2180E+13  5.9806E+14  1.2069E-01
  9.4099E+02  7.1224E+13  7.2214E+13  5.9830E+14  1.2070E-01
  9.4137E+02  7.1259E+13  7.2248E+13  5.9854E+14  1.2071E-01
  9.4174E+02  7.1293E+13  7.2282E+13  5.9879E+14  1.2071E-01
  9.4212E+02  7.1327E+13  7.2316E+13  5.9903E+14  1.2072E-01
  9.4249E+02  7.1361E+13  7.2351E+13  5.9928E+14  1.2073E-01
  9.4287E+02  7.1395E+13  7.2385E+13  5.9952E+14  1.2074E-01
  9.4324E+02  7.1429E+13  7.2419E+13  5.9976E+14  1.2075E-01
  9.4362E+02  7.1464E+13  7.2453E+13  6.0001E+14  1.2075E-01
  9.4399E+02  7.1498E+13  7.2487E+13  6.0025E+14  1.2076E-01
  9.4437E+02  7.1532E+13  7.2521E+13  6.0049E+14  1.2077E-01
  9.4474E+02  7.1566E+13  7.2556E+13  6.0074E+14  1.2078E-01
  9.4512E+02  7.1600E+13  7.2590E+13  6.0098E+14  1.2079E-01
  9.4549E+02  7.1634E+13  7.2624E+13  6.0123E+14  1.2079E-01
  9.4587E+02  7.1668E+13  7.2658E+13  6.0147E+14  1.2080E-01
  9.4624E+02  7.1703E+13  7.2692E+13  6.0171E+14  1.2081E-01
  9.4662E+02  7.1737E+13  7.2726E+13  6.0196E+14  1.2082E-01
  9.4699E+02  7.1771E+13  7.2760E+13  6.0220E+14  1.2082E-01
  9.4737E+02  7.1805E+13  7.2795E+13  6.0244E+14  1.2083E-01
  9.4774E+02  7.1839E+13  7.2829E+13  6.0269E+14  1.2084E-01
  9.4812E+02  7.1873E+13  7.2863E+13  6.0293E+14  1.2085E-01
  9.4849E+02  7.1907E+13  7.2897E+13  6.0317E+14  1.2086E-01
  9.4887E+02  7.1942E+13  7.2931E+13  6.0342E+14  1.2086E-01
  9.4924E+02  7.1976E+13  7.2965E+13  6.0366E+14  1.2087E-01
  9.4962E+02  7.2010E+13  7.2999E+13  6.0390E+14  1.2088E-01
  9.4999E+02  7.2044E+13  7.3034E+13  6.0415E+14  1.2089E-01
  9.5037E+02  7.2078E+13  7.3068E+13  6.0439E+14  1.2090E-01
  9.5074E+02  7.2112E+13  7.3102E+13  6.0463E+14  1.2090E-01
  9.5112E+02  7.2146E+13  7.3136E+13  6.0488E+14  1.2091E-01
  9.5149E+02  7.2180E+13  7.3170E+13  6.0512E+14  1.2092E-01
  9.5187E+02  7.2215E+13  7.3204E+13  6.0536E+14  1.2093E-01
  9.5224E+02  7.2249E+13  7.3238E+13  6.0560E+14  1.2093E-01
  9.5262E+02  7.2283E+13  7.3273E+13  6.0585E+14  1.2094E-01
  9.5299E+02  7.2317E+13  7.3307E+13  6.0609E+14  1.2095E-01
  9.5337E+02  7.2351E+13  7.3341E+13  6.0633E+14  1.2096E-01
  9.5374E+02  7.2385E+13  7.3375E+13  6.0658E+14  1.2097E-01
  9.5412E+02  7.2419E+13  7.3409E+13  6.0682E+14  1.2097E-01
  9.5449E+02  7.2454E+13  7.3443E+13  6.0706E+14  1.2098E-01
  9.5487E+02  7.2488E+13  7.3477E+13  6.0730E+14  1.2099E-01
  9.5524E+02  7.2522E+13  7.3512E+13  6.0755E+14  1.2100E-01
  9.5562E+02  7.2556E+13  7.3546E+13  6.0779E+14  1.2100E-01
  9.5599E+02  7.2590E+13  7.3580E+13  6.0803E+14  1.2101E-01
  9.5637E+02  7.2624E+13  7.3614E+13  6.0828E+14  1.2102E-01
  9.5674E+02  7.2658E+13  7.3648E+13  6.0852E+14  1.2103E-01
  9.5712E+02  7.2692E+13  7.3682E+13  6.0876E+14  1.2104E-01
  9.5749E+02  7.2727E+13  7.3716E+13  6.0900E+14  1.2104E-01
  9.5787E+02  7.2761E+13  7.3750E+13  6.0925E+14  1.2105E-01
  9.5824E+02  7.2795E+13  7.3785E+13  6.0949E+14  1.2106E-01
  9.5862E+02  7.2829E+13  7.3819E+13  6.0973E+14  1.2107E-01
  9.5899E+02  7.2863E+13  7.3853E+13  6.0997E+14  1.2108E-01
  9.5937E+02  7.2897E+13  7.3887E+13  6.1022E+14  1.2108E-01
  9.5974E+02  7.2931E+13  7.3921E+13  6.1046E+14  1.2109E-01
  9.6012E+02  7.2966E+13  7.3955E+13  6.1070E+14  1.2110E-01
  9.6050E+02  7.3000E+13  7.3989E+13  6.1094E+14  1.2111E-01
  9.6087E+02  7.3034E+13  7.4023E+13  6.1119E+14  1.2111E-01
  9.6125E+02  7.3068E+13  7.4058E+13  6.1143E+14  1.2112E-01
  9.6162E+02  7.3102E+13  7.4092E+13  6.1167E+14  1.2113E-01
  9.6200E+02  7.3136E+13  7.4126E+13  6.1191E+14  1.2114E-01
  9.6237E+02  7.3170E+13  7.4160E+13  6.1215E+14  1.2115E-01
  9.6275E+02  7.3204E+13  7.4194E+13  6.1240E+14  1.2115E-01
  9.6312E+02  7.3239E+13  7.4228E+13  6.1264E+14  1.2116E-01
  9.6350E+02  7.3273E+13  7.4262E+13  6.1288E+14  1.2117E-01
  9.6387E+02  7.3307E+13  7.4297E+13  6.1312E+14  1.2118E-01
  9.6425E+02  7.3341E+13  7.4331E+13  6.1336E+14  1.2119E-01
  9.6462E+02  7.3375E+13  7.4365E+13  6.1361E+14  1.2119E-01
  9.6500E+02  7.3409E+13  7.4399E+13  6.1385E+14  1.2120E-01
  9.6537E+02  7.3443E+13  7.4433E+13  6.1409E+14  1.2121E-01
  9.6575E+02  7.3477E+13  7.4467E+13  6.1433E+14  1.2122E-01
  9.6612E+02  7.3511E+13  7.4501E+13  6.1457E+14  1.2122E-01
  9.6650E+02  7.3546E+13  7.4535E+13  6.1482E+14  1.2123E-01
  9.6687E+02  7.3580E+13  7.4570E+13  6.1506E+14  1.2124E-01
  9.6725E+02  7.3614E+13  7.4604E+13  6.1530E+14  1.2125E-01
  9.6762E+02  7.3648E+13  7.4638E+13  6.1554E+14  1.2126E-01
  9.6800E+02  7.3682E+13  7.4672E+13  6.1578E+14  1.2126E-01
  9.6837E+02  7.3716E+13  7.4706E+13  6.1603E+14  1.2127E-01
  9.6875E+02  7.3750E+13  7.4740E+13  6.1627E+14  1.2128E-01
  9.6912E+02  7.3784E+13  7.4774E+13  6.1651E+14  1.2129E-01
  9.6950E+02  7.3819E+13  7.4808E+13  6.1675E+14  1.2129E-01
  9.6987E+02  7.3853E+13  7.4842E+13  6.1699E+14  1.2130E-01
  9.7025E+02  7.3887E+13  7.4877E+13  6.1723E+14  1.2131E-01
  9.7062E+02  7.3921E+13  7.4911E+13  6.1747E+14  1.2132E-01
  9.7100E+02  7.3955E+13  7.4945E+13  6.1772E+14  1.2133E-01
  9.7137E+02  7.3989E+13  7.4979E+13  6.1796E+14  1.2133E-01
  9.7175E+02  7.4023E+13  7.5013E+13  6.1820E+14  1.2134E-01
  9.7212E+02  7.4057E+13  7.5047E+13  6.1844E+14  1.2135E-01
  9.7250E+02  7.4091E+13  7.5081E+13  6.1868E+14  1.2136E-01
  9.7287E+02  7.4126E+13  7.5115E+13  6.1892E+14  1.2136E-01
  9.7325E+02  7.4160E+13  7.5150E+13  6.1916E+14  1.2137E-01
  9.7362E+02  7.4194E+13  7.5184E+13  6.1941E+14  1.2138E-01
  9.7400E+02  7.4228E+13  7.5218E+13  6.1965E+14  1.2139E-01
  9.7437E+02  7.4262E+13  7.5252E+13  6.1989E+14  1.2140E-01
  9.7475E+02  7.4296E+13  7.5286E+13  6.2013E+14  1.2140E-01
  9.7512E+02  7.4330E+13  7.5320E+13  6.2037E+14  1.2141E-01
  9.7550E+02  7.4364E+13  7.5354E+13  6.2061E+14  1.2142E-01
  9.7587E+02  7.4398E+13  7.5388E+13  6.2085E+14  1.2143E-01
  9.7625E+02  7.4433E+13  7.5422E+13  6.2109E+14  1.2143E-01
  9.7662E+02  7.4467E+13  7.5457E+13  6.2133E+14  1.2144E-01
  9.7700E+02  7.4501E+13  7.5491E+13  6.2158E+14  1.2145E-01
  9.7737E+02  7.4535E+13  7.5525E+13  6.2182E+14  1.2146E-01
  9.7775E+02  7.4569E+13  7.5559E+13  6.2206E+14  1.2147E-01
  9.7812E+02  7.4603E+13  7.5593E+13  6.2230E+14  1.2147E-01
  9.7850E+02  7.4637E+13  7.5627E+13  6.2254E+14  1.2148E-01
  9.7887E+02  7.4671E+13  7.5661E+13  6.2278E+14  1.2149E-01
  9.7925E+02  7.4705E+13  7.5695E+13  6.2302E+14  1.2150E-01
  9.7962E+02  7.4739E+13  7.5729E+13  6.2326E+14  1.2151E-01
  9.8000E+02  7.4774E+13  7.5764E+13  6.2350E+14  1.2151E-01
  9.8037E+02  7.4808E+13  7.5798E+13  6.2374E+14  1.2152E-01
  9.8075E+02  7.4842E+13  7.5832E+13  6.2398E+14  1.2153E-01
  9.8112E+02  7.4876E+13  7.5866E+13  6.2422E+14  1.2154E-01
  9.8150E+02  7.4910E+13  7.5900E+13  6.2446E+14  1.2154E-01
  9.8187E+02  7.4944E+13  7.5934E+13  6.2471E+14  1.2155E-01
  9.8225E+02  7.4978E+13  7.5968E+13  6.2495E+14  1.2156E-01
  9.8262E+02  7.5012E+13  7.6002E+13  6.2519E+14  1.2157E-01
  9.8300E+02  7.5046E+13  7.6036E+13  6.2543E+14  1.2158E-01
  9.8337E+02  7.5080E+13  7.6070E+13  6.2567E+14  1.2158E-01
  9.8375E+02  7.5115E+13  7.6105E+13  6.2591E+14  1.2159E-01
  9.8412E+02  7.5149E+13  7.6139E+13  6.2615E+14  1.2160E-01
  9.8450E+02  7.5183E+13  7.6173E+13  6.2639E+14  1.2161E-01
  9.8487E+02  7.5217E+13  7.6207E+13  6.2663E+14  1.2161E-01
  9.8525E+02  7.5251E+13  7.6241E+13  6.2687E+14  1.2162E-01
  9.8562E+02  7.5285E+13  7.6275E+13  6.2711E+14  1.2163E-01
  9.8600E+02  7.5319E+13  7.6309E+13  6.2735E+14  1.2164E-01
  9.8637E+02  7.5353E+13  7.6343E+13  6.2759E+14  1.2165E-01
  9.8675E+02  7.5387E+13  7.6377E+13  6.2783E+14  1.2165E-01
  9.8712E+02  7.5421E+13  7.6411E+13  6.2807E+14  1.2166E-01
  9.8750E+02  7.5456E+13  7.6446E+13  6.2831E+14  1.2167E-01
  9.8787E+02  7.5490E+13  7.6480E+13  6.2855E+14  1.2168E-01
  9.8825E+02  7.5524E+13  7.6514E+13  6.2879E+14  1.2168E-01
  9.8862E+02  7.5558E+13  7.6548E+13  6.2903E+14  1.2169E-01
  9.8900E+02  7.5592E+13  7.6582E+13  6.2927E+14  1.2170E-01
  9.8937E+02  7.5626E+13  7.6616E+13  6.2951E+14  1.2171E-01
  9.8975E+02  7.5660E+13  7.6650E+13  6.2975E+14  1.2172E-01
  9.9012E+02  7.5694E+13  7.6684E+13  6.2999E+14  1.2172E-01
  9.9050E+02  7.5728E+13  7.6718E+13  6.3023E+14  1.2173E-01
  9.9087E+02  7.5762E+13  7.6752E+13  6.3047E+14  1.2174E-01
  9.9125E+02  7.5796E+13  7.6786E+13  6.3071E+14  1.2175E-01
  9.9162E+02  7.5831E+13  7.6821E+13  6.3095E+14  1.2175E-01
  9.9200E+02  7.5865E+13  7.6855E+13  6.3119E+14  1.2176E-01
  9.9237E+02  7.5899E+13  7.6889E+13  6.3143E+14  1.2177E-01
  9.9275E+02  7.5933E+13  7.6923E+13  6.3167E+14  1.2178E-01
  9.9312E+02  7.5967E+13  7.6957E+13  6.3191E+14  1.2179E-01
  9.9350E+02  7.6001E+13  7.6991E+13  6.3215E+14  1.2179E-01
  9.9387E+02  7.6035E+13  7.7025E+13  6.3239E+14  1.2180E-01
  9.9425E+02  7.6069E+13  7.7059E+13  6.3263E+14  1.2181E-01
  9.9462E+02  7.6103E+13  7.7093E+13  6.3287E+14  1.2182E-01
  9.9500E+02  7.6137E+13  7.7127E+13  6.3311E+14  1.2182E-01
  9.9537E+02  7.6171E+13  7.7161E+13  6.3335E+14  1.2183E-01
  9.9575E+02  7.6205E+13  7.7196E+13  6.3358E+14  1.2184E-01
  9.9612E+02  7.6240E+13  7.7230E+13  6.3382E+14  1.2185E-01
  9.9650E+02  7.6274E+13  7.7264E+13  6.3406E+14  1.2185E-01
  9.9687E+02  7.6308E+13  7.7298E+13  6.3430E+14  1.2186E-01
  9.9725E+02  7.6342E+13  7.7332E+13  6.3454E+14  1.2187E-01
  9.9762E+02  7.6376E+13  7.7366E+13  6.3478E+14  1.2188E-01
  9.9800E+02  7.6410E+13  7.7400E+13  6.3502E+14  1.2189E-01
  9.9837E+02  7.6444E+13  7.7434E+13  6.3526E+14  1.2189E-01
  9.9875E+02  7.6478E+13  7.7468E+13  6.3550E+14  1.2190E-01
  9.9912E+02  7.6512E+13  7.7502E+13  6.3574E+14  1.2191E-01
  9.9950E+02  7.6546E+13  7.7536E+13  6.3598E+14  1.2192E-01
  9.9987E+02  7.6580E+13  7.7571E+13  6.3622E+14  1.2192E-01
  1.0003E+03  7.6614E+13  7.7605E+13  6.3646E+14  1.2193E-01
  1.0006E+03  7.6649E+13  7.7639E+13  6.3669E+14  1.2194E-01
  1.0010E+03  7.6683E+13  7.7673E+13  6.3693E+14  1.2195E-01
  1.0014E+03  7.6717E+13  7.7707E+13  6.3717E+14  1.2196E-01
  1.0018E+03  7.6751E+13  7.7741E+13  6.3741E+14  1.2196E-01
  1.0021E+03  7.6785E+13  7.7775E+13  6.3765E+14  1.2197E-01
  1.0025E+03  7.6819E+13  7.7809E+13  6.3789E+14  1.2198E-01
  1.0029E+03  7.6853E+13  7.7843E+13  6.3813E+14  1.2199E-01
  1.0033E+03  7.6887E+13  7.7877E+13  6.3837E+14  1.2199E-01
  1.0036E+03  7.6921E+13  7.7911E+13  6.3861E+14  1.2200E-01
  1.0040E+03  7.6955E+13  7.7945E+13  6.3884E+14  1.2201E-01
  1.0044E+03  7.6989E+13  7.7980E+13  6.3908E+14  1.2202E-01
  1.0048E+03  7.7023E+13  7.8014E+13  6.3932E+14  1.2203E-01
  1.0051E+03  7.7057E+13  7.8048E+13  6.3956E+14  1.2203E-01
  1.0055E+03  7.7092E+13  7.8082E+13  6.3980E+14  1.2204E-01
  1.0059E+03  7.7126E+13  7.8116E+13  6.4004E+14  1.2205E-01
  1.0063E+03  7.7160E+13  7.8150E+13  6.4028E+14  1.2206E-01
  1.0066E+03  7.7194E+13  7.8184E+13  6.4051E+14  1.2206E-01
  1.0070E+03  7.7228E+13  7.8218E+13  6.4075E+14  1.2207E-01
  1.0074E+03  7.7262E+13  7.8252E+13  6.4099E+14  1.2208E-01
  1.0078E+03  7.7296E+13  7.8286E+13  6.4123E+14  1.2209E-01
  1.0081E+03  7.7330E+13  7.8320E+13  6.4147E+14  1.2210E-01
  1.0085E+03  7.7364E+13  7.8354E+13  6.4171E+14  1.2210E-01
  1.0089E+03  7.7398E+13  7.8388E+13  6.4195E+14  1.2211E-01
  1.0093E+03  7.7432E+13  7.8422E+13  6.4218E+14  1.2212E-01
  1.0096E+03  7.7466E+13  7.8457E+13  6.4242E+14  1.2213E-01
  1.0100E+03  7.7500E+13  7.8491E+13  6.4266E+14  1.2213E-01
  1.0104E+03  7.7534E+13  7.8525E+13  6.4290E+14  1.2214E-01
  1.0108E+03  7.7569E+13  7.8559E+13  6.4314E+14  1.2215E-01
  1.0111E+03  7.7603E+13  7.8593E+13  6.4338E+14  1.2216E-01
  1.0115E+03  7.7637E+13  7.8627E+13  6.4361E+14  1.2216E-01
  1.0119E+03  7.7671E+13  7.8661E+13  6.4385E+14  1.2217E-01
  1.0123E+03  7.7705E+13  7.8695E+13  6.4409E+14  1.2218E-01
  1.0126E+03  7.7739E+13  7.8729E+13  6.4433E+14  1.2219E-01
  1.0130E+03  7.7773E+13  7.8763E+13  6.4457E+14  1.2220E-01
  1.0134E+03  7.7807E+13  7.8797E+13  6.4480E+14  1.2220E-01
  1.0138E+03  7.7841E+13  7.8831E+13  6.4504E+14  1.2221E-01
  1.0141E+03  7.7875E+13  7.8865E+13  6.4528E+14  1.2222E-01
  1.0145E+03  7.7909E+13  7.8899E+13  6.4552E+14  1.2223E-01
  1.0149E+03  7.7943E+13  7.8934E+13  6.4576E+14  1.2223E-01
  1.0153E+03  7.7977E+13  7.8968E+13  6.4599E+14  1.2224E-01
  1.0156E+03  7.8011E+13  7.9002E+13  6.4623E+14  1.2225E-01
  1.0160E+03  7.8045E+13  7.9036E+13  6.4647E+14  1.2226E-01
  1.0164E+03  7.8080E+13  7.9070E+13  6.4671E+14  1.2227E-01
  1.0168E+03  7.8114E+13  7.9104E+13  6.4694E+14  1.2227E-01
  1.0171E+03  7.8148E+13  7.9138E+13  6.4718E+14  1.2228E-01
  1.0175E+03  7.8182E+13  7.9172E+13  6.4742E+14  1.2229E-01
  1.0179E+03  7.8216E+13  7.9206E+13  6.4766E+14  1.2230E-01
  1.0183E+03  7.8250E+13  7.9240E+13  6.4789E+14  1.2230E-01
  1.0186E+03  7.8284E+13  7.9274E+13  6.4813E+14  1.2231E-01
  1.0190E+03  7.8318E+13  7.9308E+13  6.4837E+14  1.2232E-01
  1.0194E+03  7.8352E+13  7.9342E+13  6.4861E+14  1.2233E-01
  1.0198E+03  7.8386E+13  7.9376E+13  6.4884E+14  1.2233E-01
  1.0201E+03  7.8420E+13  7.9410E+13  6.4908E+14  1.2234E-01
  1.0205E+03  7.8454E+13  7.9445E+13  6.4932E+14  1.2235E-01
  1.0209E+03  7.8488E+13  7.9479E+13  6.4956E+14  1.2236E-01
  1.0213E+03  7.8522E+13  7.9513E+13  6.4979E+14  1.2237E-01
  1.0216E+03  7.8556E+13  7.9547E+13  6.5003E+14  1.2237E-01
  1.0220E+03  7.8590E+13  7.9581E+13  6.5027E+14  1.2238E-01
  1.0224E+03  7.8624E+13  7.9615E+13  6.5051E+14  1.2239E-01
  1.0228E+03  7.8659E+13  7.9649E+13  6.5074E+14  1.2240E-01
  1.0231E+03  7.8693E+13  7.9683E+13  6.5098E+14  1.2240E-01
  1.0235E+03  7.8727E+13  7.9717E+13  6.5122E+14  1.2241E-01
  1.0239E+03  7.8761E+13  7.9751E+13  6.5145E+14  1.2242E-01
  1.0243E+03  7.8795E+13  7.9785E+13  6.5169E+14  1.2243E-01
  1.0246E+03  7.8829E+13  7.9819E+13  6.5193E+14  1.2244E-01
  1.0250E+03  7.8863E+13  7.9853E+13  6.5217E+14  1.2244E-01
  1.0254E+03  7.8897E+13  7.9887E+13  6.5240E+14  1.2245E-01
  1.0258E+03  7.8931E+13  7.9921E+13  6.5264E+14  1.2246E-01
  1.0261E+03  7.8965E+13  7.9955E+13  6.5288E+14  1.2247E-01
  1.0265E+03  7.8999E+13  7.9989E+13  6.5311E+14  1.2247E-01
  1.0269E+03  7.9033E+13  8.0023E+13  6.5335E+14  1.2248E-01
  1.0273E+03  7.9067E+13  8.0058E+13  6.5359E+14  1.2249E-01
  1.0276E+03  7.9101E+13  8.0092E+13  6.5382E+14  1.2250E-01
  1.0280E+03  7.9135E+13  8.0126E+13  6.5406E+14  1.2250E-01
  1.0284E+03  7.9169E+13  8.0160E+13  6.5430E+14  1.2251E-01
  1.0288E+03  7.9203E+13  8.0194E+13  6.5454E+14  1.2252E-01
  1.0291E+03  7.9237E+13  8.0228E+13  6.5477E+14  1.2253E-01
  1.0295E+03  7.9271E+13  8.0262E+13  6.5501E+14  1.2254E-01
  1.0299E+03  7.9305E+13  8.0296E+13  6.5525E+14  1.2254E-01
  1.0303E+03  7.9340E+13  8.0330E+13  6.5548E+14  1.2255E-01
  1.0306E+03  7.9374E+13  8.0364E+13  6.5572E+14  1.2256E-01
  1.0310E+03  7.9408E+13  8.0398E+13  6.5595E+14  1.2257E-01
  1.0314E+03  7.9442E+13  8.0432E+13  6.5619E+14  1.2257E-01
  1.0318E+03  7.9476E+13  8.0466E+13  6.5643E+14  1.2258E-01
  1.0321E+03  7.9510E+13  8.0500E+13  6.5666E+14  1.2259E-01
  1.0325E+03  7.9544E+13  8.0534E+13  6.5690E+14  1.2260E-01
  1.0329E+03  7.9578E+13  8.0568E+13  6.5714E+14  1.2260E-01
  1.0333E+03  7.9612E+13  8.0602E+13  6.5737E+14  1.2261E-01
  1.0336E+03  7.9646E+13  8.0636E+13  6.5761E+14  1.2262E-01
  1.0340E+03  7.9680E+13  8.0670E+13  6.5785E+14  1.2263E-01
  1.0344E+03  7.9714E+13  8.0704E+13  6.5808E+14  1.2264E-01
  1.0348E+03  7.9748E+13  8.0739E+13  6.5832E+14  1.2264E-01
  1.0351E+03  7.9782E+13  8.0773E+13  6.5856E+14  1.2265E-01
  1.0355E+03  7.9816E+13  8.0807E+13  6.5879E+14  1.2266E-01
  1.0359E+03  7.9850E+13  8.0841E+13  6.5903E+14  1.2267E-01
  1.0363E+03  7.9884E+13  8.0875E+13  6.5926E+14  1.2267E-01
  1.0366E+03  7.9918E+13  8.0909E+13  6.5950E+14  1.2268E-01
  1.0370E+03  7.9952E+13  8.0943E+13  6.5974E+14  1.2269E-01
  1.0374E+03  7.9986E+13  8.0977E+13  6.5997E+14  1.2270E-01
  1.0378E+03  8.0020E+13  8.1011E+13  6.6021E+14  1.2271E-01
  1.0381E+03  8.0054E+13  8.1045E+13  6.6044E+14  1.2271E-01
  1.0385E+03  8.0088E+13  8.1079E+13  6.6068E+14  1.2272E-01
  1.0389E+03  8.0123E+13  8.1113E+13  6.6092E+14  1.2273E-01
  1.0393E+03  8.0157E+13  8.1147E+13  6.6115E+14  1.2274E-01
  1.0396E+03  8.0191E+13  8.1181E+13  6.6139E+14  1.2274E-01
  1.0400E+03  8.0225E+13  8.1215E+13  6.6162E+14  1.2275E-01
  1.0404E+03  8.0259E+13  8.1249E+13  6.6186E+14  1.2276E-01
  1.0408E+03  8.0293E+13  8.1283E+13  6.6210E+14  1.2277E-01
  1.0411E+03  8.0327E+13  8.1317E+13  6.6233E+14  1.2277E-01
  1.0415E+03  8.0361E+13  8.1351E+13  6.6257E+14  1.2278E-01
  1.0419E+03  8.0395E+13  8.1385E+13  6.6280E+14  1.2279E-01
  1.0423E+03  8.0429E+13  8.1419E+13  6.6304E+14  1.2280E-01
  1.0426E+03  8.0463E+13  8.1453E+13  6.6327E+14  1.2281E-01
  1.0430E+03  8.0497E+13  8.1487E+13  6.6351E+14  1.2281E-01
  1.0434E+03  8.0531E+13  8.1522E+13  6.6374E+14  1.2282E-01
  1.0438E+03  8.0565E+13  8.1556E+13  6.6398E+14  1.2283E-01
  1.0441E+03  8.0599E+13  8.1590E+13  6.6422E+14  1.2284E-01
  1.0445E+03  8.0633E+13  8.1624E+13  6.6445E+14  1.2284E-01
  1.0449E+03  8.0667E+13  8.1658E+13  6.6469E+14  1.2285E-01
  1.0453E+03  8.0701E+13  8.1692E+13  6.6492E+14  1.2286E-01
  1.0456E+03  8.0735E+13  8.1726E+13  6.6516E+14  1.2287E-01
  1.0460E+03  8.0769E+13  8.1760E+13  6.6539E+14  1.2287E-01
  1.0464E+03  8.0803E+13  8.1794E+13  6.6563E+14  1.2288E-01
  1.0468E+03  8.0837E+13  8.1828E+13  6.6586E+14  1.2289E-01
  1.0471E+03  8.0871E+13  8.1862E+13  6.6610E+14  1.2290E-01
  1.0475E+03  8.0905E+13  8.1896E+13  6.6633E+14  1.2291E-01
  1.0479E+03  8.0939E+13  8.1930E+13  6.6657E+14  1.2291E-01
  1.0483E+03  8.0973E+13  8.1964E+13  6.6680E+14  1.2292E-01
  1.0486E+03  8.1007E+13  8.1998E+13  6.6704E+14  1.2293E-01
  1.0490E+03  8.1041E+13  8.2032E+13  6.6727E+14  1.2294E-01
  1.0494E+03  8.1075E+13  8.2066E+13  6.6751E+14  1.2294E-01
  1.0498E+03  8.1109E+13  8.2100E+13  6.6774E+14  1.2295E-01
  1.0501E+03  8.1144E+13  8.2134E+13  6.6798E+14  1.2296E-01
  1.0505E+03  8.1178E+13  8.2168E+13  6.6821E+14  1.2297E-01
  1.0509E+03  8.1212E+13  8.2202E+13  6.6845E+14  1.2297E-01
  1.0513E+03  8.1246E+13  8.2236E+13  6.6868E+14  1.2298E-01
  1.0516E+03  8.1280E+13  8.2270E+13  6.6892E+14  1.2299E-01
  1.0520E+03  8.1314E+13  8.2304E+13  6.6915E+14  1.2300E-01
  1.0524E+03  8.1348E+13  8.2338E+13  6.6939E+14  1.2301E-01
  1.0528E+03  8.1382E+13  8.2372E+13  6.6962E+14  1.2301E-01
  1.0531E+03  8.1416E+13  8.2406E+13  6.6986E+14  1.2302E-01
  1.0535E+03  8.1450E+13  8.2440E+13  6.7009E+14  1.2303E-01
  1.0539E+03  8.1484E+13  8.2474E+13  6.7033E+14  1.2304E-01
  1.0543E+03  8.1518E+13  8.2508E+13  6.7056E+14  1.2304E-01
  1.0546E+03  8.1552E+13  8.2542E+13  6.7080E+14  1.2305E-01
  1.0550E+03  8.1586E+13  8.2577E+13  6.7103E+14  1.2306E-01
  1.0554E+03  8.1620E+13  8.2611E+13  6.7127E+14  1.2307E-01
  1.0558E+03  8.1654E+13  8.2645E+13  6.7150E+14  1.2307E-01
  1.0561E+03  8.1688E+13  8.2679E+13  6.7174E+14  1.2308E-01
  1.0565E+03  8.1722E+13  8.2713E+13  6.7197E+14  1.2309E-01
  1.0569E+03  8.1756E+13  8.2747E+13  6.7221E+14  1.2310E-01
  1.0573E+03  8.1790E+13  8.2781E+13  6.7244E+14  1.2310E-01
  1.0576E+03  8.1824E+13  8.2815E+13  6.7267E+14  1.2311E-01
  1.0580E+03  8.1858E+13  8.2849E+13  6.7291E+14  1.2312E-01
  1.0584E+03  8.1892E+13  8.2883E+13  6.7314E+14  1.2313E-01
  1.0588E+03  8.1926E+13  8.2917E+13  6.7338E+14  1.2314E-01
  1.0591E+03  8.1960E+13  8.2951E+13  6.7361E+14  1.2314E-01
  1.0595E+03  8.1994E+13  8.2985E+13  6.7385E+14  1.2315E-01
  1.0599E+03  8.2028E+13  8.3019E+13  6.7408E+14  1.2316E-01
  1.0603E+03  8.2062E+13  8.3053E+13  6.7431E+14  1.2317E-01
  1.0606E+03  8.2096E+13  8.3087E+13  6.7455E+14  1.2317E-01
  1.0610E+03  8.2130E+13  8.3121E+13  6.7478E+14  1.2318E-01
  1.0614E+03  8.2164E+13  8.3155E+13  6.7502E+14  1.2319E-01
  1.0618E+03  8.2198E+13  8.3189E+13  6.7525E+14  1.2320E-01
  1.0621E+03  8.2232E+13  8.3223E+13  6.7548E+14  1.2320E-01
  1.0625E+03  8.2266E+13  8.3257E+13  6.7572E+14  1.2321E-01
  1.0629E+03  8.2300E+13  8.3291E+13  6.7595E+14  1.2322E-01
  1.0633E+03  8.2334E+13  8.3325E+13  6.7619E+14  1.2323E-01
  1.0636E+03  8.2368E+13  8.3359E+13  6.7642E+14  1.2324E-01
  1.0640E+03  8.2402E+13  8.3393E+13  6.7665E+14  1.2324E-01
  1.0644E+03  8.2436E+13  8.3427E+13  6.7689E+14  1.2325E-01
  1.0648E+03  8.2470E+13  8.3461E+13  6.7712E+14  1.2326E-01
  1.0651E+03  8.2504E+13  8.3495E+13  6.7736E+14  1.2327E-01
  1.0655E+03  8.2538E+13  8.3529E+13  6.7759E+14  1.2327E-01
  1.0659E+03  8.2572E+13  8.3563E+13  6.7782E+14  1.2328E-01
  1.0663E+03  8.2606E+13  8.3597E+13  6.7806E+14  1.2329E-01
  1.0666E+03  8.2640E+13  8.3631E+13  6.7829E+14  1.2330E-01
  1.0670E+03  8.2674E+13  8.3665E+13  6.7853E+14  1.2330E-01
  1.0674E+03  8.2708E+13  8.3699E+13  6.7876E+14  1.2331E-01
  1.0678E+03  8.2742E+13  8.3733E+13  6.7899E+14  1.2332E-01
  1.0681E+03  8.2776E+13  8.3767E+13  6.7923E+14  1.2333E-01
  1.0685E+03  8.2810E+13  8.3801E+13  6.7946E+14  1.2334E-01
  1.0689E+03  8.2844E+13  8.3835E+13  6.7969E+14  1.2334E-01
  1.0693E+03  8.2878E+13  8.3869E+13  6.7993E+14  1.2335E-01
  1.0696E+03  8.2913E+13  8.3903E+13  6.8016E+14  1.2336E-01
  1.0700E+03  8.2947E+13  8.3937E+13  6.8039E+14  1.2337E-01
  1.0704E+03  8.2981E+13  8.3971E+13  6.8063E+14  1.2337E-01
  1.0708E+03  8.3015E+13  8.4005E+13  6.8086E+14  1.2338E-01
  1.0711E+03  8.3049E+13  8.4039E+13  6.8109E+14  1.2339E-01
  1.0715E+03  8.3083E+13  8.4073E+13  6.8133E+14  1.2340E-01
  1.0719E+03  8.3117E+13  8.4107E+13  6.8156E+14  1.2340E-01
  1.0723E+03  8.3151E+13  8.4141E+13  6.8179E+14  1.2341E-01
  1.0726E+03  8.3185E+13  8.4175E+13  6.8203E+14  1.2342E-01
  1.0730E+03  8.3219E+13  8.4209E+13  6.8226E+14  1.2343E-01
  1.0734E+03  8.3253E+13  8.4243E+13  6.8249E+14  1.2343E-01
  1.0738E+03  8.3287E+13  8.4277E+13  6.8273E+14  1.2344E-01
  1.0741E+03  8.3321E+13  8.4311E+13  6.8296E+14  1.2345E-01
  1.0745E+03  8.3355E+13  8.4345E+13  6.8319E+14  1.2346E-01
  1.0749E+03  8.3389E+13  8.4379E+13  6.8343E+14  1.2347E-01
  1.0753E+03  8.3423E+13  8.4413E+13  6.8366E+14  1.2347E-01
  1.0756E+03  8.3457E+13  8.4447E+13  6.8389E+14  1.2348E-01
  1.0760E+03  8.3491E+13  8.4481E+13  6.8412E+14  1.2349E-01
  1.0764E+03  8.3525E+13  8.4515E+13  6.8436E+14  1.2350E-01
  1.0768E+03  8.3559E+13  8.4549E+13  6.8459E+14  1.2350E-01
  1.0771E+03  8.3593E+13  8.4583E+13  6.8482E+14  1.2351E-01
  1.0775E+03  8.3627E+13  8.4617E+13  6.8506E+14  1.2352E-01
  1.0779E+03  8.3661E+13  8.4651E+13  6.8529E+14  1.2353E-01
  1.0783E+03  8.3695E+13  8.4685E+13  6.8552E+14  1.2353E-01
  1.0786E+03  8.3729E+13  8.4719E+13  6.8575E+14  1.2354E-01
  1.0790E+03  8.3763E+13  8.4753E+13  6.8599E+14  1.2355E-01
  1.0794E+03  8.3797E+13  8.4788E+13  6.8622E+14  1.2356E-01
  1.0798E+03  8.3831E+13  8.4822E+13  6.8645E+14  1.2356E-01
  1.0801E+03  8.3865E+13  8.4856E+13  6.8669E+14  1.2357E-01
  1.0805E+03  8.3899E+13  8.4890E+13  6.8692E+14  1.2358E-01
  1.0809E+03  8.3933E+13  8.4924E+13  6.8715E+14  1.2359E-01
  1.0813E+03  8.3967E+13  8.4958E+13  6.8738E+14  1.2360E-01
  1.0816E+03  8.4001E+13  8.4992E+13  6.8762E+14  1.2360E-01
  1.0820E+03  8.4035E+13  8.5026E+13  6.8785E+14  1.2361E-01
  1.0824E+03  8.4069E+13  8.5060E+13  6.8808E+14  1.2362E-01
  1.0828E+03  8.4103E+13  8.5094E+13  6.8831E+14  1.2363E-01
  1.0831E+03  8.4137E+13  8.5128E+13  6.8855E+14  1.2363E-01
  1.0835E+03  8.4171E+13  8.5162E+13  6.8878E+14  1.2364E-01
  1.0839E+03  8.4205E+13  8.5196E+13  6.8901E+14  1.2365E-01
  1.0843E+03  8.4239E+13  8.5230E+13  6.8924E+14  1.2366E-01
  1.0846E+03  8.4273E+13  8.5264E+13  6.8947E+14  1.2366E-01
  1.0850E+03  8.4307E+13  8.5298E+13  6.8971E+14  1.2367E-01
  1.0854E+03  8.4341E+13  8.5332E+13  6.8994E+14  1.2368E-01
  1.0858E+03  8.4375E+13  8.5366E+13  6.9017E+14  1.2369E-01
  1.0861E+03  8.4409E+13  8.5400E+13  6.9040E+14  1.2370E-01
  1.0865E+03  8.4443E+13  8.5434E+13  6.9064E+14  1.2370E-01
  1.0869E+03  8.4477E+13  8.5468E+13  6.9087E+14  1.2371E-01
  1.0873E+03  8.4511E+13  8.5502E+13  6.9110E+14  1.2372E-01
  1.0876E+03  8.4545E+13  8.5536E+13  6.9133E+14  1.2373E-01
  1.0880E+03  8.4579E+13  8.5570E+13  6.9156E+14  1.2373E-01
  1.0884E+03  8.4613E+13  8.5604E+13  6.9180E+14  1.2374E-01
  1.0888E+03  8.4647E+13  8.5638E+13  6.9203E+14  1.2375E-01
  1.0891E+03  8.4681E+13  8.5672E+13  6.9226E+14  1.2376E-01
  1.0895E+03  8.4715E+13  8.5706E+13  6.9249E+14  1.2376E-01
  1.0899E+03  8.4749E+13  8.5740E+13  6.9272E+14  1.2377E-01
  1.0903E+03  8.4783E+13  8.5774E+13  6.9296E+14  1.2378E-01
  1.0906E+03  8.4817E+13  8.5808E+13  6.9319E+14  1.2379E-01
  1.0910E+03  8.4851E+13  8.5841E+13  6.9342E+14  1.2379E-01
  1.0914E+03  8.4885E+13  8.5875E+13  6.9365E+14  1.2380E-01
  1.0918E+03  8.4919E+13  8.5909E+13  6.9388E+14  1.2381E-01
  1.0921E+03  8.4953E+13  8.5943E+13  6.9411E+14  1.2382E-01
  1.0925E+03  8.4987E+13  8.5977E+13  6.9435E+14  1.2383E-01
  1.0929E+03  8.5021E+13  8.6011E+13  6.9458E+14  1.2383E-01
  1.0933E+03  8.5054E+13  8.6045E+13  6.9481E+14  1.2384E-01
  1.0936E+03  8.5088E+13  8.6079E+13  6.9504E+14  1.2385E-01
  1.0940E+03  8.5122E+13  8.6113E+13  6.9527E+14  1.2386E-01
  1.0944E+03  8.5156E+13  8.6147E+13  6.9550E+14  1.2386E-01
  1.0948E+03  8.5190E+13  8.6181E+13  6.9574E+14  1.2387E-01
  1.0951E+03  8.5224E+13  8.6215E+13  6.9597E+14  1.2388E-01
  1.0955E+03  8.5258E+13  8.6249E+13  6.9620E+14  1.2389E-01
  1.0959E+03  8.5292E+13  8.6283E+13  6.9643E+14  1.2389E-01
  1.0963E+03  8.5326E+13  8.6317E+13  6.9666E+14  1.2390E-01
  1.0966E+03  8.5360E+13  8.6351E+13  6.9689E+14  1.2391E-01
  1.0970E+03  8.5394E+13  8.6385E+13  6.9712E+14  1.2392E-01
  1.0974E+03  8.5428E+13  8.6419E+13  6.9735E+14  1.2392E-01
  1.0978E+03  8.5462E+13  8.6453E+13  6.9759E+14  1.2393E-01
  1.0981E+03  8.5496E+13  8.6487E+13  6.9782E+14  1.2394E-01
  1.0985E+03  8.5530E+13  8.6521E+13  6.9805E+14  1.2395E-01
  1.0989E+03  8.5564E+13  8.6555E+13  6.9828E+14  1.2396E-01
  1.0993E+03  8.5598E+13  8.6589E+13  6.9851E+14  1.2396E-01
  1.0996E+03  8.5632E+13  8.6623E+13  6.9874E+14  1.2397E-01
  1.1000E+03  8.5666E+13  8.6657E+13  6.9897E+14  1.2398E-01
  1.1004E+03  8.5700E+13  8.6691E+13  6.9920E+14  1.2399E-01
  1.1008E+03  8.5734E+13  8.6725E+13  6.9944E+14  1.2399E-01
  1.1011E+03  8.5768E+13  8.6759E+13  6.9967E+14  1.2400E-01
  1.1015E+03  8.5802E+13  8.6793E+13  6.9990E+14  1.2401E-01
  1.1019E+03  8.5836E+13  8.6827E+13  7.0013E+14  1.2402E-01
  1.1023E+03  8.5870E+13  8.6861E+13  7.0036E+14  1.2402E-01
  1.1026E+03  8.5904E+13  8.6895E+13  7.0059E+14  1.2403E-01
  1.1030E+03  8.5938E+13  8.6929E+13  7.0082E+14  1.2404E-01
  1.1034E+03  8.5972E+13  8.6963E+13  7.0105E+14  1.2405E-01
  1.1038E+03  8.6006E+13  8.6997E+13  7.0128E+14  1.2405E-01
  1.1041E+03  8.6040E+13  8.7031E+13  7.0151E+14  1.2406E-01
  1.1045E+03  8.6074E+13  8.7065E+13  7.0174E+14  1.2407E-01
  1.1049E+03  8.6108E+13  8.7099E+13  7.0197E+14  1.2408E-01
  1.1053E+03  8.6142E+13  8.7133E+13  7.0221E+14  1.2408E-01
  1.1056E+03  8.6176E+13  8.7167E+13  7.0244E+14  1.2409E-01
  1.1060E+03  8.6210E+13  8.7201E+13  7.0267E+14  1.2410E-01
  1.1064E+03  8.6244E+13  8.7235E+13  7.0290E+14  1.2411E-01
  1.1068E+03  8.6278E+13  8.7269E+13  7.0313E+14  1.2412E-01
  1.1071E+03  8.6312E+13  8.7303E+13  7.0336E+14  1.2412E-01
  1.1075E+03  8.6346E+13  8.7337E+13  7.0359E+14  1.2413E-01
  1.1079E+03  8.6380E+13  8.7371E+13  7.0382E+14  1.2414E-01
  1.1083E+03  8.6414E+13  8.7405E+13  7.0405E+14  1.2415E-01
  1.1086E+03  8.6448E+13  8.7439E+13  7.0428E+14  1.2415E-01
  1.1090E+03  8.6482E+13  8.7473E+13  7.0451E+14  1.2416E-01
  1.1094E+03  8.6516E+13  8.7507E+13  7.0474E+14  1.2417E-01
  1.1098E+03  8.6550E+13  8.7541E+13  7.0497E+14  1.2418E-01
  1.1101E+03  8.6584E+13  8.7575E+13  7.0520E+14  1.2418E-01
  1.1105E+03  8.6618E+13  8.7609E+13  7.0543E+14  1.2419E-01
  1.1109E+03  8.6652E+13  8.7643E+13  7.0566E+14  1.2420E-01
  1.1113E+03  8.6686E+13  8.7677E+13  7.0589E+14  1.2421E-01
  1.1116E+03  8.6720E+13  8.7711E+13  7.0612E+14  1.2421E-01
  1.1120E+03  8.6754E+13  8.7745E+13  7.0635E+14  1.2422E-01
  1.1124E+03  8.6788E+13  8.7779E+13  7.0658E+14  1.2423E-01
  1.1128E+03  8.6822E+13  8.7813E+13  7.0681E+14  1.2424E-01
  1.1131E+03  8.6856E+13  8.7847E+13  7.0704E+14  1.2425E-01
  1.1135E+03  8.6890E+13  8.7881E+13  7.0727E+14  1.2425E-01
  1.1139E+03  8.6924E+13  8.7915E+13  7.0750E+14  1.2426E-01
  1.1143E+03  8.6957E+13  8.7949E+13  7.0773E+14  1.2427E-01
  1.1146E+03  8.6991E+13  8.7983E+13  7.0796E+14  1.2428E-01
  1.1150E+03  8.7025E+13  8.8017E+13  7.0819E+14  1.2428E-01
  1.1154E+03  8.7059E+13  8.8051E+13  7.0842E+14  1.2429E-01
  1.1158E+03  8.7093E+13  8.8085E+13  7.0865E+14  1.2430E-01
  1.1161E+03  8.7127E+13  8.8119E+13  7.0888E+14  1.2431E-01
  1.1165E+03  8.7161E+13  8.8152E+13  7.0911E+14  1.2431E-01
  1.1169E+03  8.7195E+13  8.8186E+13  7.0934E+14  1.2432E-01
  1.1173E+03  8.7229E+13  8.8220E+13  7.0957E+14  1.2433E-01
  1.1176E+03  8.7263E+13  8.8254E+13  7.0980E+14  1.2434E-01
  1.1180E+03  8.7297E+13  8.8288E+13  7.1003E+14  1.2434E-01
  1.1184E+03  8.7331E+13  8.8322E+13  7.1026E+14  1.2435E-01
  1.1188E+03  8.7365E+13  8.8356E+13  7.1049E+14  1.2436E-01
  1.1191E+03  8.7399E+13  8.8390E+13  7.1072E+14  1.2437E-01
  1.1195E+03  8.7433E+13  8.8424E+13  7.1095E+14  1.2438E-01
  1.1199E+03  8.7467E+13  8.8458E+13  7.1118E+14  1.2438E-01
  1.1203E+03  8.7501E+13  8.8492E+13  7.1141E+14  1.2439E-01
  1.1206E+03  8.7535E+13  8.8526E+13  7.1164E+14  1.2440E-01
  1.1210E+03  8.7569E+13  8.8560E+13  7.1187E+14  1.2441E-01
  1.1214E+03  8.7603E+13  8.8594E+13  7.1210E+14  1.2441E-01
  1.1218E+03  8.7637E+13  8.8628E+13  7.1233E+14  1.2442E-01
  1.1221E+03  8.7671E+13  8.8662E+13  7.1255E+14  1.2443E-01
  1.1225E+03  8.7705E+13  8.8696E+13  7.1278E+14  1.2444E-01
  1.1229E+03  8.7739E+13  8.8730E+13  7.1301E+14  1.2444E-01
  1.1233E+03  8.7773E+13  8.8764E+13  7.1324E+14  1.2445E-01
  1.1236E+03  8.7807E+13  8.8798E+13  7.1347E+14  1.2446E-01
  1.1240E+03  8.7841E+13  8.8832E+13  7.1370E+14  1.2447E-01
  1.1244E+03  8.7875E+13  8.8866E+13  7.1393E+14  1.2447E-01
  1.1248E+03  8.7909E+13  8.8900E+13  7.1416E+14  1.2448E-01
  1.1251E+03  8.7943E+13  8.8934E+13  7.1439E+14  1.2449E-01
  1.1255E+03  8.7977E+13  8.8968E+13  7.1462E+14  1.2450E-01
  1.1259E+03  8.8011E+13  8.9002E+13  7.1485E+14  1.2450E-01
  1.1263E+03  8.8045E+13  8.9036E+13  7.1508E+14  1.2451E-01
  1.1266E+03  8.8079E+13  8.9070E+13  7.1530E+14  1.2452E-01
  1.1270E+03  8.8112E+13  8.9104E+13  7.1553E+14  1.2453E-01
  1.1274E+03  8.8146E+13  8.9138E+13  7.1576E+14  1.2454E-01
  1.1278E+03  8.8180E+13  8.9172E+13  7.1599E+14  1.2454E-01
  1.1281E+03  8.8214E+13  8.9206E+13  7.1622E+14  1.2455E-01
  1.1285E+03  8.8248E+13  8.9240E+13  7.1645E+14  1.2456E-01
  1.1289E+03  8.8282E+13  8.9274E+13  7.1668E+14  1.2457E-01
  1.1293E+03  8.8316E+13  8.9308E+13  7.1691E+14  1.2457E-01
  1.1296E+03  8.8350E+13  8.9341E+13  7.1714E+14  1.2458E-01
  1.1300E+03  8.8384E+13  8.9375E+13  7.1736E+14  1.2459E-01
  1.1304E+03  8.8418E+13  8.9409E+13  7.1759E+14  1.2460E-01
  1.1308E+03  8.8452E+13  8.9443E+13  7.1782E+14  1.2460E-01
  1.1311E+03  8.8486E+13  8.9477E+13  7.1805E+14  1.2461E-01
  1.1315E+03  8.8520E+13  8.9511E+13  7.1828E+14  1.2462E-01
  1.1319E+03  8.8554E+13  8.9545E+13  7.1851E+14  1.2463E-01
  1.1323E+03  8.8588E+13  8.9579E+13  7.1874E+14  1.2463E-01
  1.1326E+03  8.8622E+13  8.9613E+13  7.1897E+14  1.2464E-01
  1.1330E+03  8.8656E+13  8.9647E+13  7.1919E+14  1.2465E-01
  1.1334E+03  8.8690E+13  8.9681E+13  7.1942E+14  1.2466E-01
  1.1338E+03  8.8724E+13  8.9715E+13  7.1965E+14  1.2466E-01
  1.1341E+03  8.8758E+13  8.9749E+13  7.1988E+14  1.2467E-01
  1.1345E+03  8.8792E+13  8.9783E+13  7.2011E+14  1.2468E-01
  1.1349E+03  8.8826E+13  8.9817E+13  7.2034E+14  1.2469E-01
  1.1353E+03  8.8860E+13  8.9851E+13  7.2056E+14  1.2470E-01
  1.1356E+03  8.8894E+13  8.9885E+13  7.2079E+14  1.2470E-01
  1.1360E+03  8.8928E+13  8.9919E+13  7.2102E+14  1.2471E-01
  1.1364E+03  8.8962E+13  8.9953E+13  7.2125E+14  1.2472E-01
  1.1368E+03  8.8996E+13  8.9987E+13  7.2148E+14  1.2473E-01
  1.1371E+03  8.9029E+13  9.0021E+13  7.2171E+14  1.2473E-01
  1.1375E+03  8.9063E+13  9.0055E+13  7.2193E+14  1.2474E-01
  1.1379E+03  8.9097E+13  9.0089E+13  7.2216E+14  1.2475E-01
  1.1383E+03  8.9131E+13  9.0123E+13  7.2239E+14  1.2476E-01
  1.1386E+03  8.9165E+13  9.0157E+13  7.2262E+14  1.2476E-01
  1.1390E+03  8.9199E+13  9.0191E+13  7.2285E+14  1.2477E-01
  1.1394E+03  8.9233E+13  9.0225E+13  7.2307E+14  1.2478E-01
  1.1398E+03  8.9267E+13  9.0259E+13  7.2330E+14  1.2479E-01
  1.1401E+03  8.9301E+13  9.0292E+13  7.2353E+14  1.2479E-01
  1.1405E+03  8.9335E+13  9.0326E+13  7.2376E+14  1.2480E-01
  1.1409E+03  8.9369E+13  9.0360E+13  7.2399E+14  1.2481E-01
  1.1413E+03  8.9403E+13  9.0394E+13  7.2421E+14  1.2482E-01
  1.1416E+03  8.9437E+13  9.0428E+13  7.2444E+14  1.2482E-01
  1.1420E+03  8.9471E+13  9.0462E+13  7.2467E+14  1.2483E-01
  1.1424E+03  8.9505E+13  9.0496E+13  7.2490E+14  1.2484E-01
  1.1428E+03  8.9539E+13  9.0530E+13  7.2512E+14  1.2485E-01
  1.1431E+03  8.9573E+13  9.0564E+13  7.2535E+14  1.2486E-01
  1.1435E+03  8.9607E+13  9.0598E+13  7.2558E+14  1.2486E-01
  1.1439E+03  8.9641E+13  9.0632E+13  7.2581E+14  1.2487E-01
  1.1443E+03  8.9675E+13  9.0666E+13  7.2604E+14  1.2488E-01
  1.1446E+03  8.9709E+13  9.0700E+13  7.2626E+14  1.2489E-01
  1.1450E+03  8.9743E+13  9.0734E+13  7.2649E+14  1.2489E-01
  1.1454E+03  8.9777E+13  9.0768E+13  7.2672E+14  1.2490E-01
  1.1458E+03  8.9810E+13  9.0802E+13  7.2695E+14  1.2491E-01
  1.1461E+03  8.9844E+13  9.0836E+13  7.2717E+14  1.2492E-01
  1.1465E+03  8.9878E+13  9.0870E+13  7.2740E+14  1.2492E-01
  1.1469E+03  8.9912E+13  9.0904E+13  7.2763E+14  1.2493E-01
  1.1473E+03  8.9946E+13  9.0938E+13  7.2786E+14  1.2494E-01
  1.1476E+03  8.9980E+13  9.0972E+13  7.2808E+14  1.2495E-01
  1.1480E+03  9.0014E+13  9.1006E+13  7.2831E+14  1.2495E-01
  1.1484E+03  9.0048E+13  9.1040E+13  7.2854E+14  1.2496E-01
  1.1488E+03  9.0082E+13  9.1073E+13  7.2877E+14  1.2497E-01
  1.1491E+03  9.0116E+13  9.1107E+13  7.2899E+14  1.2498E-01
  1.1495E+03  9.0150E+13  9.1141E+13  7.2922E+14  1.2498E-01
  1.1499E+03  9.0184E+13  9.1175E+13  7.2945E+14  1.2499E-01
  1.1503E+03  9.0218E+13  9.1209E+13  7.2967E+14  1.2500E-01
  1.1506E+03  9.0252E+13  9.1243E+13  7.2990E+14  1.2501E-01
  1.1510E+03  9.0286E+13  9.1277E+13  7.3013E+14  1.2502E-01
  1.1514E+03  9.0320E+13  9.1311E+13  7.3036E+14  1.2502E-01
  1.1518E+03  9.0354E+13  9.1345E+13  7.3058E+14  1.2503E-01
  1.1521E+03  9.0388E+13  9.1379E+13  7.3081E+14  1.2504E-01
  1.1525E+03  9.0422E+13  9.1413E+13  7.3104E+14  1.2505E-01
  1.1529E+03  9.0456E+13  9.1447E+13  7.3126E+14  1.2505E-01
  1.1533E+03  9.0490E+13  9.1481E+13  7.3149E+14  1.2506E-01
  1.1536E+03  9.0523E+13  9.1515E+13  7.3172E+14  1.2507E-01
  1.1540E+03  9.0557E+13  9.1549E+13  7.3194E+14  1.2508E-01
  1.1544E+03  9.0591E+13  9.1583E+13  7.3217E+14  1.2508E-01
  1.1548E+03  9.0625E+13  9.1617E+13  7.3240E+14  1.2509E-01
  1.1551E+03  9.0659E+13  9.1651E+13  7.3263E+14  1.2510E-01
  1.1555E+03  9.0693E+13  9.1685E+13  7.3285E+14  1.2511E-01
  1.1559E+03  9.0727E+13  9.1719E+13  7.3308E+14  1.2511E-01
  1.1563E+03  9.0761E+13  9.1753E+13  7.3331E+14  1.2512E-01
  1.1566E+03  9.0795E+13  9.1787E+13  7.3353E+14  1.2513E-01
  1.1570E+03  9.0829E+13  9.1820E+13  7.3376E+14  1.2514E-01
  1.1574E+03  9.0863E+13  9.1854E+13  7.3399E+14  1.2514E-01
  1.1578E+03  9.0897E+13  9.1888E+13  7.3421E+14  1.2515E-01
  1.1581E+03  9.0931E+13  9.1922E+13  7.3444E+14  1.2516E-01
  1.1585E+03  9.0965E+13  9.1956E+13  7.3467E+14  1.2517E-01
  1.1589E+03  9.0999E+13  9.1990E+13  7.3489E+14  1.2518E-01
  1.1593E+03  9.1033E+13  9.2024E+13  7.3512E+14  1.2518E-01
  1.1596E+03  9.1067E+13  9.2058E+13  7.3534E+14  1.2519E-01
  1.1600E+03  9.1101E+13  9.2092E+13  7.3557E+14  1.2520E-01
  1.1604E+03  9.1135E+13  9.2126E+13  7.3580E+14  1.2521E-01
  1.1608E+03  9.1168E+13  9.2160E+13  7.3602E+14  1.2521E-01
  1.1611E+03  9.1202E+13  9.2194E+13  7.3625E+14  1.2522E-01
  1.1615E+03  9.1236E+13  9.2228E+13  7.3648E+14  1.2523E-01
  1.1619E+03  9.1270E+13  9.2262E+13  7.3670E+14  1.2524E-01
  1.1623E+03  9.1304E+13  9.2296E+13  7.3693E+14  1.2524E-01
  1.1626E+03  9.1338E+13  9.2330E+13  7.3716E+14  1.2525E-01
  1.1630E+03  9.1372E+13  9.2364E+13  7.3738E+14  1.2526E-01
  1.1634E+03  9.1406E+13  9.2398E+13  7.3761E+14  1.2527E-01
  1.1638E+03  9.1440E+13  9.2432E+13  7.3783E+14  1.2527E-01
  1.1641E+03  9.1474E+13  9.2465E+13  7.3806E+14  1.2528E-01
  1.1645E+03  9.1508E+13  9.2499E+13  7.3829E+14  1.2529E-01
  1.1649E+03  9.1542E+13  9.2533E+13  7.3851E+14  1.2530E-01
  1.1653E+03  9.1576E+13  9.2567E+13  7.3874E+14  1.2530E-01
  1.1656E+03  9.1610E+13  9.2601E+13  7.3896E+14  1.2531E-01
  1.1660E+03  9.1644E+13  9.2635E+13  7.3919E+14  1.2532E-01
  1.1664E+03  9.1678E+13  9.2669E+13  7.3942E+14  1.2533E-01
  1.1668E+03  9.1712E+13  9.2703E+13  7.3964E+14  1.2534E-01
  1.1671E+03  9.1746E+13  9.2737E+13  7.3987E+14  1.2534E-01
  1.1675E+03  9.1779E+13  9.2771E+13  7.4009E+14  1.2535E-01
  1.1679E+03  9.1813E+13  9.2805E+13  7.4032E+14  1.2536E-01
  1.1683E+03  9.1847E+13  9.2839E+13  7.4055E+14  1.2537E-01
  1.1686E+03  9.1881E+13  9.2873E+13  7.4077E+14  1.2537E-01
  1.1690E+03  9.1915E+13  9.2907E+13  7.4100E+14  1.2538E-01
  1.1694E+03  9.1949E+13  9.2941E+13  7.4122E+14  1.2539E-01
  1.1698E+03  9.1983E+13  9.2975E+13  7.4145E+14  1.2540E-01
  1.1701E+03  9.2017E+13  9.3009E+13  7.4167E+14  1.2540E-01
  1.1705E+03  9.2051E+13  9.3043E+13  7.4190E+14  1.2541E-01
  1.1709E+03  9.2085E+13  9.3077E+13  7.4213E+14  1.2542E-01
  1.1713E+03  9.2119E+13  9.3110E+13  7.4235E+14  1.2543E-01
  1.1716E+03  9.2153E+13  9.3144E+13  7.4258E+14  1.2543E-01
  1.1720E+03  9.2187E+13  9.3178E+13  7.4280E+14  1.2544E-01
  1.1724E+03  9.2221E+13  9.3212E+13  7.4303E+14  1.2545E-01
  1.1728E+03  9.2255E+13  9.3246E+13  7.4325E+14  1.2546E-01
  1.1731E+03  9.2289E+13  9.3280E+13  7.4348E+14  1.2546E-01
  1.1735E+03  9.2323E+13  9.3314E+13  7.4370E+14  1.2547E-01
  1.1739E+03  9.2356E+13  9.3348E+13  7.4393E+14  1.2548E-01
  1.1743E+03  9.2390E+13  9.3382E+13  7.4416E+14  1.2549E-01
  1.1746E+03  9.2424E+13  9.3416E+13  7.4438E+14  1.2549E-01
  1.1750E+03  9.2458E+13  9.3450E+13  7.4461E+14  1.2550E-01
  1.1754E+03  9.2492E+13  9.3484E+13  7.4483E+14  1.2551E-01
  1.1758E+03  9.2526E+13  9.3518E+13  7.4506E+14  1.2552E-01
  1.1761E+03  9.2560E+13  9.3552E+13  7.4528E+14  1.2553E-01
  1.1765E+03  9.2594E+13  9.3586E+13  7.4551E+14  1.2553E-01
  1.1769E+03  9.2628E+13  9.3620E+13  7.4573E+14  1.2554E-01
  1.1773E+03  9.2662E+13  9.3654E+13  7.4596E+14  1.2555E-01
  1.1776E+03  9.2696E+13  9.3687E+13  7.4618E+14  1.2556E-01
  1.1780E+03  9.2730E+13  9.3721E+13  7.4641E+14  1.2556E-01
  1.1784E+03  9.2764E+13  9.3755E+13  7.4663E+14  1.2557E-01
  1.1788E+03  9.2798E+13  9.3789E+13  7.4686E+14  1.2558E-01
  1.1791E+03  9.2832E+13  9.3823E+13  7.4708E+14  1.2559E-01
  1.1795E+03  9.2866E+13  9.3857E+13  7.4731E+14  1.2559E-01
  1.1799E+03  9.2899E+13  9.3891E+13  7.4753E+14  1.2560E-01
  1.1803E+03  9.2933E+13  9.3925E+13  7.4776E+14  1.2561E-01
  1.1806E+03  9.2967E+13  9.3959E+13  7.4798E+14  1.2562E-01
  1.1810E+03  9.3001E+13  9.3993E+13  7.4821E+14  1.2562E-01
  1.1814E+03  9.3035E+13  9.4027E+13  7.4843E+14  1.2563E-01
  1.1818E+03  9.3069E+13  9.4061E+13  7.4866E+14  1.2564E-01
  1.1821E+03  9.3103E+13  9.4095E+13  7.4888E+14  1.2565E-01
  1.1825E+03  9.3137E+13  9.4129E+13  7.4911E+14  1.2565E-01
  1.1829E+03  9.3171E+13  9.4163E+13  7.4933E+14  1.2566E-01
  1.1833E+03  9.3205E+13  9.4197E+13  7.4956E+14  1.2567E-01
  1.1836E+03  9.3239E+13  9.4230E+13  7.4978E+14  1.2568E-01
  1.1840E+03  9.3273E+13  9.4264E+13  7.5001E+14  1.2569E-01
  1.1844E+03  9.3307E+13  9.4298E+13  7.5023E+14  1.2569E-01
  1.1848E+03  9.3341E+13  9.4332E+13  7.5045E+14  1.2570E-01
  1.1851E+03  9.3375E+13  9.4366E+13  7.5068E+14  1.2571E-01
  1.1855E+03  9.3409E+13  9.4400E+13  7.5090E+14  1.2572E-01
  1.1859E+03  9.3442E+13  9.4434E+13  7.5113E+14  1.2572E-01
  1.1863E+03  9.3476E+13  9.4468E+13  7.5135E+14  1.2573E-01
  1.1866E+03  9.3510E+13  9.4502E+13  7.5158E+14  1.2574E-01
  1.1870E+03  9.3544E+13  9.4536E+13  7.5180E+14  1.2575E-01
  1.1874E+03  9.3578E+13  9.4570E+13  7.5203E+14  1.2575E-01
  1.1878E+03  9.3612E+13  9.4604E+13  7.5225E+14  1.2576E-01
  1.1881E+03  9.3646E+13  9.4638E+13  7.5247E+14  1.2577E-01
  1.1885E+03  9.3680E+13  9.4672E+13  7.5270E+14  1.2578E-01
  1.1889E+03  9.3714E+13  9.4706E+13  7.5292E+14  1.2578E-01
  1.1893E+03  9.3748E+13  9.4740E+13  7.5315E+14  1.2579E-01
  1.1896E+03  9.3782E+13  9.4773E+13  7.5337E+14  1.2580E-01
  1.1900E+03  9.3816E+13  9.4807E+13  7.5360E+14  1.2581E-01
  1.1904E+03  9.3850E+13  9.4841E+13  7.5382E+14  1.2581E-01
  1.1908E+03  9.3884E+13  9.4875E+13  7.5404E+14  1.2582E-01
  1.1911E+03  9.3918E+13  9.4909E+13  7.5427E+14  1.2583E-01
  1.1915E+03  9.3951E+13  9.4943E+13  7.5449E+14  1.2584E-01
  1.1919E+03  9.3985E+13  9.4977E+13  7.5472E+14  1.2584E-01
  1.1923E+03  9.4019E+13  9.5011E+13  7.5494E+14  1.2585E-01
  1.1926E+03  9.4053E+13  9.5045E+13  7.5516E+14  1.2586E-01
  1.1930E+03  9.4087E+13  9.5079E+13  7.5539E+14  1.2587E-01
  1.1934E+03  9.4121E+13  9.5113E+13  7.5561E+14  1.2588E-01
  1.1938E+03  9.4155E+13  9.5147E+13  7.5584E+14  1.2588E-01
  1.1941E+03  9.4189E+13  9.5181E+13  7.5606E+14  1.2589E-01
  1.1945E+03  9.4223E+13  9.5215E+13  7.5628E+14  1.2590E-01
  1.1949E+03  9.4257E+13  9.5249E+13  7.5651E+14  1.2591E-01
  1.1953E+03  9.4291E+13  9.5282E+13  7.5673E+14  1.2591E-01
  1.1956E+03  9.4325E+13  9.5316E+13  7.5696E+14  1.2592E-01
  1.1960E+03  9.4359E+13  9.5350E+13  7.5718E+14  1.2593E-01
  1.1964E+03  9.4393E+13  9.5384E+13  7.5740E+14  1.2594E-01
  1.1968E+03  9.4426E+13  9.5418E+13  7.5763E+14  1.2594E-01
  1.1971E+03  9.4460E+13  9.5452E+13  7.5785E+14  1.2595E-01
  1.1975E+03  9.4494E+13  9.5486E+13  7.5807E+14  1.2596E-01
  1.1979E+03  9.4528E+13  9.5520E+13  7.5830E+14  1.2597E-01
  1.1983E+03  9.4562E+13  9.5554E+13  7.5852E+14  1.2597E-01
  1.1986E+03  9.4596E+13  9.5588E+13  7.5874E+14  1.2598E-01
  1.1990E+03  9.4630E+13  9.5622E+13  7.5897E+14  1.2599E-01
  1.1994E+03  9.4664E+13  9.5656E+13  7.5919E+14  1.2600E-01
  1.1998E+03  9.4698E+13  9.5690E+13  7.5942E+14  1.2600E-01
  1.2002E+03  9.4732E+13  9.5724E+13  7.5964E+14  1.2601E-01
  1.2005E+03  9.4766E+13  9.5758E+13  7.5986E+14  1.2602E-01
  1.2009E+03  9.4800E+13  9.5791E+13  7.6009E+14  1.2603E-01
  1.2013E+03  9.4834E+13  9.5825E+13  7.6031E+14  1.2603E-01
  1.2017E+03  9.4868E+13  9.5859E+13  7.6053E+14  1.2604E-01
  1.2020E+03  9.4901E+13  9.5893E+13  7.6076E+14  1.2605E-01
  1.2024E+03  9.4935E+13  9.5927E+13  7.6098E+14  1.2606E-01
  1.2028E+03  9.4969E+13  9.5961E+13  7.6120E+14  1.2607E-01
  1.2032E+03  9.5003E+13  9.5995E+13  7.6143E+14  1.2607E-01
  1.2035E+03  9.5037E+13  9.6029E+13  7.6165E+14  1.2608E-01
  1.2039E+03  9.5071E+13  9.6063E+13  7.6187E+14  1.2609E-01
  1.2043E+03  9.5105E+13  9.6097E+13  7.6209E+14  1.2610E-01
  1.2047E+03  9.5139E+13  9.6131E+13  7.6232E+14  1.2610E-01
  1.2050E+03  9.5173E+13  9.6165E+13  7.6254E+14  1.2611E-01
  1.2054E+03  9.5207E+13  9.6199E+13  7.6276E+14  1.2612E-01
  1.2058E+03  9.5241E+13  9.6233E+13  7.6299E+14  1.2613E-01
  1.2062E+03  9.5275E+13  9.6267E+13  7.6321E+14  1.2613E-01
  1.2065E+03  9.5309E+13  9.6300E+13  7.6343E+14  1.2614E-01
  1.2069E+03  9.5343E+13  9.6334E+13  7.6366E+14  1.2615E-01
  1.2073E+03  9.5376E+13  9.6368E+13  7.6388E+14  1.2616E-01
  1.2077E+03  9.5410E+13  9.6402E+13  7.6410E+14  1.2616E-01
  1.2080E+03  9.5444E+13  9.6436E+13  7.6432E+14  1.2617E-01
  1.2084E+03  9.5478E+13  9.6470E+13  7.6455E+14  1.2618E-01
  1.2088E+03  9.5512E+13  9.6504E+13  7.6477E+14  1.2619E-01
  1.2092E+03  9.5546E+13  9.6538E+13  7.6499E+14  1.2619E-01
  1.2095E+03  9.5580E+13  9.6572E+13  7.6522E+14  1.2620E-01
  1.2099E+03  9.5614E+13  9.6606E+13  7.6544E+14  1.2621E-01
  1.2103E+03  9.5648E+13  9.6640E+13  7.6566E+14  1.2622E-01
  1.2107E+03  9.5682E+13  9.6674E+13  7.6588E+14  1.2622E-01
  1.2110E+03  9.5716E+13  9.6708E+13  7.6611E+14  1.2623E-01
  1.2114E+03  9.5750E+13  9.6742E+13  7.6633E+14  1.2624E-01
  1.2118E+03  9.5784E+13  9.6775E+13  7.6655E+14  1.2625E-01
  1.2122E+03  9.5818E+13  9.6809E+13  7.6677E+14  1.2626E-01
  1.2125E+03  9.5851E+13  9.6843E+13  7.6700E+14  1.2626E-01
  1.2129E+03  9.5885E+13  9.6877E+13  7.6722E+14  1.2627E-01
  1.2133E+03  9.5919E+13  9.6911E+13  7.6744E+14  1.2628E-01
  1.2137E+03  9.5953E+13  9.6945E+13  7.6766E+14  1.2629E-01
  1.2140E+03  9.5987E+13  9.6979E+13  7.6789E+14  1.2629E-01
  1.2144E+03  9.6021E+13  9.7013E+13  7.6811E+14  1.2630E-01
  1.2148E+03  9.6055E+13  9.7047E+13  7.6833E+14  1.2631E-01
  1.2152E+03  9.6089E+13  9.7081E+13  7.6855E+14  1.2632E-01
  1.2155E+03  9.6123E+13  9.7115E+13  7.6878E+14  1.2632E-01
  1.2159E+03  9.6157E+13  9.7149E+13  7.6900E+14  1.2633E-01
  1.2163E+03  9.6191E+13  9.7183E+13  7.6922E+14  1.2634E-01
  1.2167E+03  9.6225E+13  9.7217E+13  7.6944E+14  1.2635E-01
  1.2170E+03  9.6259E+13  9.7250E+13  7.6966E+14  1.2635E-01
  1.2174E+03  9.6292E+13  9.7284E+13  7.6989E+14  1.2636E-01
  1.2178E+03  9.6326E+13  9.7318E+13  7.7011E+14  1.2637E-01
  1.2182E+03  9.6360E+13  9.7352E+13  7.7033E+14  1.2638E-01
  1.2185E+03  9.6394E+13  9.7386E+13  7.7055E+14  1.2638E-01
  1.2189E+03  9.6428E+13  9.7420E+13  7.7078E+14  1.2639E-01
  1.2193E+03  9.6462E+13  9.7454E+13  7.7100E+14  1.2640E-01
  1.2197E+03  9.6496E+13  9.7488E+13  7.7122E+14  1.2641E-01
  1.2200E+03  9.6530E+13  9.7522E+13  7.7144E+14  1.2642E-01
  1.2204E+03  9.6564E+13  9.7556E+13  7.7166E+14  1.2642E-01
  1.2208E+03  9.6598E+13  9.7590E+13  7.7189E+14  1.2643E-01
  1.2212E+03  9.6632E+13  9.7624E+13  7.7211E+14  1.2644E-01
  1.2215E+03  9.6666E+13  9.7658E+13  7.7233E+14  1.2645E-01
  1.2219E+03  9.6700E+13  9.7691E+13  7.7255E+14  1.2645E-01
  1.2223E+03  9.6733E+13  9.7725E+13  7.7277E+14  1.2646E-01
  1.2227E+03  9.6767E+13  9.7759E+13  7.7299E+14  1.2647E-01
  1.2230E+03  9.6801E+13  9.7793E+13  7.7322E+14  1.2648E-01
  1.2234E+03  9.6835E+13  9.7827E+13  7.7344E+14  1.2648E-01
  1.2238E+03  9.6869E+13  9.7861E+13  7.7366E+14  1.2649E-01
  1.2242E+03  9.6903E+13  9.7895E+13  7.7388E+14  1.2650E-01
  1.2245E+03  9.6937E+13  9.7929E+13  7.7410E+14  1.2651E-01
  1.2249E+03  9.6971E+13  9.7963E+13  7.7432E+14  1.2651E-01
  1.2253E+03  9.7005E+13  9.7997E+13  7.7455E+14  1.2652E-01
  1.2257E+03  9.7039E+13  9.8031E+13  7.7477E+14  1.2653E-01
  1.2260E+03  9.7073E+13  9.8065E+13  7.7499E+14  1.2654E-01
  1.2264E+03  9.7107E+13  9.8099E+13  7.7521E+14  1.2654E-01
  1.2268E+03  9.7141E+13  9.8132E+13  7.7543E+14  1.2655E-01
  1.2272E+03  9.7174E+13  9.8166E+13  7.7565E+14  1.2656E-01
  1.2275E+03  9.7208E+13  9.8200E+13  7.7588E+14  1.2657E-01
  1.2279E+03  9.7242E+13  9.8234E+13  7.7610E+14  1.2657E-01
  1.2283E+03  9.7276E+13  9.8268E+13  7.7632E+14  1.2658E-01
  1.2287E+03  9.7310E+13  9.8302E+13  7.7654E+14  1.2659E-01
  1.2290E+03  9.7344E+13  9.8336E+13  7.7676E+14  1.2660E-01
  1.2294E+03  9.7378E+13  9.8370E+13  7.7698E+14  1.2661E-01
  1.2298E+03  9.7412E+13  9.8404E+13  7.7720E+14  1.2661E-01
  1.2302E+03  9.7446E+13  9.8438E+13  7.7742E+14  1.2662E-01
  1.2305E+03  9.7480E+13  9.8472E+13  7.7765E+14  1.2663E-01
  1.2309E+03  9.7514E+13  9.8506E+13  7.7787E+14  1.2664E-01
  1.2313E+03  9.7548E+13  9.8540E+13  7.7809E+14  1.2664E-01
  1.2317E+03  9.7582E+13  9.8574E+13  7.7831E+14  1.2665E-01
  1.2320E+03  9.7615E+13  9.8607E+13  7.7853E+14  1.2666E-01
  1.2324E+03  9.7649E+13  9.8641E+13  7.7875E+14  1.2667E-01
  1.2328E+03  9.7683E+13  9.8675E+13  7.7897E+14  1.2667E-01
  1.2332E+03  9.7717E+13  9.8709E+13  7.7919E+14  1.2668E-01
  1.2335E+03  9.7751E+13  9.8743E+13  7.7941E+14  1.2669E-01
  1.2339E+03  9.7785E+13  9.8777E+13  7.7964E+14  1.2670E-01
  1.2343E+03  9.7819E+13  9.8811E+13  7.7986E+14  1.2670E-01
  1.2347E+03  9.7853E+13  9.8845E+13  7.8008E+14  1.2671E-01
  1.2350E+03  9.7887E+13  9.8879E+13  7.8030E+14  1.2672E-01
  1.2354E+03  9.7921E+13  9.8913E+13  7.8052E+14  1.2673E-01
  1.2358E+03  9.7955E+13  9.8947E+13  7.8074E+14  1.2673E-01
  1.2362E+03  9.7989E+13  9.8981E+13  7.8096E+14  1.2674E-01
  1.2365E+03  9.8022E+13  9.9014E+13  7.8118E+14  1.2675E-01
  1.2369E+03  9.8056E+13  9.9048E+13  7.8140E+14  1.2676E-01
  1.2373E+03  9.8090E+13  9.9082E+13  7.8162E+14  1.2676E-01
  1.2377E+03  9.8124E+13  9.9116E+13  7.8184E+14  1.2677E-01
  1.2380E+03  9.8158E+13  9.9150E+13  7.8206E+14  1.2678E-01
  1.2384E+03  9.8192E+13  9.9184E+13  7.8228E+14  1.2679E-01
  1.2388E+03  9.8226E+13  9.9218E+13  7.8251E+14  1.2680E-01
  1.2392E+03  9.8260E+13  9.9252E+13  7.8273E+14  1.2680E-01
  1.2395E+03  9.8294E+13  9.9286E+13  7.8295E+14  1.2681E-01
  1.2399E+03  9.8328E+13  9.9320E+13  7.8317E+14  1.2682E-01
  1.2403E+03  9.8362E+13  9.9354E+13  7.8339E+14  1.2683E-01
  1.2407E+03  9.8396E+13  9.9388E+13  7.8361E+14  1.2683E-01
  1.2410E+03  9.8430E+13  9.9422E+13  7.8383E+14  1.2684E-01
  1.2414E+03  9.8463E+13  9.9455E+13  7.8405E+14  1.2685E-01
  1.2418E+03  9.8497E+13  9.9489E+13  7.8427E+14  1.2686E-01
  1.2422E+03  9.8531E+13  9.9523E+13  7.8449E+14  1.2686E-01
  1.2425E+03  9.8565E+13  9.9557E+13  7.8471E+14  1.2687E-01
  1.2429E+03  9.8599E+13  9.9591E+13  7.8493E+14  1.2688E-01
  1.2433E+03  9.8633E+13  9.9625E+13  7.8515E+14  1.2689E-01
  1.2437E+03  9.8667E+13  9.9659E+13  7.8537E+14  1.2689E-01
  1.2440E+03  9.8701E+13  9.9693E+13  7.8559E+14  1.2690E-01
  1.2444E+03  9.8735E+13  9.9727E+13  7.8581E+14  1.2691E-01
  1.2448E+03  9.8769E+13  9.9761E+13  7.8603E+14  1.2692E-01
  1.2452E+03  9.8803E+13  9.9795E+13  7.8625E+14  1.2692E-01
  1.2455E+03  9.8837E+13  9.9829E+13  7.8647E+14  1.2693E-01
  1.2459E+03  9.8870E+13  9.9863E+13  7.8669E+14  1.2694E-01
  1.2463E+03  9.8904E+13  9.9896E+13  7.8691E+14  1.2695E-01
  1.2467E+03  9.8938E+13  9.9930E+13  7.8713E+14  1.2696E-01
  1.2470E+03  9.8972E+13  9.9964E+13  7.8735E+14  1.2696E-01
  1.2474E+03  9.9006E+13  9.9998E+13  7.8757E+14  1.2697E-01
  1.2478E+03  9.9040E+13  1.0003E+14  7.8779E+14  1.2698E-01
  1.2482E+03  9.9074E+13  1.0007E+14  7.8801E+14  1.2699E-01
  1.2485E+03  9.9108E+13  1.0010E+14  7.8823E+14  1.2699E-01
  1.2489E+03  9.9142E+13  1.0013E+14  7.8845E+14  1.2700E-01
  1.2493E+03  9.9176E+13  1.0017E+14  7.8867E+14  1.2701E-01
  1.2497E+03  9.9210E+13  1.0020E+14  7.8889E+14  1.2702E-01
  1.2500E+03  9.9244E+13  1.0024E+14  7.8911E+14  1.2702E-01
  1.2504E+03  9.9277E+13  1.0027E+14  7.8933E+14  1.2703E-01
  1.2508E+03  9.9311E+13  1.0030E+14  7.8955E+14  1.2704E-01
  1.2512E+03  9.9345E+13  1.0034E+14  7.8977E+14  1.2705E-01
  1.2515E+03  9.9379E+13  1.0037E+14  7.8999E+14  1.2705E-01
  1.2519E+03  9.9413E+13  1.0041E+14  7.9021E+14  1.2706E-01
  1.2523E+03  9.9447E+13  1.0044E+14  7.9043E+14  1.2707E-01
  1.2527E+03  9.9481E+13  1.0047E+14  7.9065E+14  1.2708E-01
  1.2530E+03  9.9515E+13  1.0051E+14  7.9087E+14  1.2708E-01
  1.2534E+03  9.9549E+13  1.0054E+14  7.9109E+14  1.2709E-01
  1.2538E+03  9.9583E+13  1.0057E+14  7.9131E+14  1.2710E-01
  1.2542E+03  9.9617E+13  1.0061E+14  7.9153E+14  1.2711E-01
  1.2545E+03  9.9651E+13  1.0064E+14  7.9175E+14  1.2711E-01
  1.2549E+03  9.9684E+13  1.0068E+14  7.9197E+14  1.2712E-01
  1.2553E+03  9.9718E+13  1.0071E+14  7.9219E+14  1.2713E-01
  1.2557E+03  9.9752E+13  1.0074E+14  7.9240E+14  1.2714E-01
  1.2560E+03  9.9786E+13  1.0078E+14  7.9262E+14  1.2715E-01
  1.2564E+03  9.9820E+13  1.0081E+14  7.9284E+14  1.2715E-01
  1.2568E+03  9.9854E+13  1.0085E+14  7.9306E+14  1.2716E-01
  1.2572E+03  9.9888E+13  1.0088E+14  7.9328E+14  1.2717E-01
  1.2575E+03  9.9922E+13  1.0091E+14  7.9350E+14  1.2718E-01
  1.2579E+03  9.9956E+13  1.0095E+14  7.9372E+14  1.2718E-01
  1.2583E+03  9.9990E+13  1.0098E+14  7.9394E+14  1.2719E-01
  1.2587E+03  1.0002E+14  1.0102E+14  7.9416E+14  1.2720E-01
  1.2590E+03  1.0006E+14  1.0105E+14  7.9438E+14  1.2721E-01
  1.2594E+03  1.0009E+14  1.0108E+14  7.9460E+14  1.2721E-01
  1.2598E+03  1.0013E+14  1.0112E+14  7.9482E+14  1.2722E-01
  1.2602E+03  1.0016E+14  1.0115E+14  7.9504E+14  1.2723E-01
  1.2605E+03  1.0019E+14  1.0119E+14  7.9525E+14  1.2724E-01
  1.2609E+03  1.0023E+14  1.0122E+14  7.9547E+14  1.2724E-01
  1.2613E+03  1.0026E+14  1.0125E+14  7.9569E+14  1.2725E-01
  1.2617E+03  1.0030E+14  1.0129E+14  7.9591E+14  1.2726E-01
  1.2620E+03  1.0033E+14  1.0132E+14  7.9613E+14  1.2727E-01
  1.2624E+03  1.0036E+14  1.0136E+14  7.9635E+14  1.2727E-01
  1.2628E+03  1.0040E+14  1.0139E+14  7.9657E+14  1.2728E-01
  1.2632E+03  1.0043E+14  1.0142E+14  7.9679E+14  1.2729E-01
  1.2635E+03  1.0046E+14  1.0146E+14  7.9701E+14  1.2730E-01
  1.2639E+03  1.0050E+14  1.0149E+14  7.9722E+14  1.2730E-01
  1.2643E+03  1.0053E+14  1.0152E+14  7.9744E+14  1.2731E-01
  1.2647E+03  1.0057E+14  1.0156E+14  7.9766E+14  1.2732E-01
  1.2650E+03  1.0060E+14  1.0159E+14  7.9788E+14  1.2733E-01
  1.2654E+03  1.0063E+14  1.0163E+14  7.9810E+14  1.2734E-01
  1.2658E+03  1.0067E+14  1.0166E+14  7.9832E+14  1.2734E-01
  1.2662E+03  1.0070E+14  1.0169E+14  7.9854E+14  1.2735E-01
  1.2665E+03  1.0074E+14  1.0173E+14  7.9876E+14  1.2736E-01
  1.2669E+03  1.0077E+14  1.0176E+14  7.9897E+14  1.2737E-01
  1.2673E+03  1.0080E+14  1.0180E+14  7.9919E+14  1.2737E-01
  1.2677E+03  1.0084E+14  1.0183E+14  7.9941E+14  1.2738E-01
  1.2680E+03  1.0087E+14  1.0186E+14  7.9963E+14  1.2739E-01
  1.2684E+03  1.0091E+14  1.0190E+14  7.9985E+14  1.2740E-01
  1.2688E+03  1.0094E+14  1.0193E+14  8.0007E+14  1.2740E-01
  1.2692E+03  1.0097E+14  1.0197E+14  8.0029E+14  1.2741E-01
  1.2695E+03  1.0101E+14  1.0200E+14  8.0050E+14  1.2742E-01
  1.2699E+03  1.0104E+14  1.0203E+14  8.0072E+14  1.2743E-01
  1.2703E+03  1.0108E+14  1.0207E+14  8.0094E+14  1.2743E-01
  1.2707E+03  1.0111E+14  1.0210E+14  8.0116E+14  1.2744E-01
  1.2710E+03  1.0114E+14  1.0214E+14  8.0138E+14  1.2745E-01
  1.2714E+03  1.0118E+14  1.0217E+14  8.0160E+14  1.2746E-01
  1.2718E+03  1.0121E+14  1.0220E+14  8.0181E+14  1.2746E-01
  1.2722E+03  1.0124E+14  1.0224E+14  8.0203E+14  1.2747E-01
  1.2725E+03  1.0128E+14  1.0227E+14  8.0225E+14  1.2748E-01
  1.2729E+03  1.0131E+14  1.0230E+14  8.0247E+14  1.2749E-01
  1.2733E+03  1.0135E+14  1.0234E+14  8.0269E+14  1.2750E-01
  1.2737E+03  1.0138E+14  1.0237E+14  8.0290E+14  1.2750E-01
  1.2740E+03  1.0141E+14  1.0241E+14  8.0312E+14  1.2751E-01
  1.2744E+03  1.0145E+14  1.0244E+14  8.0334E+14  1.2752E-01
  1.2748E+03  1.0148E+14  1.0247E+14  8.0356E+14  1.2753E-01
  1.2752E+03  1.0152E+14  1.0251E+14  8.0378E+14  1.2753E-01
  1.2755E+03  1.0155E+14  1.0254E+14  8.0399E+14  1.2754E-01
  1.2759E+03  1.0158E+14  1.0258E+14  8.0421E+14  1.2755E-01
  1.2763E+03  1.0162E+14  1.0261E+14  8.0443E+14  1.2756E-01
  1.2767E+03  1.0165E+14  1.0264E+14  8.0465E+14  1.2756E-01
  1.2770E+03  1.0169E+14  1.0268E+14  8.0487E+14  1.2757E-01
  1.2774E+03  1.0172E+14  1.0271E+14  8.0508E+14  1.2758E-01
  1.2778E+03  1.0175E+14  1.0275E+14  8.0530E+14  1.2759E-01
  1.2782E+03  1.0179E+14  1.0278E+14  8.0552E+14  1.2759E-01
  1.2785E+03  1.0182E+14  1.0281E+14  8.0574E+14  1.2760E-01
  1.2789E+03  1.0186E+14  1.0285E+14  8.0596E+14  1.2761E-01
  1.2793E+03  1.0189E+14  1.0288E+14  8.0617E+14  1.2762E-01
  1.2797E+03  1.0192E+14  1.0292E+14  8.0639E+14  1.2762E-01
  1.2800E+03  1.0196E+14  1.0295E+14  8.0661E+14  1.2763E-01
  1.2804E+03  1.0199E+14  1.0298E+14  8.0683E+14  1.2764E-01
  1.2808E+03  1.0202E+14  1.0302E+14  8.0704E+14  1.2765E-01
  1.2812E+03  1.0206E+14  1.0305E+14  8.0726E+14  1.2766E-01
  1.2815E+03  1.0209E+14  1.0308E+14  8.0748E+14  1.2766E-01
  1.2819E+03  1.0213E+14  1.0312E+14  8.0770E+14  1.2767E-01
  1.2823E+03  1.0216E+14  1.0315E+14  8.0791E+14  1.2768E-01
  1.2827E+03  1.0219E+14  1.0319E+14  8.0813E+14  1.2769E-01
  1.2830E+03  1.0223E+14  1.0322E+14  8.0835E+14  1.2769E-01
  1.2834E+03  1.0226E+14  1.0325E+14  8.0857E+14  1.2770E-01
  1.2838E+03  1.0230E+14  1.0329E+14  8.0878E+14  1.2771E-01
  1.2842E+03  1.0233E+14  1.0332E+14  8.0900E+14  1.2772E-01
  1.2845E+03  1.0236E+14  1.0336E+14  8.0922E+14  1.2772E-01
  1.2849E+03  1.0240E+14  1.0339E+14  8.0944E+14  1.2773E-01
  1.2853E+03  1.0243E+14  1.0342E+14  8.0965E+14  1.2774E-01
  1.2857E+03  1.0247E+14  1.0346E+14  8.0987E+14  1.2775E-01
  1.2860E+03  1.0250E+14  1.0349E+14  8.1009E+14  1.2775E-01
  1.2864E+03  1.0253E+14  1.0353E+14  8.1030E+14  1.2776E-01
  1.2868E+03  1.0257E+14  1.0356E+14  8.1052E+14  1.2777E-01
  1.2872E+03  1.0260E+14  1.0359E+14  8.1074E+14  1.2778E-01
  1.2875E+03  1.0264E+14  1.0363E+14  8.1096E+14  1.2778E-01
  1.2879E+03  1.0267E+14  1.0366E+14  8.1117E+14  1.2779E-01
  1.2883E+03  1.0270E+14  1.0370E+14  8.1139E+14  1.2780E-01
  1.2887E+03  1.0274E+14  1.0373E+14  8.1161E+14  1.2781E-01
  1.2890E+03  1.0277E+14  1.0376E+14  8.1182E+14  1.2781E-01
  1.2894E+03  1.0280E+14  1.0380E+14  8.1204E+14  1.2782E-01
  1.2898E+03  1.0284E+14  1.0383E+14  8.1226E+14  1.2783E-01
  1.2902E+03  1.0287E+14  1.0387E+14  8.1248E+14  1.2784E-01
  1.2905E+03  1.0291E+14  1.0390E+14  8.1269E+14  1.2785E-01
  1.2909E+03  1.0294E+14  1.0393E+14  8.1291E+14  1.2785E-01
  1.2913E+03  1.0297E+14  1.0397E+14  8.1313E+14  1.2786E-01
  1.2917E+03  1.0301E+14  1.0400E+14  8.1334E+14  1.2787E-01
  1.2920E+03  1.0304E+14  1.0403E+14  8.1356E+14  1.2788E-01
  1.2924E+03  1.0308E+14  1.0407E+14  8.1378E+14  1.2788E-01
  1.2928E+03  1.0311E+14  1.0410E+14  8.1399E+14  1.2789E-01
  1.2932E+03  1.0314E+14  1.0414E+14  8.1421E+14  1.2790E-01
  1.2935E+03  1.0318E+14  1.0417E+14  8.1443E+14  1.2791E-01
  1.2939E+03  1.0321E+14  1.0420E+14  8.1464E+14  1.2791E-01
  1.2943E+03  1.0325E+14  1.0424E+14  8.1486E+14  1.2792E-01
  1.2947E+03  1.0328E+14  1.0427E+14  8.1508E+14  1.2793E-01
  1.2950E+03  1.0331E+14  1.0431E+14  8.1529E+14  1.2794E-01
  1.2954E+03  1.0335E+14  1.0434E+14  8.1551E+14  1.2794E-01
  1.2958E+03  1.0338E+14  1.0437E+14  8.1573E+14  1.2795E-01
  1.2962E+03  1.0342E+14  1.0441E+14  8.1594E+14  1.2796E-01
  1.2965E+03  1.0345E+14  1.0444E+14  8.1616E+14  1.2797E-01
  1.2969E+03  1.0348E+14  1.0448E+14  8.1638E+14  1.2797E-01
  1.2973E+03  1.0352E+14  1.0451E+14  8.1659E+14  1.2798E-01
  1.2977E+03  1.0355E+14  1.0454E+14  8.1681E+14  1.2799E-01
  1.2980E+03  1.0358E+14  1.0458E+14  8.1702E+14  1.2800E-01
  1.2984E+03  1.0362E+14  1.0461E+14  8.1724E+14  1.2801E-01
  1.2988E+03  1.0365E+14  1.0465E+14  8.1746E+14  1.2801E-01
  1.2992E+03  1.0369E+14  1.0468E+14  8.1767E+14  1.2802E-01
  1.2995E+03  1.0372E+14  1.0471E+14  8.1789E+14  1.2803E-01
  1.2999E+03  1.0375E+14  1.0475E+14  8.1811E+14  1.2804E-01
  1.3003E+03  1.0379E+14  1.0478E+14  8.1832E+14  1.2804E-01
  1.3007E+03  1.0382E+14  1.0481E+14  8.1854E+14  1.2805E-01
  1.3010E+03  1.0386E+14  1.0485E+14  8.1876E+14  1.2806E-01
  1.3014E+03  1.0389E+14  1.0488E+14  8.1897E+14  1.2807E-01
  1.3018E+03  1.0392E+14  1.0492E+14  8.1919E+14  1.2807E-01
  1.3022E+03  1.0396E+14  1.0495E+14  8.1940E+14  1.2808E-01
  1.3025E+03  1.0399E+14  1.0498E+14  8.1962E+14  1.2809E-01
  1.3029E+03  1.0403E+14  1.0502E+14  8.1984E+14  1.2810E-01
  1.3033E+03  1.0406E+14  1.0505E+14  8.2005E+14  1.2810E-01
  1.3037E+03  1.0409E+14  1.0509E+14  8.2027E+14  1.2811E-01
  1.3040E+03  1.0413E+14  1.0512E+14  8.2048E+14  1.2812E-01
  1.3044E+03  1.0416E+14  1.0515E+14  8.2070E+14  1.2813E-01
  1.3048E+03  1.0420E+14  1.0519E+14  8.2092E+14  1.2813E-01
  1.3052E+03  1.0423E+14  1.0522E+14  8.2113E+14  1.2814E-01
  1.3055E+03  1.0426E+14  1.0526E+14  8.2135E+14  1.2815E-01
  1.3059E+03  1.0430E+14  1.0529E+14  8.2156E+14  1.2816E-01
  1.3063E+03  1.0433E+14  1.0532E+14  8.2178E+14  1.2817E-01
  1.3067E+03  1.0437E+14  1.0536E+14  8.2199E+14  1.2817E-01
  1.3070E+03  1.0440E+14  1.0539E+14  8.2221E+14  1.2818E-01
  1.3074E+03  1.0443E+14  1.0543E+14  8.2243E+14  1.2819E-01
  1.3078E+03  1.0447E+14  1.0546E+14  8.2264E+14  1.2820E-01
  1.3082E+03  1.0450E+14  1.0549E+14  8.2286E+14  1.2820E-01
  1.3085E+03  1.0453E+14  1.0553E+14  8.2307E+14  1.2821E-01
  1.3089E+03  1.0457E+14  1.0556E+14  8.2329E+14  1.2822E-01
  1.3093E+03  1.0460E+14  1.0559E+14  8.2350E+14  1.2823E-01
  1.3097E+03  1.0464E+14  1.0563E+14  8.2372E+14  1.2823E-01
  1.3100E+03  1.0467E+14  1.0566E+14  8.2394E+14  1.2824E-01
  1.3104E+03  1.0470E+14  1.0570E+14  8.2415E+14  1.2825E-01
  1.3108E+03  1.0474E+14  1.0573E+14  8.2437E+14  1.2826E-01
  1.3112E+03  1.0477E+14  1.0576E+14  8.2458E+14  1.2826E-01
  1.3115E+03  1.0481E+14  1.0580E+14  8.2480E+14  1.2827E-01
  1.3119E+03  1.0484E+14  1.0583E+14  8.2501E+14  1.2828E-01
  1.3123E+03  1.0487E+14  1.0587E+14  8.2523E+14  1.2829E-01
  1.3127E+03  1.0491E+14  1.0590E+14  8.2544E+14  1.2829E-01
  1.3130E+03  1.0494E+14  1.0593E+14  8.2566E+14  1.2830E-01
  1.3134E+03  1.0498E+14  1.0597E+14  8.2587E+14  1.2831E-01
  1.3138E+03  1.0501E+14  1.0600E+14  8.2609E+14  1.2832E-01
  1.3142E+03  1.0504E+14  1.0604E+14  8.2631E+14  1.2833E-01
  1.3145E+03  1.0508E+14  1.0607E+14  8.2652E+14  1.2833E-01
  1.3149E+03  1.0511E+14  1.0610E+14  8.2674E+14  1.2834E-01
  1.3153E+03  1.0515E+14  1.0614E+14  8.2695E+14  1.2835E-01
  1.3157E+03  1.0518E+14  1.0617E+14  8.2717E+14  1.2836E-01
  1.3160E+03  1.0521E+14  1.0621E+14  8.2738E+14  1.2836E-01
  1.3164E+03  1.0525E+14  1.0624E+14  8.2760E+14  1.2837E-01
  1.3168E+03  1.0528E+14  1.0627E+14  8.2781E+14  1.2838E-01
  1.3172E+03  1.0531E+14  1.0631E+14  8.2803E+14  1.2839E-01
  1.3175E+03  1.0535E+14  1.0634E+14  8.2824E+14  1.2839E-01
  1.3179E+03  1.0538E+14  1.0638E+14  8.2846E+14  1.2840E-01
  1.3183E+03  1.0542E+14  1.0641E+14  8.2867E+14  1.2841E-01
  1.3187E+03  1.0545E+14  1.0644E+14  8.2889E+14  1.2842E-01
  1.3190E+03  1.0548E+14  1.0648E+14  8.2910E+14  1.2842E-01
  1.3194E+03  1.0552E+14  1.0651E+14  8.2932E+14  1.2843E-01
  1.3198E+03  1.0555E+14  1.0654E+14  8.2953E+14  1.2844E-01
  1.3202E+03  1.0559E+14  1.0658E+14  8.2975E+14  1.2845E-01
  1.3205E+03  1.0562E+14  1.0661E+14  8.2996E+14  1.2845E-01
  1.3209E+03  1.0565E+14  1.0665E+14  8.3018E+14  1.2846E-01
  1.3213E+03  1.0569E+14  1.0668E+14  8.3039E+14  1.2847E-01
  1.3217E+03  1.0572E+14  1.0671E+14  8.3061E+14  1.2848E-01
  1.3220E+03  1.0576E+14  1.0675E+14  8.3082E+14  1.2849E-01
  1.3224E+03  1.0579E+14  1.0678E+14  8.3103E+14  1.2849E-01
  1.3228E+03  1.0582E+14  1.0682E+14  8.3125E+14  1.2850E-01
  1.3232E+03  1.0586E+14  1.0685E+14  8.3146E+14  1.2851E-01
  1.3235E+03  1.0589E+14  1.0688E+14  8.3168E+14  1.2852E-01
  1.3239E+03  1.0593E+14  1.0692E+14  8.3189E+14  1.2852E-01
  1.3243E+03  1.0596E+14  1.0695E+14  8.3211E+14  1.2853E-01
  1.3247E+03  1.0599E+14  1.0699E+14  8.3232E+14  1.2854E-01
  1.3250E+03  1.0603E+14  1.0702E+14  8.3254E+14  1.2855E-01
  1.3254E+03  1.0606E+14  1.0705E+14  8.3275E+14  1.2855E-01
  1.3258E+03  1.0609E+14  1.0709E+14  8.3297E+14  1.2856E-01
  1.3262E+03  1.0613E+14  1.0712E+14  8.3318E+14  1.2857E-01
  1.3265E+03  1.0616E+14  1.0716E+14  8.3339E+14  1.2858E-01
  1.3269E+03  1.0620E+14  1.0719E+14  8.3361E+14  1.2858E-01
  1.3273E+03  1.0623E+14  1.0722E+14  8.3382E+14  1.2859E-01
  1.3277E+03  1.0626E+14  1.0726E+14  8.3404E+14  1.2860E-01
  1.3280E+03  1.0630E+14  1.0729E+14  8.3425E+14  1.2861E-01
  1.3284E+03  1.0633E+14  1.0733E+14  8.3447E+14  1.2862E-01
  1.3288E+03  1.0637E+14  1.0736E+14  8.3468E+14  1.2862E-01
  1.3292E+03  1.0640E+14  1.0739E+14  8.3490E+14  1.2863E-01
  1.3295E+03  1.0643E+14  1.0743E+14  8.3511E+14  1.2864E-01
  1.3299E+03  1.0647E+14  1.0746E+14  8.3532E+14  1.2865E-01
  1.3303E+03  1.0650E+14  1.0749E+14  8.3554E+14  1.2865E-01
  1.3307E+03  1.0654E+14  1.0753E+14  8.3575E+14  1.2866E-01
  1.3310E+03  1.0657E+14  1.0756E+14  8.3597E+14  1.2867E-01
  1.3314E+03  1.0660E+14  1.0760E+14  8.3618E+14  1.2868E-01
  1.3318E+03  1.0664E+14  1.0763E+14  8.3639E+14  1.2868E-01
  1.3322E+03  1.0667E+14  1.0766E+14  8.3661E+14  1.2869E-01
  1.3325E+03  1.0671E+14  1.0770E+14  8.3682E+14  1.2870E-01
  1.3329E+03  1.0674E+14  1.0773E+14  8.3704E+14  1.2871E-01
  1.3333E+03  1.0677E+14  1.0777E+14  8.3725E+14  1.2871E-01
  1.3337E+03  1.0681E+14  1.0780E+14  8.3746E+14  1.2872E-01
  1.3340E+03  1.0684E+14  1.0783E+14  8.3768E+14  1.2873E-01
  1.3344E+03  1.0688E+14  1.0787E+14  8.3789E+14  1.2874E-01
  1.3348E+03  1.0691E+14  1.0790E+14  8.3811E+14  1.2874E-01
  1.3352E+03  1.0694E+14  1.0794E+14  8.3832E+14  1.2875E-01
  1.3355E+03  1.0698E+14  1.0797E+14  8.3853E+14  1.2876E-01
  1.3359E+03  1.0701E+14  1.0800E+14  8.3875E+14  1.2877E-01
  1.3363E+03  1.0704E+14  1.0804E+14  8.3896E+14  1.2878E-01
  1.3367E+03  1.0708E+14  1.0807E+14  8.3917E+14  1.2878E-01
  1.3370E+03  1.0711E+14  1.0811E+14  8.3939E+14  1.2879E-01
  1.3374E+03  1.0715E+14  1.0814E+14  8.3960E+14  1.2880E-01
  1.3378E+03  1.0718E+14  1.0817E+14  8.3982E+14  1.2881E-01
  1.3382E+03  1.0721E+14  1.0821E+14  8.4003E+14  1.2881E-01
  1.3385E+03  1.0725E+14  1.0824E+14  8.4024E+14  1.2882E-01
  1.3389E+03  1.0728E+14  1.0827E+14  8.4046E+14  1.2883E-01
  1.3393E+03  1.0732E+14  1.0831E+14  8.4067E+14  1.2884E-01
  1.3397E+03  1.0735E+14  1.0834E+14  8.4088E+14  1.2884E-01
  1.3400E+03  1.0738E+14  1.0838E+14  8.4110E+14  1.2885E-01
  1.3404E+03  1.0742E+14  1.0841E+14  8.4131E+14  1.2886E-01
  1.3408E+03  1.0745E+14  1.0844E+14  8.4152E+14  1.2887E-01
  1.3412E+03  1.0749E+14  1.0848E+14  8.4174E+14  1.2887E-01
  1.3415E+03  1.0752E+14  1.0851E+14  8.4195E+14  1.2888E-01
  1.3419E+03  1.0755E+14  1.0855E+14  8.4216E+14  1.2889E-01
  1.3423E+03  1.0759E+14  1.0858E+14  8.4238E+14  1.2890E-01
  1.3427E+03  1.0762E+14  1.0861E+14  8.4259E+14  1.2891E-01
  1.3430E+03  1.0766E+14  1.0865E+14  8.4280E+14  1.2891E-01
  1.3434E+03  1.0769E+14  1.0868E+14  8.4302E+14  1.2892E-01
  1.3438E+03  1.0772E+14  1.0872E+14  8.4323E+14  1.2893E-01
  1.3442E+03  1.0776E+14  1.0875E+14  8.4344E+14  1.2894E-01
  1.3445E+03  1.0779E+14  1.0878E+14  8.4366E+14  1.2894E-01
  1.3449E+03  1.0783E+14  1.0882E+14  8.4387E+14  1.2895E-01
  1.3453E+03  1.0786E+14  1.0885E+14  8.4408E+14  1.2896E-01
  1.3457E+03  1.0789E+14  1.0889E+14  8.4430E+14  1.2897E-01
  1.3460E+03  1.0793E+14  1.0892E+14  8.4451E+14  1.2897E-01
  1.3464E+03  1.0796E+14  1.0895E+14  8.4472E+14  1.2898E-01
  1.3468E+03  1.0799E+14  1.0899E+14  8.4494E+14  1.2899E-01
  1.3472E+03  1.0803E+14  1.0902E+14  8.4515E+14  1.2900E-01
  1.3475E+03  1.0806E+14  1.0906E+14  8.4536E+14  1.2900E-01
  1.3479E+03  1.0810E+14  1.0909E+14  8.4557E+14  1.2901E-01
  1.3483E+03  1.0813E+14  1.0912E+14  8.4579E+14  1.2902E-01
  1.3487E+03  1.0816E+14  1.0916E+14  8.4600E+14  1.2903E-01
  1.3490E+03  1.0820E+14  1.0919E+14  8.4621E+14  1.2903E-01
  1.3494E+03  1.0823E+14  1.0922E+14  8.4643E+14  1.2904E-01
  1.3498E+03  1.0827E+14  1.0926E+14  8.4664E+14  1.2905E-01
  1.3502E+03  1.0830E+14  1.0929E+14  8.4685E+14  1.2906E-01
  1.3505E+03  1.0833E+14  1.0933E+14  8.4706E+14  1.2907E-01
  1.3509E+03  1.0837E+14  1.0936E+14  8.4728E+14  1.2907E-01
  1.3513E+03  1.0840E+14  1.0939E+14  8.4749E+14  1.2908E-01
  1.3517E+03  1.0844E+14  1.0943E+14  8.4770E+14  1.2909E-01
  1.3520E+03  1.0847E+14  1.0946E+14  8.4792E+14  1.2910E-01
  1.3524E+03  1.0850E+14  1.0950E+14  8.4813E+14  1.2910E-01
  1.3528E+03  1.0854E+14  1.0953E+14  8.4834E+14  1.2911E-01
  1.3532E+03  1.0857E+14  1.0956E+14  8.4855E+14  1.2912E-01
  1.3535E+03  1.0861E+14  1.0960E+14  8.4877E+14  1.2913E-01
  1.3539E+03  1.0864E+14  1.0963E+14  8.4898E+14  1.2913E-01
  1.3543E+03  1.0867E+14  1.0967E+14  8.4919E+14  1.2914E-01
  1.3547E+03  1.0871E+14  1.0970E+14  8.4940E+14  1.2915E-01
  1.3550E+03  1.0874E+14  1.0973E+14  8.4962E+14  1.2916E-01
  1.3554E+03  1.0878E+14  1.0977E+14  8.4983E+14  1.2916E-01
  1.3558E+03  1.0881E+14  1.0980E+14  8.5004E+14  1.2917E-01
  1.3562E+03  1.0884E+14  1.0984E+14  8.5025E+14  1.2918E-01
  1.3565E+03  1.0888E+14  1.0987E+14  8.5047E+14  1.2919E-01
  1.3569E+03  1.0891E+14  1.0990E+14  8.5068E+14  1.2920E-01
  1.3573E+03  1.0894E+14  1.0994E+14  8.5089E+14  1.2920E-01
  1.3577E+03  1.0898E+14  1.0997E+14  8.5110E+14  1.2921E-01
  1.3580E+03  1.0901E+14  1.1001E+14  8.5132E+14  1.2922E-01
  1.3584E+03  1.0905E+14  1.1004E+14  8.5153E+14  1.2923E-01
  1.3588E+03  1.0908E+14  1.1007E+14  8.5174E+14  1.2923E-01
  1.3592E+03  1.0911E+14  1.1011E+14  8.5195E+14  1.2924E-01
  1.3595E+03  1.0915E+14  1.1014E+14  8.5216E+14  1.2925E-01
  1.3599E+03  1.0918E+14  1.1018E+14  8.5238E+14  1.2926E-01
  1.3603E+03  1.0922E+14  1.1021E+14  8.5259E+14  1.2926E-01
  1.3607E+03  1.0925E+14  1.1024E+14  8.5280E+14  1.2927E-01
  1.3610E+03  1.0928E+14  1.1028E+14  8.5301E+14  1.2928E-01
  1.3614E+03  1.0932E+14  1.1031E+14  8.5322E+14  1.2929E-01
  1.3618E+03  1.0935E+14  1.1034E+14  8.5344E+14  1.2929E-01
  1.3622E+03  1.0939E+14  1.1038E+14  8.5365E+14  1.2930E-01
  1.3625E+03  1.0942E+14  1.1041E+14  8.5386E+14  1.2931E-01
  1.3629E+03  1.0945E+14  1.1045E+14  8.5407E+14  1.2932E-01
  1.3633E+03  1.0949E+14  1.1048E+14  8.5428E+14  1.2933E-01
  1.3637E+03  1.0952E+14  1.1051E+14  8.5450E+14  1.2933E-01
  1.3640E+03  1.0956E+14  1.1055E+14  8.5471E+14  1.2934E-01
  1.3644E+03  1.0959E+14  1.1058E+14  8.5492E+14  1.2935E-01
  1.3648E+03  1.0962E+14  1.1062E+14  8.5513E+14  1.2936E-01
  1.3652E+03  1.0966E+14  1.1065E+14  8.5534E+14  1.2936E-01
  1.3655E+03  1.0969E+14  1.1068E+14  8.5556E+14  1.2937E-01
  1.3659E+03  1.0973E+14  1.1072E+14  8.5577E+14  1.2938E-01
  1.3663E+03  1.0976E+14  1.1075E+14  8.5598E+14  1.2939E-01
  1.3667E+03  1.0979E+14  1.1079E+14  8.5619E+14  1.2939E-01
  1.3670E+03  1.0983E+14  1.1082E+14  8.5640E+14  1.2940E-01
  1.3674E+03  1.0986E+14  1.1085E+14  8.5661E+14  1.2941E-01
  1.3678E+03  1.0989E+14  1.1089E+14  8.5683E+14  1.2942E-01
  1.3682E+03  1.0993E+14  1.1092E+14  8.5704E+14  1.2942E-01
  1.3685E+03  1.0996E+14  1.1096E+14  8.5725E+14  1.2943E-01
  1.3689E+03  1.1000E+14  1.1099E+14  8.5746E+14  1.2944E-01
  1.3693E+03  1.1003E+14  1.1102E+14  8.5767E+14  1.2945E-01
  1.3697E+03  1.1006E+14  1.1106E+14  8.5788E+14  1.2946E-01
  1.3700E+03  1.1010E+14  1.1109E+14  8.5810E+14  1.2946E-01
  1.3704E+03  1.1013E+14  1.1113E+14  8.5831E+14  1.2947E-01
  1.3708E+03  1.1017E+14  1.1116E+14  8.5852E+14  1.2948E-01
  1.3712E+03  1.1020E+14  1.1119E+14  8.5873E+14  1.2949E-01
  1.3715E+03  1.1023E+14  1.1123E+14  8.5894E+14  1.2949E-01
  1.3719E+03  1.1027E+14  1.1126E+14  8.5915E+14  1.2950E-01
  1.3723E+03  1.1030E+14  1.1130E+14  8.5936E+14  1.2951E-01
  1.3727E+03  1.1034E+14  1.1133E+14  8.5957E+14  1.2952E-01
  1.3730E+03  1.1037E+14  1.1136E+14  8.5979E+14  1.2952E-01
  1.3734E+03  1.1040E+14  1.1140E+14  8.6000E+14  1.2953E-01
  1.3738E+03  1.1044E+14  1.1143E+14  8.6021E+14  1.2954E-01
  1.3742E+03  1.1047E+14  1.1146E+14  8.6042E+14  1.2955E-01
  1.3745E+03  1.1051E+14  1.1150E+14  8.6063E+14  1.2955E-01
  1.3749E+03  1.1054E+14  1.1153E+14  8.6084E+14  1.2956E-01
  1.3753E+03  1.1057E+14  1.1157E+14  8.6105E+14  1.2957E-01
  1.3757E+03  1.1061E+14  1.1160E+14  8.6126E+14  1.2958E-01
  1.3760E+03  1.1064E+14  1.1163E+14  8.6148E+14  1.2959E-01
  1.3764E+03  1.1068E+14  1.1167E+14  8.6169E+14  1.2959E-01
  1.3768E+03  1.1071E+14  1.1170E+14  8.6190E+14  1.2960E-01
  1.3772E+03  1.1074E+14  1.1174E+14  8.6211E+14  1.2961E-01
  1.3775E+03  1.1078E+14  1.1177E+14  8.6232E+14  1.2962E-01
  1.3779E+03  1.1081E+14  1.1180E+14  8.6253E+14  1.2962E-01
  1.3783E+03  1.1085E+14  1.1184E+14  8.6274E+14  1.2963E-01
  1.3787E+03  1.1088E+14  1.1187E+14  8.6295E+14  1.2964E-01
  1.3790E+03  1.1091E+14  1.1191E+14  8.6316E+14  1.2965E-01
  1.3794E+03  1.1095E+14  1.1194E+14  8.6337E+14  1.2965E-01
  1.3798E+03  1.1098E+14  1.1197E+14  8.6358E+14  1.2966E-01
  1.3802E+03  1.1101E+14  1.1201E+14  8.6380E+14  1.2967E-01
  1.3805E+03  1.1105E+14  1.1204E+14  8.6401E+14  1.2968E-01
  1.3809E+03  1.1108E+14  1.1208E+14  8.6422E+14  1.2968E-01
  1.3813E+03  1.1112E+14  1.1211E+14  8.6443E+14  1.2969E-01
  1.3817E+03  1.1115E+14  1.1214E+14  8.6464E+14  1.2970E-01
  1.3820E+03  1.1118E+14  1.1218E+14  8.6485E+14  1.2971E-01
  1.3824E+03  1.1122E+14  1.1221E+14  8.6506E+14  1.2972E-01
  1.3828E+03  1.1125E+14  1.1225E+14  8.6527E+14  1.2972E-01
  1.3832E+03  1.1129E+14  1.1228E+14  8.6548E+14  1.2973E-01
  1.3835E+03  1.1132E+14  1.1231E+14  8.6569E+14  1.2974E-01
  1.3839E+03  1.1135E+14  1.1235E+14  8.6590E+14  1.2975E-01
  1.3843E+03  1.1139E+14  1.1238E+14  8.6611E+14  1.2975E-01
  1.3847E+03  1.1142E+14  1.1242E+14  8.6632E+14  1.2976E-01
  1.3850E+03  1.1146E+14  1.1245E+14  8.6653E+14  1.2977E-01
  1.3854E+03  1.1149E+14  1.1248E+14  8.6674E+14  1.2978E-01
  1.3858E+03  1.1152E+14  1.1252E+14  8.6695E+14  1.2978E-01
  1.3862E+03  1.1156E+14  1.1255E+14  8.6717E+14  1.2979E-01
  1.3865E+03  1.1159E+14  1.1258E+14  8.6738E+14  1.2980E-01
  1.3869E+03  1.1163E+14  1.1262E+14  8.6759E+14  1.2981E-01
  1.3873E+03  1.1166E+14  1.1265E+14  8.6780E+14  1.2981E-01
  1.3877E+03  1.1169E+14  1.1269E+14  8.6801E+14  1.2982E-01
  1.3880E+03  1.1173E+14  1.1272E+14  8.6822E+14  1.2983E-01
  1.3884E+03  1.1176E+14  1.1275E+14  8.6843E+14  1.2984E-01
  1.3888E+03  1.1180E+14  1.1279E+14  8.6864E+14  1.2985E-01
  1.3892E+03  1.1183E+14  1.1282E+14  8.6885E+14  1.2985E-01
  1.3895E+03  1.1186E+14  1.1286E+14  8.6906E+14  1.2986E-01
  1.3899E+03  1.1190E+14  1.1289E+14  8.6927E+14  1.2987E-01
  1.3903E+03  1.1193E+14  1.1292E+14  8.6948E+14  1.2988E-01
  1.3907E+03  1.1197E+14  1.1296E+14  8.6969E+14  1.2988E-01
  1.3910E+03  1.1200E+14  1.1299E+14  8.6990E+14  1.2989E-01
  1.3914E+03  1.1203E+14  1.1303E+14  8.7011E+14  1.2990E-01
  1.3918E+03  1.1207E+14  1.1306E+14  8.7032E+14  1.2991E-01
  1.3922E+03  1.1210E+14  1.1309E+14  8.7053E+14  1.2991E-01
  1.3925E+03  1.1214E+14  1.1313E+14  8.7074E+14  1.2992E-01
  1.3929E+03  1.1217E+14  1.1316E+14  8.7095E+14  1.2993E-01
  1.3933E+03  1.1220E+14  1.1320E+14  8.7116E+14  1.2994E-01
  1.3937E+03  1.1224E+14  1.1323E+14  8.7137E+14  1.2994E-01
  1.3940E+03  1.1227E+14  1.1326E+14  8.7158E+14  1.2995E-01
  1.3944E+03  1.1230E+14  1.1330E+14  8.7179E+14  1.2996E-01
  1.3948E+03  1.1234E+14  1.1333E+14  8.7200E+14  1.2997E-01
  1.3952E+03  1.1237E+14  1.1337E+14  8.7221E+14  1.2998E-01
  1.3955E+03  1.1241E+14  1.1340E+14  8.7242E+14  1.2998E-01
  1.3959E+03  1.1244E+14  1.1343E+14  8.7263E+14  1.2999E-01
  1.3963E+03  1.1247E+14  1.1347E+14  8.7284E+14  1.3000E-01
  1.3967E+03  1.1251E+14  1.1350E+14  8.7305E+14  1.3001E-01
  1.3970E+03  1.1254E+14  1.1354E+14  8.7326E+14  1.3001E-01
  1.3974E+03  1.1258E+14  1.1357E+14  8.7347E+14  1.3002E-01
  1.3978E+03  1.1261E+14  1.1360E+14  8.7368E+14  1.3003E-01
  1.3982E+03  1.1264E+14  1.1364E+14  8.7389E+14  1.3004E-01
  1.3985E+03  1.1268E+14  1.1367E+14  8.7410E+14  1.3004E-01
  1.3989E+03  1.1271E+14  1.1371E+14  8.7430E+14  1.3005E-01
  1.3993E+03  1.1275E+14  1.1374E+14  8.7451E+14  1.3006E-01
  1.3997E+03  1.1278E+14  1.1377E+14  8.7472E+14  1.3007E-01
  1.4001E+03  1.1281E+14  1.1381E+14  8.7493E+14  1.3008E-01
  1.4004E+03  1.1285E+14  1.1384E+14  8.7514E+14  1.3008E-01
  1.4008E+03  1.1288E+14  1.1387E+14  8.7535E+14  1.3009E-01
  1.4012E+03  1.1292E+14  1.1391E+14  8.7556E+14  1.3010E-01
  1.4016E+03  1.1295E+14  1.1394E+14  8.7577E+14  1.3011E-01
  1.4019E+03  1.1298E+14  1.1398E+14  8.7598E+14  1.3011E-01
  1.4023E+03  1.1302E+14  1.1401E+14  8.7619E+14  1.3012E-01
  1.4027E+03  1.1305E+14  1.1404E+14  8.7640E+14  1.3013E-01
  1.4031E+03  1.1309E+14  1.1408E+14  8.7661E+14  1.3014E-01
  1.4034E+03  1.1312E+14  1.1411E+14  8.7682E+14  1.3014E-01
  1.4038E+03  1.1315E+14  1.1415E+14  8.7703E+14  1.3015E-01
  1.4042E+03  1.1319E+14  1.1418E+14  8.7724E+14  1.3016E-01
  1.4046E+03  1.1322E+14  1.1421E+14  8.7745E+14  1.3017E-01
  1.4049E+03  1.1326E+14  1.1425E+14  8.7765E+14  1.3017E-01
  1.4053E+03  1.1329E+14  1.1428E+14  8.7786E+14  1.3018E-01
  1.4057E+03  1.1332E+14  1.1432E+14  8.7807E+14  1.3019E-01
  1.4061E+03  1.1336E+14  1.1435E+14  8.7828E+14  1.3020E-01
  1.4064E+03  1.1339E+14  1.1438E+14  8.7849E+14  1.3021E-01
  1.4068E+03  1.1343E+14  1.1442E+14  8.7870E+14  1.3021E-01
  1.4072E+03  1.1346E+14  1.1445E+14  8.7891E+14  1.3022E-01
  1.4076E+03  1.1349E+14  1.1449E+14  8.7912E+14  1.3023E-01
  1.4079E+03  1.1353E+14  1.1452E+14  8.7933E+14  1.3024E-01
  1.4083E+03  1.1356E+14  1.1455E+14  8.7954E+14  1.3024E-01
  1.4087E+03  1.1360E+14  1.1459E+14  8.7975E+14  1.3025E-01
  1.4091E+03  1.1363E+14  1.1462E+14  8.7995E+14  1.3026E-01
  1.4094E+03  1.1366E+14  1.1466E+14  8.8016E+14  1.3027E-01
  1.4098E+03  1.1370E+14  1.1469E+14  8.8037E+14  1.3027E-01
  1.4102E+03  1.1373E+14  1.1472E+14  8.8058E+14  1.3028E-01
  1.4106E+03  1.1376E+14  1.1476E+14  8.8079E+14  1.3029E-01
  1.4109E+03  1.1380E+14  1.1479E+14  8.8100E+14  1.3030E-01
  1.4113E+03  1.1383E+14  1.1483E+14  8.8121E+14  1.3031E-01
  1.4117E+03  1.1387E+14  1.1486E+14  8.8142E+14  1.3031E-01
  1.4121E+03  1.1390E+14  1.1489E+14  8.8162E+14  1.3032E-01
  1.4124E+03  1.1393E+14  1.1493E+14  8.8183E+14  1.3033E-01
  1.4128E+03  1.1397E+14  1.1496E+14  8.8204E+14  1.3034E-01
  1.4132E+03  1.1400E+14  1.1500E+14  8.8225E+14  1.3034E-01
  1.4136E+03  1.1404E+14  1.1503E+14  8.8246E+14  1.3035E-01
  1.4139E+03  1.1407E+14  1.1506E+14  8.8267E+14  1.3036E-01
  1.4143E+03  1.1410E+14  1.1510E+14  8.8288E+14  1.3037E-01
  1.4147E+03  1.1414E+14  1.1513E+14  8.8308E+14  1.3037E-01
  1.4151E+03  1.1417E+14  1.1517E+14  8.8329E+14  1.3038E-01
  1.4154E+03  1.1421E+14  1.1520E+14  8.8350E+14  1.3039E-01
  1.4158E+03  1.1424E+14  1.1523E+14  8.8371E+14  1.3040E-01
  1.4162E+03  1.1427E+14  1.1527E+14  8.8392E+14  1.3040E-01
  1.4166E+03  1.1431E+14  1.1530E+14  8.8413E+14  1.3041E-01
  1.4169E+03  1.1434E+14  1.1534E+14  8.8434E+14  1.3042E-01
  1.4173E+03  1.1438E+14  1.1537E+14  8.8454E+14  1.3043E-01
  1.4177E+03  1.1441E+14  1.1540E+14  8.8475E+14  1.3044E-01
  1.4181E+03  1.1444E+14  1.1544E+14  8.8496E+14  1.3044E-01
  1.4184E+03  1.1448E+14  1.1547E+14  8.8517E+14  1.3045E-01
  1.4188E+03  1.1451E+14  1.1551E+14  8.8538E+14  1.3046E-01
  1.4192E+03  1.1455E+14  1.1554E+14  8.8559E+14  1.3047E-01
  1.4196E+03  1.1458E+14  1.1557E+14  8.8579E+14  1.3047E-01
  1.4199E+03  1.1461E+14  1.1561E+14  8.8600E+14  1.3048E-01
  1.4203E+03  1.1465E+14  1.1564E+14  8.8621E+14  1.3049E-01
  1.4207E+03  1.1468E+14  1.1567E+14  8.8642E+14  1.3050E-01
  1.4211E+03  1.1472E+14  1.1571E+14  8.8663E+14  1.3050E-01
  1.4214E+03  1.1475E+14  1.1574E+14  8.8683E+14  1.3051E-01
  1.4218E+03  1.1478E+14  1.1578E+14  8.8704E+14  1.3052E-01
  1.4222E+03  1.1482E+14  1.1581E+14  8.8725E+14  1.3053E-01
  1.4226E+03  1.1485E+14  1.1584E+14  8.8746E+14  1.3054E-01
  1.4229E+03  1.1489E+14  1.1588E+14  8.8767E+14  1.3054E-01
  1.4233E+03  1.1492E+14  1.1591E+14  8.8788E+14  1.3055E-01
  1.4237E+03  1.1495E+14  1.1595E+14  8.8808E+14  1.3056E-01
  1.4241E+03  1.1499E+14  1.1598E+14  8.8829E+14  1.3057E-01
  1.4244E+03  1.1502E+14  1.1601E+14  8.8850E+14  1.3057E-01
  1.4248E+03  1.1506E+14  1.1605E+14  8.8871E+14  1.3058E-01
  1.4252E+03  1.1509E+14  1.1608E+14  8.8891E+14  1.3059E-01
  1.4256E+03  1.1512E+14  1.1612E+14  8.8912E+14  1.3060E-01
  1.4259E+03  1.1516E+14  1.1615E+14  8.8933E+14  1.3060E-01
  1.4263E+03  1.1519E+14  1.1618E+14  8.8954E+14  1.3061E-01
  1.4267E+03  1.1523E+14  1.1622E+14  8.8975E+14  1.3062E-01
  1.4271E+03  1.1526E+14  1.1625E+14  8.8995E+14  1.3063E-01
  1.4274E+03  1.1529E+14  1.1629E+14  8.9016E+14  1.3064E-01
  1.4278E+03  1.1533E+14  1.1632E+14  8.9037E+14  1.3064E-01
  1.4282E+03  1.1536E+14  1.1635E+14  8.9058E+14  1.3065E-01
  1.4286E+03  1.1540E+14  1.1639E+14  8.9078E+14  1.3066E-01
  1.4289E+03  1.1543E+14  1.1642E+14  8.9099E+14  1.3067E-01
  1.4293E+03  1.1546E+14  1.1646E+14  8.9120E+14  1.3067E-01
  1.4297E+03  1.1550E+14  1.1649E+14  8.9141E+14  1.3068E-01
  1.4301E+03  1.1553E+14  1.1652E+14  8.9161E+14  1.3069E-01
  1.4304E+03  1.1556E+14  1.1656E+14  8.9182E+14  1.3070E-01
  1.4308E+03  1.1560E+14  1.1659E+14  8.9203E+14  1.3070E-01
  1.4312E+03  1.1563E+14  1.1663E+14  8.9224E+14  1.3071E-01
  1.4316E+03  1.1567E+14  1.1666E+14  8.9244E+14  1.3072E-01
  1.4319E+03  1.1570E+14  1.1669E+14  8.9265E+14  1.3073E-01
  1.4323E+03  1.1573E+14  1.1673E+14  8.9286E+14  1.3073E-01
  1.4327E+03  1.1577E+14  1.1676E+14  8.9307E+14  1.3074E-01
  1.4331E+03  1.1580E+14  1.1680E+14  8.9327E+14  1.3075E-01
  1.4334E+03  1.1584E+14  1.1683E+14  8.9348E+14  1.3076E-01
  1.4338E+03  1.1587E+14  1.1686E+14  8.9369E+14  1.3077E-01
  1.4342E+03  1.1590E+14  1.1690E+14  8.9390E+14  1.3077E-01
  1.4346E+03  1.1594E+14  1.1693E+14  8.9410E+14  1.3078E-01
  1.4349E+03  1.1597E+14  1.1697E+14  8.9431E+14  1.3079E-01
  1.4353E+03  1.1601E+14  1.1700E+14  8.9452E+14  1.3080E-01
  1.4357E+03  1.1604E+14  1.1703E+14  8.9473E+14  1.3080E-01
  1.4361E+03  1.1607E+14  1.1707E+14  8.9493E+14  1.3081E-01
  1.4364E+03  1.1611E+14  1.1710E+14  8.9514E+14  1.3082E-01
  1.4368E+03  1.1614E+14  1.1714E+14  8.9535E+14  1.3083E-01
  1.4372E+03  1.1618E+14  1.1717E+14  8.9555E+14  1.3083E-01
  1.4376E+03  1.1621E+14  1.1720E+14  8.9576E+14  1.3084E-01
  1.4379E+03  1.1624E+14  1.1724E+14  8.9597E+14  1.3085E-01
  1.4383E+03  1.1628E+14  1.1727E+14  8.9618E+14  1.3086E-01
  1.4387E+03  1.1631E+14  1.1731E+14  8.9638E+14  1.3087E-01
  1.4391E+03  1.1635E+14  1.1734E+14  8.9659E+14  1.3087E-01
  1.4394E+03  1.1638E+14  1.1737E+14  8.9680E+14  1.3088E-01
  1.4398E+03  1.1641E+14  1.1741E+14  8.9700E+14  1.3089E-01
  1.4402E+03  1.1645E+14  1.1744E+14  8.9721E+14  1.3090E-01
  1.4406E+03  1.1648E+14  1.1748E+14  8.9742E+14  1.3090E-01
  1.4409E+03  1.1652E+14  1.1751E+14  8.9762E+14  1.3091E-01
  1.4413E+03  1.1655E+14  1.1754E+14  8.9783E+14  1.3092E-01
  1.4417E+03  1.1658E+14  1.1758E+14  8.9804E+14  1.3093E-01
  1.4421E+03  1.1662E+14  1.1761E+14  8.9824E+14  1.3093E-01
  1.4424E+03  1.1665E+14  1.1765E+14  8.9845E+14  1.3094E-01
  1.4428E+03  1.1669E+14  1.1768E+14  8.9866E+14  1.3095E-01
  1.4432E+03  1.1672E+14  1.1771E+14  8.9886E+14  1.3096E-01
  1.4436E+03  1.1675E+14  1.1775E+14  8.9907E+14  1.3097E-01
  1.4439E+03  1.1679E+14  1.1778E+14  8.9928E+14  1.3097E-01
  1.4443E+03  1.1682E+14  1.1782E+14  8.9948E+14  1.3098E-01
  1.4447E+03  1.1686E+14  1.1785E+14  8.9969E+14  1.3099E-01
  1.4451E+03  1.1689E+14  1.1788E+14  8.9990E+14  1.3100E-01
  1.4454E+03  1.1692E+14  1.1792E+14  9.0010E+14  1.3100E-01
  1.4458E+03  1.1696E+14  1.1795E+14  9.0031E+14  1.3101E-01
  1.4462E+03  1.1699E+14  1.1799E+14  9.0052E+14  1.3102E-01
  1.4466E+03  1.1703E+14  1.1802E+14  9.0072E+14  1.3103E-01
  1.4469E+03  1.1706E+14  1.1805E+14  9.0093E+14  1.3103E-01
  1.4473E+03  1.1709E+14  1.1809E+14  9.0114E+14  1.3104E-01
  1.4477E+03  1.1713E+14  1.1812E+14  9.0134E+14  1.3105E-01
  1.4481E+03  1.1716E+14  1.1816E+14  9.0155E+14  1.3106E-01
  1.4484E+03  1.1720E+14  1.1819E+14  9.0176E+14  1.3107E-01
  1.4488E+03  1.1723E+14  1.1822E+14  9.0196E+14  1.3107E-01
  1.4492E+03  1.1726E+14  1.1826E+14  9.0217E+14  1.3108E-01
  1.4496E+03  1.1730E+14  1.1829E+14  9.0238E+14  1.3109E-01
  1.4499E+03  1.1733E+14  1.1832E+14  9.0258E+14  1.3110E-01
  1.4503E+03  1.1737E+14  1.1836E+14  9.0279E+14  1.3110E-01
  1.4507E+03  1.1740E+14  1.1839E+14  9.0299E+14  1.3111E-01
  1.4511E+03  1.1743E+14  1.1843E+14  9.0320E+14  1.3112E-01
  1.4514E+03  1.1747E+14  1.1846E+14  9.0341E+14  1.3113E-01
  1.4518E+03  1.1750E+14  1.1849E+14  9.0361E+14  1.3113E-01
  1.4522E+03  1.1754E+14  1.1853E+14  9.0382E+14  1.3114E-01
  1.4526E+03  1.1757E+14  1.1856E+14  9.0402E+14  1.3115E-01
  1.4529E+03  1.1760E+14  1.1860E+14  9.0423E+14  1.3116E-01
  1.4533E+03  1.1764E+14  1.1863E+14  9.0444E+14  1.3117E-01
  1.4537E+03  1.1767E+14  1.1866E+14  9.0464E+14  1.3117E-01
  1.4541E+03  1.1771E+14  1.1870E+14  9.0485E+14  1.3118E-01
  1.4544E+03  1.1774E+14  1.1873E+14  9.0506E+14  1.3119E-01
  1.4548E+03  1.1777E+14  1.1877E+14  9.0526E+14  1.3120E-01
  1.4552E+03  1.1781E+14  1.1880E+14  9.0547E+14  1.3120E-01
  1.4556E+03  1.1784E+14  1.1883E+14  9.0567E+14  1.3121E-01
  1.4559E+03  1.1788E+14  1.1887E+14  9.0588E+14  1.3122E-01
  1.4563E+03  1.1791E+14  1.1890E+14  9.0609E+14  1.3123E-01
  1.4567E+03  1.1794E+14  1.1894E+14  9.0629E+14  1.3123E-01
  1.4571E+03  1.1798E+14  1.1897E+14  9.0650E+14  1.3124E-01
  1.4574E+03  1.1801E+14  1.1900E+14  9.0670E+14  1.3125E-01
  1.4578E+03  1.1805E+14  1.1904E+14  9.0691E+14  1.3126E-01
  1.4582E+03  1.1808E+14  1.1907E+14  9.0711E+14  1.3127E-01
  1.4586E+03  1.1811E+14  1.1911E+14  9.0732E+14  1.3127E-01
  1.4589E+03  1.1815E+14  1.1914E+14  9.0753E+14  1.3128E-01
  1.4593E+03  1.1818E+14  1.1917E+14  9.0773E+14  1.3129E-01
  1.4597E+03  1.1822E+14  1.1921E+14  9.0794E+14  1.3130E-01
  1.4601E+03  1.1825E+14  1.1924E+14  9.0814E+14  1.3130E-01
  1.4604E+03  1.1828E+14  1.1928E+14  9.0835E+14  1.3131E-01
  1.4608E+03  1.1832E+14  1.1931E+14  9.0855E+14  1.3132E-01
  1.4612E+03  1.1835E+14  1.1934E+14  9.0876E+14  1.3133E-01
  1.4616E+03  1.1839E+14  1.1938E+14  9.0897E+14  1.3133E-01
  1.4619E+03  1.1842E+14  1.1941E+14  9.0917E+14  1.3134E-01
  1.4623E+03  1.1845E+14  1.1945E+14  9.0938E+14  1.3135E-01
  1.4627E+03  1.1849E+14  1.1948E+14  9.0958E+14  1.3136E-01
  1.4631E+03  1.1852E+14  1.1951E+14  9.0979E+14  1.3137E-01
  1.4634E+03  1.1856E+14  1.1955E+14  9.0999E+14  1.3137E-01
  1.4638E+03  1.1859E+14  1.1958E+14  9.1020E+14  1.3138E-01
  1.4642E+03  1.1862E+14  1.1962E+14  9.1040E+14  1.3139E-01
  1.4646E+03  1.1866E+14  1.1965E+14  9.1061E+14  1.3140E-01
  1.4649E+03  1.1869E+14  1.1968E+14  9.1081E+14  1.3140E-01
  1.4653E+03  1.1873E+14  1.1972E+14  9.1102E+14  1.3141E-01
  1.4657E+03  1.1876E+14  1.1975E+14  9.1122E+14  1.3142E-01
  1.4661E+03  1.1879E+14  1.1979E+14  9.1143E+14  1.3143E-01
  1.4664E+03  1.1883E+14  1.1982E+14  9.1164E+14  1.3143E-01
  1.4668E+03  1.1886E+14  1.1985E+14  9.1184E+14  1.3144E-01
  1.4672E+03  1.1890E+14  1.1989E+14  9.1205E+14  1.3145E-01
  1.4676E+03  1.1893E+14  1.1992E+14  9.1225E+14  1.3146E-01
  1.4679E+03  1.1896E+14  1.1996E+14  9.1246E+14  1.3147E-01
  1.4683E+03  1.1900E+14  1.1999E+14  9.1266E+14  1.3147E-01
  1.4687E+03  1.1903E+14  1.2002E+14  9.1287E+14  1.3148E-01
  1.4691E+03  1.1907E+14  1.2006E+14  9.1307E+14  1.3149E-01
  1.4694E+03  1.1910E+14  1.2009E+14  9.1328E+14  1.3150E-01
  1.4698E+03  1.1913E+14  1.2013E+14  9.1348E+14  1.3150E-01
  1.4702E+03  1.1917E+14  1.2016E+14  9.1369E+14  1.3151E-01
  1.4706E+03  1.1920E+14  1.2019E+14  9.1389E+14  1.3152E-01
  1.4709E+03  1.1924E+14  1.2023E+14  9.1410E+14  1.3153E-01
  1.4713E+03  1.1927E+14  1.2026E+14  9.1430E+14  1.3154E-01
  1.4717E+03  1.1930E+14  1.2030E+14  9.1451E+14  1.3154E-01
  1.4721E+03  1.1934E+14  1.2033E+14  9.1471E+14  1.3155E-01
  1.4724E+03  1.1937E+14  1.2036E+14  9.1492E+14  1.3156E-01
  1.4728E+03  1.1941E+14  1.2040E+14  9.1512E+14  1.3157E-01
  1.4732E+03  1.1944E+14  1.2043E+14  9.1533E+14  1.3157E-01
  1.4736E+03  1.1947E+14  1.2047E+14  9.1553E+14  1.3158E-01
  1.4739E+03  1.1951E+14  1.2050E+14  9.1574E+14  1.3159E-01
  1.4743E+03  1.1954E+14  1.2053E+14  9.1594E+14  1.3160E-01
  1.4747E+03  1.1958E+14  1.2057E+14  9.1615E+14  1.3160E-01
  1.4751E+03  1.1961E+14  1.2060E+14  9.1635E+14  1.3161E-01
  1.4754E+03  1.1964E+14  1.2064E+14  9.1655E+14  1.3162E-01
  1.4758E+03  1.1968E+14  1.2067E+14  9.1676E+14  1.3163E-01
  1.4762E+03  1.1971E+14  1.2070E+14  9.1696E+14  1.3164E-01
  1.4766E+03  1.1975E+14  1.2074E+14  9.1717E+14  1.3164E-01
  1.4769E+03  1.1978E+14  1.2077E+14  9.1737E+14  1.3165E-01
  1.4773E+03  1.1981E+14  1.2081E+14  9.1758E+14  1.3166E-01
  1.4777E+03  1.1985E+14  1.2084E+14  9.1778E+14  1.3167E-01
  1.4781E+03  1.1988E+14  1.2087E+14  9.1799E+14  1.3167E-01
  1.4784E+03  1.1992E+14  1.2091E+14  9.1819E+14  1.3168E-01
  1.4788E+03  1.1995E+14  1.2094E+14  9.1840E+14  1.3169E-01
  1.4792E+03  1.1998E+14  1.2098E+14  9.1860E+14  1.3170E-01
  1.4796E+03  1.2002E+14  1.2101E+14  9.1880E+14  1.3170E-01
  1.4799E+03  1.2005E+14  1.2104E+14  9.1901E+14  1.3171E-01
  1.4803E+03  1.2009E+14  1.2108E+14  9.1921E+14  1.3172E-01
  1.4807E+03  1.2012E+14  1.2111E+14  9.1942E+14  1.3173E-01
  1.4811E+03  1.2015E+14  1.2115E+14  9.1962E+14  1.3174E-01
  1.4814E+03  1.2019E+14  1.2118E+14  9.1983E+14  1.3174E-01
  1.4818E+03  1.2022E+14  1.2121E+14  9.2003E+14  1.3175E-01
  1.4822E+03  1.2026E+14  1.2125E+14  9.2024E+14  1.3176E-01
  1.4826E+03  1.2029E+14  1.2128E+14  9.2044E+14  1.3177E-01
  1.4829E+03  1.2032E+14  1.2132E+14  9.2064E+14  1.3177E-01
  1.4833E+03  1.2036E+14  1.2135E+14  9.2085E+14  1.3178E-01
  1.4837E+03  1.2039E+14  1.2139E+14  9.2105E+14  1.3179E-01
  1.4841E+03  1.2043E+14  1.2142E+14  9.2126E+14  1.3180E-01
  1.4844E+03  1.2046E+14  1.2145E+14  9.2146E+14  1.3180E-01
  1.4848E+03  1.2049E+14  1.2149E+14  9.2166E+14  1.3181E-01
  1.4852E+03  1.2053E+14  1.2152E+14  9.2187E+14  1.3182E-01
  1.4856E+03  1.2056E+14  1.2156E+14  9.2207E+14  1.3183E-01
  1.4859E+03  1.2060E+14  1.2159E+14  9.2228E+14  1.3184E-01
  1.4863E+03  1.2063E+14  1.2162E+14  9.2248E+14  1.3184E-01
  1.4867E+03  1.2066E+14  1.2166E+14  9.2269E+14  1.3185E-01
  1.4871E+03  1.2070E+14  1.2169E+14  9.2289E+14  1.3186E-01
  1.4874E+03  1.2073E+14  1.2173E+14  9.2309E+14  1.3187E-01
  1.4878E+03  1.2077E+14  1.2176E+14  9.2330E+14  1.3187E-01
  1.4882E+03  1.2080E+14  1.2179E+14  9.2350E+14  1.3188E-01
  1.4886E+03  1.2083E+14  1.2183E+14  9.2370E+14  1.3189E-01
  1.4889E+03  1.2087E+14  1.2186E+14  9.2391E+14  1.3190E-01
  1.4893E+03  1.2090E+14  1.2190E+14  9.2411E+14  1.3191E-01
  1.4897E+03  1.2094E+14  1.2193E+14  9.2432E+14  1.3191E-01
  1.4901E+03  1.2097E+14  1.2196E+14  9.2452E+14  1.3192E-01
  1.4904E+03  1.2100E+14  1.2200E+14  9.2472E+14  1.3193E-01
  1.4908E+03  1.2104E+14  1.2203E+14  9.2493E+14  1.3194E-01
  1.4912E+03  1.2107E+14  1.2207E+14  9.2513E+14  1.3194E-01
  1.4916E+03  1.2111E+14  1.2210E+14  9.2534E+14  1.3195E-01
  1.4919E+03  1.2114E+14  1.2213E+14  9.2554E+14  1.3196E-01
  1.4923E+03  1.2117E+14  1.2217E+14  9.2574E+14  1.3197E-01
  1.4927E+03  1.2121E+14  1.2220E+14  9.2595E+14  1.3197E-01
  1.4931E+03  1.2124E+14  1.2224E+14  9.2615E+14  1.3198E-01
  1.4934E+03  1.2128E+14  1.2227E+14  9.2635E+14  1.3199E-01
  1.4938E+03  1.2131E+14  1.2230E+14  9.2656E+14  1.3200E-01
  1.4942E+03  1.2134E+14  1.2234E+14  9.2676E+14  1.3201E-01
  1.4946E+03  1.2138E+14  1.2237E+14  9.2696E+14  1.3201E-01
  1.4949E+03  1.2141E+14  1.2241E+14  9.2717E+14  1.3202E-01
  1.4953E+03  1.2145E+14  1.2244E+14  9.2737E+14  1.3203E-01
  1.4957E+03  1.2148E+14  1.2247E+14  9.2757E+14  1.3204E-01
  1.4961E+03  1.2151E+14  1.2251E+14  9.2778E+14  1.3204E-01
  1.4964E+03  1.2155E+14  1.2254E+14  9.2798E+14  1.3205E-01
  1.4968E+03  1.2158E+14  1.2258E+14  9.2818E+14  1.3206E-01
  1.4972E+03  1.2162E+14  1.2261E+14  9.2839E+14  1.3207E-01
  1.4976E+03  1.2165E+14  1.2264E+14  9.2859E+14  1.3208E-01
  1.4979E+03  1.2168E+14  1.2268E+14  9.2879E+14  1.3208E-01
  1.4983E+03  1.2172E+14  1.2271E+14  9.2900E+14  1.3209E-01
  1.4987E+03  1.2175E+14  1.2275E+14  9.2920E+14  1.3210E-01
  1.4991E+03  1.2179E+14  1.2278E+14  9.2940E+14  1.3211E-01
  1.4994E+03  1.2182E+14  1.2281E+14  9.2961E+14  1.3211E-01
  1.4998E+03  1.2185E+14  1.2285E+14  9.2981E+14  1.3212E-01
  1.5002E+03  1.2189E+14  1.2288E+14  9.3001E+14  1.3213E-01
  1.5006E+03  1.2192E+14  1.2292E+14  9.3022E+14  1.3214E-01
  1.5009E+03  1.2196E+14  1.2295E+14  9.3042E+14  1.3214E-01
  1.5013E+03  1.2199E+14  1.2298E+14  9.3062E+14  1.3215E-01
  1.5017E+03  1.2202E+14  1.2302E+14  9.3083E+14  1.3216E-01
  1.5021E+03  1.2206E+14  1.2305E+14  9.3103E+14  1.3217E-01
  1.5024E+03  1.2209E+14  1.2309E+14  9.3123E+14  1.3218E-01
  1.5028E+03  1.2213E+14  1.2312E+14  9.3144E+14  1.3218E-01
  1.5032E+03  1.2216E+14  1.2315E+14  9.3164E+14  1.3219E-01
  1.5036E+03  1.2219E+14  1.2319E+14  9.3184E+14  1.3220E-01
  1.5039E+03  1.2223E+14  1.2322E+14  9.3204E+14  1.3221E-01
  1.5043E+03  1.2226E+14  1.2326E+14  9.3225E+14  1.3221E-01
  1.5047E+03  1.2230E+14  1.2329E+14  9.3245E+14  1.3222E-01
  1.5051E+03  1.2233E+14  1.2332E+14  9.3265E+14  1.3223E-01
  1.5054E+03  1.2237E+14  1.2336E+14  9.3286E+14  1.3224E-01
  1.5058E+03  1.2240E+14  1.2339E+14  9.3306E+14  1.3225E-01
  1.5062E+03  1.2243E+14  1.2343E+14  9.3326E+14  1.3225E-01
  1.5066E+03  1.2247E+14  1.2346E+14  9.3346E+14  1.3226E-01
  1.5069E+03  1.2250E+14  1.2349E+14  9.3367E+14  1.3227E-01
  1.5073E+03  1.2254E+14  1.2353E+14  9.3387E+14  1.3228E-01
  1.5077E+03  1.2257E+14  1.2356E+14  9.3407E+14  1.3228E-01
  1.5081E+03  1.2260E+14  1.2360E+14  9.3428E+14  1.3229E-01
  1.5084E+03  1.2264E+14  1.2363E+14  9.3448E+14  1.3230E-01
  1.5088E+03  1.2267E+14  1.2366E+14  9.3468E+14  1.3231E-01
  1.5092E+03  1.2271E+14  1.2370E+14  9.3488E+14  1.3231E-01
  1.5096E+03  1.2274E+14  1.2373E+14  9.3509E+14  1.3232E-01
  1.5099E+03  1.2277E+14  1.2377E+14  9.3529E+14  1.3233E-01
  1.5103E+03  1.2281E+14  1.2380E+14  9.3549E+14  1.3234E-01
  1.5107E+03  1.2284E+14  1.2384E+14  9.3569E+14  1.3235E-01
  1.5111E+03  1.2288E+14  1.2387E+14  9.3590E+14  1.3235E-01
  1.5114E+03  1.2291E+14  1.2390E+14  9.3610E+14  1.3236E-01
  1.5118E+03  1.2294E+14  1.2394E+14  9.3630E+14  1.3237E-01
  1.5122E+03  1.2298E+14  1.2397E+14  9.3650E+14  1.3238E-01
  1.5126E+03  1.2301E+14  1.2401E+14  9.3671E+14  1.3238E-01
  1.5129E+03  1.2305E+14  1.2404E+14  9.3691E+14  1.3239E-01
  1.5133E+03  1.2308E+14  1.2407E+14  9.3711E+14  1.3240E-01
  1.5137E+03  1.2311E+14  1.2411E+14  9.3731E+14  1.3241E-01
  1.5141E+03  1.2315E+14  1.2414E+14  9.3752E+14  1.3242E-01
  1.5144E+03  1.2318E+14  1.2418E+14  9.3772E+14  1.3242E-01
  1.5148E+03  1.2322E+14  1.2421E+14  9.3792E+14  1.3243E-01
  1.5152E+03  1.2325E+14  1.2424E+14  9.3812E+14  1.3244E-01
  1.5156E+03  1.2328E+14  1.2428E+14  9.3832E+14  1.3245E-01
  1.5159E+03  1.2332E+14  1.2431E+14  9.3853E+14  1.3245E-01
  1.5163E+03  1.2335E+14  1.2435E+14  9.3873E+14  1.3246E-01
  1.5167E+03  1.2339E+14  1.2438E+14  9.3893E+14  1.3247E-01
  1.5171E+03  1.2342E+14  1.2441E+14  9.3913E+14  1.3248E-01
  1.5174E+03  1.2345E+14  1.2445E+14  9.3934E+14  1.3249E-01
  1.5178E+03  1.2349E+14  1.2448E+14  9.3954E+14  1.3249E-01
  1.5182E+03  1.2352E+14  1.2452E+14  9.3974E+14  1.3250E-01
  1.5186E+03  1.2356E+14  1.2455E+14  9.3994E+14  1.3251E-01
  1.5189E+03  1.2359E+14  1.2458E+14  9.4014E+14  1.3252E-01
  1.5193E+03  1.2362E+14  1.2462E+14  9.4035E+14  1.3252E-01
  1.5197E+03  1.2366E+14  1.2465E+14  9.4055E+14  1.3253E-01
  1.5201E+03  1.2369E+14  1.2469E+14  9.4075E+14  1.3254E-01
  1.5204E+03  1.2373E+14  1.2472E+14  9.4095E+14  1.3255E-01
  1.5208E+03  1.2376E+14  1.2475E+14  9.4115E+14  1.3255E-01
  1.5212E+03  1.2379E+14  1.2479E+14  9.4136E+14  1.3256E-01
  1.5216E+03  1.2383E+14  1.2482E+14  9.4156E+14  1.3257E-01
  1.5219E+03  1.2386E+14  1.2486E+14  9.4176E+14  1.3258E-01
  1.5223E+03  1.2390E+14  1.2489E+14  9.4196E+14  1.3259E-01
  1.5227E+03  1.2393E+14  1.2492E+14  9.4216E+14  1.3259E-01
  1.5231E+03  1.2397E+14  1.2496E+14  9.4236E+14  1.3260E-01
  1.5234E+03  1.2400E+14  1.2499E+14  9.4257E+14  1.3261E-01
  1.5238E+03  1.2403E+14  1.2503E+14  9.4277E+14  1.3262E-01
  1.5242E+03  1.2407E+14  1.2506E+14  9.4297E+14  1.3262E-01
  1.5246E+03  1.2410E+14  1.2509E+14  9.4317E+14  1.3263E-01
  1.5249E+03  1.2414E+14  1.2513E+14  9.4337E+14  1.3264E-01
  1.5253E+03  1.2417E+14  1.2516E+14  9.4358E+14  1.3265E-01
  1.5257E+03  1.2420E+14  1.2520E+14  9.4378E+14  1.3266E-01
  1.5261E+03  1.2424E+14  1.2523E+14  9.4398E+14  1.3266E-01
  1.5264E+03  1.2427E+14  1.2527E+14  9.4418E+14  1.3267E-01
  1.5268E+03  1.2431E+14  1.2530E+14  9.4438E+14  1.3268E-01
  1.5272E+03  1.2434E+14  1.2533E+14  9.4458E+14  1.3269E-01
  1.5276E+03  1.2437E+14  1.2537E+14  9.4478E+14  1.3269E-01
  1.5279E+03  1.2441E+14  1.2540E+14  9.4499E+14  1.3270E-01
  1.5283E+03  1.2444E+14  1.2544E+14  9.4519E+14  1.3271E-01
  1.5287E+03  1.2448E+14  1.2547E+14  9.4539E+14  1.3272E-01
  1.5291E+03  1.2451E+14  1.2550E+14  9.4559E+14  1.3273E-01
  1.5294E+03  1.2454E+14  1.2554E+14  9.4579E+14  1.3273E-01
  1.5298E+03  1.2458E+14  1.2557E+14  9.4599E+14  1.3274E-01
  1.5302E+03  1.2461E+14  1.2561E+14  9.4619E+14  1.3275E-01
  1.5306E+03  1.2465E+14  1.2564E+14  9.4640E+14  1.3276E-01
  1.5309E+03  1.2468E+14  1.2567E+14  9.4660E+14  1.3276E-01
  1.5313E+03  1.2471E+14  1.2571E+14  9.4680E+14  1.3277E-01
  1.5317E+03  1.2475E+14  1.2574E+14  9.4700E+14  1.3278E-01
  1.5321E+03  1.2478E+14  1.2578E+14  9.4720E+14  1.3279E-01
  1.5324E+03  1.2482E+14  1.2581E+14  9.4740E+14  1.3279E-01
  1.5328E+03  1.2485E+14  1.2584E+14  9.4760E+14  1.3280E-01
  1.5332E+03  1.2488E+14  1.2588E+14  9.4780E+14  1.3281E-01
  1.5336E+03  1.2492E+14  1.2591E+14  9.4801E+14  1.3282E-01
  1.5339E+03  1.2495E+14  1.2595E+14  9.4821E+14  1.3283E-01
  1.5343E+03  1.2499E+14  1.2598E+14  9.4841E+14  1.3283E-01
  1.5347E+03  1.2502E+14  1.2601E+14  9.4861E+14  1.3284E-01
  1.5351E+03  1.2506E+14  1.2605E+14  9.4881E+14  1.3285E-01
  1.5354E+03  1.2509E+14  1.2608E+14  9.4901E+14  1.3286E-01
  1.5358E+03  1.2512E+14  1.2612E+14  9.4921E+14  1.3286E-01
  1.5362E+03  1.2516E+14  1.2615E+14  9.4941E+14  1.3287E-01
  1.5366E+03  1.2519E+14  1.2618E+14  9.4961E+14  1.3288E-01
  1.5369E+03  1.2523E+14  1.2622E+14  9.4982E+14  1.3289E-01
  1.5373E+03  1.2526E+14  1.2625E+14  9.5002E+14  1.3290E-01
  1.5377E+03  1.2529E+14  1.2629E+14  9.5022E+14  1.3290E-01
  1.5381E+03  1.2533E+14  1.2632E+14  9.5042E+14  1.3291E-01
  1.5384E+03  1.2536E+14  1.2636E+14  9.5062E+14  1.3292E-01
  1.5388E+03  1.2540E+14  1.2639E+14  9.5082E+14  1.3293E-01
  1.5392E+03  1.2543E+14  1.2642E+14  9.5102E+14  1.3293E-01
  1.5396E+03  1.2546E+14  1.2646E+14  9.5122E+14  1.3294E-01
  1.5399E+03  1.2550E+14  1.2649E+14  9.5142E+14  1.3295E-01
  1.5403E+03  1.2553E+14  1.2653E+14  9.5162E+14  1.3296E-01
  1.5407E+03  1.2557E+14  1.2656E+14  9.5182E+14  1.3297E-01
  1.5411E+03  1.2560E+14  1.2659E+14  9.5202E+14  1.3297E-01
  1.5414E+03  1.2563E+14  1.2663E+14  9.5223E+14  1.3298E-01
  1.5418E+03  1.2567E+14  1.2666E+14  9.5243E+14  1.3299E-01
  1.5422E+03  1.2570E+14  1.2670E+14  9.5263E+14  1.3300E-01
  1.5426E+03  1.2574E+14  1.2673E+14  9.5283E+14  1.3300E-01
  1.5429E+03  1.2577E+14  1.2676E+14  9.5303E+14  1.3301E-01
  1.5433E+03  1.2580E+14  1.2680E+14  9.5323E+14  1.3302E-01
  1.5437E+03  1.2584E+14  1.2683E+14  9.5343E+14  1.3303E-01
  1.5441E+03  1.2587E+14  1.2687E+14  9.5363E+14  1.3304E-01
  1.5444E+03  1.2591E+14  1.2690E+14  9.5383E+14  1.3304E-01
  1.5448E+03  1.2594E+14  1.2693E+14  9.5403E+14  1.3305E-01
  1.5452E+03  1.2598E+14  1.2697E+14  9.5423E+14  1.3306E-01
  1.5456E+03  1.2601E+14  1.2700E+14  9.5443E+14  1.3307E-01
  1.5459E+03  1.2604E+14  1.2704E+14  9.5463E+14  1.3307E-01
  1.5463E+03  1.2608E+14  1.2707E+14  9.5483E+14  1.3308E-01
  1.5467E+03  1.2611E+14  1.2711E+14  9.5503E+14  1.3309E-01
  1.5471E+03  1.2615E+14  1.2714E+14  9.5523E+14  1.3310E-01
  1.5474E+03  1.2618E+14  1.2717E+14  9.5543E+14  1.3311E-01
  1.5478E+03  1.2621E+14  1.2721E+14  9.5563E+14  1.3311E-01
  1.5482E+03  1.2625E+14  1.2724E+14  9.5583E+14  1.3312E-01
  1.5486E+03  1.2628E+14  1.2728E+14  9.5603E+14  1.3313E-01
  1.5489E+03  1.2632E+14  1.2731E+14  9.5623E+14  1.3314E-01
  1.5493E+03  1.2635E+14  1.2734E+14  9.5643E+14  1.3314E-01
  1.5497E+03  1.2638E+14  1.2738E+14  9.5664E+14  1.3315E-01
  1.5501E+03  1.2642E+14  1.2741E+14  9.5684E+14  1.3316E-01
  1.5504E+03  1.2645E+14  1.2745E+14  9.5704E+14  1.3317E-01
  1.5508E+03  1.2649E+14  1.2748E+14  9.5724E+14  1.3318E-01
  1.5512E+03  1.2652E+14  1.2751E+14  9.5744E+14  1.3318E-01
  1.5516E+03  1.2655E+14  1.2755E+14  9.5764E+14  1.3319E-01
  1.5519E+03  1.2659E+14  1.2758E+14  9.5784E+14  1.3320E-01
  1.5523E+03  1.2662E+14  1.2762E+14  9.5804E+14  1.3321E-01
  1.5527E+03  1.2666E+14  1.2765E+14  9.5824E+14  1.3321E-01
  1.5531E+03  1.2669E+14  1.2768E+14  9.5844E+14  1.3322E-01
  1.5534E+03  1.2672E+14  1.2772E+14  9.5864E+14  1.3323E-01
  1.5538E+03  1.2676E+14  1.2775E+14  9.5884E+14  1.3324E-01
  1.5542E+03  1.2679E+14  1.2779E+14  9.5904E+14  1.3324E-01
  1.5546E+03  1.2683E+14  1.2782E+14  9.5924E+14  1.3325E-01
  1.5549E+03  1.2686E+14  1.2785E+14  9.5944E+14  1.3326E-01
  1.5553E+03  1.2690E+14  1.2789E+14  9.5964E+14  1.3327E-01
  1.5557E+03  1.2693E+14  1.2792E+14  9.5984E+14  1.3328E-01
  1.5561E+03  1.2696E+14  1.2796E+14  9.6004E+14  1.3328E-01
  1.5564E+03  1.2700E+14  1.2799E+14  9.6024E+14  1.3329E-01
  1.5568E+03  1.2703E+14  1.2803E+14  9.6044E+14  1.3330E-01
  1.5572E+03  1.2707E+14  1.2806E+14  9.6063E+14  1.3331E-01
  1.5576E+03  1.2710E+14  1.2809E+14  9.6083E+14  1.3331E-01
  1.5579E+03  1.2713E+14  1.2813E+14  9.6103E+14  1.3332E-01
  1.5583E+03  1.2717E+14  1.2816E+14  9.6123E+14  1.3333E-01
  1.5587E+03  1.2720E+14  1.2820E+14  9.6143E+14  1.3334E-01
  1.5591E+03  1.2724E+14  1.2823E+14  9.6163E+14  1.3335E-01
  1.5594E+03  1.2727E+14  1.2826E+14  9.6183E+14  1.3335E-01
  1.5598E+03  1.2730E+14  1.2830E+14  9.6203E+14  1.3336E-01
  1.5602E+03  1.2734E+14  1.2833E+14  9.6223E+14  1.3337E-01
  1.5606E+03  1.2737E+14  1.2837E+14  9.6243E+14  1.3338E-01
  1.5609E+03  1.2741E+14  1.2840E+14  9.6263E+14  1.3338E-01
  1.5613E+03  1.2744E+14  1.2843E+14  9.6283E+14  1.3339E-01
  1.5617E+03  1.2747E+14  1.2847E+14  9.6303E+14  1.3340E-01
  1.5621E+03  1.2751E+14  1.2850E+14  9.6323E+14  1.3341E-01
  1.5624E+03  1.2754E+14  1.2854E+14  9.6343E+14  1.3342E-01
  1.5628E+03  1.2758E+14  1.2857E+14  9.6363E+14  1.3342E-01
  1.5632E+03  1.2761E+14  1.2861E+14  9.6383E+14  1.3343E-01
  1.5636E+03  1.2765E+14  1.2864E+14  9.6403E+14  1.3344E-01
  1.5639E+03  1.2768E+14  1.2867E+14  9.6423E+14  1.3345E-01
  1.5643E+03  1.2771E+14  1.2871E+14  9.6443E+14  1.3345E-01
  1.5647E+03  1.2775E+14  1.2874E+14  9.6463E+14  1.3346E-01
  1.5651E+03  1.2778E+14  1.2878E+14  9.6482E+14  1.3347E-01
  1.5654E+03  1.2782E+14  1.2881E+14  9.6502E+14  1.3348E-01
  1.5658E+03  1.2785E+14  1.2884E+14  9.6522E+14  1.3349E-01
  1.5662E+03  1.2788E+14  1.2888E+14  9.6542E+14  1.3349E-01
  1.5666E+03  1.2792E+14  1.2891E+14  9.6562E+14  1.3350E-01
  1.5669E+03  1.2795E+14  1.2895E+14  9.6582E+14  1.3351E-01
  1.5673E+03  1.2799E+14  1.2898E+14  9.6602E+14  1.3352E-01
  1.5677E+03  1.2802E+14  1.2901E+14  9.6622E+14  1.3352E-01
  1.5681E+03  1.2805E+14  1.2905E+14  9.6642E+14  1.3353E-01
  1.5684E+03  1.2809E+14  1.2908E+14  9.6662E+14  1.3354E-01
  1.5688E+03  1.2812E+14  1.2912E+14  9.6682E+14  1.3355E-01
  1.5692E+03  1.2816E+14  1.2915E+14  9.6702E+14  1.3356E-01
  1.5696E+03  1.2819E+14  1.2918E+14  9.6721E+14  1.3356E-01
  1.5699E+03  1.2823E+14  1.2922E+14  9.6741E+14  1.3357E-01
  1.5703E+03  1.2826E+14  1.2925E+14  9.6761E+14  1.3358E-01
  1.5707E+03  1.2829E+14  1.2929E+14  9.6781E+14  1.3359E-01
  1.5711E+03  1.2833E+14  1.2932E+14  9.6801E+14  1.3359E-01
  1.5714E+03  1.2836E+14  1.2936E+14  9.6821E+14  1.3360E-01
  1.5718E+03  1.2840E+14  1.2939E+14  9.6841E+14  1.3361E-01
  1.5722E+03  1.2843E+14  1.2942E+14  9.6861E+14  1.3362E-01
  1.5726E+03  1.2846E+14  1.2946E+14  9.6881E+14  1.3363E-01
  1.5729E+03  1.2850E+14  1.2949E+14  9.6901E+14  1.3363E-01
  1.5733E+03  1.2853E+14  1.2953E+14  9.6920E+14  1.3364E-01
  1.5737E+03  1.2857E+14  1.2956E+14  9.6940E+14  1.3365E-01
  1.5741E+03  1.2860E+14  1.2959E+14  9.6960E+14  1.3366E-01
  1.5744E+03  1.2863E+14  1.2963E+14  9.6980E+14  1.3366E-01
  1.5748E+03  1.2867E+14  1.2966E+14  9.7000E+14  1.3367E-01
  1.5752E+03  1.2870E+14  1.2970E+14  9.7020E+14  1.3368E-01
  1.5756E+03  1.2874E+14  1.2973E+14  9.7040E+14  1.3369E-01
  1.5759E+03  1.2877E+14  1.2976E+14  9.7060E+14  1.3370E-01
  1.5763E+03  1.2881E+14  1.2980E+14  9.7079E+14  1.3370E-01
  1.5767E+03  1.2884E+14  1.2983E+14  9.7099E+14  1.3371E-01
  1.5771E+03  1.2887E+14  1.2987E+14  9.7119E+14  1.3372E-01
  1.5774E+03  1.2891E+14  1.2990E+14  9.7139E+14  1.3373E-01
  1.5778E+03  1.2894E+14  1.2994E+14  9.7159E+14  1.3373E-01
  1.5782E+03  1.2898E+14  1.2997E+14  9.7179E+14  1.3374E-01
  1.5786E+03  1.2901E+14  1.3000E+14  9.7199E+14  1.3375E-01
  1.5789E+03  1.2904E+14  1.3004E+14  9.7218E+14  1.3376E-01
  1.5793E+03  1.2908E+14  1.3007E+14  9.7238E+14  1.3377E-01
  1.5797E+03  1.2911E+14  1.3011E+14  9.7258E+14  1.3377E-01
  1.5801E+03  1.2915E+14  1.3014E+14  9.7278E+14  1.3378E-01
  1.5804E+03  1.2918E+14  1.3017E+14  9.7298E+14  1.3379E-01
  1.5808E+03  1.2921E+14  1.3021E+14  9.7318E+14  1.3380E-01
  1.5812E+03  1.2925E+14  1.3024E+14  9.7337E+14  1.3381E-01
  1.5816E+03  1.2928E+14  1.3028E+14  9.7357E+14  1.3381E-01
  1.5819E+03  1.2932E+14  1.3031E+14  9.7377E+14  1.3382E-01
  1.5823E+03  1.2935E+14  1.3034E+14  9.7397E+14  1.3383E-01
  1.5827E+03  1.2939E+14  1.3038E+14  9.7417E+14  1.3384E-01
  1.5831E+03  1.2942E+14  1.3041E+14  9.7437E+14  1.3384E-01
  1.5834E+03  1.2945E+14  1.3045E+14  9.7456E+14  1.3385E-01
  1.5838E+03  1.2949E+14  1.3048E+14  9.7476E+14  1.3386E-01
  1.5842E+03  1.2952E+14  1.3052E+14  9.7496E+14  1.3387E-01
  1.5846E+03  1.2956E+14  1.3055E+14  9.7516E+14  1.3388E-01
  1.5849E+03  1.2959E+14  1.3058E+14  9.7536E+14  1.3388E-01
  1.5853E+03  1.2962E+14  1.3062E+14  9.7556E+14  1.3389E-01
  1.5857E+03  1.2966E+14  1.3065E+14  9.7575E+14  1.3390E-01
  1.5861E+03  1.2969E+14  1.3069E+14  9.7595E+14  1.3391E-01
  1.5864E+03  1.2973E+14  1.3072E+14  9.7615E+14  1.3391E-01
  1.5868E+03  1.2976E+14  1.3075E+14  9.7635E+14  1.3392E-01
  1.5872E+03  1.2979E+14  1.3079E+14  9.7655E+14  1.3393E-01
  1.5876E+03  1.2983E+14  1.3082E+14  9.7674E+14  1.3394E-01
  1.5879E+03  1.2986E+14  1.3086E+14  9.7694E+14  1.3395E-01
  1.5883E+03  1.2990E+14  1.3089E+14  9.7714E+14  1.3395E-01
  1.5887E+03  1.2993E+14  1.3093E+14  9.7734E+14  1.3396E-01
  1.5891E+03  1.2997E+14  1.3096E+14  9.7754E+14  1.3397E-01
  1.5894E+03  1.3000E+14  1.3099E+14  9.7773E+14  1.3398E-01
  1.5898E+03  1.3003E+14  1.3103E+14  9.7793E+14  1.3398E-01
  1.5902E+03  1.3007E+14  1.3106E+14  9.7813E+14  1.3399E-01
  1.5906E+03  1.3010E+14  1.3110E+14  9.7833E+14  1.3400E-01
  1.5909E+03  1.3014E+14  1.3113E+14  9.7852E+14  1.3401E-01
  1.5913E+03  1.3017E+14  1.3116E+14  9.7872E+14  1.3402E-01
  1.5917E+03  1.3020E+14  1.3120E+14  9.7892E+14  1.3402E-01
  1.5921E+03  1.3024E+14  1.3123E+14  9.7912E+14  1.3403E-01
  1.5924E+03  1.3027E+14  1.3127E+14  9.7932E+14  1.3404E-01
  1.5928E+03  1.3031E+14  1.3130E+14  9.7951E+14  1.3405E-01
  1.5932E+03  1.3034E+14  1.3133E+14  9.7971E+14  1.3405E-01
  1.5936E+03  1.3038E+14  1.3137E+14  9.7991E+14  1.3406E-01
  1.5939E+03  1.3041E+14  1.3140E+14  9.8011E+14  1.3407E-01
  1.5943E+03  1.3044E+14  1.3144E+14  9.8030E+14  1.3408E-01
  1.5947E+03  1.3048E+14  1.3147E+14  9.8050E+14  1.3409E-01
  1.5951E+03  1.3051E+14  1.3151E+14  9.8070E+14  1.3409E-01
  1.5954E+03  1.3055E+14  1.3154E+14  9.8090E+14  1.3410E-01
  1.5958E+03  1.3058E+14  1.3157E+14  9.8109E+14  1.3411E-01
  1.5962E+03  1.3061E+14  1.3161E+14  9.8129E+14  1.3412E-01
  1.5966E+03  1.3065E+14  1.3164E+14  9.8149E+14  1.3412E-01
  1.5969E+03  1.3068E+14  1.3168E+14  9.8169E+14  1.3413E-01
  1.5973E+03  1.3072E+14  1.3171E+14  9.8188E+14  1.3414E-01
  1.5977E+03  1.3075E+14  1.3174E+14  9.8208E+14  1.3415E-01
  1.5981E+03  1.3078E+14  1.3178E+14  9.8228E+14  1.3416E-01
  1.5984E+03  1.3082E+14  1.3181E+14  9.8248E+14  1.3416E-01
  1.5988E+03  1.3085E+14  1.3185E+14  9.8267E+14  1.3417E-01
  1.5992E+03  1.3089E+14  1.3188E+14  9.8287E+14  1.3418E-01
  1.5996E+03  1.3092E+14  1.3192E+14  9.8307E+14  1.3419E-01
  1.5999E+03  1.3096E+14  1.3195E+14  9.8327E+14  1.3420E-01
  1.6003E+03  1.3099E+14  1.3198E+14  9.8346E+14  1.3420E-01
  1.6007E+03  1.3102E+14  1.3202E+14  9.8366E+14  1.3421E-01
  1.6011E+03  1.3106E+14  1.3205E+14  9.8386E+14  1.3422E-01
  1.6015E+03  1.3109E+14  1.3209E+14  9.8405E+14  1.3423E-01
  1.6018E+03  1.3113E+14  1.3212E+14  9.8425E+14  1.3423E-01
  1.6022E+03  1.3116E+14  1.3215E+14  9.8445E+14  1.3424E-01
  1.6026E+03  1.3119E+14  1.3219E+14  9.8465E+14  1.3425E-01
  1.6030E+03  1.3123E+14  1.3222E+14  9.8484E+14  1.3426E-01
  1.6033E+03  1.3126E+14  1.3226E+14  9.8504E+14  1.3427E-01
  1.6037E+03  1.3130E+14  1.3229E+14  9.8524E+14  1.3427E-01
  1.6041E+03  1.3133E+14  1.3233E+14  9.8543E+14  1.3428E-01
  1.6045E+03  1.3137E+14  1.3236E+14  9.8563E+14  1.3429E-01
  1.6048E+03  1.3140E+14  1.3239E+14  9.8583E+14  1.3430E-01
  1.6052E+03  1.3143E+14  1.3243E+14  9.8603E+14  1.3430E-01
  1.6056E+03  1.3147E+14  1.3246E+14  9.8622E+14  1.3431E-01
  1.6060E+03  1.3150E+14  1.3250E+14  9.8642E+14  1.3432E-01
  1.6063E+03  1.3154E+14  1.3253E+14  9.8662E+14  1.3433E-01
  1.6067E+03  1.3157E+14  1.3256E+14  9.8681E+14  1.3434E-01
  1.6071E+03  1.3160E+14  1.3260E+14  9.8701E+14  1.3434E-01
  1.6075E+03  1.3164E+14  1.3263E+14  9.8721E+14  1.3435E-01
  1.6078E+03  1.3167E+14  1.3267E+14  9.8740E+14  1.3436E-01
  1.6082E+03  1.3171E+14  1.3270E+14  9.8760E+14  1.3437E-01
  1.6086E+03  1.3174E+14  1.3273E+14  9.8780E+14  1.3437E-01
  1.6090E+03  1.3178E+14  1.3277E+14  9.8799E+14  1.3438E-01
  1.6093E+03  1.3181E+14  1.3280E+14  9.8819E+14  1.3439E-01
  1.6097E+03  1.3184E+14  1.3284E+14  9.8839E+14  1.3440E-01
  1.6101E+03  1.3188E+14  1.3287E+14  9.8858E+14  1.3441E-01
  1.6105E+03  1.3191E+14  1.3291E+14  9.8878E+14  1.3441E-01
  1.6108E+03  1.3195E+14  1.3294E+14  9.8898E+14  1.3442E-01
  1.6112E+03  1.3198E+14  1.3297E+14  9.8917E+14  1.3443E-01
  1.6116E+03  1.3201E+14  1.3301E+14  9.8937E+14  1.3444E-01
  1.6120E+03  1.3205E+14  1.3304E+14  9.8957E+14  1.3444E-01
  1.6123E+03  1.3208E+14  1.3308E+14  9.8976E+14  1.3445E-01
  1.6127E+03  1.3212E+14  1.3311E+14  9.8996E+14  1.3446E-01
  1.6131E+03  1.3215E+14  1.3314E+14  9.9016E+14  1.3447E-01
  1.6135E+03  1.3219E+14  1.3318E+14  9.9035E+14  1.3448E-01
  1.6138E+03  1.3222E+14  1.3321E+14  9.9055E+14  1.3448E-01
  1.6142E+03  1.3225E+14  1.3325E+14  9.9075E+14  1.3449E-01
  1.6146E+03  1.3229E+14  1.3328E+14  9.9094E+14  1.3450E-01
  1.6150E+03  1.3232E+14  1.3332E+14  9.9114E+14  1.3451E-01
  1.6153E+03  1.3236E+14  1.3335E+14  9.9134E+14  1.3452E-01
  1.6157E+03  1.3239E+14  1.3338E+14  9.9153E+14  1.3452E-01
  1.6161E+03  1.3242E+14  1.3342E+14  9.9173E+14  1.3453E-01
  1.6165E+03  1.3246E+14  1.3345E+14  9.9193E+14  1.3454E-01
  1.6168E+03  1.3249E+14  1.3349E+14  9.9212E+14  1.3455E-01
  1.6172E+03  1.3253E+14  1.3352E+14  9.9232E+14  1.3455E-01
  1.6176E+03  1.3256E+14  1.3356E+14  9.9251E+14  1.3456E-01
  1.6180E+03  1.3260E+14  1.3359E+14  9.9271E+14  1.3457E-01
  1.6183E+03  1.3263E+14  1.3362E+14  9.9291E+14  1.3458E-01
  1.6187E+03  1.3266E+14  1.3366E+14  9.9310E+14  1.3459E-01
  1.6191E+03  1.3270E+14  1.3369E+14  9.9330E+14  1.3459E-01
  1.6195E+03  1.3273E+14  1.3373E+14  9.9350E+14  1.3460E-01
  1.6198E+03  1.3277E+14  1.3376E+14  9.9369E+14  1.3461E-01
  1.6202E+03  1.3280E+14  1.3379E+14  9.9389E+14  1.3462E-01
  1.6206E+03  1.3283E+14  1.3383E+14  9.9408E+14  1.3462E-01
  1.6210E+03  1.3287E+14  1.3386E+14  9.9428E+14  1.3463E-01
  1.6213E+03  1.3290E+14  1.3390E+14  9.9448E+14  1.3464E-01
  1.6217E+03  1.3294E+14  1.3393E+14  9.9467E+14  1.3465E-01
  1.6221E+03  1.3297E+14  1.3397E+14  9.9487E+14  1.3466E-01
  1.6225E+03  1.3301E+14  1.3400E+14  9.9506E+14  1.3466E-01
  1.6228E+03  1.3304E+14  1.3403E+14  9.9526E+14  1.3467E-01
  1.6232E+03  1.3307E+14  1.3407E+14  9.9546E+14  1.3468E-01
  1.6236E+03  1.3311E+14  1.3410E+14  9.9565E+14  1.3469E-01
  1.6240E+03  1.3314E+14  1.3414E+14  9.9585E+14  1.3470E-01
  1.6243E+03  1.3318E+14  1.3417E+14  9.9604E+14  1.3470E-01
  1.6247E+03  1.3321E+14  1.3420E+14  9.9624E+14  1.3471E-01
  1.6251E+03  1.3324E+14  1.3424E+14  9.9644E+14  1.3472E-01
  1.6255E+03  1.3328E+14  1.3427E+14  9.9663E+14  1.3473E-01
  1.6258E+03  1.3331E+14  1.3431E+14  9.9683E+14  1.3473E-01
  1.6262E+03  1.3335E+14  1.3434E+14  9.9702E+14  1.3474E-01
  1.6266E+03  1.3338E+14  1.3438E+14  9.9722E+14  1.3475E-01
  1.6270E+03  1.3342E+14  1.3441E+14  9.9742E+14  1.3476E-01
  1.6273E+03  1.3345E+14  1.3444E+14  9.9761E+14  1.3477E-01
  1.6277E+03  1.3348E+14  1.3448E+14  9.9781E+14  1.3477E-01
  1.6281E+03  1.3352E+14  1.3451E+14  9.9800E+14  1.3478E-01
  1.6285E+03  1.3355E+14  1.3455E+14  9.9820E+14  1.3479E-01
  1.6288E+03  1.3359E+14  1.3458E+14  9.9839E+14  1.3480E-01
  1.6292E+03  1.3362E+14  1.3461E+14  9.9859E+14  1.3480E-01
  1.6296E+03  1.3365E+14  1.3465E+14  9.9879E+14  1.3481E-01
  1.6300E+03  1.3369E+14  1.3468E+14  9.9898E+14  1.3482E-01
  1.6303E+03  1.3372E+14  1.3472E+14  9.9918E+14  1.3483E-01
  1.6307E+03  1.3376E+14  1.3475E+14  9.9937E+14  1.3484E-01
  1.6311E+03  1.3379E+14  1.3479E+14  9.9957E+14  1.3484E-01
  1.6315E+03  1.3383E+14  1.3482E+14  9.9976E+14  1.3485E-01
  1.6318E+03  1.3386E+14  1.3485E+14  9.9996E+14  1.3486E-01
  1.6322E+03  1.3389E+14  1.3489E+14  1.0002E+15  1.3487E-01
  1.6326E+03  1.3393E+14  1.3492E+14  1.0003E+15  1.3488E-01
  1.6330E+03  1.3396E+14  1.3496E+14  1.0005E+15  1.3488E-01
  1.6333E+03  1.3400E+14  1.3499E+14  1.0007E+15  1.3489E-01
  1.6337E+03  1.3403E+14  1.3503E+14  1.0009E+15  1.3490E-01
  1.6341E+03  1.3407E+14  1.3506E+14  1.0011E+15  1.3491E-01
  1.6345E+03  1.3410E+14  1.3509E+14  1.0013E+15  1.3491E-01
  1.6348E+03  1.3413E+14  1.3513E+14  1.0015E+15  1.3492E-01
  1.6352E+03  1.3417E+14  1.3516E+14  1.0017E+15  1.3493E-01
  1.6356E+03  1.3420E+14  1.3520E+14  1.0019E+15  1.3494E-01
  1.6360E+03  1.3424E+14  1.3523E+14  1.0021E+15  1.3495E-01
  1.6363E+03  1.3427E+14  1.3526E+14  1.0023E+15  1.3495E-01
  1.6367E+03  1.3430E+14  1.3530E+14  1.0025E+15  1.3496E-01
  1.6371E+03  1.3434E+14  1.3533E+14  1.0027E+15  1.3497E-01
  1.6375E+03  1.3437E+14  1.3537E+14  1.0029E+15  1.3498E-01
  1.6378E+03  1.3441E+14  1.3540E+14  1.0031E+15  1.3499E-01
  1.6382E+03  1.3444E+14  1.3544E+14  1.0033E+15  1.3499E-01
  1.6386E+03  1.3448E+14  1.3547E+14  1.0035E+15  1.3500E-01
  1.6390E+03  1.3451E+14  1.3550E+14  1.0037E+15  1.3501E-01
  1.6393E+03  1.3454E+14  1.3554E+14  1.0039E+15  1.3502E-01
  1.6397E+03  1.3458E+14  1.3557E+14  1.0041E+15  1.3502E-01
  1.6401E+03  1.3461E+14  1.3561E+14  1.0043E+15  1.3503E-01
  1.6405E+03  1.3465E+14  1.3564E+14  1.0044E+15  1.3504E-01
  1.6408E+03  1.3468E+14  1.3567E+14  1.0046E+15  1.3505E-01
  1.6412E+03  1.3472E+14  1.3571E+14  1.0048E+15  1.3506E-01
  1.6416E+03  1.3475E+14  1.3574E+14  1.0050E+15  1.3506E-01
  1.6420E+03  1.3478E+14  1.3578E+14  1.0052E+15  1.3507E-01
  1.6423E+03  1.3482E+14  1.3581E+14  1.0054E+15  1.3508E-01
  1.6427E+03  1.3485E+14  1.3585E+14  1.0056E+15  1.3509E-01
  1.6431E+03  1.3489E+14  1.3588E+14  1.0058E+15  1.3509E-01
  1.6435E+03  1.3492E+14  1.3591E+14  1.0060E+15  1.3510E-01
  1.6438E+03  1.3495E+14  1.3595E+14  1.0062E+15  1.3511E-01
  1.6442E+03  1.3499E+14  1.3598E+14  1.0064E+15  1.3512E-01
  1.6446E+03  1.3502E+14  1.3602E+14  1.0066E+15  1.3513E-01
  1.6450E+03  1.3506E+14  1.3605E+14  1.0068E+15  1.3513E-01
  1.6453E+03  1.3509E+14  1.3609E+14  1.0070E+15  1.3514E-01
  1.6457E+03  1.3513E+14  1.3612E+14  1.0072E+15  1.3515E-01
  1.6461E+03  1.3516E+14  1.3615E+14  1.0074E+15  1.3516E-01
  1.6465E+03  1.3519E+14  1.3619E+14  1.0076E+15  1.3517E-01
  1.6468E+03  1.3523E+14  1.3622E+14  1.0078E+15  1.3517E-01
  1.6472E+03  1.3526E+14  1.3626E+14  1.0080E+15  1.3518E-01
  1.6476E+03  1.3530E+14  1.3629E+14  1.0082E+15  1.3519E-01
  1.6480E+03  1.3533E+14  1.3633E+14  1.0083E+15  1.3520E-01
  1.6483E+03  1.3537E+14  1.3636E+14  1.0085E+15  1.3520E-01
  1.6487E+03  1.3540E+14  1.3639E+14  1.0087E+15  1.3521E-01
  1.6491E+03  1.3543E+14  1.3643E+14  1.0089E+15  1.3522E-01
  1.6495E+03  1.3547E+14  1.3646E+14  1.0091E+15  1.3523E-01
  1.6498E+03  1.3550E+14  1.3650E+14  1.0093E+15  1.3524E-01
  1.6502E+03  1.3554E+14  1.3653E+14  1.0095E+15  1.3524E-01
  1.6506E+03  1.3557E+14  1.3656E+14  1.0097E+15  1.3525E-01
  1.6510E+03  1.3560E+14  1.3660E+14  1.0099E+15  1.3526E-01
  1.6513E+03  1.3564E+14  1.3663E+14  1.0101E+15  1.3527E-01
  1.6517E+03  1.3567E+14  1.3667E+14  1.0103E+15  1.3528E-01
  1.6521E+03  1.3571E+14  1.3670E+14  1.0105E+15  1.3528E-01
  1.6525E+03  1.3574E+14  1.3674E+14  1.0107E+15  1.3529E-01
  1.6528E+03  1.3578E+14  1.3677E+14  1.0109E+15  1.3530E-01
  1.6532E+03  1.3581E+14  1.3680E+14  1.0111E+15  1.3531E-01
  1.6536E+03  1.3584E+14  1.3684E+14  1.0113E+15  1.3531E-01
  1.6540E+03  1.3588E+14  1.3687E+14  1.0115E+15  1.3532E-01
  1.6543E+03  1.3591E+14  1.3691E+14  1.0117E+15  1.3533E-01
  1.6547E+03  1.3595E+14  1.3694E+14  1.0118E+15  1.3534E-01
  1.6551E+03  1.3598E+14  1.3698E+14  1.0120E+15  1.3535E-01
  1.6555E+03  1.3602E+14  1.3701E+14  1.0122E+15  1.3535E-01
  1.6558E+03  1.3605E+14  1.3704E+14  1.0124E+15  1.3536E-01
  1.6562E+03  1.3608E+14  1.3708E+14  1.0126E+15  1.3537E-01
  1.6566E+03  1.3612E+14  1.3711E+14  1.0128E+15  1.3538E-01
  1.6570E+03  1.3615E+14  1.3715E+14  1.0130E+15  1.3539E-01
  1.6573E+03  1.3619E+14  1.3718E+14  1.0132E+15  1.3539E-01
  1.6577E+03  1.3622E+14  1.3722E+14  1.0134E+15  1.3540E-01
  1.6581E+03  1.3626E+14  1.3725E+14  1.0136E+15  1.3541E-01
  1.6585E+03  1.3629E+14  1.3728E+14  1.0138E+15  1.3542E-01
  1.6588E+03  1.3632E+14  1.3732E+14  1.0140E+15  1.3542E-01
  1.6592E+03  1.3636E+14  1.3735E+14  1.0142E+15  1.3543E-01
  1.6596E+03  1.3639E+14  1.3739E+14  1.0144E+15  1.3544E-01
  1.6600E+03  1.3643E+14  1.3742E+14  1.0146E+15  1.3545E-01
  1.6603E+03  1.3646E+14  1.3745E+14  1.0148E+15  1.3546E-01
  1.6607E+03  1.3649E+14  1.3749E+14  1.0150E+15  1.3546E-01
  1.6611E+03  1.3653E+14  1.3752E+14  1.0151E+15  1.3547E-01
  1.6615E+03  1.3656E+14  1.3756E+14  1.0153E+15  1.3548E-01
  1.6618E+03  1.3660E+14  1.3759E+14  1.0155E+15  1.3549E-01
  1.6622E+03  1.3663E+14  1.3763E+14  1.0157E+15  1.3550E-01
  1.6626E+03  1.3667E+14  1.3766E+14  1.0159E+15  1.3550E-01
  1.6630E+03  1.3670E+14  1.3769E+14  1.0161E+15  1.3551E-01
  1.6633E+03  1.3673E+14  1.3773E+14  1.0163E+15  1.3552E-01
  1.6637E+03  1.3677E+14  1.3776E+14  1.0165E+15  1.3553E-01
  1.6641E+03  1.3680E+14  1.3780E+14  1.0167E+15  1.3553E-01
  1.6645E+03  1.3684E+14  1.3783E+14  1.0169E+15  1.3554E-01
  1.6648E+03  1.3687E+14  1.3787E+14  1.0171E+15  1.3555E-01
  1.6652E+03  1.3691E+14  1.3790E+14  1.0173E+15  1.3556E-01
  1.6656E+03  1.3694E+14  1.3793E+14  1.0175E+15  1.3557E-01
  1.6660E+03  1.3697E+14  1.3797E+14  1.0177E+15  1.3557E-01
  1.6663E+03  1.3701E+14  1.3800E+14  1.0179E+15  1.3558E-01
  1.6667E+03  1.3704E+14  1.3804E+14  1.0181E+15  1.3559E-01
  1.6671E+03  1.3708E+14  1.3807E+14  1.0182E+15  1.3560E-01
  1.6675E+03  1.3711E+14  1.3811E+14  1.0184E+15  1.3561E-01
  1.6678E+03  1.3715E+14  1.3814E+14  1.0186E+15  1.3561E-01
  1.6682E+03  1.3718E+14  1.3817E+14  1.0188E+15  1.3562E-01
  1.6686E+03  1.3721E+14  1.3821E+14  1.0190E+15  1.3563E-01
  1.6690E+03  1.3725E+14  1.3824E+14  1.0192E+15  1.3564E-01
  1.6693E+03  1.3728E+14  1.3828E+14  1.0194E+15  1.3564E-01
  1.6697E+03  1.3732E+14  1.3831E+14  1.0196E+15  1.3565E-01
  1.6701E+03  1.3735E+14  1.3835E+14  1.0198E+15  1.3566E-01
  1.6705E+03  1.3739E+14  1.3838E+14  1.0200E+15  1.3567E-01
  1.6708E+03  1.3742E+14  1.3841E+14  1.0202E+15  1.3568E-01
  1.6712E+03  1.3745E+14  1.3845E+14  1.0204E+15  1.3568E-01
  1.6716E+03  1.3749E+14  1.3848E+14  1.0206E+15  1.3569E-01
  1.6720E+03  1.3752E+14  1.3852E+14  1.0208E+15  1.3570E-01
  1.6723E+03  1.3756E+14  1.3855E+14  1.0210E+15  1.3571E-01
  1.6727E+03  1.3759E+14  1.3859E+14  1.0211E+15  1.3572E-01
  1.6731E+03  1.3763E+14  1.3862E+14  1.0213E+15  1.3572E-01
  1.6735E+03  1.3766E+14  1.3865E+14  1.0215E+15  1.3573E-01
  1.6738E+03  1.3769E+14  1.3869E+14  1.0217E+15  1.3574E-01
  1.6742E+03  1.3773E+14  1.3872E+14  1.0219E+15  1.3575E-01
  1.6746E+03  1.3776E+14  1.3876E+14  1.0221E+15  1.3575E-01
  1.6750E+03  1.3780E+14  1.3879E+14  1.0223E+15  1.3576E-01
  1.6753E+03  1.3783E+14  1.3882E+14  1.0225E+15  1.3577E-01
  1.6757E+03  1.3787E+14  1.3886E+14  1.0227E+15  1.3578E-01
  1.6761E+03  1.3790E+14  1.3889E+14  1.0229E+15  1.3579E-01
  1.6765E+03  1.3793E+14  1.3893E+14  1.0231E+15  1.3579E-01
  1.6768E+03  1.3797E+14  1.3896E+14  1.0233E+15  1.3580E-01
  1.6772E+03  1.3800E+14  1.3900E+14  1.0235E+15  1.3581E-01
  1.6776E+03  1.3804E+14  1.3903E+14  1.0237E+15  1.3582E-01
  1.6780E+03  1.3807E+14  1.3906E+14  1.0238E+15  1.3583E-01
  1.6783E+03  1.3810E+14  1.3910E+14  1.0240E+15  1.3583E-01
  1.6787E+03  1.3814E+14  1.3913E+14  1.0242E+15  1.3584E-01
  1.6791E+03  1.3817E+14  1.3917E+14  1.0244E+15  1.3585E-01
  1.6795E+03  1.3821E+14  1.3920E+14  1.0246E+15  1.3586E-01
  1.6798E+03  1.3824E+14  1.3924E+14  1.0248E+15  1.3586E-01
  1.6802E+03  1.3828E+14  1.3927E+14  1.0250E+15  1.3587E-01
  1.6806E+03  1.3831E+14  1.3930E+14  1.0252E+15  1.3588E-01
  1.6810E+03  1.3834E+14  1.3934E+14  1.0254E+15  1.3589E-01
  1.6813E+03  1.3838E+14  1.3937E+14  1.0256E+15  1.3590E-01
  1.6817E+03  1.3841E+14  1.3941E+14  1.0258E+15  1.3590E-01
  1.6821E+03  1.3845E+14  1.3944E+14  1.0260E+15  1.3591E-01
  1.6825E+03  1.3848E+14  1.3948E+14  1.0262E+15  1.3592E-01
  1.6828E+03  1.3852E+14  1.3951E+14  1.0264E+15  1.3593E-01
  1.6832E+03  1.3855E+14  1.3954E+14  1.0265E+15  1.3594E-01
  1.6836E+03  1.3858E+14  1.3958E+14  1.0267E+15  1.3594E-01
  1.6840E+03  1.3862E+14  1.3961E+14  1.0269E+15  1.3595E-01
  1.6843E+03  1.3865E+14  1.3965E+14  1.0271E+15  1.3596E-01
  1.6847E+03  1.3869E+14  1.3968E+14  1.0273E+15  1.3597E-01
  1.6851E+03  1.3872E+14  1.3972E+14  1.0275E+15  1.3598E-01
  1.6855E+03  1.3876E+14  1.3975E+14  1.0277E+15  1.3598E-01
  1.6858E+03  1.3879E+14  1.3978E+14  1.0279E+15  1.3599E-01
  1.6862E+03  1.3882E+14  1.3982E+14  1.0281E+15  1.3600E-01
  1.6866E+03  1.3886E+14  1.3985E+14  1.0283E+15  1.3601E-01
  1.6870E+03  1.3889E+14  1.3989E+14  1.0285E+15  1.3601E-01
  1.6873E+03  1.3893E+14  1.3992E+14  1.0287E+15  1.3602E-01
  1.6877E+03  1.3896E+14  1.3996E+14  1.0289E+15  1.3603E-01
  1.6881E+03  1.3900E+14  1.3999E+14  1.0291E+15  1.3604E-01
  1.6885E+03  1.3903E+14  1.4002E+14  1.0292E+15  1.3605E-01
  1.6888E+03  1.3906E+14  1.4006E+14  1.0294E+15  1.3605E-01
  1.6892E+03  1.3910E+14  1.4009E+14  1.0296E+15  1.3606E-01
  1.6896E+03  1.3913E+14  1.4013E+14  1.0298E+15  1.3607E-01
  1.6900E+03  1.3917E+14  1.4016E+14  1.0300E+15  1.3608E-01
  1.6903E+03  1.3920E+14  1.4020E+14  1.0302E+15  1.3609E-01
  1.6907E+03  1.3924E+14  1.4023E+14  1.0304E+15  1.3609E-01
  1.6911E+03  1.3927E+14  1.4026E+14  1.0306E+15  1.3610E-01
  1.6915E+03  1.3930E+14  1.4030E+14  1.0308E+15  1.3611E-01
  1.6918E+03  1.3934E+14  1.4033E+14  1.0310E+15  1.3612E-01
  1.6922E+03  1.3937E+14  1.4037E+14  1.0312E+15  1.3613E-01
  1.6926E+03  1.3941E+14  1.4040E+14  1.0314E+15  1.3613E-01
  1.6930E+03  1.3944E+14  1.4044E+14  1.0316E+15  1.3614E-01
  1.6933E+03  1.3948E+14  1.4047E+14  1.0317E+15  1.3615E-01
  1.6937E+03  1.3951E+14  1.4050E+14  1.0319E+15  1.3616E-01
  1.6941E+03  1.3954E+14  1.4054E+14  1.0321E+15  1.3616E-01
  1.6945E+03  1.3958E+14  1.4057E+14  1.0323E+15  1.3617E-01
  1.6948E+03  1.3961E+14  1.4061E+14  1.0325E+15  1.3618E-01
  1.6952E+03  1.3965E+14  1.4064E+14  1.0327E+15  1.3619E-01
  1.6956E+03  1.3968E+14  1.4068E+14  1.0329E+15  1.3620E-01
  1.6960E+03  1.3972E+14  1.4071E+14  1.0331E+15  1.3620E-01
  1.6963E+03  1.3975E+14  1.4074E+14  1.0333E+15  1.3621E-01
  1.6967E+03  1.3978E+14  1.4078E+14  1.0335E+15  1.3622E-01
  1.6971E+03  1.3982E+14  1.4081E+14  1.0337E+15  1.3623E-01
  1.6975E+03  1.3985E+14  1.4085E+14  1.0339E+15  1.3624E-01
  1.6978E+03  1.3989E+14  1.4088E+14  1.0340E+15  1.3624E-01
  1.6982E+03  1.3992E+14  1.4092E+14  1.0342E+15  1.3625E-01
  1.6986E+03  1.3996E+14  1.4095E+14  1.0344E+15  1.3626E-01
  1.6990E+03  1.3999E+14  1.4098E+14  1.0346E+15  1.3627E-01
  1.6993E+03  1.4003E+14  1.4102E+14  1.0348E+15  1.3627E-01
  1.6997E+03  1.4006E+14  1.4105E+14  1.0350E+15  1.3628E-01
  1.7001E+03  1.4009E+14  1.4109E+14  1.0352E+15  1.3629E-01
  1.7005E+03  1.4013E+14  1.4112E+14  1.0354E+15  1.3630E-01
  1.7008E+03  1.4016E+14  1.4116E+14  1.0356E+15  1.3631E-01
  1.7012E+03  1.4020E+14  1.4119E+14  1.0358E+15  1.3631E-01
  1.7016E+03  1.4023E+14  1.4123E+14  1.0360E+15  1.3632E-01
  1.7020E+03  1.4027E+14  1.4126E+14  1.0362E+15  1.3633E-01
  1.7023E+03  1.4030E+14  1.4129E+14  1.0363E+15  1.3634E-01
  1.7027E+03  1.4033E+14  1.4133E+14  1.0365E+15  1.3635E-01
  1.7031E+03  1.4037E+14  1.4136E+14  1.0367E+15  1.3635E-01
  1.7035E+03  1.4040E+14  1.4140E+14  1.0369E+15  1.3636E-01
  1.7038E+03  1.4044E+14  1.4143E+14  1.0371E+15  1.3637E-01
  1.7042E+03  1.4047E+14  1.4147E+14  1.0373E+15  1.3638E-01
  1.7046E+03  1.4051E+14  1.4150E+14  1.0375E+15  1.3639E-01
  1.7050E+03  1.4054E+14  1.4153E+14  1.0377E+15  1.3639E-01
  1.7053E+03  1.4057E+14  1.4157E+14  1.0379E+15  1.3640E-01
  1.7057E+03  1.4061E+14  1.4160E+14  1.0381E+15  1.3641E-01
  1.7061E+03  1.4064E+14  1.4164E+14  1.0383E+15  1.3642E-01
  1.7065E+03  1.4068E+14  1.4167E+14  1.0385E+15  1.3642E-01
  1.7068E+03  1.4071E+14  1.4171E+14  1.0386E+15  1.3643E-01
  1.7072E+03  1.4075E+14  1.4174E+14  1.0388E+15  1.3644E-01
  1.7076E+03  1.4078E+14  1.4177E+14  1.0390E+15  1.3645E-01
  1.7080E+03  1.4081E+14  1.4181E+14  1.0392E+15  1.3646E-01
  1.7083E+03  1.4085E+14  1.4184E+14  1.0394E+15  1.3646E-01
  1.7087E+03  1.4088E+14  1.4188E+14  1.0396E+15  1.3647E-01
  1.7091E+03  1.4092E+14  1.4191E+14  1.0398E+15  1.3648E-01
  1.7095E+03  1.4095E+14  1.4195E+14  1.0400E+15  1.3649E-01
  1.7098E+03  1.4099E+14  1.4198E+14  1.0402E+15  1.3650E-01
  1.7102E+03  1.4102E+14  1.4201E+14  1.0404E+15  1.3650E-01
  1.7106E+03  1.4105E+14  1.4205E+14  1.0406E+15  1.3651E-01
  1.7110E+03  1.4109E+14  1.4208E+14  1.0408E+15  1.3652E-01
  1.7113E+03  1.4112E+14  1.4212E+14  1.0409E+15  1.3653E-01
  1.7117E+03  1.4116E+14  1.4215E+14  1.0411E+15  1.3654E-01
  1.7121E+03  1.4119E+14  1.4219E+14  1.0413E+15  1.3654E-01
  1.7125E+03  1.4123E+14  1.4222E+14  1.0415E+15  1.3655E-01
  1.7128E+03  1.4126E+14  1.4225E+14  1.0417E+15  1.3656E-01
  1.7132E+03  1.4129E+14  1.4229E+14  1.0419E+15  1.3657E-01
  1.7136E+03  1.4133E+14  1.4232E+14  1.0421E+15  1.3658E-01
  1.7140E+03  1.4136E+14  1.4236E+14  1.0423E+15  1.3658E-01
  1.7143E+03  1.4140E+14  1.4239E+14  1.0425E+15  1.3659E-01
  1.7147E+03  1.4143E+14  1.4243E+14  1.0427E+15  1.3660E-01
  1.7151E+03  1.4147E+14  1.4246E+14  1.0429E+15  1.3661E-01
  1.7155E+03  1.4150E+14  1.4250E+14  1.0430E+15  1.3661E-01
  1.7158E+03  1.4154E+14  1.4253E+14  1.0432E+15  1.3662E-01
  1.7162E+03  1.4157E+14  1.4256E+14  1.0434E+15  1.3663E-01
  1.7166E+03  1.4160E+14  1.4260E+14  1.0436E+15  1.3664E-01
  1.7170E+03  1.4164E+14  1.4263E+14  1.0438E+15  1.3665E-01
  1.7173E+03  1.4167E+14  1.4267E+14  1.0440E+15  1.3665E-01
  1.7177E+03  1.4171E+14  1.4270E+14  1.0442E+15  1.3666E-01
  1.7181E+03  1.4174E+14  1.4274E+14  1.0444E+15  1.3667E-01
  1.7185E+03  1.4178E+14  1.4277E+14  1.0446E+15  1.3668E-01
  1.7188E+03  1.4181E+14  1.4280E+14  1.0448E+15  1.3669E-01
  1.7192E+03  1.4184E+14  1.4284E+14  1.0450E+15  1.3669E-01
  1.7196E+03  1.4188E+14  1.4287E+14  1.0451E+15  1.3670E-01
  1.7200E+03  1.4191E+14  1.4291E+14  1.0453E+15  1.3671E-01
  1.7203E+03  1.4195E+14  1.4294E+14  1.0455E+15  1.3672E-01
  1.7207E+03  1.4198E+14  1.4298E+14  1.0457E+15  1.3673E-01
  1.7211E+03  1.4202E+14  1.4301E+14  1.0459E+15  1.3673E-01
  1.7215E+03  1.4205E+14  1.4304E+14  1.0461E+15  1.3674E-01
  1.7218E+03  1.4208E+14  1.4308E+14  1.0463E+15  1.3675E-01
  1.7222E+03  1.4212E+14  1.4311E+14  1.0465E+15  1.3676E-01
  1.7226E+03  1.4215E+14  1.4315E+14  1.0467E+15  1.3676E-01
  1.7230E+03  1.4219E+14  1.4318E+14  1.0469E+15  1.3677E-01
  1.7233E+03  1.4222E+14  1.4322E+14  1.0471E+15  1.3678E-01
  1.7237E+03  1.4226E+14  1.4325E+14  1.0472E+15  1.3679E-01
  1.7241E+03  1.4229E+14  1.4329E+14  1.0474E+15  1.3680E-01
  1.7245E+03  1.4233E+14  1.4332E+14  1.0476E+15  1.3680E-01
  1.7248E+03  1.4236E+14  1.4335E+14  1.0478E+15  1.3681E-01
  1.7252E+03  1.4239E+14  1.4339E+14  1.0480E+15  1.3682E-01
  1.7256E+03  1.4243E+14  1.4342E+14  1.0482E+15  1.3683E-01
  1.7260E+03  1.4246E+14  1.4346E+14  1.0484E+15  1.3684E-01
  1.7263E+03  1.4250E+14  1.4349E+14  1.0486E+15  1.3684E-01
  1.7267E+03  1.4253E+14  1.4353E+14  1.0488E+15  1.3685E-01
  1.7271E+03  1.4257E+14  1.4356E+14  1.0490E+15  1.3686E-01
  1.7275E+03  1.4260E+14  1.4359E+14  1.0491E+15  1.3687E-01
  1.7278E+03  1.4263E+14  1.4363E+14  1.0493E+15  1.3688E-01
  1.7282E+03  1.4267E+14  1.4366E+14  1.0495E+15  1.3688E-01
  1.7286E+03  1.4270E+14  1.4370E+14  1.0497E+15  1.3689E-01
  1.7290E+03  1.4274E+14  1.4373E+14  1.0499E+15  1.3690E-01
  1.7293E+03  1.4277E+14  1.4377E+14  1.0501E+15  1.3691E-01
  1.7297E+03  1.4281E+14  1.4380E+14  1.0503E+15  1.3692E-01
  1.7301E+03  1.4284E+14  1.4383E+14  1.0505E+15  1.3692E-01
  1.7305E+03  1.4287E+14  1.4387E+14  1.0507E+15  1.3693E-01
  1.7308E+03  1.4291E+14  1.4390E+14  1.0509E+15  1.3694E-01
  1.7312E+03  1.4294E+14  1.4394E+14  1.0510E+15  1.3695E-01
  1.7316E+03  1.4298E+14  1.4397E+14  1.0512E+15  1.3695E-01
  1.7320E+03  1.4301E+14  1.4401E+14  1.0514E+15  1.3696E-01
  1.7323E+03  1.4305E+14  1.4404E+14  1.0516E+15  1.3697E-01
  1.7327E+03  1.4308E+14  1.4408E+14  1.0518E+15  1.3698E-01
  1.7331E+03  1.4312E+14  1.4411E+14  1.0520E+15  1.3699E-01
  1.7335E+03  1.4315E+14  1.4414E+14  1.0522E+15  1.3699E-01
  1.7338E+03  1.4318E+14  1.4418E+14  1.0524E+15  1.3700E-01
  1.7342E+03  1.4322E+14  1.4421E+14  1.0526E+15  1.3701E-01
  1.7346E+03  1.4325E+14  1.4425E+14  1.0528E+15  1.3702E-01
  1.7350E+03  1.4329E+14  1.4428E+14  1.0529E+15  1.3703E-01
  1.7353E+03  1.4332E+14  1.4432E+14  1.0531E+15  1.3703E-01
  1.7357E+03  1.4336E+14  1.4435E+14  1.0533E+15  1.3704E-01
  1.7361E+03  1.4339E+14  1.4438E+14  1.0535E+15  1.3705E-01
  1.7365E+03  1.4342E+14  1.4442E+14  1.0537E+15  1.3706E-01
  1.7368E+03  1.4346E+14  1.4445E+14  1.0539E+15  1.3707E-01
  1.7372E+03  1.4349E+14  1.4449E+14  1.0541E+15  1.3707E-01
  1.7376E+03  1.4353E+14  1.4452E+14  1.0543E+15  1.3708E-01
  1.7380E+03  1.4356E+14  1.4456E+14  1.0545E+15  1.3709E-01
  1.7383E+03  1.4360E+14  1.4459E+14  1.0547E+15  1.3710E-01
  1.7387E+03  1.4363E+14  1.4463E+14  1.0548E+15  1.3711E-01
  1.7391E+03  1.4367E+14  1.4466E+14  1.0550E+15  1.3711E-01
  1.7395E+03  1.4370E+14  1.4469E+14  1.0552E+15  1.3712E-01
  1.7398E+03  1.4373E+14  1.4473E+14  1.0554E+15  1.3713E-01
  1.7402E+03  1.4377E+14  1.4476E+14  1.0556E+15  1.3714E-01
  1.7406E+03  1.4380E+14  1.4480E+14  1.0558E+15  1.3715E-01
  1.7410E+03  1.4384E+14  1.4483E+14  1.0560E+15  1.3715E-01
  1.7413E+03  1.4387E+14  1.4487E+14  1.0562E+15  1.3716E-01
  1.7417E+03  1.4391E+14  1.4490E+14  1.0564E+15  1.3717E-01
  1.7421E+03  1.4394E+14  1.4493E+14  1.0566E+15  1.3718E-01
  1.7425E+03  1.4397E+14  1.4497E+14  1.0567E+15  1.3718E-01
  1.7428E+03  1.4401E+14  1.4500E+14  1.0569E+15  1.3719E-01
  1.7432E+03  1.4404E+14  1.4504E+14  1.0571E+15  1.3720E-01
  1.7436E+03  1.4408E+14  1.4507E+14  1.0573E+15  1.3721E-01
  1.7440E+03  1.4411E+14  1.4511E+14  1.0575E+15  1.3722E-01
  1.7443E+03  1.4415E+14  1.4514E+14  1.0577E+15  1.3722E-01
  1.7447E+03  1.4418E+14  1.4518E+14  1.0579E+15  1.3723E-01
  1.7451E+03  1.4422E+14  1.4521E+14  1.0581E+15  1.3724E-01
  1.7455E+03  1.4425E+14  1.4524E+14  1.0583E+15  1.3725E-01
  1.7458E+03  1.4428E+14  1.4528E+14  1.0584E+15  1.3726E-01
  1.7462E+03  1.4432E+14  1.4531E+14  1.0586E+15  1.3726E-01
  1.7466E+03  1.4435E+14  1.4535E+14  1.0588E+15  1.3727E-01
  1.7470E+03  1.4439E+14  1.4538E+14  1.0590E+15  1.3728E-01
  1.7473E+03  1.4442E+14  1.4542E+14  1.0592E+15  1.3729E-01
  1.7477E+03  1.4446E+14  1.4545E+14  1.0594E+15  1.3730E-01
  1.7481E+03  1.4449E+14  1.4549E+14  1.0596E+15  1.3730E-01
  1.7485E+03  1.4453E+14  1.4552E+14  1.0598E+15  1.3731E-01
  1.7488E+03  1.4456E+14  1.4555E+14  1.0600E+15  1.3732E-01
  1.7492E+03  1.4459E+14  1.4559E+14  1.0602E+15  1.3733E-01
  1.7496E+03  1.4463E+14  1.4562E+14  1.0603E+15  1.3734E-01
  1.7500E+03  1.4466E+14  1.4566E+14  1.0605E+15  1.3734E-01
  1.7503E+03  1.4470E+14  1.4569E+14  1.0607E+15  1.3735E-01
  1.7507E+03  1.4473E+14  1.4573E+14  1.0609E+15  1.3736E-01
  1.7511E+03  1.4477E+14  1.4576E+14  1.0611E+15  1.3737E-01
  1.7515E+03  1.4480E+14  1.4579E+14  1.0613E+15  1.3738E-01
  1.7518E+03  1.4483E+14  1.4583E+14  1.0615E+15  1.3738E-01
  1.7522E+03  1.4487E+14  1.4586E+14  1.0617E+15  1.3739E-01
  1.7526E+03  1.4490E+14  1.4590E+14  1.0619E+15  1.3740E-01
  1.7530E+03  1.4494E+14  1.4593E+14  1.0620E+15  1.3741E-01
  1.7533E+03  1.4497E+14  1.4597E+14  1.0622E+15  1.3741E-01
  1.7537E+03  1.4501E+14  1.4600E+14  1.0624E+15  1.3742E-01
  1.7541E+03  1.4504E+14  1.4604E+14  1.0626E+15  1.3743E-01
  1.7545E+03  1.4508E+14  1.4607E+14  1.0628E+15  1.3744E-01
  1.7548E+03  1.4511E+14  1.4610E+14  1.0630E+15  1.3745E-01
  1.7552E+03  1.4514E+14  1.4614E+14  1.0632E+15  1.3745E-01
  1.7556E+03  1.4518E+14  1.4617E+14  1.0634E+15  1.3746E-01
  1.7560E+03  1.4521E+14  1.4621E+14  1.0636E+15  1.3747E-01
  1.7563E+03  1.4525E+14  1.4624E+14  1.0637E+15  1.3748E-01
  1.7567E+03  1.4528E+14  1.4628E+14  1.0639E+15  1.3749E-01
  1.7571E+03  1.4532E+14  1.4631E+14  1.0641E+15  1.3749E-01
  1.7575E+03  1.4535E+14  1.4635E+14  1.0643E+15  1.3750E-01
  1.7578E+03  1.4539E+14  1.4638E+14  1.0645E+15  1.3751E-01
  1.7582E+03  1.4542E+14  1.4641E+14  1.0647E+15  1.3752E-01
  1.7586E+03  1.4545E+14  1.4645E+14  1.0649E+15  1.3753E-01
  1.7590E+03  1.4549E+14  1.4648E+14  1.0651E+15  1.3753E-01
  1.7593E+03  1.4552E+14  1.4652E+14  1.0653E+15  1.3754E-01
  1.7597E+03  1.4556E+14  1.4655E+14  1.0654E+15  1.3755E-01
  1.7601E+03  1.4559E+14  1.4659E+14  1.0656E+15  1.3756E-01
  1.7605E+03  1.4563E+14  1.4662E+14  1.0658E+15  1.3757E-01
  1.7608E+03  1.4566E+14  1.4666E+14  1.0660E+15  1.3757E-01
  1.7612E+03  1.4570E+14  1.4669E+14  1.0662E+15  1.3758E-01
  1.7616E+03  1.4573E+14  1.4672E+14  1.0664E+15  1.3759E-01
  1.7620E+03  1.4576E+14  1.4676E+14  1.0666E+15  1.3760E-01
  1.7623E+03  1.4580E+14  1.4679E+14  1.0668E+15  1.3761E-01
  1.7627E+03  1.4583E+14  1.4683E+14  1.0670E+15  1.3761E-01
  1.7631E+03  1.4587E+14  1.4686E+14  1.0671E+15  1.3762E-01
  1.7635E+03  1.4590E+14  1.4690E+14  1.0673E+15  1.3763E-01
  1.7638E+03  1.4594E+14  1.4693E+14  1.0675E+15  1.3764E-01
  1.7642E+03  1.4597E+14  1.4696E+14  1.0677E+15  1.3765E-01
  1.7646E+03  1.4600E+14  1.4700E+14  1.0679E+15  1.3765E-01
  1.7650E+03  1.4604E+14  1.4703E+14  1.0681E+15  1.3766E-01
  1.7653E+03  1.4607E+14  1.4707E+14  1.0683E+15  1.3767E-01
  1.7657E+03  1.4611E+14  1.4710E+14  1.0685E+15  1.3768E-01
  1.7661E+03  1.4614E+14  1.4714E+14  1.0686E+15  1.3769E-01
  1.7665E+03  1.4618E+14  1.4717E+14  1.0688E+15  1.3769E-01
  1.7668E+03  1.4621E+14  1.4721E+14  1.0690E+15  1.3770E-01
  1.7672E+03  1.4625E+14  1.4724E+14  1.0692E+15  1.3771E-01
  1.7676E+03  1.4628E+14  1.4727E+14  1.0694E+15  1.3772E-01
  1.7680E+03  1.4631E+14  1.4731E+14  1.0696E+15  1.3772E-01
  1.7683E+03  1.4635E+14  1.4734E+14  1.0698E+15  1.3773E-01
  1.7687E+03  1.4638E+14  1.4738E+14  1.0700E+15  1.3774E-01
  1.7691E+03  1.4642E+14  1.4741E+14  1.0702E+15  1.3775E-01
  1.7695E+03  1.4645E+14  1.4745E+14  1.0703E+15  1.3776E-01
  1.7698E+03  1.4649E+14  1.4748E+14  1.0705E+15  1.3776E-01
  1.7702E+03  1.4652E+14  1.4752E+14  1.0707E+15  1.3777E-01
  1.7706E+03  1.4656E+14  1.4755E+14  1.0709E+15  1.3778E-01
  1.7710E+03  1.4659E+14  1.4758E+14  1.0711E+15  1.3779E-01
  1.7713E+03  1.4662E+14  1.4762E+14  1.0713E+15  1.3780E-01
  1.7717E+03  1.4666E+14  1.4765E+14  1.0715E+15  1.3780E-01
  1.7721E+03  1.4669E+14  1.4769E+14  1.0717E+15  1.3781E-01
  1.7725E+03  1.4673E+14  1.4772E+14  1.0718E+15  1.3782E-01
  1.7728E+03  1.4676E+14  1.4776E+14  1.0720E+15  1.3783E-01
  1.7732E+03  1.4680E+14  1.4779E+14  1.0722E+15  1.3784E-01
  1.7736E+03  1.4683E+14  1.4783E+14  1.0724E+15  1.3784E-01
  1.7740E+03  1.4687E+14  1.4786E+14  1.0726E+15  1.3785E-01
  1.7743E+03  1.4690E+14  1.4789E+14  1.0728E+15  1.3786E-01
  1.7747E+03  1.4693E+14  1.4793E+14  1.0730E+15  1.3787E-01
  1.7751E+03  1.4697E+14  1.4796E+14  1.0732E+15  1.3788E-01
  1.7755E+03  1.4700E+14  1.4800E+14  1.0734E+15  1.3788E-01
  1.7758E+03  1.4704E+14  1.4803E+14  1.0735E+15  1.3789E-01
  1.7762E+03  1.4707E+14  1.4807E+14  1.0737E+15  1.3790E-01
  1.7766E+03  1.4711E+14  1.4810E+14  1.0739E+15  1.3791E-01
  1.7770E+03  1.4714E+14  1.4814E+14  1.0741E+15  1.3792E-01
  1.7773E+03  1.4718E+14  1.4817E+14  1.0743E+15  1.3792E-01
  1.7777E+03  1.4721E+14  1.4820E+14  1.0745E+15  1.3793E-01
  1.7781E+03  1.4724E+14  1.4824E+14  1.0747E+15  1.3794E-01
  1.7785E+03  1.4728E+14  1.4827E+14  1.0749E+15  1.3795E-01
  1.7788E+03  1.4731E+14  1.4831E+14  1.0750E+15  1.3796E-01
  1.7792E+03  1.4735E+14  1.4834E+14  1.0752E+15  1.3796E-01
  1.7796E+03  1.4738E+14  1.4838E+14  1.0754E+15  1.3797E-01
  1.7800E+03  1.4742E+14  1.4841E+14  1.0756E+15  1.3798E-01
  1.7803E+03  1.4745E+14  1.4845E+14  1.0758E+15  1.3799E-01
  1.7807E+03  1.4749E+14  1.4848E+14  1.0760E+15  1.3800E-01
  1.7811E+03  1.4752E+14  1.4852E+14  1.0762E+15  1.3800E-01
  1.7815E+03  1.4756E+14  1.4855E+14  1.0764E+15  1.3801E-01
  1.7818E+03  1.4759E+14  1.4858E+14  1.0765E+15  1.3802E-01
  1.7822E+03  1.4762E+14  1.4862E+14  1.0767E+15  1.3803E-01
  1.7826E+03  1.4766E+14  1.4865E+14  1.0769E+15  1.3804E-01
  1.7830E+03  1.4769E+14  1.4869E+14  1.0771E+15  1.3804E-01
  1.7833E+03  1.4773E+14  1.4872E+14  1.0773E+15  1.3805E-01
  1.7837E+03  1.4776E+14  1.4876E+14  1.0775E+15  1.3806E-01
  1.7841E+03  1.4780E+14  1.4879E+14  1.0777E+15  1.3807E-01
  1.7845E+03  1.4783E+14  1.4883E+14  1.0779E+15  1.3808E-01
  1.7848E+03  1.4787E+14  1.4886E+14  1.0780E+15  1.3808E-01
  1.7852E+03  1.4790E+14  1.4889E+14  1.0782E+15  1.3809E-01
  1.7856E+03  1.4793E+14  1.4893E+14  1.0784E+15  1.3810E-01
  1.7860E+03  1.4797E+14  1.4896E+14  1.0786E+15  1.3811E-01
  1.7863E+03  1.4800E+14  1.4900E+14  1.0788E+15  1.3812E-01
  1.7867E+03  1.4804E+14  1.4903E+14  1.0790E+15  1.3812E-01
  1.7871E+03  1.4807E+14  1.4907E+14  1.0792E+15  1.3813E-01
  1.7875E+03  1.4811E+14  1.4910E+14  1.0794E+15  1.3814E-01
  1.7878E+03  1.4814E+14  1.4914E+14  1.0795E+15  1.3815E-01
  1.7882E+03  1.4818E+14  1.4917E+14  1.0797E+15  1.3816E-01
  1.7886E+03  1.4821E+14  1.4920E+14  1.0799E+15  1.3816E-01
  1.7890E+03  1.4824E+14  1.4924E+14  1.0801E+15  1.3817E-01
  1.7893E+03  1.4828E+14  1.4927E+14  1.0803E+15  1.3818E-01
  1.7897E+03  1.4831E+14  1.4931E+14  1.0805E+15  1.3819E-01
  1.7901E+03  1.4835E+14  1.4934E+14  1.0807E+15  1.3819E-01
  1.7905E+03  1.4838E+14  1.4938E+14  1.0809E+15  1.3820E-01
  1.7908E+03  1.4842E+14  1.4941E+14  1.0810E+15  1.3821E-01
  1.7912E+03  1.4845E+14  1.4945E+14  1.0812E+15  1.3822E-01
  1.7916E+03  1.4849E+14  1.4948E+14  1.0814E+15  1.3823E-01
  1.7920E+03  1.4852E+14  1.4951E+14  1.0816E+15  1.3823E-01
  1.7923E+03  1.4855E+14  1.4955E+14  1.0818E+15  1.3824E-01
  1.7927E+03  1.4859E+14  1.4958E+14  1.0820E+15  1.3825E-01
  1.7931E+03  1.4862E+14  1.4962E+14  1.0822E+15  1.3826E-01
  1.7935E+03  1.4866E+14  1.4965E+14  1.0823E+15  1.3827E-01
  1.7938E+03  1.4869E+14  1.4969E+14  1.0825E+15  1.3827E-01
  1.7942E+03  1.4873E+14  1.4972E+14  1.0827E+15  1.3828E-01
  1.7946E+03  1.4876E+14  1.4976E+14  1.0829E+15  1.3829E-01
  1.7950E+03  1.4880E+14  1.4979E+14  1.0831E+15  1.3830E-01
  1.7953E+03  1.4883E+14  1.4983E+14  1.0833E+15  1.3831E-01
  1.7957E+03  1.4887E+14  1.4986E+14  1.0835E+15  1.3831E-01
  1.7961E+03  1.4890E+14  1.4989E+14  1.0837E+15  1.3832E-01
  1.7965E+03  1.4893E+14  1.4993E+14  1.0838E+15  1.3833E-01
  1.7968E+03  1.4897E+14  1.4996E+14  1.0840E+15  1.3834E-01
  1.7972E+03  1.4900E+14  1.5000E+14  1.0842E+15  1.3835E-01
  1.7976E+03  1.4904E+14  1.5003E+14  1.0844E+15  1.3835E-01
  1.7980E+03  1.4907E+14  1.5007E+14  1.0846E+15  1.3836E-01
  1.7983E+03  1.4911E+14  1.5010E+14  1.0848E+15  1.3837E-01
  1.7987E+03  1.4914E+14  1.5014E+14  1.0850E+15  1.3838E-01
  1.7991E+03  1.4918E+14  1.5017E+14  1.0852E+15  1.3839E-01
  1.7995E+03  1.4921E+14  1.5020E+14  1.0853E+15  1.3839E-01
  1.7998E+03  1.4924E+14  1.5024E+14  1.0855E+15  1.3840E-01
  1.8002E+03  1.4928E+14  1.5027E+14  1.0857E+15  1.3841E-01
  1.8006E+03  1.4931E+14  1.5031E+14  1.0859E+15  1.3842E-01
  1.8010E+03  1.4935E+14  1.5034E+14  1.0861E+15  1.3843E-01
  1.8014E+03  1.4938E+14  1.5038E+14  1.0863E+15  1.3843E-01
  1.8017E+03  1.4942E+14  1.5041E+14  1.0865E+15  1.3844E-01
  1.8021E+03  1.4945E+14  1.5045E+14  1.0866E+15  1.3845E-01
  1.8025E+03  1.4949E+14  1.5048E+14  1.0868E+15  1.3846E-01
  1.8029E+03  1.4952E+14  1.5052E+14  1.0870E+15  1.3847E-01
  1.8032E+03  1.4956E+14  1.5055E+14  1.0872E+15  1.3847E-01
  1.8036E+03  1.4959E+14  1.5058E+14  1.0874E+15  1.3848E-01
  1.8040E+03  1.4962E+14  1.5062E+14  1.0876E+15  1.3849E-01
  1.8044E+03  1.4966E+14  1.5065E+14  1.0878E+15  1.3850E-01
  1.8047E+03  1.4969E+14  1.5069E+14  1.0880E+15  1.3851E-01
  1.8051E+03  1.4973E+14  1.5072E+14  1.0881E+15  1.3851E-01
  1.8055E+03  1.4976E+14  1.5076E+14  1.0883E+15  1.3852E-01
  1.8059E+03  1.4980E+14  1.5079E+14  1.0885E+15  1.3853E-01
  1.8062E+03  1.4983E+14  1.5083E+14  1.0887E+15  1.3854E-01
  1.8066E+03  1.4987E+14  1.5086E+14  1.0889E+15  1.3855E-01
  1.8070E+03  1.4990E+14  1.5089E+14  1.0891E+15  1.3855E-01
  1.8074E+03  1.4993E+14  1.5093E+14  1.0893E+15  1.3856E-01
  1.8077E+03  1.4997E+14  1.5096E+14  1.0894E+15  1.3857E-01
  1.8081E+03  1.5000E+14  1.5100E+14  1.0896E+15  1.3858E-01
  1.8085E+03  1.5004E+14  1.5103E+14  1.0898E+15  1.3859E-01
  1.8089E+03  1.5007E+14  1.5107E+14  1.0900E+15  1.3859E-01
  1.8092E+03  1.5011E+14  1.5110E+14  1.0902E+15  1.3860E-01
  1.8096E+03  1.5014E+14  1.5114E+14  1.0904E+15  1.3861E-01
  1.8100E+03  1.5018E+14  1.5117E+14  1.0906E+15  1.3862E-01
  1.8104E+03  1.5021E+14  1.5121E+14  1.0907E+15  1.3863E-01
  1.8107E+03  1.5025E+14  1.5124E+14  1.0909E+15  1.3863E-01
  1.8111E+03  1.5028E+14  1.5127E+14  1.0911E+15  1.3864E-01
  1.8115E+03  1.5031E+14  1.5131E+14  1.0913E+15  1.3865E-01
  1.8119E+03  1.5035E+14  1.5134E+14  1.0915E+15  1.3866E-01
  1.8122E+03  1.5038E+14  1.5138E+14  1.0917E+15  1.3867E-01
  1.8126E+03  1.5042E+14  1.5141E+14  1.0919E+15  1.3867E-01
  1.8130E+03  1.5045E+14  1.5145E+14  1.0920E+15  1.3868E-01
  1.8134E+03  1.5049E+14  1.5148E+14  1.0922E+15  1.3869E-01
  1.8137E+03  1.5052E+14  1.5152E+14  1.0924E+15  1.3870E-01
  1.8141E+03  1.5056E+14  1.5155E+14  1.0926E+15  1.3871E-01
  1.8145E+03  1.5059E+14  1.5159E+14  1.0928E+15  1.3871E-01
  1.8149E+03  1.5063E+14  1.5162E+14  1.0930E+15  1.3872E-01
  1.8152E+03  1.5066E+14  1.5165E+14  1.0932E+15  1.3873E-01
  1.8156E+03  1.5069E+14  1.5169E+14  1.0933E+15  1.3874E-01
  1.8160E+03  1.5073E+14  1.5172E+14  1.0935E+15  1.3875E-01
  1.8164E+03  1.5076E+14  1.5176E+14  1.0937E+15  1.3875E-01
  1.8167E+03  1.5080E+14  1.5179E+14  1.0939E+15  1.3876E-01
  1.8171E+03  1.5083E+14  1.5183E+14  1.0941E+15  1.3877E-01
  1.8175E+03  1.5087E+14  1.5186E+14  1.0943E+15  1.3878E-01
  1.8179E+03  1.5090E+14  1.5190E+14  1.0945E+15  1.3879E-01
  1.8182E+03  1.5094E+14  1.5193E+14  1.0946E+15  1.3879E-01
  1.8186E+03  1.5097E+14  1.5197E+14  1.0948E+15  1.3880E-01
  1.8190E+03  1.5101E+14  1.5200E+14  1.0950E+15  1.3881E-01
  1.8194E+03  1.5104E+14  1.5203E+14  1.0952E+15  1.3882E-01
  1.8197E+03  1.5107E+14  1.5207E+14  1.0954E+15  1.3883E-01
  1.8201E+03  1.5111E+14  1.5210E+14  1.0956E+15  1.3883E-01
  1.8205E+03  1.5114E+14  1.5214E+14  1.0958E+15  1.3884E-01
  1.8209E+03  1.5118E+14  1.5217E+14  1.0959E+15  1.3885E-01
  1.8212E+03  1.5121E+14  1.5221E+14  1.0961E+15  1.3886E-01
  1.8216E+03  1.5125E+14  1.5224E+14  1.0963E+15  1.3887E-01
  1.8220E+03  1.5128E+14  1.5228E+14  1.0965E+15  1.3887E-01
  1.8224E+03  1.5132E+14  1.5231E+14  1.0967E+15  1.3888E-01
  1.8227E+03  1.5135E+14  1.5235E+14  1.0969E+15  1.3889E-01
  1.8231E+03  1.5139E+14  1.5238E+14  1.0971E+15  1.3890E-01
  1.8235E+03  1.5142E+14  1.5241E+14  1.0972E+15  1.3891E-01
  1.8239E+03  1.5145E+14  1.5245E+14  1.0974E+15  1.3891E-01
  1.8242E+03  1.5149E+14  1.5248E+14  1.0976E+15  1.3892E-01
  1.8246E+03  1.5152E+14  1.5252E+14  1.0978E+15  1.3893E-01
  1.8250E+03  1.5156E+14  1.5255E+14  1.0980E+15  1.3894E-01
  1.8254E+03  1.5159E+14  1.5259E+14  1.0982E+15  1.3895E-01
  1.8257E+03  1.5163E+14  1.5262E+14  1.0984E+15  1.3895E-01
  1.8261E+03  1.5166E+14  1.5266E+14  1.0985E+15  1.3896E-01
  1.8265E+03  1.5170E+14  1.5269E+14  1.0987E+15  1.3897E-01
  1.8269E+03  1.5173E+14  1.5273E+14  1.0989E+15  1.3898E-01
  1.8272E+03  1.5177E+14  1.5276E+14  1.0991E+15  1.3899E-01
  1.8276E+03  1.5180E+14  1.5279E+14  1.0993E+15  1.3899E-01
  1.8280E+03  1.5183E+14  1.5283E+14  1.0995E+15  1.3900E-01
  1.8284E+03  1.5187E+14  1.5286E+14  1.0997E+15  1.3901E-01
  1.8287E+03  1.5190E+14  1.5290E+14  1.0998E+15  1.3902E-01
  1.8291E+03  1.5194E+14  1.5293E+14  1.1000E+15  1.3903E-01
  1.8295E+03  1.5197E+14  1.5297E+14  1.1002E+15  1.3903E-01
  1.8299E+03  1.5201E+14  1.5300E+14  1.1004E+15  1.3904E-01
  1.8302E+03  1.5204E+14  1.5304E+14  1.1006E+15  1.3905E-01
  1.8306E+03  1.5208E+14  1.5307E+14  1.1008E+15  1.3906E-01
  1.8310E+03  1.5211E+14  1.5311E+14  1.1010E+15  1.3907E-01
  1.8314E+03  1.5215E+14  1.5314E+14  1.1011E+15  1.3907E-01
  1.8317E+03  1.5218E+14  1.5318E+14  1.1013E+15  1.3908E-01
  1.8321E+03  1.5222E+14  1.5321E+14  1.1015E+15  1.3909E-01
  1.8325E+03  1.5225E+14  1.5324E+14  1.1017E+15  1.3910E-01
  1.8329E+03  1.5228E+14  1.5328E+14  1.1019E+15  1.3911E-01
  1.8332E+03  1.5232E+14  1.5331E+14  1.1021E+15  1.3911E-01
  1.8336E+03  1.5235E+14  1.5335E+14  1.1023E+15  1.3912E-01
  1.8340E+03  1.5239E+14  1.5338E+14  1.1024E+15  1.3913E-01
  1.8344E+03  1.5242E+14  1.5342E+14  1.1026E+15  1.3914E-01
  1.8347E+03  1.5246E+14  1.5345E+14  1.1028E+15  1.3915E-01
  1.8351E+03  1.5249E+14  1.5349E+14  1.1030E+15  1.3915E-01
  1.8355E+03  1.5253E+14  1.5352E+14  1.1032E+15  1.3916E-01
  1.8359E+03  1.5256E+14  1.5356E+14  1.1034E+15  1.3917E-01
  1.8362E+03  1.5260E+14  1.5359E+14  1.1035E+15  1.3918E-01
  1.8366E+03  1.5263E+14  1.5362E+14  1.1037E+15  1.3919E-01
  1.8370E+03  1.5266E+14  1.5366E+14  1.1039E+15  1.3919E-01
  1.8374E+03  1.5270E+14  1.5369E+14  1.1041E+15  1.3920E-01
  1.8377E+03  1.5273E+14  1.5373E+14  1.1043E+15  1.3921E-01
  1.8381E+03  1.5277E+14  1.5376E+14  1.1045E+15  1.3922E-01
  1.8385E+03  1.5280E+14  1.5380E+14  1.1047E+15  1.3923E-01
  1.8389E+03  1.5284E+14  1.5383E+14  1.1048E+15  1.3923E-01
  1.8392E+03  1.5287E+14  1.5387E+14  1.1050E+15  1.3924E-01
  1.8396E+03  1.5291E+14  1.5390E+14  1.1052E+15  1.3925E-01
  1.8400E+03  1.5294E+14  1.5394E+14  1.1054E+15  1.3926E-01
  1.8404E+03  1.5298E+14  1.5397E+14  1.1056E+15  1.3927E-01
  1.8407E+03  1.5301E+14  1.5401E+14  1.1058E+15  1.3927E-01
  1.8411E+03  1.5305E+14  1.5404E+14  1.1059E+15  1.3928E-01
  1.8415E+03  1.5308E+14  1.5407E+14  1.1061E+15  1.3929E-01
  1.8419E+03  1.5311E+14  1.5411E+14  1.1063E+15  1.3930E-01
  1.8422E+03  1.5315E+14  1.5414E+14  1.1065E+15  1.3931E-01
  1.8426E+03  1.5318E+14  1.5418E+14  1.1067E+15  1.3932E-01
  1.8430E+03  1.5322E+14  1.5421E+14  1.1069E+15  1.3932E-01
  1.8434E+03  1.5325E+14  1.5425E+14  1.1071E+15  1.3933E-01
  1.8437E+03  1.5329E+14  1.5428E+14  1.1072E+15  1.3934E-01
  1.8441E+03  1.5332E+14  1.5432E+14  1.1074E+15  1.3935E-01
  1.8445E+03  1.5336E+14  1.5435E+14  1.1076E+15  1.3936E-01
  1.8449E+03  1.5339E+14  1.5439E+14  1.1078E+15  1.3936E-01
  1.8452E+03  1.5343E+14  1.5442E+14  1.1080E+15  1.3937E-01
  1.8456E+03  1.5346E+14  1.5445E+14  1.1082E+15  1.3938E-01
  1.8460E+03  1.5349E+14  1.5449E+14  1.1083E+15  1.3939E-01
  1.8464E+03  1.5353E+14  1.5452E+14  1.1085E+15  1.3940E-01
  1.8467E+03  1.5356E+14  1.5456E+14  1.1087E+15  1.3940E-01
  1.8471E+03  1.5360E+14  1.5459E+14  1.1089E+15  1.3941E-01
  1.8475E+03  1.5363E+14  1.5463E+14  1.1091E+15  1.3942E-01
  1.8479E+03  1.5367E+14  1.5466E+14  1.1093E+15  1.3943E-01
  1.8482E+03  1.5370E+14  1.5470E+14  1.1095E+15  1.3944E-01
  1.8486E+03  1.5374E+14  1.5473E+14  1.1096E+15  1.3944E-01
  1.8490E+03  1.5377E+14  1.5477E+14  1.1098E+15  1.3945E-01
  1.8494E+03  1.5381E+14  1.5480E+14  1.1100E+15  1.3946E-01
  1.8497E+03  1.5384E+14  1.5484E+14  1.1102E+15  1.3947E-01
  1.8501E+03  1.5388E+14  1.5487E+14  1.1104E+15  1.3948E-01
  1.8505E+03  1.5391E+14  1.5490E+14  1.1106E+15  1.3948E-01
  1.8509E+03  1.5394E+14  1.5494E+14  1.1107E+15  1.3949E-01
  1.8512E+03  1.5398E+14  1.5497E+14  1.1109E+15  1.3950E-01
  1.8516E+03  1.5401E+14  1.5501E+14  1.1111E+15  1.3951E-01
  1.8520E+03  1.5405E+14  1.5504E+14  1.1113E+15  1.3952E-01
  1.8524E+03  1.5408E+14  1.5508E+14  1.1115E+15  1.3952E-01
  1.8527E+03  1.5412E+14  1.5511E+14  1.1117E+15  1.3953E-01
  1.8531E+03  1.5415E+14  1.5515E+14  1.1118E+15  1.3954E-01
  1.8535E+03  1.5419E+14  1.5518E+14  1.1120E+15  1.3955E-01
  1.8539E+03  1.5422E+14  1.5522E+14  1.1122E+15  1.3956E-01
  1.8542E+03  1.5426E+14  1.5525E+14  1.1124E+15  1.3956E-01
  1.8546E+03  1.5429E+14  1.5529E+14  1.1126E+15  1.3957E-01
  1.8550E+03  1.5433E+14  1.5532E+14  1.1128E+15  1.3958E-01
  1.8554E+03  1.5436E+14  1.5535E+14  1.1130E+15  1.3959E-01
  1.8557E+03  1.5439E+14  1.5539E+14  1.1131E+15  1.3960E-01
  1.8561E+03  1.5443E+14  1.5542E+14  1.1133E+15  1.3960E-01
  1.8565E+03  1.5446E+14  1.5546E+14  1.1135E+15  1.3961E-01
  1.8569E+03  1.5450E+14  1.5549E+14  1.1137E+15  1.3962E-01
  1.8572E+03  1.5453E+14  1.5553E+14  1.1139E+15  1.3963E-01
  1.8576E+03  1.5457E+14  1.5556E+14  1.1141E+15  1.3964E-01
  1.8580E+03  1.5460E+14  1.5560E+14  1.1142E+15  1.3964E-01
  1.8584E+03  1.5464E+14  1.5563E+14  1.1144E+15  1.3965E-01
  1.8587E+03  1.5467E+14  1.5567E+14  1.1146E+15  1.3966E-01
  1.8591E+03  1.5471E+14  1.5570E+14  1.1148E+15  1.3967E-01
  1.8595E+03  1.5474E+14  1.5574E+14  1.1150E+15  1.3968E-01
  1.8599E+03  1.5478E+14  1.5577E+14  1.1152E+15  1.3968E-01
  1.8602E+03  1.5481E+14  1.5581E+14  1.1153E+15  1.3969E-01
  1.8606E+03  1.5485E+14  1.5584E+14  1.1155E+15  1.3970E-01
  1.8610E+03  1.5488E+14  1.5587E+14  1.1157E+15  1.3971E-01
  1.8614E+03  1.5491E+14  1.5591E+14  1.1159E+15  1.3972E-01
  1.8617E+03  1.5495E+14  1.5594E+14  1.1161E+15  1.3972E-01
  1.8621E+03  1.5498E+14  1.5598E+14  1.1163E+15  1.3973E-01
  1.8625E+03  1.5502E+14  1.5601E+14  1.1164E+15  1.3974E-01
  1.8629E+03  1.5505E+14  1.5605E+14  1.1166E+15  1.3975E-01
  1.8632E+03  1.5509E+14  1.5608E+14  1.1168E+15  1.3976E-01
  1.8636E+03  1.5512E+14  1.5612E+14  1.1170E+15  1.3977E-01
  1.8640E+03  1.5516E+14  1.5615E+14  1.1172E+15  1.3977E-01
  1.8644E+03  1.5519E+14  1.5619E+14  1.1174E+15  1.3978E-01
  1.8647E+03  1.5523E+14  1.5622E+14  1.1175E+15  1.3979E-01
  1.8651E+03  1.5526E+14  1.5626E+14  1.1177E+15  1.3980E-01
  1.8655E+03  1.5530E+14  1.5629E+14  1.1179E+15  1.3981E-01
  1.8659E+03  1.5533E+14  1.5632E+14  1.1181E+15  1.3981E-01
  1.8662E+03  1.5536E+14  1.5636E+14  1.1183E+15  1.3982E-01
  1.8666E+03  1.5540E+14  1.5639E+14  1.1185E+15  1.3983E-01
  1.8670E+03  1.5543E+14  1.5643E+14  1.1186E+15  1.3984E-01
  1.8674E+03  1.5547E+14  1.5646E+14  1.1188E+15  1.3985E-01
  1.8677E+03  1.5550E+14  1.5650E+14  1.1190E+15  1.3985E-01
  1.8681E+03  1.5554E+14  1.5653E+14  1.1192E+15  1.3986E-01
  1.8685E+03  1.5557E+14  1.5657E+14  1.1194E+15  1.3987E-01
  1.8689E+03  1.5561E+14  1.5660E+14  1.1196E+15  1.3988E-01
  1.8692E+03  1.5564E+14  1.5664E+14  1.1197E+15  1.3989E-01
  1.8696E+03  1.5568E+14  1.5667E+14  1.1199E+15  1.3989E-01
  1.8700E+03  1.5571E+14  1.5671E+14  1.1201E+15  1.3990E-01
  1.8704E+03  1.5575E+14  1.5674E+14  1.1203E+15  1.3991E-01
  1.8707E+03  1.5578E+14  1.5678E+14  1.1205E+15  1.3992E-01
  1.8711E+03  1.5582E+14  1.5681E+14  1.1207E+15  1.3993E-01
  1.8715E+03  1.5585E+14  1.5684E+14  1.1208E+15  1.3993E-01
  1.8719E+03  1.5588E+14  1.5688E+14  1.1210E+15  1.3994E-01
  1.8722E+03  1.5592E+14  1.5691E+14  1.1212E+15  1.3995E-01
  1.8726E+03  1.5595E+14  1.5695E+14  1.1214E+15  1.3996E-01
  1.8730E+03  1.5599E+14  1.5698E+14  1.1216E+15  1.3997E-01
  1.8734E+03  1.5602E+14  1.5702E+14  1.1218E+15  1.3997E-01
  1.8737E+03  1.5606E+14  1.5705E+14  1.1219E+15  1.3998E-01
  1.8741E+03  1.5609E+14  1.5709E+14  1.1221E+15  1.3999E-01
  1.8745E+03  1.5613E+14  1.5712E+14  1.1223E+15  1.4000E-01
  1.8749E+03  1.5616E+14  1.5716E+14  1.1225E+15  1.4001E-01
  1.8752E+03  1.5620E+14  1.5719E+14  1.1227E+15  1.4001E-01
  1.8756E+03  1.5623E+14  1.5723E+14  1.1229E+15  1.4002E-01
  1.8760E+03  1.5627E+14  1.5726E+14  1.1230E+15  1.4003E-01
  1.8764E+03  1.5630E+14  1.5730E+14  1.1232E+15  1.4004E-01
  1.8767E+03  1.5634E+14  1.5733E+14  1.1234E+15  1.4005E-01
  1.8771E+03  1.5637E+14  1.5736E+14  1.1236E+15  1.4005E-01
  1.8775E+03  1.5640E+14  1.5740E+14  1.1238E+15  1.4006E-01
  1.8779E+03  1.5644E+14  1.5743E+14  1.1240E+15  1.4007E-01
  1.8782E+03  1.5647E+14  1.5747E+14  1.1241E+15  1.4008E-01
  1.8786E+03  1.5651E+14  1.5750E+14  1.1243E+15  1.4009E-01
  1.8790E+03  1.5654E+14  1.5754E+14  1.1245E+15  1.4010E-01
  1.8794E+03  1.5658E+14  1.5757E+14  1.1247E+15  1.4010E-01
  1.8797E+03  1.5661E+14  1.5761E+14  1.1249E+15  1.4011E-01
  1.8801E+03  1.5665E+14  1.5764E+14  1.1251E+15  1.4012E-01
  1.8805E+03  1.5668E+14  1.5768E+14  1.1252E+15  1.4013E-01
  1.8809E+03  1.5672E+14  1.5771E+14  1.1254E+15  1.4014E-01
  1.8812E+03  1.5675E+14  1.5775E+14  1.1256E+15  1.4014E-01
  1.8816E+03  1.5679E+14  1.5778E+14  1.1258E+15  1.4015E-01
  1.8820E+03  1.5682E+14  1.5782E+14  1.1260E+15  1.4016E-01
  1.8824E+03  1.5686E+14  1.5785E+14  1.1262E+15  1.4017E-01
  1.8827E+03  1.5689E+14  1.5788E+14  1.1263E+15  1.4018E-01
  1.8831E+03  1.5692E+14  1.5792E+14  1.1265E+15  1.4018E-01
  1.8835E+03  1.5696E+14  1.5795E+14  1.1267E+15  1.4019E-01
  1.8839E+03  1.5699E+14  1.5799E+14  1.1269E+15  1.4020E-01
  1.8842E+03  1.5703E+14  1.5802E+14  1.1271E+15  1.4021E-01
  1.8846E+03  1.5706E+14  1.5806E+14  1.1272E+15  1.4022E-01
  1.8850E+03  1.5710E+14  1.5809E+14  1.1274E+15  1.4022E-01
  1.8854E+03  1.5713E+14  1.5813E+14  1.1276E+15  1.4023E-01
  1.8857E+03  1.5717E+14  1.5816E+14  1.1278E+15  1.4024E-01
  1.8861E+03  1.5720E+14  1.5820E+14  1.1280E+15  1.4025E-01
  1.8865E+03  1.5724E+14  1.5823E+14  1.1282E+15  1.4026E-01
  1.8869E+03  1.5727E+14  1.5827E+14  1.1283E+15  1.4026E-01
  1.8872E+03  1.5731E+14  1.5830E+14  1.1285E+15  1.4027E-01
  1.8876E+03  1.5734E+14  1.5834E+14  1.1287E+15  1.4028E-01
  1.8880E+03  1.5738E+14  1.5837E+14  1.1289E+15  1.4029E-01
  1.8884E+03  1.5741E+14  1.5841E+14  1.1291E+15  1.4030E-01
  1.8887E+03  1.5745E+14  1.5844E+14  1.1293E+15  1.4030E-01
  1.8891E+03  1.5748E+14  1.5847E+14  1.1294E+15  1.4031E-01
  1.8895E+03  1.5751E+14  1.5851E+14  1.1296E+15  1.4032E-01
  1.8899E+03  1.5755E+14  1.5854E+14  1.1298E+15  1.4033E-01
  1.8902E+03  1.5758E+14  1.5858E+14  1.1300E+15  1.4034E-01
  1.8906E+03  1.5762E+14  1.5861E+14  1.1302E+15  1.4035E-01
  1.8910E+03  1.5765E+14  1.5865E+14  1.1303E+15  1.4035E-01
  1.8914E+03  1.5769E+14  1.5868E+14  1.1305E+15  1.4036E-01
  1.8917E+03  1.5772E+14  1.5872E+14  1.1307E+15  1.4037E-01
  1.8921E+03  1.5776E+14  1.5875E+14  1.1309E+15  1.4038E-01
  1.8925E+03  1.5779E+14  1.5879E+14  1.1311E+15  1.4039E-01
  1.8929E+03  1.5783E+14  1.5882E+14  1.1313E+15  1.4039E-01
  1.8932E+03  1.5786E+14  1.5886E+14  1.1314E+15  1.4040E-01
  1.8936E+03  1.5790E+14  1.5889E+14  1.1316E+15  1.4041E-01
  1.8940E+03  1.5793E+14  1.5893E+14  1.1318E+15  1.4042E-01
  1.8944E+03  1.5797E+14  1.5896E+14  1.1320E+15  1.4043E-01
  1.8947E+03  1.5800E+14  1.5900E+14  1.1322E+15  1.4043E-01
  1.8951E+03  1.5804E+14  1.5903E+14  1.1324E+15  1.4044E-01
  1.8955E+03  1.5807E+14  1.5906E+14  1.1325E+15  1.4045E-01
  1.8959E+03  1.5810E+14  1.5910E+14  1.1327E+15  1.4046E-01
  1.8962E+03  1.5814E+14  1.5913E+14  1.1329E+15  1.4047E-01
  1.8966E+03  1.5817E+14  1.5917E+14  1.1331E+15  1.4047E-01
  1.8970E+03  1.5821E+14  1.5920E+14  1.1333E+15  1.4048E-01
  1.8974E+03  1.5824E+14  1.5924E+14  1.1334E+15  1.4049E-01
  1.8977E+03  1.5828E+14  1.5927E+14  1.1336E+15  1.4050E-01
  1.8981E+03  1.5831E+14  1.5931E+14  1.1338E+15  1.4051E-01
  1.8985E+03  1.5835E+14  1.5934E+14  1.1340E+15  1.4051E-01
  1.8989E+03  1.5838E+14  1.5938E+14  1.1342E+15  1.4052E-01
  1.8992E+03  1.5842E+14  1.5941E+14  1.1344E+15  1.4053E-01
  1.8996E+03  1.5845E+14  1.5945E+14  1.1345E+15  1.4054E-01
  1.9000E+03  1.5849E+14  1.5948E+14  1.1347E+15  1.4055E-01
  1.9004E+03  1.5852E+14  1.5952E+14  1.1349E+15  1.4056E-01
  1.9007E+03  1.5856E+14  1.5955E+14  1.1351E+15  1.4056E-01
  1.9011E+03  1.5859E+14  1.5959E+14  1.1353E+15  1.4057E-01
  1.9015E+03  1.5863E+14  1.5962E+14  1.1354E+15  1.4058E-01
  1.9019E+03  1.5866E+14  1.5966E+14  1.1356E+15  1.4059E-01
  1.9022E+03  1.5870E+14  1.5969E+14  1.1358E+15  1.4060E-01
  1.9026E+03  1.5873E+14  1.5972E+14  1.1360E+15  1.4060E-01
  1.9030E+03  1.5876E+14  1.5976E+14  1.1362E+15  1.4061E-01
  1.9034E+03  1.5880E+14  1.5979E+14  1.1364E+15  1.4062E-01
  1.9037E+03  1.5883E+14  1.5983E+14  1.1365E+15  1.4063E-01
  1.9041E+03  1.5887E+14  1.5986E+14  1.1367E+15  1.4064E-01
  1.9045E+03  1.5890E+14  1.5990E+14  1.1369E+15  1.4064E-01
  1.9049E+03  1.5894E+14  1.5993E+14  1.1371E+15  1.4065E-01
  1.9052E+03  1.5897E+14  1.5997E+14  1.1373E+15  1.4066E-01
  1.9056E+03  1.5901E+14  1.6000E+14  1.1374E+15  1.4067E-01
  1.9060E+03  1.5904E+14  1.6004E+14  1.1376E+15  1.4068E-01
  1.9064E+03  1.5908E+14  1.6007E+14  1.1378E+15  1.4068E-01
  1.9067E+03  1.5911E+14  1.6011E+14  1.1380E+15  1.4069E-01
  1.9071E+03  1.5915E+14  1.6014E+14  1.1382E+15  1.4070E-01
  1.9075E+03  1.5918E+14  1.6018E+14  1.1384E+15  1.4071E-01
  1.9079E+03  1.5922E+14  1.6021E+14  1.1385E+15  1.4072E-01
  1.9082E+03  1.5925E+14  1.6025E+14  1.1387E+15  1.4073E-01
  1.9086E+03  1.5929E+14  1.6028E+14  1.1389E+15  1.4073E-01
  1.9090E+03  1.5932E+14  1.6032E+14  1.1391E+15  1.4074E-01
  1.9094E+03  1.5936E+14  1.6035E+14  1.1393E+15  1.4075E-01
  1.9097E+03  1.5939E+14  1.6039E+14  1.1394E+15  1.4076E-01
  1.9101E+03  1.5942E+14  1.6042E+14  1.1396E+15  1.4077E-01
  1.9105E+03  1.5946E+14  1.6045E+14  1.1398E+15  1.4077E-01
  1.9109E+03  1.5949E+14  1.6049E+14  1.1400E+15  1.4078E-01
  1.9112E+03  1.5953E+14  1.6052E+14  1.1402E+15  1.4079E-01
  1.9116E+03  1.5956E+14  1.6056E+14  1.1404E+15  1.4080E-01
  1.9120E+03  1.5960E+14  1.6059E+14  1.1405E+15  1.4081E-01
  1.9124E+03  1.5963E+14  1.6063E+14  1.1407E+15  1.4081E-01
  1.9127E+03  1.5967E+14  1.6066E+14  1.1409E+15  1.4082E-01
  1.9131E+03  1.5970E+14  1.6070E+14  1.1411E+15  1.4083E-01
  1.9135E+03  1.5974E+14  1.6073E+14  1.1413E+15  1.4084E-01
  1.9139E+03  1.5977E+14  1.6077E+14  1.1414E+15  1.4085E-01
  1.9142E+03  1.5981E+14  1.6080E+14  1.1416E+15  1.4085E-01
  1.9146E+03  1.5984E+14  1.6084E+14  1.1418E+15  1.4086E-01
  1.9150E+03  1.5988E+14  1.6087E+14  1.1420E+15  1.4087E-01
  1.9154E+03  1.5991E+14  1.6091E+14  1.1422E+15  1.4088E-01
  1.9157E+03  1.5995E+14  1.6094E+14  1.1423E+15  1.4089E-01
  1.9161E+03  1.5998E+14  1.6098E+14  1.1425E+15  1.4089E-01
  1.9165E+03  1.6002E+14  1.6101E+14  1.1427E+15  1.4090E-01
  1.9169E+03  1.6005E+14  1.6105E+14  1.1429E+15  1.4091E-01
  1.9172E+03  1.6009E+14  1.6108E+14  1.1431E+15  1.4092E-01
  1.9176E+03  1.6012E+14  1.6112E+14  1.1432E+15  1.4093E-01
  1.9180E+03  1.6016E+14  1.6115E+14  1.1434E+15  1.4094E-01
  1.9184E+03  1.6019E+14  1.6118E+14  1.1436E+15  1.4094E-01
  1.9187E+03  1.6022E+14  1.6122E+14  1.1438E+15  1.4095E-01
  1.9191E+03  1.6026E+14  1.6125E+14  1.1440E+15  1.4096E-01
  1.9195E+03  1.6029E+14  1.6129E+14  1.1442E+15  1.4097E-01
  1.9199E+03  1.6033E+14  1.6132E+14  1.1443E+15  1.4098E-01
  1.9202E+03  1.6036E+14  1.6136E+14  1.1445E+15  1.4098E-01
  1.9206E+03  1.6040E+14  1.6139E+14  1.1447E+15  1.4099E-01
  1.9210E+03  1.6043E+14  1.6143E+14  1.1449E+15  1.4100E-01
  1.9214E+03  1.6047E+14  1.6146E+14  1.1451E+15  1.4101E-01
  1.9217E+03  1.6050E+14  1.6150E+14  1.1452E+15  1.4102E-01
  1.9221E+03  1.6054E+14  1.6153E+14  1.1454E+15  1.4102E-01
  1.9225E+03  1.6057E+14  1.6157E+14  1.1456E+15  1.4103E-01
  1.9229E+03  1.6061E+14  1.6160E+14  1.1458E+15  1.4104E-01
  1.9232E+03  1.6064E+14  1.6164E+14  1.1460E+15  1.4105E-01
  1.9236E+03  1.6068E+14  1.6167E+14  1.1461E+15  1.4106E-01
  1.9240E+03  1.6071E+14  1.6171E+14  1.1463E+15  1.4107E-01
  1.9244E+03  1.6075E+14  1.6174E+14  1.1465E+15  1.4107E-01
  1.9247E+03  1.6078E+14  1.6178E+14  1.1467E+15  1.4108E-01
  1.9251E+03  1.6082E+14  1.6181E+14  1.1469E+15  1.4109E-01
  1.9255E+03  1.6085E+14  1.6185E+14  1.1470E+15  1.4110E-01
  1.9259E+03  1.6089E+14  1.6188E+14  1.1472E+15  1.4111E-01
  1.9262E+03  1.6092E+14  1.6192E+14  1.1474E+15  1.4111E-01
  1.9266E+03  1.6096E+14  1.6195E+14  1.1476E+15  1.4112E-01
  1.9270E+03  1.6099E+14  1.6198E+14  1.1478E+15  1.4113E-01
  1.9274E+03  1.6102E+14  1.6202E+14  1.1480E+15  1.4114E-01
  1.9277E+03  1.6106E+14  1.6205E+14  1.1481E+15  1.4115E-01
  1.9281E+03  1.6109E+14  1.6209E+14  1.1483E+15  1.4115E-01
  1.9285E+03  1.6113E+14  1.6212E+14  1.1485E+15  1.4116E-01
  1.9289E+03  1.6116E+14  1.6216E+14  1.1487E+15  1.4117E-01
  1.9292E+03  1.6120E+14  1.6219E+14  1.1489E+15  1.4118E-01
  1.9296E+03  1.6123E+14  1.6223E+14  1.1490E+15  1.4119E-01
  1.9300E+03  1.6127E+14  1.6226E+14  1.1492E+15  1.4119E-01
  1.9304E+03  1.6130E+14  1.6230E+14  1.1494E+15  1.4120E-01
  1.9307E+03  1.6134E+14  1.6233E+14  1.1496E+15  1.4121E-01
  1.9311E+03  1.6137E+14  1.6237E+14  1.1498E+15  1.4122E-01
  1.9315E+03  1.6141E+14  1.6240E+14  1.1499E+15  1.4123E-01
  1.9319E+03  1.6144E+14  1.6244E+14  1.1501E+15  1.4124E-01
  1.9322E+03  1.6148E+14  1.6247E+14  1.1503E+15  1.4124E-01
  1.9326E+03  1.6151E+14  1.6251E+14  1.1505E+15  1.4125E-01
  1.9330E+03  1.6155E+14  1.6254E+14  1.1507E+15  1.4126E-01
  1.9334E+03  1.6158E+14  1.6258E+14  1.1508E+15  1.4127E-01
  1.9337E+03  1.6162E+14  1.6261E+14  1.1510E+15  1.4128E-01
  1.9341E+03  1.6165E+14  1.6265E+14  1.1512E+15  1.4128E-01
  1.9345E+03  1.6169E+14  1.6268E+14  1.1514E+15  1.4129E-01
  1.9349E+03  1.6172E+14  1.6272E+14  1.1516E+15  1.4130E-01
  1.9352E+03  1.6176E+14  1.6275E+14  1.1517E+15  1.4131E-01
  1.9356E+03  1.6179E+14  1.6279E+14  1.1519E+15  1.4132E-01
  1.9360E+03  1.6183E+14  1.6282E+14  1.1521E+15  1.4132E-01
  1.9364E+03  1.6186E+14  1.6286E+14  1.1523E+15  1.4133E-01
  1.9367E+03  1.6190E+14  1.6289E+14  1.1525E+15  1.4134E-01
  1.9371E+03  1.6193E+14  1.6292E+14  1.1526E+15  1.4135E-01
  1.9375E+03  1.6196E+14  1.6296E+14  1.1528E+15  1.4136E-01
  1.9379E+03  1.6200E+14  1.6299E+14  1.1530E+15  1.4137E-01
  1.9382E+03  1.6203E+14  1.6303E+14  1.1532E+15  1.4137E-01
  1.9386E+03  1.6207E+14  1.6306E+14  1.1534E+15  1.4138E-01
  1.9390E+03  1.6210E+14  1.6310E+14  1.1535E+15  1.4139E-01
  1.9394E+03  1.6214E+14  1.6313E+14  1.1537E+15  1.4140E-01
  1.9397E+03  1.6217E+14  1.6317E+14  1.1539E+15  1.4141E-01
  1.9401E+03  1.6221E+14  1.6320E+14  1.1541E+15  1.4141E-01
  1.9405E+03  1.6224E+14  1.6324E+14  1.1543E+15  1.4142E-01
  1.9409E+03  1.6228E+14  1.6327E+14  1.1544E+15  1.4143E-01
  1.9412E+03  1.6231E+14  1.6331E+14  1.1546E+15  1.4144E-01
  1.9416E+03  1.6235E+14  1.6334E+14  1.1548E+15  1.4145E-01
  1.9420E+03  1.6238E+14  1.6338E+14  1.1550E+15  1.4145E-01
  1.9424E+03  1.6242E+14  1.6341E+14  1.1552E+15  1.4146E-01
  1.9427E+03  1.6245E+14  1.6345E+14  1.1553E+15  1.4147E-01
  1.9431E+03  1.6249E+14  1.6348E+14  1.1555E+15  1.4148E-01
  1.9435E+03  1.6252E+14  1.6352E+14  1.1557E+15  1.4149E-01
  1.9439E+03  1.6256E+14  1.6355E+14  1.1559E+15  1.4150E-01
  1.9442E+03  1.6259E+14  1.6359E+14  1.1561E+15  1.4150E-01
  1.9446E+03  1.6263E+14  1.6362E+14  1.1562E+15  1.4151E-01
  1.9450E+03  1.6266E+14  1.6366E+14  1.1564E+15  1.4152E-01
  1.9454E+03  1.6270E+14  1.6369E+14  1.1566E+15  1.4153E-01
  1.9457E+03  1.6273E+14  1.6373E+14  1.1568E+15  1.4154E-01
  1.9461E+03  1.6277E+14  1.6376E+14  1.1570E+15  1.4154E-01
  1.9465E+03  1.6280E+14  1.6380E+14  1.1571E+15  1.4155E-01
  1.9469E+03  1.6284E+14  1.6383E+14  1.1573E+15  1.4156E-01
  1.9472E+03  1.6287E+14  1.6387E+14  1.1575E+15  1.4157E-01
  1.9476E+03  1.6291E+14  1.6390E+14  1.1577E+15  1.4158E-01
  1.9480E+03  1.6294E+14  1.6394E+14  1.1579E+15  1.4158E-01
  1.9484E+03  1.6298E+14  1.6397E+14  1.1580E+15  1.4159E-01
  1.9487E+03  1.6301E+14  1.6400E+14  1.1582E+15  1.4160E-01
  1.9491E+03  1.6304E+14  1.6404E+14  1.1584E+15  1.4161E-01
  1.9495E+03  1.6308E+14  1.6407E+14  1.1586E+15  1.4162E-01
  1.9499E+03  1.6311E+14  1.6411E+14  1.1588E+15  1.4163E-01
  1.9502E+03  1.6315E+14  1.6414E+14  1.1589E+15  1.4163E-01
  1.9506E+03  1.6318E+14  1.6418E+14  1.1591E+15  1.4164E-01
  1.9510E+03  1.6322E+14  1.6421E+14  1.1593E+15  1.4165E-01
  1.9514E+03  1.6325E+14  1.6425E+14  1.1595E+15  1.4166E-01
  1.9517E+03  1.6329E+14  1.6428E+14  1.1597E+15  1.4167E-01
  1.9521E+03  1.6332E+14  1.6432E+14  1.1598E+15  1.4167E-01
  1.9525E+03  1.6336E+14  1.6435E+14  1.1600E+15  1.4168E-01
  1.9529E+03  1.6339E+14  1.6439E+14  1.1602E+15  1.4169E-01
  1.9532E+03  1.6343E+14  1.6442E+14  1.1604E+15  1.4170E-01
  1.9536E+03  1.6346E+14  1.6446E+14  1.1606E+15  1.4171E-01
  1.9540E+03  1.6350E+14  1.6449E+14  1.1607E+15  1.4171E-01
  1.9544E+03  1.6353E+14  1.6453E+14  1.1609E+15  1.4172E-01
  1.9547E+03  1.6357E+14  1.6456E+14  1.1611E+15  1.4173E-01
  1.9551E+03  1.6360E+14  1.6460E+14  1.1613E+15  1.4174E-01
  1.9555E+03  1.6364E+14  1.6463E+14  1.1615E+15  1.4175E-01
  1.9559E+03  1.6367E+14  1.6467E+14  1.1616E+15  1.4176E-01
  1.9562E+03  1.6371E+14  1.6470E+14  1.1618E+15  1.4176E-01
  1.9566E+03  1.6374E+14  1.6474E+14  1.1620E+15  1.4177E-01
  1.9570E+03  1.6378E+14  1.6477E+14  1.1622E+15  1.4178E-01
  1.9574E+03  1.6381E+14  1.6481E+14  1.1623E+15  1.4179E-01
  1.9577E+03  1.6385E+14  1.6484E+14  1.1625E+15  1.4180E-01
  1.9581E+03  1.6388E+14  1.6488E+14  1.1627E+15  1.4180E-01
  1.9585E+03  1.6392E+14  1.6491E+14  1.1629E+15  1.4181E-01
  1.9589E+03  1.6395E+14  1.6495E+14  1.1631E+15  1.4182E-01
  1.9592E+03  1.6399E+14  1.6498E+14  1.1632E+15  1.4183E-01
  1.9596E+03  1.6402E+14  1.6502E+14  1.1634E+15  1.4184E-01
  1.9600E+03  1.6406E+14  1.6505E+14  1.1636E+15  1.4184E-01
  1.9604E+03  1.6409E+14  1.6509E+14  1.1638E+15  1.4185E-01
  1.9607E+03  1.6413E+14  1.6512E+14  1.1640E+15  1.4186E-01
  1.9611E+03  1.6416E+14  1.6516E+14  1.1641E+15  1.4187E-01
  1.9615E+03  1.6420E+14  1.6519E+14  1.1643E+15  1.4188E-01
  1.9619E+03  1.6423E+14  1.6523E+14  1.1645E+15  1.4189E-01
  1.9622E+03  1.6427E+14  1.6526E+14  1.1647E+15  1.4189E-01
  1.9626E+03  1.6430E+14  1.6530E+14  1.1649E+15  1.4190E-01
  1.9630E+03  1.6434E+14  1.6533E+14  1.1650E+15  1.4191E-01
  1.9634E+03  1.6437E+14  1.6537E+14  1.1652E+15  1.4192E-01
  1.9637E+03  1.6440E+14  1.6540E+14  1.1654E+15  1.4193E-01
  1.9641E+03  1.6444E+14  1.6543E+14  1.1656E+15  1.4193E-01
  1.9645E+03  1.6447E+14  1.6547E+14  1.1658E+15  1.4194E-01
  1.9649E+03  1.6451E+14  1.6550E+14  1.1659E+15  1.4195E-01
  1.9652E+03  1.6454E+14  1.6554E+14  1.1661E+15  1.4196E-01
  1.9656E+03  1.6458E+14  1.6557E+14  1.1663E+15  1.4197E-01
  1.9660E+03  1.6461E+14  1.6561E+14  1.1665E+15  1.4197E-01
  1.9664E+03  1.6465E+14  1.6564E+14  1.1666E+15  1.4198E-01
  1.9667E+03  1.6468E+14  1.6568E+14  1.1668E+15  1.4199E-01
  1.9671E+03  1.6472E+14  1.6571E+14  1.1670E+15  1.4200E-01
  1.9675E+03  1.6475E+14  1.6575E+14  1.1672E+15  1.4201E-01
  1.9679E+03  1.6479E+14  1.6578E+14  1.1674E+15  1.4202E-01
  1.9682E+03  1.6482E+14  1.6582E+14  1.1675E+15  1.4202E-01
  1.9686E+03  1.6486E+14  1.6585E+14  1.1677E+15  1.4203E-01
  1.9690E+03  1.6489E+14  1.6589E+14  1.1679E+15  1.4204E-01
  1.9694E+03  1.6493E+14  1.6592E+14  1.1681E+15  1.4205E-01
  1.9697E+03  1.6496E+14  1.6596E+14  1.1683E+15  1.4206E-01
  1.9701E+03  1.6500E+14  1.6599E+14  1.1684E+15  1.4206E-01
  1.9705E+03  1.6503E+14  1.6603E+14  1.1686E+15  1.4207E-01
  1.9709E+03  1.6507E+14  1.6606E+14  1.1688E+15  1.4208E-01
  1.9712E+03  1.6510E+14  1.6610E+14  1.1690E+15  1.4209E-01
  1.9716E+03  1.6514E+14  1.6613E+14  1.1692E+15  1.4210E-01
  1.9720E+03  1.6517E+14  1.6617E+14  1.1693E+15  1.4211E-01
  1.9724E+03  1.6521E+14  1.6620E+14  1.1695E+15  1.4211E-01
  1.9727E+03  1.6524E+14  1.6624E+14  1.1697E+15  1.4212E-01
  1.9731E+03  1.6528E+14  1.6627E+14  1.1699E+15  1.4213E-01
  1.9735E+03  1.6531E+14  1.6631E+14  1.1700E+15  1.4214E-01
  1.9739E+03  1.6535E+14  1.6634E+14  1.1702E+15  1.4215E-01
  1.9742E+03  1.6538E+14  1.6638E+14  1.1704E+15  1.4215E-01
  1.9746E+03  1.6542E+14  1.6641E+14  1.1706E+15  1.4216E-01
  1.9750E+03  1.6545E+14  1.6645E+14  1.1708E+15  1.4217E-01
  1.9754E+03  1.6549E+14  1.6648E+14  1.1709E+15  1.4218E-01
  1.9757E+03  1.6552E+14  1.6652E+14  1.1711E+15  1.4219E-01
  1.9761E+03  1.6556E+14  1.6655E+14  1.1713E+15  1.4219E-01
  1.9765E+03  1.6559E+14  1.6659E+14  1.1715E+15  1.4220E-01
  1.9769E+03  1.6563E+14  1.6662E+14  1.1717E+15  1.4221E-01
  1.9772E+03  1.6566E+14  1.6666E+14  1.1718E+15  1.4222E-01
  1.9776E+03  1.6570E+14  1.6669E+14  1.1720E+15  1.4223E-01
  1.9780E+03  1.6573E+14  1.6673E+14  1.1722E+15  1.4224E-01
  1.9784E+03  1.6577E+14  1.6676E+14  1.1724E+15  1.4224E-01
  1.9787E+03  1.6580E+14  1.6680E+14  1.1725E+15  1.4225E-01
  1.9791E+03  1.6584E+14  1.6683E+14  1.1727E+15  1.4226E-01
  1.9795E+03  1.6587E+14  1.6687E+14  1.1729E+15  1.4227E-01
  1.9799E+03  1.6591E+14  1.6690E+14  1.1731E+15  1.4228E-01
  1.9802E+03  1.6594E+14  1.6694E+14  1.1733E+15  1.4228E-01
  1.9806E+03  1.6598E+14  1.6697E+14  1.1734E+15  1.4229E-01
  1.9810E+03  1.6601E+14  1.6701E+14  1.1736E+15  1.4230E-01
  1.9814E+03  1.6605E+14  1.6704E+14  1.1738E+15  1.4231E-01
  1.9817E+03  1.6608E+14  1.6708E+14  1.1740E+15  1.4232E-01
  1.9821E+03  1.6612E+14  1.6711E+14  1.1741E+15  1.4233E-01
  1.9825E+03  1.6615E+14  1.6715E+14  1.1743E+15  1.4233E-01
  1.9829E+03  1.6619E+14  1.6718E+14  1.1745E+15  1.4234E-01
  1.9832E+03  1.6622E+14  1.6722E+14  1.1747E+15  1.4235E-01
  1.9836E+03  1.6626E+14  1.6725E+14  1.1749E+15  1.4236E-01
  1.9840E+03  1.6629E+14  1.6729E+14  1.1750E+15  1.4237E-01
  1.9844E+03  1.6633E+14  1.6732E+14  1.1752E+15  1.4237E-01
  1.9847E+03  1.6636E+14  1.6736E+14  1.1754E+15  1.4238E-01
  1.9851E+03  1.6640E+14  1.6739E+14  1.1756E+15  1.4239E-01
  1.9855E+03  1.6643E+14  1.6743E+14  1.1758E+15  1.4240E-01
  1.9859E+03  1.6647E+14  1.6746E+14  1.1759E+15  1.4241E-01
  1.9862E+03  1.6650E+14  1.6750E+14  1.1761E+15  1.4242E-01
  1.9866E+03  1.6654E+14  1.6753E+14  1.1763E+15  1.4242E-01
  1.9870E+03  1.6657E+14  1.6757E+14  1.1765E+15  1.4243E-01
  1.9874E+03  1.6661E+14  1.6760E+14  1.1766E+15  1.4244E-01
  1.9877E+03  1.6664E+14  1.6764E+14  1.1768E+15  1.4245E-01
  1.9881E+03  1.6668E+14  1.6767E+14  1.1770E+15  1.4246E-01
  1.9885E+03  1.6671E+14  1.6771E+14  1.1772E+15  1.4246E-01
  1.9889E+03  1.6675E+14  1.6774E+14  1.1774E+15  1.4247E-01
  1.9892E+03  1.6678E+14  1.6778E+14  1.1775E+15  1.4248E-01
  1.9896E+03  1.6682E+14  1.6781E+14  1.1777E+15  1.4249E-01
  1.9900E+03  1.6685E+14  1.6785E+14  1.1779E+15  1.4250E-01
  1.9904E+03  1.6689E+14  1.6788E+14  1.1781E+15  1.4251E-01
  1.9907E+03  1.6692E+14  1.6792E+14  1.1782E+15  1.4251E-01
  1.9911E+03  1.6695E+14  1.6795E+14  1.1784E+15  1.4252E-01
  1.9915E+03  1.6699E+14  1.6798E+14  1.1786E+15  1.4253E-01
  1.9919E+03  1.6702E+14  1.6802E+14  1.1788E+15  1.4254E-01
  1.9922E+03  1.6706E+14  1.6805E+14  1.1790E+15  1.4255E-01
  1.9926E+03  1.6709E+14  1.6809E+14  1.1791E+15  1.4255E-01
  1.9930E+03  1.6713E+14  1.6812E+14  1.1793E+15  1.4256E-01
  1.9934E+03  1.6716E+14  1.6816E+14  1.1795E+15  1.4257E-01
  1.9937E+03  1.6720E+14  1.6819E+14  1.1797E+15  1.4258E-01
  1.9941E+03  1.6723E+14  1.6823E+14  1.1798E+15  1.4259E-01
  1.9945E+03  1.6727E+14  1.6826E+14  1.1800E+15  1.4259E-01
  1.9949E+03  1.6730E+14  1.6830E+14  1.1802E+15  1.4260E-01
  1.9952E+03  1.6734E+14  1.6833E+14  1.1804E+15  1.4261E-01
  1.9956E+03  1.6737E+14  1.6837E+14  1.1806E+15  1.4262E-01
  1.9960E+03  1.6741E+14  1.6840E+14  1.1807E+15  1.4263E-01
  1.9964E+03  1.6744E+14  1.6844E+14  1.1809E+15  1.4264E-01
  1.9967E+03  1.6748E+14  1.6847E+14  1.1811E+15  1.4264E-01
  1.9971E+03  1.6751E+14  1.6851E+14  1.1813E+15  1.4265E-01
  1.9975E+03  1.6755E+14  1.6854E+14  1.1814E+15  1.4266E-01
  1.9979E+03  1.6758E+14  1.6858E+14  1.1816E+15  1.4267E-01
  1.9982E+03  1.6762E+14  1.6861E+14  1.1818E+15  1.4268E-01
  1.9986E+03  1.6765E+14  1.6865E+14  1.1820E+15  1.4268E-01
  1.9990E+03  1.6769E+14  1.6868E+14  1.1821E+15  1.4269E-01
  1.9994E+03  1.6772E+14  1.6872E+14  1.1823E+15  1.4270E-01
  1.9997E+03  1.6776E+14  1.6875E+14  1.1825E+15  1.4271E-01
  2.0001E+03  1.6779E+14  1.6879E+14  1.1827E+15  1.4272E-01
  2.0005E+03  1.6783E+14  1.6882E+14  1.1829E+15  1.4273E-01
  2.0009E+03  1.6786E+14  1.6886E+14  1.1830E+15  1.4273E-01
  2.0013E+03  1.6790E+14  1.6889E+14  1.1832E+15  1.4274E-01
  2.0016E+03  1.6793E+14  1.6893E+14  1.1834E+15  1.4275E-01
  2.0020E+03  1.6797E+14  1.6896E+14  1.1836E+15  1.4276E-01
  2.0024E+03  1.6800E+14  1.6900E+14  1.1837E+15  1.4277E-01
  2.0028E+03  1.6804E+14  1.6903E+14  1.1839E+15  1.4277E-01
  2.0031E+03  1.6807E+14  1.6907E+14  1.1841E+15  1.4278E-01
  2.0035E+03  1.6811E+14  1.6910E+14  1.1843E+15  1.4279E-01
  2.0039E+03  1.6814E+14  1.6914E+14  1.1845E+15  1.4280E-01
  2.0043E+03  1.6818E+14  1.6917E+14  1.1846E+15  1.4281E-01
  2.0046E+03  1.6821E+14  1.6921E+14  1.1848E+15  1.4282E-01
  2.0050E+03  1.6825E+14  1.6924E+14  1.1850E+15  1.4282E-01
  2.0054E+03  1.6828E+14  1.6928E+14  1.1852E+15  1.4283E-01
  2.0058E+03  1.6832E+14  1.6931E+14  1.1853E+15  1.4284E-01
  2.0061E+03  1.6835E+14  1.6935E+14  1.1855E+15  1.4285E-01
  2.0065E+03  1.6839E+14  1.6938E+14  1.1857E+15  1.4286E-01
  2.0069E+03  1.6842E+14  1.6942E+14  1.1859E+15  1.4286E-01
  2.0073E+03  1.6846E+14  1.6945E+14  1.1861E+15  1.4287E-01
  2.0076E+03  1.6849E+14  1.6949E+14  1.1862E+15  1.4288E-01
  2.0080E+03  1.6853E+14  1.6952E+14  1.1864E+15  1.4289E-01
  2.0084E+03  1.6856E+14  1.6956E+14  1.1866E+15  1.4290E-01
  2.0088E+03  1.6860E+14  1.6959E+14  1.1868E+15  1.4291E-01
  2.0091E+03  1.6863E+14  1.6963E+14  1.1869E+15  1.4291E-01
  2.0095E+03  1.6867E+14  1.6966E+14  1.1871E+15  1.4292E-01
  2.0099E+03  1.6870E+14  1.6970E+14  1.1873E+15  1.4293E-01
  2.0103E+03  1.6874E+14  1.6973E+14  1.1875E+15  1.4294E-01
  2.0106E+03  1.6877E+14  1.6977E+14  1.1876E+15  1.4295E-01
  2.0110E+03  1.6881E+14  1.6980E+14  1.1878E+15  1.4295E-01
  2.0114E+03  1.6884E+14  1.6984E+14  1.1880E+15  1.4296E-01
  2.0118E+03  1.6888E+14  1.6987E+14  1.1882E+15  1.4297E-01
  2.0121E+03  1.6891E+14  1.6991E+14  1.1884E+15  1.4298E-01
  2.0125E+03  1.6895E+14  1.6994E+14  1.1885E+15  1.4299E-01
  2.0129E+03  1.6898E+14  1.6998E+14  1.1887E+15  1.4300E-01
  2.0133E+03  1.6902E+14  1.7001E+14  1.1889E+15  1.4300E-01
  2.0136E+03  1.6905E+14  1.7005E+14  1.1891E+15  1.4301E-01
  2.0140E+03  1.6909E+14  1.7009E+14  1.1892E+15  1.4302E-01
  2.0144E+03  1.6912E+14  1.7012E+14  1.1894E+15  1.4303E-01
  2.0148E+03  1.6916E+14  1.7016E+14  1.1896E+15  1.4304E-01
  2.0151E+03  1.6920E+14  1.7019E+14  1.1898E+15  1.4304E-01
  2.0155E+03  1.6923E+14  1.7023E+14  1.1899E+15  1.4305E-01
  2.0159E+03  1.6927E+14  1.7026E+14  1.1901E+15  1.4306E-01
  2.0163E+03  1.6930E+14  1.7030E+14  1.1903E+15  1.4307E-01
  2.0166E+03  1.6934E+14  1.7033E+14  1.1905E+15  1.4308E-01
  2.0170E+03  1.6937E+14  1.7037E+14  1.1907E+15  1.4309E-01
  2.0174E+03  1.6941E+14  1.7040E+14  1.1908E+15  1.4309E-01
  2.0178E+03  1.6944E+14  1.7044E+14  1.1910E+15  1.4310E-01
  2.0181E+03  1.6948E+14  1.7047E+14  1.1912E+15  1.4311E-01
  2.0185E+03  1.6951E+14  1.7051E+14  1.1914E+15  1.4312E-01
  2.0189E+03  1.6955E+14  1.7054E+14  1.1915E+15  1.4313E-01
  2.0193E+03  1.6958E+14  1.7058E+14  1.1917E+15  1.4314E-01
  2.0196E+03  1.6962E+14  1.7061E+14  1.1919E+15  1.4314E-01
  2.0200E+03  1.6965E+14  1.7065E+14  1.1921E+15  1.4315E-01
  2.0204E+03  1.6969E+14  1.7068E+14  1.1922E+15  1.4316E-01
  2.0208E+03  1.6972E+14  1.7072E+14  1.1924E+15  1.4317E-01
  2.0211E+03  1.6976E+14  1.7075E+14  1.1926E+15  1.4318E-01
  2.0215E+03  1.6979E+14  1.7079E+14  1.1928E+15  1.4318E-01
  2.0219E+03  1.6983E+14  1.7082E+14  1.1929E+15  1.4319E-01
  2.0223E+03  1.6986E+14  1.7086E+14  1.1931E+15  1.4320E-01
  2.0226E+03  1.6990E+14  1.7089E+14  1.1933E+15  1.4321E-01
  2.0230E+03  1.6993E+14  1.7093E+14  1.1935E+15  1.4322E-01
  2.0234E+03  1.6997E+14  1.7096E+14  1.1937E+15  1.4323E-01
  2.0238E+03  1.7000E+14  1.7100E+14  1.1938E+15  1.4323E-01
  2.0241E+03  1.7004E+14  1.7103E+14  1.1940E+15  1.4324E-01
  2.0245E+03  1.7007E+14  1.7107E+14  1.1942E+15  1.4325E-01
  2.0249E+03  1.7011E+14  1.7110E+14  1.1944E+15  1.4326E-01
  2.0253E+03  1.7014E+14  1.7114E+14  1.1945E+15  1.4327E-01
  2.0256E+03  1.7018E+14  1.7117E+14  1.1947E+15  1.4327E-01
  2.0260E+03  1.7021E+14  1.7121E+14  1.1949E+15  1.4328E-01
  2.0264E+03  1.7025E+14  1.7124E+14  1.1951E+15  1.4329E-01
  2.0268E+03  1.7028E+14  1.7128E+14  1.1952E+15  1.4330E-01
  2.0271E+03  1.7032E+14  1.7131E+14  1.1954E+15  1.4331E-01
  2.0275E+03  1.7035E+14  1.7135E+14  1.1956E+15  1.4332E-01
  2.0279E+03  1.7039E+14  1.7138E+14  1.1958E+15  1.4332E-01
  2.0283E+03  1.7042E+14  1.7142E+14  1.1959E+15  1.4333E-01
  2.0286E+03  1.7046E+14  1.7145E+14  1.1961E+15  1.4334E-01
  2.0290E+03  1.7049E+14  1.7149E+14  1.1963E+15  1.4335E-01
  2.0294E+03  1.7053E+14  1.7152E+14  1.1965E+15  1.4336E-01
  2.0298E+03  1.7056E+14  1.7156E+14  1.1966E+15  1.4336E-01
  2.0301E+03  1.7060E+14  1.7159E+14  1.1968E+15  1.4337E-01
  2.0305E+03  1.7063E+14  1.7163E+14  1.1970E+15  1.4338E-01
  2.0309E+03  1.7067E+14  1.7166E+14  1.1972E+15  1.4339E-01
  2.0313E+03  1.7070E+14  1.7170E+14  1.1974E+15  1.4340E-01
  2.0316E+03  1.7074E+14  1.7173E+14  1.1975E+15  1.4341E-01
  2.0320E+03  1.7077E+14  1.7177E+14  1.1977E+15  1.4341E-01
  2.0324E+03  1.7081E+14  1.7180E+14  1.1979E+15  1.4342E-01
  2.0328E+03  1.7084E+14  1.7184E+14  1.1981E+15  1.4343E-01
  2.0331E+03  1.7088E+14  1.7187E+14  1.1982E+15  1.4344E-01
  2.0335E+03  1.7091E+14  1.7191E+14  1.1984E+15  1.4345E-01
  2.0339E+03  1.7095E+14  1.7194E+14  1.1986E+15  1.4346E-01
  2.0343E+03  1.7098E+14  1.7198E+14  1.1988E+15  1.4346E-01
  2.0346E+03  1.7102E+14  1.7201E+14  1.1989E+15  1.4347E-01
  2.0350E+03  1.7105E+14  1.7205E+14  1.1991E+15  1.4348E-01
  2.0354E+03  1.7109E+14  1.7208E+14  1.1993E+15  1.4349E-01
  2.0358E+03  1.7112E+14  1.7212E+14  1.1995E+15  1.4350E-01
  2.0361E+03  1.7116E+14  1.7215E+14  1.1996E+15  1.4350E-01
  2.0365E+03  1.7119E+14  1.7219E+14  1.1998E+15  1.4351E-01
  2.0369E+03  1.7123E+14  1.7222E+14  1.2000E+15  1.4352E-01
  2.0373E+03  1.7126E+14  1.7226E+14  1.2002E+15  1.4353E-01
  2.0376E+03  1.7130E+14  1.7229E+14  1.2003E+15  1.4354E-01
  2.0380E+03  1.7133E+14  1.7233E+14  1.2005E+15  1.4355E-01
  2.0384E+03  1.7137E+14  1.7236E+14  1.2007E+15  1.4355E-01
  2.0388E+03  1.7140E+14  1.7240E+14  1.2009E+15  1.4356E-01
  2.0391E+03  1.7144E+14  1.7243E+14  1.2010E+15  1.4357E-01
  2.0395E+03  1.7147E+14  1.7247E+14  1.2012E+15  1.4358E-01
  2.0399E+03  1.7151E+14  1.7250E+14  1.2014E+15  1.4359E-01
  2.0403E+03  1.7154E+14  1.7254E+14  1.2016E+15  1.4359E-01
  2.0406E+03  1.7158E+14  1.7257E+14  1.2018E+15  1.4360E-01
  2.0410E+03  1.7161E+14  1.7261E+14  1.2019E+15  1.4361E-01
  2.0414E+03  1.7165E+14  1.7265E+14  1.2021E+15  1.4362E-01
  2.0418E+03  1.7169E+14  1.7268E+14  1.2023E+15  1.4363E-01
  2.0421E+03  1.7172E+14  1.7272E+14  1.2025E+15  1.4364E-01
  2.0425E+03  1.7176E+14  1.7275E+14  1.2026E+15  1.4364E-01
  2.0429E+03  1.7179E+14  1.7279E+14  1.2028E+15  1.4365E-01
  2.0433E+03  1.7183E+14  1.7282E+14  1.2030E+15  1.4366E-01
  2.0436E+03  1.7186E+14  1.7286E+14  1.2032E+15  1.4367E-01
  2.0440E+03  1.7190E+14  1.7289E+14  1.2033E+15  1.4368E-01
  2.0444E+03  1.7193E+14  1.7293E+14  1.2035E+15  1.4369E-01
  2.0448E+03  1.7197E+14  1.7296E+14  1.2037E+15  1.4369E-01
  2.0451E+03  1.7200E+14  1.7300E+14  1.2039E+15  1.4370E-01
  2.0455E+03  1.7204E+14  1.7303E+14  1.2040E+15  1.4371E-01
  2.0459E+03  1.7207E+14  1.7307E+14  1.2042E+15  1.4372E-01
  2.0463E+03  1.7211E+14  1.7310E+14  1.2044E+15  1.4373E-01
  2.0466E+03  1.7214E+14  1.7314E+14  1.2046E+15  1.4373E-01
  2.0470E+03  1.7218E+14  1.7317E+14  1.2047E+15  1.4374E-01
  2.0474E+03  1.7221E+14  1.7321E+14  1.2049E+15  1.4375E-01
  2.0478E+03  1.7225E+14  1.7324E+14  1.2051E+15  1.4376E-01
  2.0481E+03  1.7228E+14  1.7328E+14  1.2053E+15  1.4377E-01
  2.0485E+03  1.7232E+14  1.7331E+14  1.2054E+15  1.4378E-01
  2.0489E+03  1.7235E+14  1.7335E+14  1.2056E+15  1.4378E-01
  2.0493E+03  1.7239E+14  1.7338E+14  1.2058E+15  1.4379E-01
  2.0496E+03  1.7242E+14  1.7342E+14  1.2060E+15  1.4380E-01
  2.0500E+03  1.7246E+14  1.7345E+14  1.2061E+15  1.4381E-01
  2.0504E+03  1.7249E+14  1.7349E+14  1.2063E+15  1.4382E-01
  2.0508E+03  1.7253E+14  1.7352E+14  1.2065E+15  1.4382E-01
  2.0511E+03  1.7256E+14  1.7356E+14  1.2067E+15  1.4383E-01
  2.0515E+03  1.7260E+14  1.7359E+14  1.2068E+15  1.4384E-01
  2.0519E+03  1.7263E+14  1.7363E+14  1.2070E+15  1.4385E-01
  2.0523E+03  1.7267E+14  1.7366E+14  1.2072E+15  1.4386E-01
  2.0526E+03  1.7270E+14  1.7370E+14  1.2074E+15  1.4387E-01
  2.0530E+03  1.7274E+14  1.7373E+14  1.2075E+15  1.4387E-01
  2.0534E+03  1.7277E+14  1.7377E+14  1.2077E+15  1.4388E-01
  2.0538E+03  1.7281E+14  1.7380E+14  1.2079E+15  1.4389E-01
  2.0541E+03  1.7284E+14  1.7384E+14  1.2081E+15  1.4390E-01
  2.0545E+03  1.7288E+14  1.7387E+14  1.2082E+15  1.4391E-01
  2.0549E+03  1.7291E+14  1.7391E+14  1.2084E+15  1.4392E-01
  2.0553E+03  1.7295E+14  1.7394E+14  1.2086E+15  1.4392E-01
  2.0556E+03  1.7298E+14  1.7398E+14  1.2088E+15  1.4393E-01
  2.0560E+03  1.7302E+14  1.7402E+14  1.2089E+15  1.4394E-01
  2.0564E+03  1.7306E+14  1.7405E+14  1.2091E+15  1.4395E-01
  2.0568E+03  1.7309E+14  1.7409E+14  1.2093E+15  1.4396E-01
  2.0571E+03  1.7313E+14  1.7412E+14  1.2095E+15  1.4396E-01
  2.0575E+03  1.7316E+14  1.7416E+14  1.2096E+15  1.4397E-01
  2.0579E+03  1.7320E+14  1.7419E+14  1.2098E+15  1.4398E-01
  2.0583E+03  1.7323E+14  1.7423E+14  1.2100E+15  1.4399E-01
  2.0586E+03  1.7327E+14  1.7426E+14  1.2102E+15  1.4400E-01
  2.0590E+03  1.7330E+14  1.7430E+14  1.2103E+15  1.4401E-01
  2.0594E+03  1.7334E+14  1.7433E+14  1.2105E+15  1.4401E-01
  2.0598E+03  1.7337E+14  1.7437E+14  1.2107E+15  1.4402E-01
  2.0601E+03  1.7341E+14  1.7440E+14  1.2109E+15  1.4403E-01
  2.0605E+03  1.7344E+14  1.7444E+14  1.2110E+15  1.4404E-01
  2.0609E+03  1.7348E+14  1.7447E+14  1.2112E+15  1.4405E-01
  2.0613E+03  1.7351E+14  1.7451E+14  1.2114E+15  1.4406E-01
  2.0616E+03  1.7355E+14  1.7454E+14  1.2116E+15  1.4406E-01
  2.0620E+03  1.7358E+14  1.7458E+14  1.2117E+15  1.4407E-01
  2.0624E+03  1.7362E+14  1.7461E+14  1.2119E+15  1.4408E-01
  2.0628E+03  1.7365E+14  1.7465E+14  1.2121E+15  1.4409E-01
  2.0631E+03  1.7369E+14  1.7468E+14  1.2123E+15  1.4410E-01
  2.0635E+03  1.7372E+14  1.7472E+14  1.2124E+15  1.4410E-01
  2.0639E+03  1.7376E+14  1.7475E+14  1.2126E+15  1.4411E-01
  2.0643E+03  1.7379E+14  1.7479E+14  1.2128E+15  1.4412E-01
  2.0646E+03  1.7383E+14  1.7482E+14  1.2130E+15  1.4413E-01
  2.0650E+03  1.7386E+14  1.7486E+14  1.2131E+15  1.4414E-01
  2.0654E+03  1.7390E+14  1.7489E+14  1.2133E+15  1.4415E-01
  2.0658E+03  1.7393E+14  1.7493E+14  1.2135E+15  1.4415E-01
  2.0661E+03  1.7397E+14  1.7496E+14  1.2137E+15  1.4416E-01
  2.0665E+03  1.7400E+14  1.7500E+14  1.2138E+15  1.4417E-01
  2.0669E+03  1.7404E+14  1.7504E+14  1.2140E+15  1.4418E-01
  2.0673E+03  1.7408E+14  1.7507E+14  1.2142E+15  1.4419E-01
  2.0676E+03  1.7411E+14  1.7511E+14  1.2144E+15  1.4420E-01
  2.0680E+03  1.7415E+14  1.7514E+14  1.2145E+15  1.4420E-01
  2.0684E+03  1.7418E+14  1.7518E+14  1.2147E+15  1.4421E-01
  2.0688E+03  1.7422E+14  1.7521E+14  1.2149E+15  1.4422E-01
  2.0691E+03  1.7425E+14  1.7525E+14  1.2151E+15  1.4423E-01
  2.0695E+03  1.7429E+14  1.7528E+14  1.2152E+15  1.4424E-01
  2.0699E+03  1.7432E+14  1.7532E+14  1.2154E+15  1.4424E-01
  2.0703E+03  1.7436E+14  1.7535E+14  1.2156E+15  1.4425E-01
  2.0706E+03  1.7439E+14  1.7539E+14  1.2158E+15  1.4426E-01
  2.0710E+03  1.7443E+14  1.7542E+14  1.2159E+15  1.4427E-01
  2.0714E+03  1.7446E+14  1.7546E+14  1.2161E+15  1.4428E-01
  2.0718E+03  1.7450E+14  1.7549E+14  1.2163E+15  1.4429E-01
  2.0721E+03  1.7453E+14  1.7553E+14  1.2165E+15  1.4429E-01
  2.0725E+03  1.7457E+14  1.7556E+14  1.2166E+15  1.4430E-01
  2.0729E+03  1.7460E+14  1.7560E+14  1.2168E+15  1.4431E-01
  2.0733E+03  1.7464E+14  1.7563E+14  1.2170E+15  1.4432E-01
  2.0736E+03  1.7467E+14  1.7567E+14  1.2172E+15  1.4433E-01
  2.0740E+03  1.7471E+14  1.7570E+14  1.2173E+15  1.4434E-01
  2.0744E+03  1.7474E+14  1.7574E+14  1.2175E+15  1.4434E-01
  2.0748E+03  1.7478E+14  1.7577E+14  1.2177E+15  1.4435E-01
  2.0751E+03  1.7481E+14  1.7581E+14  1.2179E+15  1.4436E-01
  2.0755E+03  1.7485E+14  1.7584E+14  1.2180E+15  1.4437E-01
  2.0759E+03  1.7488E+14  1.7588E+14  1.2182E+15  1.4438E-01
  2.0763E+03  1.7492E+14  1.7592E+14  1.2184E+15  1.4439E-01
  2.0766E+03  1.7496E+14  1.7595E+14  1.2185E+15  1.4439E-01
  2.0770E+03  1.7499E+14  1.7599E+14  1.2187E+15  1.4440E-01
  2.0774E+03  1.7503E+14  1.7602E+14  1.2189E+15  1.4441E-01
  2.0778E+03  1.7506E+14  1.7606E+14  1.2191E+15  1.4442E-01
  2.0781E+03  1.7510E+14  1.7609E+14  1.2192E+15  1.4443E-01
  2.0785E+03  1.7513E+14  1.7613E+14  1.2194E+15  1.4443E-01
  2.0789E+03  1.7517E+14  1.7616E+14  1.2196E+15  1.4444E-01
  2.0793E+03  1.7520E+14  1.7620E+14  1.2198E+15  1.4445E-01
  2.0796E+03  1.7524E+14  1.7623E+14  1.2199E+15  1.4446E-01
  2.0800E+03  1.7527E+14  1.7627E+14  1.2201E+15  1.4447E-01
  2.0804E+03  1.7531E+14  1.7630E+14  1.2203E+15  1.4448E-01
  2.0808E+03  1.7534E+14  1.7634E+14  1.2205E+15  1.4448E-01
  2.0811E+03  1.7538E+14  1.7637E+14  1.2206E+15  1.4449E-01
  2.0815E+03  1.7541E+14  1.7641E+14  1.2208E+15  1.4450E-01
  2.0819E+03  1.7545E+14  1.7644E+14  1.2210E+15  1.4451E-01
  2.0823E+03  1.7548E+14  1.7648E+14  1.2212E+15  1.4452E-01
  2.0826E+03  1.7552E+14  1.7651E+14  1.2213E+15  1.4453E-01
  2.0830E+03  1.7555E+14  1.7655E+14  1.2215E+15  1.4453E-01
  2.0834E+03  1.7559E+14  1.7658E+14  1.2217E+15  1.4454E-01
  2.0838E+03  1.7562E+14  1.7662E+14  1.2219E+15  1.4455E-01
  2.0841E+03  1.7566E+14  1.7665E+14  1.2220E+15  1.4456E-01
  2.0845E+03  1.7569E+14  1.7669E+14  1.2222E+15  1.4457E-01
  2.0849E+03  1.7573E+14  1.7673E+14  1.2224E+15  1.4457E-01
  2.0853E+03  1.7577E+14  1.7676E+14  1.2226E+15  1.4458E-01
  2.0856E+03  1.7580E+14  1.7680E+14  1.2227E+15  1.4459E-01
  2.0860E+03  1.7584E+14  1.7683E+14  1.2229E+15  1.4460E-01
  2.0864E+03  1.7587E+14  1.7687E+14  1.2231E+15  1.4461E-01
  2.0868E+03  1.7591E+14  1.7690E+14  1.2232E+15  1.4462E-01
  2.0871E+03  1.7594E+14  1.7694E+14  1.2234E+15  1.4462E-01
  2.0875E+03  1.7598E+14  1.7697E+14  1.2236E+15  1.4463E-01
  2.0879E+03  1.7601E+14  1.7701E+14  1.2238E+15  1.4464E-01
  2.0883E+03  1.7605E+14  1.7704E+14  1.2239E+15  1.4465E-01
  2.0886E+03  1.7608E+14  1.7708E+14  1.2241E+15  1.4466E-01
  2.0890E+03  1.7612E+14  1.7711E+14  1.2243E+15  1.4467E-01
  2.0894E+03  1.7615E+14  1.7715E+14  1.2245E+15  1.4467E-01
  2.0898E+03  1.7619E+14  1.7718E+14  1.2246E+15  1.4468E-01
  2.0901E+03  1.7622E+14  1.7722E+14  1.2248E+15  1.4469E-01
  2.0905E+03  1.7626E+14  1.7725E+14  1.2250E+15  1.4470E-01
  2.0909E+03  1.7629E+14  1.7729E+14  1.2252E+15  1.4471E-01
  2.0913E+03  1.7633E+14  1.7732E+14  1.2253E+15  1.4472E-01
  2.0916E+03  1.7636E+14  1.7736E+14  1.2255E+15  1.4472E-01
  2.0920E+03  1.7640E+14  1.7739E+14  1.2257E+15  1.4473E-01
  2.0924E+03  1.7643E+14  1.7743E+14  1.2259E+15  1.4474E-01
  2.0928E+03  1.7647E+14  1.7747E+14  1.2260E+15  1.4475E-01
  2.0931E+03  1.7651E+14  1.7750E+14  1.2262E+15  1.4476E-01
  2.0935E+03  1.7654E+14  1.7754E+14  1.2264E+15  1.4477E-01
  2.0939E+03  1.7658E+14  1.7757E+14  1.2265E+15  1.4477E-01
  2.0943E+03  1.7661E+14  1.7761E+14  1.2267E+15  1.4478E-01
  2.0946E+03  1.7665E+14  1.7764E+14  1.2269E+15  1.4479E-01
  2.0950E+03  1.7668E+14  1.7768E+14  1.2271E+15  1.4480E-01
  2.0954E+03  1.7672E+14  1.7771E+14  1.2272E+15  1.4481E-01
  2.0958E+03  1.7675E+14  1.7775E+14  1.2274E+15  1.4481E-01
  2.0961E+03  1.7679E+14  1.7778E+14  1.2276E+15  1.4482E-01
  2.0965E+03  1.7682E+14  1.7782E+14  1.2278E+15  1.4483E-01
  2.0969E+03  1.7686E+14  1.7785E+14  1.2279E+15  1.4484E-01
  2.0973E+03  1.7689E+14  1.7789E+14  1.2281E+15  1.4485E-01
  2.0976E+03  1.7693E+14  1.7792E+14  1.2283E+15  1.4486E-01
  2.0980E+03  1.7696E+14  1.7796E+14  1.2285E+15  1.4486E-01
  2.0984E+03  1.7700E+14  1.7799E+14  1.2286E+15  1.4487E-01
  2.0988E+03  1.7703E+14  1.7803E+14  1.2288E+15  1.4488E-01
  2.0991E+03  1.7707E+14  1.7807E+14  1.2290E+15  1.4489E-01
  2.0995E+03  1.7711E+14  1.7810E+14  1.2291E+15  1.4490E-01
  2.0999E+03  1.7714E+14  1.7814E+14  1.2293E+15  1.4491E-01
  2.1003E+03  1.7718E+14  1.7817E+14  1.2295E+15  1.4491E-01
  2.1006E+03  1.7721E+14  1.7821E+14  1.2297E+15  1.4492E-01
  2.1010E+03  1.7725E+14  1.7824E+14  1.2298E+15  1.4493E-01
  2.1014E+03  1.7728E+14  1.7828E+14  1.2300E+15  1.4494E-01
  2.1018E+03  1.7732E+14  1.7831E+14  1.2302E+15  1.4495E-01
  2.1021E+03  1.7735E+14  1.7835E+14  1.2304E+15  1.4496E-01
  2.1025E+03  1.7739E+14  1.7838E+14  1.2305E+15  1.4496E-01
  2.1029E+03  1.7742E+14  1.7842E+14  1.2307E+15  1.4497E-01
  2.1033E+03  1.7746E+14  1.7845E+14  1.2309E+15  1.4498E-01
  2.1036E+03  1.7749E+14  1.7849E+14  1.2311E+15  1.4499E-01
  2.1040E+03  1.7753E+14  1.7852E+14  1.2312E+15  1.4500E-01
  2.1044E+03  1.7756E+14  1.7856E+14  1.2314E+15  1.4500E-01
  2.1048E+03  1.7760E+14  1.7859E+14  1.2316E+15  1.4501E-01
  2.1051E+03  1.7763E+14  1.7863E+14  1.2317E+15  1.4502E-01
  2.1055E+03  1.7767E+14  1.7866E+14  1.2319E+15  1.4503E-01
  2.1059E+03  1.7770E+14  1.7870E+14  1.2321E+15  1.4504E-01
  2.1063E+03  1.7774E+14  1.7874E+14  1.2323E+15  1.4505E-01
  2.1066E+03  1.7778E+14  1.7877E+14  1.2324E+15  1.4505E-01
  2.1070E+03  1.7781E+14  1.7881E+14  1.2326E+15  1.4506E-01
  2.1074E+03  1.7785E+14  1.7884E+14  1.2328E+15  1.4507E-01
  2.1078E+03  1.7788E+14  1.7888E+14  1.2330E+15  1.4508E-01
  2.1081E+03  1.7792E+14  1.7891E+14  1.2331E+15  1.4509E-01
  2.1085E+03  1.7795E+14  1.7895E+14  1.2333E+15  1.4510E-01
  2.1089E+03  1.7799E+14  1.7898E+14  1.2335E+15  1.4510E-01
  2.1093E+03  1.7802E+14  1.7902E+14  1.2336E+15  1.4511E-01
  2.1096E+03  1.7806E+14  1.7905E+14  1.2338E+15  1.4512E-01
  2.1100E+03  1.7809E+14  1.7909E+14  1.2340E+15  1.4513E-01
  2.1104E+03  1.7813E+14  1.7912E+14  1.2342E+15  1.4514E-01
  2.1108E+03  1.7816E+14  1.7916E+14  1.2343E+15  1.4515E-01
  2.1111E+03  1.7820E+14  1.7919E+14  1.2345E+15  1.4515E-01
  2.1115E+03  1.7823E+14  1.7923E+14  1.2347E+15  1.4516E-01
  2.1119E+03  1.7827E+14  1.7927E+14  1.2349E+15  1.4517E-01
  2.1123E+03  1.7831E+14  1.7930E+14  1.2350E+15  1.4518E-01
  2.1126E+03  1.7834E+14  1.7934E+14  1.2352E+15  1.4519E-01
  2.1130E+03  1.7838E+14  1.7937E+14  1.2354E+15  1.4520E-01
  2.1134E+03  1.7841E+14  1.7941E+14  1.2355E+15  1.4520E-01
  2.1138E+03  1.7845E+14  1.7944E+14  1.2357E+15  1.4521E-01
  2.1141E+03  1.7848E+14  1.7948E+14  1.2359E+15  1.4522E-01
  2.1145E+03  1.7852E+14  1.7951E+14  1.2361E+15  1.4523E-01
  2.1149E+03  1.7855E+14  1.7955E+14  1.2362E+15  1.4524E-01
  2.1153E+03  1.7859E+14  1.7958E+14  1.2364E+15  1.4525E-01
  2.1156E+03  1.7862E+14  1.7962E+14  1.2366E+15  1.4525E-01
  2.1160E+03  1.7866E+14  1.7965E+14  1.2368E+15  1.4526E-01
  2.1164E+03  1.7869E+14  1.7969E+14  1.2369E+15  1.4527E-01
  2.1168E+03  1.7873E+14  1.7972E+14  1.2371E+15  1.4528E-01
  2.1171E+03  1.7876E+14  1.7976E+14  1.2373E+15  1.4529E-01
  2.1175E+03  1.7880E+14  1.7980E+14  1.2374E+15  1.4529E-01
  2.1179E+03  1.7884E+14  1.7983E+14  1.2376E+15  1.4530E-01
  2.1183E+03  1.7887E+14  1.7987E+14  1.2378E+15  1.4531E-01
  2.1186E+03  1.7891E+14  1.7990E+14  1.2380E+15  1.4532E-01
  2.1190E+03  1.7894E+14  1.7994E+14  1.2381E+15  1.4533E-01
  2.1194E+03  1.7898E+14  1.7997E+14  1.2383E+15  1.4534E-01
  2.1198E+03  1.7901E+14  1.8001E+14  1.2385E+15  1.4534E-01
  2.1201E+03  1.7905E+14  1.8004E+14  1.2387E+15  1.4535E-01
  2.1205E+03  1.7908E+14  1.8008E+14  1.2388E+15  1.4536E-01
  2.1209E+03  1.7912E+14  1.8011E+14  1.2390E+15  1.4537E-01
  2.1213E+03  1.7915E+14  1.8015E+14  1.2392E+15  1.4538E-01
  2.1216E+03  1.7919E+14  1.8018E+14  1.2393E+15  1.4539E-01
  2.1220E+03  1.7922E+14  1.8022E+14  1.2395E+15  1.4539E-01
  2.1224E+03  1.7926E+14  1.8025E+14  1.2397E+15  1.4540E-01
  2.1228E+03  1.7929E+14  1.8029E+14  1.2399E+15  1.4541E-01
  2.1231E+03  1.7933E+14  1.8033E+14  1.2400E+15  1.4542E-01
  2.1235E+03  1.7937E+14  1.8036E+14  1.2402E+15  1.4543E-01
  2.1239E+03  1.7940E+14  1.8040E+14  1.2404E+15  1.4544E-01
  2.1243E+03  1.7944E+14  1.8043E+14  1.2406E+15  1.4544E-01
  2.1246E+03  1.7947E+14  1.8047E+14  1.2407E+15  1.4545E-01
  2.1250E+03  1.7951E+14  1.8050E+14  1.2409E+15  1.4546E-01
  2.1254E+03  1.7954E+14  1.8054E+14  1.2411E+15  1.4547E-01
  2.1258E+03  1.7958E+14  1.8057E+14  1.2412E+15  1.4548E-01
  2.1261E+03  1.7961E+14  1.8061E+14  1.2414E+15  1.4549E-01
  2.1265E+03  1.7965E+14  1.8064E+14  1.2416E+15  1.4549E-01
  2.1269E+03  1.7968E+14  1.8068E+14  1.2418E+15  1.4550E-01
  2.1273E+03  1.7972E+14  1.8071E+14  1.2419E+15  1.4551E-01
  2.1276E+03  1.7975E+14  1.8075E+14  1.2421E+15  1.4552E-01
  2.1280E+03  1.7979E+14  1.8078E+14  1.2423E+15  1.4553E-01
  2.1284E+03  1.7983E+14  1.8082E+14  1.2424E+15  1.4554E-01
  2.1288E+03  1.7986E+14  1.8086E+14  1.2426E+15  1.4554E-01
  2.1291E+03  1.7990E+14  1.8089E+14  1.2428E+15  1.4555E-01
  2.1295E+03  1.7993E+14  1.8093E+14  1.2430E+15  1.4556E-01
  2.1299E+03  1.7997E+14  1.8096E+14  1.2431E+15  1.4557E-01
  2.1303E+03  1.8000E+14  1.8100E+14  1.2433E+15  1.4558E-01
  2.1306E+03  1.8004E+14  1.8103E+14  1.2435E+15  1.4559E-01
  2.1310E+03  1.8007E+14  1.8107E+14  1.2437E+15  1.4559E-01
  2.1314E+03  1.8011E+14  1.8110E+14  1.2438E+15  1.4560E-01
  2.1318E+03  1.8014E+14  1.8114E+14  1.2440E+15  1.4561E-01
  2.1321E+03  1.8018E+14  1.8117E+14  1.2442E+15  1.4562E-01
  2.1325E+03  1.8021E+14  1.8121E+14  1.2443E+15  1.4563E-01
  2.1329E+03  1.8025E+14  1.8124E+14  1.2445E+15  1.4564E-01
  2.1333E+03  1.8028E+14  1.8128E+14  1.2447E+15  1.4564E-01
  2.1336E+03  1.8032E+14  1.8132E+14  1.2449E+15  1.4565E-01
  2.1340E+03  1.8036E+14  1.8135E+14  1.2450E+15  1.4566E-01
  2.1344E+03  1.8039E+14  1.8139E+14  1.2452E+15  1.4567E-01
  2.1348E+03  1.8043E+14  1.8142E+14  1.2454E+15  1.4568E-01
  2.1351E+03  1.8046E+14  1.8146E+14  1.2455E+15  1.4569E-01
  2.1355E+03  1.8050E+14  1.8149E+14  1.2457E+15  1.4569E-01
  2.1359E+03  1.8053E+14  1.8153E+14  1.2459E+15  1.4570E-01
  2.1363E+03  1.8057E+14  1.8156E+14  1.2461E+15  1.4571E-01
  2.1366E+03  1.8060E+14  1.8160E+14  1.2462E+15  1.4572E-01
  2.1370E+03  1.8064E+14  1.8163E+14  1.2464E+15  1.4573E-01
  2.1374E+03  1.8067E+14  1.8167E+14  1.2466E+15  1.4573E-01
  2.1378E+03  1.8071E+14  1.8170E+14  1.2467E+15  1.4574E-01
  2.1381E+03  1.8074E+14  1.8174E+14  1.2469E+15  1.4575E-01
  2.1385E+03  1.8078E+14  1.8178E+14  1.2471E+15  1.4576E-01
  2.1389E+03  1.8082E+14  1.8181E+14  1.2473E+15  1.4577E-01
  2.1393E+03  1.8085E+14  1.8185E+14  1.2474E+15  1.4578E-01
  2.1396E+03  1.8089E+14  1.8188E+14  1.2476E+15  1.4578E-01
  2.1400E+03  1.8092E+14  1.8192E+14  1.2478E+15  1.4579E-01
  2.1404E+03  1.8096E+14  1.8195E+14  1.2479E+15  1.4580E-01
  2.1408E+03  1.8099E+14  1.8199E+14  1.2481E+15  1.4581E-01
  2.1411E+03  1.8103E+14  1.8202E+14  1.2483E+15  1.4582E-01
  2.1415E+03  1.8106E+14  1.8206E+14  1.2485E+15  1.4583E-01
  2.1419E+03  1.8110E+14  1.8209E+14  1.2486E+15  1.4583E-01
  2.1423E+03  1.8113E+14  1.8213E+14  1.2488E+15  1.4584E-01
  2.1426E+03  1.8117E+14  1.8217E+14  1.2490E+15  1.4585E-01
  2.1430E+03  1.8121E+14  1.8220E+14  1.2492E+15  1.4586E-01
  2.1434E+03  1.8124E+14  1.8224E+14  1.2493E+15  1.4587E-01
  2.1438E+03  1.8128E+14  1.8227E+14  1.2495E+15  1.4588E-01
  2.1441E+03  1.8131E+14  1.8231E+14  1.2497E+15  1.4588E-01
  2.1445E+03  1.8135E+14  1.8234E+14  1.2498E+15  1.4589E-01
  2.1449E+03  1.8138E+14  1.8238E+14  1.2500E+15  1.4590E-01
  2.1453E+03  1.8142E+14  1.8241E+14  1.2502E+15  1.4591E-01
  2.1456E+03  1.8145E+14  1.8245E+14  1.2504E+15  1.4592E-01
  2.1460E+03  1.8149E+14  1.8248E+14  1.2505E+15  1.4593E-01
  2.1464E+03  1.8152E+14  1.8252E+14  1.2507E+15  1.4593E-01
  2.1468E+03  1.8156E+14  1.8255E+14  1.2509E+15  1.4594E-01
  2.1471E+03  1.8159E+14  1.8259E+14  1.2510E+15  1.4595E-01
  2.1475E+03  1.8163E+14  1.8263E+14  1.2512E+15  1.4596E-01
  2.1479E+03  1.8167E+14  1.8266E+14  1.2514E+15  1.4597E-01
  2.1483E+03  1.8170E+14  1.8270E+14  1.2516E+15  1.4598E-01
  2.1486E+03  1.8174E+14  1.8273E+14  1.2517E+15  1.4598E-01
  2.1490E+03  1.8177E+14  1.8277E+14  1.2519E+15  1.4599E-01
  2.1494E+03  1.8181E+14  1.8280E+14  1.2521E+15  1.4600E-01
  2.1498E+03  1.8184E+14  1.8284E+14  1.2522E+15  1.4601E-01
  2.1501E+03  1.8188E+14  1.8287E+14  1.2524E+15  1.4602E-01
  2.1505E+03  1.8191E+14  1.8291E+14  1.2526E+15  1.4603E-01
  2.1509E+03  1.8195E+14  1.8294E+14  1.2528E+15  1.4603E-01
  2.1513E+03  1.8198E+14  1.8298E+14  1.2529E+15  1.4604E-01
  2.1516E+03  1.8202E+14  1.8302E+14  1.2531E+15  1.4605E-01
  2.1520E+03  1.8206E+14  1.8305E+14  1.2533E+15  1.4606E-01
  2.1524E+03  1.8209E+14  1.8309E+14  1.2534E+15  1.4607E-01
  2.1528E+03  1.8213E+14  1.8312E+14  1.2536E+15  1.4608E-01
  2.1531E+03  1.8216E+14  1.8316E+14  1.2538E+15  1.4608E-01
  2.1535E+03  1.8220E+14  1.8319E+14  1.2539E+15  1.4609E-01
  2.1539E+03  1.8223E+14  1.8323E+14  1.2541E+15  1.4610E-01
  2.1543E+03  1.8227E+14  1.8326E+14  1.2543E+15  1.4611E-01
  2.1546E+03  1.8230E+14  1.8330E+14  1.2545E+15  1.4612E-01
  2.1550E+03  1.8234E+14  1.8333E+14  1.2546E+15  1.4613E-01
  2.1554E+03  1.8237E+14  1.8337E+14  1.2548E+15  1.4613E-01
  2.1558E+03  1.8241E+14  1.8341E+14  1.2550E+15  1.4614E-01
  2.1561E+03  1.8245E+14  1.8344E+14  1.2551E+15  1.4615E-01
  2.1565E+03  1.8248E+14  1.8348E+14  1.2553E+15  1.4616E-01
  2.1569E+03  1.8252E+14  1.8351E+14  1.2555E+15  1.4617E-01
  2.1573E+03  1.8255E+14  1.8355E+14  1.2557E+15  1.4618E-01
  2.1576E+03  1.8259E+14  1.8358E+14  1.2558E+15  1.4618E-01
  2.1580E+03  1.8262E+14  1.8362E+14  1.2560E+15  1.4619E-01
  2.1584E+03  1.8266E+14  1.8365E+14  1.2562E+15  1.4620E-01
  2.1588E+03  1.8269E+14  1.8369E+14  1.2563E+15  1.4621E-01
  2.1591E+03  1.8273E+14  1.8372E+14  1.2565E+15  1.4622E-01
  2.1595E+03  1.8276E+14  1.8376E+14  1.2567E+15  1.4623E-01
  2.1599E+03  1.8280E+14  1.8380E+14  1.2569E+15  1.4623E-01
  2.1603E+03  1.8284E+14  1.8383E+14  1.2570E+15  1.4624E-01
  2.1606E+03  1.8287E+14  1.8387E+14  1.2572E+15  1.4625E-01
  2.1610E+03  1.8291E+14  1.8390E+14  1.2574E+15  1.4626E-01
  2.1614E+03  1.8294E+14  1.8394E+14  1.2575E+15  1.4627E-01
  2.1618E+03  1.8298E+14  1.8397E+14  1.2577E+15  1.4628E-01
  2.1621E+03  1.8301E+14  1.8401E+14  1.2579E+15  1.4628E-01
  2.1625E+03  1.8305E+14  1.8404E+14  1.2581E+15  1.4629E-01
  2.1629E+03  1.8308E+14  1.8408E+14  1.2582E+15  1.4630E-01
  2.1633E+03  1.8312E+14  1.8411E+14  1.2584E+15  1.4631E-01
  2.1636E+03  1.8315E+14  1.8415E+14  1.2586E+15  1.4632E-01
  2.1640E+03  1.8319E+14  1.8419E+14  1.2587E+15  1.4633E-01
  2.1644E+03  1.8323E+14  1.8422E+14  1.2589E+15  1.4633E-01
  2.1648E+03  1.8326E+14  1.8426E+14  1.2591E+15  1.4634E-01
  2.1651E+03  1.8330E+14  1.8429E+14  1.2592E+15  1.4635E-01
  2.1655E+03  1.8333E+14  1.8433E+14  1.2594E+15  1.4636E-01
  2.1659E+03  1.8337E+14  1.8436E+14  1.2596E+15  1.4637E-01
  2.1663E+03  1.8340E+14  1.8440E+14  1.2598E+15  1.4638E-01
  2.1666E+03  1.8344E+14  1.8443E+14  1.2599E+15  1.4638E-01
  2.1670E+03  1.8347E+14  1.8447E+14  1.2601E+15  1.4639E-01
  2.1674E+03  1.8351E+14  1.8451E+14  1.2603E+15  1.4640E-01
  2.1678E+03  1.8355E+14  1.8454E+14  1.2604E+15  1.4641E-01
  2.1681E+03  1.8358E+14  1.8458E+14  1.2606E+15  1.4642E-01
  2.1685E+03  1.8362E+14  1.8461E+14  1.2608E+15  1.4643E-01
  2.1689E+03  1.8365E+14  1.8465E+14  1.2610E+15  1.4643E-01
  2.1693E+03  1.8369E+14  1.8468E+14  1.2611E+15  1.4644E-01
  2.1696E+03  1.8372E+14  1.8472E+14  1.2613E+15  1.4645E-01
  2.1700E+03  1.8376E+14  1.8475E+14  1.2615E+15  1.4646E-01
  2.1704E+03  1.8379E+14  1.8479E+14  1.2616E+15  1.4647E-01
  2.1708E+03  1.8383E+14  1.8482E+14  1.2618E+15  1.4648E-01
  2.1711E+03  1.8386E+14  1.8486E+14  1.2620E+15  1.4648E-01
  2.1715E+03  1.8390E+14  1.8490E+14  1.2621E+15  1.4649E-01
  2.1719E+03  1.8394E+14  1.8493E+14  1.2623E+15  1.4650E-01
  2.1723E+03  1.8397E+14  1.8497E+14  1.2625E+15  1.4651E-01
  2.1726E+03  1.8401E+14  1.8500E+14  1.2627E+15  1.4652E-01
  2.1730E+03  1.8404E+14  1.8504E+14  1.2628E+15  1.4653E-01
  2.1734E+03  1.8408E+14  1.8507E+14  1.2630E+15  1.4653E-01
  2.1738E+03  1.8411E+14  1.8511E+14  1.2632E+15  1.4654E-01
  2.1741E+03  1.8415E+14  1.8514E+14  1.2633E+15  1.4655E-01
  2.1745E+03  1.8418E+14  1.8518E+14  1.2635E+15  1.4656E-01
  2.1749E+03  1.8422E+14  1.8522E+14  1.2637E+15  1.4657E-01
  2.1753E+03  1.8426E+14  1.8525E+14  1.2639E+15  1.4658E-01
  2.1756E+03  1.8429E+14  1.8529E+14  1.2640E+15  1.4658E-01
  2.1760E+03  1.8433E+14  1.8532E+14  1.2642E+15  1.4659E-01
  2.1764E+03  1.8436E+14  1.8536E+14  1.2644E+15  1.4660E-01
  2.1768E+03  1.8440E+14  1.8539E+14  1.2645E+15  1.4661E-01
  2.1771E+03  1.8443E+14  1.8543E+14  1.2647E+15  1.4662E-01
  2.1775E+03  1.8447E+14  1.8546E+14  1.2649E+15  1.4663E-01
  2.1779E+03  1.8450E+14  1.8550E+14  1.2650E+15  1.4663E-01
  2.1783E+03  1.8454E+14  1.8553E+14  1.2652E+15  1.4664E-01
  2.1786E+03  1.8458E+14  1.8557E+14  1.2654E+15  1.4665E-01
  2.1790E+03  1.8461E+14  1.8561E+14  1.2656E+15  1.4666E-01
  2.1794E+03  1.8465E+14  1.8564E+14  1.2657E+15  1.4667E-01
  2.1798E+03  1.8468E+14  1.8568E+14  1.2659E+15  1.4668E-01
  2.1801E+03  1.8472E+14  1.8571E+14  1.2661E+15  1.4668E-01
  2.1805E+03  1.8475E+14  1.8575E+14  1.2662E+15  1.4669E-01
  2.1809E+03  1.8479E+14  1.8578E+14  1.2664E+15  1.4670E-01
  2.1813E+03  1.8482E+14  1.8582E+14  1.2666E+15  1.4671E-01
  2.1816E+03  1.8486E+14  1.8585E+14  1.2667E+15  1.4672E-01
  2.1820E+03  1.8489E+14  1.8589E+14  1.2669E+15  1.4673E-01
  2.1824E+03  1.8493E+14  1.8593E+14  1.2671E+15  1.4673E-01
  2.1828E+03  1.8497E+14  1.8596E+14  1.2673E+15  1.4674E-01
  2.1831E+03  1.8500E+14  1.8600E+14  1.2674E+15  1.4675E-01
  2.1835E+03  1.8504E+14  1.8603E+14  1.2676E+15  1.4676E-01
  2.1839E+03  1.8507E+14  1.8607E+14  1.2678E+15  1.4677E-01
  2.1843E+03  1.8511E+14  1.8610E+14  1.2679E+15  1.4678E-01
  2.1846E+03  1.8514E+14  1.8614E+14  1.2681E+15  1.4678E-01
  2.1850E+03  1.8518E+14  1.8617E+14  1.2683E+15  1.4679E-01
  2.1854E+03  1.8521E+14  1.8621E+14  1.2684E+15  1.4680E-01
  2.1858E+03  1.8525E+14  1.8625E+14  1.2686E+15  1.4681E-01
  2.1861E+03  1.8529E+14  1.8628E+14  1.2688E+15  1.4682E-01
  2.1865E+03  1.8532E+14  1.8632E+14  1.2690E+15  1.4683E-01
  2.1869E+03  1.8536E+14  1.8635E+14  1.2691E+15  1.4684E-01
  2.1873E+03  1.8539E+14  1.8639E+14  1.2693E+15  1.4684E-01
  2.1876E+03  1.8543E+14  1.8642E+14  1.2695E+15  1.4685E-01
  2.1880E+03  1.8546E+14  1.8646E+14  1.2696E+15  1.4686E-01
  2.1884E+03  1.8550E+14  1.8649E+14  1.2698E+15  1.4687E-01
  2.1888E+03  1.8553E+14  1.8653E+14  1.2700E+15  1.4688E-01
  2.1891E+03  1.8557E+14  1.8657E+14  1.2701E+15  1.4689E-01
  2.1895E+03  1.8561E+14  1.8660E+14  1.2703E+15  1.4689E-01
  2.1899E+03  1.8564E+14  1.8664E+14  1.2705E+15  1.4690E-01
  2.1903E+03  1.8568E+14  1.8667E+14  1.2707E+15  1.4691E-01
  2.1906E+03  1.8571E+14  1.8671E+14  1.2708E+15  1.4692E-01
  2.1910E+03  1.8575E+14  1.8674E+14  1.2710E+15  1.4693E-01
  2.1914E+03  1.8578E+14  1.8678E+14  1.2712E+15  1.4694E-01
  2.1918E+03  1.8582E+14  1.8681E+14  1.2713E+15  1.4694E-01
  2.1921E+03  1.8585E+14  1.8685E+14  1.2715E+15  1.4695E-01
  2.1925E+03  1.8589E+14  1.8689E+14  1.2717E+15  1.4696E-01
  2.1929E+03  1.8593E+14  1.8692E+14  1.2718E+15  1.4697E-01
  2.1933E+03  1.8596E+14  1.8696E+14  1.2720E+15  1.4698E-01
  2.1936E+03  1.8600E+14  1.8699E+14  1.2722E+15  1.4699E-01
  2.1940E+03  1.8603E+14  1.8703E+14  1.2724E+15  1.4699E-01
  2.1944E+03  1.8607E+14  1.8706E+14  1.2725E+15  1.4700E-01
  2.1948E+03  1.8610E+14  1.8710E+14  1.2727E+15  1.4701E-01
  2.1951E+03  1.8614E+14  1.8713E+14  1.2729E+15  1.4702E-01
  2.1955E+03  1.8618E+14  1.8717E+14  1.2730E+15  1.4703E-01
  2.1959E+03  1.8621E+14  1.8721E+14  1.2732E+15  1.4704E-01
  2.1963E+03  1.8625E+14  1.8724E+14  1.2734E+15  1.4704E-01
  2.1966E+03  1.8628E+14  1.8728E+14  1.2735E+15  1.4705E-01
  2.1970E+03  1.8632E+14  1.8731E+14  1.2737E+15  1.4706E-01
  2.1974E+03  1.8635E+14  1.8735E+14  1.2739E+15  1.4707E-01
  2.1978E+03  1.8639E+14  1.8738E+14  1.2740E+15  1.4708E-01
  2.1981E+03  1.8642E+14  1.8742E+14  1.2742E+15  1.4709E-01
  2.1985E+03  1.8646E+14  1.8746E+14  1.2744E+15  1.4709E-01
  2.1989E+03  1.8650E+14  1.8749E+14  1.2746E+15  1.4710E-01
  2.1993E+03  1.8653E+14  1.8753E+14  1.2747E+15  1.4711E-01
  2.1996E+03  1.8657E+14  1.8756E+14  1.2749E+15  1.4712E-01
  2.2000E+03  1.8660E+14  1.8760E+14  1.2751E+15  1.4713E-01
  2.2004E+03  1.8664E+14  1.8763E+14  1.2752E+15  1.4714E-01
  2.2008E+03  1.8667E+14  1.8767E+14  1.2754E+15  1.4714E-01
  2.2012E+03  1.8671E+14  1.8770E+14  1.2756E+15  1.4715E-01
  2.2015E+03  1.8674E+14  1.8774E+14  1.2757E+15  1.4716E-01
  2.2019E+03  1.8678E+14  1.8778E+14  1.2759E+15  1.4717E-01
  2.2023E+03  1.8682E+14  1.8781E+14  1.2761E+15  1.4718E-01
  2.2027E+03  1.8685E+14  1.8785E+14  1.2763E+15  1.4719E-01
  2.2030E+03  1.8689E+14  1.8788E+14  1.2764E+15  1.4719E-01
  2.2034E+03  1.8692E+14  1.8792E+14  1.2766E+15  1.4720E-01
  2.2038E+03  1.8696E+14  1.8795E+14  1.2768E+15  1.4721E-01
  2.2042E+03  1.8699E+14  1.8799E+14  1.2769E+15  1.4722E-01
  2.2045E+03  1.8703E+14  1.8802E+14  1.2771E+15  1.4723E-01
  2.2049E+03  1.8706E+14  1.8806E+14  1.2773E+15  1.4724E-01
  2.2053E+03  1.8710E+14  1.8810E+14  1.2774E+15  1.4725E-01
  2.2057E+03  1.8714E+14  1.8813E+14  1.2776E+15  1.4725E-01
  2.2060E+03  1.8717E+14  1.8817E+14  1.2778E+15  1.4726E-01
  2.2064E+03  1.8721E+14  1.8820E+14  1.2779E+15  1.4727E-01
  2.2068E+03  1.8724E+14  1.8824E+14  1.2781E+15  1.4728E-01
  2.2072E+03  1.8728E+14  1.8827E+14  1.2783E+15  1.4729E-01
  2.2075E+03  1.8731E+14  1.8831E+14  1.2785E+15  1.4730E-01
  2.2079E+03  1.8735E+14  1.8835E+14  1.2786E+15  1.4730E-01
  2.2083E+03  1.8739E+14  1.8838E+14  1.2788E+15  1.4731E-01
  2.2087E+03  1.8742E+14  1.8842E+14  1.2790E+15  1.4732E-01
  2.2090E+03  1.8746E+14  1.8845E+14  1.2791E+15  1.4733E-01
  2.2094E+03  1.8749E+14  1.8849E+14  1.2793E+15  1.4734E-01
  2.2098E+03  1.8753E+14  1.8852E+14  1.2795E+15  1.4735E-01
  2.2102E+03  1.8756E+14  1.8856E+14  1.2796E+15  1.4735E-01
  2.2105E+03  1.8760E+14  1.8859E+14  1.2798E+15  1.4736E-01
  2.2109E+03  1.8763E+14  1.8863E+14  1.2800E+15  1.4737E-01
  2.2113E+03  1.8767E+14  1.8867E+14  1.2801E+15  1.4738E-01
  2.2117E+03  1.8771E+14  1.8870E+14  1.2803E+15  1.4739E-01
  2.2120E+03  1.8774E+14  1.8874E+14  1.2805E+15  1.4740E-01
  2.2124E+03  1.8778E+14  1.8877E+14  1.2806E+15  1.4740E-01
  2.2128E+03  1.8781E+14  1.8881E+14  1.2808E+15  1.4741E-01
  2.2132E+03  1.8785E+14  1.8884E+14  1.2810E+15  1.4742E-01
  2.2135E+03  1.8788E+14  1.8888E+14  1.2812E+15  1.4743E-01
  2.2139E+03  1.8792E+14  1.8892E+14  1.2813E+15  1.4744E-01
  2.2143E+03  1.8796E+14  1.8895E+14  1.2815E+15  1.4745E-01
  2.2147E+03  1.8799E+14  1.8899E+14  1.2817E+15  1.4745E-01
  2.2150E+03  1.8803E+14  1.8902E+14  1.2818E+15  1.4746E-01
  2.2154E+03  1.8806E+14  1.8906E+14  1.2820E+15  1.4747E-01
  2.2158E+03  1.8810E+14  1.8909E+14  1.2822E+15  1.4748E-01
  2.2162E+03  1.8813E+14  1.8913E+14  1.2823E+15  1.4749E-01
  2.2165E+03  1.8817E+14  1.8917E+14  1.2825E+15  1.4750E-01
  2.2169E+03  1.8821E+14  1.8920E+14  1.2827E+15  1.4750E-01
  2.2173E+03  1.8824E+14  1.8924E+14  1.2828E+15  1.4751E-01
  2.2177E+03  1.8828E+14  1.8927E+14  1.2830E+15  1.4752E-01
  2.2180E+03  1.8831E+14  1.8931E+14  1.2832E+15  1.4753E-01
  2.2184E+03  1.8835E+14  1.8934E+14  1.2833E+15  1.4754E-01
  2.2188E+03  1.8838E+14  1.8938E+14  1.2835E+15  1.4755E-01
  2.2192E+03  1.8842E+14  1.8941E+14  1.2837E+15  1.4756E-01
  2.2195E+03  1.8845E+14  1.8945E+14  1.2839E+15  1.4756E-01
  2.2199E+03  1.8849E+14  1.8949E+14  1.2840E+15  1.4757E-01
  2.2203E+03  1.8853E+14  1.8952E+14  1.2842E+15  1.4758E-01
  2.2207E+03  1.8856E+14  1.8956E+14  1.2844E+15  1.4759E-01
  2.2210E+03  1.8860E+14  1.8959E+14  1.2845E+15  1.4760E-01
  2.2214E+03  1.8863E+14  1.8963E+14  1.2847E+15  1.4761E-01
  2.2218E+03  1.8867E+14  1.8966E+14  1.2849E+15  1.4761E-01
  2.2222E+03  1.8870E+14  1.8970E+14  1.2850E+15  1.4762E-01
  2.2225E+03  1.8874E+14  1.8974E+14  1.2852E+15  1.4763E-01
  2.2229E+03  1.8878E+14  1.8977E+14  1.2854E+15  1.4764E-01
  2.2233E+03  1.8881E+14  1.8981E+14  1.2855E+15  1.4765E-01
  2.2237E+03  1.8885E+14  1.8984E+14  1.2857E+15  1.4766E-01
  2.2240E+03  1.8888E+14  1.8988E+14  1.2859E+15  1.4766E-01
  2.2244E+03  1.8892E+14  1.8991E+14  1.2860E+15  1.4767E-01
  2.2248E+03  1.8895E+14  1.8995E+14  1.2862E+15  1.4768E-01
  2.2252E+03  1.8899E+14  1.8999E+14  1.2864E+15  1.4769E-01
  2.2255E+03  1.8903E+14  1.9002E+14  1.2866E+15  1.4770E-01
  2.2259E+03  1.8906E+14  1.9006E+14  1.2867E+15  1.4771E-01
  2.2263E+03  1.8910E+14  1.9009E+14  1.2869E+15  1.4771E-01
  2.2267E+03  1.8913E+14  1.9013E+14  1.2871E+15  1.4772E-01
  2.2270E+03  1.8917E+14  1.9016E+14  1.2872E+15  1.4773E-01
  2.2274E+03  1.8920E+14  1.9020E+14  1.2874E+15  1.4774E-01
  2.2278E+03  1.8924E+14  1.9024E+14  1.2876E+15  1.4775E-01
  2.2282E+03  1.8928E+14  1.9027E+14  1.2877E+15  1.4776E-01
  2.2285E+03  1.8931E+14  1.9031E+14  1.2879E+15  1.4777E-01
  2.2289E+03  1.8935E+14  1.9034E+14  1.2881E+15  1.4777E-01
  2.2293E+03  1.8938E+14  1.9038E+14  1.2882E+15  1.4778E-01
  2.2297E+03  1.8942E+14  1.9041E+14  1.2884E+15  1.4779E-01
  2.2300E+03  1.8945E+14  1.9045E+14  1.2886E+15  1.4780E-01
  2.2304E+03  1.8949E+14  1.9049E+14  1.2887E+15  1.4781E-01
  2.2308E+03  1.8953E+14  1.9052E+14  1.2889E+15  1.4782E-01
  2.2312E+03  1.8956E+14  1.9056E+14  1.2891E+15  1.4782E-01
  2.2315E+03  1.8960E+14  1.9059E+14  1.2892E+15  1.4783E-01
  2.2319E+03  1.8963E+14  1.9063E+14  1.2894E+15  1.4784E-01
  2.2323E+03  1.8967E+14  1.9066E+14  1.2896E+15  1.4785E-01
  2.2327E+03  1.8970E+14  1.9070E+14  1.2898E+15  1.4786E-01
  2.2330E+03  1.8974E+14  1.9074E+14  1.2899E+15  1.4787E-01
  2.2334E+03  1.8978E+14  1.9077E+14  1.2901E+15  1.4787E-01
  2.2338E+03  1.8981E+14  1.9081E+14  1.2903E+15  1.4788E-01
  2.2342E+03  1.8985E+14  1.9084E+14  1.2904E+15  1.4789E-01
  2.2345E+03  1.8988E+14  1.9088E+14  1.2906E+15  1.4790E-01
  2.2349E+03  1.8992E+14  1.9091E+14  1.2908E+15  1.4791E-01
  2.2353E+03  1.8995E+14  1.9095E+14  1.2909E+15  1.4792E-01
  2.2357E+03  1.8999E+14  1.9099E+14  1.2911E+15  1.4792E-01
  2.2360E+03  1.9003E+14  1.9102E+14  1.2913E+15  1.4793E-01
  2.2364E+03  1.9006E+14  1.9106E+14  1.2914E+15  1.4794E-01
  2.2368E+03  1.9010E+14  1.9109E+14  1.2916E+15  1.4795E-01
  2.2372E+03  1.9013E+14  1.9113E+14  1.2918E+15  1.4796E-01
  2.2375E+03  1.9017E+14  1.9116E+14  1.2919E+15  1.4797E-01
  2.2379E+03  1.9020E+14  1.9120E+14  1.2921E+15  1.4798E-01
  2.2383E+03  1.9024E+14  1.9124E+14  1.2923E+15  1.4798E-01
  2.2387E+03  1.9028E+14  1.9127E+14  1.2924E+15  1.4799E-01
  2.2390E+03  1.9031E+14  1.9131E+14  1.2926E+15  1.4800E-01
  2.2394E+03  1.9035E+14  1.9134E+14  1.2928E+15  1.4801E-01
  2.2398E+03  1.9038E+14  1.9138E+14  1.2929E+15  1.4802E-01
  2.2402E+03  1.9042E+14  1.9141E+14  1.2931E+15  1.4803E-01
  2.2405E+03  1.9045E+14  1.9145E+14  1.2933E+15  1.4803E-01
  2.2409E+03  1.9049E+14  1.9149E+14  1.2934E+15  1.4804E-01
  2.2413E+03  1.9053E+14  1.9152E+14  1.2936E+15  1.4805E-01
  2.2417E+03  1.9056E+14  1.9156E+14  1.2938E+15  1.4806E-01
  2.2420E+03  1.9060E+14  1.9159E+14  1.2940E+15  1.4807E-01
  2.2424E+03  1.9063E+14  1.9163E+14  1.2941E+15  1.4808E-01
  2.2428E+03  1.9067E+14  1.9166E+14  1.2943E+15  1.4808E-01
  2.2432E+03  1.9070E+14  1.9170E+14  1.2945E+15  1.4809E-01
  2.2435E+03  1.9074E+14  1.9174E+14  1.2946E+15  1.4810E-01
  2.2439E+03  1.9078E+14  1.9177E+14  1.2948E+15  1.4811E-01
  2.2443E+03  1.9081E+14  1.9181E+14  1.2950E+15  1.4812E-01
  2.2447E+03  1.9085E+14  1.9184E+14  1.2951E+15  1.4813E-01
  2.2450E+03  1.9088E+14  1.9188E+14  1.2953E+15  1.4814E-01
  2.2454E+03  1.9092E+14  1.9191E+14  1.2955E+15  1.4814E-01
  2.2458E+03  1.9095E+14  1.9195E+14  1.2956E+15  1.4815E-01
  2.2462E+03  1.9099E+14  1.9199E+14  1.2958E+15  1.4816E-01
  2.2465E+03  1.9103E+14  1.9202E+14  1.2960E+15  1.4817E-01
  2.2469E+03  1.9106E+14  1.9206E+14  1.2961E+15  1.4818E-01
  2.2473E+03  1.9110E+14  1.9209E+14  1.2963E+15  1.4819E-01
  2.2477E+03  1.9113E+14  1.9213E+14  1.2965E+15  1.4819E-01
  2.2480E+03  1.9117E+14  1.9216E+14  1.2966E+15  1.4820E-01
  2.2484E+03  1.9120E+14  1.9220E+14  1.2968E+15  1.4821E-01
  2.2488E+03  1.9124E+14  1.9224E+14  1.2970E+15  1.4822E-01
  2.2492E+03  1.9128E+14  1.9227E+14  1.2971E+15  1.4823E-01
  2.2495E+03  1.9131E+14  1.9231E+14  1.2973E+15  1.4824E-01
  2.2499E+03  1.9135E+14  1.9234E+14  1.2975E+15  1.4824E-01
  2.2503E+03  1.9138E+14  1.9238E+14  1.2976E+15  1.4825E-01
  2.2507E+03  1.9142E+14  1.9241E+14  1.2978E+15  1.4826E-01
  2.2510E+03  1.9145E+14  1.9245E+14  1.2980E+15  1.4827E-01
  2.2514E+03  1.9149E+14  1.9249E+14  1.2981E+15  1.4828E-01
  2.2518E+03  1.9153E+14  1.9252E+14  1.2983E+15  1.4829E-01
  2.2522E+03  1.9156E+14  1.9256E+14  1.2985E+15  1.4830E-01
  2.2525E+03  1.9160E+14  1.9259E+14  1.2986E+15  1.4830E-01
  2.2529E+03  1.9163E+14  1.9263E+14  1.2988E+15  1.4831E-01
  2.2533E+03  1.9167E+14  1.9267E+14  1.2990E+15  1.4832E-01
  2.2537E+03  1.9171E+14  1.9270E+14  1.2991E+15  1.4833E-01
  2.2540E+03  1.9174E+14  1.9274E+14  1.2993E+15  1.4834E-01
  2.2544E+03  1.9178E+14  1.9277E+14  1.2995E+15  1.4835E-01
  2.2548E+03  1.9181E+14  1.9281E+14  1.2997E+15  1.4835E-01
  2.2552E+03  1.9185E+14  1.9284E+14  1.2998E+15  1.4836E-01
  2.2555E+03  1.9188E+14  1.9288E+14  1.3000E+15  1.4837E-01
  2.2559E+03  1.9192E+14  1.9292E+14  1.3002E+15  1.4838E-01
  2.2563E+03  1.9196E+14  1.9295E+14  1.3003E+15  1.4839E-01
  2.2567E+03  1.9199E+14  1.9299E+14  1.3005E+15  1.4840E-01
  2.2570E+03  1.9203E+14  1.9302E+14  1.3007E+15  1.4840E-01
  2.2574E+03  1.9206E+14  1.9306E+14  1.3008E+15  1.4841E-01
  2.2578E+03  1.9210E+14  1.9309E+14  1.3010E+15  1.4842E-01
  2.2582E+03  1.9213E+14  1.9313E+14  1.3012E+15  1.4843E-01
  2.2585E+03  1.9217E+14  1.9317E+14  1.3013E+15  1.4844E-01
  2.2589E+03  1.9221E+14  1.9320E+14  1.3015E+15  1.4845E-01
  2.2593E+03  1.9224E+14  1.9324E+14  1.3017E+15  1.4846E-01
  2.2597E+03  1.9228E+14  1.9327E+14  1.3018E+15  1.4846E-01
  2.2600E+03  1.9231E+14  1.9331E+14  1.3020E+15  1.4847E-01
  2.2604E+03  1.9235E+14  1.9335E+14  1.3022E+15  1.4848E-01
  2.2608E+03  1.9239E+14  1.9338E+14  1.3023E+15  1.4849E-01
  2.2612E+03  1.9242E+14  1.9342E+14  1.3025E+15  1.4850E-01
  2.2615E+03  1.9246E+14  1.9345E+14  1.3027E+15  1.4851E-01
  2.2619E+03  1.9249E+14  1.9349E+14  1.3028E+15  1.4851E-01
  2.2623E+03  1.9253E+14  1.9352E+14  1.3030E+15  1.4852E-01
  2.2627E+03  1.9256E+14  1.9356E+14  1.3032E+15  1.4853E-01
  2.2630E+03  1.9260E+14  1.9360E+14  1.3033E+15  1.4854E-01
  2.2634E+03  1.9264E+14  1.9363E+14  1.3035E+15  1.4855E-01
  2.2638E+03  1.9267E+14  1.9367E+14  1.3037E+15  1.4856E-01
  2.2642E+03  1.9271E+14  1.9370E+14  1.3038E+15  1.4856E-01
  2.2645E+03  1.9274E+14  1.9374E+14  1.3040E+15  1.4857E-01
  2.2649E+03  1.9278E+14  1.9377E+14  1.3042E+15  1.4858E-01
  2.2653E+03  1.9282E+14  1.9381E+14  1.3043E+15  1.4859E-01
  2.2657E+03  1.9285E+14  1.9385E+14  1.3045E+15  1.4860E-01
  2.2660E+03  1.9289E+14  1.9388E+14  1.3047E+15  1.4861E-01
  2.2664E+03  1.9292E+14  1.9392E+14  1.3048E+15  1.4862E-01
  2.2668E+03  1.9296E+14  1.9395E+14  1.3050E+15  1.4862E-01
  2.2672E+03  1.9299E+14  1.9399E+14  1.3052E+15  1.4863E-01
  2.2675E+03  1.9303E+14  1.9403E+14  1.3053E+15  1.4864E-01
  2.2679E+03  1.9307E+14  1.9406E+14  1.3055E+15  1.4865E-01
  2.2683E+03  1.9310E+14  1.9410E+14  1.3057E+15  1.4866E-01
  2.2687E+03  1.9314E+14  1.9413E+14  1.3058E+15  1.4867E-01
  2.2690E+03  1.9317E+14  1.9417E+14  1.3060E+15  1.4867E-01
  2.2694E+03  1.9321E+14  1.9420E+14  1.3062E+15  1.4868E-01
  2.2698E+03  1.9325E+14  1.9424E+14  1.3063E+15  1.4869E-01
  2.2702E+03  1.9328E+14  1.9428E+14  1.3065E+15  1.4870E-01
  2.2705E+03  1.9332E+14  1.9431E+14  1.3067E+15  1.4871E-01
  2.2709E+03  1.9335E+14  1.9435E+14  1.3068E+15  1.4872E-01
  2.2713E+03  1.9339E+14  1.9438E+14  1.3070E+15  1.4873E-01
  2.2717E+03  1.9342E+14  1.9442E+14  1.3072E+15  1.4873E-01
  2.2720E+03  1.9346E+14  1.9446E+14  1.3073E+15  1.4874E-01
  2.2724E+03  1.9350E+14  1.9449E+14  1.3075E+15  1.4875E-01
  2.2728E+03  1.9353E+14  1.9453E+14  1.3077E+15  1.4876E-01
  2.2732E+03  1.9357E+14  1.9456E+14  1.3078E+15  1.4877E-01
  2.2735E+03  1.9360E+14  1.9460E+14  1.3080E+15  1.4878E-01
  2.2739E+03  1.9364E+14  1.9463E+14  1.3082E+15  1.4878E-01
  2.2743E+03  1.9368E+14  1.9467E+14  1.3083E+15  1.4879E-01
  2.2747E+03  1.9371E+14  1.9471E+14  1.3085E+15  1.4880E-01
  2.2750E+03  1.9375E+14  1.9474E+14  1.3087E+15  1.4881E-01
  2.2754E+03  1.9378E+14  1.9478E+14  1.3088E+15  1.4882E-01
  2.2758E+03  1.9382E+14  1.9481E+14  1.3090E+15  1.4883E-01
  2.2762E+03  1.9385E+14  1.9485E+14  1.3092E+15  1.4883E-01
  2.2765E+03  1.9389E+14  1.9489E+14  1.3093E+15  1.4884E-01
  2.2769E+03  1.9393E+14  1.9492E+14  1.3095E+15  1.4885E-01
  2.2773E+03  1.9396E+14  1.9496E+14  1.3097E+15  1.4886E-01
  2.2777E+03  1.9400E+14  1.9499E+14  1.3098E+15  1.4887E-01
  2.2780E+03  1.9403E+14  1.9503E+14  1.3100E+15  1.4888E-01
  2.2784E+03  1.9407E+14  1.9507E+14  1.3102E+15  1.4889E-01
  2.2788E+03  1.9411E+14  1.9510E+14  1.3103E+15  1.4889E-01
  2.2792E+03  1.9414E+14  1.9514E+14  1.3105E+15  1.4890E-01
  2.2795E+03  1.9418E+14  1.9517E+14  1.3107E+15  1.4891E-01
  2.2799E+03  1.9421E+14  1.9521E+14  1.3108E+15  1.4892E-01
  2.2803E+03  1.9425E+14  1.9524E+14  1.3110E+15  1.4893E-01
  2.2807E+03  1.9428E+14  1.9528E+14  1.3112E+15  1.4894E-01
  2.2810E+03  1.9432E+14  1.9532E+14  1.3113E+15  1.4894E-01
  2.2814E+03  1.9436E+14  1.9535E+14  1.3115E+15  1.4895E-01
  2.2818E+03  1.9439E+14  1.9539E+14  1.3117E+15  1.4896E-01
  2.2822E+03  1.9443E+14  1.9542E+14  1.3118E+15  1.4897E-01
  2.2825E+03  1.9446E+14  1.9546E+14  1.3120E+15  1.4898E-01
  2.2829E+03  1.9450E+14  1.9550E+14  1.3122E+15  1.4899E-01
  2.2833E+03  1.9454E+14  1.9553E+14  1.3123E+15  1.4900E-01
  2.2837E+03  1.9457E+14  1.9557E+14  1.3125E+15  1.4900E-01
  2.2840E+03  1.9461E+14  1.9560E+14  1.3127E+15  1.4901E-01
  2.2844E+03  1.9464E+14  1.9564E+14  1.3128E+15  1.4902E-01
  2.2848E+03  1.9468E+14  1.9568E+14  1.3130E+15  1.4903E-01
  2.2852E+03  1.9472E+14  1.9571E+14  1.3132E+15  1.4904E-01
  2.2855E+03  1.9475E+14  1.9575E+14  1.3133E+15  1.4905E-01
  2.2859E+03  1.9479E+14  1.9578E+14  1.3135E+15  1.4905E-01
  2.2863E+03  1.9482E+14  1.9582E+14  1.3137E+15  1.4906E-01
  2.2867E+03  1.9486E+14  1.9585E+14  1.3138E+15  1.4907E-01
  2.2870E+03  1.9489E+14  1.9589E+14  1.3140E+15  1.4908E-01
  2.2874E+03  1.9493E+14  1.9593E+14  1.3142E+15  1.4909E-01
  2.2878E+03  1.9497E+14  1.9596E+14  1.3143E+15  1.4910E-01
  2.2882E+03  1.9500E+14  1.9600E+14  1.3145E+15  1.4911E-01
  2.2885E+03  1.9504E+14  1.9603E+14  1.3147E+15  1.4911E-01
  2.2889E+03  1.9507E+14  1.9607E+14  1.3148E+15  1.4912E-01
  2.2893E+03  1.9511E+14  1.9611E+14  1.3150E+15  1.4913E-01
  2.2897E+03  1.9515E+14  1.9614E+14  1.3152E+15  1.4914E-01
  2.2900E+03  1.9518E+14  1.9618E+14  1.3153E+15  1.4915E-01
  2.2904E+03  1.9522E+14  1.9621E+14  1.3155E+15  1.4916E-01
  2.2908E+03  1.9525E+14  1.9625E+14  1.3157E+15  1.4916E-01
  2.2912E+03  1.9529E+14  1.9629E+14  1.3158E+15  1.4917E-01
  2.2915E+03  1.9533E+14  1.9632E+14  1.3160E+15  1.4918E-01
  2.2919E+03  1.9536E+14  1.9636E+14  1.3162E+15  1.4919E-01
  2.2923E+03  1.9540E+14  1.9639E+14  1.3163E+15  1.4920E-01
  2.2927E+03  1.9543E+14  1.9643E+14  1.3165E+15  1.4921E-01
  2.2930E+03  1.9547E+14  1.9646E+14  1.3167E+15  1.4922E-01
  2.2934E+03  1.9551E+14  1.9650E+14  1.3168E+15  1.4922E-01
  2.2938E+03  1.9554E+14  1.9654E+14  1.3170E+15  1.4923E-01
  2.2942E+03  1.9558E+14  1.9657E+14  1.3172E+15  1.4924E-01
  2.2945E+03  1.9561E+14  1.9661E+14  1.3173E+15  1.4925E-01
  2.2949E+03  1.9565E+14  1.9664E+14  1.3175E+15  1.4926E-01
  2.2953E+03  1.9568E+14  1.9668E+14  1.3177E+15  1.4927E-01
  2.2957E+03  1.9572E+14  1.9672E+14  1.3178E+15  1.4927E-01
  2.2960E+03  1.9576E+14  1.9675E+14  1.3180E+15  1.4928E-01
  2.2964E+03  1.9579E+14  1.9679E+14  1.3181E+15  1.4929E-01
  2.2968E+03  1.9583E+14  1.9682E+14  1.3183E+15  1.4930E-01
  2.2972E+03  1.9586E+14  1.9686E+14  1.3185E+15  1.4931E-01
  2.2975E+03  1.9590E+14  1.9690E+14  1.3186E+15  1.4932E-01
  2.2979E+03  1.9594E+14  1.9693E+14  1.3188E+15  1.4933E-01
  2.2983E+03  1.9597E+14  1.9697E+14  1.3190E+15  1.4933E-01
  2.2987E+03  1.9601E+14  1.9700E+14  1.3191E+15  1.4934E-01
  2.2990E+03  1.9604E+14  1.9704E+14  1.3193E+15  1.4935E-01
  2.2994E+03  1.9608E+14  1.9708E+14  1.3195E+15  1.4936E-01
  2.2998E+03  1.9612E+14  1.9711E+14  1.3196E+15  1.4937E-01
  2.3002E+03  1.9615E+14  1.9715E+14  1.3198E+15  1.4938E-01
  2.3005E+03  1.9619E+14  1.9718E+14  1.3200E+15  1.4938E-01
  2.3009E+03  1.9622E+14  1.9722E+14  1.3201E+15  1.4939E-01
  2.3013E+03  1.9626E+14  1.9726E+14  1.3203E+15  1.4940E-01
  2.3017E+03  1.9630E+14  1.9729E+14  1.3205E+15  1.4941E-01
  2.3020E+03  1.9633E+14  1.9733E+14  1.3206E+15  1.4942E-01
  2.3024E+03  1.9637E+14  1.9736E+14  1.3208E+15  1.4943E-01
  2.3028E+03  1.9640E+14  1.9740E+14  1.3210E+15  1.4944E-01
  2.3032E+03  1.9644E+14  1.9744E+14  1.3211E+15  1.4944E-01
  2.3035E+03  1.9648E+14  1.9747E+14  1.3213E+15  1.4945E-01
  2.3039E+03  1.9651E+14  1.9751E+14  1.3215E+15  1.4946E-01
  2.3043E+03  1.9655E+14  1.9754E+14  1.3216E+15  1.4947E-01
  2.3047E+03  1.9658E+14  1.9758E+14  1.3218E+15  1.4948E-01
  2.3050E+03  1.9662E+14  1.9761E+14  1.3220E+15  1.4949E-01
  2.3054E+03  1.9666E+14  1.9765E+14  1.3221E+15  1.4949E-01
  2.3058E+03  1.9669E+14  1.9769E+14  1.3223E+15  1.4950E-01
  2.3062E+03  1.9673E+14  1.9772E+14  1.3225E+15  1.4951E-01
  2.3065E+03  1.9676E+14  1.9776E+14  1.3226E+15  1.4952E-01
  2.3069E+03  1.9680E+14  1.9779E+14  1.3228E+15  1.4953E-01
  2.3073E+03  1.9683E+14  1.9783E+14  1.3230E+15  1.4954E-01
  2.3077E+03  1.9687E+14  1.9787E+14  1.3231E+15  1.4955E-01
  2.3080E+03  1.9691E+14  1.9790E+14  1.3233E+15  1.4955E-01
  2.3084E+03  1.9694E+14  1.9794E+14  1.3235E+15  1.4956E-01
  2.3088E+03  1.9698E+14  1.9797E+14  1.3236E+15  1.4957E-01
  2.3092E+03  1.9701E+14  1.9801E+14  1.3238E+15  1.4958E-01
  2.3095E+03  1.9705E+14  1.9805E+14  1.3239E+15  1.4959E-01
  2.3099E+03  1.9709E+14  1.9808E+14  1.3241E+15  1.4960E-01
  2.3103E+03  1.9712E+14  1.9812E+14  1.3243E+15  1.4960E-01
  2.3107E+03  1.9716E+14  1.9815E+14  1.3244E+15  1.4961E-01
  2.3110E+03  1.9719E+14  1.9819E+14  1.3246E+15  1.4962E-01
  2.3114E+03  1.9723E+14  1.9823E+14  1.3248E+15  1.4963E-01
  2.3118E+03  1.9727E+14  1.9826E+14  1.3249E+15  1.4964E-01
  2.3122E+03  1.9730E+14  1.9830E+14  1.3251E+15  1.4965E-01
  2.3125E+03  1.9734E+14  1.9833E+14  1.3253E+15  1.4966E-01
  2.3129E+03  1.9737E+14  1.9837E+14  1.3254E+15  1.4966E-01
  2.3133E+03  1.9741E+14  1.9841E+14  1.3256E+15  1.4967E-01
  2.3137E+03  1.9745E+14  1.9844E+14  1.3258E+15  1.4968E-01
  2.3140E+03  1.9748E+14  1.9848E+14  1.3259E+15  1.4969E-01
  2.3144E+03  1.9752E+14  1.9851E+14  1.3261E+15  1.4970E-01
  2.3148E+03  1.9755E+14  1.9855E+14  1.3263E+15  1.4971E-01
  2.3152E+03  1.9759E+14  1.9859E+14  1.3264E+15  1.4971E-01
  2.3155E+03  1.9763E+14  1.9862E+14  1.3266E+15  1.4972E-01
  2.3159E+03  1.9766E+14  1.9866E+14  1.3268E+15  1.4973E-01
  2.3163E+03  1.9770E+14  1.9869E+14  1.3269E+15  1.4974E-01
  2.3167E+03  1.9773E+14  1.9873E+14  1.3271E+15  1.4975E-01
  2.3170E+03  1.9777E+14  1.9877E+14  1.3273E+15  1.4976E-01
  2.3174E+03  1.9781E+14  1.9880E+14  1.3274E+15  1.4977E-01
  2.3178E+03  1.9784E+14  1.9884E+14  1.3276E+15  1.4977E-01
  2.3182E+03  1.9788E+14  1.9887E+14  1.3277E+15  1.4978E-01
  2.3185E+03  1.9791E+14  1.9891E+14  1.3279E+15  1.4979E-01
  2.3189E+03  1.9795E+14  1.9895E+14  1.3281E+15  1.4980E-01
  2.3193E+03  1.9799E+14  1.9898E+14  1.3282E+15  1.4981E-01
  2.3197E+03  1.9802E+14  1.9902E+14  1.3284E+15  1.4982E-01
  2.3200E+03  1.9806E+14  1.9905E+14  1.3286E+15  1.4983E-01
  2.3204E+03  1.9809E+14  1.9909E+14  1.3287E+15  1.4983E-01
  2.3208E+03  1.9813E+14  1.9913E+14  1.3289E+15  1.4984E-01
  2.3212E+03  1.9817E+14  1.9916E+14  1.3291E+15  1.4985E-01
  2.3215E+03  1.9820E+14  1.9920E+14  1.3292E+15  1.4986E-01
  2.3219E+03  1.9824E+14  1.9923E+14  1.3294E+15  1.4987E-01
  2.3223E+03  1.9827E+14  1.9927E+14  1.3296E+15  1.4988E-01
  2.3227E+03  1.9831E+14  1.9931E+14  1.3297E+15  1.4988E-01
  2.3230E+03  1.9835E+14  1.9934E+14  1.3299E+15  1.4989E-01
  2.3234E+03  1.9838E+14  1.9938E+14  1.3301E+15  1.4990E-01
  2.3238E+03  1.9842E+14  1.9941E+14  1.3302E+15  1.4991E-01
  2.3242E+03  1.9845E+14  1.9945E+14  1.3304E+15  1.4992E-01
  2.3245E+03  1.9849E+14  1.9949E+14  1.3306E+15  1.4993E-01
  2.3249E+03  1.9853E+14  1.9952E+14  1.3307E+15  1.4994E-01
  2.3253E+03  1.9856E+14  1.9956E+14  1.3309E+15  1.4994E-01
  2.3257E+03  1.9860E+14  1.9959E+14  1.3311E+15  1.4995E-01
  2.3260E+03  1.9863E+14  1.9963E+14  1.3312E+15  1.4996E-01
  2.3264E+03  1.9867E+14  1.9967E+14  1.3314E+15  1.4997E-01
  2.3268E+03  1.9871E+14  1.9970E+14  1.3315E+15  1.4998E-01
  2.3272E+03  1.9874E+14  1.9974E+14  1.3317E+15  1.4999E-01
  2.3275E+03  1.9878E+14  1.9977E+14  1.3319E+15  1.5000E-01
  2.3279E+03  1.9881E+14  1.9981E+14  1.3320E+15  1.5000E-01
  2.3283E+03  1.9885E+14  1.9985E+14  1.3322E+15  1.5001E-01
  2.3287E+03  1.9889E+14  1.9988E+14  1.3324E+15  1.5002E-01
  2.3290E+03  1.9892E+14  1.9992E+14  1.3325E+15  1.5003E-01
  2.3294E+03  1.9896E+14  1.9995E+14  1.3327E+15  1.5004E-01
  2.3298E+03  1.9900E+14  1.9999E+14  1.3329E+15  1.5005E-01
  2.3302E+03  1.9903E+14  2.0003E+14  1.3330E+15  1.5005E-01
  2.3305E+03  1.9907E+14  2.0006E+14  1.3332E+15  1.5006E-01
  2.3309E+03  1.9910E+14  2.0010E+14  1.3334E+15  1.5007E-01
  2.3313E+03  1.9914E+14  2.0014E+14  1.3335E+15  1.5008E-01
  2.3317E+03  1.9918E+14  2.0017E+14  1.3337E+15  1.5009E-01
  2.3320E+03  1.9921E+14  2.0021E+14  1.3339E+15  1.5010E-01
  2.3324E+03  1.9925E+14  2.0024E+14  1.3340E+15  1.5011E-01
  2.3328E+03  1.9928E+14  2.0028E+14  1.3342E+15  1.5011E-01
  2.3332E+03  1.9932E+14  2.0032E+14  1.3343E+15  1.5012E-01
  2.3335E+03  1.9936E+14  2.0035E+14  1.3345E+15  1.5013E-01
  2.3339E+03  1.9939E+14  2.0039E+14  1.3347E+15  1.5014E-01
  2.3343E+03  1.9943E+14  2.0042E+14  1.3348E+15  1.5015E-01
  2.3347E+03  1.9946E+14  2.0046E+14  1.3350E+15  1.5016E-01
  2.3350E+03  1.9950E+14  2.0050E+14  1.3352E+15  1.5017E-01
  2.3354E+03  1.9954E+14  2.0053E+14  1.3353E+15  1.5017E-01
  2.3358E+03  1.9957E+14  2.0057E+14  1.3355E+15  1.5018E-01
  2.3362E+03  1.9961E+14  2.0060E+14  1.3357E+15  1.5019E-01
  2.3365E+03  1.9964E+14  2.0064E+14  1.3358E+15  1.5020E-01
  2.3369E+03  1.9968E+14  2.0068E+14  1.3360E+15  1.5021E-01
  2.3373E+03  1.9972E+14  2.0071E+14  1.3362E+15  1.5022E-01
  2.3377E+03  1.9975E+14  2.0075E+14  1.3363E+15  1.5022E-01
  2.3380E+03  1.9979E+14  2.0078E+14  1.3365E+15  1.5023E-01
  2.3384E+03  1.9982E+14  2.0082E+14  1.3366E+15  1.5024E-01
  2.3388E+03  1.9986E+14  2.0086E+14  1.3368E+15  1.5025E-01
  2.3392E+03  1.9990E+14  2.0089E+14  1.3370E+15  1.5026E-01
  2.3395E+03  1.9993E+14  2.0093E+14  1.3371E+15  1.5027E-01
  2.3399E+03  1.9997E+14  2.0096E+14  1.3373E+15  1.5028E-01
  2.3403E+03  2.0000E+14  2.0100E+14  1.3375E+15  1.5028E-01
  2.3407E+03  2.0004E+14  2.0104E+14  1.3376E+15  1.5029E-01
  2.3410E+03  2.0008E+14  2.0107E+14  1.3378E+15  1.5030E-01
  2.3414E+03  2.0011E+14  2.0111E+14  1.3380E+15  1.5031E-01
  2.3418E+03  2.0015E+14  2.0115E+14  1.3381E+15  1.5032E-01
  2.3422E+03  2.0019E+14  2.0118E+14  1.3383E+15  1.5033E-01
  2.3425E+03  2.0022E+14  2.0122E+14  1.3385E+15  1.5034E-01
  2.3429E+03  2.0026E+14  2.0125E+14  1.3386E+15  1.5034E-01
  2.3433E+03  2.0029E+14  2.0129E+14  1.3388E+15  1.5035E-01
  2.3437E+03  2.0033E+14  2.0133E+14  1.3390E+15  1.5036E-01
  2.3440E+03  2.0037E+14  2.0136E+14  1.3391E+15  1.5037E-01
  2.3444E+03  2.0040E+14  2.0140E+14  1.3393E+15  1.5038E-01
  2.3448E+03  2.0044E+14  2.0143E+14  1.3394E+15  1.5039E-01
  2.3452E+03  2.0047E+14  2.0147E+14  1.3396E+15  1.5039E-01
  2.3455E+03  2.0051E+14  2.0151E+14  1.3398E+15  1.5040E-01
  2.3459E+03  2.0055E+14  2.0154E+14  1.3399E+15  1.5041E-01
  2.3463E+03  2.0058E+14  2.0158E+14  1.3401E+15  1.5042E-01
  2.3467E+03  2.0062E+14  2.0161E+14  1.3403E+15  1.5043E-01
  2.3470E+03  2.0065E+14  2.0165E+14  1.3404E+15  1.5044E-01
  2.3474E+03  2.0069E+14  2.0169E+14  1.3406E+15  1.5045E-01
  2.3478E+03  2.0073E+14  2.0172E+14  1.3408E+15  1.5045E-01
  2.3482E+03  2.0076E+14  2.0176E+14  1.3409E+15  1.5046E-01
  2.3485E+03  2.0080E+14  2.0179E+14  1.3411E+15  1.5047E-01
  2.3489E+03  2.0084E+14  2.0183E+14  1.3412E+15  1.5048E-01
  2.3493E+03  2.0087E+14  2.0187E+14  1.3414E+15  1.5049E-01
  2.3497E+03  2.0091E+14  2.0190E+14  1.3416E+15  1.5050E-01
  2.3500E+03  2.0094E+14  2.0194E+14  1.3417E+15  1.5051E-01
  2.3504E+03  2.0098E+14  2.0198E+14  1.3419E+15  1.5051E-01
  2.3508E+03  2.0102E+14  2.0201E+14  1.3421E+15  1.5052E-01
  2.3512E+03  2.0105E+14  2.0205E+14  1.3422E+15  1.5053E-01
  2.3515E+03  2.0109E+14  2.0208E+14  1.3424E+15  1.5054E-01
  2.3519E+03  2.0112E+14  2.0212E+14  1.3426E+15  1.5055E-01
  2.3523E+03  2.0116E+14  2.0216E+14  1.3427E+15  1.5056E-01
  2.3527E+03  2.0120E+14  2.0219E+14  1.3429E+15  1.5056E-01
  2.3530E+03  2.0123E+14  2.0223E+14  1.3431E+15  1.5057E-01
  2.3534E+03  2.0127E+14  2.0226E+14  1.3432E+15  1.5058E-01
  2.3538E+03  2.0130E+14  2.0230E+14  1.3434E+15  1.5059E-01
  2.3542E+03  2.0134E+14  2.0234E+14  1.3435E+15  1.5060E-01
  2.3545E+03  2.0138E+14  2.0237E+14  1.3437E+15  1.5061E-01
  2.3549E+03  2.0141E+14  2.0241E+14  1.3439E+15  1.5062E-01
  2.3553E+03  2.0145E+14  2.0245E+14  1.3440E+15  1.5062E-01
  2.3557E+03  2.0149E+14  2.0248E+14  1.3442E+15  1.5063E-01
  2.3560E+03  2.0152E+14  2.0252E+14  1.3444E+15  1.5064E-01
  2.3564E+03  2.0156E+14  2.0255E+14  1.3445E+15  1.5065E-01
  2.3568E+03  2.0159E+14  2.0259E+14  1.3447E+15  1.5066E-01
  2.3572E+03  2.0163E+14  2.0263E+14  1.3449E+15  1.5067E-01
  2.3575E+03  2.0167E+14  2.0266E+14  1.3450E+15  1.5068E-01
  2.3579E+03  2.0170E+14  2.0270E+14  1.3452E+15  1.5068E-01
  2.3583E+03  2.0174E+14  2.0273E+14  1.3453E+15  1.5069E-01
  2.3587E+03  2.0177E+14  2.0277E+14  1.3455E+15  1.5070E-01
  2.3590E+03  2.0181E+14  2.0281E+14  1.3457E+15  1.5071E-01
  2.3594E+03  2.0185E+14  2.0284E+14  1.3458E+15  1.5072E-01
  2.3598E+03  2.0188E+14  2.0288E+14  1.3460E+15  1.5073E-01
  2.3602E+03  2.0192E+14  2.0292E+14  1.3462E+15  1.5074E-01
  2.3605E+03  2.0196E+14  2.0295E+14  1.3463E+15  1.5074E-01
  2.3609E+03  2.0199E+14  2.0299E+14  1.3465E+15  1.5075E-01
  2.3613E+03  2.0203E+14  2.0302E+14  1.3467E+15  1.5076E-01
  2.3617E+03  2.0206E+14  2.0306E+14  1.3468E+15  1.5077E-01
  2.3620E+03  2.0210E+14  2.0310E+14  1.3470E+15  1.5078E-01
  2.3624E+03  2.0214E+14  2.0313E+14  1.3471E+15  1.5079E-01
  2.3628E+03  2.0217E+14  2.0317E+14  1.3473E+15  1.5080E-01
  2.3632E+03  2.0221E+14  2.0320E+14  1.3475E+15  1.5080E-01
  2.3635E+03  2.0224E+14  2.0324E+14  1.3476E+15  1.5081E-01
  2.3639E+03  2.0228E+14  2.0328E+14  1.3478E+15  1.5082E-01
  2.3643E+03  2.0232E+14  2.0331E+14  1.3480E+15  1.5083E-01
  2.3647E+03  2.0235E+14  2.0335E+14  1.3481E+15  1.5084E-01
  2.3650E+03  2.0239E+14  2.0339E+14  1.3483E+15  1.5085E-01
  2.3654E+03  2.0243E+14  2.0342E+14  1.3485E+15  1.5085E-01
  2.3658E+03  2.0246E+14  2.0346E+14  1.3486E+15  1.5086E-01
  2.3662E+03  2.0250E+14  2.0349E+14  1.3488E+15  1.5087E-01
  2.3665E+03  2.0253E+14  2.0353E+14  1.3489E+15  1.5088E-01
  2.3669E+03  2.0257E+14  2.0357E+14  1.3491E+15  1.5089E-01
  2.3673E+03  2.0261E+14  2.0360E+14  1.3493E+15  1.5090E-01
  2.3677E+03  2.0264E+14  2.0364E+14  1.3494E+15  1.5091E-01
  2.3680E+03  2.0268E+14  2.0367E+14  1.3496E+15  1.5091E-01
  2.3684E+03  2.0272E+14  2.0371E+14  1.3498E+15  1.5092E-01
  2.3688E+03  2.0275E+14  2.0375E+14  1.3499E+15  1.5093E-01
  2.3692E+03  2.0279E+14  2.0378E+14  1.3501E+15  1.5094E-01
  2.3695E+03  2.0282E+14  2.0382E+14  1.3503E+15  1.5095E-01
  2.3699E+03  2.0286E+14  2.0386E+14  1.3504E+15  1.5096E-01
  2.3703E+03  2.0290E+14  2.0389E+14  1.3506E+15  1.5097E-01
  2.3707E+03  2.0293E+14  2.0393E+14  1.3507E+15  1.5097E-01
  2.3710E+03  2.0297E+14  2.0396E+14  1.3509E+15  1.5098E-01
  2.3714E+03  2.0300E+14  2.0400E+14  1.3511E+15  1.5099E-01
  2.3718E+03  2.0304E+14  2.0404E+14  1.3512E+15  1.5100E-01
  2.3722E+03  2.0308E+14  2.0407E+14  1.3514E+15  1.5101E-01
  2.3725E+03  2.0311E+14  2.0411E+14  1.3516E+15  1.5102E-01
  2.3729E+03  2.0315E+14  2.0415E+14  1.3517E+15  1.5103E-01
  2.3733E+03  2.0319E+14  2.0418E+14  1.3519E+15  1.5103E-01
  2.3737E+03  2.0322E+14  2.0422E+14  1.3521E+15  1.5104E-01
  2.3740E+03  2.0326E+14  2.0425E+14  1.3522E+15  1.5105E-01
  2.3744E+03  2.0329E+14  2.0429E+14  1.3524E+15  1.5106E-01
  2.3748E+03  2.0333E+14  2.0433E+14  1.3525E+15  1.5107E-01
  2.3752E+03  2.0337E+14  2.0436E+14  1.3527E+15  1.5108E-01
  2.3755E+03  2.0340E+14  2.0440E+14  1.3529E+15  1.5109E-01
  2.3759E+03  2.0344E+14  2.0443E+14  1.3530E+15  1.5109E-01
  2.3763E+03  2.0348E+14  2.0447E+14  1.3532E+15  1.5110E-01
  2.3767E+03  2.0351E+14  2.0451E+14  1.3534E+15  1.5111E-01
  2.3770E+03  2.0355E+14  2.0454E+14  1.3535E+15  1.5112E-01
  2.3774E+03  2.0358E+14  2.0458E+14  1.3537E+15  1.5113E-01
  2.3778E+03  2.0362E+14  2.0462E+14  1.3538E+15  1.5114E-01
  2.3782E+03  2.0366E+14  2.0465E+14  1.3540E+15  1.5115E-01
  2.3785E+03  2.0369E+14  2.0469E+14  1.3542E+15  1.5115E-01
  2.3789E+03  2.0373E+14  2.0472E+14  1.3543E+15  1.5116E-01
  2.3793E+03  2.0376E+14  2.0476E+14  1.3545E+15  1.5117E-01
  2.3797E+03  2.0380E+14  2.0480E+14  1.3547E+15  1.5118E-01
  2.3800E+03  2.0384E+14  2.0483E+14  1.3548E+15  1.5119E-01
  2.3804E+03  2.0387E+14  2.0487E+14  1.3550E+15  1.5120E-01
  2.3808E+03  2.0391E+14  2.0491E+14  1.3552E+15  1.5120E-01
  2.3812E+03  2.0395E+14  2.0494E+14  1.3553E+15  1.5121E-01
  2.3815E+03  2.0398E+14  2.0498E+14  1.3555E+15  1.5122E-01
  2.3819E+03  2.0402E+14  2.0501E+14  1.3556E+15  1.5123E-01
  2.3823E+03  2.0405E+14  2.0505E+14  1.3558E+15  1.5124E-01
  2.3827E+03  2.0409E+14  2.0509E+14  1.3560E+15  1.5125E-01
  2.3830E+03  2.0413E+14  2.0512E+14  1.3561E+15  1.5126E-01
  2.3834E+03  2.0416E+14  2.0516E+14  1.3563E+15  1.5126E-01
  2.3838E+03  2.0420E+14  2.0520E+14  1.3565E+15  1.5127E-01
  2.3842E+03  2.0424E+14  2.0523E+14  1.3566E+15  1.5128E-01
  2.3845E+03  2.0427E+14  2.0527E+14  1.3568E+15  1.5129E-01
  2.3849E+03  2.0431E+14  2.0530E+14  1.3569E+15  1.5130E-01
  2.3853E+03  2.0434E+14  2.0534E+14  1.3571E+15  1.5131E-01
  2.3857E+03  2.0438E+14  2.0538E+14  1.3573E+15  1.5132E-01
  2.3860E+03  2.0442E+14  2.0541E+14  1.3574E+15  1.5132E-01
  2.3864E+03  2.0445E+14  2.0545E+14  1.3576E+15  1.5133E-01
  2.3868E+03  2.0449E+14  2.0549E+14  1.3578E+15  1.5134E-01
  2.3872E+03  2.0453E+14  2.0552E+14  1.3579E+15  1.5135E-01
  2.3875E+03  2.0456E+14  2.0556E+14  1.3581E+15  1.5136E-01
  2.3879E+03  2.0460E+14  2.0559E+14  1.3582E+15  1.5137E-01
  2.3883E+03  2.0463E+14  2.0563E+14  1.3584E+15  1.5138E-01
  2.3887E+03  2.0467E+14  2.0567E+14  1.3586E+15  1.5138E-01
  2.3890E+03  2.0471E+14  2.0570E+14  1.3587E+15  1.5139E-01
  2.3894E+03  2.0474E+14  2.0574E+14  1.3589E+15  1.5140E-01
  2.3898E+03  2.0478E+14  2.0578E+14  1.3591E+15  1.5141E-01
  2.3902E+03  2.0482E+14  2.0581E+14  1.3592E+15  1.5142E-01
  2.3905E+03  2.0485E+14  2.0585E+14  1.3594E+15  1.5143E-01
  2.3909E+03  2.0489E+14  2.0588E+14  1.3596E+15  1.5144E-01
  2.3913E+03  2.0492E+14  2.0592E+14  1.3597E+15  1.5144E-01
  2.3917E+03  2.0496E+14  2.0596E+14  1.3599E+15  1.5145E-01
  2.3920E+03  2.0500E+14  2.0599E+14  1.3600E+15  1.5146E-01
  2.3924E+03  2.0503E+14  2.0603E+14  1.3602E+15  1.5147E-01
  2.3928E+03  2.0507E+14  2.0607E+14  1.3604E+15  1.5148E-01
  2.3932E+03  2.0511E+14  2.0610E+14  1.3605E+15  1.5149E-01
  2.3935E+03  2.0514E+14  2.0614E+14  1.3607E+15  1.5150E-01
  2.3939E+03  2.0518E+14  2.0617E+14  1.3609E+15  1.5150E-01
  2.3943E+03  2.0522E+14  2.0621E+14  1.3610E+15  1.5151E-01
  2.3947E+03  2.0525E+14  2.0625E+14  1.3612E+15  1.5152E-01
  2.3950E+03  2.0529E+14  2.0628E+14  1.3613E+15  1.5153E-01
  2.3954E+03  2.0532E+14  2.0632E+14  1.3615E+15  1.5154E-01
  2.3958E+03  2.0536E+14  2.0636E+14  1.3617E+15  1.5155E-01
  2.3962E+03  2.0540E+14  2.0639E+14  1.3618E+15  1.5156E-01
  2.3965E+03  2.0543E+14  2.0643E+14  1.3620E+15  1.5156E-01
  2.3969E+03  2.0547E+14  2.0647E+14  1.3622E+15  1.5157E-01
  2.3973E+03  2.0551E+14  2.0650E+14  1.3623E+15  1.5158E-01
  2.3977E+03  2.0554E+14  2.0654E+14  1.3625E+15  1.5159E-01
  2.3980E+03  2.0558E+14  2.0657E+14  1.3626E+15  1.5160E-01
  2.3984E+03  2.0561E+14  2.0661E+14  1.3628E+15  1.5161E-01
  2.3988E+03  2.0565E+14  2.0665E+14  1.3630E+15  1.5162E-01
  2.3992E+03  2.0569E+14  2.0668E+14  1.3631E+15  1.5162E-01
  2.3995E+03  2.0572E+14  2.0672E+14  1.3633E+15  1.5163E-01
  2.3999E+03  2.0576E+14  2.0676E+14  1.3635E+15  1.5164E-01
  2.4003E+03  2.0580E+14  2.0679E+14  1.3636E+15  1.5165E-01
  2.4007E+03  2.0583E+14  2.0683E+14  1.3638E+15  1.5166E-01
  2.4011E+03  2.0587E+14  2.0686E+14  1.3639E+15  1.5167E-01
  2.4014E+03  2.0590E+14  2.0690E+14  1.3641E+15  1.5168E-01
  2.4018E+03  2.0594E+14  2.0694E+14  1.3643E+15  1.5168E-01
  2.4022E+03  2.0598E+14  2.0697E+14  1.3644E+15  1.5169E-01
  2.4026E+03  2.0601E+14  2.0701E+14  1.3646E+15  1.5170E-01
  2.4029E+03  2.0605E+14  2.0705E+14  1.3648E+15  1.5171E-01
  2.4033E+03  2.0609E+14  2.0708E+14  1.3649E+15  1.5172E-01
  2.4037E+03  2.0612E+14  2.0712E+14  1.3651E+15  1.5173E-01
  2.4041E+03  2.0616E+14  2.0715E+14  1.3652E+15  1.5174E-01
  2.4044E+03  2.0620E+14  2.0719E+14  1.3654E+15  1.5174E-01
  2.4048E+03  2.0623E+14  2.0723E+14  1.3656E+15  1.5175E-01
  2.4052E+03  2.0627E+14  2.0726E+14  1.3657E+15  1.5176E-01
  2.4056E+03  2.0630E+14  2.0730E+14  1.3659E+15  1.5177E-01
  2.4059E+03  2.0634E+14  2.0734E+14  1.3660E+15  1.5178E-01
  2.4063E+03  2.0638E+14  2.0737E+14  1.3662E+15  1.5179E-01
  2.4067E+03  2.0641E+14  2.0741E+14  1.3664E+15  1.5180E-01
  2.4071E+03  2.0645E+14  2.0745E+14  1.3665E+15  1.5180E-01
  2.4074E+03  2.0649E+14  2.0748E+14  1.3667E+15  1.5181E-01
  2.4078E+03  2.0652E+14  2.0752E+14  1.3669E+15  1.5182E-01
  2.4082E+03  2.0656E+14  2.0755E+14  1.3670E+15  1.5183E-01
  2.4086E+03  2.0659E+14  2.0759E+14  1.3672E+15  1.5184E-01
  2.4089E+03  2.0663E+14  2.0763E+14  1.3673E+15  1.5185E-01
  2.4093E+03  2.0667E+14  2.0766E+14  1.3675E+15  1.5186E-01
  2.4097E+03  2.0670E+14  2.0770E+14  1.3677E+15  1.5186E-01
  2.4101E+03  2.0674E+14  2.0774E+14  1.3678E+15  1.5187E-01
  2.4104E+03  2.0678E+14  2.0777E+14  1.3680E+15  1.5188E-01
  2.4108E+03  2.0681E+14  2.0781E+14  1.3682E+15  1.5189E-01
  2.4112E+03  2.0685E+14  2.0785E+14  1.3683E+15  1.5190E-01
  2.4116E+03  2.0689E+14  2.0788E+14  1.3685E+15  1.5191E-01
  2.4119E+03  2.0692E+14  2.0792E+14  1.3686E+15  1.5192E-01
  2.4123E+03  2.0696E+14  2.0795E+14  1.3688E+15  1.5192E-01
  2.4127E+03  2.0699E+14  2.0799E+14  1.3690E+15  1.5193E-01
  2.4131E+03  2.0703E+14  2.0803E+14  1.3691E+15  1.5194E-01
  2.4134E+03  2.0707E+14  2.0806E+14  1.3693E+15  1.5195E-01
  2.4138E+03  2.0710E+14  2.0810E+14  1.3695E+15  1.5196E-01
  2.4142E+03  2.0714E+14  2.0814E+14  1.3696E+15  1.5197E-01
  2.4146E+03  2.0718E+14  2.0817E+14  1.3698E+15  1.5198E-01
  2.4149E+03  2.0721E+14  2.0821E+14  1.3699E+15  1.5198E-01
  2.4153E+03  2.0725E+14  2.0825E+14  1.3701E+15  1.5199E-01
  2.4157E+03  2.0729E+14  2.0828E+14  1.3703E+15  1.5200E-01
  2.4161E+03  2.0732E+14  2.0832E+14  1.3704E+15  1.5201E-01
  2.4164E+03  2.0736E+14  2.0835E+14  1.3706E+15  1.5202E-01
  2.4168E+03  2.0739E+14  2.0839E+14  1.3707E+15  1.5203E-01
  2.4172E+03  2.0743E+14  2.0843E+14  1.3709E+15  1.5204E-01
  2.4176E+03  2.0747E+14  2.0846E+14  1.3711E+15  1.5204E-01
  2.4179E+03  2.0750E+14  2.0850E+14  1.3712E+15  1.5205E-01
  2.4183E+03  2.0754E+14  2.0854E+14  1.3714E+15  1.5206E-01
  2.4187E+03  2.0758E+14  2.0857E+14  1.3716E+15  1.5207E-01
  2.4191E+03  2.0761E+14  2.0861E+14  1.3717E+15  1.5208E-01
  2.4194E+03  2.0765E+14  2.0865E+14  1.3719E+15  1.5209E-01
  2.4198E+03  2.0769E+14  2.0868E+14  1.3720E+15  1.5210E-01
  2.4202E+03  2.0772E+14  2.0872E+14  1.3722E+15  1.5210E-01
  2.4206E+03  2.0776E+14  2.0875E+14  1.3724E+15  1.5211E-01
  2.4209E+03  2.0779E+14  2.0879E+14  1.3725E+15  1.5212E-01
  2.4213E+03  2.0783E+14  2.0883E+14  1.3727E+15  1.5213E-01
  2.4217E+03  2.0787E+14  2.0886E+14  1.3729E+15  1.5214E-01
  2.4221E+03  2.0790E+14  2.0890E+14  1.3730E+15  1.5215E-01
  2.4224E+03  2.0794E+14  2.0894E+14  1.3732E+15  1.5216E-01
  2.4228E+03  2.0798E+14  2.0897E+14  1.3733E+15  1.5216E-01
  2.4232E+03  2.0801E+14  2.0901E+14  1.3735E+15  1.5217E-01
  2.4236E+03  2.0805E+14  2.0905E+14  1.3737E+15  1.5218E-01
  2.4239E+03  2.0809E+14  2.0908E+14  1.3738E+15  1.5219E-01
  2.4243E+03  2.0812E+14  2.0912E+14  1.3740E+15  1.5220E-01
  2.4247E+03  2.0816E+14  2.0915E+14  1.3741E+15  1.5221E-01
  2.4251E+03  2.0819E+14  2.0919E+14  1.3743E+15  1.5222E-01
  2.4254E+03  2.0823E+14  2.0923E+14  1.3745E+15  1.5222E-01
  2.4258E+03  2.0827E+14  2.0926E+14  1.3746E+15  1.5223E-01
  2.4262E+03  2.0830E+14  2.0930E+14  1.3748E+15  1.5224E-01
  2.4266E+03  2.0834E+14  2.0934E+14  1.3750E+15  1.5225E-01
  2.4269E+03  2.0838E+14  2.0937E+14  1.3751E+15  1.5226E-01
  2.4273E+03  2.0841E+14  2.0941E+14  1.3753E+15  1.5227E-01
  2.4277E+03  2.0845E+14  2.0945E+14  1.3754E+15  1.5228E-01
  2.4281E+03  2.0849E+14  2.0948E+14  1.3756E+15  1.5228E-01
  2.4284E+03  2.0852E+14  2.0952E+14  1.3758E+15  1.5229E-01
  2.4288E+03  2.0856E+14  2.0955E+14  1.3759E+15  1.5230E-01
  2.4292E+03  2.0860E+14  2.0959E+14  1.3761E+15  1.5231E-01
  2.4296E+03  2.0863E+14  2.0963E+14  1.3762E+15  1.5232E-01
  2.4299E+03  2.0867E+14  2.0966E+14  1.3764E+15  1.5233E-01
  2.4303E+03  2.0870E+14  2.0970E+14  1.3766E+15  1.5234E-01
  2.4307E+03  2.0874E+14  2.0974E+14  1.3767E+15  1.5234E-01
  2.4311E+03  2.0878E+14  2.0977E+14  1.3769E+15  1.5235E-01
  2.4314E+03  2.0881E+14  2.0981E+14  1.3771E+15  1.5236E-01
  2.4318E+03  2.0885E+14  2.0985E+14  1.3772E+15  1.5237E-01
  2.4322E+03  2.0889E+14  2.0988E+14  1.3774E+15  1.5238E-01
  2.4326E+03  2.0892E+14  2.0992E+14  1.3775E+15  1.5239E-01
  2.4329E+03  2.0896E+14  2.0996E+14  1.3777E+15  1.5240E-01
  2.4333E+03  2.0900E+14  2.0999E+14  1.3779E+15  1.5240E-01
  2.4337E+03  2.0903E+14  2.1003E+14  1.3780E+15  1.5241E-01
  2.4341E+03  2.0907E+14  2.1006E+14  1.3782E+15  1.5242E-01
  2.4344E+03  2.0911E+14  2.1010E+14  1.3783E+15  1.5243E-01
  2.4348E+03  2.0914E+14  2.1014E+14  1.3785E+15  1.5244E-01
  2.4352E+03  2.0918E+14  2.1017E+14  1.3787E+15  1.5245E-01
  2.4356E+03  2.0921E+14  2.1021E+14  1.3788E+15  1.5246E-01
  2.4359E+03  2.0925E+14  2.1025E+14  1.3790E+15  1.5246E-01
  2.4363E+03  2.0929E+14  2.1028E+14  1.3791E+15  1.5247E-01
  2.4367E+03  2.0932E+14  2.1032E+14  1.3793E+15  1.5248E-01
  2.4371E+03  2.0936E+14  2.1036E+14  1.3795E+15  1.5249E-01
  2.4374E+03  2.0940E+14  2.1039E+14  1.3796E+15  1.5250E-01
  2.4378E+03  2.0943E+14  2.1043E+14  1.3798E+15  1.5251E-01
  2.4382E+03  2.0947E+14  2.1047E+14  1.3800E+15  1.5252E-01
  2.4386E+03  2.0951E+14  2.1050E+14  1.3801E+15  1.5252E-01
  2.4389E+03  2.0954E+14  2.1054E+14  1.3803E+15  1.5253E-01
  2.4393E+03  2.0958E+14  2.1058E+14  1.3804E+15  1.5254E-01
  2.4397E+03  2.0962E+14  2.1061E+14  1.3806E+15  1.5255E-01
  2.4401E+03  2.0965E+14  2.1065E+14  1.3808E+15  1.5256E-01
  2.4404E+03  2.0969E+14  2.1068E+14  1.3809E+15  1.5257E-01
  2.4408E+03  2.0972E+14  2.1072E+14  1.3811E+15  1.5258E-01
  2.4412E+03  2.0976E+14  2.1076E+14  1.3812E+15  1.5259E-01
  2.4416E+03  2.0980E+14  2.1079E+14  1.3814E+15  1.5259E-01
  2.4419E+03  2.0983E+14  2.1083E+14  1.3816E+15  1.5260E-01
  2.4423E+03  2.0987E+14  2.1087E+14  1.3817E+15  1.5261E-01
  2.4427E+03  2.0991E+14  2.1090E+14  1.3819E+15  1.5262E-01
  2.4431E+03  2.0994E+14  2.1094E+14  1.3821E+15  1.5263E-01
  2.4434E+03  2.0998E+14  2.1098E+14  1.3822E+15  1.5264E-01
  2.4438E+03  2.1002E+14  2.1101E+14  1.3824E+15  1.5265E-01
  2.4442E+03  2.1005E+14  2.1105E+14  1.3825E+15  1.5265E-01
  2.4446E+03  2.1009E+14  2.1109E+14  1.3827E+15  1.5266E-01
  2.4449E+03  2.1013E+14  2.1112E+14  1.3829E+15  1.5267E-01
  2.4453E+03  2.1016E+14  2.1116E+14  1.3830E+15  1.5268E-01
  2.4457E+03  2.1020E+14  2.1119E+14  1.3832E+15  1.5269E-01
  2.4461E+03  2.1024E+14  2.1123E+14  1.3833E+15  1.5270E-01
  2.4464E+03  2.1027E+14  2.1127E+14  1.3835E+15  1.5271E-01
  2.4468E+03  2.1031E+14  2.1130E+14  1.3837E+15  1.5271E-01
  2.4472E+03  2.1034E+14  2.1134E+14  1.3838E+15  1.5272E-01
  2.4476E+03  2.1038E+14  2.1138E+14  1.3840E+15  1.5273E-01
  2.4479E+03  2.1042E+14  2.1141E+14  1.3841E+15  1.5274E-01
  2.4483E+03  2.1045E+14  2.1145E+14  1.3843E+15  1.5275E-01
  2.4487E+03  2.1049E+14  2.1149E+14  1.3845E+15  1.5276E-01
  2.4491E+03  2.1053E+14  2.1152E+14  1.3846E+15  1.5277E-01
  2.4494E+03  2.1056E+14  2.1156E+14  1.3848E+15  1.5277E-01
  2.4498E+03  2.1060E+14  2.1160E+14  1.3849E+15  1.5278E-01
  2.4502E+03  2.1064E+14  2.1163E+14  1.3851E+15  1.5279E-01
  2.4506E+03  2.1067E+14  2.1167E+14  1.3853E+15  1.5280E-01
  2.4509E+03  2.1071E+14  2.1171E+14  1.3854E+15  1.5281E-01
  2.4513E+03  2.1075E+14  2.1174E+14  1.3856E+15  1.5282E-01
  2.4517E+03  2.1078E+14  2.1178E+14  1.3858E+15  1.5283E-01
  2.4521E+03  2.1082E+14  2.1182E+14  1.3859E+15  1.5283E-01
  2.4524E+03  2.1086E+14  2.1185E+14  1.3861E+15  1.5284E-01
  2.4528E+03  2.1089E+14  2.1189E+14  1.3862E+15  1.5285E-01
  2.4532E+03  2.1093E+14  2.1192E+14  1.3864E+15  1.5286E-01
  2.4536E+03  2.1097E+14  2.1196E+14  1.3866E+15  1.5287E-01
  2.4539E+03  2.1100E+14  2.1200E+14  1.3867E+15  1.5288E-01
  2.4543E+03  2.1104E+14  2.1203E+14  1.3869E+15  1.5289E-01
  2.4547E+03  2.1107E+14  2.1207E+14  1.3870E+15  1.5289E-01
  2.4551E+03  2.1111E+14  2.1211E+14  1.3872E+15  1.5290E-01
  2.4554E+03  2.1115E+14  2.1214E+14  1.3874E+15  1.5291E-01
  2.4558E+03  2.1118E+14  2.1218E+14  1.3875E+15  1.5292E-01
  2.4562E+03  2.1122E+14  2.1222E+14  1.3877E+15  1.5293E-01
  2.4566E+03  2.1126E+14  2.1225E+14  1.3878E+15  1.5294E-01
  2.4569E+03  2.1129E+14  2.1229E+14  1.3880E+15  1.5295E-01
  2.4573E+03  2.1133E+14  2.1233E+14  1.3882E+15  1.5296E-01
  2.4577E+03  2.1137E+14  2.1236E+14  1.3883E+15  1.5296E-01
  2.4581E+03  2.1140E+14  2.1240E+14  1.3885E+15  1.5297E-01
  2.4584E+03  2.1144E+14  2.1244E+14  1.3886E+15  1.5298E-01
  2.4588E+03  2.1148E+14  2.1247E+14  1.3888E+15  1.5299E-01
  2.4592E+03  2.1151E+14  2.1251E+14  1.3890E+15  1.5300E-01
  2.4596E+03  2.1155E+14  2.1255E+14  1.3891E+15  1.5301E-01
  2.4599E+03  2.1159E+14  2.1258E+14  1.3893E+15  1.5302E-01
  2.4603E+03  2.1162E+14  2.1262E+14  1.3894E+15  1.5302E-01
  2.4607E+03  2.1166E+14  2.1266E+14  1.3896E+15  1.5303E-01
  2.4611E+03  2.1170E+14  2.1269E+14  1.3898E+15  1.5304E-01
  2.4614E+03  2.1173E+14  2.1273E+14  1.3899E+15  1.5305E-01
  2.4618E+03  2.1177E+14  2.1276E+14  1.3901E+15  1.5306E-01
  2.4622E+03  2.1181E+14  2.1280E+14  1.3902E+15  1.5307E-01
  2.4626E+03  2.1184E+14  2.1284E+14  1.3904E+15  1.5308E-01
  2.4629E+03  2.1188E+14  2.1287E+14  1.3906E+15  1.5308E-01
  2.4633E+03  2.1192E+14  2.1291E+14  1.3907E+15  1.5309E-01
  2.4637E+03  2.1195E+14  2.1295E+14  1.3909E+15  1.5310E-01
  2.4641E+03  2.1199E+14  2.1298E+14  1.3910E+15  1.5311E-01
  2.4644E+03  2.1202E+14  2.1302E+14  1.3912E+15  1.5312E-01
  2.4648E+03  2.1206E+14  2.1306E+14  1.3914E+15  1.5313E-01
  2.4652E+03  2.1210E+14  2.1309E+14  1.3915E+15  1.5314E-01
  2.4656E+03  2.1213E+14  2.1313E+14  1.3917E+15  1.5314E-01
  2.4659E+03  2.1217E+14  2.1317E+14  1.3919E+15  1.5315E-01
  2.4663E+03  2.1221E+14  2.1320E+14  1.3920E+15  1.5316E-01
  2.4667E+03  2.1224E+14  2.1324E+14  1.3922E+15  1.5317E-01
  2.4671E+03  2.1228E+14  2.1328E+14  1.3923E+15  1.5318E-01
  2.4674E+03  2.1232E+14  2.1331E+14  1.3925E+15  1.5319E-01
  2.4678E+03  2.1235E+14  2.1335E+14  1.3927E+15  1.5320E-01
  2.4682E+03  2.1239E+14  2.1339E+14  1.3928E+15  1.5321E-01
  2.4686E+03  2.1243E+14  2.1342E+14  1.3930E+15  1.5321E-01
  2.4689E+03  2.1246E+14  2.1346E+14  1.3931E+15  1.5322E-01
  2.4693E+03  2.1250E+14  2.1350E+14  1.3933E+15  1.5323E-01
  2.4697E+03  2.1254E+14  2.1353E+14  1.3935E+15  1.5324E-01
  2.4701E+03  2.1257E+14  2.1357E+14  1.3936E+15  1.5325E-01
  2.4704E+03  2.1261E+14  2.1361E+14  1.3938E+15  1.5326E-01
  2.4708E+03  2.1265E+14  2.1364E+14  1.3939E+15  1.5327E-01
  2.4712E+03  2.1268E+14  2.1368E+14  1.3941E+15  1.5327E-01
  2.4716E+03  2.1272E+14  2.1372E+14  1.3943E+15  1.5328E-01
  2.4719E+03  2.1276E+14  2.1375E+14  1.3944E+15  1.5329E-01
  2.4723E+03  2.1279E+14  2.1379E+14  1.3946E+15  1.5330E-01
  2.4727E+03  2.1283E+14  2.1383E+14  1.3947E+15  1.5331E-01
  2.4731E+03  2.1287E+14  2.1386E+14  1.3949E+15  1.5332E-01
  2.4734E+03  2.1290E+14  2.1390E+14  1.3951E+15  1.5333E-01
  2.4738E+03  2.1294E+14  2.1393E+14  1.3952E+15  1.5333E-01
  2.4742E+03  2.1298E+14  2.1397E+14  1.3954E+15  1.5334E-01
  2.4746E+03  2.1301E+14  2.1401E+14  1.3955E+15  1.5335E-01
  2.4749E+03  2.1305E+14  2.1404E+14  1.3957E+15  1.5336E-01
  2.4753E+03  2.1309E+14  2.1408E+14  1.3959E+15  1.5337E-01
  2.4757E+03  2.1312E+14  2.1412E+14  1.3960E+15  1.5338E-01
  2.4761E+03  2.1316E+14  2.1415E+14  1.3962E+15  1.5339E-01
  2.4764E+03  2.1320E+14  2.1419E+14  1.3963E+15  1.5340E-01
  2.4768E+03  2.1323E+14  2.1423E+14  1.3965E+15  1.5340E-01
  2.4772E+03  2.1327E+14  2.1426E+14  1.3967E+15  1.5341E-01
  2.4776E+03  2.1330E+14  2.1430E+14  1.3968E+15  1.5342E-01
  2.4779E+03  2.1334E+14  2.1434E+14  1.3970E+15  1.5343E-01
  2.4783E+03  2.1338E+14  2.1437E+14  1.3971E+15  1.5344E-01
  2.4787E+03  2.1341E+14  2.1441E+14  1.3973E+15  1.5345E-01
  2.4791E+03  2.1345E+14  2.1445E+14  1.3975E+15  1.5346E-01
  2.4794E+03  2.1349E+14  2.1448E+14  1.3976E+15  1.5346E-01
  2.4798E+03  2.1352E+14  2.1452E+14  1.3978E+15  1.5347E-01
  2.4802E+03  2.1356E+14  2.1456E+14  1.3979E+15  1.5348E-01
  2.4806E+03  2.1360E+14  2.1459E+14  1.3981E+15  1.5349E-01
  2.4809E+03  2.1363E+14  2.1463E+14  1.3983E+15  1.5350E-01
  2.4813E+03  2.1367E+14  2.1467E+14  1.3984E+15  1.5351E-01
  2.4817E+03  2.1371E+14  2.1470E+14  1.3986E+15  1.5352E-01
  2.4821E+03  2.1374E+14  2.1474E+14  1.3987E+15  1.5352E-01
  2.4824E+03  2.1378E+14  2.1478E+14  1.3989E+15  1.5353E-01
  2.4828E+03  2.1382E+14  2.1481E+14  1.3991E+15  1.5354E-01
  2.4832E+03  2.1385E+14  2.1485E+14  1.3992E+15  1.5355E-01
  2.4836E+03  2.1389E+14  2.1489E+14  1.3994E+15  1.5356E-01
  2.4839E+03  2.1393E+14  2.1492E+14  1.3995E+15  1.5357E-01
  2.4843E+03  2.1396E+14  2.1496E+14  1.3997E+15  1.5358E-01
  2.4847E+03  2.1400E+14  2.1500E+14  1.3999E+15  1.5359E-01
  2.4851E+03  2.1404E+14  2.1503E+14  1.4000E+15  1.5359E-01
  2.4854E+03  2.1407E+14  2.1507E+14  1.4002E+15  1.5360E-01
  2.4858E+03  2.1411E+14  2.1511E+14  1.4003E+15  1.5361E-01
  2.4862E+03  2.1415E+14  2.1514E+14  1.4005E+15  1.5362E-01
  2.4866E+03  2.1418E+14  2.1518E+14  1.4007E+15  1.5363E-01
  2.4869E+03  2.1422E+14  2.1522E+14  1.4008E+15  1.5364E-01
  2.4873E+03  2.1426E+14  2.1525E+14  1.4010E+15  1.5365E-01
  2.4877E+03  2.1429E+14  2.1529E+14  1.4011E+15  1.5365E-01
  2.4881E+03  2.1433E+14  2.1533E+14  1.4013E+15  1.5366E-01
  2.4884E+03  2.1437E+14  2.1536E+14  1.4014E+15  1.5367E-01
  2.4888E+03  2.1440E+14  2.1540E+14  1.4016E+15  1.5368E-01
  2.4892E+03  2.1444E+14  2.1544E+14  1.4018E+15  1.5369E-01
  2.4896E+03  2.1448E+14  2.1547E+14  1.4019E+15  1.5370E-01
  2.4899E+03  2.1451E+14  2.1551E+14  1.4021E+15  1.5371E-01
  2.4903E+03  2.1455E+14  2.1555E+14  1.4022E+15  1.5371E-01
  2.4907E+03  2.1459E+14  2.1558E+14  1.4024E+15  1.5372E-01
  2.4911E+03  2.1462E+14  2.1562E+14  1.4026E+15  1.5373E-01
  2.4914E+03  2.1466E+14  2.1566E+14  1.4027E+15  1.5374E-01
  2.4918E+03  2.1470E+14  2.1569E+14  1.4029E+15  1.5375E-01
  2.4922E+03  2.1473E+14  2.1573E+14  1.4030E+15  1.5376E-01
  2.4926E+03  2.1477E+14  2.1577E+14  1.4032E+15  1.5377E-01
  2.4929E+03  2.1481E+14  2.1580E+14  1.4034E+15  1.5378E-01
  2.4933E+03  2.1484E+14  2.1584E+14  1.4035E+15  1.5378E-01
  2.4937E+03  2.1488E+14  2.1588E+14  1.4037E+15  1.5379E-01
  2.4941E+03  2.1492E+14  2.1591E+14  1.4038E+15  1.5380E-01
  2.4944E+03  2.1495E+14  2.1595E+14  1.4040E+15  1.5381E-01
  2.4948E+03  2.1499E+14  2.1599E+14  1.4042E+15  1.5382E-01
  2.4952E+03  2.1503E+14  2.1602E+14  1.4043E+15  1.5383E-01
  2.4956E+03  2.1506E+14  2.1606E+14  1.4045E+15  1.5384E-01
  2.4959E+03  2.1510E+14  2.1610E+14  1.4046E+15  1.5384E-01
  2.4963E+03  2.1514E+14  2.1613E+14  1.4048E+15  1.5385E-01
  2.4967E+03  2.1517E+14  2.1617E+14  1.4050E+15  1.5386E-01
  2.4971E+03  2.1521E+14  2.1621E+14  1.4051E+15  1.5387E-01
  2.4974E+03  2.1525E+14  2.1624E+14  1.4053E+15  1.5388E-01
  2.4978E+03  2.1528E+14  2.1628E+14  1.4054E+15  1.5389E-01
  2.4982E+03  2.1532E+14  2.1632E+14  1.4056E+15  1.5390E-01
  2.4986E+03  2.1536E+14  2.1635E+14  1.4058E+15  1.5391E-01
  2.4989E+03  2.1539E+14  2.1639E+14  1.4059E+15  1.5391E-01
  2.4993E+03  2.1543E+14  2.1643E+14  1.4061E+15  1.5392E-01
  2.4997E+03  2.1547E+14  2.1646E+14  1.4062E+15  1.5393E-01
  2.5001E+03  2.1550E+14  2.1650E+14  1.4064E+15  1.5394E-01
  2.5004E+03  2.1554E+14  2.1654E+14  1.4066E+15  1.5395E-01
  2.5008E+03  2.1558E+14  2.1657E+14  1.4067E+15  1.5396E-01
  2.5012E+03  2.1561E+14  2.1661E+14  1.4069E+15  1.5397E-01
  2.5016E+03  2.1565E+14  2.1665E+14  1.4070E+15  1.5397E-01
  2.5019E+03  2.1569E+14  2.1668E+14  1.4072E+15  1.5398E-01
  2.5023E+03  2.1572E+14  2.1672E+14  1.4073E+15  1.5399E-01
  2.5027E+03  2.1576E+14  2.1676E+14  1.4075E+15  1.5400E-01
  2.5031E+03  2.1580E+14  2.1679E+14  1.4077E+15  1.5401E-01
  2.5034E+03  2.1583E+14  2.1683E+14  1.4078E+15  1.5402E-01
  2.5038E+03  2.1587E+14  2.1687E+14  1.4080E+15  1.5403E-01
  2.5042E+03  2.1591E+14  2.1690E+14  1.4081E+15  1.5404E-01
  2.5046E+03  2.1594E+14  2.1694E+14  1.4083E+15  1.5404E-01
  2.5049E+03  2.1598E+14  2.1698E+14  1.4085E+15  1.5405E-01
  2.5053E+03  2.1602E+14  2.1701E+14  1.4086E+15  1.5406E-01
  2.5057E+03  2.1605E+14  2.1705E+14  1.4088E+15  1.5407E-01
  2.5061E+03  2.1609E+14  2.1709E+14  1.4089E+15  1.5408E-01
  2.5064E+03  2.1613E+14  2.1712E+14  1.4091E+15  1.5409E-01
  2.5068E+03  2.1616E+14  2.1716E+14  1.4093E+15  1.5410E-01
  2.5072E+03  2.1620E+14  2.1720E+14  1.4094E+15  1.5410E-01
  2.5076E+03  2.1624E+14  2.1723E+14  1.4096E+15  1.5411E-01
  2.5079E+03  2.1627E+14  2.1727E+14  1.4097E+15  1.5412E-01
  2.5083E+03  2.1631E+14  2.1731E+14  1.4099E+15  1.5413E-01
  2.5087E+03  2.1635E+14  2.1734E+14  1.4101E+15  1.5414E-01
  2.5091E+03  2.1638E+14  2.1738E+14  1.4102E+15  1.5415E-01
  2.5094E+03  2.1642E+14  2.1742E+14  1.4104E+15  1.5416E-01
  2.5098E+03  2.1646E+14  2.1745E+14  1.4105E+15  1.5417E-01
  2.5102E+03  2.1649E+14  2.1749E+14  1.4107E+15  1.5417E-01
  2.5106E+03  2.1653E+14  2.1753E+14  1.4108E+15  1.5418E-01
  2.5109E+03  2.1657E+14  2.1756E+14  1.4110E+15  1.5419E-01
  2.5113E+03  2.1660E+14  2.1760E+14  1.4112E+15  1.5420E-01
  2.5117E+03  2.1664E+14  2.1764E+14  1.4113E+15  1.5421E-01
  2.5121E+03  2.1668E+14  2.1767E+14  1.4115E+15  1.5422E-01
  2.5124E+03  2.1672E+14  2.1771E+14  1.4116E+15  1.5423E-01
  2.5128E+03  2.1675E+14  2.1775E+14  1.4118E+15  1.5423E-01
  2.5132E+03  2.1679E+14  2.1778E+14  1.4120E+15  1.5424E-01
  2.5136E+03  2.1683E+14  2.1782E+14  1.4121E+15  1.5425E-01
  2.5139E+03  2.1686E+14  2.1786E+14  1.4123E+15  1.5426E-01
  2.5143E+03  2.1690E+14  2.1789E+14  1.4124E+15  1.5427E-01
  2.5147E+03  2.1694E+14  2.1793E+14  1.4126E+15  1.5428E-01
  2.5151E+03  2.1697E+14  2.1797E+14  1.4128E+15  1.5429E-01
  2.5154E+03  2.1701E+14  2.1801E+14  1.4129E+15  1.5430E-01
  2.5158E+03  2.1705E+14  2.1804E+14  1.4131E+15  1.5430E-01
  2.5162E+03  2.1708E+14  2.1808E+14  1.4132E+15  1.5431E-01
  2.5166E+03  2.1712E+14  2.1812E+14  1.4134E+15  1.5432E-01
  2.5169E+03  2.1716E+14  2.1815E+14  1.4135E+15  1.5433E-01
  2.5173E+03  2.1719E+14  2.1819E+14  1.4137E+15  1.5434E-01
  2.5177E+03  2.1723E+14  2.1823E+14  1.4139E+15  1.5435E-01
  2.5181E+03  2.1727E+14  2.1826E+14  1.4140E+15  1.5436E-01
  2.5184E+03  2.1730E+14  2.1830E+14  1.4142E+15  1.5436E-01
  2.5188E+03  2.1734E+14  2.1834E+14  1.4143E+15  1.5437E-01
  2.5192E+03  2.1738E+14  2.1837E+14  1.4145E+15  1.5438E-01
  2.5196E+03  2.1741E+14  2.1841E+14  1.4147E+15  1.5439E-01
  2.5199E+03  2.1745E+14  2.1845E+14  1.4148E+15  1.5440E-01
  2.5203E+03  2.1749E+14  2.1848E+14  1.4150E+15  1.5441E-01
  2.5207E+03  2.1752E+14  2.1852E+14  1.4151E+15  1.5442E-01
  2.5211E+03  2.1756E+14  2.1856E+14  1.4153E+15  1.5443E-01
  2.5214E+03  2.1760E+14  2.1859E+14  1.4154E+15  1.5443E-01
  2.5218E+03  2.1763E+14  2.1863E+14  1.4156E+15  1.5444E-01
  2.5222E+03  2.1767E+14  2.1867E+14  1.4158E+15  1.5445E-01
  2.5226E+03  2.1771E+14  2.1870E+14  1.4159E+15  1.5446E-01
  2.5229E+03  2.1774E+14  2.1874E+14  1.4161E+15  1.5447E-01
  2.5233E+03  2.1778E+14  2.1878E+14  1.4162E+15  1.5448E-01
  2.5237E+03  2.1782E+14  2.1881E+14  1.4164E+15  1.5449E-01
  2.5241E+03  2.1785E+14  2.1885E+14  1.4166E+15  1.5449E-01
  2.5244E+03  2.1789E+14  2.1889E+14  1.4167E+15  1.5450E-01
  2.5248E+03  2.1793E+14  2.1892E+14  1.4169E+15  1.5451E-01
  2.5252E+03  2.1797E+14  2.1896E+14  1.4170E+15  1.5452E-01
  2.5256E+03  2.1800E+14  2.1900E+14  1.4172E+15  1.5453E-01
  2.5259E+03  2.1804E+14  2.1903E+14  1.4174E+15  1.5454E-01
  2.5263E+03  2.1808E+14  2.1907E+14  1.4175E+15  1.5455E-01
  2.5267E+03  2.1811E+14  2.1911E+14  1.4177E+15  1.5456E-01
  2.5271E+03  2.1815E+14  2.1915E+14  1.4178E+15  1.5456E-01
  2.5274E+03  2.1819E+14  2.1918E+14  1.4180E+15  1.5457E-01
  2.5278E+03  2.1822E+14  2.1922E+14  1.4181E+15  1.5458E-01
  2.5282E+03  2.1826E+14  2.1926E+14  1.4183E+15  1.5459E-01
  2.5286E+03  2.1830E+14  2.1929E+14  1.4185E+15  1.5460E-01
  2.5289E+03  2.1833E+14  2.1933E+14  1.4186E+15  1.5461E-01
  2.5293E+03  2.1837E+14  2.1937E+14  1.4188E+15  1.5462E-01
  2.5297E+03  2.1841E+14  2.1940E+14  1.4189E+15  1.5462E-01
  2.5301E+03  2.1844E+14  2.1944E+14  1.4191E+15  1.5463E-01
  2.5304E+03  2.1848E+14  2.1948E+14  1.4193E+15  1.5464E-01
  2.5308E+03  2.1852E+14  2.1951E+14  1.4194E+15  1.5465E-01
  2.5312E+03  2.1855E+14  2.1955E+14  1.4196E+15  1.5466E-01
  2.5316E+03  2.1859E+14  2.1959E+14  1.4197E+15  1.5467E-01
  2.5319E+03  2.1863E+14  2.1962E+14  1.4199E+15  1.5468E-01
  2.5323E+03  2.1866E+14  2.1966E+14  1.4200E+15  1.5469E-01
  2.5327E+03  2.1870E+14  2.1970E+14  1.4202E+15  1.5469E-01
  2.5331E+03  2.1874E+14  2.1973E+14  1.4204E+15  1.5470E-01
  2.5334E+03  2.1877E+14  2.1977E+14  1.4205E+15  1.5471E-01
  2.5338E+03  2.1881E+14  2.1981E+14  1.4207E+15  1.5472E-01
  2.5342E+03  2.1885E+14  2.1984E+14  1.4208E+15  1.5473E-01
  2.5346E+03  2.1889E+14  2.1988E+14  1.4210E+15  1.5474E-01
  2.5349E+03  2.1892E+14  2.1992E+14  1.4212E+15  1.5475E-01
  2.5353E+03  2.1896E+14  2.1996E+14  1.4213E+15  1.5476E-01
  2.5357E+03  2.1900E+14  2.1999E+14  1.4215E+15  1.5476E-01
  2.5361E+03  2.1903E+14  2.2003E+14  1.4216E+15  1.5477E-01
  2.5364E+03  2.1907E+14  2.2007E+14  1.4218E+15  1.5478E-01
  2.5368E+03  2.1911E+14  2.2010E+14  1.4219E+15  1.5479E-01
  2.5372E+03  2.1914E+14  2.2014E+14  1.4221E+15  1.5480E-01
  2.5376E+03  2.1918E+14  2.2018E+14  1.4223E+15  1.5481E-01
  2.5379E+03  2.1922E+14  2.2021E+14  1.4224E+15  1.5482E-01
  2.5383E+03  2.1925E+14  2.2025E+14  1.4226E+15  1.5482E-01
  2.5387E+03  2.1929E+14  2.2029E+14  1.4227E+15  1.5483E-01
  2.5391E+03  2.1933E+14  2.2032E+14  1.4229E+15  1.5484E-01
  2.5394E+03  2.1936E+14  2.2036E+14  1.4231E+15  1.5485E-01
  2.5398E+03  2.1940E+14  2.2040E+14  1.4232E+15  1.5486E-01
  2.5402E+03  2.1944E+14  2.2043E+14  1.4234E+15  1.5487E-01
  2.5406E+03  2.1947E+14  2.2047E+14  1.4235E+15  1.5488E-01
  2.5409E+03  2.1951E+14  2.2051E+14  1.4237E+15  1.5489E-01
  2.5413E+03  2.1955E+14  2.2054E+14  1.4238E+15  1.5489E-01
  2.5417E+03  2.1959E+14  2.2058E+14  1.4240E+15  1.5490E-01
  2.5421E+03  2.1962E+14  2.2062E+14  1.4242E+15  1.5491E-01
  2.5424E+03  2.1966E+14  2.2066E+14  1.4243E+15  1.5492E-01
  2.5428E+03  2.1970E+14  2.2069E+14  1.4245E+15  1.5493E-01
  2.5432E+03  2.1973E+14  2.2073E+14  1.4246E+15  1.5494E-01
  2.5436E+03  2.1977E+14  2.2077E+14  1.4248E+15  1.5495E-01
  2.5439E+03  2.1981E+14  2.2080E+14  1.4249E+15  1.5496E-01
  2.5443E+03  2.1984E+14  2.2084E+14  1.4251E+15  1.5496E-01
  2.5447E+03  2.1988E+14  2.2088E+14  1.4253E+15  1.5497E-01
  2.5451E+03  2.1992E+14  2.2091E+14  1.4254E+15  1.5498E-01
  2.5454E+03  2.1995E+14  2.2095E+14  1.4256E+15  1.5499E-01
  2.5458E+03  2.1999E+14  2.2099E+14  1.4257E+15  1.5500E-01
  2.5462E+03  2.2003E+14  2.2102E+14  1.4259E+15  1.5501E-01
  2.5466E+03  2.2006E+14  2.2106E+14  1.4261E+15  1.5502E-01
  2.5469E+03  2.2010E+14  2.2110E+14  1.4262E+15  1.5502E-01
  2.5473E+03  2.2014E+14  2.2113E+14  1.4264E+15  1.5503E-01
  2.5477E+03  2.2018E+14  2.2117E+14  1.4265E+15  1.5504E-01
  2.5481E+03  2.2021E+14  2.2121E+14  1.4267E+15  1.5505E-01
  2.5484E+03  2.2025E+14  2.2125E+14  1.4268E+15  1.5506E-01
  2.5488E+03  2.2029E+14  2.2128E+14  1.4270E+15  1.5507E-01
  2.5492E+03  2.2032E+14  2.2132E+14  1.4272E+15  1.5508E-01
  2.5496E+03  2.2036E+14  2.2136E+14  1.4273E+15  1.5509E-01
  2.5499E+03  2.2040E+14  2.2139E+14  1.4275E+15  1.5509E-01
  2.5503E+03  2.2043E+14  2.2143E+14  1.4276E+15  1.5510E-01
  2.5507E+03  2.2047E+14  2.2147E+14  1.4278E+15  1.5511E-01
  2.5511E+03  2.2051E+14  2.2150E+14  1.4279E+15  1.5512E-01
  2.5514E+03  2.2054E+14  2.2154E+14  1.4281E+15  1.5513E-01
  2.5518E+03  2.2058E+14  2.2158E+14  1.4283E+15  1.5514E-01
  2.5522E+03  2.2062E+14  2.2161E+14  1.4284E+15  1.5515E-01
  2.5526E+03  2.2065E+14  2.2165E+14  1.4286E+15  1.5516E-01
  2.5529E+03  2.2069E+14  2.2169E+14  1.4287E+15  1.5516E-01
  2.5533E+03  2.2073E+14  2.2172E+14  1.4289E+15  1.5517E-01
  2.5537E+03  2.2077E+14  2.2176E+14  1.4290E+15  1.5518E-01
  2.5541E+03  2.2080E+14  2.2180E+14  1.4292E+15  1.5519E-01
  2.5544E+03  2.2084E+14  2.2184E+14  1.4294E+15  1.5520E-01
  2.5548E+03  2.2088E+14  2.2187E+14  1.4295E+15  1.5521E-01
  2.5552E+03  2.2091E+14  2.2191E+14  1.4297E+15  1.5522E-01
  2.5556E+03  2.2095E+14  2.2195E+14  1.4298E+15  1.5522E-01
  2.5559E+03  2.2099E+14  2.2198E+14  1.4300E+15  1.5523E-01
  2.5563E+03  2.2102E+14  2.2202E+14  1.4302E+15  1.5524E-01
  2.5567E+03  2.2106E+14  2.2206E+14  1.4303E+15  1.5525E-01
  2.5571E+03  2.2110E+14  2.2209E+14  1.4305E+15  1.5526E-01
  2.5574E+03  2.2113E+14  2.2213E+14  1.4306E+15  1.5527E-01
  2.5578E+03  2.2117E+14  2.2217E+14  1.4308E+15  1.5528E-01
  2.5582E+03  2.2121E+14  2.2220E+14  1.4309E+15  1.5529E-01
  2.5586E+03  2.2125E+14  2.2224E+14  1.4311E+15  1.5529E-01
  2.5589E+03  2.2128E+14  2.2228E+14  1.4313E+15  1.5530E-01
  2.5593E+03  2.2132E+14  2.2232E+14  1.4314E+15  1.5531E-01
  2.5597E+03  2.2136E+14  2.2235E+14  1.4316E+15  1.5532E-01
  2.5601E+03  2.2139E+14  2.2239E+14  1.4317E+15  1.5533E-01
  2.5604E+03  2.2143E+14  2.2243E+14  1.4319E+15  1.5534E-01
  2.5608E+03  2.2147E+14  2.2246E+14  1.4320E+15  1.5535E-01
  2.5612E+03  2.2150E+14  2.2250E+14  1.4322E+15  1.5536E-01
  2.5616E+03  2.2154E+14  2.2254E+14  1.4324E+15  1.5536E-01
  2.5619E+03  2.2158E+14  2.2257E+14  1.4325E+15  1.5537E-01
  2.5623E+03  2.2161E+14  2.2261E+14  1.4327E+15  1.5538E-01
  2.5627E+03  2.2165E+14  2.2265E+14  1.4328E+15  1.5539E-01
  2.5631E+03  2.2169E+14  2.2268E+14  1.4330E+15  1.5540E-01
  2.5634E+03  2.2173E+14  2.2272E+14  1.4331E+15  1.5541E-01
  2.5638E+03  2.2176E+14  2.2276E+14  1.4333E+15  1.5542E-01
  2.5642E+03  2.2180E+14  2.2280E+14  1.4335E+15  1.5543E-01
  2.5646E+03  2.2184E+14  2.2283E+14  1.4336E+15  1.5543E-01
  2.5649E+03  2.2187E+14  2.2287E+14  1.4338E+15  1.5544E-01
  2.5653E+03  2.2191E+14  2.2291E+14  1.4339E+15  1.5545E-01
  2.5657E+03  2.2195E+14  2.2294E+14  1.4341E+15  1.5546E-01
  2.5661E+03  2.2198E+14  2.2298E+14  1.4342E+15  1.5547E-01
  2.5664E+03  2.2202E+14  2.2302E+14  1.4344E+15  1.5548E-01
  2.5668E+03  2.2206E+14  2.2305E+14  1.4346E+15  1.5549E-01
  2.5672E+03  2.2210E+14  2.2309E+14  1.4347E+15  1.5549E-01
  2.5676E+03  2.2213E+14  2.2313E+14  1.4349E+15  1.5550E-01
  2.5679E+03  2.2217E+14  2.2317E+14  1.4350E+15  1.5551E-01
  2.5683E+03  2.2221E+14  2.2320E+14  1.4352E+15  1.5552E-01
  2.5687E+03  2.2224E+14  2.2324E+14  1.4353E+15  1.5553E-01
  2.5691E+03  2.2228E+14  2.2328E+14  1.4355E+15  1.5554E-01
  2.5694E+03  2.2232E+14  2.2331E+14  1.4357E+15  1.5555E-01
  2.5698E+03  2.2235E+14  2.2335E+14  1.4358E+15  1.5556E-01
  2.5702E+03  2.2239E+14  2.2339E+14  1.4360E+15  1.5556E-01
  2.5706E+03  2.2243E+14  2.2342E+14  1.4361E+15  1.5557E-01
  2.5709E+03  2.2246E+14  2.2346E+14  1.4363E+15  1.5558E-01
  2.5713E+03  2.2250E+14  2.2350E+14  1.4364E+15  1.5559E-01
  2.5717E+03  2.2254E+14  2.2353E+14  1.4366E+15  1.5560E-01
  2.5721E+03  2.2258E+14  2.2357E+14  1.4368E+15  1.5561E-01
  2.5724E+03  2.2261E+14  2.2361E+14  1.4369E+15  1.5562E-01
  2.5728E+03  2.2265E+14  2.2365E+14  1.4371E+15  1.5563E-01
  2.5732E+03  2.2269E+14  2.2368E+14  1.4372E+15  1.5563E-01
  2.5736E+03  2.2272E+14  2.2372E+14  1.4374E+15  1.5564E-01
  2.5739E+03  2.2276E+14  2.2376E+14  1.4375E+15  1.5565E-01
  2.5743E+03  2.2280E+14  2.2379E+14  1.4377E+15  1.5566E-01
  2.5747E+03  2.2283E+14  2.2383E+14  1.4379E+15  1.5567E-01
  2.5751E+03  2.2287E+14  2.2387E+14  1.4380E+15  1.5568E-01
  2.5754E+03  2.2291E+14  2.2390E+14  1.4382E+15  1.5569E-01
  2.5758E+03  2.2295E+14  2.2394E+14  1.4383E+15  1.5570E-01
  2.5762E+03  2.2298E+14  2.2398E+14  1.4385E+15  1.5570E-01
  2.5766E+03  2.2302E+14  2.2402E+14  1.4386E+15  1.5571E-01
  2.5769E+03  2.2306E+14  2.2405E+14  1.4388E+15  1.5572E-01
  2.5773E+03  2.2309E+14  2.2409E+14  1.4390E+15  1.5573E-01
  2.5777E+03  2.2313E+14  2.2413E+14  1.4391E+15  1.5574E-01
  2.5781E+03  2.2317E+14  2.2416E+14  1.4393E+15  1.5575E-01
  2.5784E+03  2.2320E+14  2.2420E+14  1.4394E+15  1.5576E-01
  2.5788E+03  2.2324E+14  2.2424E+14  1.4396E+15  1.5577E-01
  2.5792E+03  2.2328E+14  2.2427E+14  1.4397E+15  1.5577E-01
  2.5796E+03  2.2332E+14  2.2431E+14  1.4399E+15  1.5578E-01
  2.5799E+03  2.2335E+14  2.2435E+14  1.4401E+15  1.5579E-01
  2.5803E+03  2.2339E+14  2.2439E+14  1.4402E+15  1.5580E-01
  2.5807E+03  2.2343E+14  2.2442E+14  1.4404E+15  1.5581E-01
  2.5811E+03  2.2346E+14  2.2446E+14  1.4405E+15  1.5582E-01
  2.5814E+03  2.2350E+14  2.2450E+14  1.4407E+15  1.5583E-01
  2.5818E+03  2.2354E+14  2.2453E+14  1.4408E+15  1.5584E-01
  2.5822E+03  2.2357E+14  2.2457E+14  1.4410E+15  1.5584E-01
  2.5826E+03  2.2361E+14  2.2461E+14  1.4412E+15  1.5585E-01
  2.5829E+03  2.2365E+14  2.2464E+14  1.4413E+15  1.5586E-01
  2.5833E+03  2.2369E+14  2.2468E+14  1.4415E+15  1.5587E-01
  2.5837E+03  2.2372E+14  2.2472E+14  1.4416E+15  1.5588E-01
  2.5841E+03  2.2376E+14  2.2476E+14  1.4418E+15  1.5589E-01
  2.5844E+03  2.2380E+14  2.2479E+14  1.4419E+15  1.5590E-01
  2.5848E+03  2.2383E+14  2.2483E+14  1.4421E+15  1.5591E-01
  2.5852E+03  2.2387E+14  2.2487E+14  1.4423E+15  1.5591E-01
  2.5856E+03  2.2391E+14  2.2490E+14  1.4424E+15  1.5592E-01
  2.5859E+03  2.2394E+14  2.2494E+14  1.4426E+15  1.5593E-01
  2.5863E+03  2.2398E+14  2.2498E+14  1.4427E+15  1.5594E-01
  2.5867E+03  2.2402E+14  2.2502E+14  1.4429E+15  1.5595E-01
  2.5871E+03  2.2406E+14  2.2505E+14  1.4430E+15  1.5596E-01
  2.5874E+03  2.2409E+14  2.2509E+14  1.4432E+15  1.5597E-01
  2.5878E+03  2.2413E+14  2.2513E+14  1.4433E+15  1.5597E-01
  2.5882E+03  2.2417E+14  2.2516E+14  1.4435E+15  1.5598E-01
  2.5886E+03  2.2420E+14  2.2520E+14  1.4437E+15  1.5599E-01
  2.5889E+03  2.2424E+14  2.2524E+14  1.4438E+15  1.5600E-01
  2.5893E+03  2.2428E+14  2.2527E+14  1.4440E+15  1.5601E-01
  2.5897E+03  2.2432E+14  2.2531E+14  1.4441E+15  1.5602E-01
  2.5901E+03  2.2435E+14  2.2535E+14  1.4443E+15  1.5603E-01
  2.5904E+03  2.2439E+14  2.2539E+14  1.4444E+15  1.5604E-01
  2.5908E+03  2.2443E+14  2.2542E+14  1.4446E+15  1.5604E-01
  2.5912E+03  2.2446E+14  2.2546E+14  1.4448E+15  1.5605E-01
  2.5916E+03  2.2450E+14  2.2550E+14  1.4449E+15  1.5606E-01
  2.5919E+03  2.2454E+14  2.2553E+14  1.4451E+15  1.5607E-01
  2.5923E+03  2.2457E+14  2.2557E+14  1.4452E+15  1.5608E-01
  2.5927E+03  2.2461E+14  2.2561E+14  1.4454E+15  1.5609E-01
  2.5931E+03  2.2465E+14  2.2565E+14  1.4455E+15  1.5610E-01
  2.5934E+03  2.2469E+14  2.2568E+14  1.4457E+15  1.5611E-01
  2.5938E+03  2.2472E+14  2.2572E+14  1.4459E+15  1.5611E-01
  2.5942E+03  2.2476E+14  2.2576E+14  1.4460E+15  1.5612E-01
  2.5946E+03  2.2480E+14  2.2579E+14  1.4462E+15  1.5613E-01
  2.5949E+03  2.2483E+14  2.2583E+14  1.4463E+15  1.5614E-01
  2.5953E+03  2.2487E+14  2.2587E+14  1.4465E+15  1.5615E-01
  2.5957E+03  2.2491E+14  2.2590E+14  1.4466E+15  1.5616E-01
  2.5961E+03  2.2495E+14  2.2594E+14  1.4468E+15  1.5617E-01
  2.5964E+03  2.2498E+14  2.2598E+14  1.4469E+15  1.5618E-01
  2.5968E+03  2.2502E+14  2.2602E+14  1.4471E+15  1.5618E-01
  2.5972E+03  2.2506E+14  2.2605E+14  1.4473E+15  1.5619E-01
  2.5976E+03  2.2509E+14  2.2609E+14  1.4474E+15  1.5620E-01
  2.5979E+03  2.2513E+14  2.2613E+14  1.4476E+15  1.5621E-01
  2.5983E+03  2.2517E+14  2.2616E+14  1.4477E+15  1.5622E-01
  2.5987E+03  2.2521E+14  2.2620E+14  1.4479E+15  1.5623E-01
  2.5991E+03  2.2524E+14  2.2624E+14  1.4480E+15  1.5624E-01
  2.5994E+03  2.2528E+14  2.2628E+14  1.4482E+15  1.5625E-01
  2.5998E+03  2.2532E+14  2.2631E+14  1.4484E+15  1.5625E-01
  2.6002E+03  2.2535E+14  2.2635E+14  1.4485E+15  1.5626E-01
  2.6006E+03  2.2539E+14  2.2639E+14  1.4487E+15  1.5627E-01
  2.6010E+03  2.2543E+14  2.2642E+14  1.4488E+15  1.5628E-01
  2.6013E+03  2.2546E+14  2.2646E+14  1.4490E+15  1.5629E-01
  2.6017E+03  2.2550E+14  2.2650E+14  1.4491E+15  1.5630E-01
  2.6021E+03  2.2554E+14  2.2654E+14  1.4493E+15  1.5631E-01
  2.6025E+03  2.2558E+14  2.2657E+14  1.4495E+15  1.5632E-01
  2.6028E+03  2.2561E+14  2.2661E+14  1.4496E+15  1.5632E-01
  2.6032E+03  2.2565E+14  2.2665E+14  1.4498E+15  1.5633E-01
  2.6036E+03  2.2569E+14  2.2668E+14  1.4499E+15  1.5634E-01
  2.6040E+03  2.2572E+14  2.2672E+14  1.4501E+15  1.5635E-01
  2.6043E+03  2.2576E+14  2.2676E+14  1.4502E+15  1.5636E-01
  2.6047E+03  2.2580E+14  2.2679E+14  1.4504E+15  1.5637E-01
  2.6051E+03  2.2584E+14  2.2683E+14  1.4505E+15  1.5638E-01
  2.6055E+03  2.2587E+14  2.2687E+14  1.4507E+15  1.5639E-01
  2.6058E+03  2.2591E+14  2.2691E+14  1.4509E+15  1.5639E-01
  2.6062E+03  2.2595E+14  2.2694E+14  1.4510E+15  1.5640E-01
  2.6066E+03  2.2598E+14  2.2698E+14  1.4512E+15  1.5641E-01
  2.6070E+03  2.2602E+14  2.2702E+14  1.4513E+15  1.5642E-01
  2.6073E+03  2.2606E+14  2.2705E+14  1.4515E+15  1.5643E-01
  2.6077E+03  2.2610E+14  2.2709E+14  1.4516E+15  1.5644E-01
  2.6081E+03  2.2613E+14  2.2713E+14  1.4518E+15  1.5645E-01
  2.6085E+03  2.2617E+14  2.2717E+14  1.4519E+15  1.5646E-01
  2.6088E+03  2.2621E+14  2.2720E+14  1.4521E+15  1.5646E-01
  2.6092E+03  2.2624E+14  2.2724E+14  1.4523E+15  1.5647E-01
  2.6096E+03  2.2628E+14  2.2728E+14  1.4524E+15  1.5648E-01
  2.6100E+03  2.2632E+14  2.2731E+14  1.4526E+15  1.5649E-01
  2.6103E+03  2.2636E+14  2.2735E+14  1.4527E+15  1.5650E-01
  2.6107E+03  2.2639E+14  2.2739E+14  1.4529E+15  1.5651E-01
  2.6111E+03  2.2643E+14  2.2743E+14  1.4530E+15  1.5652E-01
  2.6115E+03  2.2647E+14  2.2746E+14  1.4532E+15  1.5653E-01
  2.6118E+03  2.2650E+14  2.2750E+14  1.4534E+15  1.5653E-01
  2.6122E+03  2.2654E+14  2.2754E+14  1.4535E+15  1.5654E-01
  2.6126E+03  2.2658E+14  2.2757E+14  1.4537E+15  1.5655E-01
  2.6130E+03  2.2662E+14  2.2761E+14  1.4538E+15  1.5656E-01
  2.6133E+03  2.2665E+14  2.2765E+14  1.4540E+15  1.5657E-01
  2.6137E+03  2.2669E+14  2.2769E+14  1.4541E+15  1.5658E-01
  2.6141E+03  2.2673E+14  2.2772E+14  1.4543E+15  1.5659E-01
  2.6145E+03  2.2676E+14  2.2776E+14  1.4544E+15  1.5660E-01
  2.6148E+03  2.2680E+14  2.2780E+14  1.4546E+15  1.5660E-01
  2.6152E+03  2.2684E+14  2.2783E+14  1.4548E+15  1.5661E-01
  2.6156E+03  2.2688E+14  2.2787E+14  1.4549E+15  1.5662E-01
  2.6160E+03  2.2691E+14  2.2791E+14  1.4551E+15  1.5663E-01
  2.6163E+03  2.2695E+14  2.2795E+14  1.4552E+15  1.5664E-01
  2.6167E+03  2.2699E+14  2.2798E+14  1.4554E+15  1.5665E-01
  2.6171E+03  2.2702E+14  2.2802E+14  1.4555E+15  1.5666E-01
  2.6175E+03  2.2706E+14  2.2806E+14  1.4557E+15  1.5667E-01
  2.6178E+03  2.2710E+14  2.2809E+14  1.4558E+15  1.5668E-01
  2.6182E+03  2.2714E+14  2.2813E+14  1.4560E+15  1.5668E-01
  2.6186E+03  2.2717E+14  2.2817E+14  1.4562E+15  1.5669E-01
  2.6190E+03  2.2721E+14  2.2821E+14  1.4563E+15  1.5670E-01
  2.6193E+03  2.2725E+14  2.2824E+14  1.4565E+15  1.5671E-01
  2.6197E+03  2.2728E+14  2.2828E+14  1.4566E+15  1.5672E-01
  2.6201E+03  2.2732E+14  2.2832E+14  1.4568E+15  1.5673E-01
  2.6205E+03  2.2736E+14  2.2836E+14  1.4569E+15  1.5674E-01
  2.6208E+03  2.2740E+14  2.2839E+14  1.4571E+15  1.5675E-01
  2.6212E+03  2.2743E+14  2.2843E+14  1.4572E+15  1.5675E-01
  2.6216E+03  2.2747E+14  2.2847E+14  1.4574E+15  1.5676E-01
  2.6220E+03  2.2751E+14  2.2850E+14  1.4576E+15  1.5677E-01
  2.6223E+03  2.2754E+14  2.2854E+14  1.4577E+15  1.5678E-01
  2.6227E+03  2.2758E+14  2.2858E+14  1.4579E+15  1.5679E-01
  2.6231E+03  2.2762E+14  2.2862E+14  1.4580E+15  1.5680E-01
  2.6235E+03  2.2766E+14  2.2865E+14  1.4582E+15  1.5681E-01
  2.6238E+03  2.2769E+14  2.2869E+14  1.4583E+15  1.5682E-01
  2.6242E+03  2.2773E+14  2.2873E+14  1.4585E+15  1.5682E-01
  2.6246E+03  2.2777E+14  2.2876E+14  1.4586E+15  1.5683E-01
  2.6250E+03  2.2781E+14  2.2880E+14  1.4588E+15  1.5684E-01
  2.6253E+03  2.2784E+14  2.2884E+14  1.4590E+15  1.5685E-01
  2.6257E+03  2.2788E+14  2.2888E+14  1.4591E+15  1.5686E-01
  2.6261E+03  2.2792E+14  2.2891E+14  1.4593E+15  1.5687E-01
  2.6265E+03  2.2795E+14  2.2895E+14  1.4594E+15  1.5688E-01
  2.6268E+03  2.2799E+14  2.2899E+14  1.4596E+15  1.5689E-01
  2.6272E+03  2.2803E+14  2.2902E+14  1.4597E+15  1.5689E-01
  2.6276E+03  2.2807E+14  2.2906E+14  1.4599E+15  1.5690E-01
  2.6280E+03  2.2810E+14  2.2910E+14  1.4600E+15  1.5691E-01
  2.6283E+03  2.2814E+14  2.2914E+14  1.4602E+15  1.5692E-01
  2.6287E+03  2.2818E+14  2.2917E+14  1.4604E+15  1.5693E-01
  2.6291E+03  2.2821E+14  2.2921E+14  1.4605E+15  1.5694E-01
  2.6295E+03  2.2825E+14  2.2925E+14  1.4607E+15  1.5695E-01
  2.6298E+03  2.2829E+14  2.2929E+14  1.4608E+15  1.5696E-01
  2.6302E+03  2.2833E+14  2.2932E+14  1.4610E+15  1.5696E-01
  2.6306E+03  2.2836E+14  2.2936E+14  1.4611E+15  1.5697E-01
  2.6310E+03  2.2840E+14  2.2940E+14  1.4613E+15  1.5698E-01
  2.6313E+03  2.2844E+14  2.2943E+14  1.4614E+15  1.5699E-01
  2.6317E+03  2.2848E+14  2.2947E+14  1.4616E+15  1.5700E-01
  2.6321E+03  2.2851E+14  2.2951E+14  1.4618E+15  1.5701E-01
  2.6325E+03  2.2855E+14  2.2955E+14  1.4619E+15  1.5702E-01
  2.6328E+03  2.2859E+14  2.2958E+14  1.4621E+15  1.5703E-01
  2.6332E+03  2.2862E+14  2.2962E+14  1.4622E+15  1.5703E-01
  2.6336E+03  2.2866E+14  2.2966E+14  1.4624E+15  1.5704E-01
  2.6340E+03  2.2870E+14  2.2969E+14  1.4625E+15  1.5705E-01
  2.6343E+03  2.2874E+14  2.2973E+14  1.4627E+15  1.5706E-01
  2.6347E+03  2.2877E+14  2.2977E+14  1.4628E+15  1.5707E-01
  2.6351E+03  2.2881E+14  2.2981E+14  1.4630E+15  1.5708E-01
  2.6355E+03  2.2885E+14  2.2984E+14  1.4632E+15  1.5709E-01
  2.6358E+03  2.2888E+14  2.2988E+14  1.4633E+15  1.5710E-01
  2.6362E+03  2.2892E+14  2.2992E+14  1.4635E+15  1.5710E-01
  2.6366E+03  2.2896E+14  2.2996E+14  1.4636E+15  1.5711E-01
  2.6370E+03  2.2900E+14  2.2999E+14  1.4638E+15  1.5712E-01
  2.6373E+03  2.2903E+14  2.3003E+14  1.4639E+15  1.5713E-01
  2.6377E+03  2.2907E+14  2.3007E+14  1.4641E+15  1.5714E-01
  2.6381E+03  2.2911E+14  2.3010E+14  1.4642E+15  1.5715E-01
  2.6385E+03  2.2915E+14  2.3014E+14  1.4644E+15  1.5716E-01
  2.6388E+03  2.2918E+14  2.3018E+14  1.4646E+15  1.5717E-01
  2.6392E+03  2.2922E+14  2.3022E+14  1.4647E+15  1.5718E-01
  2.6396E+03  2.2926E+14  2.3025E+14  1.4649E+15  1.5718E-01
  2.6400E+03  2.2929E+14  2.3029E+14  1.4650E+15  1.5719E-01
  2.6403E+03  2.2933E+14  2.3033E+14  1.4652E+15  1.5720E-01
  2.6407E+03  2.2937E+14  2.3037E+14  1.4653E+15  1.5721E-01
  2.6411E+03  2.2941E+14  2.3040E+14  1.4655E+15  1.5722E-01
  2.6415E+03  2.2944E+14  2.3044E+14  1.4656E+15  1.5723E-01
  2.6418E+03  2.2948E+14  2.3048E+14  1.4658E+15  1.5724E-01
  2.6422E+03  2.2952E+14  2.3051E+14  1.4660E+15  1.5725E-01
  2.6426E+03  2.2956E+14  2.3055E+14  1.4661E+15  1.5725E-01
  2.6430E+03  2.2959E+14  2.3059E+14  1.4663E+15  1.5726E-01
  2.6433E+03  2.2963E+14  2.3063E+14  1.4664E+15  1.5727E-01
  2.6437E+03  2.2967E+14  2.3066E+14  1.4666E+15  1.5728E-01
  2.6441E+03  2.2970E+14  2.3070E+14  1.4667E+15  1.5729E-01
  2.6445E+03  2.2974E+14  2.3074E+14  1.4669E+15  1.5730E-01
  2.6448E+03  2.2978E+14  2.3078E+14  1.4670E+15  1.5731E-01
  2.6452E+03  2.2982E+14  2.3081E+14  1.4672E+15  1.5732E-01
  2.6456E+03  2.2985E+14  2.3085E+14  1.4673E+15  1.5732E-01
  2.6460E+03  2.2989E+14  2.3089E+14  1.4675E+15  1.5733E-01
  2.6463E+03  2.2993E+14  2.3092E+14  1.4677E+15  1.5734E-01
  2.6467E+03  2.2997E+14  2.3096E+14  1.4678E+15  1.5735E-01
  2.6471E+03  2.3000E+14  2.3100E+14  1.4680E+15  1.5736E-01
  2.6475E+03  2.3004E+14  2.3104E+14  1.4681E+15  1.5737E-01
  2.6478E+03  2.3008E+14  2.3107E+14  1.4683E+15  1.5738E-01
  2.6482E+03  2.3011E+14  2.3111E+14  1.4684E+15  1.5739E-01
  2.6486E+03  2.3015E+14  2.3115E+14  1.4686E+15  1.5739E-01
  2.6490E+03  2.3019E+14  2.3119E+14  1.4687E+15  1.5740E-01
  2.6493E+03  2.3023E+14  2.3122E+14  1.4689E+15  1.5741E-01
  2.6497E+03  2.3026E+14  2.3126E+14  1.4691E+15  1.5742E-01
  2.6501E+03  2.3030E+14  2.3130E+14  1.4692E+15  1.5743E-01
  2.6505E+03  2.3034E+14  2.3133E+14  1.4694E+15  1.5744E-01
  2.6508E+03  2.3038E+14  2.3137E+14  1.4695E+15  1.5745E-01
  2.6512E+03  2.3041E+14  2.3141E+14  1.4697E+15  1.5746E-01
  2.6516E+03  2.3045E+14  2.3145E+14  1.4698E+15  1.5747E-01
  2.6520E+03  2.3049E+14  2.3148E+14  1.4700E+15  1.5747E-01
  2.6523E+03  2.3053E+14  2.3152E+14  1.4701E+15  1.5748E-01
  2.6527E+03  2.3056E+14  2.3156E+14  1.4703E+15  1.5749E-01
  2.6531E+03  2.3060E+14  2.3160E+14  1.4704E+15  1.5750E-01
  2.6535E+03  2.3064E+14  2.3163E+14  1.4706E+15  1.5751E-01
  2.6538E+03  2.3067E+14  2.3167E+14  1.4708E+15  1.5752E-01
  2.6542E+03  2.3071E+14  2.3171E+14  1.4709E+15  1.5753E-01
  2.6546E+03  2.3075E+14  2.3175E+14  1.4711E+15  1.5754E-01
  2.6550E+03  2.3079E+14  2.3178E+14  1.4712E+15  1.5754E-01
  2.6553E+03  2.3082E+14  2.3182E+14  1.4714E+15  1.5755E-01
  2.6557E+03  2.3086E+14  2.3186E+14  1.4715E+15  1.5756E-01
  2.6561E+03  2.3090E+14  2.3189E+14  1.4717E+15  1.5757E-01
  2.6565E+03  2.3094E+14  2.3193E+14  1.4718E+15  1.5758E-01
  2.6568E+03  2.3097E+14  2.3197E+14  1.4720E+15  1.5759E-01
  2.6572E+03  2.3101E+14  2.3201E+14  1.4721E+15  1.5760E-01
  2.6576E+03  2.3105E+14  2.3204E+14  1.4723E+15  1.5761E-01
  2.6580E+03  2.3109E+14  2.3208E+14  1.4725E+15  1.5761E-01
  2.6583E+03  2.3112E+14  2.3212E+14  1.4726E+15  1.5762E-01
  2.6587E+03  2.3116E+14  2.3216E+14  1.4728E+15  1.5763E-01
  2.6591E+03  2.3120E+14  2.3219E+14  1.4729E+15  1.5764E-01
  2.6595E+03  2.3123E+14  2.3223E+14  1.4731E+15  1.5765E-01
  2.6598E+03  2.3127E+14  2.3227E+14  1.4732E+15  1.5766E-01
  2.6602E+03  2.3131E+14  2.3231E+14  1.4734E+15  1.5767E-01
  2.6606E+03  2.3135E+14  2.3234E+14  1.4735E+15  1.5768E-01
  2.6610E+03  2.3138E+14  2.3238E+14  1.4737E+15  1.5769E-01
  2.6613E+03  2.3142E+14  2.3242E+14  1.4738E+15  1.5769E-01
  2.6617E+03  2.3146E+14  2.3245E+14  1.4740E+15  1.5770E-01
  2.6621E+03  2.3150E+14  2.3249E+14  1.4742E+15  1.5771E-01
  2.6625E+03  2.3153E+14  2.3253E+14  1.4743E+15  1.5772E-01
  2.6628E+03  2.3157E+14  2.3257E+14  1.4745E+15  1.5773E-01
  2.6632E+03  2.3161E+14  2.3260E+14  1.4746E+15  1.5774E-01
  2.6636E+03  2.3165E+14  2.3264E+14  1.4748E+15  1.5775E-01
  2.6640E+03  2.3168E+14  2.3268E+14  1.4749E+15  1.5776E-01
  2.6643E+03  2.3172E+14  2.3272E+14  1.4751E+15  1.5776E-01
  2.6647E+03  2.3176E+14  2.3275E+14  1.4752E+15  1.5777E-01
  2.6651E+03  2.3179E+14  2.3279E+14  1.4754E+15  1.5778E-01
  2.6655E+03  2.3183E+14  2.3283E+14  1.4755E+15  1.5779E-01
  2.6658E+03  2.3187E+14  2.3287E+14  1.4757E+15  1.5780E-01
  2.6662E+03  2.3191E+14  2.3290E+14  1.4759E+15  1.5781E-01
  2.6666E+03  2.3194E+14  2.3294E+14  1.4760E+15  1.5782E-01
  2.6670E+03  2.3198E+14  2.3298E+14  1.4762E+15  1.5783E-01
  2.6673E+03  2.3202E+14  2.3302E+14  1.4763E+15  1.5784E-01
  2.6677E+03  2.3206E+14  2.3305E+14  1.4765E+15  1.5784E-01
  2.6681E+03  2.3209E+14  2.3309E+14  1.4766E+15  1.5785E-01
  2.6685E+03  2.3213E+14  2.3313E+14  1.4768E+15  1.5786E-01
  2.6688E+03  2.3217E+14  2.3316E+14  1.4769E+15  1.5787E-01
  2.6692E+03  2.3221E+14  2.3320E+14  1.4771E+15  1.5788E-01
  2.6696E+03  2.3224E+14  2.3324E+14  1.4772E+15  1.5789E-01
  2.6700E+03  2.3228E+14  2.3328E+14  1.4774E+15  1.5790E-01
  2.6703E+03  2.3232E+14  2.3331E+14  1.4776E+15  1.5791E-01
  2.6707E+03  2.3236E+14  2.3335E+14  1.4777E+15  1.5791E-01
  2.6711E+03  2.3239E+14  2.3339E+14  1.4779E+15  1.5792E-01
  2.6715E+03  2.3243E+14  2.3343E+14  1.4780E+15  1.5793E-01
  2.6718E+03  2.3247E+14  2.3346E+14  1.4782E+15  1.5794E-01
  2.6722E+03  2.3251E+14  2.3350E+14  1.4783E+15  1.5795E-01
  2.6726E+03  2.3254E+14  2.3354E+14  1.4785E+15  1.5796E-01
  2.6730E+03  2.3258E+14  2.3358E+14  1.4786E+15  1.5797E-01
  2.6733E+03  2.3262E+14  2.3361E+14  1.4788E+15  1.5798E-01
  2.6737E+03  2.3265E+14  2.3365E+14  1.4789E+15  1.5798E-01
  2.6741E+03  2.3269E+14  2.3369E+14  1.4791E+15  1.5799E-01
  2.6745E+03  2.3273E+14  2.3373E+14  1.4793E+15  1.5800E-01
  2.6748E+03  2.3277E+14  2.3376E+14  1.4794E+15  1.5801E-01
  2.6752E+03  2.3280E+14  2.3380E+14  1.4796E+15  1.5802E-01
  2.6756E+03  2.3284E+14  2.3384E+14  1.4797E+15  1.5803E-01
  2.6760E+03  2.3288E+14  2.3388E+14  1.4799E+15  1.5804E-01
  2.6763E+03  2.3292E+14  2.3391E+14  1.4800E+15  1.5805E-01
  2.6767E+03  2.3295E+14  2.3395E+14  1.4802E+15  1.5806E-01
  2.6771E+03  2.3299E+14  2.3399E+14  1.4803E+15  1.5806E-01
  2.6775E+03  2.3303E+14  2.3403E+14  1.4805E+15  1.5807E-01
  2.6778E+03  2.3307E+14  2.3406E+14  1.4806E+15  1.5808E-01
  2.6782E+03  2.3310E+14  2.3410E+14  1.4808E+15  1.5809E-01
  2.6786E+03  2.3314E+14  2.3414E+14  1.4809E+15  1.5810E-01
  2.6790E+03  2.3318E+14  2.3417E+14  1.4811E+15  1.5811E-01
  2.6793E+03  2.3322E+14  2.3421E+14  1.4813E+15  1.5812E-01
  2.6797E+03  2.3325E+14  2.3425E+14  1.4814E+15  1.5813E-01
  2.6801E+03  2.3329E+14  2.3429E+14  1.4816E+15  1.5813E-01
  2.6805E+03  2.3333E+14  2.3432E+14  1.4817E+15  1.5814E-01
  2.6808E+03  2.3337E+14  2.3436E+14  1.4819E+15  1.5815E-01
  2.6812E+03  2.3340E+14  2.3440E+14  1.4820E+15  1.5816E-01
  2.6816E+03  2.3344E+14  2.3444E+14  1.4822E+15  1.5817E-01
  2.6820E+03  2.3348E+14  2.3447E+14  1.4823E+15  1.5818E-01
  2.6823E+03  2.3352E+14  2.3451E+14  1.4825E+15  1.5819E-01
  2.6827E+03  2.3355E+14  2.3455E+14  1.4826E+15  1.5820E-01
  2.6831E+03  2.3359E+14  2.3459E+14  1.4828E+15  1.5821E-01
  2.6835E+03  2.3363E+14  2.3462E+14  1.4830E+15  1.5821E-01
  2.6838E+03  2.3367E+14  2.3466E+14  1.4831E+15  1.5822E-01
  2.6842E+03  2.3370E+14  2.3470E+14  1.4833E+15  1.5823E-01
  2.6846E+03  2.3374E+14  2.3474E+14  1.4834E+15  1.5824E-01
  2.6850E+03  2.3378E+14  2.3477E+14  1.4836E+15  1.5825E-01
  2.6853E+03  2.3382E+14  2.3481E+14  1.4837E+15  1.5826E-01
  2.6857E+03  2.3385E+14  2.3485E+14  1.4839E+15  1.5827E-01
  2.6861E+03  2.3389E+14  2.3489E+14  1.4840E+15  1.5828E-01
  2.6865E+03  2.3393E+14  2.3492E+14  1.4842E+15  1.5828E-01
  2.6868E+03  2.3396E+14  2.3496E+14  1.4843E+15  1.5829E-01
  2.6872E+03  2.3400E+14  2.3500E+14  1.4845E+15  1.5830E-01
  2.6876E+03  2.3404E+14  2.3504E+14  1.4846E+15  1.5831E-01
  2.6880E+03  2.3408E+14  2.3507E+14  1.4848E+15  1.5832E-01
  2.6883E+03  2.3411E+14  2.3511E+14  1.4850E+15  1.5833E-01
  2.6887E+03  2.3415E+14  2.3515E+14  1.4851E+15  1.5834E-01
  2.6891E+03  2.3419E+14  2.3519E+14  1.4853E+15  1.5835E-01
  2.6895E+03  2.3423E+14  2.3522E+14  1.4854E+15  1.5836E-01
  2.6898E+03  2.3426E+14  2.3526E+14  1.4856E+15  1.5836E-01
  2.6902E+03  2.3430E+14  2.3530E+14  1.4857E+15  1.5837E-01
  2.6906E+03  2.3434E+14  2.3534E+14  1.4859E+15  1.5838E-01
  2.6910E+03  2.3438E+14  2.3537E+14  1.4860E+15  1.5839E-01
  2.6913E+03  2.3441E+14  2.3541E+14  1.4862E+15  1.5840E-01
  2.6917E+03  2.3445E+14  2.3545E+14  1.4863E+15  1.5841E-01
  2.6921E+03  2.3449E+14  2.3549E+14  1.4865E+15  1.5842E-01
  2.6925E+03  2.3453E+14  2.3552E+14  1.4866E+15  1.5843E-01
  2.6928E+03  2.3456E+14  2.3556E+14  1.4868E+15  1.5843E-01
  2.6932E+03  2.3460E+14  2.3560E+14  1.4870E+15  1.5844E-01
  2.6936E+03  2.3464E+14  2.3564E+14  1.4871E+15  1.5845E-01
  2.6940E+03  2.3468E+14  2.3567E+14  1.4873E+15  1.5846E-01
  2.6943E+03  2.3471E+14  2.3571E+14  1.4874E+15  1.5847E-01
  2.6947E+03  2.3475E+14  2.3575E+14  1.4876E+15  1.5848E-01
  2.6951E+03  2.3479E+14  2.3579E+14  1.4877E+15  1.5849E-01
  2.6955E+03  2.3483E+14  2.3582E+14  1.4879E+15  1.5850E-01
  2.6958E+03  2.3486E+14  2.3586E+14  1.4880E+15  1.5851E-01
  2.6962E+03  2.3490E+14  2.3590E+14  1.4882E+15  1.5851E-01
  2.6966E+03  2.3494E+14  2.3594E+14  1.4883E+15  1.5852E-01
  2.6970E+03  2.3498E+14  2.3597E+14  1.4885E+15  1.5853E-01
  2.6973E+03  2.3501E+14  2.3601E+14  1.4886E+15  1.5854E-01
  2.6977E+03  2.3505E+14  2.3605E+14  1.4888E+15  1.5855E-01
  2.6981E+03  2.3509E+14  2.3609E+14  1.4890E+15  1.5856E-01
  2.6985E+03  2.3513E+14  2.3612E+14  1.4891E+15  1.5857E-01
  2.6988E+03  2.3516E+14  2.3616E+14  1.4893E+15  1.5858E-01
  2.6992E+03  2.3520E+14  2.3620E+14  1.4894E+15  1.5859E-01
  2.6996E+03  2.3524E+14  2.3624E+14  1.4896E+15  1.5859E-01
  2.7000E+03  2.3528E+14  2.3627E+14  1.4897E+15  1.5860E-01
  2.7003E+03  2.3531E+14  2.3631E+14  1.4899E+15  1.5861E-01
  2.7007E+03  2.3535E+14  2.3635E+14  1.4900E+15  1.5862E-01
  2.7011E+03  2.3539E+14  2.3639E+14  1.4902E+15  1.5863E-01
  2.7015E+03  2.3543E+14  2.3642E+14  1.4903E+15  1.5864E-01
  2.7018E+03  2.3546E+14  2.3646E+14  1.4905E+15  1.5865E-01
  2.7022E+03  2.3550E+14  2.3650E+14  1.4906E+15  1.5866E-01
  2.7026E+03  2.3554E+14  2.3654E+14  1.4908E+15  1.5866E-01
  2.7030E+03  2.3558E+14  2.3657E+14  1.4909E+15  1.5867E-01
  2.7033E+03  2.3561E+14  2.3661E+14  1.4911E+15  1.5868E-01
  2.7037E+03  2.3565E+14  2.3665E+14  1.4913E+15  1.5869E-01
  2.7041E+03  2.3569E+14  2.3669E+14  1.4914E+15  1.5870E-01
  2.7045E+03  2.3573E+14  2.3672E+14  1.4916E+15  1.5871E-01
  2.7048E+03  2.3577E+14  2.3676E+14  1.4917E+15  1.5872E-01
  2.7052E+03  2.3580E+14  2.3680E+14  1.4919E+15  1.5873E-01
  2.7056E+03  2.3584E+14  2.3684E+14  1.4920E+15  1.5874E-01
  2.7060E+03  2.3588E+14  2.3687E+14  1.4922E+15  1.5874E-01
  2.7063E+03  2.3592E+14  2.3691E+14  1.4923E+15  1.5875E-01
  2.7067E+03  2.3595E+14  2.3695E+14  1.4925E+15  1.5876E-01
  2.7071E+03  2.3599E+14  2.3699E+14  1.4926E+15  1.5877E-01
  2.7075E+03  2.3603E+14  2.3702E+14  1.4928E+15  1.5878E-01
  2.7078E+03  2.3607E+14  2.3706E+14  1.4929E+15  1.5879E-01
  2.7082E+03  2.3610E+14  2.3710E+14  1.4931E+15  1.5880E-01
  2.7086E+03  2.3614E+14  2.3714E+14  1.4932E+15  1.5881E-01
  2.7090E+03  2.3618E+14  2.3717E+14  1.4934E+15  1.5882E-01
  2.7093E+03  2.3622E+14  2.3721E+14  1.4936E+15  1.5882E-01
  2.7097E+03  2.3625E+14  2.3725E+14  1.4937E+15  1.5883E-01
  2.7101E+03  2.3629E+14  2.3729E+14  1.4939E+15  1.5884E-01
  2.7105E+03  2.3633E+14  2.3732E+14  1.4940E+15  1.5885E-01
  2.7108E+03  2.3637E+14  2.3736E+14  1.4942E+15  1.5886E-01
  2.7112E+03  2.3640E+14  2.3740E+14  1.4943E+15  1.5887E-01
  2.7116E+03  2.3644E+14  2.3744E+14  1.4945E+15  1.5888E-01
  2.7120E+03  2.3648E+14  2.3748E+14  1.4946E+15  1.5889E-01
  2.7123E+03  2.3652E+14  2.3751E+14  1.4948E+15  1.5889E-01
  2.7127E+03  2.3655E+14  2.3755E+14  1.4949E+15  1.5890E-01
  2.7131E+03  2.3659E+14  2.3759E+14  1.4951E+15  1.5891E-01
  2.7135E+03  2.3663E+14  2.3763E+14  1.4952E+15  1.5892E-01
  2.7138E+03  2.3667E+14  2.3766E+14  1.4954E+15  1.5893E-01
  2.7142E+03  2.3670E+14  2.3770E+14  1.4955E+15  1.5894E-01
  2.7146E+03  2.3674E+14  2.3774E+14  1.4957E+15  1.5895E-01
  2.7150E+03  2.3678E+14  2.3778E+14  1.4959E+15  1.5896E-01
  2.7153E+03  2.3682E+14  2.3781E+14  1.4960E+15  1.5897E-01
  2.7157E+03  2.3685E+14  2.3785E+14  1.4962E+15  1.5897E-01
  2.7161E+03  2.3689E+14  2.3789E+14  1.4963E+15  1.5898E-01
  2.7165E+03  2.3693E+14  2.3793E+14  1.4965E+15  1.5899E-01
  2.7168E+03  2.3697E+14  2.3796E+14  1.4966E+15  1.5900E-01
  2.7172E+03  2.3700E+14  2.3800E+14  1.4968E+15  1.5901E-01
  2.7176E+03  2.3704E+14  2.3804E+14  1.4969E+15  1.5902E-01
  2.7180E+03  2.3708E+14  2.3808E+14  1.4971E+15  1.5903E-01
  2.7183E+03  2.3712E+14  2.3811E+14  1.4972E+15  1.5904E-01
  2.7187E+03  2.3716E+14  2.3815E+14  1.4974E+15  1.5905E-01
  2.7191E+03  2.3719E+14  2.3819E+14  1.4975E+15  1.5905E-01
  2.7195E+03  2.3723E+14  2.3823E+14  1.4977E+15  1.5906E-01
  2.7198E+03  2.3727E+14  2.3826E+14  1.4978E+15  1.5907E-01
  2.7202E+03  2.3731E+14  2.3830E+14  1.4980E+15  1.5908E-01
  2.7206E+03  2.3734E+14  2.3834E+14  1.4981E+15  1.5909E-01
  2.7210E+03  2.3738E+14  2.3838E+14  1.4983E+15  1.5910E-01
  2.7213E+03  2.3742E+14  2.3841E+14  1.4985E+15  1.5911E-01
  2.7217E+03  2.3746E+14  2.3845E+14  1.4986E+15  1.5912E-01
  2.7221E+03  2.3749E+14  2.3849E+14  1.4988E+15  1.5912E-01
  2.7225E+03  2.3753E+14  2.3853E+14  1.4989E+15  1.5913E-01
  2.7228E+03  2.3757E+14  2.3857E+14  1.4991E+15  1.5914E-01
  2.7232E+03  2.3761E+14  2.3860E+14  1.4992E+15  1.5915E-01
  2.7236E+03  2.3764E+14  2.3864E+14  1.4994E+15  1.5916E-01
  2.7240E+03  2.3768E+14  2.3868E+14  1.4995E+15  1.5917E-01
  2.7243E+03  2.3772E+14  2.3872E+14  1.4997E+15  1.5918E-01
  2.7247E+03  2.3776E+14  2.3875E+14  1.4998E+15  1.5919E-01
  2.7251E+03  2.3779E+14  2.3879E+14  1.5000E+15  1.5920E-01
  2.7255E+03  2.3783E+14  2.3883E+14  1.5001E+15  1.5920E-01
  2.7258E+03  2.3787E+14  2.3887E+14  1.5003E+15  1.5921E-01
  2.7262E+03  2.3791E+14  2.3890E+14  1.5004E+15  1.5922E-01
  2.7266E+03  2.3795E+14  2.3894E+14  1.5006E+15  1.5923E-01
  2.7270E+03  2.3798E+14  2.3898E+14  1.5007E+15  1.5924E-01
  2.7273E+03  2.3802E+14  2.3902E+14  1.5009E+15  1.5925E-01
  2.7277E+03  2.3806E+14  2.3905E+14  1.5011E+15  1.5926E-01
  2.7281E+03  2.3810E+14  2.3909E+14  1.5012E+15  1.5927E-01
  2.7285E+03  2.3813E+14  2.3913E+14  1.5014E+15  1.5928E-01
  2.7288E+03  2.3817E+14  2.3917E+14  1.5015E+15  1.5928E-01
  2.7292E+03  2.3821E+14  2.3921E+14  1.5017E+15  1.5929E-01
  2.7296E+03  2.3825E+14  2.3924E+14  1.5018E+15  1.5930E-01
  2.7300E+03  2.3828E+14  2.3928E+14  1.5020E+15  1.5931E-01
  2.7303E+03  2.3832E+14  2.3932E+14  1.5021E+15  1.5932E-01
  2.7307E+03  2.3836E+14  2.3936E+14  1.5023E+15  1.5933E-01
  2.7311E+03  2.3840E+14  2.3939E+14  1.5024E+15  1.5934E-01
  2.7315E+03  2.3843E+14  2.3943E+14  1.5026E+15  1.5935E-01
  2.7318E+03  2.3847E+14  2.3947E+14  1.5027E+15  1.5936E-01
  2.7322E+03  2.3851E+14  2.3951E+14  1.5029E+15  1.5936E-01
  2.7326E+03  2.3855E+14  2.3954E+14  1.5030E+15  1.5937E-01
  2.7330E+03  2.3859E+14  2.3958E+14  1.5032E+15  1.5938E-01
  2.7333E+03  2.3862E+14  2.3962E+14  1.5033E+15  1.5939E-01
  2.7337E+03  2.3866E+14  2.3966E+14  1.5035E+15  1.5940E-01
  2.7341E+03  2.3870E+14  2.3969E+14  1.5037E+15  1.5941E-01
  2.7345E+03  2.3874E+14  2.3973E+14  1.5038E+15  1.5942E-01
  2.7348E+03  2.3877E+14  2.3977E+14  1.5040E+15  1.5943E-01
  2.7352E+03  2.3881E+14  2.3981E+14  1.5041E+15  1.5944E-01
  2.7356E+03  2.3885E+14  2.3985E+14  1.5043E+15  1.5944E-01
  2.7360E+03  2.3889E+14  2.3988E+14  1.5044E+15  1.5945E-01
  2.7363E+03  2.3892E+14  2.3992E+14  1.5046E+15  1.5946E-01
  2.7367E+03  2.3896E+14  2.3996E+14  1.5047E+15  1.5947E-01
  2.7371E+03  2.3900E+14  2.4000E+14  1.5049E+15  1.5948E-01
  2.7375E+03  2.3904E+14  2.4003E+14  1.5050E+15  1.5949E-01
  2.7378E+03  2.3908E+14  2.4007E+14  1.5052E+15  1.5950E-01
  2.7382E+03  2.3911E+14  2.4011E+14  1.5053E+15  1.5951E-01
  2.7386E+03  2.3915E+14  2.4015E+14  1.5055E+15  1.5952E-01
  2.7390E+03  2.3919E+14  2.4018E+14  1.5056E+15  1.5952E-01
  2.7393E+03  2.3923E+14  2.4022E+14  1.5058E+15  1.5953E-01
  2.7397E+03  2.3926E+14  2.4026E+14  1.5059E+15  1.5954E-01
  2.7401E+03  2.3930E+14  2.4030E+14  1.5061E+15  1.5955E-01
  2.7405E+03  2.3934E+14  2.4034E+14  1.5062E+15  1.5956E-01
  2.7408E+03  2.3938E+14  2.4037E+14  1.5064E+15  1.5957E-01
  2.7412E+03  2.3941E+14  2.4041E+14  1.5065E+15  1.5958E-01
  2.7416E+03  2.3945E+14  2.4045E+14  1.5067E+15  1.5959E-01
  2.7420E+03  2.3949E+14  2.4049E+14  1.5069E+15  1.5959E-01
  2.7423E+03  2.3953E+14  2.4052E+14  1.5070E+15  1.5960E-01
  2.7427E+03  2.3957E+14  2.4056E+14  1.5072E+15  1.5961E-01
  2.7431E+03  2.3960E+14  2.4060E+14  1.5073E+15  1.5962E-01
  2.7435E+03  2.3964E+14  2.4064E+14  1.5075E+15  1.5963E-01
  2.7438E+03  2.3968E+14  2.4067E+14  1.5076E+15  1.5964E-01
  2.7442E+03  2.3972E+14  2.4071E+14  1.5078E+15  1.5965E-01
  2.7446E+03  2.3975E+14  2.4075E+14  1.5079E+15  1.5966E-01
  2.7450E+03  2.3979E+14  2.4079E+14  1.5081E+15  1.5967E-01
  2.7453E+03  2.3983E+14  2.4083E+14  1.5082E+15  1.5967E-01
  2.7457E+03  2.3987E+14  2.4086E+14  1.5084E+15  1.5968E-01
  2.7461E+03  2.3990E+14  2.4090E+14  1.5085E+15  1.5969E-01
  2.7465E+03  2.3994E+14  2.4094E+14  1.5087E+15  1.5970E-01
  2.7468E+03  2.3998E+14  2.4098E+14  1.5088E+15  1.5971E-01
  2.7472E+03  2.4002E+14  2.4101E+14  1.5090E+15  1.5972E-01
  2.7476E+03  2.4006E+14  2.4105E+14  1.5091E+15  1.5973E-01
  2.7480E+03  2.4009E+14  2.4109E+14  1.5093E+15  1.5974E-01
  2.7483E+03  2.4013E+14  2.4113E+14  1.5094E+15  1.5975E-01
  2.7487E+03  2.4017E+14  2.4117E+14  1.5096E+15  1.5975E-01
  2.7491E+03  2.4021E+14  2.4120E+14  1.5097E+15  1.5976E-01
  2.7495E+03  2.4024E+14  2.4124E+14  1.5099E+15  1.5977E-01
  2.7498E+03  2.4028E+14  2.4128E+14  1.5101E+15  1.5978E-01
  2.7502E+03  2.4032E+14  2.4132E+14  1.5102E+15  1.5979E-01
  2.7506E+03  2.4036E+14  2.4135E+14  1.5104E+15  1.5980E-01
  2.7510E+03  2.4040E+14  2.4139E+14  1.5105E+15  1.5981E-01
  2.7513E+03  2.4043E+14  2.4143E+14  1.5107E+15  1.5982E-01
  2.7517E+03  2.4047E+14  2.4147E+14  1.5108E+15  1.5983E-01
  2.7521E+03  2.4051E+14  2.4150E+14  1.5110E+15  1.5983E-01
  2.7525E+03  2.4055E+14  2.4154E+14  1.5111E+15  1.5984E-01
  2.7528E+03  2.4058E+14  2.4158E+14  1.5113E+15  1.5985E-01
  2.7532E+03  2.4062E+14  2.4162E+14  1.5114E+15  1.5986E-01
  2.7536E+03  2.4066E+14  2.4166E+14  1.5116E+15  1.5987E-01
  2.7540E+03  2.4070E+14  2.4169E+14  1.5117E+15  1.5988E-01
  2.7543E+03  2.4073E+14  2.4173E+14  1.5119E+15  1.5989E-01
  2.7547E+03  2.4077E+14  2.4177E+14  1.5120E+15  1.5990E-01
  2.7551E+03  2.4081E+14  2.4181E+14  1.5122E+15  1.5991E-01
  2.7555E+03  2.4085E+14  2.4184E+14  1.5123E+15  1.5991E-01
  2.7558E+03  2.4089E+14  2.4188E+14  1.5125E+15  1.5992E-01
  2.7562E+03  2.4092E+14  2.4192E+14  1.5126E+15  1.5993E-01
  2.7566E+03  2.4096E+14  2.4196E+14  1.5128E+15  1.5994E-01
  2.7570E+03  2.4100E+14  2.4200E+14  1.5129E+15  1.5995E-01
  2.7573E+03  2.4104E+14  2.4203E+14  1.5131E+15  1.5996E-01
  2.7577E+03  2.4107E+14  2.4207E+14  1.5132E+15  1.5997E-01
  2.7581E+03  2.4111E+14  2.4211E+14  1.5134E+15  1.5998E-01
  2.7585E+03  2.4115E+14  2.4215E+14  1.5136E+15  1.5999E-01
  2.7588E+03  2.4119E+14  2.4218E+14  1.5137E+15  1.5999E-01
  2.7592E+03  2.4123E+14  2.4222E+14  1.5139E+15  1.6000E-01
  2.7596E+03  2.4126E+14  2.4226E+14  1.5140E+15  1.6001E-01
  2.7600E+03  2.4130E+14  2.4230E+14  1.5142E+15  1.6002E-01
  2.7603E+03  2.4134E+14  2.4234E+14  1.5143E+15  1.6003E-01
  2.7607E+03  2.4138E+14  2.4237E+14  1.5145E+15  1.6004E-01
  2.7611E+03  2.4141E+14  2.4241E+14  1.5146E+15  1.6005E-01
  2.7615E+03  2.4145E+14  2.4245E+14  1.5148E+15  1.6006E-01
  2.7618E+03  2.4149E+14  2.4249E+14  1.5149E+15  1.6007E-01
  2.7622E+03  2.4153E+14  2.4252E+14  1.5151E+15  1.6007E-01
  2.7626E+03  2.4157E+14  2.4256E+14  1.5152E+15  1.6008E-01
  2.7630E+03  2.4160E+14  2.4260E+14  1.5154E+15  1.6009E-01
  2.7633E+03  2.4164E+14  2.4264E+14  1.5155E+15  1.6010E-01
  2.7637E+03  2.4168E+14  2.4268E+14  1.5157E+15  1.6011E-01
  2.7641E+03  2.4172E+14  2.4271E+14  1.5158E+15  1.6012E-01
  2.7645E+03  2.4176E+14  2.4275E+14  1.5160E+15  1.6013E-01
  2.7648E+03  2.4179E+14  2.4279E+14  1.5161E+15  1.6014E-01
  2.7652E+03  2.4183E+14  2.4283E+14  1.5163E+15  1.6015E-01
  2.7656E+03  2.4187E+14  2.4286E+14  1.5164E+15  1.6015E-01
  2.7660E+03  2.4191E+14  2.4290E+14  1.5166E+15  1.6016E-01
  2.7663E+03  2.4194E+14  2.4294E+14  1.5167E+15  1.6017E-01
  2.7667E+03  2.4198E+14  2.4298E+14  1.5169E+15  1.6018E-01
  2.7671E+03  2.4202E+14  2.4302E+14  1.5170E+15  1.6019E-01
  2.7675E+03  2.4206E+14  2.4305E+14  1.5172E+15  1.6020E-01
  2.7678E+03  2.4210E+14  2.4309E+14  1.5173E+15  1.6021E-01
  2.7682E+03  2.4213E+14  2.4313E+14  1.5175E+15  1.6022E-01
  2.7686E+03  2.4217E+14  2.4317E+14  1.5177E+15  1.6023E-01
  2.7690E+03  2.4221E+14  2.4321E+14  1.5178E+15  1.6023E-01
  2.7693E+03  2.4225E+14  2.4324E+14  1.5180E+15  1.6024E-01
  2.7697E+03  2.4228E+14  2.4328E+14  1.5181E+15  1.6025E-01
  2.7701E+03  2.4232E+14  2.4332E+14  1.5183E+15  1.6026E-01
  2.7705E+03  2.4236E+14  2.4336E+14  1.5184E+15  1.6027E-01
  2.7708E+03  2.4240E+14  2.4339E+14  1.5186E+15  1.6028E-01
  2.7712E+03  2.4244E+14  2.4343E+14  1.5187E+15  1.6029E-01
  2.7716E+03  2.4247E+14  2.4347E+14  1.5189E+15  1.6030E-01
  2.7720E+03  2.4251E+14  2.4351E+14  1.5190E+15  1.6031E-01
  2.7723E+03  2.4255E+14  2.4355E+14  1.5192E+15  1.6032E-01
  2.7727E+03  2.4259E+14  2.4358E+14  1.5193E+15  1.6032E-01
  2.7731E+03  2.4263E+14  2.4362E+14  1.5195E+15  1.6033E-01
  2.7735E+03  2.4266E+14  2.4366E+14  1.5196E+15  1.6034E-01
  2.7738E+03  2.4270E+14  2.4370E+14  1.5198E+15  1.6035E-01
  2.7742E+03  2.4274E+14  2.4373E+14  1.5199E+15  1.6036E-01
  2.7746E+03  2.4278E+14  2.4377E+14  1.5201E+15  1.6037E-01
  2.7750E+03  2.4281E+14  2.4381E+14  1.5202E+15  1.6038E-01
  2.7753E+03  2.4285E+14  2.4385E+14  1.5204E+15  1.6039E-01
  2.7757E+03  2.4289E+14  2.4389E+14  1.5205E+15  1.6040E-01
  2.7761E+03  2.4293E+14  2.4392E+14  1.5207E+15  1.6040E-01
  2.7765E+03  2.4297E+14  2.4396E+14  1.5208E+15  1.6041E-01
  2.7768E+03  2.4300E+14  2.4400E+14  1.5210E+15  1.6042E-01
  2.7772E+03  2.4304E+14  2.4404E+14  1.5211E+15  1.6043E-01
  2.7776E+03  2.4308E+14  2.4408E+14  1.5213E+15  1.6044E-01
  2.7780E+03  2.4312E+14  2.4411E+14  1.5214E+15  1.6045E-01
  2.7783E+03  2.4315E+14  2.4415E+14  1.5216E+15  1.6046E-01
  2.7787E+03  2.4319E+14  2.4419E+14  1.5217E+15  1.6047E-01
  2.7791E+03  2.4323E+14  2.4423E+14  1.5219E+15  1.6048E-01
  2.7795E+03  2.4327E+14  2.4427E+14  1.5220E+15  1.6048E-01
  2.7798E+03  2.4331E+14  2.4430E+14  1.5222E+15  1.6049E-01
  2.7802E+03  2.4334E+14  2.4434E+14  1.5224E+15  1.6050E-01
  2.7806E+03  2.4338E+14  2.4438E+14  1.5225E+15  1.6051E-01
  2.7810E+03  2.4342E+14  2.4442E+14  1.5227E+15  1.6052E-01
  2.7813E+03  2.4346E+14  2.4445E+14  1.5228E+15  1.6053E-01
  2.7817E+03  2.4350E+14  2.4449E+14  1.5230E+15  1.6054E-01
  2.7821E+03  2.4353E+14  2.4453E+14  1.5231E+15  1.6055E-01
  2.7825E+03  2.4357E+14  2.4457E+14  1.5233E+15  1.6056E-01
  2.7828E+03  2.4361E+14  2.4461E+14  1.5234E+15  1.6056E-01
  2.7832E+03  2.4365E+14  2.4464E+14  1.5236E+15  1.6057E-01
  2.7836E+03  2.4369E+14  2.4468E+14  1.5237E+15  1.6058E-01
  2.7840E+03  2.4372E+14  2.4472E+14  1.5239E+15  1.6059E-01
  2.7843E+03  2.4376E+14  2.4476E+14  1.5240E+15  1.6060E-01
  2.7847E+03  2.4380E+14  2.4480E+14  1.5242E+15  1.6061E-01
  2.7851E+03  2.4384E+14  2.4483E+14  1.5243E+15  1.6062E-01
  2.7855E+03  2.4387E+14  2.4487E+14  1.5245E+15  1.6063E-01
  2.7858E+03  2.4391E+14  2.4491E+14  1.5246E+15  1.6064E-01
  2.7862E+03  2.4395E+14  2.4495E+14  1.5248E+15  1.6064E-01
  2.7866E+03  2.4399E+14  2.4498E+14  1.5249E+15  1.6065E-01
  2.7870E+03  2.4403E+14  2.4502E+14  1.5251E+15  1.6066E-01
  2.7873E+03  2.4406E+14  2.4506E+14  1.5252E+15  1.6067E-01
  2.7877E+03  2.4410E+14  2.4510E+14  1.5254E+15  1.6068E-01
  2.7881E+03  2.4414E+14  2.4514E+14  1.5255E+15  1.6069E-01
  2.7885E+03  2.4418E+14  2.4517E+14  1.5257E+15  1.6070E-01
  2.7888E+03  2.4422E+14  2.4521E+14  1.5258E+15  1.6071E-01
  2.7892E+03  2.4425E+14  2.4525E+14  1.5260E+15  1.6072E-01
  2.7896E+03  2.4429E+14  2.4529E+14  1.5261E+15  1.6072E-01
  2.7900E+03  2.4433E+14  2.4533E+14  1.5263E+15  1.6073E-01
  2.7903E+03  2.4437E+14  2.4536E+14  1.5264E+15  1.6074E-01
  2.7907E+03  2.4441E+14  2.4540E+14  1.5266E+15  1.6075E-01
  2.7911E+03  2.4444E+14  2.4544E+14  1.5267E+15  1.6076E-01
  2.7915E+03  2.4448E+14  2.4548E+14  1.5269E+15  1.6077E-01
  2.7918E+03  2.4452E+14  2.4552E+14  1.5270E+15  1.6078E-01
  2.7922E+03  2.4456E+14  2.4555E+14  1.5272E+15  1.6079E-01
  2.7926E+03  2.4460E+14  2.4559E+14  1.5273E+15  1.6080E-01
  2.7930E+03  2.4463E+14  2.4563E+14  1.5275E+15  1.6081E-01
  2.7933E+03  2.4467E+14  2.4567E+14  1.5276E+15  1.6081E-01
  2.7937E+03  2.4471E+14  2.4571E+14  1.5278E+15  1.6082E-01
  2.7941E+03  2.4475E+14  2.4574E+14  1.5279E+15  1.6083E-01
  2.7945E+03  2.4478E+14  2.4578E+14  1.5281E+15  1.6084E-01
  2.7948E+03  2.4482E+14  2.4582E+14  1.5283E+15  1.6085E-01
  2.7952E+03  2.4486E+14  2.4586E+14  1.5284E+15  1.6086E-01
  2.7956E+03  2.4490E+14  2.4590E+14  1.5286E+15  1.6087E-01
  2.7960E+03  2.4494E+14  2.4593E+14  1.5287E+15  1.6088E-01
  2.7963E+03  2.4497E+14  2.4597E+14  1.5289E+15  1.6089E-01
  2.7967E+03  2.4501E+14  2.4601E+14  1.5290E+15  1.6089E-01
  2.7971E+03  2.4505E+14  2.4605E+14  1.5292E+15  1.6090E-01
  2.7975E+03  2.4509E+14  2.4608E+14  1.5293E+15  1.6091E-01
  2.7978E+03  2.4513E+14  2.4612E+14  1.5295E+15  1.6092E-01
  2.7982E+03  2.4516E+14  2.4616E+14  1.5296E+15  1.6093E-01
  2.7986E+03  2.4520E+14  2.4620E+14  1.5298E+15  1.6094E-01
  2.7990E+03  2.4524E+14  2.4624E+14  1.5299E+15  1.6095E-01
  2.7993E+03  2.4528E+14  2.4627E+14  1.5301E+15  1.6096E-01
  2.7997E+03  2.4532E+14  2.4631E+14  1.5302E+15  1.6097E-01
  2.8001E+03  2.4535E+14  2.4635E+14  1.5304E+15  1.6097E-01
  2.8005E+03  2.4539E+14  2.4639E+14  1.5305E+15  1.6098E-01
  2.8009E+03  2.4543E+14  2.4643E+14  1.5307E+15  1.6099E-01
  2.8012E+03  2.4547E+14  2.4646E+14  1.5308E+15  1.6100E-01
  2.8016E+03  2.4551E+14  2.4650E+14  1.5310E+15  1.6101E-01
  2.8020E+03  2.4554E+14  2.4654E+14  1.5311E+15  1.6102E-01
  2.8024E+03  2.4558E+14  2.4658E+14  1.5313E+15  1.6103E-01
  2.8027E+03  2.4562E+14  2.4662E+14  1.5314E+15  1.6104E-01
  2.8031E+03  2.4566E+14  2.4665E+14  1.5316E+15  1.6105E-01
  2.8035E+03  2.4570E+14  2.4669E+14  1.5317E+15  1.6106E-01
  2.8039E+03  2.4573E+14  2.4673E+14  1.5319E+15  1.6106E-01
  2.8042E+03  2.4577E+14  2.4677E+14  1.5320E+15  1.6107E-01
  2.8046E+03  2.4581E+14  2.4681E+14  1.5322E+15  1.6108E-01
  2.8050E+03  2.4585E+14  2.4684E+14  1.5323E+15  1.6109E-01
  2.8054E+03  2.4589E+14  2.4688E+14  1.5325E+15  1.6110E-01
  2.8057E+03  2.4592E+14  2.4692E+14  1.5326E+15  1.6111E-01
  2.8061E+03  2.4596E+14  2.4696E+14  1.5328E+15  1.6112E-01
  2.8065E+03  2.4600E+14  2.4700E+14  1.5329E+15  1.6113E-01
  2.8069E+03  2.4604E+14  2.4703E+14  1.5331E+15  1.6114E-01
  2.8072E+03  2.4608E+14  2.4707E+14  1.5332E+15  1.6114E-01
  2.8076E+03  2.4611E+14  2.4711E+14  1.5334E+15  1.6115E-01
  2.8080E+03  2.4615E+14  2.4715E+14  1.5335E+15  1.6116E-01
  2.8084E+03  2.4619E+14  2.4719E+14  1.5337E+15  1.6117E-01
  2.8087E+03  2.4623E+14  2.4722E+14  1.5338E+15  1.6118E-01
  2.8091E+03  2.4627E+14  2.4726E+14  1.5340E+15  1.6119E-01
  2.8095E+03  2.4630E+14  2.4730E+14  1.5341E+15  1.6120E-01
  2.8099E+03  2.4634E+14  2.4734E+14  1.5343E+15  1.6121E-01
  2.8102E+03  2.4638E+14  2.4738E+14  1.5344E+15  1.6122E-01
  2.8106E+03  2.4642E+14  2.4741E+14  1.5346E+15  1.6123E-01
  2.8110E+03  2.4646E+14  2.4745E+14  1.5347E+15  1.6123E-01
  2.8114E+03  2.4649E+14  2.4749E+14  1.5349E+15  1.6124E-01
  2.8117E+03  2.4653E+14  2.4753E+14  1.5350E+15  1.6125E-01
  2.8121E+03  2.4657E+14  2.4757E+14  1.5352E+15  1.6126E-01
  2.8125E+03  2.4661E+14  2.4760E+14  1.5353E+15  1.6127E-01
  2.8129E+03  2.4665E+14  2.4764E+14  1.5355E+15  1.6128E-01
  2.8132E+03  2.4668E+14  2.4768E+14  1.5356E+15  1.6129E-01
  2.8136E+03  2.4672E+14  2.4772E+14  1.5358E+15  1.6130E-01
  2.8140E+03  2.4676E+14  2.4776E+14  1.5359E+15  1.6131E-01
  2.8144E+03  2.4680E+14  2.4779E+14  1.5361E+15  1.6131E-01
  2.8147E+03  2.4684E+14  2.4783E+14  1.5362E+15  1.6132E-01
  2.8151E+03  2.4687E+14  2.4787E+14  1.5364E+15  1.6133E-01
  2.8155E+03  2.4691E+14  2.4791E+14  1.5365E+15  1.6134E-01
  2.8159E+03  2.4695E+14  2.4795E+14  1.5367E+15  1.6135E-01
  2.8162E+03  2.4699E+14  2.4798E+14  1.5368E+15  1.6136E-01
  2.8166E+03  2.4703E+14  2.4802E+14  1.5370E+15  1.6137E-01
  2.8170E+03  2.4706E+14  2.4806E+14  1.5372E+15  1.6138E-01
  2.8174E+03  2.4710E+14  2.4810E+14  1.5373E+15  1.6139E-01
  2.8177E+03  2.4714E+14  2.4814E+14  1.5375E+15  1.6139E-01
  2.8181E+03  2.4718E+14  2.4817E+14  1.5376E+15  1.6140E-01
  2.8185E+03  2.4722E+14  2.4821E+14  1.5378E+15  1.6141E-01
  2.8189E+03  2.4725E+14  2.4825E+14  1.5379E+15  1.6142E-01
  2.8192E+03  2.4729E+14  2.4829E+14  1.5381E+15  1.6143E-01
  2.8196E+03  2.4733E+14  2.4833E+14  1.5382E+15  1.6144E-01
  2.8200E+03  2.4737E+14  2.4837E+14  1.5384E+15  1.6145E-01
  2.8204E+03  2.4741E+14  2.4840E+14  1.5385E+15  1.6146E-01
  2.8207E+03  2.4744E+14  2.4844E+14  1.5387E+15  1.6147E-01
  2.8211E+03  2.4748E+14  2.4848E+14  1.5388E+15  1.6148E-01
  2.8215E+03  2.4752E+14  2.4852E+14  1.5390E+15  1.6148E-01
  2.8219E+03  2.4756E+14  2.4856E+14  1.5391E+15  1.6149E-01
  2.8222E+03  2.4760E+14  2.4859E+14  1.5393E+15  1.6150E-01
  2.8226E+03  2.4764E+14  2.4863E+14  1.5394E+15  1.6151E-01
  2.8230E+03  2.4767E+14  2.4867E+14  1.5396E+15  1.6152E-01
  2.8234E+03  2.4771E+14  2.4871E+14  1.5397E+15  1.6153E-01
  2.8237E+03  2.4775E+14  2.4875E+14  1.5399E+15  1.6154E-01
  2.8241E+03  2.4779E+14  2.4878E+14  1.5400E+15  1.6155E-01
  2.8245E+03  2.4783E+14  2.4882E+14  1.5402E+15  1.6156E-01
  2.8249E+03  2.4786E+14  2.4886E+14  1.5403E+15  1.6156E-01
  2.8252E+03  2.4790E+14  2.4890E+14  1.5405E+15  1.6157E-01
  2.8256E+03  2.4794E+14  2.4894E+14  1.5406E+15  1.6158E-01
  2.8260E+03  2.4798E+14  2.4897E+14  1.5408E+15  1.6159E-01
  2.8264E+03  2.4802E+14  2.4901E+14  1.5409E+15  1.6160E-01
  2.8267E+03  2.4805E+14  2.4905E+14  1.5411E+15  1.6161E-01
  2.8271E+03  2.4809E+14  2.4909E+14  1.5412E+15  1.6162E-01
  2.8275E+03  2.4813E+14  2.4913E+14  1.5414E+15  1.6163E-01
  2.8279E+03  2.4817E+14  2.4916E+14  1.5415E+15  1.6164E-01
  2.8282E+03  2.4821E+14  2.4920E+14  1.5417E+15  1.6165E-01
  2.8286E+03  2.4824E+14  2.4924E+14  1.5418E+15  1.6165E-01
  2.8290E+03  2.4828E+14  2.4928E+14  1.5420E+15  1.6166E-01
  2.8294E+03  2.4832E+14  2.4932E+14  1.5421E+15  1.6167E-01
  2.8297E+03  2.4836E+14  2.4936E+14  1.5423E+15  1.6168E-01
  2.8301E+03  2.4840E+14  2.4939E+14  1.5424E+15  1.6169E-01
  2.8305E+03  2.4843E+14  2.4943E+14  1.5426E+15  1.6170E-01
  2.8309E+03  2.4847E+14  2.4947E+14  1.5427E+15  1.6171E-01
  2.8312E+03  2.4851E+14  2.4951E+14  1.5429E+15  1.6172E-01
  2.8316E+03  2.4855E+14  2.4955E+14  1.5430E+15  1.6173E-01
  2.8320E+03  2.4859E+14  2.4958E+14  1.5432E+15  1.6174E-01
  2.8324E+03  2.4863E+14  2.4962E+14  1.5433E+15  1.6174E-01
  2.8327E+03  2.4866E+14  2.4966E+14  1.5435E+15  1.6175E-01
  2.8331E+03  2.4870E+14  2.4970E+14  1.5436E+15  1.6176E-01
  2.8335E+03  2.4874E+14  2.4974E+14  1.5438E+15  1.6177E-01
  2.8339E+03  2.4878E+14  2.4977E+14  1.5439E+15  1.6178E-01
  2.8342E+03  2.4882E+14  2.4981E+14  1.5441E+15  1.6179E-01
  2.8346E+03  2.4885E+14  2.4985E+14  1.5442E+15  1.6180E-01
  2.8350E+03  2.4889E+14  2.4989E+14  1.5444E+15  1.6181E-01
  2.8354E+03  2.4893E+14  2.4993E+14  1.5445E+15  1.6182E-01
  2.8357E+03  2.4897E+14  2.4996E+14  1.5447E+15  1.6182E-01
  2.8361E+03  2.4901E+14  2.5000E+14  1.5448E+15  1.6183E-01
  2.8365E+03  2.4904E+14  2.5004E+14  1.5450E+15  1.6184E-01
  2.8369E+03  2.4908E+14  2.5008E+14  1.5451E+15  1.6185E-01
  2.8372E+03  2.4912E+14  2.5012E+14  1.5453E+15  1.6186E-01
  2.8376E+03  2.4916E+14  2.5016E+14  1.5454E+15  1.6187E-01
  2.8380E+03  2.4920E+14  2.5019E+14  1.5456E+15  1.6188E-01
  2.8384E+03  2.4924E+14  2.5023E+14  1.5457E+15  1.6189E-01
  2.8387E+03  2.4927E+14  2.5027E+14  1.5459E+15  1.6190E-01
  2.8391E+03  2.4931E+14  2.5031E+14  1.5460E+15  1.6191E-01
  2.8395E+03  2.4935E+14  2.5035E+14  1.5462E+15  1.6191E-01
  2.8399E+03  2.4939E+14  2.5038E+14  1.5463E+15  1.6192E-01
  2.8402E+03  2.4943E+14  2.5042E+14  1.5465E+15  1.6193E-01
  2.8406E+03  2.4946E+14  2.5046E+14  1.5466E+15  1.6194E-01
  2.8410E+03  2.4950E+14  2.5050E+14  1.5468E+15  1.6195E-01
  2.8414E+03  2.4954E+14  2.5054E+14  1.5469E+15  1.6196E-01
  2.8417E+03  2.4958E+14  2.5058E+14  1.5471E+15  1.6197E-01
  2.8421E+03  2.4962E+14  2.5061E+14  1.5472E+15  1.6198E-01
  2.8425E+03  2.4966E+14  2.5065E+14  1.5474E+15  1.6199E-01
  2.8429E+03  2.4969E+14  2.5069E+14  1.5475E+15  1.6199E-01
  2.8432E+03  2.4973E+14  2.5073E+14  1.5477E+15  1.6200E-01
  2.8436E+03  2.4977E+14  2.5077E+14  1.5478E+15  1.6201E-01
  2.8440E+03  2.4981E+14  2.5080E+14  1.5480E+15  1.6202E-01
  2.8444E+03  2.4985E+14  2.5084E+14  1.5481E+15  1.6203E-01
  2.8447E+03  2.4988E+14  2.5088E+14  1.5483E+15  1.6204E-01
  2.8451E+03  2.4992E+14  2.5092E+14  1.5484E+15  1.6205E-01
  2.8455E+03  2.4996E+14  2.5096E+14  1.5486E+15  1.6206E-01
  2.8459E+03  2.5000E+14  2.5100E+14  1.5487E+15  1.6207E-01
  2.8462E+03  2.5004E+14  2.5103E+14  1.5489E+15  1.6208E-01
  2.8466E+03  2.5007E+14  2.5107E+14  1.5490E+15  1.6208E-01
  2.8470E+03  2.5011E+14  2.5111E+14  1.5492E+15  1.6209E-01
  2.8474E+03  2.5015E+14  2.5115E+14  1.5493E+15  1.6210E-01
  2.8477E+03  2.5019E+14  2.5119E+14  1.5495E+15  1.6211E-01
  2.8481E+03  2.5023E+14  2.5122E+14  1.5496E+15  1.6212E-01
  2.8485E+03  2.5027E+14  2.5126E+14  1.5498E+15  1.6213E-01
  2.8489E+03  2.5030E+14  2.5130E+14  1.5499E+15  1.6214E-01
  2.8492E+03  2.5034E+14  2.5134E+14  1.5501E+15  1.6215E-01
  2.8496E+03  2.5038E+14  2.5138E+14  1.5502E+15  1.6216E-01
  2.8500E+03  2.5042E+14  2.5142E+14  1.5504E+15  1.6217E-01
  2.8504E+03  2.5046E+14  2.5145E+14  1.5505E+15  1.6217E-01
  2.8507E+03  2.5049E+14  2.5149E+14  1.5507E+15  1.6218E-01
  2.8511E+03  2.5053E+14  2.5153E+14  1.5508E+15  1.6219E-01
  2.8515E+03  2.5057E+14  2.5157E+14  1.5510E+15  1.6220E-01
  2.8519E+03  2.5061E+14  2.5161E+14  1.5511E+15  1.6221E-01
  2.8522E+03  2.5065E+14  2.5164E+14  1.5513E+15  1.6222E-01
  2.8526E+03  2.5069E+14  2.5168E+14  1.5514E+15  1.6223E-01
  2.8530E+03  2.5072E+14  2.5172E+14  1.5516E+15  1.6224E-01
  2.8534E+03  2.5076E+14  2.5176E+14  1.5517E+15  1.6225E-01
  2.8537E+03  2.5080E+14  2.5180E+14  1.5519E+15  1.6226E-01
  2.8541E+03  2.5084E+14  2.5184E+14  1.5520E+15  1.6226E-01
  2.8545E+03  2.5088E+14  2.5187E+14  1.5522E+15  1.6227E-01
  2.8549E+03  2.5092E+14  2.5191E+14  1.5523E+15  1.6228E-01
  2.8552E+03  2.5095E+14  2.5195E+14  1.5525E+15  1.6229E-01
  2.8556E+03  2.5099E+14  2.5199E+14  1.5526E+15  1.6230E-01
  2.8560E+03  2.5103E+14  2.5203E+14  1.5528E+15  1.6231E-01
  2.8564E+03  2.5107E+14  2.5206E+14  1.5529E+15  1.6232E-01
  2.8567E+03  2.5111E+14  2.5210E+14  1.5531E+15  1.6233E-01
  2.8571E+03  2.5114E+14  2.5214E+14  1.5532E+15  1.6234E-01
  2.8575E+03  2.5118E+14  2.5218E+14  1.5534E+15  1.6234E-01
  2.8579E+03  2.5122E+14  2.5222E+14  1.5535E+15  1.6235E-01
  2.8582E+03  2.5126E+14  2.5226E+14  1.5537E+15  1.6236E-01
  2.8586E+03  2.5130E+14  2.5229E+14  1.5538E+15  1.6237E-01
  2.8590E+03  2.5134E+14  2.5233E+14  1.5540E+15  1.6238E-01
  2.8594E+03  2.5137E+14  2.5237E+14  1.5541E+15  1.6239E-01
  2.8597E+03  2.5141E+14  2.5241E+14  1.5543E+15  1.6240E-01
  2.8601E+03  2.5145E+14  2.5245E+14  1.5544E+15  1.6241E-01
  2.8605E+03  2.5149E+14  2.5249E+14  1.5546E+15  1.6242E-01
  2.8609E+03  2.5153E+14  2.5252E+14  1.5547E+15  1.6243E-01
  2.8612E+03  2.5157E+14  2.5256E+14  1.5549E+15  1.6243E-01
  2.8616E+03  2.5160E+14  2.5260E+14  1.5550E+15  1.6244E-01
  2.8620E+03  2.5164E+14  2.5264E+14  1.5551E+15  1.6245E-01
  2.8624E+03  2.5168E+14  2.5268E+14  1.5553E+15  1.6246E-01
  2.8627E+03  2.5172E+14  2.5271E+14  1.5554E+15  1.6247E-01
  2.8631E+03  2.5176E+14  2.5275E+14  1.5556E+15  1.6248E-01
  2.8635E+03  2.5179E+14  2.5279E+14  1.5557E+15  1.6249E-01
  2.8639E+03  2.5183E+14  2.5283E+14  1.5559E+15  1.6250E-01
  2.8642E+03  2.5187E+14  2.5287E+14  1.5560E+15  1.6251E-01
  2.8646E+03  2.5191E+14  2.5291E+14  1.5562E+15  1.6252E-01
  2.8650E+03  2.5195E+14  2.5294E+14  1.5563E+15  1.6252E-01
  2.8654E+03  2.5199E+14  2.5298E+14  1.5565E+15  1.6253E-01
  2.8657E+03  2.5202E+14  2.5302E+14  1.5566E+15  1.6254E-01
  2.8661E+03  2.5206E+14  2.5306E+14  1.5568E+15  1.6255E-01
  2.8665E+03  2.5210E+14  2.5310E+14  1.5569E+15  1.6256E-01
  2.8669E+03  2.5214E+14  2.5314E+14  1.5571E+15  1.6257E-01
  2.8672E+03  2.5218E+14  2.5317E+14  1.5572E+15  1.6258E-01
  2.8676E+03  2.5222E+14  2.5321E+14  1.5574E+15  1.6259E-01
  2.8680E+03  2.5225E+14  2.5325E+14  1.5575E+15  1.6260E-01
  2.8684E+03  2.5229E+14  2.5329E+14  1.5577E+15  1.6261E-01
  2.8687E+03  2.5233E+14  2.5333E+14  1.5578E+15  1.6261E-01
  2.8691E+03  2.5237E+14  2.5337E+14  1.5580E+15  1.6262E-01
  2.8695E+03  2.5241E+14  2.5340E+14  1.5581E+15  1.6263E-01
  2.8699E+03  2.5245E+14  2.5344E+14  1.5583E+15  1.6264E-01
  2.8702E+03  2.5248E+14  2.5348E+14  1.5584E+15  1.6265E-01
  2.8706E+03  2.5252E+14  2.5352E+14  1.5586E+15  1.6266E-01
  2.8710E+03  2.5256E+14  2.5356E+14  1.5587E+15  1.6267E-01
  2.8714E+03  2.5260E+14  2.5359E+14  1.5589E+15  1.6268E-01
  2.8717E+03  2.5264E+14  2.5363E+14  1.5590E+15  1.6269E-01
  2.8721E+03  2.5267E+14  2.5367E+14  1.5592E+15  1.6270E-01
  2.8725E+03  2.5271E+14  2.5371E+14  1.5593E+15  1.6270E-01
  2.8729E+03  2.5275E+14  2.5375E+14  1.5595E+15  1.6271E-01
  2.8732E+03  2.5279E+14  2.5379E+14  1.5596E+15  1.6272E-01
  2.8736E+03  2.5283E+14  2.5382E+14  1.5598E+15  1.6273E-01
  2.8740E+03  2.5287E+14  2.5386E+14  1.5599E+15  1.6274E-01
  2.8744E+03  2.5290E+14  2.5390E+14  1.5601E+15  1.6275E-01
  2.8747E+03  2.5294E+14  2.5394E+14  1.5602E+15  1.6276E-01
  2.8751E+03  2.5298E+14  2.5398E+14  1.5604E+15  1.6277E-01
  2.8755E+03  2.5302E+14  2.5402E+14  1.5605E+15  1.6278E-01
  2.8759E+03  2.5306E+14  2.5405E+14  1.5607E+15  1.6279E-01
  2.8762E+03  2.5310E+14  2.5409E+14  1.5608E+15  1.6279E-01
  2.8766E+03  2.5313E+14  2.5413E+14  1.5610E+15  1.6280E-01
  2.8770E+03  2.5317E+14  2.5417E+14  1.5611E+15  1.6281E-01
  2.8774E+03  2.5321E+14  2.5421E+14  1.5613E+15  1.6282E-01
  2.8777E+03  2.5325E+14  2.5425E+14  1.5614E+15  1.6283E-01
  2.8781E+03  2.5329E+14  2.5428E+14  1.5616E+15  1.6284E-01
  2.8785E+03  2.5333E+14  2.5432E+14  1.5617E+15  1.6285E-01
  2.8789E+03  2.5336E+14  2.5436E+14  1.5619E+15  1.6286E-01
  2.8792E+03  2.5340E+14  2.5440E+14  1.5620E+15  1.6287E-01
  2.8796E+03  2.5344E+14  2.5444E+14  1.5622E+15  1.6288E-01
  2.8800E+03  2.5348E+14  2.5448E+14  1.5623E+15  1.6288E-01
  2.8804E+03  2.5352E+14  2.5451E+14  1.5625E+15  1.6289E-01
  2.8807E+03  2.5356E+14  2.5455E+14  1.5626E+15  1.6290E-01
  2.8811E+03  2.5359E+14  2.5459E+14  1.5628E+15  1.6291E-01
  2.8815E+03  2.5363E+14  2.5463E+14  1.5629E+15  1.6292E-01
  2.8819E+03  2.5367E+14  2.5467E+14  1.5631E+15  1.6293E-01
  2.8822E+03  2.5371E+14  2.5471E+14  1.5632E+15  1.6294E-01
  2.8826E+03  2.5375E+14  2.5474E+14  1.5634E+15  1.6295E-01
  2.8830E+03  2.5379E+14  2.5478E+14  1.5635E+15  1.6296E-01
  2.8834E+03  2.5382E+14  2.5482E+14  1.5637E+15  1.6297E-01
  2.8837E+03  2.5386E+14  2.5486E+14  1.5638E+15  1.6297E-01
  2.8841E+03  2.5390E+14  2.5490E+14  1.5640E+15  1.6298E-01
  2.8845E+03  2.5394E+14  2.5494E+14  1.5641E+15  1.6299E-01
  2.8849E+03  2.5398E+14  2.5497E+14  1.5642E+15  1.6300E-01
  2.8852E+03  2.5402E+14  2.5501E+14  1.5644E+15  1.6301E-01
  2.8856E+03  2.5405E+14  2.5505E+14  1.5645E+15  1.6302E-01
  2.8860E+03  2.5409E+14  2.5509E+14  1.5647E+15  1.6303E-01
  2.8864E+03  2.5413E+14  2.5513E+14  1.5648E+15  1.6304E-01
  2.8867E+03  2.5417E+14  2.5517E+14  1.5650E+15  1.6305E-01
  2.8871E+03  2.5421E+14  2.5520E+14  1.5651E+15  1.6306E-01
  2.8875E+03  2.5425E+14  2.5524E+14  1.5653E+15  1.6306E-01
  2.8879E+03  2.5428E+14  2.5528E+14  1.5654E+15  1.6307E-01
  2.8882E+03  2.5432E+14  2.5532E+14  1.5656E+15  1.6308E-01
  2.8886E+03  2.5436E+14  2.5536E+14  1.5657E+15  1.6309E-01
  2.8890E+03  2.5440E+14  2.5540E+14  1.5659E+15  1.6310E-01
  2.8894E+03  2.5444E+14  2.5543E+14  1.5660E+15  1.6311E-01
  2.8897E+03  2.5448E+14  2.5547E+14  1.5662E+15  1.6312E-01
  2.8901E+03  2.5452E+14  2.5551E+14  1.5663E+15  1.6313E-01
  2.8905E+03  2.5455E+14  2.5555E+14  1.5665E+15  1.6314E-01
  2.8909E+03  2.5459E+14  2.5559E+14  1.5666E+15  1.6315E-01
  2.8912E+03  2.5463E+14  2.5563E+14  1.5668E+15  1.6315E-01
  2.8916E+03  2.5467E+14  2.5567E+14  1.5669E+15  1.6316E-01
  2.8920E+03  2.5471E+14  2.5570E+14  1.5671E+15  1.6317E-01
  2.8924E+03  2.5475E+14  2.5574E+14  1.5672E+15  1.6318E-01
  2.8927E+03  2.5478E+14  2.5578E+14  1.5674E+15  1.6319E-01
  2.8931E+03  2.5482E+14  2.5582E+14  1.5675E+15  1.6320E-01
  2.8935E+03  2.5486E+14  2.5586E+14  1.5677E+15  1.6321E-01
  2.8939E+03  2.5490E+14  2.5590E+14  1.5678E+15  1.6322E-01
  2.8942E+03  2.5494E+14  2.5593E+14  1.5680E+15  1.6323E-01
  2.8946E+03  2.5498E+14  2.5597E+14  1.5681E+15  1.6324E-01
  2.8950E+03  2.5501E+14  2.5601E+14  1.5683E+15  1.6324E-01
  2.8954E+03  2.5505E+14  2.5605E+14  1.5684E+15  1.6325E-01
  2.8957E+03  2.5509E+14  2.5609E+14  1.5686E+15  1.6326E-01
  2.8961E+03  2.5513E+14  2.5613E+14  1.5687E+15  1.6327E-01
  2.8965E+03  2.5517E+14  2.5616E+14  1.5689E+15  1.6328E-01
  2.8969E+03  2.5521E+14  2.5620E+14  1.5690E+15  1.6329E-01
  2.8972E+03  2.5524E+14  2.5624E+14  1.5692E+15  1.6330E-01
  2.8976E+03  2.5528E+14  2.5628E+14  1.5693E+15  1.6331E-01
  2.8980E+03  2.5532E+14  2.5632E+14  1.5695E+15  1.6332E-01
  2.8984E+03  2.5536E+14  2.5636E+14  1.5696E+15  1.6333E-01
  2.8987E+03  2.5540E+14  2.5639E+14  1.5698E+15  1.6333E-01
  2.8991E+03  2.5544E+14  2.5643E+14  1.5699E+15  1.6334E-01
  2.8995E+03  2.5548E+14  2.5647E+14  1.5700E+15  1.6335E-01
  2.8999E+03  2.5551E+14  2.5651E+14  1.5702E+15  1.6336E-01
  2.9002E+03  2.5555E+14  2.5655E+14  1.5703E+15  1.6337E-01
  2.9006E+03  2.5559E+14  2.5659E+14  1.5705E+15  1.6338E-01
  2.9010E+03  2.5563E+14  2.5663E+14  1.5706E+15  1.6339E-01
  2.9014E+03  2.5567E+14  2.5666E+14  1.5708E+15  1.6340E-01
  2.9017E+03  2.5571E+14  2.5670E+14  1.5709E+15  1.6341E-01
  2.9021E+03  2.5574E+14  2.5674E+14  1.5711E+15  1.6342E-01
  2.9025E+03  2.5578E+14  2.5678E+14  1.5712E+15  1.6342E-01
  2.9029E+03  2.5582E+14  2.5682E+14  1.5714E+15  1.6343E-01
  2.9032E+03  2.5586E+14  2.5686E+14  1.5715E+15  1.6344E-01
  2.9036E+03  2.5590E+14  2.5689E+14  1.5717E+15  1.6345E-01
  2.9040E+03  2.5594E+14  2.5693E+14  1.5718E+15  1.6346E-01
  2.9044E+03  2.5597E+14  2.5697E+14  1.5720E+15  1.6347E-01
  2.9047E+03  2.5601E+14  2.5701E+14  1.5721E+15  1.6348E-01
  2.9051E+03  2.5605E+14  2.5705E+14  1.5723E+15  1.6349E-01
  2.9055E+03  2.5609E+14  2.5709E+14  1.5724E+15  1.6350E-01
  2.9059E+03  2.5613E+14  2.5713E+14  1.5726E+15  1.6351E-01
  2.9062E+03  2.5617E+14  2.5716E+14  1.5727E+15  1.6351E-01
  2.9066E+03  2.5621E+14  2.5720E+14  1.5729E+15  1.6352E-01
  2.9070E+03  2.5624E+14  2.5724E+14  1.5730E+15  1.6353E-01
  2.9074E+03  2.5628E+14  2.5728E+14  1.5732E+15  1.6354E-01
  2.9077E+03  2.5632E+14  2.5732E+14  1.5733E+15  1.6355E-01
  2.9081E+03  2.5636E+14  2.5736E+14  1.5735E+15  1.6356E-01
  2.9085E+03  2.5640E+14  2.5739E+14  1.5736E+15  1.6357E-01
  2.9089E+03  2.5644E+14  2.5743E+14  1.5738E+15  1.6358E-01
  2.9092E+03  2.5647E+14  2.5747E+14  1.5739E+15  1.6359E-01
  2.9096E+03  2.5651E+14  2.5751E+14  1.5741E+15  1.6360E-01
  2.9100E+03  2.5655E+14  2.5755E+14  1.5742E+15  1.6361E-01
  2.9104E+03  2.5659E+14  2.5759E+14  1.5744E+15  1.6361E-01
  2.9107E+03  2.5663E+14  2.5763E+14  1.5745E+15  1.6362E-01
  2.9111E+03  2.5667E+14  2.5766E+14  1.5747E+15  1.6363E-01
  2.9115E+03  2.5671E+14  2.5770E+14  1.5748E+15  1.6364E-01
  2.9119E+03  2.5674E+14  2.5774E+14  1.5749E+15  1.6365E-01
  2.9122E+03  2.5678E+14  2.5778E+14  1.5751E+15  1.6366E-01
  2.9126E+03  2.5682E+14  2.5782E+14  1.5752E+15  1.6367E-01
  2.9130E+03  2.5686E+14  2.5786E+14  1.5754E+15  1.6368E-01
  2.9134E+03  2.5690E+14  2.5789E+14  1.5755E+15  1.6369E-01
  2.9137E+03  2.5694E+14  2.5793E+14  1.5757E+15  1.6370E-01
  2.9141E+03  2.5697E+14  2.5797E+14  1.5758E+15  1.6370E-01
  2.9145E+03  2.5701E+14  2.5801E+14  1.5760E+15  1.6371E-01
  2.9149E+03  2.5705E+14  2.5805E+14  1.5761E+15  1.6372E-01
  2.9152E+03  2.5709E+14  2.5809E+14  1.5763E+15  1.6373E-01
  2.9156E+03  2.5713E+14  2.5813E+14  1.5764E+15  1.6374E-01
  2.9160E+03  2.5717E+14  2.5816E+14  1.5766E+15  1.6375E-01
  2.9164E+03  2.5721E+14  2.5820E+14  1.5767E+15  1.6376E-01
  2.9167E+03  2.5724E+14  2.5824E+14  1.5769E+15  1.6377E-01
  2.9171E+03  2.5728E+14  2.5828E+14  1.5770E+15  1.6378E-01
  2.9175E+03  2.5732E+14  2.5832E+14  1.5772E+15  1.6379E-01
  2.9179E+03  2.5736E+14  2.5836E+14  1.5773E+15  1.6379E-01
  2.9182E+03  2.5740E+14  2.5839E+14  1.5775E+15  1.6380E-01
  2.9186E+03  2.5744E+14  2.5843E+14  1.5776E+15  1.6381E-01
  2.9190E+03  2.5748E+14  2.5847E+14  1.5778E+15  1.6382E-01
  2.9194E+03  2.5751E+14  2.5851E+14  1.5779E+15  1.6383E-01
  2.9197E+03  2.5755E+14  2.5855E+14  1.5781E+15  1.6384E-01
  2.9201E+03  2.5759E+14  2.5859E+14  1.5782E+15  1.6385E-01
  2.9205E+03  2.5763E+14  2.5863E+14  1.5784E+15  1.6386E-01
  2.9209E+03  2.5767E+14  2.5866E+14  1.5785E+15  1.6387E-01
  2.9212E+03  2.5771E+14  2.5870E+14  1.5787E+15  1.6388E-01
  2.9216E+03  2.5775E+14  2.5874E+14  1.5788E+15  1.6389E-01
  2.9220E+03  2.5778E+14  2.5878E+14  1.5789E+15  1.6389E-01
  2.9224E+03  2.5782E+14  2.5882E+14  1.5791E+15  1.6390E-01
  2.9227E+03  2.5786E+14  2.5886E+14  1.5792E+15  1.6391E-01
  2.9231E+03  2.5790E+14  2.5890E+14  1.5794E+15  1.6392E-01
  2.9235E+03  2.5794E+14  2.5893E+14  1.5795E+15  1.6393E-01
  2.9239E+03  2.5798E+14  2.5897E+14  1.5797E+15  1.6394E-01
  2.9242E+03  2.5801E+14  2.5901E+14  1.5798E+15  1.6395E-01
  2.9246E+03  2.5805E+14  2.5905E+14  1.5800E+15  1.6396E-01
  2.9250E+03  2.5809E+14  2.5909E+14  1.5801E+15  1.6397E-01
  2.9254E+03  2.5813E+14  2.5913E+14  1.5803E+15  1.6398E-01
  2.9257E+03  2.5817E+14  2.5917E+14  1.5804E+15  1.6398E-01
  2.9261E+03  2.5821E+14  2.5920E+14  1.5806E+15  1.6399E-01
  2.9265E+03  2.5825E+14  2.5924E+14  1.5807E+15  1.6400E-01
  2.9269E+03  2.5828E+14  2.5928E+14  1.5809E+15  1.6401E-01
  2.9272E+03  2.5832E+14  2.5932E+14  1.5810E+15  1.6402E-01
  2.9276E+03  2.5836E+14  2.5936E+14  1.5812E+15  1.6403E-01
  2.9280E+03  2.5840E+14  2.5940E+14  1.5813E+15  1.6404E-01
  2.9284E+03  2.5844E+14  2.5944E+14  1.5815E+15  1.6405E-01
  2.9287E+03  2.5848E+14  2.5947E+14  1.5816E+15  1.6406E-01
  2.9291E+03  2.5852E+14  2.5951E+14  1.5818E+15  1.6407E-01
  2.9295E+03  2.5855E+14  2.5955E+14  1.5819E+15  1.6407E-01
  2.9299E+03  2.5859E+14  2.5959E+14  1.5821E+15  1.6408E-01
  2.9302E+03  2.5863E+14  2.5963E+14  1.5822E+15  1.6409E-01
  2.9306E+03  2.5867E+14  2.5967E+14  1.5824E+15  1.6410E-01
  2.9310E+03  2.5871E+14  2.5971E+14  1.5825E+15  1.6411E-01
  2.9314E+03  2.5875E+14  2.5974E+14  1.5826E+15  1.6412E-01
  2.9317E+03  2.5879E+14  2.5978E+14  1.5828E+15  1.6413E-01
  2.9321E+03  2.5882E+14  2.5982E+14  1.5829E+15  1.6414E-01
  2.9325E+03  2.5886E+14  2.5986E+14  1.5831E+15  1.6415E-01
  2.9329E+03  2.5890E+14  2.5990E+14  1.5832E+15  1.6416E-01
  2.9332E+03  2.5894E+14  2.5994E+14  1.5834E+15  1.6417E-01
  2.9336E+03  2.5898E+14  2.5998E+14  1.5835E+15  1.6417E-01
  2.9340E+03  2.5902E+14  2.6001E+14  1.5837E+15  1.6418E-01
  2.9344E+03  2.5906E+14  2.6005E+14  1.5838E+15  1.6419E-01
  2.9347E+03  2.5909E+14  2.6009E+14  1.5840E+15  1.6420E-01
  2.9351E+03  2.5913E+14  2.6013E+14  1.5841E+15  1.6421E-01
  2.9355E+03  2.5917E+14  2.6017E+14  1.5843E+15  1.6422E-01
  2.9359E+03  2.5921E+14  2.6021E+14  1.5844E+15  1.6423E-01
  2.9362E+03  2.5925E+14  2.6025E+14  1.5846E+15  1.6424E-01
  2.9366E+03  2.5929E+14  2.6028E+14  1.5847E+15  1.6425E-01
  2.9370E+03  2.5933E+14  2.6032E+14  1.5849E+15  1.6426E-01
  2.9374E+03  2.5936E+14  2.6036E+14  1.5850E+15  1.6426E-01
  2.9377E+03  2.5940E+14  2.6040E+14  1.5852E+15  1.6427E-01
  2.9381E+03  2.5944E+14  2.6044E+14  1.5853E+15  1.6428E-01
  2.9385E+03  2.5948E+14  2.6048E+14  1.5855E+15  1.6429E-01
  2.9389E+03  2.5952E+14  2.6052E+14  1.5856E+15  1.6430E-01
  2.9392E+03  2.5956E+14  2.6055E+14  1.5857E+15  1.6431E-01
  2.9396E+03  2.5960E+14  2.6059E+14  1.5859E+15  1.6432E-01
  2.9400E+03  2.5963E+14  2.6063E+14  1.5860E+15  1.6433E-01
  2.9404E+03  2.5967E+14  2.6067E+14  1.5862E+15  1.6434E-01
  2.9407E+03  2.5971E+14  2.6071E+14  1.5863E+15  1.6435E-01
  2.9411E+03  2.5975E+14  2.6075E+14  1.5865E+15  1.6436E-01
  2.9415E+03  2.5979E+14  2.6079E+14  1.5866E+15  1.6436E-01
  2.9419E+03  2.5983E+14  2.6082E+14  1.5868E+15  1.6437E-01
  2.9422E+03  2.5987E+14  2.6086E+14  1.5869E+15  1.6438E-01
  2.9426E+03  2.5991E+14  2.6090E+14  1.5871E+15  1.6439E-01
  2.9430E+03  2.5994E+14  2.6094E+14  1.5872E+15  1.6440E-01
  2.9434E+03  2.5998E+14  2.6098E+14  1.5874E+15  1.6441E-01
  2.9437E+03  2.6002E+14  2.6102E+14  1.5875E+15  1.6442E-01
  2.9441E+03  2.6006E+14  2.6106E+14  1.5877E+15  1.6443E-01
  2.9445E+03  2.6010E+14  2.6110E+14  1.5878E+15  1.6444E-01
  2.9449E+03  2.6014E+14  2.6113E+14  1.5880E+15  1.6445E-01
  2.9452E+03  2.6018E+14  2.6117E+14  1.5881E+15  1.6445E-01
  2.9456E+03  2.6021E+14  2.6121E+14  1.5883E+15  1.6446E-01
  2.9460E+03  2.6025E+14  2.6125E+14  1.5884E+15  1.6447E-01
  2.9464E+03  2.6029E+14  2.6129E+14  1.5886E+15  1.6448E-01
  2.9467E+03  2.6033E+14  2.6133E+14  1.5887E+15  1.6449E-01
  2.9471E+03  2.6037E+14  2.6137E+14  1.5888E+15  1.6450E-01
  2.9475E+03  2.6041E+14  2.6140E+14  1.5890E+15  1.6451E-01
  2.9479E+03  2.6045E+14  2.6144E+14  1.5891E+15  1.6452E-01
  2.9482E+03  2.6048E+14  2.6148E+14  1.5893E+15  1.6453E-01
  2.9486E+03  2.6052E+14  2.6152E+14  1.5894E+15  1.6454E-01
  2.9490E+03  2.6056E+14  2.6156E+14  1.5896E+15  1.6455E-01
  2.9494E+03  2.6060E+14  2.6160E+14  1.5897E+15  1.6455E-01
  2.9497E+03  2.6064E+14  2.6164E+14  1.5899E+15  1.6456E-01
  2.9501E+03  2.6068E+14  2.6167E+14  1.5900E+15  1.6457E-01
  2.9505E+03  2.6072E+14  2.6171E+14  1.5902E+15  1.6458E-01
  2.9509E+03  2.6076E+14  2.6175E+14  1.5903E+15  1.6459E-01
  2.9512E+03  2.6079E+14  2.6179E+14  1.5905E+15  1.6460E-01
  2.9516E+03  2.6083E+14  2.6183E+14  1.5906E+15  1.6461E-01
  2.9520E+03  2.6087E+14  2.6187E+14  1.5908E+15  1.6462E-01
  2.9524E+03  2.6091E+14  2.6191E+14  1.5909E+15  1.6463E-01
  2.9527E+03  2.6095E+14  2.6195E+14  1.5911E+15  1.6464E-01
  2.9531E+03  2.6099E+14  2.6198E+14  1.5912E+15  1.6465E-01
  2.9535E+03  2.6103E+14  2.6202E+14  1.5914E+15  1.6465E-01
  2.9539E+03  2.6106E+14  2.6206E+14  1.5915E+15  1.6466E-01
  2.9542E+03  2.6110E+14  2.6210E+14  1.5916E+15  1.6467E-01
  2.9546E+03  2.6114E+14  2.6214E+14  1.5918E+15  1.6468E-01
  2.9550E+03  2.6118E+14  2.6218E+14  1.5919E+15  1.6469E-01
  2.9554E+03  2.6122E+14  2.6222E+14  1.5921E+15  1.6470E-01
  2.9557E+03  2.6126E+14  2.6225E+14  1.5922E+15  1.6471E-01
  2.9561E+03  2.6130E+14  2.6229E+14  1.5924E+15  1.6472E-01
  2.9565E+03  2.6134E+14  2.6233E+14  1.5925E+15  1.6473E-01
  2.9569E+03  2.6137E+14  2.6237E+14  1.5927E+15  1.6474E-01
  2.9572E+03  2.6141E+14  2.6241E+14  1.5928E+15  1.6474E-01
  2.9576E+03  2.6145E+14  2.6245E+14  1.5930E+15  1.6475E-01
  2.9580E+03  2.6149E+14  2.6249E+14  1.5931E+15  1.6476E-01
  2.9584E+03  2.6153E+14  2.6253E+14  1.5933E+15  1.6477E-01
  2.9587E+03  2.6157E+14  2.6256E+14  1.5934E+15  1.6478E-01
  2.9591E+03  2.6161E+14  2.6260E+14  1.5936E+15  1.6479E-01
  2.9595E+03  2.6165E+14  2.6264E+14  1.5937E+15  1.6480E-01
  2.9599E+03  2.6168E+14  2.6268E+14  1.5939E+15  1.6481E-01
  2.9602E+03  2.6172E+14  2.6272E+14  1.5940E+15  1.6482E-01
  2.9606E+03  2.6176E+14  2.6276E+14  1.5942E+15  1.6483E-01
  2.9610E+03  2.6180E+14  2.6280E+14  1.5943E+15  1.6484E-01
  2.9614E+03  2.6184E+14  2.6284E+14  1.5944E+15  1.6484E-01
  2.9617E+03  2.6188E+14  2.6287E+14  1.5946E+15  1.6485E-01
  2.9621E+03  2.6192E+14  2.6291E+14  1.5947E+15  1.6486E-01
  2.9625E+03  2.6195E+14  2.6295E+14  1.5949E+15  1.6487E-01
  2.9629E+03  2.6199E+14  2.6299E+14  1.5950E+15  1.6488E-01
  2.9632E+03  2.6203E+14  2.6303E+14  1.5952E+15  1.6489E-01
  2.9636E+03  2.6207E+14  2.6307E+14  1.5953E+15  1.6490E-01
  2.9640E+03  2.6211E+14  2.6311E+14  1.5955E+15  1.6491E-01
  2.9644E+03  2.6215E+14  2.6315E+14  1.5956E+15  1.6492E-01
  2.9647E+03  2.6219E+14  2.6318E+14  1.5958E+15  1.6493E-01
  2.9651E+03  2.6223E+14  2.6322E+14  1.5959E+15  1.6494E-01
  2.9655E+03  2.6226E+14  2.6326E+14  1.5961E+15  1.6494E-01
  2.9659E+03  2.6230E+14  2.6330E+14  1.5962E+15  1.6495E-01
  2.9662E+03  2.6234E+14  2.6334E+14  1.5964E+15  1.6496E-01
  2.9666E+03  2.6238E+14  2.6338E+14  1.5965E+15  1.6497E-01
  2.9670E+03  2.6242E+14  2.6342E+14  1.5967E+15  1.6498E-01
  2.9674E+03  2.6246E+14  2.6346E+14  1.5968E+15  1.6499E-01
  2.9677E+03  2.6250E+14  2.6349E+14  1.5969E+15  1.6500E-01
  2.9681E+03  2.6254E+14  2.6353E+14  1.5971E+15  1.6501E-01
  2.9685E+03  2.6257E+14  2.6357E+14  1.5972E+15  1.6502E-01
  2.9689E+03  2.6261E+14  2.6361E+14  1.5974E+15  1.6503E-01
  2.9692E+03  2.6265E+14  2.6365E+14  1.5975E+15  1.6504E-01
  2.9696E+03  2.6269E+14  2.6369E+14  1.5977E+15  1.6504E-01
  2.9700E+03  2.6273E+14  2.6373E+14  1.5978E+15  1.6505E-01
  2.9704E+03  2.6277E+14  2.6377E+14  1.5980E+15  1.6506E-01
  2.9707E+03  2.6281E+14  2.6380E+14  1.5981E+15  1.6507E-01
  2.9711E+03  2.6285E+14  2.6384E+14  1.5983E+15  1.6508E-01
  2.9715E+03  2.6288E+14  2.6388E+14  1.5984E+15  1.6509E-01
  2.9719E+03  2.6292E+14  2.6392E+14  1.5986E+15  1.6510E-01
  2.9722E+03  2.6296E+14  2.6396E+14  1.5987E+15  1.6511E-01
  2.9726E+03  2.6300E+14  2.6400E+14  1.5989E+15  1.6512E-01
  2.9730E+03  2.6304E+14  2.6404E+14  1.5990E+15  1.6513E-01
  2.9734E+03  2.6308E+14  2.6408E+14  1.5991E+15  1.6513E-01
  2.9737E+03  2.6312E+14  2.6411E+14  1.5993E+15  1.6514E-01
  2.9741E+03  2.6316E+14  2.6415E+14  1.5994E+15  1.6515E-01
  2.9745E+03  2.6319E+14  2.6419E+14  1.5996E+15  1.6516E-01
  2.9749E+03  2.6323E+14  2.6423E+14  1.5997E+15  1.6517E-01
  2.9752E+03  2.6327E+14  2.6427E+14  1.5999E+15  1.6518E-01
  2.9756E+03  2.6331E+14  2.6431E+14  1.6000E+15  1.6519E-01
  2.9760E+03  2.6335E+14  2.6435E+14  1.6002E+15  1.6520E-01
  2.9764E+03  2.6339E+14  2.6439E+14  1.6003E+15  1.6521E-01
  2.9767E+03  2.6343E+14  2.6442E+14  1.6005E+15  1.6522E-01
  2.9771E+03  2.6347E+14  2.6446E+14  1.6006E+15  1.6523E-01
  2.9775E+03  2.6351E+14  2.6450E+14  1.6008E+15  1.6523E-01
  2.9779E+03  2.6354E+14  2.6454E+14  1.6009E+15  1.6524E-01
  2.9782E+03  2.6358E+14  2.6458E+14  1.6011E+15  1.6525E-01
  2.9786E+03  2.6362E+14  2.6462E+14  1.6012E+15  1.6526E-01
  2.9790E+03  2.6366E+14  2.6466E+14  1.6014E+15  1.6527E-01
  2.9794E+03  2.6370E+14  2.6470E+14  1.6015E+15  1.6528E-01
  2.9797E+03  2.6374E+14  2.6473E+14  1.6016E+15  1.6529E-01
  2.9801E+03  2.6378E+14  2.6477E+14  1.6018E+15  1.6530E-01
  2.9805E+03  2.6382E+14  2.6481E+14  1.6019E+15  1.6531E-01
  2.9809E+03  2.6385E+14  2.6485E+14  1.6021E+15  1.6532E-01
  2.9812E+03  2.6389E+14  2.6489E+14  1.6022E+15  1.6533E-01
  2.9816E+03  2.6393E+14  2.6493E+14  1.6024E+15  1.6533E-01
  2.9820E+03  2.6397E+14  2.6497E+14  1.6025E+15  1.6534E-01
  2.9824E+03  2.6401E+14  2.6501E+14  1.6027E+15  1.6535E-01
  2.9827E+03  2.6405E+14  2.6505E+14  1.6028E+15  1.6536E-01
  2.9831E+03  2.6409E+14  2.6508E+14  1.6030E+15  1.6537E-01
  2.9835E+03  2.6413E+14  2.6512E+14  1.6031E+15  1.6538E-01
  2.9839E+03  2.6416E+14  2.6516E+14  1.6033E+15  1.6539E-01
  2.9842E+03  2.6420E+14  2.6520E+14  1.6034E+15  1.6540E-01
  2.9846E+03  2.6424E+14  2.6524E+14  1.6036E+15  1.6541E-01
  2.9850E+03  2.6428E+14  2.6528E+14  1.6037E+15  1.6542E-01
  2.9854E+03  2.6432E+14  2.6532E+14  1.6038E+15  1.6543E-01
  2.9857E+03  2.6436E+14  2.6536E+14  1.6040E+15  1.6543E-01
  2.9861E+03  2.6440E+14  2.6539E+14  1.6041E+15  1.6544E-01
  2.9865E+03  2.6444E+14  2.6543E+14  1.6043E+15  1.6545E-01
  2.9869E+03  2.6448E+14  2.6547E+14  1.6044E+15  1.6546E-01
  2.9872E+03  2.6451E+14  2.6551E+14  1.6046E+15  1.6547E-01
  2.9876E+03  2.6455E+14  2.6555E+14  1.6047E+15  1.6548E-01
  2.9880E+03  2.6459E+14  2.6559E+14  1.6049E+15  1.6549E-01
  2.9884E+03  2.6463E+14  2.6563E+14  1.6050E+15  1.6550E-01
  2.9887E+03  2.6467E+14  2.6567E+14  1.6052E+15  1.6551E-01
  2.9891E+03  2.6471E+14  2.6571E+14  1.6053E+15  1.6552E-01
  2.9895E+03  2.6475E+14  2.6574E+14  1.6055E+15  1.6553E-01
  2.9899E+03  2.6479E+14  2.6578E+14  1.6056E+15  1.6553E-01
  2.9902E+03  2.6483E+14  2.6582E+14  1.6057E+15  1.6554E-01
  2.9906E+03  2.6486E+14  2.6586E+14  1.6059E+15  1.6555E-01
  2.9910E+03  2.6490E+14  2.6590E+14  1.6060E+15  1.6556E-01
  2.9914E+03  2.6494E+14  2.6594E+14  1.6062E+15  1.6557E-01
  2.9917E+03  2.6498E+14  2.6598E+14  1.6063E+15  1.6558E-01
  2.9921E+03  2.6502E+14  2.6602E+14  1.6065E+15  1.6559E-01
  2.9925E+03  2.6506E+14  2.6606E+14  1.6066E+15  1.6560E-01
  2.9929E+03  2.6510E+14  2.6609E+14  1.6068E+15  1.6561E-01
  2.9932E+03  2.6514E+14  2.6613E+14  1.6069E+15  1.6562E-01
  2.9936E+03  2.6517E+14  2.6617E+14  1.6071E+15  1.6563E-01
  2.9940E+03  2.6521E+14  2.6621E+14  1.6072E+15  1.6563E-01
  2.9944E+03  2.6525E+14  2.6625E+14  1.6074E+15  1.6564E-01
  2.9947E+03  2.6529E+14  2.6629E+14  1.6075E+15  1.6565E-01
  2.9951E+03  2.6533E+14  2.6633E+14  1.6077E+15  1.6566E-01
  2.9955E+03  2.6537E+14  2.6637E+14  1.6078E+15  1.6567E-01
  2.9959E+03  2.6541E+14  2.6640E+14  1.6079E+15  1.6568E-01
  2.9962E+03  2.6545E+14  2.6644E+14  1.6081E+15  1.6569E-01
  2.9966E+03  2.6549E+14  2.6648E+14  1.6082E+15  1.6570E-01
  2.9970E+03  2.6552E+14  2.6652E+14  1.6084E+15  1.6571E-01
  2.9974E+03  2.6556E+14  2.6656E+14  1.6085E+15  1.6572E-01
  2.9977E+03  2.6560E+14  2.6660E+14  1.6087E+15  1.6573E-01
  2.9981E+03  2.6564E+14  2.6664E+14  1.6088E+15  1.6573E-01
  2.9985E+03  2.6568E+14  2.6668E+14  1.6090E+15  1.6574E-01
  2.9989E+03  2.6572E+14  2.6672E+14  1.6091E+15  1.6575E-01
  2.9992E+03  2.6576E+14  2.6675E+14  1.6093E+15  1.6576E-01
  2.9996E+03  2.6580E+14  2.6679E+14  1.6094E+15  1.6577E-01
  3.0000E+03  2.6584E+14  2.6683E+14  1.6096E+15  1.6578E-01
