   0.00000000      0.187523440    
  0.375046879      0.562570333    
  0.750093758      0.937617183    
   1.12514067       1.31266403    
   1.50018752       1.68771100    
   1.87523437       2.06275773    
   2.25028133       2.43780470    
   2.62532806       2.81285167    
   3.00037503       3.18789840    
   3.37542200       3.56294537    
   3.75046873       3.93799233    
   4.12551546       4.31303930    
   4.50056267       4.68808603    
   4.87560940       5.06313276    
   5.25065613       5.43817997    
   5.62570333       5.81322670    
   6.00075006       6.18827343    
   6.37579679       6.56332064    
   6.75084400       6.93836737    
   7.12589073       7.31341410    
   7.50093746       7.68846083    
   7.87598467       8.06350803    
   8.25103092       8.43855476    
   8.62607861       8.81360149    
   9.00112534       9.18864822    
   9.37617207       9.56369591    
   9.75121880       9.93874264    
   10.1262655       10.3137894    
   10.5013123       10.6888361    
   10.8763599       11.0638828    
   11.2514067       11.4389296    
   11.6264534       11.8139763    
   12.0015001       12.1890240    
   12.3765469       12.5640707    
   12.7515936       12.9391174    
   13.1266413       13.3141642    
   13.5016880       13.6892109    
   13.8767347       14.0642576    
   14.2517815       14.4393053    
   14.6268282       14.8143520    
   15.0018749       15.1893988    
   15.3769217       15.5644455    
   15.7519693       15.9394922    
   16.1270161       16.3145390    
   16.5020618       16.6895866    
   16.8771095       17.0646324    
   17.2521572       17.4396801    
   17.6272030       17.8147278    
   18.0022507       18.1897736    
   18.3772964       18.5648212    
   18.7523441       18.9398670    
   19.1273918       19.3149147    
   19.5024376       19.6899605    
   19.8774853       20.0650082    
   20.2525311       20.4400558    
   20.6275787       20.8151016    
   21.0026245       21.1901493    
   21.3776722       21.5651951    
   21.7527199       21.9402428    
   22.1277657       22.3152885    
   22.5028133       22.6903362    
   22.8778591       23.0653839    
   23.2529068       23.4404297    
   23.6279526       23.8154774    
   24.0030003       24.1905231    
   24.3780479       24.5655708    
   24.7530937       24.9406185    
   25.1281414       25.3156643    
   25.5031872       25.6907120    
   25.8782349       26.0657578    
   26.2532825       26.4408054    
   26.6283283       26.8158512    
   27.0033760       27.1908989    
   27.3784218       27.5659466    
   27.7534695       27.9409924    
   28.1285152       28.3160400    
   28.5035629       28.6910858    
   28.8786106       29.0661335    
   29.2536564       29.4411793    
   29.6287041       29.8162270    
   30.0037498       30.1912746    
   30.3787975       30.5663204    
   30.7538433       30.9413681    
   31.1288910       31.3164139    
   31.5039387       31.6914616    
   31.8789845       32.0665092    
   32.2540321       32.4415550    
   32.6290779       32.8166008    
   33.0041237       33.1916504    
   33.3791733       33.5666962    
   33.7542191       33.9417419    
   34.1292648       34.3167877    
   34.5043144       34.6918373    
   34.8793602       35.0668831    
   35.2544060       35.4419289    
   35.6294556       35.8169785    
   36.0045013       36.1920242    
   36.3795471       36.5670700    
   36.7545929       36.9421196    
   37.1296425       37.3171654    
   37.5046883       37.6922112    
   37.8797340       38.0672569    
   38.2547836       38.4423065    
   38.6298294       38.8173523    
   39.0048752       39.1923981    
   39.3799210       39.5674477    
   39.7549706       39.9424934    
   40.1300163       40.3175392    
   40.5050621       40.6925850    
   40.8801117       41.0676346    
   41.2551575       41.4426804    
   41.6302032       41.8177261    
   42.0052490       42.1927757    
   42.3802986       42.5678215    
   42.7553444       42.9428673    
   43.1303902       43.3179131    
   43.5054398       43.6929626    
   43.8804855       44.0680084    
   44.2555313       44.4430542    
   44.6305771       44.8181038    
   45.0056267       45.1931496    
   45.3806725       45.5681953    
   45.7557182       45.9432411    
   46.1307678       46.3182907    
   46.5058136       46.6933365    
   46.8808594       47.0683823    
   47.2559052       47.4434319    
   47.6309547       47.8184776    
   48.0060005       48.1935234    
   48.3810463       48.5685692    
   48.7560959       48.9436188    
   49.1311417       49.3186646    
   49.5061874       49.6937103    
   49.8812370       50.0687599    
   50.2562828       50.4438057    
   50.6313286       50.8188515    
   51.0063744       51.1939011    
   51.3814240       51.5689468    
   51.7564697       51.9439926    
   52.1315155       52.3190384    
   52.5065651       52.6940880    
   52.8816109       53.0691338    
   53.2566566       53.4441795    
   53.6317024       53.8192291    
   54.0067520       54.1942749    
   54.3817978       54.5693207    
   54.7568436       54.9443665    
   55.1318932       55.3194160    
   55.5069389       55.6944618    
   55.8819847       56.0695076    
   56.2570305       56.4445572    
   56.6320801       56.8196030    
   57.0071259       57.1946487    
   57.3821716       57.5696945    
   57.7572212       57.9447441    
   58.1322670       58.3197899    
   58.5073128       58.6948357    
   58.8823586       59.0698853    
   59.2574081       59.4449310    
   59.6324539       59.8199768    
   60.0074997       60.1950226    
   60.3825493       60.5700722    
   60.7575951       60.9451180    
   61.1326408       61.3201637    
   61.5076866       61.6952133    
   61.8827362       62.0702591    
   62.2577820       62.4453049    
   62.6328278       62.8203506    
   63.0078773       63.1954002    
   63.3829231       63.5704460    
   63.7579689       63.9454918    
   64.1330185       64.3205414    
   64.5080643       64.6955872    
   64.8831100       65.0706329    
   65.2581558       65.4456787    
   65.6332016       65.8207245    
   66.0082474       66.1957779    
   66.3833008       66.5708237    
   66.7583466       66.9458694    
   67.1333923       67.3209152    
   67.5084381       67.6959610    
   67.8834839       68.0710068    
   68.2585297       68.4460526    
   68.6335754       68.8211060    
   69.0086288       69.1961517    
   69.3836746       69.5711975    
   69.7587204       69.9462433    
   70.1337662       70.3212891    
   70.5088120       70.6963348    
   70.8838577       71.0713806    
   71.2589111       71.4464340    
   71.6339569       71.8214798    
   72.0090027       72.1965256    
   72.3840485       72.5715714    
   72.7590942       72.9466171    
   73.1341400       73.3216629    
   73.5091858       73.6967087    
   73.8842392       74.0717621    
   74.2592850       74.4468079    
   74.6343307       74.8218536    
   75.0093765       75.1968994    
   75.3844223       75.5719452    
   75.7594681       75.9469910    
   76.1345139       76.3220367    
   76.5095673       76.6970901    
   76.8846130       77.0721359    
   77.2596588       77.4471817    
   77.6347046       77.8222275    
   78.0097504       78.1972733    
   78.3847961       78.5723190    
   78.7598419       78.9473648    
   79.1348953       79.3224182    
   79.5099411       79.6974640    
   79.8849869       80.0725098    
   80.2600327       80.4475555    
   80.6350784       80.8226013    
   81.0101242       81.1976471    
   81.3851700       81.5726929    
   81.7602234       81.9477463    
   82.1352692       82.3227921    
   82.5103149       82.6978378    
   82.8853607       83.0728836    
   83.2604065       83.4479294    
   83.6354523       83.8229752    
   84.0104980       84.1980286    
   84.3855515       84.5730743    
   84.7605972       84.9481201    
   85.1356430       85.3231659    
   85.5106888       85.6982117    
   85.8857346       86.0732574    
   86.2607803       86.4483032    
   86.6358261       86.8233566    
   87.0108795       87.1984024    
   87.3859253       87.5734482    
   87.7609711       87.9484940    
   88.1360168       88.3235397    
   88.5110626       88.6985855    
   88.8861084       89.0736313    
   89.2611542       89.4486847    
   89.6362076       89.8237305    
   90.0112534       90.1987762    
   90.3862991       90.5738220    
   90.7613449       90.9488678    
   91.1363907       91.3239136    
   91.5114365       91.6989594    
   91.8864822       92.0740128    
   92.2615356       92.4490585    
   92.6365814       92.8241043    
   93.0116272       93.1991501    
   93.3866730       93.5741959    
   93.7617188       93.9492416    
   94.1367645       94.3242874    
   94.5118103       94.6993408    
   94.8868637       95.0743866    
   95.2619095       95.4494324    
   95.6369553       95.8244781    
   96.0120010       96.1995239    
   96.3870468       96.5745697    
   96.7620926       96.9496155    
   97.1371384       97.3246689    
   97.5121918       97.6997147    
   97.8872375       98.0747604    
   98.2622833       98.4498062    
   98.6373291       98.8248520    
   99.0123749       99.1998978    
   99.3874207       99.5749435    
   99.7624741       99.9499969    
   100.137520       100.325043    
   100.512566       100.700089    
   100.887611       101.075134    
   101.262657       101.450180    
   101.637703       101.825226    
   102.012749       102.200272    
   102.387802       102.575325    
   102.762848       102.950371    
   103.137894       103.325417    
   103.512939       103.700462    
   103.887985       104.075508    
   104.263031       104.450554    
   104.638077       104.825600    
   105.013130       105.200653    
   105.388176       105.575699    
   105.763222       105.950745    
   106.138268       106.325790    
   106.513313       106.700836    
   106.888359       107.075882    
   107.263405       107.450928    
   107.638458       107.825981    
   108.013504       108.201027    
   108.388550       108.576073    
   108.763596       108.951118    
   109.138641       109.326164    
   109.513687       109.701210    
   109.888733       110.076256    
   110.263786       110.451309    
   110.638832       110.826355    
   111.013878       111.201401    
   111.388924       111.576447    
   111.763969       111.951492    
   112.139015       112.326538    
   112.514061       112.701591    
   112.889114       113.076637    
   113.264160       113.451683    
   113.639206       113.826729    
   114.014252       114.201775    
   114.389297       114.576820    
   114.764343       114.951866    
   115.139389       115.326920    
   115.514442       115.701965    
   115.889488       116.077011    
   116.264534       116.452057    
   116.639580       116.827103    
   117.014626       117.202148    
   117.389671       117.577194    
   117.764717       117.952248    
   118.139771       118.327293    
   118.514816       118.702339    
   118.889862       119.077385    
   119.264908       119.452431    
   119.639954       119.827477    
   120.014999       120.202522    
   120.390045       120.577576    
   120.765099       120.952621    
   121.140144       121.327667    
   121.515190       121.702713    
   121.890236       122.077759    
   122.265282       122.452805    
   122.640327       122.827850    
   123.015373       123.202904    
   123.390427       123.577950    
   123.765472       123.952995    
   124.140518       124.328041    
   124.515564       124.703087    
   124.890610       125.078133    
   125.265656       125.453178    
   125.640701       125.828232    
   126.015755       126.203278    
   126.390800       126.578323    
   126.765846       126.953369    
   127.140892       127.328415    
   127.515938       127.703461    
   127.890984       128.078506    
   128.266037       128.453552    
   128.641083       128.828598    
   129.016129       129.203644    
   129.391174       129.578705    
   129.766220       129.953751    
   130.141266       130.328796    
   130.516312       130.703842    
   130.891357       131.078888    
   131.266403       131.453934    
   131.641449       131.828979    
   132.016495       132.204025    
   132.391556       132.579071    
   132.766602       132.954117    
   133.141647       133.329163    
   133.516693       133.704208    
   133.891739       134.079254    
   134.266785       134.454300    
   134.641830       134.829361    
   135.016876       135.204407    
   135.391922       135.579453    
   135.766968       135.954498    
   136.142014       136.329544    
   136.517059       136.704590    
   136.892105       137.079636    
   137.267151       137.454681    
   137.642212       137.829727    
   138.017258       138.204773    
   138.392303       138.579819    
   138.767349       138.954865    
   139.142395       139.329910    
   139.517441       139.704956    
   139.892487       140.080017    
   140.267532       140.455063    
   140.642578       140.830109    
   141.017624       141.205154    
   141.392670       141.580200    
   141.767715       141.955246    
   142.142761       142.330292    
   142.517822       142.705338    
   142.892868       143.080383    
   143.267914       143.455429    
   143.642960       143.830475    
   144.018005       144.205521    
   144.393051       144.580566    
   144.768097       144.955612    
   145.143143       145.330673    
   145.518188       145.705719    
   145.893234       146.080765    
   146.268280       146.455811    
   146.643326       146.830856    
   147.018372       147.205902    
   147.393417       147.580948    
   147.768478       147.955994    
   148.143524       148.331039    
   148.518570       148.706085    
   148.893616       149.081131    
   149.268661       149.456177    
   149.643707       149.831223    
   150.018753       150.206268    
   150.393799       150.581329    
   150.768845       150.956375    
   151.143890       151.331421    
   151.518936       151.706467    
   151.893982       152.081512    
   152.269028       152.456558    
   152.644073       152.831604    
   153.019135       153.206650    
   153.394180       153.581696    
   153.769226       153.956741    
   154.144272       154.331787    
   154.519318       154.706833    
   154.894363       155.081879    
   155.269409       155.456940    
   155.644455       155.831985    
   156.019501       156.207031    
   156.394547       156.582077    
   156.769592       156.957123    
   157.144638       157.332169    
   157.519684       157.707214    
   157.894730       158.082260    
   158.269791       158.457306    
   158.644836       158.832352    
   159.019882       159.207397    
   159.394928       159.582443    
   159.769974       159.957489    
   160.145020       160.332535    
   160.520065       160.707596    
   160.895111       161.082642    
   161.270157       161.457687    
   161.645203       161.832733    
   162.020248       162.207779    
   162.395294       162.582825    
   162.770340       162.957870    
   163.145386       163.332916    
   163.520447       163.707962    
   163.895493       164.083008    
   164.270538       164.458054    
   164.645584       164.833099    
   165.020630       165.208145    
   165.395676       165.583191    
   165.770721       165.958252    
   166.145767       166.333298    
   166.520813       166.708344    
   166.895859       167.083389    
   167.270905       167.458435    
   167.645950       167.833481    
   168.020996       168.208527    
   168.396057       168.583572    
   168.771103       168.958618    
   169.146149       169.333664    
   169.521194       169.708710    
   169.896240       170.083755    
   170.271286       170.458801    
   170.646332       170.833847    
   171.021378       171.208908    
   171.396423       171.583954    
   171.771469       171.959000    
   172.146515       172.334045    
   172.521561       172.709091    
   172.896606       173.084137    
   173.271652       173.459183    
   173.646713       173.834229    
   174.021759       174.209274    
   174.396805       174.584320    
   174.771851       174.959366    
   175.146896       175.334412    
   175.521942       175.709457    
   175.896988       176.084503    
   176.272034       176.459564    
   176.647079       176.834610    
   177.022125       177.209656    
   177.397171       177.584702    
   177.772217       177.959747    
   178.147263       178.334793    
   178.522308       178.709839    
   178.897369       179.084885    
   179.272415       179.459930    
   179.647461       179.834976    
   180.022507       180.210022    
   180.397552       180.585068    
   180.772598       180.960114    
   181.147644       181.335159    
   181.522690       181.710220    
   181.897736       182.085266    
   182.272781       182.460312    
   182.647827       182.835358    
   183.022873       183.210403    
   183.397919       183.585449    
   183.772964       183.960495    
   184.148026       184.335541    
   184.523071       184.710587    
   184.898117       185.085632    
   185.273163       185.460678    
   185.648209       185.835724    
   186.023254       186.210770    
   186.398300       186.585831    
   186.773346       186.960876    
   187.148392       187.335922    
   187.523438       187.710968    
   187.898483       188.086014    
   188.273529       188.461060    
   188.648575       188.836105    
   189.023621       189.211151    
   189.398682       189.586197    
   189.773727       189.961243    
   190.148773       190.336288    
   190.523819       190.711334    
   190.898865       191.086380    
   191.273911       191.461426    
   191.648956       191.836487    
   192.024002       192.211533    
   192.399048       192.586578    
   192.774094       192.961624    
   193.149139       193.336670    
   193.524185       193.711716    
   193.899231       194.086761    
   194.274277       194.461807    
   194.649338       194.836853    
   195.024384       195.211899    
   195.399429       195.586945    
   195.774475       195.961990    
   196.149521       196.337036    
   196.524567       196.712082    
   196.899612       197.087143    
   197.274658       197.462189    
   197.649704       197.837234    
   198.024750       198.212280    
   198.399796       198.587326    
   198.774841       198.962372    
   199.149887       199.337418    
   199.524948       199.712463    
   199.899994       200.087509    
   200.275040       200.462555    
   200.650085       200.837601    
   201.025131       201.212646    
   201.400177       201.587692    
   201.775223       201.962738    
   202.150269       202.337799    
   202.525314       202.712845    
   202.900360       203.087891    
   203.275406       203.462936    
   203.650452       203.837982    
   204.025497       204.213028    
   204.400543       204.588074    
   204.775604       204.963120    
   205.150650       205.338165    
   205.525696       205.713211    
   205.900742       206.088257    
   206.275787       206.463303    
   206.650833       206.838348    
   207.025879       207.213394    
   207.400925       207.588455    
   207.775970       207.963501    
   208.151016       208.338547    
   208.526062       208.713593    
   208.901108       209.088638    
   209.276154       209.463684    
   209.651199       209.838730    
   210.026260       210.213776    
   210.401306       210.588821    
   210.776352       210.963867    
   211.151398       211.338913    
   211.526443       211.713959    
   211.901489       212.089005    
   212.276535       212.464066    
   212.651581       212.839111    
   213.026627       213.214157    
   213.401672       213.589203    
   213.776718       213.964249    
   214.151764       214.339294    
   214.526810       214.714340    
   214.901855       215.089386    
   215.276917       215.464432    
   215.651962       215.839478    
   216.027008       216.214523    
   216.402054       216.589569    
   216.777100       216.964615    
   217.152145       217.339661    
   217.527191       217.714722    
   217.902237       218.089767    
   218.277283       218.464813    
   218.652328       218.839859    
   219.027374       219.214905    
   219.402420       219.589951    
   219.777466       219.964996    
   220.152512       220.340042    
   220.527573       220.715088    
   220.902618       221.090134    
   221.277664       221.465179    
   221.652710       221.840225    
   222.027756       222.215271    
   222.402802       222.590317    
   222.777847       222.965378    
   223.152893       223.340424    
   223.527939       223.715469    
   223.902985       224.090515    
   224.278030       224.465561    
   224.653076       224.840607    
   225.028122       225.215652    
   225.403183       225.590698    
   225.778229       225.965744    
   226.153275       226.340790    
   226.528320       226.715836    
   226.903366       227.090881    
   227.278412       227.465927    
   227.653458       227.840973    
   228.028503       228.216034    
   228.403549       228.591080    
   228.778595       228.966125    
   229.153641       229.341171    
   229.528687       229.716217    
   229.903732       230.091263    
   230.278778       230.466309    
   230.653839       230.841354    
   231.028885       231.216400    
   231.403931       231.591446    
   231.778976       231.966492    
   232.154022       232.341537    
   232.529068       232.716583    
   232.904114       233.091629    
   233.279160       233.466690    
   233.654205       233.841736    
   234.029251       234.216782    
   234.404297       234.591827    
   234.779343       234.966873    
   235.154388       235.341919    
   235.529434       235.716965    
   235.904495       236.092010    
   236.279541       236.467056    
   236.654587       236.842102    
   237.029633       237.217148    
   237.404678       237.592194    
   237.779724       237.967239    
   238.154770       238.342300    
   238.529816       238.717346    
   238.904861       239.092392    
   239.279907       239.467438    
   239.654953       239.842484    
   240.029999       240.217529    
   240.405045       240.592575    
   240.780090       240.967621    
   241.155151       241.342667    
   241.530197       241.717712    
   241.905243       242.092758    
   242.280289       242.467804    
   242.655334       242.842850    
   243.030380       243.217896    
   243.405426       243.592957    
   243.780472       243.968002    
   244.155518       244.343048    
   244.530563       244.718094    
   244.905609       245.093140    
   245.280655       245.468185    
   245.655701       245.843231    
   246.030746       246.218277    
   246.405807       246.593323    
   246.780853       246.968369    
   247.155899       247.343414    
   247.530945       247.718460    
   247.905991       248.093506    
   248.281036       248.468552    
   248.656082       248.843613    
   249.031128       249.218658    
   249.406174       249.593704    
   249.781219       249.968750    
   250.156265       250.343796    
   250.531311       250.718842    
   250.906357       251.093887    
   251.281403       251.468933    
   251.656464       251.843979    
   252.031509       252.219025    
   252.406555       252.594070    
   252.781601       252.969116    
   253.156647       253.344162    
   253.531693       253.719208    
   253.906738       254.094269    
   254.281784       254.469315    
   254.656830       254.844360    
   255.031876       255.219406    
   255.406921       255.594452    
   255.781967       255.969498    
   256.157013       256.344543    
   256.532074       256.719604    
   256.907104       257.094635    
   257.282166       257.469696    
   257.657196       257.844727    
   258.032257       258.219788    
   258.407288       258.594818    
   258.782349       258.969879    
   259.157410       259.344910    
   259.532440       259.719971    
   259.907501       260.095001    
   260.282532       260.470062    
   260.657593       260.845093    
   261.032623       261.220154    
   261.407684       261.595184    
   261.782715       261.970245    
   262.157776       262.345306    
   262.532806       262.720337    
   262.907867       263.095398    
   263.282898       263.470428    
   263.657959       263.845490    
   264.032990       264.220520    
   264.408051       264.595581    
   264.783112       264.970612    
   265.158142       265.345673    
   265.533203       265.720703    
   265.908234       266.095764    
   266.283295       266.470795    
   266.658325       266.845856    
   267.033386       267.220917    
   267.408417       267.595947    
   267.783478       267.971008    
   268.158508       268.346039    
   268.533569       268.721100    
   268.908600       269.096130    
   269.283661       269.471191    
   269.658722       269.846222    
   270.033752       270.221283    
   270.408813       270.596313    
   270.783844       270.971375    
   271.158905       271.346405    
   271.533936       271.721466    
   271.908997       272.096527    
   272.284027       272.471558    
   272.659088       272.846619    
   273.034119       273.221649    
   273.409180       273.596710    
   273.784210       273.971741    
   274.159271       274.346802    
   274.534302       274.721832    
   274.909363       275.096893    
   275.284424       275.471924    
   275.659454       275.846985    
   276.034515       276.222015    
   276.409546       276.597076    
   276.784607       276.972107    
   277.159637       277.347168    
   277.534698       277.722229    
   277.909729       278.097260    
   278.284790       278.472321    
   278.659821       278.847351    
   279.034882       279.222412    
   279.409912       279.597443    
   279.784973       279.972504    
   280.160034       280.347534    
   280.535065       280.722595    
   280.910126       281.097626    
   281.285156       281.472687    
   281.660217       281.847717    
   282.035248       282.222778    
   282.410309       282.597839    
   282.785339       282.972870    
   283.160400       283.347931    
   283.535431       283.722961    
   283.910492       284.098022    
   284.285522       284.473053    
   284.660583       284.848114    
   285.035645       285.223145    
   285.410675       285.598206    
   285.785736       285.973236    
   286.160767       286.348297    
   286.535828       286.723328    
   286.910858       287.098389    
   287.285919       287.473419    
   287.660950       287.848480    
   288.036011       288.223541    
   288.411041       288.598572    
   288.786102       288.973633    
   289.161133       289.348663    
   289.536194       289.723724    
   289.911224       290.098755    
   290.286285       290.473816    
   290.661346       290.848846    
   291.036377       291.223907    
   291.411438       291.598938    
   291.786469       291.973999    
   292.161530       292.349030    
   292.536560       292.724091    
   292.911621       293.099152    
   293.286652       293.474182    
   293.661713       293.849243    
   294.036743       294.224274    
   294.411804       294.599335    
   294.786835       294.974365    
   295.161896       295.349426    
   295.536957       295.724457    
   295.911987       296.099518    
   296.287048       296.474548    
   296.662079       296.849609    
   297.037140       297.224640    
   297.412170       297.599701    
   297.787231       297.974762    
   298.162262       298.349792    
   298.537323       298.724854    
   298.912354       299.099884    
   299.287415       299.474945    
   299.662445       299.849976    
   300.037506       300.225037    
   300.412537       300.600067    
   300.787598       300.975128    
   301.162659       301.350159    
   301.537689       301.725220    
   301.912750       302.100250    
   302.287781       302.475311    
   302.662842       302.850342    
   303.037872       303.225403    
   303.412933       303.600464    
   303.787964       303.975494    
   304.163025       304.350555    
   304.538055       304.725586    
   304.913116       305.100647    
   305.288147       305.475677    
   305.663208       305.850739    
   306.038269       306.225769    
   306.413300       306.600830    
   306.788361       306.975861    
   307.163391       307.350922    
   307.538452       307.725952    
   307.913483       308.101013    
   308.288544       308.476074    
   308.663574       308.851105    
   309.038635       309.226166    
   309.413666       309.601196    
   309.788727       309.976257    
   310.163757       310.351288    
   310.538818       310.726349    
   310.913879       311.101379    
   311.288910       311.476440    
   311.663971       311.851471    
   312.039001       312.226532    
   312.414062       312.601562    
   312.789093       312.976624    
   313.164154       313.351654    
   313.539185       313.726715    
   313.914246       314.101776    
   314.289276       314.476807    
   314.664337       314.851868    
   315.039368       315.226898    
   315.414429       315.601959    
   315.789459       315.976990    
   316.164520       316.352051    
   316.539581       316.727081    
   316.914612       317.102142    
   317.289673       317.477173    
   317.664703       317.852234    
   318.039764       318.227264    
   318.414795       318.602325    
   318.789856       318.977386    
   319.164886       319.352417    
   319.539948       319.727478    
   319.914978       320.102509    
   320.290039       320.477570    
   320.665070       320.852600    
   321.040131       321.227661    
   321.415192       321.602692    
   321.790222       321.977753    
   322.165283       322.352783    
   322.540314       322.727844    
   322.915375       323.102875    
   323.290405       323.477936    
   323.665466       323.852997    
   324.040497       324.228027    
   324.415558       324.603088    
   324.790588       324.978119    
   325.165649       325.353180    
   325.540680       325.728210    
   325.915741       326.103271    
   326.290771       326.478302    
   326.665833       326.853363    
   327.040894       327.228394    
   327.415924       327.603455    
   327.790985       327.978485    
   328.166016       328.353546    
   328.541077       328.728577    
   328.916107       329.103638    
   329.291168       329.478699    
   329.666199       329.853729    
   330.041260       330.228790    
   330.416290       330.603821    
   330.791351       330.978882    
   331.166382       331.353912    
   331.541443       331.728973    
   331.916504       332.104004    
   332.291534       332.479065    
   332.666595       332.854095    
   333.041626       333.229156    
   333.416687       333.604187    
   333.791718       333.979248    
   334.166779       334.354309    
   334.541809       334.729340    
   334.916870       335.104401    
   335.291901       335.479431    
   335.666962       335.854492    
   336.041992       336.229523    
   336.417053       336.604584    
   336.792114       336.979614    
   337.167145       337.354675    
   337.542206       337.729706    
   337.917236       338.104767    
   338.292297       338.479797    
   338.667328       338.854858    
   339.042389       339.229889    
   339.417419       339.604950    
   339.792480       339.980011    
   340.167511       340.355042    
   340.542572       340.730103    
   340.917603       341.105133    
   341.292664       341.480194    
   341.667694       341.855225    
   342.042755       342.230286    
   342.417816       342.605316    
   342.792847       342.980377    
   343.167908       343.355408    
   343.542938       343.730469    
   343.917999       344.105499    
   344.293030       344.480560    
   344.668091       344.855621    
   345.043121       345.230652    
   345.418182       345.605713    
   345.793213       345.980743    
   346.168274       346.355804    
   346.543304       346.730835    
   346.918365       347.105896    
   347.293427       347.480927    
   347.668457       347.855988    
   348.043518       348.231018    
   348.418549       348.606079    
   348.793610       348.981110    
   349.168640       349.356171    
   349.543701       349.731201    
   349.918732       350.106262    
   350.293793       350.481323    
   350.668823       350.856354    
   351.043884       351.231415    
   351.418915       351.606445    
   351.793976       351.981506    
   352.169006       352.356537    
   352.544067       352.731598    
   352.919128       353.106628    
   353.294159       353.481689    
   353.669220       353.856720    
   354.044250       354.231781    
   354.419312       354.606812    
   354.794342       354.981873    
   355.169403       355.356934    
   355.544434       355.731964    
   355.919495       356.107025    
   356.294525       356.482056    
   356.669586       356.857117    
   357.044617       357.232147    
   357.419678       357.607208    
   357.794739       357.982239    
   358.169769       358.357300    
   358.544830       358.732330    
   358.919861       359.107391    
   359.294922       359.482422    
   359.669952       359.857483    
   360.045013       360.232544    
   360.420044       360.607574    
   360.795105       360.982635    
   361.170135       361.357666    
   361.545197       361.732727    
   361.920227       362.107758    
   362.295288       362.482819    
   362.670319       362.857849    
   363.045380       363.232910    
   363.420441       363.607941    
   363.795471       363.983002    
   364.170532       364.358032    
   364.545563       364.733093    
   364.920624       365.108124    
   365.295654       365.483185    
   365.670715       365.858246    
   366.045746       366.233276    
   366.420807       366.608337    
   366.795837       366.983368    
   367.170898       367.358429    
   367.545929       367.733459    
   367.920990       368.108521    
   368.296051       368.483551    
   368.671082       368.858612    
   369.046143       369.233643    
   369.421173       369.608704    
   369.796234       369.983734    
   370.171265       370.358795    
   370.546326       370.733856    
   370.921356       371.108887    
   371.296417       371.483948    
   371.671448       371.858978    
   372.046509       372.234039    
   372.421539       372.609070    
   372.796600       372.984131    
   373.171661       373.359161    
   373.546692       373.734222    
   373.921753       374.109253    
   374.296783       374.484314    
   374.671844       374.859344    
   375.046875       375.234406    
   375.421936       375.609436    
   375.796967       375.984497    
   376.172028       376.359558    
   376.547058       376.734589    
   376.922119       377.109650    
   377.297150       377.484680    
   377.672211       377.859741    
   378.047241       378.234772    
   378.422302       378.609833    
   378.797363       378.984863    
   379.172394       379.359924    
   379.547455       379.734955    
   379.922485       380.110016    
   380.297546       380.485046    
   380.672577       380.860107    
   381.047638       381.235168    
   381.422668       381.610199    
   381.797729       381.985260    
   382.172760       382.360291    
   382.547821       382.735352    
   382.922852       383.110382    
   383.297913       383.485443    
   383.672974       383.860474    
   384.048004       384.235535    
   384.423065       384.610565    
   384.798096       384.985626    
   385.173157       385.360657    
   385.548187       385.735718    
   385.923248       386.110779    
   386.298279       386.485809    
   386.673340       386.860870    
   387.048370       387.235901    
   387.423431       387.610962    
   387.798462       387.985992    
   388.173523       388.361053    
   388.548553       388.736084    
   388.923615       389.111145    
   389.298676       389.486176    
   389.673706       389.861237    
   390.048767       390.236267    
   390.423798       390.611328    
   390.798859       390.986359    
   391.173889       391.361420    
   391.548950       391.736481    
   391.923981       392.111511    
   392.299042       392.486572    
   392.674072       392.861603    
   393.049133       393.236664    
   393.424164       393.611694    
   393.799225       393.986755    
   394.174286       394.361786    
   394.549316       394.736847    
   394.924377       395.111877    
   395.299408       395.486938    
   395.674469       395.861969    
   396.049500       396.237030    
   396.424561       396.612091    
   396.799591       396.987122    
   397.174652       397.362183    
   397.549683       397.737213    
   397.924744       398.112274    
   398.299774       398.487305    
   398.674835       398.862366    
   399.049896       399.237396    
   399.424927       399.612457    
   399.799988       399.987488    
   400.175018       400.362549    
   400.550079       400.737579    
   400.925110       401.112640    
   401.300171       401.487671    
   401.675201       401.862732    
   402.050262       402.237793    
   402.425293       402.612823    
   402.800354       402.987885    
   403.175385       403.362915    
   403.550446       403.737976    
   403.925476       404.113007    
   404.300537       404.488068    
   404.675598       404.863098    
   405.050629       405.238159    
   405.425690       405.613190    
   405.800720       405.988251    
   406.175781       406.363281    
   406.550812       406.738342    
   406.925873       407.113403    
   407.300903       407.488434    
   407.675964       407.863495    
   408.050995       408.238525    
   408.426056       408.613586    
   408.801086       408.988617    
   409.176147       409.363678    
   409.551208       409.738708    
   409.926239       410.113770    
   410.301300       410.488800    
   410.676331       410.863861    
   411.051392       411.238892    
   411.426422       411.613953    
   411.801483       411.989014    
   412.176514       412.364044    
   412.551575       412.739105    
   412.926605       413.114136    
   413.301666       413.489197    
   413.676697       413.864227    
   414.051758       414.239288    
   414.426788       414.614319    
   414.801849       414.989380    
   415.176910       415.364410    
   415.551941       415.739471    
   415.927002       416.114502    
   416.302032       416.489563    
   416.677094       416.864594    
   417.052124       417.239655    
   417.427185       417.614716    
   417.802216       417.989746    
   418.177277       418.364807    
   418.552307       418.739838    
   418.927368       419.114899    
   419.302399       419.489929    
   419.677460       419.864990    
   420.052521       420.240021    
   420.427551       420.615082    
   420.802612       420.990112    
   421.177643       421.365173    
   421.552704       421.740204    
   421.927734       422.115265    
   422.302795       422.490326    
   422.677826       422.865356    
   423.052887       423.240417    
   423.427917       423.615448    
   423.802979       423.990509    
   424.178009       424.365540    
   424.553070       424.740601    
   424.928131       425.115631    
   425.303162       425.490692    
   425.678223       425.865723    
   426.053253       426.240784    
   426.428314       426.615814    
   426.803345       426.990875    
   427.178406       427.365906    
   427.553436       427.740967    
   427.928497       428.116028    
   428.303528       428.491058    
   428.678589       428.866119    
   429.053619       429.241150    
   429.428680       429.616211    
   429.803711       429.991241    
   430.178772       430.366302    
   430.553833       430.741333    
   430.928864       431.116394    
   431.303925       431.491425    
   431.678955       431.866486    
   432.054016       432.241516    
   432.429047       432.616577    
   432.804108       432.991638    
   433.179138       433.366669    
   433.554199       433.741730    
   433.929230       434.116760    
   434.304291       434.491821    
   434.679321       434.866852    
   435.054382       435.241913    
   435.429443       435.616943    
   435.804474       435.992004    
   436.179535       436.367035    
   436.554565       436.742096    
   436.929626       437.117126    
   437.304657       437.492188    
   437.679718       437.867249    
   438.054749       438.242279    
   438.429810       438.617340    
   438.804840       438.992371    
   439.179901       439.367432    
   439.554932       439.742462    
   439.929993       440.117523    
   440.305023       440.492554    
   440.680084       440.867615    
   441.055145       441.242645    
   441.430176       441.617706    
   441.805237       441.992737    
   442.180267       442.367798    
   442.555328       442.742828    
   442.930359       443.117889    
   443.305420       443.492950    
   443.680450       443.867981    
   444.055511       444.243042    
   444.430542       444.618073    
   444.805603       444.993134    
   445.180634       445.368164    
   445.555695       445.743225    
   445.930756       446.118256    
   446.305786       446.493317    
   446.680847       446.868347    
   447.055878       447.243408    
   447.430939       447.618439    
   447.805969       447.993500    
   448.181030       448.368561    
   448.556061       448.743591    
   448.931122       449.118652    
   449.306152       449.493683    
   449.681213       449.868744    
   450.056244       450.243774    
   450.431305       450.618835    
   450.806366       450.993866    
   451.181396       451.368927    
   451.556458       451.743958    
   451.931488       452.119019    
   452.306549       452.494049    
   452.681580       452.869110    
   453.056641       453.244141    
   453.431671       453.619202    
   453.806732       453.994263    
   454.181763       454.369293    
   454.556824       454.744354    
   454.931854       455.119385    
   455.306915       455.494446    
   455.681946       455.869476    
   456.057007       456.244537    
   456.432068       456.619568    
   456.807098       456.994629    
   457.182159       457.369659    
   457.557190       457.744720    
   457.932251       458.119751    
   458.307281       458.494812    
   458.682343       458.869873    
   459.057373       459.244904    
   459.432434       459.619965    
   459.807465       459.994995    
   460.182526       460.370056    
   460.557556       460.745087    
   460.932617       461.120148    
   461.307678       461.495178    
   461.682709       461.870239    
   462.057770       462.245270    
   462.432800       462.620331    
   462.807861       462.995361    
   463.182892       463.370422    
   463.557953       463.745483    
   463.932983       464.120514    
   464.308044       464.495575    
   464.683075       464.870605    
   465.058136       465.245667    
   465.433167       465.620697    
   465.808228       465.995758    
   466.183258       466.370789    
   466.558319       466.745850    
   466.933380       467.120880    
   467.308411       467.495941    
   467.683472       467.870972    
   468.058502       468.246033    
   468.433563       468.621063    
   468.808594       468.996124    
   469.183655       469.371185    
   469.558685       469.746216    
   469.933746       470.121277    
   470.308777       470.496307    
   470.683838       470.871368    
   471.058868       471.246399    
   471.433929       471.621460    
   471.808990       471.996490    
   472.184021       472.371552    
   472.559082       472.746582    
   472.934113       473.121643    
   473.309174       473.496674    
   473.684204       473.871735    
   474.059265       474.246796    
   474.434296       474.621826    
   474.809357       474.996887    
   475.184387       475.371918    
   475.559448       475.746979    
   475.934479       476.122009    
   476.309540       476.497070    
   476.684601       476.872101    
   477.059631       477.247162    
   477.434692       477.622192    
   477.809723       477.997253    
   478.184784       478.372284    
   478.559814       478.747345    
   478.934875       479.122375    
   479.309906       479.497437    
   479.684967       479.872498    
   480.059998       480.247528    
   480.435059       480.622589    
   480.810089       480.997620    
   481.185150       481.372681    
   481.560181       481.747711    
   481.935242       482.122772    
   482.310303       482.497803    
   482.685333       482.872864    
   483.060394       483.247894    
   483.435425       483.622955    
   483.810486       483.997986    
   484.185516       484.373047    
   484.560577       484.748108    
   484.935608       485.123138    
   485.310669       485.498199    
   485.685699       485.873230    
   486.060760       486.248291    
   486.435791       486.623322    
   486.810852       486.998383    
   487.185913       487.373413    
   487.560944       487.748474    
   487.936005       488.123505    
   488.311035       488.498566    
   488.686096       488.873596    
   489.061127       489.248657    
   489.436188       489.623688    
   489.811218       489.998749    
   490.186279       490.373810    
   490.561310       490.748840    
   490.936371       491.123901    
   491.311401       491.498932    
   491.686462       491.873993    
   492.061493       492.249023    
   492.436554       492.624084    
   492.811615       492.999115    
   493.186646       493.374176    
   493.561707       493.749207    
   493.936737       494.124268    
   494.311798       494.499298    
   494.686829       494.874359    
   495.061890       495.249420    
   495.436920       495.624451    
   495.811981       495.999512    
   496.187012       496.374542    
   496.562073       496.749603    
   496.937103       497.124634    
   497.312164       497.499695    
   497.687225       497.874725    
   498.062256       498.249786    
   498.437317       498.624817    
   498.812347       498.999878    
   499.187408       499.374908    
   499.562439       499.749969    
   499.937500       500.125031    
   500.312531       500.500061    
   500.687592       500.875122    
   501.062622       501.250153    
   501.437683       501.625214    
   501.812714       502.000244    
   502.187775       502.375305    
   502.562805       502.750336    
   502.937866       503.125397    
   503.312927       503.500427    
   503.687958       503.875488    
   504.063019       504.250519    
   504.438049       504.625580    
   504.813110       505.000610    
   505.188141       505.375671    
   505.563202       505.750732    
   505.938232       506.125763    
   506.313293       506.500824    
   506.688324       506.875854    
   507.063385       507.250916    
   507.438416       507.625946    
   507.813477       508.001007    
   508.188538       508.376038    
   508.563568       508.751099    
   508.938629       509.126129    
   509.313660       509.501190    
   509.688721       509.876221    
   510.063751       510.251282    
   510.438812       510.626343    
   510.813843       511.001373    
   511.188904       511.376434    
   511.563934       511.751465    
   511.938995       512.126526    
   512.314026       512.501587    
   512.689087       512.876587    
   513.064148       513.251648    
   513.439209       513.626709    
   513.814209       514.001770    
   514.189270       514.376770    
   514.564331       514.751831    
   514.939392       515.126892    
   515.314392       515.501953    
   515.689453       515.877014    
   516.064514       516.252014    
   516.439575       516.627075    
   516.814575       517.002136    
   517.189636       517.377197    
   517.564697       517.752197    
   517.939758       518.127258    
   518.314819       518.502319    
   518.689819       518.877380    
   519.064880       519.252380    
   519.439941       519.627441    
   519.815002       520.002502    
   520.190002       520.377563    
   520.565063       520.752625    
   520.940125       521.127625    
   521.315186       521.502686    
   521.690186       521.877747    
   522.065247       522.252808    
   522.440308       522.627808    
   522.815369       523.002869    
   523.190369       523.377930    
   523.565430       523.752991    
   523.940491       524.127991    
   524.315552       524.503052    
   524.690613       524.878113    
   525.065613       525.253174    
   525.440674       525.628174    
   525.815735       526.003235    
   526.190796       526.378296    
   526.565796       526.753357    
   526.940857       527.128418    
   527.315918       527.503418    
   527.690979       527.878479    
   528.065979       528.253540    
   528.441040       528.628601    
   528.816101       529.003601    
   529.191162       529.378662    
   529.566223       529.753723    
   529.941223       530.128784    
   530.316284       530.503784    
   530.691345       530.878845    
   531.066406       531.253906    
   531.441406       531.628967    
   531.816467       532.004028    
   532.191528       532.379028    
   532.566589       532.754089    
   532.941589       533.129150    
   533.316650       533.504211    
   533.691711       533.879211    
   534.066772       534.254272    
   534.441833       534.629333    
   534.816833       535.004395    
   535.191895       535.379395    
   535.566956       535.754456    
   535.942017       536.129517    
   536.317017       536.504578    
   536.692078       536.879639    
   537.067139       537.254639    
   537.442200       537.629700    
   537.817200       538.004761    
   538.192261       538.379822    
   538.567322       538.754822    
   538.942383       539.129883    
   539.317444       539.504944    
   539.692444       539.880005    
   540.067505       540.255005    
   540.442566       540.630066    
   540.817627       541.005127    
   541.192627       541.380188    
   541.567688       541.755249    
   541.942749       542.130249    
   542.317810       542.505310    
   542.692810       542.880371    
   543.067871       543.255432    
   543.442932       543.630432    
   543.817993       544.005493    
   544.193054       544.380554    
   544.568054       544.755615    
   544.943115       545.130615    
   545.318176       545.505676    
   545.693237       545.880737    
   546.068237       546.255798    
   546.443298       546.630798    
   546.818359       547.005859    
   547.193420       547.380920    
   547.568420       547.755981    
   547.943481       548.131042    
   548.318542       548.506042    
   548.693604       548.881104    
   549.068604       549.256165    
   549.443665       549.631226    
   549.818726       550.006226    
   550.193787       550.381287    
   550.568848       550.756348    
   550.943848       551.131409    
   551.318909       551.506409    
   551.693970       551.881470    
   552.069031       552.256531    
   552.444031       552.631592    
   552.819092       553.006653    
   553.194153       553.381653    
   553.569214       553.756714    
   553.944214       554.131775    
   554.319275       554.506836    
   554.694336       554.881836    
   555.069397       555.256897    
   555.444458       555.631958    
   555.819458       556.007019    
   556.194519       556.382019    
   556.569580       556.757080    
   556.944641       557.132141    
   557.319641       557.507202    
   557.694702       557.882263    
   558.069763       558.257263    
   558.444824       558.632324    
   558.819824       559.007385    
   559.194885       559.382446    
   559.569946       559.757446    
   559.945007       560.132507    
   560.320068       560.507568    
   560.695068       560.882629    
   561.070129       561.257629    
   561.445190       561.632690    
   561.820251       562.007751    
   562.195251       562.382812    
   562.570312       562.757874    
   562.945374       563.132874    
   563.320435       563.507935    
   563.695435       563.882996    
   564.070496       564.258057    
   564.445557       564.633057    
   564.820618       565.008118    
   565.195679       565.383179    
   565.570679       565.758240    
   565.945740       566.133240    
   566.320801       566.508301    
   566.695862       566.883362    
   567.070862       567.258423    
   567.445923       567.633484    
   567.820984       568.008484    
   568.196045       568.383545    
   568.571045       568.758606    
   568.946106       569.133667    
   569.321167       569.508667    
   569.696228       569.883728    
   570.071289       570.258789    
   570.446289       570.633850    
   570.821350       571.008850    
   571.196411       571.383911    
   571.571472       571.758972    
   571.946472       572.134033    
   572.321533       572.509033    
   572.696594       572.884094    
   573.071655       573.259155    
   573.446655       573.634216    
   573.821716       574.009277    
   574.196777       574.384277    
   574.571838       574.759338    
   574.946838       575.134399    
   575.321899       575.509460    
   575.696960       575.884460    
   576.072021       576.259521    
   576.447083       576.634583    
   576.822083       577.009644    
   577.197144       577.384644    
   577.572205       577.759705    
   577.947266       578.134766    
   578.322266       578.509827    
   578.697327       578.884888    
   579.072388       579.259888    
   579.447449       579.634949    
   579.822449       580.010010    
   580.197510       580.385071    
   580.572571       580.760071    
   580.947632       581.135132    
   581.322693       581.510193    
   581.697693       581.885254    
   582.072754       582.260254    
   582.447815       582.635315    
   582.822876       583.010376    
   583.197876       583.385437    
   583.572937       583.760498    
   583.947998       584.135498    
   584.323059       584.510559    
   584.698059       584.885620    
   585.073120       585.260681    
   585.448181       585.635681    
   585.823242       586.010742    
   586.198303       586.385803    
   586.573303       586.760864    
   586.948364       587.135864    
   587.323425       587.510925    
   587.698486       587.885986    
   588.073486       588.261047    
   588.448547       588.636108    
   588.823608       589.011108    
   589.198669       589.386169    
   589.573669       589.761230    
   589.948730       590.136292    
   590.323792       590.511292    
   590.698853       590.886353    
   591.073914       591.261414    
   591.448914       591.636475    
   591.823975       592.011475    
   592.199036       592.386536    
   592.574097       592.761597    
   592.949097       593.136658    
   593.324158       593.511719    
   593.699219       593.886719    
   594.074280       594.261780    
   594.449280       594.636841    
   594.824341       595.011902    
   595.199402       595.386902    
   595.574463       595.761963    
   595.949524       596.137024    
   596.324524       596.512085    
   596.699585       596.887085    
   597.074646       597.262146    
   597.449707       597.637207    
   597.824707       598.012268    
   598.199768       598.387268    
   598.574829       598.762329    
   598.949890       599.137390    
   599.324890       599.512451    
   599.699951       599.887512    
   600.075012       600.262512    
   600.450073       600.637573    
   600.825073       601.012634    
   601.200134       601.387695    
   601.575195       601.762695    
   601.950256       602.137756    
   602.325317       602.512817    
   602.700317       602.887878    
   603.075378       603.262878    
   603.450439       603.637939    
   603.825500       604.013000    
   604.200500       604.388062    
   604.575562       604.763123    
   604.950623       605.138123    
   605.325684       605.513184    
   605.700684       605.888245    
   606.075745       606.263306    
   606.450806       606.638306    
   606.825867       607.013367    
   607.200928       607.388428    
   607.575928       607.763489    
   607.950989       608.138489    
   608.326050       608.513550    
   608.701111       608.888611    
   609.076111       609.263672    
   609.451172       609.638733    
   609.826233       610.013733    
   610.201294       610.388794    
   610.576294       610.763855    
   610.951355       611.138916    
   611.326416       611.513916    
   611.701477       611.888977    
   612.076538       612.264038    
   612.451538       612.639099    
   612.826599       613.014099    
   613.201660       613.389160    
   613.576721       613.764221    
   613.951721       614.139282    
   614.326782       614.514343    
   614.701843       614.889343    
   615.076904       615.264404    
   615.451904       615.639465    
   615.826965       616.014526    
   616.202026       616.389526    
   616.577087       616.764587    
   616.952148       617.139648    
   617.327148       617.514709    
   617.702209       617.889709    
   618.077271       618.264771    
   618.452332       618.639832    
   618.827332       619.014893    
   619.202393       619.389954    
   619.577454       619.764954    
   619.952515       620.140015    
   620.327515       620.515076    
   620.702576       620.890137    
   621.077637       621.265137    
   621.452698       621.640198    
   621.827759       622.015259    
   622.202759       622.390320    
   622.577820       622.765320    
   622.952881       623.140381    
   623.327942       623.515442    
   623.702942       623.890503    
   624.078003       624.265503    
   624.453064       624.640564    
   624.828125       625.015625    
   625.203125       625.390686    
   625.578186       625.765747    
   625.953247       626.140747    
   626.328308       626.515808    
   626.703308       626.890869    
   627.078369       627.265930    
   627.453430       627.640930    
   627.828491       628.015991    
   628.203552       628.391052    
   628.578552       628.766113    
   628.953613       629.141113    
   629.328674       629.516174    
   629.703735       629.891235    
   630.078735       630.266296    
   630.453796       630.641357    
   630.828857       631.016357    
   631.203918       631.391418    
   631.578918       631.766479    
   631.953979       632.141541    
   632.329041       632.516541    
   632.704102       632.891602    
   633.079163       633.266663    
   633.454163       633.641724    
   633.829224       634.016724    
   634.204285       634.391785    
   634.579346       634.766846    
   634.954346       635.141907    
   635.329407       635.516968    
   635.704468       635.891968    
   636.079529       636.267029    
   636.454529       636.642090    
   636.829590       637.017151    
   637.204651       637.392151    
   637.579712       637.767212    
   637.954773       638.142273    
   638.329773       638.517334    
   638.704834       638.892334    
   639.079895       639.267395    
   639.454956       639.642456    
   639.829956       640.017517    
   640.205017       640.392578    
   640.580078       640.767578    
   640.955139       641.142639    
   641.330139       641.517700    
   641.705200       641.892761    
   642.080261       642.267761    
   642.455322       642.642822    
   642.830383       643.017883    
   643.205383       643.392944    
   643.580444       643.767944    
   643.955505       644.143005    
   644.330566       644.518066    
   644.705566       644.893127    
   645.080627       645.268188    
   645.455688       645.643188    
   645.830750       646.018250    
   646.205750       646.393311    
   646.580811       646.768372    
   646.955872       647.143372    
   647.330933       647.518433    
   647.705994       647.893494    
   648.080994       648.268555    
   648.456055       648.643555    
   648.831116       649.018616    
   649.206177       649.393677    
   649.581177       649.768738    
   649.956238       650.143738    
   650.331299       650.518799    
   650.706360       650.893860    
   651.081360       651.268921    
   651.456421       651.643982    
   651.831482       652.018982    
   652.206543       652.394043    
   652.581543       652.769104    
   652.956604       653.144165    
   653.331665       653.519165    
   653.706726       653.894226    
   654.081787       654.269287    
   654.456787       654.644348    
   654.831848       655.019348    
   655.206909       655.394409    
   655.581970       655.769470    
   655.956970       656.144531    
   656.332031       656.519592    
   656.707092       656.894592    
   657.082153       657.269653    
   657.457153       657.644714    
   657.832214       658.019775    
   658.207275       658.394775    
   658.582336       658.769836    
   658.957397       659.144897    
   659.332397       659.519958    
   659.707458       659.894958    
   660.082520       660.270020    
   660.457581       660.645081    
   660.832581       661.020142    
   661.207642       661.395203    
   661.582703       661.770203    
   661.957764       662.145264    
   662.332764       662.520325    
   662.707825       662.895386    
   663.082886       663.270386    
   663.457947       663.645447    
   663.833008       664.020508    
   664.208008       664.395569    
   664.583069       664.770569    
   664.958130       665.145630    
   665.333191       665.520691    
   665.708191       665.895752    
   666.083252       666.270813    
   666.458313       666.645813    
   666.833374       667.020874    
   667.208374       667.395935    
   667.583435       667.770996    
   667.958496       668.145996    
   668.333557       668.521057    
   668.708618       668.896118    
   669.083618       669.271179    
   669.458679       669.646179    
   669.833740       670.021240    
   670.208801       670.396301    
   670.583801       670.771362    
   670.958862       671.146423    
   671.333923       671.521423    
   671.708984       671.896484    
   672.083984       672.271545    
   672.459045       672.646606    
   672.834106       673.021606    
   673.209167       673.396667    
   673.584229       673.771729    
   673.959229       674.146790    
   674.334290       674.521790    
   674.709351       674.896851    
   675.084412       675.271912    
   675.459412       675.646973    
   675.834473       676.021973    
   676.209534       676.397034    
   676.584595       676.772095    
   676.959595       677.147156    
   677.334656       677.522217    
   677.709717       677.897217    
   678.084778       678.272278    
   678.459778       678.647339    
   678.834839       679.022400    
   679.209900       679.397400    
   679.584961       679.772461    
   679.960022       680.147522    
   680.335022       680.522583    
   680.710083       680.897583    
   681.085144       681.272644    
   681.460205       681.647705    
   681.835205       682.022766    
   682.210266       682.397827    
   682.585327       682.772827    
   682.960388       683.147888    
   683.335388       683.522949    
   683.710449       683.898010    
   684.085510       684.273010    
   684.460571       684.648071    
   684.835632       685.023132    
   685.210632       685.398193    
   685.585693       685.773193    
   685.960754       686.148254    
   686.335815       686.523315    
   686.710815       686.898376    
   687.085876       687.273438    
   687.460938       687.648438    
   687.835999       688.023499    
   688.210999       688.398560    
   688.586060       688.773621    
   688.961121       689.148621    
   689.336182       689.523682    
   689.711243       689.898743    
   690.086243       690.273804    
   690.461304       690.648804    
   690.836365       691.023865    
   691.211426       691.398926    
   691.586426       691.773987    
   691.961487       692.149048    
   692.336548       692.524048    
   692.711609       692.899109    
   693.086609       693.274170    
   693.461670       693.649231    
   693.836731       694.024231    
   694.211792       694.399292    
   694.586853       694.774353    
   694.961853       695.149414    
   695.336914       695.524414    
   695.711975       695.899475    
   696.087036       696.274536    
   696.462036       696.649597    
   696.837097       697.024658    
   697.212158       697.399658    
   697.587219       697.774719    
   697.962219       698.149780    
   698.337280       698.524841    
   698.712341       698.899841    
   699.087402       699.274902    
   699.462402       699.649963    
   699.837463       700.025024    
   700.212524       700.400024    
   700.587585       700.775085    
   700.962646       701.150146    
   701.337646       701.525208    
   701.712708       701.900208    
   702.087769       702.275269    
   702.462830       702.650330    
   702.837830       703.025391    
   703.212891       703.400452    
   703.587952       703.775452    
   703.963013       704.150513    
   704.338013       704.525574    
   704.713074       704.900635    
   705.088135       705.275635    
   705.463196       705.650696    
   705.838257       706.025757    
   706.213257       706.400818    
   706.588318       706.775818    
   706.963379       707.150879    
   707.338440       707.525940    
   707.713440       707.901001    
   708.088501       708.276062    
   708.463562       708.651062    
   708.838623       709.026123    
   709.213623       709.401184    
   709.588684       709.776245    
   709.963745       710.151245    
   710.338806       710.526306    
   710.713867       710.901367    
   711.088867       711.276428    
   711.463928       711.651428    
   711.838989       712.026489    
   712.214050       712.401550    
   712.589050       712.776611    
   712.964111       713.151672    
   713.339172       713.526672    
   713.714233       713.901733    
   714.089233       714.276794    
   714.464294       714.651855    
   714.839355       715.026855    
   715.214417       715.401917    
   715.589478       715.776978    
   715.964478       716.152039    
   716.339539       716.527039    
   716.714600       716.902100    
   717.089661       717.277161    
   717.464661       717.652222    
   717.839722       718.027283    
   718.214783       718.402283    
   718.589844       718.777344    
   718.964844       719.152405    
   719.339905       719.527466    
   719.714966       719.902466    
   720.090027       720.277527    
   720.465088       720.652588    
   720.840088       721.027649    
   721.215149       721.402649    
   721.590210       721.777710    
   721.965271       722.152771    
   722.340271       722.527832    
   722.715332       722.902893    
   723.090393       723.277893    
   723.465454       723.652954    
   723.840454       724.028015    
   724.215515       724.403076    
   724.590576       724.778076    
   724.965637       725.153137    
   725.340637       725.528198    
   725.715698       725.903259    
   726.090759       726.278259    
   726.465820       726.653320    
   726.840881       727.028381    
   727.215881       727.403442    
   727.590942       727.778442    
   727.966003       728.153503    
   728.341064       728.528564    
   728.716064       728.903625    
   729.091125       729.278687    
   729.466187       729.653687    
   729.841248       730.028748    
   730.216248       730.403809    
   730.591309       730.778870    
   730.966370       731.153870    
   731.341431       731.528931    
   731.716492       731.903992    
   732.091492       732.279053    
   732.466553       732.654053    
   732.841614       733.029114    
   733.216675       733.404175    
   733.591675       733.779236    
   733.966736       734.154297    
   734.341797       734.529297    
   734.716858       734.904358    
   735.091858       735.279419    
   735.466919       735.654480    
   735.841980       736.029480    
   736.217041       736.404541    
   736.592102       736.779602    
   736.967102       737.154663    
   737.342163       737.529663    
   737.717224       737.904724    
   738.092285       738.279785    
   738.467285       738.654846    
   738.842346       739.029907    
   739.217407       739.404907    
   739.592468       739.779968    
   739.967468       740.155029    
   740.342529       740.530090    
   740.717590       740.905090    
   741.092651       741.280151    
   741.467712       741.655212    
   741.842712       742.030273    
   742.217773       742.405273    
   742.592834       742.780334    
   742.967896       743.155396    
   743.342896       743.530457    
   743.717957       743.905518    
   744.093018       744.280518    
   744.468079       744.655579    
   744.843079       745.030640    
   745.218140       745.405701    
   745.593201       745.780701    
   745.968262       746.155762    
   746.343323       746.530823    
   746.718323       746.905884    
   747.093384       747.280884    
   747.468445       747.655945    
   747.843506       748.031006    
   748.218506       748.406067    
   748.593567       748.781128    
   748.968628       749.156128    
   749.343689       749.531189    
   749.718689       749.906250    
   750.093750       750.281311    
   750.468811       750.656311    
   750.843872       751.031372    
   751.218872       751.406433    
   751.593933       751.781494    
   751.968994       752.156494    
   752.344055       752.531555    
   752.719116       752.906616    
   753.094116       753.281677    
   753.469177       753.656677    
   753.844238       754.031738    
   754.219299       754.406799    
   754.594299       754.781860    
   754.969360       755.156921    
   755.344421       755.531921    
   755.719482       755.906982    
   756.094482       756.282043    
   756.469543       756.657104    
   756.844604       757.032104    
   757.219666       757.407166    
   757.594727       757.782227    
   757.969727       758.157288    
   758.344788       758.532288    
   758.719849       758.907349    
   759.094910       759.282410    
   759.469910       759.657471    
   759.844971       760.032532    
   760.220032       760.407532    
   760.595093       760.782593    
   760.970093       761.157654    
   761.345154       761.532715    
   761.720215       761.907715    
   762.095276       762.282776    
   762.470337       762.657837    
   762.845337       763.032898    
   763.220398       763.407898    
   763.595459       763.782959    
   763.970520       764.158020    
   764.345520       764.533081    
   764.720581       764.908142    
   765.095642       765.283142    
   765.470703       765.658203    
   765.845703       766.033264    
   766.220764       766.408325    
   766.595825       766.783325    
   766.970886       767.158386    
   767.345947       767.533447    
   767.720947       767.908508    
   768.096008       768.283508    
   768.471069       768.658569    
   768.846130       769.033630    
   769.221130       769.408691    
   769.596191       769.783752    
   769.971252       770.158752    
   770.346313       770.533813    
   770.721313       770.908875    
   771.096375       771.283936    
   771.471436       771.658936    
   771.846497       772.033997    
   772.221558       772.409058    
   772.596558       772.784119    
   772.971619       773.159119    
   773.346680       773.534180    
   773.721741       773.909241    
   774.096741       774.284302    
   774.471802       774.659363    
   774.846863       775.034363    
   775.221924       775.409424    
   775.596924       775.784485    
   775.971985       776.159546    
   776.347046       776.534546    
   776.722107       776.909607    
   777.097107       777.284668    
   777.472168       777.659729    
   777.847229       778.034729    
   778.222290       778.409790    
   778.597351       778.784851    
   778.972351       779.159912    
   779.347412       779.534912    
   779.722473       779.909973    
   780.097534       780.285034    
   780.472534       780.660095    
   780.847595       781.035156    
   781.222656       781.410156    
   781.597717       781.785217    
   781.972717       782.160278    
   782.347778       782.535339    
   782.722839       782.910339    
   783.097900       783.285400    
   783.472961       783.660461    
   783.847961       784.035522    
   784.223022       784.410522    
   784.598083       784.785583    
   784.973145       785.160645    
   785.348145       785.535706    
   785.723206       785.910767    
   786.098267       786.285767    
   786.473328       786.660828    
   786.848328       787.035889    
   787.223389       787.410950    
   787.598450       787.785950    
   787.973511       788.161011    
   788.348572       788.536072    
   788.723572       788.911133    
   789.098633       789.286133    
   789.473694       789.661194    
   789.848755       790.036255    
   790.223755       790.411316    
   790.598816       790.786377    
   790.973877       791.161377    
   791.348938       791.536438    
   791.723938       791.911499    
   792.098999       792.286560    
   792.474060       792.661560    
   792.849121       793.036621    
   793.224182       793.411682    
   793.599182       793.786743    
   793.974243       794.161743    
   794.349304       794.536804    
   794.724365       794.911865    
   795.099365       795.286926    
   795.474426       795.661987    
   795.849487       796.036987    
   796.224548       796.412048    
   796.599548       796.787109    
   796.974609       797.162170    
   797.349670       797.537170    
   797.724731       797.912231    
   798.099792       798.287292    
   798.474792       798.662354    
   798.849854       799.037354    
   799.224915       799.412415    
   799.599976       799.787476    
   799.974976       800.162537    
   800.350037       800.537598    
   800.725098       800.912598    
   801.100159       801.287659    
   801.475159       801.662720    
   801.850220       802.037781    
   802.225281       802.412781    
   802.600342       802.787842    
   802.975342       803.162903    
   803.350403       803.537964    
   803.725464       803.912964    
   804.100525       804.288025    
   804.475586       804.663086    
   804.850586       805.038147    
   805.225647       805.413147    
   805.600708       805.788208    
   805.975769       806.163269    
   806.350769       806.538330    
   806.725830       806.913391    
   807.100891       807.288391    
   807.475952       807.663452    
   807.850952       808.038513    
   808.226013       808.413574    
   808.601074       808.788574    
   808.976135       809.163635    
   809.351196       809.538696    
   809.726196       809.913757    
   810.101257       810.288757    
   810.476318       810.663818    
   810.851379       811.038879    
   811.226379       811.413940    
   811.601440       811.789001    
   811.976501       812.164001    
   812.351562       812.539062    
   812.726562       812.914124    
   813.101624       813.289185    
   813.476685       813.664185    
   813.851746       814.039246    
   814.226807       814.414307    
   814.601807       814.789368    
   814.976868       815.164368    
   815.351929       815.539429    
   815.726990       815.914490    
   816.101990       816.289551    
   816.477051       816.664612    
   816.852112       817.039612    
   817.227173       817.414673    
   817.602173       817.789734    
   817.977234       818.164795    
   818.352295       818.539795    
   818.727356       818.914856    
   819.102417       819.289917    
   819.477417       819.664978    
   819.852478       820.039978    
   820.227539       820.415039    
   820.602600       820.790100    
   820.977600       821.165161    
   821.352661       821.540222    
   821.727722       821.915222    
   822.102783       822.290283    
   822.477783       822.665344    
   822.852844       823.040405    
   823.227905       823.415405    
   823.602966       823.790466    
   823.978027       824.165527    
   824.353027       824.540588    
   824.728088       824.915588    
   825.103149       825.290649    
   825.478210       825.665710    
   825.853210       826.040771    
   826.228271       826.415771    
   826.603333       826.790833    
   826.978394       827.165894    
   827.353394       827.540955    
   827.728455       827.916016    
   828.103516       828.291016    
   828.478577       828.666077    
   828.853577       829.041138    
   829.228638       829.416199    
   829.603699       829.791199    
   829.978760       830.166260    
   830.353821       830.541321    
   830.728821       830.916382    
   831.103882       831.291382    
   831.478943       831.666443    
   831.854004       832.041504    
   832.229004       832.416565    
   832.604065       832.791626    
   832.979126       833.166626    
   833.354187       833.541687    
   833.729187       833.916748    
   834.104248       834.291809    
   834.479309       834.666809    
   834.854370       835.041870    
   835.229431       835.416931    
   835.604431       835.791992    
   835.979492       836.166992    
   836.354553       836.542053    
   836.729614       836.917114    
   837.104614       837.292175    
   837.479675       837.667236    
   837.854736       838.042236    
   838.229797       838.417297    
   838.604797       838.792358    
   838.979858       839.167419    
   839.354919       839.542419    
   839.729980       839.917480    
   840.105042       840.292542    
   840.480042       840.667603    
   840.855103       841.042603    
   841.230164       841.417664    
   841.605225       841.792725    
   841.980225       842.167786    
   842.355286       842.542847    
   842.730347       842.917847    
   843.105408       843.292908    
   843.480408       843.667969    
   843.855469       844.043030    
   844.230530       844.418030    
   844.605591       844.793091    
   844.980652       845.168152    
   845.355652       845.543213    
   845.730713       845.918213    
   846.105774       846.293274    
   846.480835       846.668335    
   846.855835       847.043396    
   847.230896       847.418457    
   847.605957       847.793457    
   847.981018       848.168518    
   848.356018       848.543579    
   848.731079       848.918640    
   849.106140       849.293640    
   849.481201       849.668701    
   849.856262       850.043762    
   850.231262       850.418823    
   850.606323       850.793823    
   850.981384       851.168884    
   851.356445       851.543945    
   851.731445       851.919006    
   852.106506       852.294006    
   852.481567       852.669067    
   852.856628       853.044128    
   853.231628       853.419189    
   853.606689       853.794250    
   853.981750       854.169250    
   854.356812       854.544312    
   854.731812       854.919373    
   855.106873       855.294434    
   855.481934       855.669434    
   855.856995       856.044495    
   856.232056       856.419556    
   856.607056       856.794617    
   856.982117       857.169617    
   857.357178       857.544678    
   857.732239       857.919739    
   858.107239       858.294800    
   858.482300       858.669861    
   858.857361       859.044861    
   859.232422       859.419922    
   859.607422       859.794983    
   859.982483       860.170044    
   860.357544       860.545044    
   860.732605       860.920105    
   861.107666       861.295166    
   861.482666       861.670227    
   861.857727       862.045227    
   862.232788       862.420288    
   862.607849       862.795349    
   862.982849       863.170410    
   863.357910       863.545471    
   863.732971       863.920471    
   864.108032       864.295532    
   864.483032       864.670593    
   864.858093       865.045654    
   865.233154       865.420654    
   865.608215       865.795715    
   865.983276       866.170776    
   866.358276       866.545837    
   866.733337       866.920837    
   867.108398       867.295898    
   867.483459       867.670959    
   867.858459       868.046021    
   868.233521       868.421082    
   868.608582       868.796082    
   868.983643       869.171143    
   869.358643       869.546204    
   869.733704       869.921265    
   870.108765       870.296265    
   870.483826       870.671326    
   870.858887       871.046387    
   871.233887       871.421448    
   871.608948       871.796448    
   871.984009       872.171509    
   872.359070       872.546570    
   872.734070       872.921631    
   873.109131       873.296692    
   873.484192       873.671692    
   873.859253       874.046753    
   874.234253       874.421814    
   874.609314       874.796875    
   874.984375       875.171875    
   875.359436       875.546936    
   875.734497       875.921997    
   876.109497       876.297058    
   876.484558       876.672058    
   876.859619       877.047119    
   877.234680       877.422180    
   877.609680       877.797241    
   877.984741       878.172241    
   878.359802       878.547302    
   878.734863       878.922363    
   879.109863       879.297424    
   879.484924       879.672485    
   879.859985       880.047485    
   880.235046       880.422546    
   880.610046       880.797607    
   880.985107       881.172668    
   881.360168       881.547668    
   881.735229       881.922729    
   882.110291       882.297791    
   882.485291       882.672852    
   882.860352       883.047852    
   883.235413       883.422913    
   883.610474       883.797974    
   883.985474       884.173035    
   884.360535       884.548096    
   884.735596       884.923096    
   885.110657       885.298157    
   885.485657       885.673218    
   885.860718       886.048279    
   886.235779       886.423279    
   886.610840       886.798340    
   886.985901       887.173401    
   887.360901       887.548462    
   887.735962       887.923462    
   888.111023       888.298523    
   888.486084       888.673584    
   888.861084       889.048645    
   889.236145       889.423706    
   889.611206       889.798706    
   889.986267       890.173767    
   890.361267       890.548828    
   890.736328       890.923889    
   891.111389       891.298889    
   891.486450       891.673950    
   891.861511       892.049011    
   892.236511       892.424072    
   892.611572       892.799072    
   892.986633       893.174133    
   893.361694       893.549194    
   893.736694       893.924255    
   894.111755       894.299316    
   894.486816       894.674316    
   894.861877       895.049377    
   895.236877       895.424438    
   895.611938       895.799500    
   895.987000       896.174500    
   896.362061       896.549561    
   896.737122       896.924622    
   897.112122       897.299683    
   897.487183       897.674683    
   897.862244       898.049744    
   898.237305       898.424805    
   898.612305       898.799866    
   898.987366       899.174927    
   899.362427       899.549927    
   899.737488       899.924988    
   900.112488       900.300049    
   900.487549       900.675110    
   900.862610       901.050110    
   901.237671       901.425171    
   901.612732       901.800232    
   901.987732       902.175293    
   902.362793       902.550293    
   902.737854       902.925354    
   903.112915       903.300415    
   903.487915       903.675476    
   903.862976       904.050476    
   904.238037       904.425537    
   904.613098       904.800598    
   904.988098       905.175659    
   905.363159       905.550720    
   905.738220       905.925720    
   906.113281       906.300781    
   906.488281       906.675842    
   906.863342       907.050903    
   907.238403       907.425903    
   907.613464       907.800964    
   907.988525       908.176025    
   908.363525       908.551086    
   908.738586       908.926086    
   909.113647       909.301147    
   909.488708       909.676208    
   909.863708       910.051270    
   910.238770       910.426331    
   910.613831       910.801331    
   910.988892       911.176392    
   911.363892       911.551453    
   911.738953       911.926514    
   912.114014       912.301514    
   912.489075       912.676575    
   912.864136       913.051636    
   913.239136       913.426697    
   913.614197       913.801697    
   913.989258       914.176758    
   914.364319       914.551819    
   914.739319       914.926880    
   915.114380       915.301941    
   915.489441       915.676941    
   915.864502       916.052002    
   916.239502       916.427063    
   916.614563       916.802124    
   916.989624       917.177124    
   917.364685       917.552185    
   917.739746       917.927246    
   918.114746       918.302307    
   918.489807       918.677307    
   918.864868       919.052368    
   919.239929       919.427429    
   919.614929       919.802490    
   919.989990       920.177551    
   920.365051       920.552551    
   920.740112       920.927612    
   921.115112       921.302673    
   921.490173       921.677734    
   921.865234       922.052734    
   922.240295       922.427795    
   922.615356       922.802856    
   922.990356       923.177917    
   923.365417       923.552917    
   923.740479       923.927979    
   924.115540       924.303040    
   924.490540       924.678101    
   924.865601       925.053162    
   925.240662       925.428162    
   925.615723       925.803223    
   925.990723       926.178284    
   926.365784       926.553345    
   926.740845       926.928345    
   927.115906       927.303406    
   927.490967       927.678467    
   927.865967       928.053528    
   928.241028       928.428528    
   928.616089       928.803589    
   928.991150       929.178650    
   929.366150       929.553711    
   929.741211       929.928711    
   930.116272       930.303772    
   930.491333       930.678833    
   930.866333       931.053894    
   931.241394       931.428955    
   931.616455       931.803955    
   931.991516       932.179016    
   932.366516       932.554077    
   932.741577       932.929138    
   933.116638       933.304138    
   933.491699       933.679199    
   933.866760       934.054260    
   934.241760       934.429321    
   934.616821       934.804321    
   934.991882       935.179382    
   935.366943       935.554443    
   935.741943       935.929504    
   936.117004       936.304565    
   936.492065       936.679565    
   936.867126       937.054626    
   937.242126       937.429688    
   937.617188       937.804749    
   937.992249       938.179749    
   938.367310       938.554810    
   938.742371       938.929871    
   939.117371       939.304932    
   939.492432       939.679932    
   939.867493       940.054993    
   940.242554       940.430054    
   940.617554       940.805115    
   940.992615       941.180176    
   941.367676       941.555176    
   941.742737       941.930237    
   942.117737       942.305298    
   942.492798       942.680359    
   942.867859       943.055359    
   943.242920       943.430420    
   943.617981       943.805481    
   943.992981       944.180542    
   944.368042       944.555542    
   944.743103       944.930603    
   945.118164       945.305664    
   945.493164       945.680725    
   945.868225       946.055786    
   946.243286       946.430786    
   946.618347       946.805847    
   946.993347       947.180908    
   947.368408       947.555969    
   947.743469       947.930969    
   948.118530       948.306030    
   948.493591       948.681091    
   948.868591       949.056152    
   949.243652       949.431152    
   949.618713       949.806213    
   949.993774       950.181274    
   950.368774       950.556335    
   950.743835       950.931396    
   951.118896       951.306396    
   951.493958       951.681458    
   951.868958       952.056519    
   952.244019       952.431580    
   952.619080       952.806580    
   952.994141       953.181641    
   953.369202       953.556702    
   953.744202       953.931763    
   954.119263       954.306763    
   954.494324       954.681824    
   954.869385       955.056885    
   955.244385       955.431946    
   955.619446       955.806946    
   955.994507       956.182007    
   956.369568       956.557068    
   956.744568       956.932129    
   957.119629       957.307190    
   957.494690       957.682190    
   957.869751       958.057251    
   958.244751       958.432312    
   958.619812       958.807373    
   958.994873       959.182373    
   959.369934       959.557434    
   959.744995       959.932495    
   960.119995       960.307556    
   960.495056       960.682556    
   960.870117       961.057617    
   961.245178       961.432678    
   961.620178       961.807739    
   961.995239       962.182800    
   962.370300       962.557800    
   962.745361       962.932861    
   963.120361       963.307922    
   963.495422       963.682983    
   963.870483       964.057983    
   964.245544       964.433044    
   964.620605       964.808105    
   964.995605       965.183167    
   965.370667       965.558167    
   965.745728       965.933228    
   966.120789       966.308289    
   966.495789       966.683350    
   966.870850       967.058411    
   967.245911       967.433411    
   967.620972       967.808472    
   967.995972       968.183533    
   968.371033       968.558594    
   968.746094       968.933594    
   969.121155       969.308655    
   969.496216       969.683716    
   969.871216       970.058777    
   970.246277       970.433777    
   970.621338       970.808838    
   970.996399       971.183899    
   971.371399       971.558960    
   971.746460       971.934021    
   972.121521       972.309021    
   972.496582       972.684082    
   972.871582       973.059143    
   973.246643       973.434204    
   973.621704       973.809204    
   973.996765       974.184265    
   974.371826       974.559326    
   974.746826       974.934387    
   975.121887       975.309387    
   975.496948       975.684448    
   975.872009       976.059509    
   976.247009       976.434570    
   976.622070       976.809631    
   976.997131       977.184631    
   977.372192       977.559692    
   977.747192       977.934753    
   978.122253       978.309814    
   978.497314       978.684814    
   978.872375       979.059875    
   979.247375       979.434937    
   979.622437       979.809998    
   979.997498       980.184998    
   980.372559       980.560059    
   980.747620       980.935120    
   981.122620       981.310181    
   981.497681       981.685181    
   981.872742       982.060242    
   982.247803       982.435303    
   982.622803       982.810364    
   982.997864       983.185425    
   983.372925       983.560425    
   983.747986       983.935486    
   984.122986       984.310547    
   984.498047       984.685608    
   984.873108       985.060608    
   985.248169       985.435669    
   985.623230       985.810730    
   985.998230       986.185791    
   986.373291       986.560791    
   986.748352       986.935852    
   987.123413       987.310913    
   987.498413       987.685974    
   987.873474       988.061035    
   988.248535       988.436035    
   988.623596       988.811096    
   988.998596       989.186157    
   989.373657       989.561218    
   989.748718       989.936218    
   990.123779       990.311279    
   990.498840       990.686340    
   990.873840       991.061401    
   991.248901       991.436401    
   991.623962       991.811462    
   991.999023       992.186523    
   992.374023       992.561584    
   992.749084       992.936646    
   993.124146       993.311646    
   993.499207       993.686707    
   993.874207       994.061768    
   994.249268       994.436829    
   994.624329       994.811829    
   994.999390       995.186890    
   995.374451       995.561951    
   995.749451       995.937012    
   996.124512       996.312012    
   996.499573       996.687073    
   996.874634       997.062134    
   997.249634       997.437195    
   997.624695       997.812256    
   997.999756       998.187256    
   998.374817       998.562317    
   998.749817       998.937378    
   999.124878       999.312439    
   999.499939       999.687439    
   999.875000       1000.06250    
   1000.25006       1000.43756    
   1000.62506       1000.81262    
   1001.00012       1001.18762    
   1001.37518       1001.56268    
   1001.75024       1001.93774    
   1002.12524       1002.31281    
   1002.50031       1002.68787    
   1002.87537       1003.06287    
   1003.25043       1003.43793    
   1003.62543       1003.81299    
   1004.00049       1004.18805    
   1004.37555       1004.56305    
   1004.75061       1004.93811    
   1005.12561       1005.31317    
   1005.50067       1005.68823    
   1005.87573       1006.06323    
   1006.25079       1006.43829    
   1006.62585       1006.81335    
   1007.00085       1007.18842    
   1007.37592       1007.56342    
   1007.75098       1007.93848    
   1008.12604       1008.31354    
   1008.50104       1008.68860    
   1008.87610       1009.06366    
   1009.25116       1009.43866    
   1009.62622       1009.81372    
   1010.00122       1010.18878    
   1010.37628       1010.56384    
   1010.75134       1010.93884    
   1011.12640       1011.31390    
   1011.50146       1011.68896    
   1011.87646       1012.06403    
   1012.25153       1012.43903    
   1012.62659       1012.81409    
   1013.00165       1013.18915    
   1013.37665       1013.56421    
   1013.75171       1013.93927    
   1014.12677       1014.31427    
   1014.50183       1014.68933    
   1014.87683       1015.06439    
   1015.25189       1015.43945    
   1015.62695       1015.81445    
   1016.00201       1016.18951    
   1016.37708       1016.56458    
   1016.75208       1016.93964    
   1017.12714       1017.31464    
   1017.50220       1017.68970    
   1017.87726       1018.06476    
   1018.25226       1018.43982    
   1018.62732       1018.81488    
   1019.00238       1019.18988    
   1019.37744       1019.56494    
   1019.75244       1019.94000    
   1020.12750       1020.31506    
   1020.50256       1020.69006    
   1020.87762       1021.06512    
   1021.25269       1021.44019    
   1021.62769       1021.81525    
   1022.00275       1022.19025    
   1022.37781       1022.56531    
   1022.75287       1022.94037    
   1023.12787       1023.31543    
   1023.50293       1023.69049    
   1023.87799       1024.06555    
   1024.25305       1024.44055    
   1024.62805       1024.81555    
   1025.00317       1025.19067    
   1025.37817       1025.56567    
   1025.75317       1025.94080    
   1026.12830       1026.31580    
   1026.50330       1026.69080    
   1026.87842       1027.06592    
   1027.25342       1027.44092    
   1027.62842       1027.81592    
   1028.00354       1028.19104    
   1028.37854       1028.56604    
   1028.75354       1028.94116    
   1029.12866       1029.31616    
   1029.50366       1029.69116    
   1029.87878       1030.06628    
   1030.25378       1030.44128    
   1030.62878       1030.81641    
   1031.00391       1031.19141    
   1031.37891       1031.56641    
   1031.75403       1031.94153    
   1032.12903       1032.31653    
   1032.50403       1032.69153    
   1032.87915       1033.06665    
   1033.25415       1033.44165    
   1033.62915       1033.81677    
   1034.00427       1034.19177    
   1034.37927       1034.56677    
   1034.75439       1034.94189    
   1035.12939       1035.31689    
   1035.50439       1035.69202    
   1035.87952       1036.06702    
   1036.25452       1036.44202    
   1036.62964       1036.81714    
   1037.00464       1037.19214    
   1037.37964       1037.56714    
   1037.75476       1037.94226    
   1038.12976       1038.31726    
   1038.50476       1038.69238    
   1038.87988       1039.06738    
   1039.25488       1039.44238    
   1039.63000       1039.81750    
   1040.00500       1040.19250    
   1040.38000       1040.56763    
   1040.75513       1040.94263    
   1041.13013       1041.31763    
   1041.50525       1041.69275    
   1041.88025       1042.06775    
   1042.25525       1042.44275    
   1042.63037       1042.81787    
   1043.00537       1043.19287    
   1043.38037       1043.56799    
   1043.75549       1043.94299    
   1044.13049       1044.31799    
   1044.50562       1044.69312    
   1044.88062       1045.06812    
   1045.25562       1045.44324    
   1045.63074       1045.81824    
   1046.00574       1046.19324    
   1046.38074       1046.56836    
   1046.75586       1046.94336    
   1047.13086       1047.31836    
   1047.50598       1047.69348    
   1047.88098       1048.06848    
   1048.25598       1048.44360    
   1048.63110       1048.81860    
   1049.00610       1049.19360    
   1049.38123       1049.56873    
   1049.75623       1049.94373    
   1050.13123       1050.31885    
   1050.50635       1050.69385    
   1050.88135       1051.06885    
   1051.25635       1051.44397    
   1051.63147       1051.81897    
   1052.00647       1052.19397    
   1052.38159       1052.56909    
   1052.75659       1052.94409    
   1053.13159       1053.31921    
   1053.50671       1053.69421    
   1053.88171       1054.06921    
   1054.25684       1054.44434    
   1054.63184       1054.81934    
   1055.00684       1055.19446    
   1055.38196       1055.56946    
   1055.75696       1055.94446    
   1056.13196       1056.31958    
   1056.50708       1056.69458    
   1056.88208       1057.06958    
   1057.25720       1057.44470    
   1057.63220       1057.81970    
   1058.00720       1058.19482    
   1058.38232       1058.56982    
   1058.75732       1058.94482    
   1059.13245       1059.31995    
   1059.50745       1059.69495    
   1059.88245       1060.07007    
   1060.25757       1060.44507    
   1060.63257       1060.82007    
   1061.00757       1061.19519    
   1061.38269       1061.57019    
   1061.75769       1061.94519    
   1062.13281       1062.32031    
   1062.50781       1062.69531    
   1062.88281       1063.07043    
   1063.25793       1063.44543    
   1063.63293       1063.82043    
   1064.00806       1064.19556    
   1064.38306       1064.57056    
   1064.75806       1064.94568    
   1065.13318       1065.32068    
   1065.50818       1065.69568    
   1065.88318       1066.07080    
   1066.25830       1066.44580    
   1066.63330       1066.82080    
   1067.00842       1067.19592    
   1067.38342       1067.57092    
   1067.75842       1067.94604    
   1068.13354       1068.32104    
   1068.50854       1068.69604    
   1068.88367       1069.07117    
   1069.25867       1069.44617    
   1069.63367       1069.82117    
   1070.00879       1070.19629    
   1070.38379       1070.57129    
   1070.75879       1070.94641    
   1071.13391       1071.32141    
   1071.50891       1071.69641    
   1071.88403       1072.07153    
   1072.25903       1072.44653    
   1072.63403       1072.82166    
   1073.00916       1073.19666    
   1073.38416       1073.57166    
   1073.75928       1073.94678    
   1074.13428       1074.32178    
   1074.50928       1074.69678    
   1074.88440       1075.07190    
   1075.25940       1075.44690    
   1075.63440       1075.82202    
   1076.00952       1076.19702    
   1076.38452       1076.57202    
   1076.75964       1076.94714    
   1077.13464       1077.32214    
   1077.50964       1077.69727    
   1077.88477       1078.07227    
   1078.25977       1078.44727    
   1078.63489       1078.82239    
   1079.00989       1079.19739    
   1079.38489       1079.57239    
   1079.76001       1079.94751    
   1080.13501       1080.32251    
   1080.51001       1080.69763    
   1080.88513       1081.07263    
   1081.26013       1081.44763    
   1081.63525       1081.82275    
   1082.01025       1082.19775    
   1082.38525       1082.57288    
   1082.76038       1082.94788    
   1083.13538       1083.32288    
   1083.51050       1083.69800    
   1083.88550       1084.07300    
   1084.26050       1084.44800    
   1084.63562       1084.82312    
   1085.01062       1085.19812    
   1085.38562       1085.57324    
   1085.76074       1085.94824    
   1086.13574       1086.32324    
   1086.51086       1086.69836    
   1086.88586       1087.07336    
   1087.26086       1087.44849    
   1087.63599       1087.82349    
   1088.01099       1088.19849    
   1088.38611       1088.57361    
   1088.76111       1088.94861    
   1089.13611       1089.32361    
   1089.51123       1089.69873    
   1089.88623       1090.07373    
   1090.26123       1090.44885    
   1090.63635       1090.82385    
   1091.01135       1091.19885    
   1091.38647       1091.57397    
   1091.76147       1091.94897    
   1092.13647       1092.32410    
   1092.51160       1092.69910    
   1092.88660       1093.07410    
   1093.26160       1093.44922    
   1093.63672       1093.82422    
   1094.01172       1094.19922    
   1094.38684       1094.57434    
   1094.76184       1094.94934    
   1095.13684       1095.32446    
   1095.51196       1095.69946    
   1095.88696       1096.07446    
   1096.26208       1096.44958    
   1096.63708       1096.82458    
   1097.01208       1097.19971    
   1097.38721       1097.57471    
   1097.76221       1097.94971    
   1098.13721       1098.32483    
   1098.51233       1098.69983    
   1098.88733       1099.07483    
   1099.26245       1099.44995    
   1099.63745       1099.82495    
   1100.01245       1100.20007    
   1100.38757       1100.57507    
   1100.76257       1100.95007    
   1101.13770       1101.32520    
   1101.51270       1101.70020    
   1101.88770       1102.07532    
   1102.26282       1102.45032    
   1102.63782       1102.82532    
   1103.01282       1103.20044    
   1103.38794       1103.57544    
   1103.76294       1103.95044    
   1104.13806       1104.32556    
   1104.51306       1104.70056    
   1104.88806       1105.07568    
   1105.26318       1105.45068    
   1105.63818       1105.82568    
   1106.01331       1106.20081    
   1106.38831       1106.57581    
   1106.76331       1106.95093    
   1107.13843       1107.32593    
   1107.51343       1107.70093    
   1107.88843       1108.07605    
   1108.26355       1108.45105    
   1108.63855       1108.82605    
   1109.01367       1109.20117    
   1109.38867       1109.57617    
   1109.76367       1109.95129    
   1110.13879       1110.32629    
   1110.51379       1110.70129    
   1110.88892       1111.07642    
   1111.26392       1111.45142    
   1111.63892       1111.82654    
   1112.01404       1112.20154    
   1112.38904       1112.57654    
   1112.76404       1112.95166    
   1113.13916       1113.32666    
   1113.51416       1113.70166    
   1113.88928       1114.07678    
   1114.26428       1114.45178    
   1114.63928       1114.82690    
   1115.01440       1115.20190    
   1115.38940       1115.57690    
   1115.76453       1115.95203    
   1116.13953       1116.32703    
   1116.51453       1116.70215    
   1116.88965       1117.07715    
   1117.26465       1117.45215    
   1117.63965       1117.82727    
   1118.01477       1118.20227    
   1118.38977       1118.57727    
   1118.76489       1118.95239    
   1119.13989       1119.32739    
   1119.51489       1119.70251    
   1119.89001       1120.07751    
   1120.26501       1120.45251    
   1120.64014       1120.82764    
   1121.01514       1121.20264    
   1121.39014       1121.57764    
   1121.76526       1121.95276    
   1122.14026       1122.32776    
   1122.51526       1122.70288    
   1122.89038       1123.07788    
   1123.26538       1123.45288    
   1123.64050       1123.82800    
   1124.01550       1124.20300    
   1124.39050       1124.57812    
   1124.76562       1124.95312    
   1125.14062       1125.32812    
   1125.51575       1125.70325    
   1125.89075       1126.07825    
   1126.26575       1126.45325    
   1126.64087       1126.82837    
   1127.01587       1127.20337    
   1127.39087       1127.57849    
   1127.76599       1127.95349    
   1128.14099       1128.32849    
   1128.51611       1128.70361    
   1128.89111       1129.07861    
   1129.26611       1129.45374    
   1129.64124       1129.82874    
   1130.01624       1130.20374    
   1130.39136       1130.57886    
   1130.76636       1130.95386    
   1131.14136       1131.32886    
   1131.51648       1131.70398    
   1131.89148       1132.07898    
   1132.26648       1132.45410    
   1132.64160       1132.82910    
   1133.01660       1133.20410    
   1133.39172       1133.57922    
   1133.76672       1133.95422    
   1134.14172       1134.32935    
   1134.51685       1134.70435    
   1134.89185       1135.07935    
   1135.26697       1135.45447    
   1135.64197       1135.82947    
   1136.01697       1136.20447    
   1136.39209       1136.57959    
   1136.76709       1136.95459    
   1137.14209       1137.32971    
   1137.51721       1137.70471    
   1137.89221       1138.07971    
   1138.26733       1138.45483    
   1138.64233       1138.82983    
   1139.01733       1139.20496    
   1139.39246       1139.57996    
   1139.76746       1139.95496    
   1140.14258       1140.33008    
   1140.51758       1140.70508    
   1140.89258       1141.08008    
   1141.26770       1141.45520    
   1141.64270       1141.83020    
   1142.01770       1142.20532    
   1142.39282       1142.58032    
   1142.76782       1142.95532    
   1143.14294       1143.33044    
   1143.51794       1143.70544    
   1143.89294       1144.08057    
   1144.26807       1144.45557    
   1144.64307       1144.83057    
   1145.01807       1145.20569    
   1145.39319       1145.58069    
   1145.76819       1145.95569    
   1146.14331       1146.33081    
   1146.51831       1146.70581    
   1146.89331       1147.08093    
   1147.26843       1147.45593    
   1147.64343       1147.83093    
   1148.01855       1148.20605    
   1148.39355       1148.58105    
   1148.76855       1148.95618    
   1149.14368       1149.33118    
   1149.51868       1149.70618    
   1149.89368       1150.08130    
   1150.26880       1150.45630    
   1150.64380       1150.83130    
   1151.01892       1151.20642    
   1151.39392       1151.58142    
   1151.76892       1151.95654    
   1152.14404       1152.33154    
   1152.51904       1152.70654    
   1152.89417       1153.08167    
   1153.26917       1153.45667    
   1153.64417       1153.83179    
   1154.01929       1154.20679    
   1154.39429       1154.58179    
   1154.76929       1154.95691    
   1155.14441       1155.33191    
   1155.51941       1155.70691    
   1155.89453       1156.08203    
   1156.26953       1156.45703    
   1156.64453       1156.83215    
   1157.01965       1157.20715    
   1157.39465       1157.58215    
   1157.76978       1157.95728    
   1158.14478       1158.33228    
   1158.51978       1158.70740    
   1158.89490       1159.08240    
   1159.26990       1159.45740    
   1159.64490       1159.83252    
   1160.02002       1160.20752    
   1160.39502       1160.58252    
   1160.77014       1160.95764    
   1161.14514       1161.33264    
   1161.52014       1161.70776    
   1161.89526       1162.08276    
   1162.27026       1162.45776    
   1162.64539       1162.83289    
   1163.02039       1163.20789    
   1163.39539       1163.58301    
   1163.77051       1163.95801    
   1164.14551       1164.33301    
   1164.52051       1164.70813    
   1164.89563       1165.08313    
   1165.27063       1165.45813    
   1165.64575       1165.83325    
   1166.02075       1166.20825    
   1166.39575       1166.58337    
   1166.77087       1166.95837    
   1167.14587       1167.33337    
   1167.52100       1167.70850    
   1167.89600       1168.08350    
   1168.27100       1168.45862    
   1168.64612       1168.83362    
   1169.02112       1169.20862    
   1169.39612       1169.58374    
   1169.77124       1169.95874    
   1170.14624       1170.33374    
   1170.52136       1170.70886    
   1170.89636       1171.08386    
   1171.27136       1171.45898    
   1171.64648       1171.83398    
   1172.02148       1172.20898    
   1172.39661       1172.58411    
   1172.77161       1172.95911    
   1173.14661       1173.33411    
   1173.52173       1173.70923    
   1173.89673       1174.08423    
   1174.27173       1174.45935    
   1174.64685       1174.83435    
   1175.02185       1175.20935    
   1175.39697       1175.58447    
   1175.77197       1175.95947    
   1176.14697       1176.33459    
   1176.52209       1176.70959    
   1176.89709       1177.08459    
   1177.27222       1177.45972    
   1177.64722       1177.83472    
   1178.02222       1178.20972    
   1178.39734       1178.58484    
   1178.77234       1178.95984    
   1179.14734       1179.33496    
   1179.52246       1179.70996    
   1179.89746       1180.08496    
   1180.27258       1180.46008    
   1180.64758       1180.83508    
   1181.02258       1181.21021    
   1181.39771       1181.58521    
   1181.77271       1181.96021    
   1182.14783       1182.33533    
   1182.52283       1182.71033    
   1182.89783       1183.08533    
   1183.27295       1183.46045    
   1183.64795       1183.83545    
   1184.02295       1184.21057    
   1184.39807       1184.58557    
   1184.77307       1184.96057    
   1185.14819       1185.33569    
   1185.52319       1185.71069    
   1185.89819       1186.08582    
   1186.27332       1186.46082    
   1186.64832       1186.83582    
   1187.02344       1187.21094    
   1187.39844       1187.58594    
   1187.77344       1187.96094    
   1188.14856       1188.33606    
   1188.52356       1188.71106    
   1188.89856       1189.08618    
   1189.27368       1189.46118    
   1189.64868       1189.83618    
   1190.02380       1190.21130    
   1190.39880       1190.58630    
   1190.77380       1190.96143    
   1191.14893       1191.33643    
   1191.52393       1191.71143    
   1191.89905       1192.08655    
   1192.27405       1192.46155    
   1192.64905       1192.83655    
   1193.02417       1193.21167    
   1193.39917       1193.58667    
   1193.77417       1193.96179    
   1194.14929       1194.33679    
   1194.52429       1194.71179    
   1194.89941       1195.08691    
   1195.27441       1195.46191    
   1195.64941       1195.83704    
   1196.02454       1196.21204    
   1196.39954       1196.58704    
   1196.77454       1196.96216    
   1197.14966       1197.33716    
   1197.52466       1197.71216    
   1197.89978       1198.08728    
   1198.27478       1198.46228    
   1198.64978       1198.83740    
   1199.02490       1199.21240    
   1199.39990       1199.58740    
   1199.77502       1199.96252    
   1200.15002       1200.33752    
   1200.52502       1200.71265    
   1200.90015       1201.08765    
   1201.27515       1201.46265    
   1201.65015       1201.83777    
   1202.02527       1202.21277    
   1202.40027       1202.58777    
   1202.77539       1202.96289    
   1203.15039       1203.33789    
   1203.52539       1203.71301    
   1203.90051       1204.08801    
   1204.27551       1204.46301    
   1204.65063       1204.83813    
   1205.02563       1205.21313    
   1205.40063       1205.58826    
   1205.77576       1205.96326    
   1206.15076       1206.33826    
   1206.52576       1206.71338    
   1206.90088       1207.08838    
   1207.27588       1207.46338    
   1207.65100       1207.83850    
   1208.02600       1208.21350    
   1208.40100       1208.58862    
   1208.77612       1208.96362    
   1209.15112       1209.33862    
   1209.52625       1209.71375    
   1209.90125       1210.08875    
   1210.27625       1210.46387    
   1210.65137       1210.83887    
   1211.02637       1211.21387    
   1211.40137       1211.58899    
   1211.77649       1211.96399    
   1212.15149       1212.33899    
   1212.52661       1212.71411    
   1212.90161       1213.08911    
   1213.27661       1213.46423    
   1213.65173       1213.83923    
   1214.02673       1214.21423    
   1214.40186       1214.58936    
   1214.77686       1214.96436    
   1215.15186       1215.33948    
   1215.52698       1215.71448    
   1215.90198       1216.08948    
   1216.27698       1216.46460    
   1216.65210       1216.83960    
   1217.02710       1217.21460    
   1217.40222       1217.58972    
   1217.77722       1217.96472    
   1218.15222       1218.33984    
   1218.52734       1218.71484    
   1218.90234       1219.08984    
   1219.27747       1219.46497    
   1219.65247       1219.83997    
   1220.02747       1220.21509    
   1220.40259       1220.59009    
   1220.77759       1220.96509    
   1221.15259       1221.34021    
   1221.52771       1221.71521    
   1221.90271       1222.09021    
   1222.27783       1222.46533    
   1222.65283       1222.84033    
   1223.02783       1223.21545    
   1223.40295       1223.59045    
   1223.77795       1223.96545    
   1224.15308       1224.34058    
   1224.52808       1224.71558    
   1224.90308       1225.09058    
   1225.27820       1225.46570    
   1225.65320       1225.84070    
   1226.02820       1226.21582    
   1226.40332       1226.59082    
   1226.77832       1226.96582    
   1227.15344       1227.34094    
   1227.52844       1227.71594    
   1227.90344       1228.09106    
   1228.27856       1228.46606    
   1228.65356       1228.84106    
   1229.02869       1229.21619    
   1229.40369       1229.59119    
   1229.77869       1229.96619    
   1230.15381       1230.34131    
   1230.52881       1230.71631    
   1230.90381       1231.09143    
   1231.27893       1231.46643    
   1231.65393       1231.84143    
   1232.02905       1232.21655    
   1232.40405       1232.59155    
   1232.77905       1232.96667    
   1233.15417       1233.34167    
   1233.52917       1233.71667    
   1233.90430       1234.09180    
   1234.27930       1234.46680    
   1234.65430       1234.84180    
   1235.02942       1235.21692    
   1235.40442       1235.59192    
   1235.77942       1235.96704    
   1236.15454       1236.34204    
   1236.52954       1236.71704    
   1236.90466       1237.09216    
   1237.27966       1237.46716    
   1237.65466       1237.84229    
   1238.02979       1238.21729    
   1238.40479       1238.59229    
   1238.77991       1238.96741    
   1239.15491       1239.34241    
   1239.52991       1239.71741    
   1239.90503       1240.09253    
   1240.28003       1240.46753    
   1240.65503       1240.84265    
   1241.03015       1241.21765    
   1241.40515       1241.59265    
   1241.78027       1241.96777    
   1242.15527       1242.34277    
   1242.53027       1242.71790    
   1242.90540       1243.09290    
   1243.28040       1243.46790    
   1243.65552       1243.84302    
   1244.03052       1244.21802    
   1244.40552       1244.59302    
   1244.78064       1244.96814    
   1245.15564       1245.34314    
   1245.53064       1245.71826    
   1245.90576       1246.09326    
   1246.28076       1246.46826    
   1246.65588       1246.84338    
   1247.03088       1247.21838    
   1247.40588       1247.59351    
   1247.78101       1247.96851    
   1248.15601       1248.34351    
   1248.53101       1248.71863    
   1248.90613       1249.09363    
   1249.28113       1249.46863    
   1249.65625       1249.84375    
   1250.03125       1250.21875    
   1250.40625       1250.59387    
   1250.78137       1250.96887    
   1251.15637       1251.34387    
   1251.53149       1251.71899    
   1251.90649       1252.09399    
   1252.28149       1252.46912    
   1252.65662       1252.84412    
   1253.03162       1253.21912    
   1253.40662       1253.59424    
   1253.78174       1253.96924    
   1254.15674       1254.34424    
   1254.53186       1254.71936    
   1254.90686       1255.09436    
   1255.28186       1255.46948    
   1255.65698       1255.84448    
   1256.03198       1256.21948    
   1256.40710       1256.59460    
   1256.78210       1256.96960    
   1257.15710       1257.34473    
   1257.53223       1257.71973    
   1257.90723       1258.09473    
   1258.28223       1258.46985    
   1258.65735       1258.84485    
   1259.03235       1259.21985    
   1259.40747       1259.59497    
   1259.78247       1259.96997    
   1260.15747       1260.34509    
   1260.53259       1260.72009    
   1260.90759       1261.09509    
   1261.28271       1261.47021    
   1261.65771       1261.84521    
   1262.03271       1262.22034    
   1262.40784       1262.59534    
   1262.78284       1262.97034    
   1263.15784       1263.34546    
   1263.53296       1263.72046    
   1263.90796       1264.09546    
   1264.28308       1264.47058    
   1264.65808       1264.84558    
   1265.03308       1265.22070    
   1265.40820       1265.59570    
   1265.78320       1265.97070    
   1266.15833       1266.34583    
   1266.53333       1266.72083    
   1266.90833       1267.09595    
   1267.28345       1267.47095    
   1267.65845       1267.84595    
   1268.03345       1268.22107    
   1268.40857       1268.59607    
   1268.78357       1268.97107    
   1269.15869       1269.34619    
   1269.53369       1269.72119    
   1269.90869       1270.09631    
   1270.28381       1270.47131    
   1270.65881       1270.84631    
   1271.03394       1271.22144    
   1271.40894       1271.59644    
   1271.78394       1271.97144    
   1272.15906       1272.34656    
   1272.53406       1272.72156    
   1272.90906       1273.09668    
   1273.28418       1273.47168    
   1273.65918       1273.84668    
   1274.03430       1274.22180    
   1274.40930       1274.59680    
   1274.78430       1274.97192    
   1275.15942       1275.34692    
   1275.53442       1275.72192    
   1275.90955       1276.09705    
   1276.28455       1276.47205    
   1276.65955       1276.84705    
   1277.03467       1277.22217    
   1277.40967       1277.59717    
   1277.78467       1277.97229    
   1278.15979       1278.34729    
   1278.53479       1278.72229    
   1278.90991       1279.09741    
   1279.28491       1279.47241    
   1279.65991       1279.84753    
   1280.03503       1280.22253    
   1280.41003       1280.59753    
   1280.78516       1280.97266    
   1281.16016       1281.34766    
   1281.53516       1281.72266    
   1281.91028       1282.09778    
   1282.28528       1282.47278    
   1282.66028       1282.84790    
   1283.03540       1283.22290    
   1283.41040       1283.59790    
   1283.78552       1283.97302    
   1284.16052       1284.34802    
   1284.53552       1284.72314    
   1284.91064       1285.09814    
   1285.28564       1285.47314    
   1285.66077       1285.84827    
   1286.03577       1286.22327    
   1286.41077       1286.59827    
   1286.78589       1286.97339    
   1287.16089       1287.34839    
   1287.53589       1287.72351    
   1287.91101       1288.09851    
   1288.28601       1288.47351    
   1288.66113       1288.84863    
   1289.03613       1289.22363    
   1289.41113       1289.59875    
   1289.78625       1289.97375    
   1290.16125       1290.34875    
   1290.53638       1290.72388    
   1290.91138       1291.09888    
   1291.28638       1291.47388    
   1291.66150       1291.84900    
   1292.03650       1292.22400    
   1292.41150       1292.59912    
   1292.78662       1292.97412    
   1293.16162       1293.34912    
   1293.53674       1293.72424    
   1293.91174       1294.09924    
   1294.28674       1294.47437    
   1294.66187       1294.84937    
   1295.03687       1295.22437    
   1295.41199       1295.59949    
   1295.78699       1295.97449    
   1296.16199       1296.34949    
   1296.53711       1296.72461    
   1296.91211       1297.09961    
   1297.28711       1297.47473    
   1297.66223       1297.84973    
   1298.03723       1298.22473    
   1298.41235       1298.59985    
   1298.78735       1298.97485    
   1299.16235       1299.34998    
   1299.53748       1299.72498    
   1299.91248       1300.09998    
   1300.28748       1300.47510    
   1300.66260       1300.85010    
   1301.03760       1301.22510    
   1301.41272       1301.60022    
   1301.78772       1301.97522    
   1302.16272       1302.35034    
   1302.53784       1302.72534    
   1302.91284       1303.10034    
   1303.28796       1303.47546    
   1303.66296       1303.85046    
   1304.03796       1304.22559    
   1304.41309       1304.60059    
   1304.78809       1304.97559    
   1305.16309       1305.35071    
   1305.53821       1305.72571    
   1305.91321       1306.10071    
   1306.28833       1306.47583    
   1306.66333       1306.85083    
   1307.03833       1307.22595    
   1307.41345       1307.60095    
   1307.78845       1307.97595    
   1308.16357       1308.35107    
   1308.53857       1308.72607    
   1308.91357       1309.10120    
   1309.28870       1309.47620    
   1309.66370       1309.85120    
   1310.03870       1310.22632    
   1310.41382       1310.60132    
   1310.78882       1310.97632    
   1311.16394       1311.35144    
   1311.53894       1311.72644    
   1311.91394       1312.10156    
   1312.28906       1312.47656    
   1312.66406       1312.85156    
   1313.03918       1313.22668    
   1313.41418       1313.60168    
   1313.78918       1313.97681    
   1314.16431       1314.35181    
   1314.53931       1314.72681    
   1314.91431       1315.10193    
   1315.28943       1315.47693    
   1315.66443       1315.85193    
   1316.03955       1316.22705    
   1316.41455       1316.60205    
   1316.78955       1316.97717    
   1317.16467       1317.35217    
   1317.53967       1317.72717    
   1317.91479       1318.10229    
   1318.28979       1318.47729    
   1318.66479       1318.85242    
   1319.03992       1319.22742    
   1319.41492       1319.60242    
   1319.78992       1319.97754    
   1320.16504       1320.35254    
   1320.54004       1320.72754    
   1320.91516       1321.10266    
   1321.29016       1321.47766    
   1321.66516       1321.85278    
   1322.04028       1322.22778    
   1322.41528       1322.60278    
   1322.79041       1322.97791    
   1323.16541       1323.35291    
   1323.54041       1323.72791    
   1323.91553       1324.10303    
   1324.29053       1324.47803    
   1324.66553       1324.85315    
   1325.04065       1325.22815    
   1325.41565       1325.60315    
   1325.79077       1325.97827    
   1326.16577       1326.35327    
   1326.54077       1326.72839    
   1326.91589       1327.10339    
   1327.29089       1327.47839    
   1327.66602       1327.85352    
   1328.04102       1328.22852    
   1328.41602       1328.60352    
   1328.79114       1328.97864    
   1329.16614       1329.35364    
   1329.54114       1329.72876    
   1329.91626       1330.10376    
   1330.29126       1330.47876    
   1330.66638       1330.85388    
   1331.04138       1331.22888    
   1331.41638       1331.60400    
   1331.79150       1331.97900    
   1332.16650       1332.35400    
   1332.54163       1332.72913    
   1332.91663       1333.10413    
   1333.29163       1333.47913    
   1333.66675       1333.85425    
   1334.04175       1334.22925    
   1334.41675       1334.60437    
   1334.79187       1334.97937    
   1335.16687       1335.35437    
   1335.54199       1335.72949    
   1335.91699       1336.10449    
   1336.29199       1336.47961    
   1336.66711       1336.85461    
   1337.04211       1337.22961    
   1337.41724       1337.60474    
   1337.79224       1337.97974    
   1338.16724       1338.35474    
   1338.54236       1338.72986    
   1338.91736       1339.10486    
   1339.29236       1339.47998    
   1339.66748       1339.85498    
   1340.04248       1340.22998    
   1340.41760       1340.60510    
   1340.79260       1340.98010    
   1341.16760       1341.35522    
   1341.54272       1341.73022    
   1341.91772       1342.10522    
   1342.29285       1342.48035    
   1342.66785       1342.85535    
   1343.04285       1343.23035    
   1343.41797       1343.60547    
   1343.79297       1343.98047    
   1344.16797       1344.35559    
   1344.54309       1344.73059    
   1344.91809       1345.10559    
   1345.29321       1345.48071    
   1345.66821       1345.85571    
   1346.04321       1346.23083    
   1346.41833       1346.60583    
   1346.79333       1346.98083    
   1347.16846       1347.35596    
   1347.54346       1347.73096    
   1347.91846       1348.10596    
   1348.29358       1348.48108    
   1348.66858       1348.85608    
   1349.04358       1349.23120    
   1349.41870       1349.60620    
   1349.79370       1349.98120    
   1350.16882       1350.35632    
   1350.54382       1350.73132    
   1350.91882       1351.10645    
   1351.29395       1351.48145    
   1351.66895       1351.85645    
   1352.04395       1352.23157    
   1352.41907       1352.60657    
   1352.79407       1352.98157    
   1353.16919       1353.35669    
   1353.54419       1353.73169    
   1353.91919       1354.10681    
   1354.29431       1354.48181    
   1354.66931       1354.85681    
   1355.04443       1355.23193    
   1355.41943       1355.60693    
   1355.79443       1355.98206    
   1356.16956       1356.35706    
   1356.54456       1356.73206    
   1356.91956       1357.10718    
   1357.29468       1357.48218    
   1357.66968       1357.85718    
   1358.04480       1358.23230    
   1358.41980       1358.60730    
   1358.79480       1358.98242    
   1359.16992       1359.35742    
   1359.54492       1359.73242    
   1359.92004       1360.10754    
   1360.29504       1360.48254    
   1360.67004       1360.85767    
   1361.04517       1361.23267    
   1361.42017       1361.60767    
   1361.79517       1361.98279    
   1362.17029       1362.35779    
   1362.54529       1362.73279    
   1362.92041       1363.10791    
   1363.29541       1363.48291    
   1363.67041       1363.85803    
   1364.04553       1364.23303    
   1364.42053       1364.60803    
   1364.79565       1364.98315    
   1365.17065       1365.35815    
   1365.54565       1365.73328    
   1365.92078       1366.10828    
   1366.29578       1366.48328    
   1366.67078       1366.85840    
   1367.04590       1367.23340    
   1367.42090       1367.60840    
   1367.79602       1367.98352    
   1368.17102       1368.35852    
   1368.54602       1368.73364    
   1368.92114       1369.10864    
   1369.29614       1369.48364    
   1369.67126       1369.85876    
   1370.04626       1370.23376    
   1370.42126       1370.60889    
   1370.79639       1370.98389    
   1371.17139       1371.35889    
   1371.54639       1371.73401    
   1371.92151       1372.10901    
   1372.29651       1372.48401    
   1372.67163       1372.85913    
   1373.04663       1373.23413    
   1373.42163       1373.60925    
   1373.79675       1373.98425    
   1374.17175       1374.35925    
   1374.54688       1374.73438    
   1374.92188       1375.10938    
   1375.29688       1375.48438    
   1375.67200       1375.85950    
   1376.04700       1376.23450    
   1376.42200       1376.60962    
   1376.79712       1376.98462    
   1377.17212       1377.35962    
   1377.54724       1377.73474    
   1377.92224       1378.10974    
   1378.29724       1378.48486    
   1378.67236       1378.85986    
   1379.04736       1379.23486    
   1379.42249       1379.60999    
   1379.79749       1379.98499    
   1380.17249       1380.35999    
   1380.54761       1380.73511    
   1380.92261       1381.11011    
   1381.29761       1381.48523    
   1381.67273       1381.86023    
   1382.04773       1382.23523    
   1382.42285       1382.61035    
   1382.79785       1382.98535    
   1383.17285       1383.36047    
   1383.54797       1383.73547    
   1383.92297       1384.11047    
   1384.29810       1384.48560    
   1384.67310       1384.86060    
   1385.04810       1385.23560    
   1385.42322       1385.61072    
   1385.79822       1385.98572    
   1386.17322       1386.36084    
   1386.54834       1386.73584    
   1386.92334       1387.11084    
   1387.29846       1387.48596    
   1387.67346       1387.86096    
   1388.04846       1388.23608    
   1388.42358       1388.61108    
   1388.79858       1388.98608    
   1389.17371       1389.36121    
   1389.54871       1389.73621    
   1389.92371       1390.11121    
   1390.29883       1390.48633    
   1390.67383       1390.86133    
   1391.04883       1391.23645    
   1391.42395       1391.61145    
   1391.79895       1391.98645    
   1392.17407       1392.36157    
   1392.54907       1392.73657    
   1392.92407       1393.11169    
   1393.29919       1393.48669    
   1393.67419       1393.86169    
   1394.04932       1394.23682    
   1394.42432       1394.61182    
   1394.79932       1394.98682    
   1395.17444       1395.36194    
   1395.54944       1395.73694    
   1395.92444       1396.11206    
   1396.29956       1396.48706    
   1396.67456       1396.86206    
   1397.04968       1397.23718    
   1397.42468       1397.61218    
   1397.79968       1397.98730    
   1398.17480       1398.36230    
   1398.54980       1398.73730    
   1398.92480       1399.11243    
   1399.29993       1399.48743    
   1399.67493       1399.86243    
   1400.05005       1400.23755    
   1400.42505       1400.61255    
   1400.80005       1400.98767    
   1401.17517       1401.36267    
   1401.55017       1401.73767    
   1401.92529       1402.11279    
   1402.30029       1402.48779    
   1402.67529       1402.86292    
   1403.05042       1403.23792    
   1403.42542       1403.61292    
   1403.80042       1403.98804    
   1404.17554       1404.36304    
   1404.55054       1404.73804    
   1404.92566       1405.11316    
   1405.30066       1405.48816    
   1405.67566       1405.86328    
   1406.05078       1406.23828    
   1406.42578       1406.61328    
   1406.80090       1406.98840    
   1407.17590       1407.36340    
   1407.55090       1407.73853    
   1407.92603       1408.11353    
   1408.30103       1408.48853    
   1408.67603       1408.86365    
   1409.05115       1409.23865    
   1409.42615       1409.61365    
   1409.80127       1409.98877    
   1410.17627       1410.36377    
   1410.55127       1410.73889    
   1410.92639       1411.11389    
   1411.30139       1411.48889    
   1411.67651       1411.86401    
   1412.05151       1412.23901    
   1412.42651       1412.61414    
   1412.80164       1412.98914    
   1413.17664       1413.36414    
   1413.55164       1413.73926    
   1413.92676       1414.11426    
   1414.30176       1414.48926    
   1414.67688       1414.86438    
   1415.05188       1415.23938    
   1415.42688       1415.61450    
   1415.80200       1415.98950    
   1416.17700       1416.36450    
   1416.55212       1416.73962    
   1416.92712       1417.11462    
   1417.30212       1417.48975    
   1417.67725       1417.86475    
   1418.05225       1418.23975    
   1418.42725       1418.61487    
   1418.80237       1418.98987    
   1419.17737       1419.36487    
   1419.55249       1419.73999    
   1419.92749       1420.11499    
   1420.30249       1420.49011    
   1420.67761       1420.86511    
   1421.05261       1421.24011    
   1421.42773       1421.61523    
   1421.80273       1421.99023    
   1422.17773       1422.36536    
   1422.55286       1422.74036    
   1422.92786       1423.11536    
   1423.30286       1423.49048    
   1423.67798       1423.86548    
   1424.05298       1424.24048    
   1424.42810       1424.61560    
   1424.80310       1424.99060    
   1425.17810       1425.36572    
   1425.55322       1425.74072    
   1425.92822       1426.11572    
   1426.30334       1426.49084    
   1426.67834       1426.86584    
   1427.05334       1427.24084    
   1427.42847       1427.61597    
   1427.80347       1427.99097    
   1428.17847       1428.36609    
   1428.55359       1428.74109    
   1428.92859       1429.11609    
   1429.30371       1429.49121    
   1429.67871       1429.86621    
   1430.05371       1430.24133    
   1430.42883       1430.61633    
   1430.80383       1430.99133    
   1431.17896       1431.36646    
   1431.55396       1431.74146    
   1431.92896       1432.11646    
   1432.30408       1432.49158    
   1432.67908       1432.86658    
   1433.05408       1433.24170    
   1433.42920       1433.61670    
   1433.80420       1433.99170    
   1434.17932       1434.36682    
   1434.55432       1434.74182    
   1434.92932       1435.11694    
   1435.30444       1435.49194    
   1435.67944       1435.86694    
   1436.05457       1436.24207    
   1436.42957       1436.61707    
   1436.80457       1436.99207    
   1437.17969       1437.36719    
   1437.55469       1437.74219    
   1437.92969       1438.11731    
   1438.30481       1438.49231    
   1438.67981       1438.86731    
   1439.05493       1439.24243    
   1439.42993       1439.61743    
   1439.80493       1439.99255    
   1440.18005       1440.36755    
   1440.55505       1440.74255    
   1440.93018       1441.11768    
   1441.30518       1441.49268    
   1441.68018       1441.86768    
   1442.05530       1442.24280    
   1442.43030       1442.61780    
   1442.80530       1442.99292    
   1443.18042       1443.36792    
   1443.55542       1443.74292    
   1443.93054       1444.11804    
   1444.30554       1444.49304    
   1444.68054       1444.86816    
   1445.05566       1445.24316    
   1445.43066       1445.61816    
   1445.80579       1445.99329    
   1446.18079       1446.36829    
   1446.55579       1446.74329    
   1446.93091       1447.11841    
   1447.30591       1447.49341    
   1447.68091       1447.86853    
   1448.05603       1448.24353    
   1448.43103       1448.61853    
   1448.80615       1448.99365    
   1449.18115       1449.36865    
   1449.55615       1449.74377    
   1449.93127       1450.11877    
   1450.30627       1450.49377    
   1450.68127       1450.86890    
   1451.05640       1451.24390    
   1451.43140       1451.61890    
   1451.80652       1451.99402    
   1452.18152       1452.36902    
   1452.55652       1452.74414    
   1452.93164       1453.11914    
   1453.30664       1453.49414    
   1453.68176       1453.86926    
   1454.05676       1454.24426    
   1454.43176       1454.61938    
   1454.80688       1454.99438    
   1455.18188       1455.36938    
   1455.55688       1455.74451    
   1455.93201       1456.11951    
   1456.30701       1456.49451    
   1456.68213       1456.86963    
   1457.05713       1457.24463    
   1457.43213       1457.61975    
   1457.80725       1457.99475    
   1458.18225       1458.36975    
   1458.55737       1458.74487    
   1458.93237       1459.11987    
   1459.30737       1459.49500    
   1459.68250       1459.87000    
   1460.05750       1460.24500    
   1460.43250       1460.62012    
   1460.80762       1460.99512    
   1461.18262       1461.37012    
   1461.55774       1461.74524    
   1461.93274       1462.12024    
   1462.30774       1462.49536    
   1462.68286       1462.87036    
   1463.05786       1463.24536    
   1463.43298       1463.62048    
   1463.80798       1463.99548    
   1464.18298       1464.37061    
   1464.55811       1464.74561    
   1464.93311       1465.12061    
   1465.30811       1465.49573    
   1465.68323       1465.87073    
   1466.05823       1466.24573    
   1466.43335       1466.62085    
   1466.80835       1466.99585    
   1467.18335       1467.37097    
   1467.55847       1467.74597    
   1467.93347       1468.12097    
   1468.30859       1468.49609    
   1468.68359       1468.87109    
   1469.05859       1469.24622    
   1469.43372       1469.62122    
   1469.80872       1469.99622    
   1470.18372       1470.37134    
   1470.55884       1470.74634    
   1470.93384       1471.12134    
   1471.30896       1471.49646    
   1471.68396       1471.87146    
   1472.05896       1472.24658    
   1472.43408       1472.62158    
   1472.80908       1472.99658    
   1473.18420       1473.37170    
   1473.55920       1473.74670    
   1473.93420       1474.12183    
   1474.30933       1474.49683    
   1474.68433       1474.87183    
   1475.05933       1475.24695    
   1475.43445       1475.62195    
   1475.80945       1475.99695    
   1476.18457       1476.37207    
   1476.55957       1476.74707    
   1476.93457       1477.12219    
   1477.30969       1477.49719    
   1477.68469       1477.87219    
   1478.05981       1478.24731    
   1478.43481       1478.62231    
   1478.80981       1478.99731    
   1479.18494       1479.37244    
   1479.55994       1479.74744    
   1479.93494       1480.12256    
   1480.31006       1480.49756    
   1480.68506       1480.87256    
   1481.06018       1481.24768    
   1481.43518       1481.62268    
   1481.81018       1481.99780    
   1482.18530       1482.37280    
   1482.56030       1482.74780    
   1482.93542       1483.12292    
   1483.31042       1483.49792    
   1483.68542       1483.87292    
   1484.06055       1484.24805    
   1484.43555       1484.62305    
   1484.81055       1484.99817    
   1485.18567       1485.37317    
   1485.56067       1485.74817    
   1485.93579       1486.12329    
   1486.31079       1486.49829    
   1486.68579       1486.87341    
   1487.06091       1487.24841    
   1487.43591       1487.62341    
   1487.81104       1487.99854    
   1488.18604       1488.37354    
   1488.56104       1488.74854    
   1488.93616       1489.12366    
   1489.31116       1489.49866    
   1489.68616       1489.87378    
   1490.06128       1490.24878    
   1490.43628       1490.62378    
   1490.81140       1490.99890    
   1491.18640       1491.37390    
   1491.56140       1491.74902    
   1491.93652       1492.12402    
   1492.31152       1492.49902    
   1492.68665       1492.87415    
   1493.06165       1493.24915    
   1493.43665       1493.62415    
   1493.81177       1493.99927    
   1494.18677       1494.37427    
   1494.56177       1494.74939    
   1494.93689       1495.12439    
   1495.31189       1495.49939    
   1495.68701       1495.87451    
   1496.06201       1496.24951    
   1496.43701       1496.62463    
   1496.81213       1496.99963    
   1497.18713       1497.37463    
   1497.56226       1497.74976    
   1497.93726       1498.12476    
   1498.31226       1498.49976    
   1498.68738       1498.87488    
   1499.06238       1499.24988    
   1499.43738       1499.62500    
   1499.81250       1500.00000    
   1500.18750       1500.37500    
   1500.56262       1500.75012    
   1500.93762       1501.12512    
   1501.31262       1501.50024    
   1501.68774       1501.87524    
   1502.06274       1502.25024    
   1502.43774       1502.62537    
   1502.81287       1503.00037    
   1503.18787       1503.37537    
   1503.56299       1503.75049    
   1503.93799       1504.12549    
   1504.31299       1504.50061    
   1504.68811       1504.87561    
   1505.06311       1505.25061    
   1505.43823       1505.62573    
   1505.81323       1506.00073    
   1506.18823       1506.37585    
   1506.56335       1506.75085    
   1506.93835       1507.12585    
   1507.31335       1507.50098    
   1507.68848       1507.87598    
   1508.06348       1508.25098    
   1508.43860       1508.62610    
   1508.81360       1509.00110    
   1509.18860       1509.37622    
   1509.56372       1509.75122    
   1509.93872       1510.12622    
   1510.31384       1510.50134    
   1510.68884       1510.87634    
   1511.06384       1511.25146    
   1511.43896       1511.62646    
   1511.81396       1512.00146    
   1512.18896       1512.37659    
   1512.56409       1512.75159    
   1512.93909       1513.12659    
   1513.31421       1513.50171    
   1513.68921       1513.87671    
   1514.06421       1514.25183    
   1514.43933       1514.62683    
   1514.81433       1515.00183    
   1515.18945       1515.37695    
   1515.56445       1515.75195    
   1515.93945       1516.12708    
   1516.31458       1516.50208    
   1516.68958       1516.87708    
   1517.06458       1517.25220    
   1517.43970       1517.62720    
   1517.81470       1518.00220    
   1518.18982       1518.37732    
   1518.56482       1518.75232    
   1518.93982       1519.12744    
   1519.31494       1519.50244    
   1519.68994       1519.87744    
   1520.06506       1520.25256    
   1520.44006       1520.62756    
   1520.81506       1521.00269    
   1521.19019       1521.37769    
   1521.56519       1521.75269    
   1521.94019       1522.12781    
   1522.31531       1522.50281    
   1522.69031       1522.87781    
   1523.06543       1523.25293    
   1523.44043       1523.62793    
   1523.81543       1524.00305    
   1524.19055       1524.37805    
   1524.56555       1524.75305    
   1524.94067       1525.12817    
   1525.31567       1525.50317    
   1525.69067       1525.87817    
   1526.06580       1526.25330    
   1526.44080       1526.62830    
   1526.81580       1527.00342    
   1527.19092       1527.37842    
   1527.56592       1527.75342    
   1527.94104       1528.12854    
   1528.31604       1528.50354    
   1528.69104       1528.87866    
   1529.06616       1529.25366    
   1529.44116       1529.62866    
   1529.81628       1530.00378    
   1530.19128       1530.37878    
   1530.56628       1530.75378    
   1530.94141       1531.12891    
   1531.31641       1531.50391    
   1531.69141       1531.87903    
   1532.06653       1532.25403    
   1532.44153       1532.62903    
   1532.81665       1533.00415    
   1533.19165       1533.37915    
   1533.56665       1533.75427    
   1533.94177       1534.12927    
   1534.31677       1534.50427    
   1534.69189       1534.87939    
   1535.06689       1535.25439    
   1535.44189       1535.62939    
   1535.81702       1536.00452    
   1536.19202       1536.37952    
   1536.56702       1536.75464    
   1536.94214       1537.12964    
   1537.31714       1537.50464    
   1537.69226       1537.87976    
   1538.06726       1538.25476    
   1538.44226       1538.62988    
   1538.81738       1539.00488    
   1539.19238       1539.37988    
   1539.56750       1539.75500    
   1539.94250       1540.13000    
   1540.31750       1540.50500    
   1540.69263       1540.88013    
   1541.06763       1541.25513    
   1541.44263       1541.63025    
   1541.81775       1542.00525    
   1542.19275       1542.38025    
   1542.56787       1542.75537    
   1542.94287       1543.13037    
   1543.31787       1543.50549    
   1543.69299       1543.88049    
   1544.06799       1544.25549    
   1544.44312       1544.63062    
   1544.81812       1545.00562    
   1545.19312       1545.38062    
   1545.56824       1545.75574    
   1545.94324       1546.13074    
   1546.31824       1546.50586    
   1546.69336       1546.88086    
   1547.06836       1547.25586    
   1547.44348       1547.63098    
   1547.81848       1548.00598    
   1548.19348       1548.38110    
   1548.56860       1548.75610    
   1548.94360       1549.13110    
   1549.31873       1549.50623    
   1549.69373       1549.88123    
   1550.06873       1550.25623    
   1550.44385       1550.63135    
   1550.81885       1551.00635    
   1551.19385       1551.38147    
   1551.56897       1551.75647    
   1551.94397       1552.13147    
   1552.31909       1552.50659    
   1552.69409       1552.88159    
   1553.06909       1553.25671    
   1553.44421       1553.63171    
   1553.81921       1554.00671    
   1554.19421       1554.38184    
   1554.56934       1554.75684    
   1554.94434       1555.13184    
   1555.31946       1555.50696    
   1555.69446       1555.88196    
   1556.06946       1556.25708    
   1556.44458       1556.63208    
   1556.81958       1557.00708    
   1557.19470       1557.38220    
   1557.56970       1557.75720    
   1557.94470       1558.13232    
   1558.31982       1558.50732    
   1558.69482       1558.88232    
   1559.06982       1559.25745    
   1559.44495       1559.63245    
   1559.81995       1560.00745    
   1560.19507       1560.38257    
   1560.57007       1560.75757    
   1560.94507       1561.13269    
   1561.32019       1561.50769    
   1561.69519       1561.88269    
   1562.07031       1562.25781    
   1562.44531       1562.63281    
   1562.82031       1563.00793    
   1563.19543       1563.38293    
   1563.57043       1563.75793    
   1563.94543       1564.13306    
   1564.32056       1564.50806    
   1564.69556       1564.88306    
   1565.07068       1565.25818    
   1565.44568       1565.63318    
   1565.82068       1566.00830    
   1566.19580       1566.38330    
   1566.57080       1566.75830    
   1566.94592       1567.13342    
   1567.32092       1567.50842    
   1567.69592       1567.88354    
   1568.07104       1568.25854    
   1568.44604       1568.63354    
   1568.82104       1569.00867    
   1569.19617       1569.38367    
   1569.57117       1569.75867    
   1569.94629       1570.13379    
   1570.32129       1570.50879    
   1570.69629       1570.88391    
   1571.07141       1571.25891    
   1571.44641       1571.63391    
   1571.82153       1572.00903    
   1572.19653       1572.38403    
   1572.57153       1572.75916    
   1572.94666       1573.13416    
   1573.32166       1573.50916    
   1573.69666       1573.88428    
   1574.07178       1574.25928    
   1574.44678       1574.63428    
   1574.82190       1575.00940    
   1575.19690       1575.38440    
   1575.57190       1575.75952    
   1575.94702       1576.13452    
   1576.32202       1576.50952    
   1576.69714       1576.88464    
   1577.07214       1577.25964    
   1577.44714       1577.63464    
   1577.82227       1578.00977    
   1578.19727       1578.38477    
   1578.57227       1578.75989    
   1578.94739       1579.13489    
   1579.32239       1579.50989    
   1579.69751       1579.88501    
   1580.07251       1580.26001    
   1580.44751       1580.63513    
   1580.82263       1581.01013    
   1581.19763       1581.38513    
   1581.57275       1581.76025    
   1581.94775       1582.13525    
   1582.32275       1582.51025    
   1582.69788       1582.88538    
   1583.07288       1583.26038    
   1583.44788       1583.63550    
   1583.82300       1584.01050    
   1584.19800       1584.38550    
   1584.57312       1584.76062    
   1584.94812       1585.13562    
   1585.32312       1585.51074    
   1585.69824       1585.88574    
   1586.07324       1586.26074    
   1586.44836       1586.63586    
   1586.82336       1587.01086    
   1587.19836       1587.38586    
   1587.57349       1587.76099    
   1587.94849       1588.13599    
   1588.32349       1588.51111    
   1588.69861       1588.88611    
   1589.07361       1589.26111    
   1589.44873       1589.63623    
   1589.82373       1590.01123    
   1590.19873       1590.38635    
   1590.57385       1590.76135    
   1590.94885       1591.13635    
   1591.32397       1591.51147    
   1591.69897       1591.88647    
   1592.07397       1592.26147    
   1592.44910       1592.63660    
   1592.82410       1593.01160    
   1593.19910       1593.38672    
   1593.57422       1593.76172    
   1593.94922       1594.13672    
   1594.32434       1594.51184    
   1594.69934       1594.88684    
   1595.07434       1595.26196    
   1595.44946       1595.63696    
   1595.82446       1596.01196    
   1596.19958       1596.38708    
   1596.57458       1596.76208    
   1596.94958       1597.13708    
   1597.32471       1597.51221    
   1597.69971       1597.88721    
   1598.07471       1598.26233    
   1598.44983       1598.63733    
   1598.82483       1599.01233    
   1599.19995       1599.38745    
   1599.57495       1599.76245    
   1599.94995       1600.13757    
   1600.32507       1600.51257    
   1600.70007       1600.88757    
   1601.07520       1601.26270    
   1601.45020       1601.63770    
   1601.82520       1602.01270    
   1602.20032       1602.38782    
   1602.57532       1602.76282    
   1602.95032       1603.13794    
   1603.32544       1603.51294    
   1603.70044       1603.88794    
   1604.07556       1604.26306    
   1604.45056       1604.63806    
   1604.82556       1605.01318    
   1605.20068       1605.38818    
   1605.57568       1605.76318    
   1605.95068       1606.13831    
   1606.32581       1606.51331    
   1606.70081       1606.88831    
   1607.07593       1607.26343    
   1607.45093       1607.63843    
   1607.82593       1608.01355    
   1608.20105       1608.38855    
   1608.57605       1608.76355    
   1608.95117       1609.13867    
   1609.32617       1609.51367    
   1609.70117       1609.88879    
   1610.07629       1610.26379    
   1610.45129       1610.63879    
   1610.82629       1611.01392    
   1611.20142       1611.38892    
   1611.57642       1611.76392    
   1611.95154       1612.13904    
   1612.32654       1612.51404    
   1612.70154       1612.88916    
   1613.07666       1613.26416    
   1613.45166       1613.63916    
   1613.82678       1614.01428    
   1614.20178       1614.38928    
   1614.57678       1614.76440    
   1614.95190       1615.13940    
   1615.32690       1615.51440    
   1615.70190       1615.88953    
   1616.07703       1616.26453    
   1616.45203       1616.63953    
   1616.82715       1617.01465    
   1617.20215       1617.38965    
   1617.57715       1617.76477    
   1617.95227       1618.13977    
   1618.32727       1618.51477    
   1618.70239       1618.88989    
   1619.07739       1619.26489    
   1619.45239       1619.64001    
   1619.82751       1620.01501    
   1620.20251       1620.39001    
   1620.57751       1620.76514    
   1620.95264       1621.14014    
   1621.32764       1621.51514    
   1621.70276       1621.89026    
   1622.07776       1622.26526    
   1622.45276       1622.64038    
   1622.82788       1623.01538    
   1623.20288       1623.39038    
   1623.57800       1623.76550    
   1623.95300       1624.14050    
   1624.32800       1624.51562    
   1624.70312       1624.89062    
   1625.07812       1625.26562    
   1625.45312       1625.64075    
   1625.82825       1626.01575    
   1626.20325       1626.39075    
   1626.57837       1626.76587    
   1626.95337       1627.14087    
   1627.32837       1627.51599    
   1627.70349       1627.89099    
   1628.07849       1628.26599    
   1628.45361       1628.64111    
   1628.82861       1629.01611    
   1629.20361       1629.39111    
   1629.57874       1629.76624    
   1629.95374       1630.14124    
   1630.32874       1630.51636    
   1630.70386       1630.89136    
   1631.07886       1631.26636    
   1631.45398       1631.64148    
   1631.82898       1632.01648    
   1632.20398       1632.39160    
   1632.57910       1632.76660    
   1632.95410       1633.14160    
   1633.32922       1633.51672    
   1633.70422       1633.89172    
   1634.07922       1634.26672    
   1634.45435       1634.64185    
   1634.82935       1635.01685    
   1635.20435       1635.39197    
   1635.57947       1635.76697    
   1635.95447       1636.14197    
   1636.32959       1636.51709    
   1636.70459       1636.89209    
   1637.07959       1637.26721    
   1637.45471       1637.64221    
   1637.82971       1638.01721    
   1638.20483       1638.39233    
   1638.57983       1638.76733    
   1638.95483       1639.14233    
   1639.32996       1639.51746    
   1639.70496       1639.89246    
   1640.07996       1640.26758    
   1640.45508       1640.64258    
   1640.83008       1641.01758    
   1641.20520       1641.39270    
   1641.58020       1641.76770    
   1641.95520       1642.14282    
   1642.33032       1642.51782    
   1642.70532       1642.89282    
   1643.08044       1643.26794    
   1643.45544       1643.64294    
   1643.83044       1644.01794    
   1644.20557       1644.39307    
   1644.58057       1644.76807    
   1644.95557       1645.14319    
   1645.33069       1645.51819    
   1645.70569       1645.89319    
   1646.08081       1646.26831    
   1646.45581       1646.64331    
   1646.83081       1647.01843    
   1647.20593       1647.39343    
   1647.58093       1647.76843    
   1647.95605       1648.14355    
   1648.33105       1648.51855    
   1648.70605       1648.89355    
   1649.08118       1649.26868    
   1649.45618       1649.64368    
   1649.83118       1650.01880    
   1650.20630       1650.39380    
   1650.58130       1650.76880    
   1650.95642       1651.14392    
   1651.33142       1651.51892    
   1651.70642       1651.89404    
   1652.08154       1652.26904    
   1652.45654       1652.64404    
   1652.83154       1653.01917    
   1653.20667       1653.39417    
   1653.58167       1653.76917    
   1653.95679       1654.14429    
   1654.33179       1654.51929    
   1654.70679       1654.89441    
   1655.08191       1655.26941    
   1655.45691       1655.64441    
   1655.83203       1656.01953    
   1656.20703       1656.39453    
   1656.58203       1656.76965    
   1656.95715       1657.14465    
   1657.33215       1657.51965    
   1657.70715       1657.89478    
   1658.08228       1658.26978    
   1658.45728       1658.64478    
   1658.83240       1659.01990    
   1659.20740       1659.39490    
   1659.58240       1659.77002    
   1659.95752       1660.14502    
   1660.33252       1660.52002    
   1660.70764       1660.89514    
   1661.08264       1661.27014    
   1661.45764       1661.64526    
   1661.83276       1662.02026    
   1662.20776       1662.39526    
   1662.58276       1662.77039    
   1662.95789       1663.14539    
   1663.33289       1663.52039    
   1663.70801       1663.89551    
   1664.08301       1664.27051    
   1664.45801       1664.64563    
   1664.83313       1665.02063    
   1665.20813       1665.39563    
   1665.58325       1665.77075    
   1665.95825       1666.14575    
   1666.33325       1666.52087    
   1666.70837       1666.89587    
   1667.08337       1667.27087    
   1667.45837       1667.64600    
   1667.83350       1668.02100    
   1668.20850       1668.39600    
   1668.58362       1668.77112    
   1668.95862       1669.14612    
   1669.33362       1669.52124    
   1669.70874       1669.89624    
   1670.08374       1670.27124    
   1670.45886       1670.64636    
   1670.83386       1671.02136    
   1671.20886       1671.39648    
   1671.58398       1671.77148    
   1671.95898       1672.14648    
   1672.33398       1672.52161    
   1672.70911       1672.89661    
   1673.08411       1673.27161    
   1673.45923       1673.64673    
   1673.83423       1674.02173    
   1674.20923       1674.39685    
   1674.58435       1674.77185    
   1674.95935       1675.14685    
   1675.33447       1675.52197    
   1675.70947       1675.89697    
   1676.08447       1676.27209    
   1676.45959       1676.64709    
   1676.83459       1677.02209    
   1677.20959       1677.39722    
   1677.58472       1677.77222    
   1677.95972       1678.14722    
   1678.33484       1678.52234    
   1678.70984       1678.89734    
   1679.08484       1679.27246    
   1679.45996       1679.64746    
   1679.83496       1680.02246    
   1680.21008       1680.39758    
   1680.58508       1680.77258    
   1680.96008       1681.14758    
   1681.33521       1681.52271    
   1681.71021       1681.89771    
   1682.08521       1682.27283    
   1682.46033       1682.64783    
   1682.83533       1683.02283    
   1683.21045       1683.39795    
   1683.58545       1683.77295    
   1683.96045       1684.14807    
   1684.33557       1684.52307    
   1684.71057       1684.89807    
   1685.08569       1685.27319    
   1685.46069       1685.64819    
   1685.83569       1686.02319    
   1686.21082       1686.39832    
   1686.58582       1686.77332    
   1686.96082       1687.14844    
   1687.33594       1687.52344    
   1687.71094       1687.89844    
   1688.08606       1688.27356    
   1688.46106       1688.64856    
   1688.83606       1689.02368    
   1689.21118       1689.39868    
   1689.58618       1689.77368    
   1689.96130       1690.14880    
   1690.33630       1690.52380    
   1690.71130       1690.89880    
   1691.08643       1691.27393    
   1691.46143       1691.64893    
   1691.83643       1692.02405    
   1692.21155       1692.39905    
   1692.58655       1692.77405    
   1692.96167       1693.14917    
   1693.33667       1693.52417    
   1693.71167       1693.89929    
   1694.08679       1694.27429    
   1694.46179       1694.64929    
   1694.83691       1695.02441    
   1695.21191       1695.39941    
   1695.58691       1695.77441    
   1695.96204       1696.14954    
   1696.33704       1696.52454    
   1696.71204       1696.89966    
   1697.08716       1697.27466    
   1697.46216       1697.64966    
   1697.83728       1698.02478    
   1698.21228       1698.39978    
   1698.58728       1698.77490    
   1698.96240       1699.14990    
   1699.33740       1699.52490    
   1699.71252       1699.90002    
   1700.08752       1700.27502    
   1700.46252       1700.65002    
   1700.83765       1701.02515    
   1701.21265       1701.40015    
   1701.58765       1701.77527    
   1701.96277       1702.15027    
   1702.33777       1702.52527    
   1702.71289       1702.90039    
   1703.08789       1703.27539    
   1703.46289       1703.65051    
   1703.83801       1704.02551    
   1704.21301       1704.40051    
   1704.58801       1704.77563    
   1704.96313       1705.15063    
   1705.33813       1705.52563    
   1705.71326       1705.90076    
   1706.08826       1706.27576    
   1706.46326       1706.65088    
   1706.83838       1707.02588    
   1707.21338       1707.40088    
   1707.58850       1707.77600    
   1707.96350       1708.15100    
   1708.33850       1708.52612    
   1708.71362       1708.90112    
   1709.08862       1709.27612    
   1709.46362       1709.65125    
   1709.83875       1710.02625    
   1710.21375       1710.40125    
   1710.58887       1710.77637    
   1710.96387       1711.15137    
   1711.33887       1711.52649    
   1711.71399       1711.90149    
   1712.08899       1712.27649    
   1712.46411       1712.65161    
   1712.83911       1713.02661    
   1713.21411       1713.40173    
   1713.58923       1713.77673    
   1713.96423       1714.15173    
   1714.33923       1714.52686    
   1714.71436       1714.90186    
   1715.08936       1715.27686    
   1715.46448       1715.65198    
   1715.83948       1716.02698    
   1716.21448       1716.40210    
   1716.58960       1716.77710    
   1716.96460       1717.15210    
   1717.33972       1717.52722    
   1717.71472       1717.90222    
   1718.08972       1718.27734    
   1718.46484       1718.65234    
   1718.83984       1719.02734    
   1719.21484       1719.40247    
   1719.58997       1719.77747    
   1719.96497       1720.15247    
   1720.34009       1720.52759    
   1720.71509       1720.90259    
   1721.09009       1721.27771    
   1721.46521       1721.65271    
   1721.84021       1722.02771    
   1722.21533       1722.40283    
   1722.59033       1722.77783    
   1722.96533       1723.15295    
   1723.34045       1723.52795    
   1723.71545       1723.90295    
   1724.09045       1724.27808    
   1724.46558       1724.65308    
   1724.84058       1725.02808    
   1725.21570       1725.40320    
   1725.59070       1725.77820    
   1725.96570       1726.15332    
   1726.34082       1726.52832    
   1726.71582       1726.90332    
   1727.09094       1727.27844    
   1727.46594       1727.65344    
   1727.84094       1728.02856    
   1728.21606       1728.40356    
   1728.59106       1728.77856    
   1728.96606       1729.15369    
   1729.34119       1729.52869    
   1729.71619       1729.90369    
   1730.09131       1730.27881    
   1730.46631       1730.65381    
   1730.84131       1731.02893    
   1731.21643       1731.40393    
   1731.59143       1731.77893    
   1731.96655       1732.15405    
   1732.34155       1732.52905    
   1732.71655       1732.90405    
   1733.09167       1733.27917    
   1733.46667       1733.65417    
   1733.84167       1734.02930    
   1734.21680       1734.40430    
   1734.59180       1734.77930    
   1734.96692       1735.15442    
   1735.34192       1735.52942    
   1735.71692       1735.90454    
   1736.09204       1736.27954    
   1736.46704       1736.65454    
   1736.84216       1737.02966    
   1737.21716       1737.40466    
   1737.59216       1737.77966    
   1737.96729       1738.15479    
   1738.34229       1738.52979    
   1738.71729       1738.90491    
   1739.09241       1739.27991    
   1739.46741       1739.65491    
   1739.84253       1740.03003    
   1740.21753       1740.40503    
   1740.59253       1740.78015    
   1740.96765       1741.15515    
   1741.34265       1741.53015    
   1741.71777       1741.90527    
   1742.09277       1742.28027    
   1742.46777       1742.65527    
   1742.84290       1743.03040    
   1743.21790       1743.40540    
   1743.59290       1743.78052    
   1743.96802       1744.15552    
   1744.34302       1744.53052    
   1744.71814       1744.90564    
   1745.09314       1745.28064    
   1745.46814       1745.65576    
   1745.84326       1746.03076    
   1746.21826       1746.40576    
   1746.59338       1746.78088    
   1746.96838       1747.15588    
   1747.34338       1747.53088    
   1747.71851       1747.90601    
   1748.09351       1748.28101    
   1748.46851       1748.65613    
   1748.84363       1749.03113    
   1749.21863       1749.40613    
   1749.59375       1749.78125    
   1749.96875       1750.15625    
   1750.34375       1750.53137    
   1750.71887       1750.90637    
   1751.09387       1751.28137    
   1751.46899       1751.65649    
   1751.84399       1752.03149    
   1752.21899       1752.40649    
   1752.59412       1752.78162    
   1752.96912       1753.15662    
   1753.34412       1753.53174    
   1753.71924       1753.90674    
   1754.09424       1754.28174    
   1754.46936       1754.65686    
   1754.84436       1755.03186    
   1755.21936       1755.40698    
   1755.59448       1755.78198    
   1755.96948       1756.15698    
   1756.34448       1756.53210    
   1756.71960       1756.90710    
   1757.09460       1757.28210    
   1757.46973       1757.65723    
   1757.84473       1758.03223    
   1758.21973       1758.40735    
   1758.59485       1758.78235    
   1758.96985       1759.15735    
   1759.34497       1759.53247    
   1759.71997       1759.90747    
   1760.09497       1760.28259    
   1760.47009       1760.65759    
   1760.84509       1761.03259    
   1761.22009       1761.40771    
   1761.59521       1761.78271    
   1761.97021       1762.15771    
   1762.34534       1762.53284    
   1762.72034       1762.90784    
   1763.09534       1763.28296    
   1763.47046       1763.65796    
   1763.84546       1764.03296    
   1764.22058       1764.40808    
   1764.59558       1764.78308    
   1764.97058       1765.15820    
   1765.34570       1765.53320    
   1765.72070       1765.90820    
   1766.09570       1766.28333    
   1766.47083       1766.65833    
   1766.84583       1767.03333    
   1767.22095       1767.40845    
   1767.59595       1767.78345    
   1767.97095       1768.15857    
   1768.34607       1768.53357    
   1768.72107       1768.90857    
   1769.09619       1769.28369    
   1769.47119       1769.65869    
   1769.84619       1770.03381    
   1770.22131       1770.40881    
   1770.59631       1770.78381    
   1770.97131       1771.15894    
   1771.34644       1771.53394    
   1771.72144       1771.90894    
   1772.09656       1772.28406    
   1772.47156       1772.65906    
   1772.84656       1773.03418    
   1773.22168       1773.40918    
   1773.59668       1773.78418    
   1773.97180       1774.15930    
   1774.34680       1774.53430    
   1774.72180       1774.90942    
   1775.09692       1775.28442    
   1775.47192       1775.65942    
   1775.84692       1776.03455    
   1776.22205       1776.40955    
   1776.59705       1776.78455    
   1776.97217       1777.15967    
   1777.34717       1777.53467    
   1777.72217       1777.90979    
   1778.09729       1778.28479    
   1778.47229       1778.65979    
   1778.84741       1779.03491    
   1779.22241       1779.40991    
   1779.59741       1779.78491    
   1779.97253       1780.16003    
   1780.34753       1780.53503    
   1780.72253       1780.91016    
   1781.09766       1781.28516    
   1781.47266       1781.66016    
   1781.84778       1782.03528    
   1782.22278       1782.41028    
   1782.59778       1782.78540    
   1782.97290       1783.16040    
   1783.34790       1783.53540    
   1783.72302       1783.91052    
   1784.09802       1784.28552    
   1784.47302       1784.66052    
   1784.84814       1785.03564    
   1785.22314       1785.41064    
   1785.59814       1785.78577    
   1785.97327       1786.16077    
   1786.34827       1786.53577    
   1786.72339       1786.91089    
   1787.09839       1787.28589    
   1787.47339       1787.66101    
   1787.84851       1788.03601    
   1788.22351       1788.41101    
   1788.59863       1788.78613    
   1788.97363       1789.16113    
   1789.34863       1789.53613    
   1789.72375       1789.91125    
   1790.09875       1790.28625    
   1790.47375       1790.66138    
   1790.84888       1791.03638    
   1791.22388       1791.41138    
   1791.59900       1791.78650    
   1791.97400       1792.16150    
   1792.34900       1792.53662    
   1792.72412       1792.91162    
   1793.09912       1793.28662    
   1793.47424       1793.66174    
   1793.84924       1794.03674    
   1794.22424       1794.41174    
   1794.59937       1794.78687    
   1794.97437       1795.16187    
   1795.34937       1795.53699    
   1795.72449       1795.91199    
   1796.09949       1796.28699    
   1796.47461       1796.66211    
   1796.84961       1797.03711    
   1797.22461       1797.41223    
   1797.59973       1797.78723    
   1797.97473       1798.16223    
   1798.34985       1798.53735    
   1798.72485       1798.91235    
   1799.09985       1799.28735    
   1799.47498       1799.66248    
   1799.84998       1800.03748    
   1800.22498       1800.41260    
   1800.60010       1800.78760    
   1800.97510       1801.16260    
   1801.35022       1801.53772    
   1801.72522       1801.91272    
   1802.10022       1802.28784    
   1802.47534       1802.66284    
   1802.85034       1803.03784    
   1803.22546       1803.41296    
   1803.60046       1803.78796    
   1803.97546       1804.16296    
   1804.35059       1804.53809    
   1804.72559       1804.91309    
   1805.10059       1805.28821    
   1805.47571       1805.66321    
   1805.85071       1806.03821    
   1806.22583       1806.41333    
   1806.60083       1806.78833    
   1806.97583       1807.16345    
   1807.35095       1807.53845    
   1807.72595       1807.91345    
   1808.10095       1808.28857    
   1808.47607       1808.66357    
   1808.85107       1809.03857    
   1809.22620       1809.41370    
   1809.60120       1809.78870    
   1809.97620       1810.16382    
   1810.35132       1810.53882    
   1810.72632       1810.91382    
   1811.10144       1811.28894    
   1811.47644       1811.66394    
   1811.85144       1812.03906    
   1812.22656       1812.41406    
   1812.60156       1812.78906    
   1812.97656       1813.16418    
   1813.35168       1813.53918    
   1813.72668       1813.91418    
   1814.10181       1814.28931    
   1814.47681       1814.66431    
   1814.85181       1815.03943    
   1815.22693       1815.41443    
   1815.60193       1815.78943    
   1815.97705       1816.16455    
   1816.35205       1816.53955    
   1816.72705       1816.91467    
   1817.10217       1817.28967    
   1817.47717       1817.66467    
   1817.85217       1818.03979    
   1818.22729       1818.41479    
   1818.60229       1818.78979    
   1818.97742       1819.16492    
   1819.35242       1819.53992    
   1819.72742       1819.91504    
   1820.10254       1820.29004    
   1820.47754       1820.66504    
   1820.85266       1821.04016    
   1821.22766       1821.41516    
   1821.60266       1821.79028    
   1821.97778       1822.16528    
   1822.35278       1822.54028    
   1822.72778       1822.91541    
   1823.10291       1823.29041    
   1823.47791       1823.66541    
   1823.85303       1824.04053    
   1824.22803       1824.41553    
   1824.60303       1824.79065    
   1824.97815       1825.16565    
   1825.35315       1825.54065    
   1825.72827       1825.91577    
   1826.10327       1826.29077    
   1826.47827       1826.66589    
   1826.85339       1827.04089    
   1827.22839       1827.41589    
   1827.60339       1827.79102    
   1827.97852       1828.16602    
   1828.35352       1828.54102    
   1828.72864       1828.91614    
   1829.10364       1829.29114    
   1829.47864       1829.66626    
   1829.85376       1830.04126    
   1830.22876       1830.41626    
   1830.60388       1830.79138    
   1830.97888       1831.16638    
   1831.35388       1831.54138    
   1831.72900       1831.91650    
   1832.10400       1832.29150    
   1832.47900       1832.66663    
   1832.85413       1833.04163    
   1833.22913       1833.41663    
   1833.60425       1833.79175    
   1833.97925       1834.16675    
   1834.35425       1834.54187    
   1834.72937       1834.91687    
   1835.10437       1835.29187    
   1835.47949       1835.66699    
   1835.85449       1836.04199    
   1836.22949       1836.41699    
   1836.60461       1836.79211    
   1836.97961       1837.16711    
   1837.35461       1837.54224    
   1837.72974       1837.91724    
   1838.10474       1838.29224    
   1838.47986       1838.66736    
   1838.85486       1839.04236    
   1839.22986       1839.41748    
   1839.60498       1839.79248    
   1839.97998       1840.16748    
   1840.35510       1840.54260    
   1840.73010       1840.91760    
   1841.10510       1841.29260    
   1841.48022       1841.66772    
   1841.85522       1842.04272    
   1842.23022       1842.41785    
   1842.60535       1842.79285    
   1842.98035       1843.16785    
   1843.35547       1843.54297    
   1843.73047       1843.91797    
   1844.10547       1844.29309    
   1844.48059       1844.66809    
   1844.85559       1845.04309    
   1845.23071       1845.41821    
   1845.60571       1845.79321    
   1845.98071       1846.16821    
   1846.35583       1846.54333    
   1846.73083       1846.91833    
   1847.10583       1847.29346    
   1847.48096       1847.66846    
   1847.85596       1848.04346    
   1848.23108       1848.41858    
   1848.60608       1848.79358    
   1848.98108       1849.16870    
   1849.35620       1849.54370    
   1849.73120       1849.91870    
   1850.10632       1850.29382    
   1850.48132       1850.66882    
   1850.85632       1851.04382    
   1851.23145       1851.41895    
   1851.60645       1851.79395    
   1851.98145       1852.16907    
   1852.35657       1852.54407    
   1852.73157       1852.91907    
   1853.10669       1853.29419    
   1853.48169       1853.66919    
   1853.85669       1854.04431    
   1854.23181       1854.41931    
   1854.60681       1854.79431    
   1854.98193       1855.16943    
   1855.35693       1855.54443    
   1855.73193       1855.91943    
   1856.10706       1856.29456    
   1856.48206       1856.66956    
   1856.85706       1857.04468    
   1857.23218       1857.41968    
   1857.60718       1857.79468    
   1857.98230       1858.16980    
   1858.35730       1858.54480    
   1858.73230       1858.91992    
   1859.10742       1859.29492    
   1859.48242       1859.66992    
   1859.85742       1860.04504    
   1860.23254       1860.42004    
   1860.60754       1860.79504    
   1860.98267       1861.17017    
   1861.35767       1861.54517    
   1861.73267       1861.92029    
   1862.10779       1862.29529    
   1862.48279       1862.67029    
   1862.85791       1863.04541    
   1863.23291       1863.42041    
   1863.60791       1863.79553    
   1863.98303       1864.17053    
   1864.35803       1864.54553    
   1864.73303       1864.92065    
   1865.10815       1865.29565    
   1865.48315       1865.67065    
   1865.85828       1866.04578    
   1866.23328       1866.42078    
   1866.60828       1866.79590    
   1866.98340       1867.17090    
   1867.35840       1867.54590    
   1867.73352       1867.92102    
   1868.10852       1868.29602    
   1868.48352       1868.67114    
   1868.85864       1869.04614    
   1869.23364       1869.42114    
   1869.60864       1869.79626    
   1869.98376       1870.17126    
   1870.35876       1870.54626    
   1870.73389       1870.92139    
   1871.10889       1871.29639    
   1871.48389       1871.67151    
   1871.85901       1872.04651    
   1872.23401       1872.42151    
   1872.60913       1872.79663    
   1872.98413       1873.17163    
   1873.35913       1873.54675    
   1873.73425       1873.92175    
   1874.10925       1874.29675    
   1874.48425       1874.67188    
   1874.85938       1875.04688    
   1875.23438       1875.42188    
   1875.60950       1875.79700    
   1875.98450       1876.17200    
   1876.35950       1876.54712    
   1876.73462       1876.92212    
   1877.10962       1877.29712    
   1877.48474       1877.67224    
   1877.85974       1878.04724    
   1878.23474       1878.42236    
   1878.60986       1878.79736    
   1878.98486       1879.17236    
   1879.35986       1879.54749    
   1879.73499       1879.92249    
   1880.10999       1880.29749    
   1880.48511       1880.67261    
   1880.86011       1881.04761    
   1881.23511       1881.42273    
   1881.61023       1881.79773    
   1881.98523       1882.17273    
   1882.36035       1882.54785    
   1882.73535       1882.92285    
   1883.11035       1883.29785    
   1883.48547       1883.67297    
   1883.86047       1884.04797    
   1884.23547       1884.42310    
   1884.61060       1884.79810    
   1884.98560       1885.17310    
   1885.36072       1885.54822    
   1885.73572       1885.92322    
   1886.11072       1886.29834    
   1886.48584       1886.67334    
   1886.86084       1887.04834    
   1887.23596       1887.42346    
   1887.61096       1887.79846    
   1887.98596       1888.17346    
   1888.36108       1888.54858    
   1888.73608       1888.92358    
   1889.11108       1889.29871    
   1889.48621       1889.67371    
   1889.86121       1890.04871    
   1890.23633       1890.42383    
   1890.61133       1890.79883    
   1890.98633       1891.17395    
   1891.36145       1891.54895    
   1891.73645       1891.92395    
   1892.11157       1892.29907    
   1892.48657       1892.67407    
   1892.86157       1893.04907    
   1893.23669       1893.42419    
   1893.61169       1893.79919    
   1893.98669       1894.17432    
   1894.36182       1894.54932    
   1894.73682       1894.92432    
   1895.11194       1895.29944    
   1895.48694       1895.67444    
   1895.86194       1896.04956    
   1896.23706       1896.42456    
   1896.61206       1896.79956    
   1896.98718       1897.17468    
   1897.36218       1897.54968    
   1897.73718       1897.92468    
   1898.11230       1898.29980    
   1898.48730       1898.67480    
   1898.86230       1899.04993    
   1899.23743       1899.42493    
   1899.61243       1899.79993    
   1899.98755       1900.17505    
   1900.36255       1900.55005    
   1900.73755       1900.92517    
   1901.11267       1901.30017    
   1901.48767       1901.67517    
   1901.86279       1902.05029    
   1902.23779       1902.42529    
   1902.61279       1902.80029    
   1902.98792       1903.17542    
   1903.36292       1903.55042    
   1903.73792       1903.92554    
   1904.11304       1904.30054    
   1904.48804       1904.67554    
   1904.86316       1905.05066    
   1905.23816       1905.42566    
   1905.61316       1905.80078    
   1905.98828       1906.17578    
   1906.36328       1906.55078    
   1906.73840       1906.92590    
   1907.11340       1907.30090    
   1907.48840       1907.67590    
   1907.86353       1908.05103    
   1908.23853       1908.42603    
   1908.61353       1908.80115    
   1908.98865       1909.17615    
   1909.36365       1909.55115    
   1909.73877       1909.92627    
   1910.11377       1910.30127    
   1910.48877       1910.67639    
   1910.86389       1911.05139    
   1911.23889       1911.42639    
   1911.61389       1911.80151    
   1911.98901       1912.17651    
   1912.36401       1912.55151    
   1912.73914       1912.92664    
   1913.11414       1913.30164    
   1913.48914       1913.67676    
   1913.86426       1914.05176    
   1914.23926       1914.42676    
   1914.61438       1914.80188    
   1914.98938       1915.17688    
   1915.36438       1915.55200    
   1915.73950       1915.92700    
   1916.11450       1916.30200    
   1916.48950       1916.67712    
   1916.86462       1917.05212    
   1917.23962       1917.42712    
   1917.61475       1917.80225    
   1917.98975       1918.17725    
   1918.36475       1918.55237    
   1918.73987       1918.92737    
   1919.11487       1919.30237    
   1919.48999       1919.67749    
   1919.86499       1920.05249    
   1920.23999       1920.42761    
   1920.61511       1920.80261    
   1920.99011       1921.17761    
   1921.36511       1921.55273    
   1921.74023       1921.92773    
   1922.11523       1922.30273    
   1922.49036       1922.67786    
   1922.86536       1923.05286    
   1923.24036       1923.42798    
   1923.61548       1923.80298    
   1923.99048       1924.17798    
   1924.36560       1924.55310    
   1924.74060       1924.92810    
   1925.11560       1925.30322    
   1925.49072       1925.67822    
   1925.86572       1926.05322    
   1926.24072       1926.42834    
   1926.61584       1926.80334    
   1926.99084       1927.17834    
   1927.36597       1927.55347    
   1927.74097       1927.92847    
   1928.11597       1928.30359    
   1928.49109       1928.67859    
   1928.86609       1929.05359    
   1929.24121       1929.42871    
   1929.61621       1929.80371    
   1929.99121       1930.17883    
   1930.36633       1930.55383    
   1930.74133       1930.92883    
   1931.11633       1931.30396    
   1931.49146       1931.67896    
   1931.86646       1932.05396    
   1932.24158       1932.42908    
   1932.61658       1932.80408    
   1932.99158       1933.17920    
   1933.36670       1933.55420    
   1933.74170       1933.92920    
   1934.11682       1934.30432    
   1934.49182       1934.67932    
   1934.86682       1935.05432    
   1935.24194       1935.42944    
   1935.61694       1935.80444    
   1935.99194       1936.17957    
   1936.36707       1936.55457    
   1936.74207       1936.92957    
   1937.11719       1937.30469    
   1937.49219       1937.67969    
   1937.86719       1938.05481    
   1938.24231       1938.42981    
   1938.61731       1938.80481    
   1938.99243       1939.17993    
   1939.36743       1939.55493    
   1939.74243       1939.92993    
   1940.11755       1940.30505    
   1940.49255       1940.68005    
   1940.86755       1941.05518    
   1941.24268       1941.43018    
   1941.61768       1941.80518    
   1941.99280       1942.18030    
   1942.36780       1942.55530    
   1942.74280       1942.93042    
   1943.11792       1943.30542    
   1943.49292       1943.68042    
   1943.86804       1944.05554    
   1944.24304       1944.43054    
   1944.61804       1944.80554    
   1944.99316       1945.18066    
   1945.36816       1945.55566    
   1945.74316       1945.93079    
   1946.11829       1946.30579    
   1946.49329       1946.68079    
   1946.86841       1947.05591    
   1947.24341       1947.43091    
   1947.61841       1947.80603    
   1947.99353       1948.18103    
   1948.36853       1948.55603    
   1948.74365       1948.93115    
   1949.11865       1949.30615    
   1949.49365       1949.68115    
   1949.86877       1950.05627    
   1950.24377       1950.43127    
   1950.61877       1950.80640    
   1950.99390       1951.18140    
   1951.36890       1951.55640    
   1951.74402       1951.93152    
   1952.11902       1952.30652    
   1952.49402       1952.68164    
   1952.86914       1953.05664    
   1953.24414       1953.43164    
   1953.61926       1953.80676    
   1953.99426       1954.18176    
   1954.36926       1954.55676    
   1954.74438       1954.93188    
   1955.11938       1955.30688    
   1955.49438       1955.68201    
   1955.86951       1956.05701    
   1956.24451       1956.43201    
   1956.61963       1956.80713    
   1956.99463       1957.18213    
   1957.36963       1957.55725    
   1957.74475       1957.93225    
   1958.11975       1958.30725    
   1958.49475       1958.68237    
   1958.86987       1959.05737    
   1959.24487       1959.43237    
   1959.62000       1959.80750    
   1959.99500       1960.18250    
   1960.37000       1960.55762    
   1960.74512       1960.93262    
   1961.12012       1961.30762    
   1961.49524       1961.68274    
   1961.87024       1962.05774    
   1962.24524       1962.43286    
   1962.62036       1962.80786    
   1962.99536       1963.18286    
   1963.37036       1963.55798    
   1963.74548       1963.93298    
   1964.12048       1964.30798    
   1964.49561       1964.68311    
   1964.87061       1965.05811    
   1965.24561       1965.43323    
   1965.62073       1965.80823    
   1965.99573       1966.18323    
   1966.37085       1966.55835    
   1966.74585       1966.93335    
   1967.12085       1967.30847    
   1967.49597       1967.68347    
   1967.87097       1968.05847    
   1968.24597       1968.43359    
   1968.62109       1968.80859    
   1968.99609       1969.18359    
   1969.37122       1969.55872    
   1969.74622       1969.93372    
   1970.12122       1970.30884    
   1970.49634       1970.68384    
   1970.87134       1971.05884    
   1971.24646       1971.43396    
   1971.62146       1971.80896    
   1971.99646       1972.18408    
   1972.37158       1972.55908    
   1972.74658       1972.93408    
   1973.12158       1973.30920    
   1973.49670       1973.68420    
   1973.87170       1974.05920    
   1974.24683       1974.43433    
   1974.62183       1974.80933    
   1974.99683       1975.18445    
   1975.37195       1975.55945    
   1975.74695       1975.93445    
   1976.12207       1976.30957    
   1976.49707       1976.68457    
   1976.87207       1977.05969    
   1977.24719       1977.43469    
   1977.62219       1977.80969    
   1977.99719       1978.18481    
   1978.37231       1978.55981    
   1978.74731       1978.93481    
   1979.12244       1979.30994    
   1979.49744       1979.68494    
   1979.87244       1980.06006    
   1980.24756       1980.43506    
   1980.62256       1980.81006    
   1980.99768       1981.18518    
   1981.37268       1981.56018    
   1981.74768       1981.93530    
   1982.12280       1982.31030    
   1982.49780       1982.68530    
   1982.87280       1983.06042    
   1983.24792       1983.43542    
   1983.62292       1983.81042    
   1983.99805       1984.18555    
   1984.37305       1984.56055    
   1984.74805       1984.93567    
   1985.12317       1985.31067    
   1985.49817       1985.68567    
   1985.87329       1986.06079    
   1986.24829       1986.43579    
   1986.62329       1986.81079    
   1986.99841       1987.18591    
   1987.37341       1987.56091    
   1987.74841       1987.93604    
   1988.12354       1988.31104    
   1988.49854       1988.68604    
   1988.87366       1989.06116    
   1989.24866       1989.43616    
   1989.62366       1989.81128    
   1989.99878       1990.18628    
   1990.37378       1990.56128    
   1990.74890       1990.93640    
   1991.12390       1991.31140    
   1991.49890       1991.68640    
   1991.87402       1992.06152    
   1992.24902       1992.43652    
   1992.62402       1992.81165    
   1992.99915       1993.18665    
   1993.37415       1993.56165    
   1993.74927       1993.93677    
   1994.12427       1994.31177    
   1994.49927       1994.68689    
   1994.87439       1995.06189    
   1995.24939       1995.43689    
   1995.62451       1995.81201    
   1995.99951       1996.18701    
   1996.37451       1996.56201    
   1996.74963       1996.93713    
   1997.12463       1997.31213    
   1997.49963       1997.68726    
   1997.87476       1998.06226    
   1998.24976       1998.43726    
   1998.62488       1998.81238    
   1998.99988       1999.18738    
   1999.37488       1999.56250    
   1999.75000       1999.93750    
   2000.12500       2000.31250    
   2000.50012       2000.68762    
   2000.87512       2001.06262    
   2001.25012       2001.43762    
   2001.62524       2001.81274    
   2002.00024       2002.18774    
   2002.37524       2002.56287    
   2002.75037       2002.93787    
   2003.12537       2003.31287    
   2003.50049       2003.68799    
   2003.87549       2004.06299    
   2004.25049       2004.43811    
   2004.62561       2004.81311    
   2005.00061       2005.18811    
   2005.37573       2005.56323    
   2005.75073       2005.93823    
   2006.12573       2006.31323    
   2006.50085       2006.68835    
   2006.87585       2007.06335    
   2007.25085       2007.43848    
   2007.62598       2007.81348    
   2008.00098       2008.18848    
   2008.37610       2008.56360    
   2008.75110       2008.93860    
   2009.12610       2009.31372    
   2009.50122       2009.68872    
   2009.87622       2010.06372    
   2010.25122       2010.43884    
   2010.62634       2010.81384    
   2011.00134       2011.18884    
   2011.37646       2011.56396    
   2011.75146       2011.93896    
   2012.12646       2012.31409    
   2012.50159       2012.68909    
   2012.87659       2013.06409    
   2013.25171       2013.43921    
   2013.62671       2013.81421    
   2014.00171       2014.18933    
   2014.37683       2014.56433    
   2014.75183       2014.93933    
   2015.12683       2015.31445    
   2015.50195       2015.68945    
   2015.87695       2016.06445    
   2016.25208       2016.43958    
   2016.62708       2016.81458    
   2017.00208       2017.18970    
   2017.37720       2017.56470    
   2017.75220       2017.93970    
   2018.12732       2018.31482    
   2018.50232       2018.68982    
   2018.87732       2019.06494    
   2019.25244       2019.43994    
   2019.62744       2019.81494    
   2020.00244       2020.19006    
   2020.37756       2020.56506    
   2020.75256       2020.94006    
   2021.12769       2021.31519    
   2021.50269       2021.69019    
   2021.87769       2022.06531    
   2022.25281       2022.44031    
   2022.62781       2022.81531    
   2023.00293       2023.19043    
   2023.37793       2023.56543    
   2023.75293       2023.94055    
   2024.12805       2024.31555    
   2024.50305       2024.69055    
   2024.87805       2025.06567    
   2025.25317       2025.44067    
   2025.62817       2025.81567    
   2026.00330       2026.19080    
   2026.37830       2026.56580    
   2026.75330       2026.94092    
   2027.12842       2027.31592    
   2027.50342       2027.69092    
   2027.87854       2028.06604    
   2028.25354       2028.44104    
   2028.62854       2028.81616    
   2029.00366       2029.19116    
   2029.37866       2029.56616    
   2029.75366       2029.94128    
   2030.12878       2030.31628    
   2030.50378       2030.69128    
   2030.87891       2031.06641    
   2031.25391       2031.44141    
   2031.62891       2031.81653    
   2032.00403       2032.19153    
   2032.37903       2032.56653    
   2032.75415       2032.94165    
   2033.12915       2033.31665    
   2033.50415       2033.69177    
   2033.87927       2034.06677    
   2034.25427       2034.44177    
   2034.62927       2034.81689    
   2035.00439       2035.19189    
   2035.37939       2035.56689    
   2035.75452       2035.94202    
   2036.12952       2036.31702    
   2036.50452       2036.69214    
   2036.87964       2037.06714    
   2037.25464       2037.44214    
   2037.62976       2037.81726    
   2038.00476       2038.19226    
   2038.37976       2038.56726    
   2038.75488       2038.94238    
   2039.12988       2039.31738    
   2039.50488       2039.69250    
   2039.88000       2040.06750    
   2040.25500       2040.44250    
   2040.63013       2040.81763    
   2041.00513       2041.19263    
   2041.38013       2041.56775    
   2041.75525       2041.94275    
   2042.13025       2042.31775    
   2042.50537       2042.69287    
   2042.88037       2043.06787    
   2043.25537       2043.44287    
   2043.63049       2043.81799    
   2044.00549       2044.19299    
   2044.38049       2044.56812    
   2044.75562       2044.94312    
   2045.13062       2045.31812    
   2045.50574       2045.69324    
   2045.88074       2046.06824    
   2046.25574       2046.44336    
   2046.63086       2046.81836    
   2047.00586       2047.19336    
   2047.38098       2047.56848    
   2047.75598       2047.94348    
   2048.13110       2048.31860    
   2048.50610       2048.69360    
   2048.88110       2049.06860    
   2049.25610       2049.44360    
   2049.63110       2049.81885    
   2050.00635       2050.19385    
   2050.38135       2050.56885    
   2050.75635       2050.94385    
   2051.13135       2051.31885    
   2051.50635       2051.69385    
   2051.88159       2052.06909    
   2052.25659       2052.44409    
   2052.63159       2052.81909    
   2053.00659       2053.19409    
   2053.38159       2053.56909    
   2053.75684       2053.94434    
   2054.13184       2054.31934    
   2054.50684       2054.69434    
   2054.88184       2055.06934    
   2055.25684       2055.44434    
   2055.63184       2055.81958    
   2056.00708       2056.19458    
   2056.38208       2056.56958    
   2056.75708       2056.94458    
   2057.13208       2057.31958    
   2057.50708       2057.69482    
   2057.88232       2058.06982    
   2058.25732       2058.44482    
   2058.63232       2058.81982    
   2059.00732       2059.19482    
   2059.38232       2059.56982    
   2059.75757       2059.94507    
   2060.13257       2060.32007    
   2060.50757       2060.69507    
   2060.88257       2061.07007    
   2061.25757       2061.44507    
   2061.63281       2061.82031    
   2062.00781       2062.19531    
   2062.38281       2062.57031    
   2062.75781       2062.94531    
   2063.13281       2063.32031    
   2063.50806       2063.69556    
   2063.88306       2064.07056    
   2064.25806       2064.44556    
   2064.63306       2064.82056    
   2065.00806       2065.19556    
   2065.38306       2065.57080    
   2065.75830       2065.94580    
   2066.13330       2066.32080    
   2066.50830       2066.69580    
   2066.88330       2067.07080    
   2067.25830       2067.44604    
   2067.63354       2067.82104    
   2068.00854       2068.19604    
   2068.38354       2068.57104    
   2068.75854       2068.94604    
   2069.13354       2069.32104    
   2069.50879       2069.69629    
   2069.88379       2070.07129    
   2070.25879       2070.44629    
   2070.63379       2070.82129    
   2071.00879       2071.19629    
   2071.38403       2071.57153    
   2071.75903       2071.94653    
   2072.13403       2072.32153    
   2072.50903       2072.69653    
   2072.88403       2073.07153    
   2073.25928       2073.44678    
   2073.63428       2073.82178    
   2074.00928       2074.19678    
   2074.38428       2074.57178    
   2074.75928       2074.94678    
   2075.13428       2075.32202    
   2075.50952       2075.69702    
   2075.88452       2076.07202    
   2076.25952       2076.44702    
   2076.63452       2076.82202    
   2077.00952       2077.19727    
   2077.38477       2077.57227    
   2077.75977       2077.94727    
   2078.13477       2078.32227    
   2078.50977       2078.69727    
   2078.88477       2079.07227    
   2079.26001       2079.44751    
   2079.63501       2079.82251    
   2080.01001       2080.19751    
   2080.38501       2080.57251    
   2080.76001       2080.94751    
   2081.13525       2081.32275    
   2081.51025       2081.69775    
   2081.88525       2082.07275    
   2082.26025       2082.44775    
   2082.63525       2082.82275    
   2083.01050       2083.19800    
   2083.38550       2083.57300    
   2083.76050       2083.94800    
   2084.13550       2084.32300    
   2084.51050       2084.69800    
   2084.88550       2085.07324    
   2085.26074       2085.44824    
   2085.63574       2085.82324    
   2086.01074       2086.19824    
   2086.38574       2086.57324    
   2086.76074       2086.94849    
   2087.13599       2087.32349    
   2087.51099       2087.69849    
   2087.88599       2088.07349    
   2088.26099       2088.44849    
   2088.63599       2088.82349    
   2089.01123       2089.19873    
   2089.38623       2089.57373    
   2089.76123       2089.94873    
   2090.13623       2090.32373    
   2090.51123       2090.69873    
   2090.88647       2091.07397    
   2091.26147       2091.44897    
   2091.63647       2091.82397    
   2092.01147       2092.19897    
   2092.38647       2092.57397    
   2092.76147       2092.94922    
   2093.13672       2093.32422    
   2093.51172       2093.69922    
   2093.88672       2094.07422    
   2094.26172       2094.44922    
   2094.63672       2094.82446    
   2095.01196       2095.19946    
   2095.38696       2095.57446    
   2095.76196       2095.94946    
   2096.13696       2096.32446    
   2096.51196       2096.69971    
   2096.88721       2097.07471    
   2097.26221       2097.44971    
   2097.63721       2097.82471    
   2098.01221       2098.19971    
   2098.38721       2098.57471    
   2098.76245       2098.94995    
   2099.13745       2099.32495    
   2099.51245       2099.69995    
   2099.88745       2100.07495    
   2100.26245       2100.44995    
   2100.63770       2100.82520    
   2101.01270       2101.20020    
   2101.38770       2101.57520    
   2101.76270       2101.95020    
   2102.13770       2102.32520    
   2102.51270       2102.70044    
   2102.88794       2103.07544    
   2103.26294       2103.45044    
   2103.63794       2103.82544    
   2104.01294       2104.20044    
   2104.38794       2104.57568    
   2104.76318       2104.95068    
   2105.13818       2105.32568    
   2105.51318       2105.70068    
   2105.88818       2106.07568    
   2106.26318       2106.45093    
   2106.63843       2106.82593    
   2107.01343       2107.20093    
   2107.38843       2107.57593    
   2107.76343       2107.95093    
   2108.13843       2108.32593    
   2108.51367       2108.70117    
   2108.88867       2109.07617    
   2109.26367       2109.45117    
   2109.63867       2109.82617    
   2110.01367       2110.20117    
   2110.38892       2110.57642    
   2110.76392       2110.95142    
   2111.13892       2111.32642    
   2111.51392       2111.70142    
   2111.88892       2112.07642    
   2112.26392       2112.45166    
   2112.63916       2112.82666    
   2113.01416       2113.20166    
   2113.38916       2113.57666    
   2113.76416       2113.95166    
   2114.13916       2114.32690    
   2114.51440       2114.70190    
   2114.88940       2115.07690    
   2115.26440       2115.45190    
   2115.63940       2115.82690    
   2116.01440       2116.20190    
   2116.38965       2116.57715    
   2116.76465       2116.95215    
   2117.13965       2117.32715    
   2117.51465       2117.70215    
   2117.88965       2118.07715    
   2118.26489       2118.45239    
   2118.63989       2118.82739    
   2119.01489       2119.20239    
   2119.38989       2119.57739    
   2119.76489       2119.95239    
   2120.14014       2120.32764    
   2120.51514       2120.70264    
   2120.89014       2121.07764    
   2121.26514       2121.45264    
   2121.64014       2121.82764    
   2122.01514       2122.20288    
   2122.39038       2122.57788    
   2122.76538       2122.95288    
   2123.14038       2123.32788    
   2123.51538       2123.70288    
   2123.89038       2124.07812    
   2124.26562       2124.45312    
   2124.64062       2124.82812    
   2125.01562       2125.20312    
   2125.39062       2125.57812    
   2125.76562       2125.95312    
   2126.14087       2126.32837    
   2126.51587       2126.70337    
   2126.89087       2127.07837    
   2127.26587       2127.45337    
   2127.64087       2127.82837    
   2128.01611       2128.20361    
   2128.39111       2128.57861    
   2128.76611       2128.95361    
   2129.14111       2129.32861    
   2129.51611       2129.70361    
   2129.89136       2130.07886    
   2130.26636       2130.45386    
   2130.64136       2130.82886    
   2131.01636       2131.20386    
   2131.39136       2131.57886    
   2131.76636       2131.95410    
   2132.14160       2132.32910    
   2132.51660       2132.70410    
   2132.89160       2133.07910    
   2133.26660       2133.45410    
   2133.64160       2133.82935    
   2134.01685       2134.20435    
   2134.39185       2134.57935    
   2134.76685       2134.95435    
   2135.14185       2135.32935    
   2135.51685       2135.70435    
   2135.89209       2136.07959    
   2136.26709       2136.45459    
   2136.64209       2136.82959    
   2137.01709       2137.20459    
   2137.39209       2137.57959    
   2137.76733       2137.95483    
   2138.14233       2138.32983    
   2138.51733       2138.70483    
   2138.89233       2139.07983    
   2139.26733       2139.45483    
   2139.64233       2139.83008    
   2140.01758       2140.20508    
   2140.39258       2140.58008    
   2140.76758       2140.95508    
   2141.14258       2141.33008    
   2141.51758       2141.70532    
   2141.89282       2142.08032    
   2142.26782       2142.45532    
   2142.64282       2142.83032    
   2143.01782       2143.20532    
   2143.39282       2143.58057    
   2143.76807       2143.95557    
   2144.14307       2144.33057    
   2144.51807       2144.70557    
   2144.89307       2145.08057    
   2145.26807       2145.45557    
   2145.64331       2145.83081    
   2146.01831       2146.20581    
   2146.39331       2146.58081    
   2146.76831       2146.95581    
   2147.14331       2147.33081    
   2147.51855       2147.70605    
   2147.89355       2148.08105    
   2148.26855       2148.45605    
   2148.64355       2148.83105    
   2149.01855       2149.20605    
   2149.39355       2149.58130    
   2149.76880       2149.95630    
   2150.14380       2150.33130    
   2150.51880       2150.70630    
   2150.89380       2151.08130    
   2151.26880       2151.45654    
   2151.64404       2151.83154    
   2152.01904       2152.20654    
   2152.39404       2152.58154    
   2152.76904       2152.95654    
   2153.14404       2153.33179    
   2153.51929       2153.70679    
   2153.89429       2154.08179    
   2154.26929       2154.45679    
   2154.64429       2154.83179    
   2155.01929       2155.20679    
   2155.39453       2155.58203    
   2155.76953       2155.95703    
   2156.14453       2156.33203    
   2156.51953       2156.70703    
   2156.89453       2157.08203    
   2157.26978       2157.45728    
   2157.64478       2157.83228    
   2158.01978       2158.20728    
   2158.39478       2158.58228    
   2158.76978       2158.95728    
   2159.14478       2159.33252    
   2159.52002       2159.70752    
   2159.89502       2160.08252    
   2160.27002       2160.45752    
   2160.64502       2160.83252    
   2161.02002       2161.20776    
   2161.39526       2161.58276    
   2161.77026       2161.95776    
   2162.14526       2162.33276    
   2162.52026       2162.70776    
   2162.89526       2163.08276    
   2163.27051       2163.45801    
   2163.64551       2163.83301    
   2164.02051       2164.20801    
   2164.39551       2164.58301    
   2164.77051       2164.95801    
   2165.14575       2165.33325    
   2165.52075       2165.70825    
   2165.89575       2166.08325    
   2166.27075       2166.45825    
   2166.64575       2166.83325    
   2167.02100       2167.20850    
   2167.39600       2167.58350    
   2167.77100       2167.95850    
   2168.14600       2168.33350    
   2168.52100       2168.70850    
   2168.89600       2169.08374    
   2169.27124       2169.45874    
   2169.64624       2169.83374    
   2170.02124       2170.20874    
   2170.39624       2170.58374    
   2170.77124       2170.95898    
   2171.14648       2171.33398    
   2171.52148       2171.70898    
   2171.89648       2172.08398    
   2172.27148       2172.45898    
   2172.64648       2172.83398    
   2173.02173       2173.20923    
   2173.39673       2173.58423    
   2173.77173       2173.95923    
   2174.14673       2174.33423    
   2174.52173       2174.70923    
   2174.89697       2175.08447    
   2175.27197       2175.45947    
   2175.64697       2175.83447    
   2176.02197       2176.20947    
   2176.39697       2176.58447    
   2176.77222       2176.95972    
   2177.14722       2177.33472    
   2177.52222       2177.70972    
   2177.89722       2178.08472    
   2178.27222       2178.45972    
   2178.64722       2178.83496    
   2179.02246       2179.20996    
   2179.39746       2179.58496    
   2179.77246       2179.95996    
   2180.14746       2180.33496    
   2180.52246       2180.71021    
   2180.89771       2181.08521    
   2181.27271       2181.46021    
   2181.64771       2181.83521    
   2182.02271       2182.21021    
   2182.39771       2182.58521    
   2182.77295       2182.96045    
   2183.14795       2183.33545    
   2183.52295       2183.71045    
   2183.89795       2184.08545    
   2184.27295       2184.46045    
   2184.64819       2184.83569    
   2185.02319       2185.21069    
   2185.39819       2185.58569    
   2185.77319       2185.96069    
   2186.14819       2186.33569    
   2186.52319       2186.71094    
   2186.89844       2187.08594    
   2187.27344       2187.46094    
   2187.64844       2187.83594    
   2188.02344       2188.21094    
   2188.39844       2188.58618    
   2188.77368       2188.96118    
   2189.14868       2189.33618    
   2189.52368       2189.71118    
   2189.89868       2190.08618    
   2190.27368       2190.46143    
   2190.64893       2190.83643    
   2191.02393       2191.21143    
   2191.39893       2191.58643    
   2191.77393       2191.96143    
   2192.14893       2192.33643    
   2192.52417       2192.71167    
   2192.89917       2193.08667    
   2193.27417       2193.46167    
   2193.64917       2193.83667    
   2194.02417       2194.21167    
   2194.39941       2194.58691    
   2194.77441       2194.96191    
   2195.14941       2195.33691    
   2195.52441       2195.71191    
   2195.89941       2196.08691    
   2196.27441       2196.46216    
   2196.64966       2196.83716    
   2197.02466       2197.21216    
   2197.39966       2197.58716    
   2197.77466       2197.96216    
   2198.14966       2198.33740    
   2198.52490       2198.71240    
   2198.89990       2199.08740    
   2199.27490       2199.46240    
   2199.64990       2199.83740    
   2200.02490       2200.21265    
   2200.40015       2200.58765    
   2200.77515       2200.96265    
   2201.15015       2201.33765    
   2201.52515       2201.71265    
   2201.90015       2202.08765    
   2202.27539       2202.46289    
   2202.65039       2202.83789    
   2203.02539       2203.21289    
   2203.40039       2203.58789    
   2203.77539       2203.96289    
   2204.15063       2204.33813    
   2204.52563       2204.71313    
   2204.90063       2205.08813    
   2205.27563       2205.46313    
   2205.65063       2205.83813    
   2206.02563       2206.21338    
   2206.40088       2206.58838    
   2206.77588       2206.96338    
   2207.15088       2207.33838    
   2207.52588       2207.71338    
   2207.90088       2208.08862    
   2208.27612       2208.46362    
   2208.65112       2208.83862    
   2209.02612       2209.21362    
   2209.40112       2209.58862    
   2209.77612       2209.96387    
   2210.15137       2210.33887    
   2210.52637       2210.71387    
   2210.90137       2211.08887    
   2211.27637       2211.46387    
   2211.65137       2211.83887    
   2212.02661       2212.21411    
   2212.40161       2212.58911    
   2212.77661       2212.96411    
   2213.15161       2213.33911    
   2213.52661       2213.71411    
   2213.90186       2214.08936    
   2214.27686       2214.46436    
   2214.65186       2214.83936    
   2215.02686       2215.21436    
   2215.40186       2215.58936    
   2215.77686       2215.96460    
   2216.15210       2216.33960    
   2216.52710       2216.71460    
   2216.90210       2217.08960    
   2217.27710       2217.46460    
   2217.65210       2217.83984    
   2218.02734       2218.21484    
   2218.40234       2218.58984    
   2218.77734       2218.96484    
   2219.15234       2219.33984    
   2219.52734       2219.71484    
   2219.90259       2220.09009    
   2220.27759       2220.46509    
   2220.65259       2220.84009    
   2221.02759       2221.21509    
   2221.40259       2221.59009    
   2221.77783       2221.96533    
   2222.15283       2222.34033    
   2222.52783       2222.71533    
   2222.90283       2223.09033    
   2223.27783       2223.46533    
   2223.65308       2223.84058    
   2224.02808       2224.21558    
   2224.40308       2224.59058    
   2224.77808       2224.96558    
   2225.15308       2225.34058    
   2225.52808       2225.71582    
   2225.90332       2226.09082    
   2226.27832       2226.46582    
   2226.65332       2226.84082    
   2227.02832       2227.21582    
   2227.40332       2227.59106    
   2227.77856       2227.96606    
   2228.15356       2228.34106    
   2228.52856       2228.71606    
   2228.90356       2229.09106    
   2229.27856       2229.46606    
   2229.65381       2229.84131    
   2230.02881       2230.21631    
   2230.40381       2230.59131    
   2230.77881       2230.96631    
   2231.15381       2231.34131    
   2231.52905       2231.71655    
   2231.90405       2232.09155    
   2232.27905       2232.46655    
   2232.65405       2232.84155    
   2233.02905       2233.21655    
   2233.40430       2233.59180    
   2233.77930       2233.96680    
   2234.15430       2234.34180    
   2234.52930       2234.71680    
   2234.90430       2235.09180    
   2235.27930       2235.46704    
   2235.65454       2235.84204    
   2236.02954       2236.21704    
   2236.40454       2236.59204    
   2236.77954       2236.96704    
   2237.15454       2237.34229    
   2237.52979       2237.71729    
   2237.90479       2238.09229    
   2238.27979       2238.46729    
   2238.65479       2238.84229    
   2239.02979       2239.21729    
   2239.40503       2239.59253    
   2239.78003       2239.96753    
   2240.15503       2240.34253    
   2240.53003       2240.71753    
   2240.90503       2241.09253    
   2241.28027       2241.46777    
   2241.65527       2241.84277    
   2242.03027       2242.21777    
   2242.40527       2242.59277    
   2242.78027       2242.96777    
   2243.15527       2243.34302    
   2243.53052       2243.71802    
   2243.90552       2244.09302    
   2244.28052       2244.46802    
   2244.65552       2244.84302    
   2245.03052       2245.21826    
   2245.40576       2245.59326    
   2245.78076       2245.96826    
   2246.15576       2246.34326    
   2246.53076       2246.71826    
   2246.90576       2247.09351    
   2247.28101       2247.46851    
   2247.65601       2247.84351    
   2248.03101       2248.21851    
   2248.40601       2248.59351    
   2248.78101       2248.96851    
   2249.15625       2249.34375    
   2249.53125       2249.71875    
   2249.90625       2250.09375    
   2250.28125       2250.46875    
   2250.65625       2250.84375    
   2251.03149       2251.21899    
   2251.40649       2251.59399    
   2251.78149       2251.96899    
   2252.15649       2252.34399    
   2252.53149       2252.71899    
   2252.90649       2253.09424    
   2253.28174       2253.46924    
   2253.65674       2253.84424    
   2254.03174       2254.21924    
   2254.40674       2254.59424    
   2254.78174       2254.96948    
   2255.15698       2255.34448    
   2255.53198       2255.71948    
   2255.90698       2256.09448    
   2256.28198       2256.46948    
   2256.65698       2256.84473    
   2257.03223       2257.21973    
   2257.40723       2257.59473    
   2257.78223       2257.96973    
   2258.15723       2258.34473    
   2258.53223       2258.71973    
   2258.90747       2259.09497    
   2259.28247       2259.46997    
   2259.65747       2259.84497    
   2260.03247       2260.21997    
   2260.40747       2260.59497    
   2260.78271       2260.97021    
   2261.15771       2261.34521    
   2261.53271       2261.72021    
   2261.90771       2262.09521    
   2262.28271       2262.47021    
   2262.65771       2262.84546    
   2263.03296       2263.22046    
   2263.40796       2263.59546    
   2263.78296       2263.97046    
   2264.15796       2264.34546    
   2264.53296       2264.72070    
   2264.90820       2265.09570    
   2265.28320       2265.47070    
   2265.65820       2265.84570    
   2266.03320       2266.22070    
   2266.40820       2266.59570    
   2266.78345       2266.97095    
   2267.15845       2267.34595    
   2267.53345       2267.72095    
   2267.90845       2268.09595    
   2268.28345       2268.47095    
   2268.65869       2268.84619    
   2269.03369       2269.22119    
   2269.40869       2269.59619    
   2269.78369       2269.97119    
   2270.15869       2270.34619    
   2270.53394       2270.72144    
   2270.90894       2271.09644    
   2271.28394       2271.47144    
   2271.65894       2271.84644    
   2272.03394       2272.22144    
   2272.40894       2272.59668    
   2272.78418       2272.97168    
   2273.15918       2273.34668    
   2273.53418       2273.72168    
   2273.90918       2274.09668    
   2274.28418       2274.47192    
   2274.65942       2274.84692    
   2275.03442       2275.22192    
   2275.40942       2275.59692    
   2275.78442       2275.97192    
   2276.15942       2276.34692    
   2276.53467       2276.72217    
   2276.90967       2277.09717    
   2277.28467       2277.47217    
   2277.65967       2277.84717    
   2278.03467       2278.22217    
   2278.40991       2278.59741    
   2278.78491       2278.97241    
   2279.15991       2279.34741    
   2279.53491       2279.72241    
   2279.90991       2280.09741    
   2280.28516       2280.47266    
   2280.66016       2280.84766    
   2281.03516       2281.22266    
   2281.41016       2281.59766    
   2281.78516       2281.97266    
   2282.16016       2282.34790    
   2282.53540       2282.72290    
   2282.91040       2283.09790    
   2283.28540       2283.47290    
   2283.66040       2283.84790    
   2284.03540       2284.22314    
   2284.41064       2284.59814    
   2284.78564       2284.97314    
   2285.16064       2285.34814    
   2285.53564       2285.72314    
   2285.91064       2286.09814    
   2286.28589       2286.47339    
   2286.66089       2286.84839    
   2287.03589       2287.22339    
   2287.41089       2287.59839    
   2287.78589       2287.97339    
   2288.16113       2288.34863    
   2288.53613       2288.72363    
   2288.91113       2289.09863    
   2289.28613       2289.47363    
   2289.66113       2289.84863    
   2290.03613       2290.22388    
   2290.41138       2290.59888    
   2290.78638       2290.97388    
   2291.16138       2291.34888    
   2291.53638       2291.72388    
   2291.91138       2292.09912    
   2292.28662       2292.47412    
   2292.66162       2292.84912    
   2293.03662       2293.22412    
   2293.41162       2293.59912    
   2293.78662       2293.97437    
   2294.16187       2294.34937    
   2294.53687       2294.72437    
   2294.91187       2295.09937    
   2295.28687       2295.47437    
   2295.66187       2295.84937    
   2296.03711       2296.22461    
   2296.41211       2296.59961    
   2296.78711       2296.97461    
   2297.16211       2297.34961    
   2297.53711       2297.72461    
   2297.91235       2298.09985    
   2298.28735       2298.47485    
   2298.66235       2298.84985    
   2299.03735       2299.22485    
   2299.41235       2299.59985    
   2299.78735       2299.97510    
   2300.16260       2300.35010    
   2300.53760       2300.72510    
   2300.91260       2301.10010    
   2301.28760       2301.47510    
   2301.66260       2301.85034    
   2302.03784       2302.22534    
   2302.41284       2302.60034    
   2302.78784       2302.97534    
   2303.16284       2303.35034    
   2303.53784       2303.72559    
   2303.91309       2304.10059    
   2304.28809       2304.47559    
   2304.66309       2304.85059    
   2305.03809       2305.22559    
   2305.41309       2305.60059    
   2305.78833       2305.97583    
   2306.16333       2306.35083    
   2306.53833       2306.72583    
   2306.91333       2307.10083    
   2307.28833       2307.47583    
   2307.66357       2307.85107    
   2308.03857       2308.22607    
   2308.41357       2308.60107    
   2308.78857       2308.97607    
   2309.16357       2309.35107    
   2309.53857       2309.72632    
   2309.91382       2310.10132    
   2310.28882       2310.47632    
   2310.66382       2310.85132    
   2311.03882       2311.22632    
   2311.41382       2311.60156    
   2311.78906       2311.97656    
   2312.16406       2312.35156    
   2312.53906       2312.72656    
   2312.91406       2313.10156    
   2313.28906       2313.47681    
   2313.66431       2313.85181    
   2314.03931       2314.22681    
   2314.41431       2314.60181    
   2314.78931       2314.97681    
   2315.16431       2315.35181    
   2315.53955       2315.72705    
   2315.91455       2316.10205    
   2316.28955       2316.47705    
   2316.66455       2316.85205    
   2317.03955       2317.22705    
   2317.41479       2317.60229    
   2317.78979       2317.97729    
   2318.16479       2318.35229    
   2318.53979       2318.72729    
   2318.91479       2319.10229    
   2319.28979       2319.47754    
   2319.66504       2319.85254    
   2320.04004       2320.22754    
   2320.41504       2320.60254    
   2320.79004       2320.97754    
   2321.16504       2321.35278    
   2321.54028       2321.72778    
   2321.91528       2322.10278    
   2322.29028       2322.47778    
   2322.66528       2322.85278    
   2323.04028       2323.22778    
   2323.41553       2323.60303    
   2323.79053       2323.97803    
   2324.16553       2324.35303    
   2324.54053       2324.72803    
   2324.91553       2325.10303    
   2325.29077       2325.47827    
   2325.66577       2325.85327    
   2326.04077       2326.22827    
   2326.41577       2326.60327    
   2326.79077       2326.97827    
   2327.16602       2327.35352    
   2327.54102       2327.72852    
   2327.91602       2328.10352    
   2328.29102       2328.47852    
   2328.66602       2328.85352    
   2329.04102       2329.22876    
   2329.41626       2329.60376    
   2329.79126       2329.97876    
   2330.16626       2330.35376    
   2330.54126       2330.72876    
   2330.91626       2331.10400    
   2331.29150       2331.47900    
   2331.66650       2331.85400    
   2332.04150       2332.22900    
   2332.41650       2332.60400    
   2332.79150       2332.97900    
   2333.16675       2333.35425    
   2333.54175       2333.72925    
   2333.91675       2334.10425    
   2334.29175       2334.47925    
   2334.66675       2334.85425    
   2335.04199       2335.22949    
   2335.41699       2335.60449    
   2335.79199       2335.97949    
   2336.16699       2336.35449    
   2336.54199       2336.72949    
   2336.91724       2337.10474    
   2337.29224       2337.47974    
   2337.66724       2337.85474    
   2338.04224       2338.22974    
   2338.41724       2338.60474    
   2338.79224       2338.97998    
   2339.16748       2339.35498    
   2339.54248       2339.72998    
   2339.91748       2340.10498    
   2340.29248       2340.47998    
   2340.66748       2340.85522    
   2341.04272       2341.23022    
   2341.41772       2341.60522    
   2341.79272       2341.98022    
   2342.16772       2342.35522    
   2342.54272       2342.73022    
   2342.91797       2343.10547    
   2343.29297       2343.48047    
   2343.66797       2343.85547    
   2344.04297       2344.23047    
   2344.41797       2344.60547    
   2344.79321       2344.98071    
   2345.16821       2345.35571    
   2345.54321       2345.73071    
   2345.91821       2346.10571    
   2346.29321       2346.48071    
   2346.66821       2346.85596    
   2347.04346       2347.23096    
   2347.41846       2347.60596    
   2347.79346       2347.98096    
   2348.16846       2348.35596    
   2348.54346       2348.73120    
   2348.91870       2349.10620    
   2349.29370       2349.48120    
   2349.66870       2349.85620    
   2350.04370       2350.23120    
   2350.41870       2350.60645    
   2350.79395       2350.98145    
   2351.16895       2351.35645    
   2351.54395       2351.73145    
   2351.91895       2352.10645    
   2352.29395       2352.48145    
   2352.66919       2352.85669    
   2353.04419       2353.23169    
   2353.41919       2353.60669    
   2353.79419       2353.98169    
   2354.16919       2354.35669    
   2354.54443       2354.73193    
   2354.91943       2355.10693    
   2355.29443       2355.48193    
   2355.66943       2355.85693    
   2356.04443       2356.23193    
   2356.41943       2356.60718    
   2356.79468       2356.98218    
   2357.16968       2357.35718    
   2357.54468       2357.73218    
   2357.91968       2358.10718    
   2358.29468       2358.48242    
   2358.66992       2358.85742    
   2359.04492       2359.23242    
   2359.41992       2359.60742    
   2359.79492       2359.98242    
   2360.16992       2360.35767    
   2360.54517       2360.73267    
   2360.92017       2361.10767    
   2361.29517       2361.48267    
   2361.67017       2361.85767    
   2362.04517       2362.23267    
   2362.42041       2362.60791    
   2362.79541       2362.98291    
   2363.17041       2363.35791    
   2363.54541       2363.73291    
   2363.92041       2364.10791    
   2364.29565       2364.48315    
   2364.67065       2364.85815    
   2365.04565       2365.23315    
   2365.42065       2365.60815    
   2365.79565       2365.98315    
   2366.17065       2366.35840    
   2366.54590       2366.73340    
   2366.92090       2367.10840    
   2367.29590       2367.48340    
   2367.67090       2367.85840    
   2368.04590       2368.23364    
   2368.42114       2368.60864    
   2368.79614       2368.98364    
   2369.17114       2369.35864    
   2369.54614       2369.73364    
   2369.92114       2370.10864    
   2370.29639       2370.48389    
   2370.67139       2370.85889    
   2371.04639       2371.23389    
   2371.42139       2371.60889    
   2371.79639       2371.98389    
   2372.17163       2372.35913    
   2372.54663       2372.73413    
   2372.92163       2373.10913    
   2373.29663       2373.48413    
   2373.67163       2373.85913    
   2374.04688       2374.23438    
   2374.42188       2374.60938    
   2374.79688       2374.98438    
   2375.17188       2375.35938    
   2375.54688       2375.73438    
   2375.92188       2376.10962    
   2376.29712       2376.48462    
   2376.67212       2376.85962    
   2377.04712       2377.23462    
   2377.42212       2377.60962    
   2377.79712       2377.98486    
   2378.17236       2378.35986    
   2378.54736       2378.73486    
   2378.92236       2379.10986    
   2379.29736       2379.48486    
   2379.67236       2379.85986    
   2380.04761       2380.23511    
   2380.42261       2380.61011    
   2380.79761       2380.98511    
   2381.17261       2381.36011    
   2381.54761       2381.73511    
   2381.92285       2382.11035    
   2382.29785       2382.48535    
   2382.67285       2382.86035    
   2383.04785       2383.23535    
   2383.42285       2383.61035    
   2383.79810       2383.98560    
   2384.17310       2384.36060    
   2384.54810       2384.73560    
   2384.92310       2385.11060    
   2385.29810       2385.48560    
   2385.67310       2385.86084    
   2386.04834       2386.23584    
   2386.42334       2386.61084    
   2386.79834       2386.98584    
   2387.17334       2387.36084    
   2387.54834       2387.73608    
   2387.92358       2388.11108    
   2388.29858       2388.48608    
   2388.67358       2388.86108    
   2389.04858       2389.23608    
   2389.42358       2389.61108    
   2389.79883       2389.98633    
   2390.17383       2390.36133    
   2390.54883       2390.73633    
   2390.92383       2391.11133    
   2391.29883       2391.48633    
   2391.67407       2391.86157    
   2392.04907       2392.23657    
   2392.42407       2392.61157    
   2392.79907       2392.98657    
   2393.17407       2393.36157    
   2393.54907       2393.73682    
   2393.92432       2394.11182    
   2394.29932       2394.48682    
   2394.67432       2394.86182    
   2395.04932       2395.23682    
   2395.42432       2395.61206    
   2395.79956       2395.98706    
   2396.17456       2396.36206    
   2396.54956       2396.73706    
   2396.92456       2397.11206    
   2397.29956       2397.48730    
   2397.67480       2397.86230    
   2398.04980       2398.23730    
   2398.42480       2398.61230    
   2398.79980       2398.98730    
   2399.17480       2399.36230    
   2399.55005       2399.73755    
   2399.92505       2400.11255    
   2400.30005       2400.48755    
   2400.67505       2400.86255    
   2401.05005       2401.23755    
   2401.42529       2401.61279    
   2401.80029       2401.98779    
   2402.17529       2402.36279    
   2402.55029       2402.73779    
   2402.92529       2403.11279    
   2403.30029       2403.48804    
   2403.67554       2403.86304    
   2404.05054       2404.23804    
   2404.42554       2404.61304    
   2404.80054       2404.98804    
   2405.17554       2405.36328    
   2405.55078       2405.73828    
   2405.92578       2406.11328    
   2406.30078       2406.48828    
   2406.67578       2406.86328    
   2407.05078       2407.23853    
   2407.42603       2407.61353    
   2407.80103       2407.98853    
   2408.17603       2408.36353    
   2408.55103       2408.73853    
   2408.92603       2409.11353    
   2409.30127       2409.48877    
   2409.67627       2409.86377    
   2410.05127       2410.23877    
   2410.42627       2410.61377    
   2410.80127       2410.98877    
   2411.17651       2411.36401    
   2411.55151       2411.73901    
   2411.92651       2412.11401    
   2412.30151       2412.48901    
   2412.67651       2412.86401    
   2413.05151       2413.23926    
   2413.42676       2413.61426    
   2413.80176       2413.98926    
   2414.17676       2414.36426    
   2414.55176       2414.73926    
   2414.92676       2415.11450    
   2415.30200       2415.48950    
   2415.67700       2415.86450    
   2416.05200       2416.23950    
   2416.42700       2416.61450    
   2416.80200       2416.98950    
   2417.17725       2417.36475    
   2417.55225       2417.73975    
   2417.92725       2418.11475    
   2418.30225       2418.48975    
   2418.67725       2418.86475    
   2419.05249       2419.23999    
   2419.42749       2419.61499    
   2419.80249       2419.98999    
   2420.17749       2420.36499    
   2420.55249       2420.73999    
   2420.92773       2421.11523    
   2421.30273       2421.49023    
   2421.67773       2421.86523    
   2422.05273       2422.24023    
   2422.42773       2422.61523    
   2422.80273       2422.99048    
   2423.17798       2423.36548    
   2423.55298       2423.74048    
   2423.92798       2424.11548    
   2424.30298       2424.49048    
   2424.67798       2424.86572    
   2425.05322       2425.24072    
   2425.42822       2425.61572    
   2425.80322       2425.99072    
   2426.17822       2426.36572    
   2426.55322       2426.74072    
   2426.92847       2427.11597    
   2427.30347       2427.49097    
   2427.67847       2427.86597    
   2428.05347       2428.24097    
   2428.42847       2428.61597    
   2428.80371       2428.99121    
   2429.17871       2429.36621    
   2429.55371       2429.74121    
   2429.92871       2430.11621    
   2430.30371       2430.49121    
   2430.67896       2430.86646    
   2431.05396       2431.24146    
   2431.42896       2431.61646    
   2431.80396       2431.99146    
   2432.17896       2432.36646    
   2432.55396       2432.74170    
   2432.92920       2433.11670    
   2433.30420       2433.49170    
   2433.67920       2433.86670    
   2434.05420       2434.24170    
   2434.42920       2434.61694    
   2434.80444       2434.99194    
   2435.17944       2435.36694    
   2435.55444       2435.74194    
   2435.92944       2436.11694    
   2436.30444       2436.49194    
   2436.67969       2436.86719    
   2437.05469       2437.24219    
   2437.42969       2437.61719    
   2437.80469       2437.99219    
   2438.17969       2438.36719    
   2438.55493       2438.74243    
   2438.92993       2439.11743    
   2439.30493       2439.49243    
   2439.67993       2439.86743    
   2440.05493       2440.24243    
   2440.43018       2440.61768    
   2440.80518       2440.99268    
   2441.18018       2441.36768    
   2441.55518       2441.74268    
   2441.93018       2442.11768    
   2442.30518       2442.49292    
   2442.68042       2442.86792    
   2443.05542       2443.24292    
   2443.43042       2443.61792    
   2443.80542       2443.99292    
   2444.18042       2444.36816    
   2444.55566       2444.74316    
   2444.93066       2445.11816    
   2445.30566       2445.49316    
   2445.68066       2445.86816    
   2446.05566       2446.24316    
   2446.43091       2446.61841    
   2446.80591       2446.99341    
   2447.18091       2447.36841    
   2447.55591       2447.74341    
   2447.93091       2448.11841    
   2448.30615       2448.49365    
   2448.68115       2448.86865    
   2449.05615       2449.24365    
   2449.43115       2449.61865    
   2449.80615       2449.99365    
   2450.18115       2450.36890    
   2450.55640       2450.74390    
   2450.93140       2451.11890    
   2451.30640       2451.49390    
   2451.68140       2451.86890    
   2452.05640       2452.24414    
   2452.43164       2452.61914    
   2452.80664       2452.99414    
   2453.18164       2453.36914    
   2453.55664       2453.74414    
   2453.93164       2454.11938    
   2454.30688       2454.49438    
   2454.68188       2454.86938    
   2455.05688       2455.24438    
   2455.43188       2455.61938    
   2455.80688       2455.99438    
   2456.18213       2456.36963    
   2456.55713       2456.74463    
   2456.93213       2457.11963    
   2457.30713       2457.49463    
   2457.68213       2457.86963    
   2458.05737       2458.24487    
   2458.43237       2458.61987    
   2458.80737       2458.99487    
   2459.18237       2459.36987    
   2459.55737       2459.74487    
   2459.93237       2460.12012    
   2460.30762       2460.49512    
   2460.68262       2460.87012    
   2461.05762       2461.24512    
   2461.43262       2461.62012    
   2461.80762       2461.99536    
   2462.18286       2462.37036    
   2462.55786       2462.74536    
   2462.93286       2463.12036    
   2463.30786       2463.49536    
   2463.68286       2463.87061    
   2464.05811       2464.24561    
   2464.43311       2464.62061    
   2464.80811       2464.99561    
   2465.18311       2465.37061    
   2465.55811       2465.74561    
   2465.93335       2466.12085    
   2466.30835       2466.49585    
   2466.68335       2466.87085    
   2467.05835       2467.24585    
   2467.43335       2467.62085    
   2467.80859       2467.99609    
   2468.18359       2468.37109    
   2468.55859       2468.74609    
   2468.93359       2469.12109    
   2469.30859       2469.49609    
   2469.68359       2469.87134    
   2470.05884       2470.24634    
   2470.43384       2470.62134    
   2470.80884       2470.99634    
   2471.18384       2471.37134    
   2471.55884       2471.74658    
   2471.93408       2472.12158    
   2472.30908       2472.49658    
   2472.68408       2472.87158    
   2473.05908       2473.24658    
   2473.43408       2473.62158    
   2473.80933       2473.99683    
   2474.18433       2474.37183    
   2474.55933       2474.74683    
   2474.93433       2475.12183    
   2475.30933       2475.49683    
   2475.68457       2475.87207    
   2476.05957       2476.24707    
   2476.43457       2476.62207    
   2476.80957       2476.99707    
   2477.18457       2477.37207    
   2477.55981       2477.74731    
   2477.93481       2478.12231    
   2478.30981       2478.49731    
   2478.68481       2478.87231    
   2479.05981       2479.24731    
   2479.43481       2479.62256    
   2479.81006       2479.99756    
   2480.18506       2480.37256    
   2480.56006       2480.74756    
   2480.93506       2481.12256    
   2481.31006       2481.49780    
   2481.68530       2481.87280    
   2482.06030       2482.24780    
   2482.43530       2482.62280    
   2482.81030       2482.99780    
   2483.18530       2483.37280    
   2483.56055       2483.74805    
   2483.93555       2484.12305    
   2484.31055       2484.49805    
   2484.68555       2484.87305    
   2485.06055       2485.24805    
   2485.43579       2485.62329    
   2485.81079       2485.99829    
   2486.18579       2486.37329    
   2486.56079       2486.74829    
   2486.93579       2487.12329    
   2487.31104       2487.49854    
   2487.68604       2487.87354    
   2488.06104       2488.24854    
   2488.43604       2488.62354    
   2488.81104       2488.99854    
   2489.18604       2489.37378    
   2489.56128       2489.74878    
   2489.93628       2490.12378    
   2490.31128       2490.49878    
   2490.68628       2490.87378    
   2491.06128       2491.24902    
   2491.43652       2491.62402    
   2491.81152       2491.99902    
   2492.18652       2492.37402    
   2492.56152       2492.74902    
   2492.93652       2493.12402    
   2493.31177       2493.49927    
   2493.68677       2493.87427    
   2494.06177       2494.24927    
   2494.43677       2494.62427    
   2494.81177       2494.99927    
   2495.18701       2495.37451    
   2495.56201       2495.74951    
   2495.93701       2496.12451    
   2496.31201       2496.49951    
   2496.68701       2496.87451    
   2497.06201       2497.24976    
   2497.43726       2497.62476    
   2497.81226       2497.99976    
   2498.18726       2498.37476    
   2498.56226       2498.74976    
   2498.93726       2499.12500    
   2499.31250       2499.50000    
   2499.68750       2499.87500    
   2500.06250       2500.25000    
   2500.43750       2500.62500    
   2500.81250       2501.00024    
   2501.18774       2501.37524    
   2501.56274       2501.75024    
   2501.93774       2502.12524    
   2502.31274       2502.50024    
   2502.68774       2502.87524    
   2503.06299       2503.25049    
   2503.43799       2503.62549    
   2503.81299       2504.00049    
   2504.18799       2504.37549    
   2504.56299       2504.75049    
   2504.93823       2505.12573    
   2505.31323       2505.50073    
   2505.68823       2505.87573    
   2506.06323       2506.25073    
   2506.43823       2506.62573    
   2506.81323       2507.00098    
   2507.18848       2507.37598    
   2507.56348       2507.75098    
   2507.93848       2508.12598    
   2508.31348       2508.50098    
   2508.68848       2508.87622    
   2509.06372       2509.25122    
   2509.43872       2509.62622    
   2509.81372       2510.00122    
   2510.18872       2510.37622    
   2510.56372       2510.75146    
   2510.93896       2511.12646    
   2511.31396       2511.50146    
   2511.68896       2511.87646    
   2512.06396       2512.25146    
   2512.43896       2512.62646    
   2512.81421       2513.00171    
   2513.18921       2513.37671    
   2513.56421       2513.75171    
   2513.93921       2514.12671    
   2514.31421       2514.50171    
   2514.68945       2514.87695    
   2515.06445       2515.25195    
   2515.43945       2515.62695    
   2515.81445       2516.00195    
   2516.18945       2516.37695    
   2516.56445       2516.75220    
   2516.93970       2517.12720    
   2517.31470       2517.50220    
   2517.68970       2517.87720    
   2518.06470       2518.25220    
   2518.43970       2518.62744    
   2518.81494       2519.00244    
   2519.18994       2519.37744    
   2519.56494       2519.75244    
   2519.93994       2520.12744    
   2520.31494       2520.50244    
   2520.69019       2520.87769    
   2521.06519       2521.25269    
   2521.44019       2521.62769    
   2521.81519       2522.00269    
   2522.19019       2522.37769    
   2522.56543       2522.75293    
   2522.94043       2523.12793    
   2523.31543       2523.50293    
   2523.69043       2523.87793    
   2524.06543       2524.25293    
   2524.44067       2524.62817    
   2524.81567       2525.00317    
   2525.19067       2525.37817    
   2525.56567       2525.75317    
   2525.94067       2526.12817    
   2526.31567       2526.50342    
   2526.69092       2526.87842    
   2527.06592       2527.25342    
   2527.44092       2527.62842    
   2527.81592       2528.00342    
   2528.19092       2528.37866    
   2528.56616       2528.75366    
   2528.94116       2529.12866    
   2529.31616       2529.50366    
   2529.69116       2529.87866    
   2530.06616       2530.25366    
   2530.44141       2530.62891    
   2530.81641       2531.00391    
   2531.19141       2531.37891    
   2531.56641       2531.75391    
   2531.94141       2532.12891    
   2532.31665       2532.50415    
   2532.69165       2532.87915    
   2533.06665       2533.25415    
   2533.44165       2533.62915    
   2533.81665       2534.00415    
   2534.19189       2534.37939    
   2534.56689       2534.75439    
   2534.94189       2535.12939    
   2535.31689       2535.50439    
   2535.69189       2535.87939    
   2536.06689       2536.25464    
   2536.44214       2536.62964    
   2536.81714       2537.00464    
   2537.19214       2537.37964    
   2537.56714       2537.75464    
   2537.94214       2538.12988    
   2538.31738       2538.50488    
   2538.69238       2538.87988    
   2539.06738       2539.25488    
   2539.44238       2539.62988    
   2539.81738       2540.00488    
   2540.19263       2540.38013    
   2540.56763       2540.75513    
   2540.94263       2541.13013    
   2541.31763       2541.50513    
   2541.69263       2541.88013    
   2542.06787       2542.25537    
   2542.44287       2542.63037    
   2542.81787       2543.00537    
   2543.19287       2543.38037    
   2543.56787       2543.75537    
   2543.94287       2544.13062    
   2544.31812       2544.50562    
   2544.69312       2544.88062    
   2545.06812       2545.25562    
   2545.44312       2545.63062    
   2545.81812       2546.00586    
   2546.19336       2546.38086    
   2546.56836       2546.75586    
   2546.94336       2547.13086    
   2547.31836       2547.50586    
   2547.69336       2547.88110    
   2548.06860       2548.25610    
   2548.44360       2548.63110    
   2548.81860       2549.00610    
   2549.19360       2549.38110    
   2549.56860       2549.75610    
   2549.94385       2550.13135    
   2550.31885       2550.50635    
   2550.69385       2550.88135    
   2551.06885       2551.25635    
   2551.44385       2551.63135    
   2551.81909       2552.00659    
   2552.19409       2552.38159    
   2552.56909       2552.75659    
   2552.94409       2553.13159    
   2553.31909       2553.50659    
   2553.69409       2553.88184    
   2554.06934       2554.25684    
   2554.44434       2554.63184    
   2554.81934       2555.00684    
   2555.19434       2555.38184    
   2555.56934       2555.75708    
   2555.94458       2556.13208    
   2556.31958       2556.50708    
   2556.69458       2556.88208    
   2557.06958       2557.25708    
   2557.44458       2557.63232    
   2557.81982       2558.00732    
   2558.19482       2558.38232    
   2558.56982       2558.75732    
   2558.94482       2559.13232    
   2559.31982       2559.50732    
   2559.69507       2559.88257    
   2560.07007       2560.25757    
   2560.44507       2560.63257    
   2560.82007       2561.00757    
   2561.19507       2561.38257    
   2561.57031       2561.75781    
   2561.94531       2562.13281    
   2562.32031       2562.50781    
   2562.69531       2562.88281    
   2563.07031       2563.25781    
   2563.44531       2563.63306    
   2563.82056       2564.00806    
   2564.19556       2564.38306    
   2564.57056       2564.75806    
   2564.94556       2565.13306    
   2565.32056       2565.50830    
   2565.69580       2565.88330    
   2566.07080       2566.25830    
   2566.44580       2566.63330    
   2566.82080       2567.00830    
   2567.19580       2567.38354    
   2567.57104       2567.75854    
   2567.94604       2568.13354    
   2568.32104       2568.50854    
   2568.69604       2568.88354    
   2569.07104       2569.25854    
   2569.44629       2569.63379    
   2569.82129       2570.00879    
   2570.19629       2570.38379    
   2570.57129       2570.75879    
   2570.94629       2571.13379    
   2571.32153       2571.50903    
   2571.69653       2571.88403    
   2572.07153       2572.25903    
   2572.44653       2572.63403    
   2572.82153       2573.00903    
   2573.19653       2573.38428    
   2573.57178       2573.75928    
   2573.94678       2574.13428    
   2574.32178       2574.50928    
   2574.69678       2574.88428    
   2575.07178       2575.25952    
   2575.44702       2575.63452    
   2575.82202       2576.00952    
   2576.19702       2576.38452    
   2576.57202       2576.75952    
   2576.94702       2577.13452    
   2577.32227       2577.50977    
   2577.69727       2577.88477    
   2578.07227       2578.25977    
   2578.44727       2578.63477    
   2578.82227       2579.00977    
   2579.19751       2579.38501    
   2579.57251       2579.76001    
   2579.94751       2580.13501    
   2580.32251       2580.51001    
   2580.69751       2580.88501    
   2581.07275       2581.26025    
   2581.44775       2581.63525    
   2581.82275       2582.01025    
   2582.19775       2582.38525    
   2582.57275       2582.76025    
   2582.94775       2583.13550    
   2583.32300       2583.51050    
   2583.69800       2583.88550    
   2584.07300       2584.26050    
   2584.44800       2584.63550    
   2584.82300       2585.01074    
   2585.19824       2585.38574    
   2585.57324       2585.76074    
   2585.94824       2586.13574    
   2586.32324       2586.51074    
   2586.69824       2586.88574    
   2587.07349       2587.26099    
   2587.44849       2587.63599    
   2587.82349       2588.01099    
   2588.19849       2588.38599    
   2588.57349       2588.76099    
   2588.94873       2589.13623    
   2589.32373       2589.51123    
   2589.69873       2589.88623    
   2590.07373       2590.26123    
   2590.44873       2590.63623    
   2590.82397       2591.01147    
   2591.19897       2591.38647    
   2591.57397       2591.76147    
   2591.94897       2592.13647    
   2592.32397       2592.51147    
   2592.69897       2592.88672    
   2593.07422       2593.26172    
   2593.44922       2593.63672    
   2593.82422       2594.01172    
   2594.19922       2594.38672    
   2594.57422       2594.76196    
   2594.94946       2595.13696    
   2595.32446       2595.51196    
   2595.69946       2595.88696    
   2596.07446       2596.26196    
   2596.44946       2596.63696    
   2596.82471       2597.01221    
   2597.19971       2597.38721    
   2597.57471       2597.76221    
   2597.94971       2598.13721    
   2598.32471       2598.51221    
   2598.69995       2598.88745    
   2599.07495       2599.26245    
   2599.44995       2599.63745    
   2599.82495       2600.01245    
   2600.19995       2600.38745    
   2600.57495       2600.76270    
   2600.95020       2601.13770    
   2601.32520       2601.51270    
   2601.70020       2601.88770    
   2602.07520       2602.26270    
   2602.45020       2602.63794    
   2602.82544       2603.01294    
   2603.20044       2603.38794    
   2603.57544       2603.76294    
   2603.95044       2604.13794    
   2604.32544       2604.51318    
   2604.70068       2604.88818    
   2605.07568       2605.26318    
   2605.45068       2605.63818    
   2605.82568       2606.01318    
   2606.20068       2606.38818    
   2606.57593       2606.76343    
   2606.95093       2607.13843    
   2607.32593       2607.51343    
   2607.70093       2607.88843    
   2608.07593       2608.26343    
   2608.45117       2608.63867    
   2608.82617       2609.01367    
   2609.20117       2609.38867    
   2609.57617       2609.76367    
   2609.95117       2610.13867    
   2610.32617       2610.51392    
   2610.70142       2610.88892    
   2611.07642       2611.26392    
   2611.45142       2611.63892    
   2611.82642       2612.01392    
   2612.20142       2612.38916    
   2612.57666       2612.76416    
   2612.95166       2613.13916    
   2613.32666       2613.51416    
   2613.70166       2613.88916    
   2614.07666       2614.26440    
   2614.45190       2614.63940    
   2614.82690       2615.01440    
   2615.20190       2615.38940    
   2615.57690       2615.76440    
   2615.95190       2616.13940    
   2616.32715       2616.51465    
   2616.70215       2616.88965    
   2617.07715       2617.26465    
   2617.45215       2617.63965    
   2617.82715       2618.01465    
   2618.20239       2618.38989    
   2618.57739       2618.76489    
   2618.95239       2619.13989    
   2619.32739       2619.51489    
   2619.70239       2619.88989    
   2620.07739       2620.26514    
   2620.45264       2620.64014    
   2620.82764       2621.01514    
   2621.20264       2621.39014    
   2621.57764       2621.76514    
   2621.95264       2622.14038    
   2622.32788       2622.51538    
   2622.70288       2622.89038    
   2623.07788       2623.26538    
   2623.45288       2623.64038    
   2623.82788       2624.01538    
   2624.20312       2624.39062    
   2624.57812       2624.76562    
   2624.95312       2625.14062    
   2625.32812       2625.51562    
   2625.70312       2625.89062    
   2626.07837       2626.26587    
   2626.45337       2626.64087    
   2626.82837       2627.01587    
   2627.20337       2627.39087    
   2627.57837       2627.76587    
   2627.95361       2628.14111    
   2628.32861       2628.51611    
   2628.70361       2628.89111    
   2629.07861       2629.26611    
   2629.45361       2629.64111    
   2629.82861       2630.01636    
   2630.20386       2630.39136    
   2630.57886       2630.76636    
   2630.95386       2631.14136    
   2631.32886       2631.51636    
   2631.70386       2631.89160    
   2632.07910       2632.26660    
   2632.45410       2632.64160    
   2632.82910       2633.01660    
   2633.20410       2633.39160    
   2633.57910       2633.76660    
   2633.95435       2634.14185    
   2634.32935       2634.51685    
   2634.70435       2634.89185    
   2635.07935       2635.26685    
   2635.45435       2635.64185    
   2635.82959       2636.01709    
   2636.20459       2636.39209    
   2636.57959       2636.76709    
   2636.95459       2637.14209    
   2637.32959       2637.51709    
   2637.70483       2637.89233    
   2638.07983       2638.26733    
   2638.45483       2638.64233    
   2638.82983       2639.01733    
   2639.20483       2639.39233    
   2639.57983       2639.76758    
   2639.95508       2640.14258    
   2640.33008       2640.51758    
   2640.70508       2640.89258    
   2641.08008       2641.26758    
   2641.45508       2641.64282    
   2641.83032       2642.01782    
   2642.20532       2642.39282    
   2642.58032       2642.76782    
   2642.95532       2643.14282    
   2643.33032       2643.51782    
   2643.70557       2643.89307    
   2644.08057       2644.26807    
   2644.45557       2644.64307    
   2644.83057       2645.01807    
   2645.20557       2645.39307    
   2645.58081       2645.76831    
   2645.95581       2646.14331    
   2646.33081       2646.51831    
   2646.70581       2646.89331    
   2647.08081       2647.26831    
   2647.45581       2647.64355    
   2647.83105       2648.01855    
   2648.20605       2648.39355    
   2648.58105       2648.76855    
   2648.95605       2649.14355    
   2649.33105       2649.51880    
   2649.70630       2649.89380    
   2650.08130       2650.26880    
   2650.45630       2650.64380    
   2650.83130       2651.01880    
   2651.20630       2651.39404    
   2651.58154       2651.76904    
   2651.95654       2652.14404    
   2652.33154       2652.51904    
   2652.70654       2652.89404    
   2653.08154       2653.26904    
   2653.45679       2653.64429    
   2653.83179       2654.01929    
   2654.20679       2654.39429    
   2654.58179       2654.76929    
   2654.95679       2655.14429    
   2655.33203       2655.51953    
   2655.70703       2655.89453    
   2656.08203       2656.26953    
   2656.45703       2656.64453    
   2656.83203       2657.01953    
   2657.20703       2657.39478    
   2657.58228       2657.76978    
   2657.95728       2658.14478    
   2658.33228       2658.51978    
   2658.70728       2658.89478    
   2659.08228       2659.27002    
   2659.45752       2659.64502    
   2659.83252       2660.02002    
   2660.20752       2660.39502    
   2660.58252       2660.77002    
   2660.95752       2661.14526    
   2661.33276       2661.52026    
   2661.70776       2661.89526    
   2662.08276       2662.27026    
   2662.45776       2662.64526    
   2662.83276       2663.02026    
   2663.20801       2663.39551    
   2663.58301       2663.77051    
   2663.95801       2664.14551    
   2664.33301       2664.52051    
   2664.70801       2664.89551    
   2665.08325       2665.27075    
   2665.45825       2665.64575    
   2665.83325       2666.02075    
   2666.20825       2666.39575    
   2666.58325       2666.77075    
   2666.95825       2667.14600    
   2667.33350       2667.52100    
   2667.70850       2667.89600    
   2668.08350       2668.27100    
   2668.45850       2668.64600    
   2668.83350       2669.02124    
   2669.20874       2669.39624    
   2669.58374       2669.77124    
   2669.95874       2670.14624    
   2670.33374       2670.52124    
   2670.70874       2670.89624    
   2671.08398       2671.27148    
   2671.45898       2671.64648    
   2671.83398       2672.02148    
   2672.20898       2672.39648    
   2672.58398       2672.77148    
   2672.95923       2673.14673    
   2673.33423       2673.52173    
   2673.70923       2673.89673    
   2674.08423       2674.27173    
   2674.45923       2674.64673    
   2674.83447       2675.02197    
   2675.20947       2675.39697    
   2675.58447       2675.77197    
   2675.95947       2676.14697    
   2676.33447       2676.52197    
   2676.70947       2676.89722    
   2677.08472       2677.27222    
   2677.45972       2677.64722    
   2677.83472       2678.02222    
   2678.20972       2678.39722    
   2678.58472       2678.77246    
   2678.95996       2679.14746    
   2679.33496       2679.52246    
   2679.70996       2679.89746    
   2680.08496       2680.27246    
   2680.45996       2680.64746    
   2680.83521       2681.02271    
   2681.21021       2681.39771    
   2681.58521       2681.77271    
   2681.96021       2682.14771    
   2682.33521       2682.52271    
   2682.71045       2682.89795    
   2683.08545       2683.27295    
   2683.46045       2683.64795    
   2683.83545       2684.02295    
   2684.21045       2684.39795    
   2684.58569       2684.77319    
   2684.96069       2685.14819    
   2685.33569       2685.52319    
   2685.71069       2685.89819    
   2686.08569       2686.27319    
   2686.46069       2686.64844    
   2686.83594       2687.02344    
   2687.21094       2687.39844    
   2687.58594       2687.77344    
   2687.96094       2688.14844    
   2688.33594       2688.52368    
   2688.71118       2688.89868    
   2689.08618       2689.27368    
   2689.46118       2689.64868    
   2689.83618       2690.02368    
   2690.21118       2690.39868    
   2690.58643       2690.77393    
   2690.96143       2691.14893    
   2691.33643       2691.52393    
   2691.71143       2691.89893    
   2692.08643       2692.27393    
   2692.46167       2692.64917    
   2692.83667       2693.02417    
   2693.21167       2693.39917    
   2693.58667       2693.77417    
   2693.96167       2694.14917    
   2694.33691       2694.52441    
   2694.71191       2694.89941    
   2695.08691       2695.27441    
   2695.46191       2695.64941    
   2695.83691       2696.02441    
   2696.21191       2696.39966    
   2696.58716       2696.77466    
   2696.96216       2697.14966    
   2697.33716       2697.52466    
   2697.71216       2697.89966    
   2698.08716       2698.27490    
   2698.46240       2698.64990    
   2698.83740       2699.02490    
   2699.21240       2699.39990    
   2699.58740       2699.77490    
   2699.96240       2700.14990    
   2700.33765       2700.52515    
   2700.71265       2700.90015    
   2701.08765       2701.27515    
   2701.46265       2701.65015    
   2701.83765       2702.02515    
   2702.21289       2702.40039    
   2702.58789       2702.77539    
   2702.96289       2703.15039    
   2703.33789       2703.52539    
   2703.71289       2703.90039    
   2704.08789       2704.27563    
   2704.46313       2704.65063    
   2704.83813       2705.02563    
   2705.21313       2705.40063    
   2705.58813       2705.77563    
   2705.96313       2706.15088    
   2706.33838       2706.52588    
   2706.71338       2706.90088    
   2707.08838       2707.27588    
   2707.46338       2707.65088    
   2707.83838       2708.02612    
   2708.21362       2708.40112    
   2708.58862       2708.77612    
   2708.96362       2709.15112    
   2709.33862       2709.52612    
   2709.71362       2709.90112    
   2710.08887       2710.27637    
   2710.46387       2710.65137    
   2710.83887       2711.02637    
   2711.21387       2711.40137    
   2711.58887       2711.77637    
   2711.96411       2712.15161    
   2712.33911       2712.52661    
   2712.71411       2712.90161    
   2713.08911       2713.27661    
   2713.46411       2713.65161    
   2713.83911       2714.02686    
   2714.21436       2714.40186    
   2714.58936       2714.77686    
   2714.96436       2715.15186    
   2715.33936       2715.52686    
   2715.71436       2715.90210    
   2716.08960       2716.27710    
   2716.46460       2716.65210    
   2716.83960       2717.02710    
   2717.21460       2717.40210    
   2717.58960       2717.77734    
   2717.96484       2718.15234    
   2718.33984       2718.52734    
   2718.71484       2718.90234    
   2719.08984       2719.27734    
   2719.46484       2719.65234    
   2719.84009       2720.02759    
   2720.21509       2720.40259    
   2720.59009       2720.77759    
   2720.96509       2721.15259    
   2721.34009       2721.52759    
   2721.71533       2721.90283    
   2722.09033       2722.27783    
   2722.46533       2722.65283    
   2722.84033       2723.02783    
   2723.21533       2723.40283    
   2723.59033       2723.77808    
   2723.96558       2724.15308    
   2724.34058       2724.52808    
   2724.71558       2724.90308    
   2725.09058       2725.27808    
   2725.46558       2725.65332    
   2725.84082       2726.02832    
   2726.21582       2726.40332    
   2726.59082       2726.77832    
   2726.96582       2727.15332    
   2727.34082       2727.52832    
   2727.71606       2727.90356    
   2728.09106       2728.27856    
   2728.46606       2728.65356    
   2728.84106       2729.02856    
   2729.21606       2729.40356    
   2729.59131       2729.77881    
   2729.96631       2730.15381    
   2730.34131       2730.52881    
   2730.71631       2730.90381    
   2731.09131       2731.27881    
   2731.46655       2731.65405    
   2731.84155       2732.02905    
   2732.21655       2732.40405    
   2732.59155       2732.77905    
   2732.96655       2733.15405    
   2733.34155       2733.52930    
   2733.71680       2733.90430    
   2734.09180       2734.27930    
   2734.46680       2734.65430    
   2734.84180       2735.02930    
   2735.21680       2735.40454    
   2735.59204       2735.77954    
   2735.96704       2736.15454    
   2736.34204       2736.52954    
   2736.71704       2736.90454    
   2737.09204       2737.27954    
   2737.46729       2737.65479    
   2737.84229       2738.02979    
   2738.21729       2738.40479    
   2738.59229       2738.77979    
   2738.96729       2739.15479    
   2739.34253       2739.53003    
   2739.71753       2739.90503    
   2740.09253       2740.28003    
   2740.46753       2740.65503    
   2740.84253       2741.03003    
   2741.21777       2741.40527    
   2741.59277       2741.78027    
   2741.96777       2742.15527    
   2742.34277       2742.53027    
   2742.71777       2742.90527    
   2743.09277       2743.28052    
   2743.46802       2743.65552    
   2743.84302       2744.03052    
   2744.21802       2744.40552    
   2744.59302       2744.78052    
   2744.96802       2745.15576    
   2745.34326       2745.53076    
   2745.71826       2745.90576    
   2746.09326       2746.28076    
   2746.46826       2746.65576    
   2746.84326       2747.03076    
   2747.21851       2747.40601    
   2747.59351       2747.78101    
   2747.96851       2748.15601    
   2748.34351       2748.53101    
   2748.71851       2748.90601    
   2749.09375       2749.28125    
   2749.46875       2749.65625    
   2749.84375       2750.03125    
   2750.21875       2750.40625    
   2750.59375       2750.78125    
   2750.96875       2751.15649    
   2751.34399       2751.53149    
   2751.71899       2751.90649    
   2752.09399       2752.28149    
   2752.46899       2752.65649    
   2752.84399       2753.03174    
   2753.21924       2753.40674    
   2753.59424       2753.78174    
   2753.96924       2754.15674    
   2754.34424       2754.53174    
   2754.71924       2754.90698    
   2755.09448       2755.28198    
   2755.46948       2755.65698    
   2755.84448       2756.03198    
   2756.21948       2756.40698    
   2756.59448       2756.78198    
   2756.96973       2757.15723    
   2757.34473       2757.53223    
   2757.71973       2757.90723    
   2758.09473       2758.28223    
   2758.46973       2758.65723    
   2758.84497       2759.03247    
   2759.21997       2759.40747    
   2759.59497       2759.78247    
   2759.96997       2760.15747    
   2760.34497       2760.53247    
   2760.71997       2760.90771    
   2761.09521       2761.28271    
   2761.47021       2761.65771    
   2761.84521       2762.03271    
   2762.22021       2762.40771    
   2762.59521       2762.78296    
   2762.97046       2763.15796    
   2763.34546       2763.53296    
   2763.72046       2763.90796    
   2764.09546       2764.28296    
   2764.47046       2764.65820    
   2764.84570       2765.03320    
   2765.22070       2765.40820    
   2765.59570       2765.78320    
   2765.97070       2766.15820    
   2766.34570       2766.53320    
   2766.72095       2766.90845    
   2767.09595       2767.28345    
   2767.47095       2767.65845    
   2767.84595       2768.03345    
   2768.22095       2768.40845    
   2768.59619       2768.78369    
   2768.97119       2769.15869    
   2769.34619       2769.53369    
   2769.72119       2769.90869    
   2770.09619       2770.28369    
   2770.47119       2770.65894    
   2770.84644       2771.03394    
   2771.22144       2771.40894    
   2771.59644       2771.78394    
   2771.97144       2772.15894    
   2772.34644       2772.53418    
   2772.72168       2772.90918    
   2773.09668       2773.28418    
   2773.47168       2773.65918    
   2773.84668       2774.03418    
   2774.22168       2774.40918    
   2774.59692       2774.78442    
   2774.97192       2775.15942    
   2775.34692       2775.53442    
   2775.72192       2775.90942    
   2776.09692       2776.28442    
   2776.47217       2776.65967    
   2776.84717       2777.03467    
   2777.22217       2777.40967    
   2777.59717       2777.78467    
   2777.97217       2778.15967    
   2778.34741       2778.53491    
   2778.72241       2778.90991    
   2779.09741       2779.28491    
   2779.47241       2779.65991    
   2779.84741       2780.03491    
   2780.22241       2780.41016    
   2780.59766       2780.78516    
   2780.97266       2781.16016    
   2781.34766       2781.53516    
   2781.72266       2781.91016    
   2782.09766       2782.28540    
   2782.47290       2782.66040    
   2782.84790       2783.03540    
   2783.22290       2783.41040    
   2783.59790       2783.78540    
   2783.97290       2784.16040    
   2784.34814       2784.53564    
   2784.72314       2784.91064    
   2785.09814       2785.28564    
   2785.47314       2785.66064    
   2785.84814       2786.03564    
   2786.22339       2786.41089    
   2786.59839       2786.78589    
   2786.97339       2787.16089    
   2787.34839       2787.53589    
   2787.72339       2787.91089    
   2788.09863       2788.28613    
   2788.47363       2788.66113    
   2788.84863       2789.03613    
   2789.22363       2789.41113    
   2789.59863       2789.78613    
   2789.97363       2790.16138    
   2790.34888       2790.53638    
   2790.72388       2790.91138    
   2791.09888       2791.28638    
   2791.47388       2791.66138    
   2791.84888       2792.03662    
   2792.22412       2792.41162    
   2792.59912       2792.78662    
   2792.97412       2793.16162    
   2793.34912       2793.53662    
   2793.72412       2793.91162    
   2794.09937       2794.28687    
   2794.47437       2794.66187    
   2794.84937       2795.03687    
   2795.22437       2795.41187    
   2795.59937       2795.78687    
   2795.97461       2796.16211    
   2796.34961       2796.53711    
   2796.72461       2796.91211    
   2797.09961       2797.28711    
   2797.47461       2797.66211    
   2797.84961       2798.03735    
   2798.22485       2798.41235    
   2798.59985       2798.78735    
   2798.97485       2799.16235    
   2799.34985       2799.53735    
   2799.72485       2799.91260    
   2800.10010       2800.28760    
   2800.47510       2800.66260    
   2800.85010       2801.03760    
   2801.22510       2801.41260    
   2801.60010       2801.78784    
   2801.97534       2802.16284    
   2802.35034       2802.53784    
   2802.72534       2802.91284    
   2803.10034       2803.28784    
   2803.47534       2803.66284    
   2803.85059       2804.03809    
   2804.22559       2804.41309    
   2804.60059       2804.78809    
   2804.97559       2805.16309    
   2805.35059       2805.53809    
   2805.72583       2805.91333    
   2806.10083       2806.28833    
   2806.47583       2806.66333    
   2806.85083       2807.03833    
   2807.22583       2807.41333    
   2807.60083       2807.78857    
   2807.97607       2808.16357    
   2808.35107       2808.53857    
   2808.72607       2808.91357    
   2809.10107       2809.28857    
   2809.47607       2809.66382    
   2809.85132       2810.03882    
   2810.22632       2810.41382    
   2810.60132       2810.78882    
   2810.97632       2811.16382    
   2811.35132       2811.53906    
   2811.72656       2811.91406    
   2812.10156       2812.28906    
   2812.47656       2812.66406    
   2812.85156       2813.03906    
   2813.22656       2813.41406    
   2813.60181       2813.78931    
   2813.97681       2814.16431    
   2814.35181       2814.53931    
   2814.72681       2814.91431    
   2815.10181       2815.28931    
   2815.47705       2815.66455    
   2815.85205       2816.03955    
   2816.22705       2816.41455    
   2816.60205       2816.78955    
   2816.97705       2817.16455    
   2817.35205       2817.53979    
   2817.72729       2817.91479    
   2818.10229       2818.28979    
   2818.47729       2818.66479    
   2818.85229       2819.03979    
   2819.22729       2819.41504    
   2819.60254       2819.79004    
   2819.97754       2820.16504    
   2820.35254       2820.54004    
   2820.72754       2820.91504    
   2821.10254       2821.29028    
   2821.47778       2821.66528    
   2821.85278       2822.04028    
   2822.22778       2822.41528    
   2822.60278       2822.79028    
   2822.97778       2823.16528    
   2823.35303       2823.54053    
   2823.72803       2823.91553    
   2824.10303       2824.29053    
   2824.47803       2824.66553    
   2824.85303       2825.04053    
   2825.22827       2825.41577    
   2825.60327       2825.79077    
   2825.97827       2826.16577    
   2826.35327       2826.54077    
   2826.72827       2826.91577    
   2827.10327       2827.29102    
   2827.47852       2827.66602    
   2827.85352       2828.04102    
   2828.22852       2828.41602    
   2828.60352       2828.79102    
   2828.97852       2829.16626    
   2829.35376       2829.54126    
   2829.72876       2829.91626    
   2830.10376       2830.29126    
   2830.47876       2830.66626    
   2830.85376       2831.04126    
   2831.22900       2831.41650    
   2831.60400       2831.79150    
   2831.97900       2832.16650    
   2832.35400       2832.54150    
   2832.72900       2832.91650    
   2833.10425       2833.29175    
   2833.47925       2833.66675    
   2833.85425       2834.04175    
   2834.22925       2834.41675    
   2834.60425       2834.79175    
   2834.97949       2835.16699    
   2835.35449       2835.54199    
   2835.72949       2835.91699    
   2836.10449       2836.29199    
   2836.47949       2836.66699    
   2836.85449       2837.04224    
   2837.22974       2837.41724    
   2837.60474       2837.79224    
   2837.97974       2838.16724    
   2838.35474       2838.54224    
   2838.72974       2838.91748    
   2839.10498       2839.29248    
   2839.47998       2839.66748    
   2839.85498       2840.04248    
   2840.22998       2840.41748    
   2840.60498       2840.79248    
   2840.98022       2841.16772    
   2841.35522       2841.54272    
   2841.73022       2841.91772    
   2842.10522       2842.29272    
   2842.48022       2842.66772    
   2842.85547       2843.04297    
   2843.23047       2843.41797    
   2843.60547       2843.79297    
   2843.98047       2844.16797    
   2844.35547       2844.54297    
   2844.73071       2844.91821    
   2845.10571       2845.29321    
   2845.48071       2845.66821    
   2845.85571       2846.04321    
   2846.23071       2846.41821    
   2846.60571       2846.79346    
   2846.98096       2847.16846    
   2847.35596       2847.54346    
   2847.73096       2847.91846    
   2848.10596       2848.29346    
   2848.48096       2848.66870    
   2848.85620       2849.04370    
   2849.23120       2849.41870    
   2849.60620       2849.79370    
   2849.98120       2850.16870    
   2850.35620       2850.54370    
   2850.73145       2850.91895    
   2851.10645       2851.29395    
   2851.48145       2851.66895    
   2851.85645       2852.04395    
   2852.23145       2852.41895    
   2852.60669       2852.79419    
   2852.98169       2853.16919    
   2853.35669       2853.54419    
   2853.73169       2853.91919    
   2854.10669       2854.29419    
   2854.48169       2854.66943    
   2854.85693       2855.04443    
   2855.23193       2855.41943    
   2855.60693       2855.79443    
   2855.98193       2856.16943    
   2856.35693       2856.54468    
   2856.73218       2856.91968    
   2857.10718       2857.29468    
   2857.48218       2857.66968    
   2857.85718       2858.04468    
   2858.23218       2858.41992    
   2858.60742       2858.79492    
   2858.98242       2859.16992    
   2859.35742       2859.54492    
   2859.73242       2859.91992    
   2860.10742       2860.29492    
   2860.48267       2860.67017    
   2860.85767       2861.04517    
   2861.23267       2861.42017    
   2861.60767       2861.79517    
   2861.98267       2862.17017    
   2862.35791       2862.54541    
   2862.73291       2862.92041    
   2863.10791       2863.29541    
   2863.48291       2863.67041    
   2863.85791       2864.04541    
   2864.23291       2864.42065    
   2864.60815       2864.79565    
   2864.98315       2865.17065    
   2865.35815       2865.54565    
   2865.73315       2865.92065    
   2866.10815       2866.29590    
   2866.48340       2866.67090    
   2866.85840       2867.04590    
   2867.23340       2867.42090    
   2867.60840       2867.79590    
   2867.98340       2868.17114    
   2868.35864       2868.54614    
   2868.73364       2868.92114    
   2869.10864       2869.29614    
   2869.48364       2869.67114    
   2869.85864       2870.04614    
   2870.23389       2870.42139    
   2870.60889       2870.79639    
   2870.98389       2871.17139    
   2871.35889       2871.54639    
   2871.73389       2871.92139    
   2872.10913       2872.29663    
   2872.48413       2872.67163    
   2872.85913       2873.04663    
   2873.23413       2873.42163    
   2873.60913       2873.79663    
   2873.98413       2874.17188    
   2874.35938       2874.54688    
   2874.73438       2874.92188    
   2875.10938       2875.29688    
   2875.48438       2875.67188    
   2875.85938       2876.04712    
   2876.23462       2876.42212    
   2876.60962       2876.79712    
   2876.98462       2877.17212    
   2877.35962       2877.54712    
   2877.73462       2877.92212    
   2878.10986       2878.29736    
   2878.48486       2878.67236    
   2878.85986       2879.04736    
   2879.23486       2879.42236    
   2879.60986       2879.79736    
   2879.98511       2880.17261    
   2880.36011       2880.54761    
   2880.73511       2880.92261    
   2881.11011       2881.29761    
   2881.48511       2881.67261    
   2881.86035       2882.04785    
   2882.23535       2882.42285    
   2882.61035       2882.79785    
   2882.98535       2883.17285    
   2883.36035       2883.54785    
   2883.73535       2883.92310    
   2884.11060       2884.29810    
   2884.48560       2884.67310    
   2884.86060       2885.04810    
   2885.23560       2885.42310    
   2885.61060       2885.79834    
   2885.98584       2886.17334    
   2886.36084       2886.54834    
   2886.73584       2886.92334    
   2887.11084       2887.29834    
   2887.48584       2887.67334    
   2887.86108       2888.04858    
   2888.23608       2888.42358    
   2888.61108       2888.79858    
   2888.98608       2889.17358    
   2889.36108       2889.54858    
   2889.73633       2889.92383    
   2890.11133       2890.29883    
   2890.48633       2890.67383    
   2890.86133       2891.04883    
   2891.23633       2891.42383    
   2891.61157       2891.79907    
   2891.98657       2892.17407    
   2892.36157       2892.54907    
   2892.73657       2892.92407    
   2893.11157       2893.29907    
   2893.48657       2893.67432    
   2893.86182       2894.04932    
   2894.23682       2894.42432    
   2894.61182       2894.79932    
   2894.98682       2895.17432    
   2895.36182       2895.54956    
   2895.73706       2895.92456    
   2896.11206       2896.29956    
   2896.48706       2896.67456    
   2896.86206       2897.04956    
   2897.23706       2897.42456    
   2897.61230       2897.79980    
   2897.98730       2898.17480    
   2898.36230       2898.54980    
   2898.73730       2898.92480    
   2899.11230       2899.29980    
   2899.48755       2899.67505    
   2899.86255       2900.05005    
   2900.23755       2900.42505    
   2900.61255       2900.80005    
   2900.98755       2901.17505    
   2901.36255       2901.55029    
   2901.73779       2901.92529    
   2902.11279       2902.30029    
   2902.48779       2902.67529    
   2902.86279       2903.05029    
   2903.23779       2903.42554    
   2903.61304       2903.80054    
   2903.98804       2904.17554    
   2904.36304       2904.55054    
   2904.73804       2904.92554    
   2905.11304       2905.30078    
   2905.48828       2905.67578    
   2905.86328       2906.05078    
   2906.23828       2906.42578    
   2906.61328       2906.80078    
   2906.98828       2907.17578    
   2907.36353       2907.55103    
   2907.73853       2907.92603    
   2908.11353       2908.30103    
   2908.48853       2908.67603    
   2908.86353       2909.05103    
   2909.23877       2909.42627    
   2909.61377       2909.80127    
   2909.98877       2910.17627    
   2910.36377       2910.55127    
   2910.73877       2910.92627    
   2911.11377       2911.30151    
   2911.48901       2911.67651    
   2911.86401       2912.05151    
   2912.23901       2912.42651    
   2912.61401       2912.80151    
   2912.98901       2913.17676    
   2913.36426       2913.55176    
   2913.73926       2913.92676    
   2914.11426       2914.30176    
   2914.48926       2914.67676    
   2914.86426       2915.05200    
   2915.23950       2915.42700    
   2915.61450       2915.80200    
   2915.98950       2916.17700    
   2916.36450       2916.55200    
   2916.73950       2916.92700    
   2917.11475       2917.30225    
   2917.48975       2917.67725    
   2917.86475       2918.05225    
   2918.23975       2918.42725    
   2918.61475       2918.80225    
   2918.98999       2919.17749    
   2919.36499       2919.55249    
   2919.73999       2919.92749    
   2920.11499       2920.30249    
   2920.48999       2920.67749    
   2920.86499       2921.05273    
   2921.24023       2921.42773    
   2921.61523       2921.80273    
   2921.99023       2922.17773    
   2922.36523       2922.55273    
   2922.74023       2922.92798    
   2923.11548       2923.30298    
   2923.49048       2923.67798    
   2923.86548       2924.05298    
   2924.24048       2924.42798    
   2924.61548       2924.80298    
   2924.99072       2925.17822    
   2925.36572       2925.55322    
   2925.74072       2925.92822    
   2926.11572       2926.30322    
   2926.49072       2926.67822    
   2926.86597       2927.05347    
   2927.24097       2927.42847    
   2927.61597       2927.80347    
   2927.99097       2928.17847    
   2928.36597       2928.55347    
   2928.74121       2928.92871    
   2929.11621       2929.30371    
   2929.49121       2929.67871    
   2929.86621       2930.05371    
   2930.24121       2930.42871    
   2930.61621       2930.80396    
   2930.99146       2931.17896    
   2931.36646       2931.55396    
   2931.74146       2931.92896    
   2932.11646       2932.30396    
   2932.49146       2932.67920    
   2932.86670       2933.05420    
   2933.24170       2933.42920    
   2933.61670       2933.80420    
   2933.99170       2934.17920    
   2934.36670       2934.55420    
   2934.74194       2934.92944    
   2935.11694       2935.30444    
   2935.49194       2935.67944    
   2935.86694       2936.05444    
   2936.24194       2936.42944    
   2936.61719       2936.80469    
   2936.99219       2937.17969    
   2937.36719       2937.55469    
   2937.74219       2937.92969    
   2938.11719       2938.30469    
   2938.49243       2938.67993    
   2938.86743       2939.05493    
   2939.24243       2939.42993    
   2939.61743       2939.80493    
   2939.99243       2940.17993    
   2940.36743       2940.55518    
   2940.74268       2940.93018    
   2941.11768       2941.30518    
   2941.49268       2941.68018    
   2941.86768       2942.05518    
   2942.24268       2942.43042    
   2942.61792       2942.80542    
   2942.99292       2943.18042    
   2943.36792       2943.55542    
   2943.74292       2943.93042    
   2944.11792       2944.30542    
   2944.49316       2944.68066    
   2944.86816       2945.05566    
   2945.24316       2945.43066    
   2945.61816       2945.80566    
   2945.99316       2946.18066    
   2946.36841       2946.55591    
   2946.74341       2946.93091    
   2947.11841       2947.30591    
   2947.49341       2947.68091    
   2947.86841       2948.05591    
   2948.24365       2948.43115    
   2948.61865       2948.80615    
   2948.99365       2949.18115    
   2949.36865       2949.55615    
   2949.74365       2949.93115    
   2950.11865       2950.30640    
   2950.49390       2950.68140    
   2950.86890       2951.05640    
   2951.24390       2951.43140    
   2951.61890       2951.80640    
   2951.99390       2952.18164    
   2952.36914       2952.55664    
   2952.74414       2952.93164    
   2953.11914       2953.30664    
   2953.49414       2953.68164    
   2953.86914       2954.05664    
   2954.24438       2954.43188    
   2954.61938       2954.80688    
   2954.99438       2955.18188    
   2955.36938       2955.55688    
   2955.74438       2955.93188    
   2956.11963       2956.30713    
   2956.49463       2956.68213    
   2956.86963       2957.05713    
   2957.24463       2957.43213    
   2957.61963       2957.80713    
   2957.99463       2958.18237    
   2958.36987       2958.55737    
   2958.74487       2958.93237    
   2959.11987       2959.30737    
   2959.49487       2959.68237    
   2959.86987       2960.05762    
   2960.24512       2960.43262    
   2960.62012       2960.80762    
   2960.99512       2961.18262    
   2961.37012       2961.55762    
   2961.74512       2961.93286    
   2962.12036       2962.30786    
   2962.49536       2962.68286    
   2962.87036       2963.05786    
   2963.24536       2963.43286    
   2963.62036       2963.80786    
   2963.99561       2964.18311    
   2964.37061       2964.55811    
   2964.74561       2964.93311    
   2965.12061       2965.30811    
   2965.49561       2965.68311    
   2965.87085       2966.05835    
   2966.24585       2966.43335    
   2966.62085       2966.80835    
   2966.99585       2967.18335    
   2967.37085       2967.55835    
   2967.74585       2967.93359    
   2968.12109       2968.30859    
   2968.49609       2968.68359    
   2968.87109       2969.05859    
   2969.24609       2969.43359    
   2969.62109       2969.80884    
   2969.99634       2970.18384    
   2970.37134       2970.55884    
   2970.74634       2970.93384    
   2971.12134       2971.30884    
   2971.49634       2971.68408    
   2971.87158       2972.05908    
   2972.24658       2972.43408    
   2972.62158       2972.80908    
   2972.99658       2973.18408    
   2973.37158       2973.55908    
   2973.74683       2973.93433    
   2974.12183       2974.30933    
   2974.49683       2974.68433    
   2974.87183       2975.05933    
   2975.24683       2975.43433    
   2975.62207       2975.80957    
   2975.99707       2976.18457    
   2976.37207       2976.55957    
   2976.74707       2976.93457    
   2977.12207       2977.30957    
   2977.49707       2977.68481    
   2977.87231       2978.05981    
   2978.24731       2978.43481    
   2978.62231       2978.80981    
   2978.99731       2979.18481    
   2979.37231       2979.56006    
   2979.74756       2979.93506    
   2980.12256       2980.31006    
   2980.49756       2980.68506    
   2980.87256       2981.06006    
   2981.24756       2981.43506    
   2981.62280       2981.81030    
   2981.99780       2982.18530    
   2982.37280       2982.56030    
   2982.74780       2982.93530    
   2983.12280       2983.31030    
   2983.49805       2983.68555    
   2983.87305       2984.06055    
   2984.24805       2984.43555    
   2984.62305       2984.81055    
   2984.99805       2985.18555    
   2985.37329       2985.56079    
   2985.74829       2985.93579    
   2986.12329       2986.31079    
   2986.49829       2986.68579    
   2986.87329       2987.06079    
   2987.24829       2987.43604    
   2987.62354       2987.81104    
   2987.99854       2988.18604    
   2988.37354       2988.56104    
   2988.74854       2988.93604    
   2989.12354       2989.31128    
   2989.49878       2989.68628    
   2989.87378       2990.06128    
   2990.24878       2990.43628    
   2990.62378       2990.81128    
   2990.99878       2991.18628    
   2991.37402       2991.56152    
   2991.74902       2991.93652    
   2992.12402       2992.31152    
   2992.49902       2992.68652    
   2992.87402       2993.06152    
   2993.24927       2993.43677    
   2993.62427       2993.81177    
   2993.99927       2994.18677    
   2994.37427       2994.56177    
   2994.74927       2994.93677    
   2995.12451       2995.31201    
   2995.49951       2995.68701    
   2995.87451       2996.06201    
   2996.24951       2996.43701    
   2996.62451       2996.81201    
   2996.99951       2997.18726    
   2997.37476       2997.56226    
   2997.74976       2997.93726    
   2998.12476       2998.31226    
   2998.49976       2998.68726    
   2998.87476       2999.06250    
   2999.25000       2999.43750    
   2999.62500       2999.81250    
   3000.00000       3000.18750    
