  3.7505E-01  2.7322E-40
  7.5009E-01  2.3744E-40
  1.1251E+00  2.1072E-40
  1.5002E+00  1.8899E-40
  1.8752E+00  1.7088E-40
  2.2503E+00  1.5558E-40
  2.6253E+00  1.4251E-40
  3.0004E+00  1.3126E-40
  3.3754E+00  1.2149E-40
  3.7505E+00  1.1296E-40
  4.1255E+00  1.0547E-40
  4.5006E+00  9.8843E-41
  4.8756E+00  9.2961E-41
  5.2507E+00  8.7713E-41
  5.6257E+00  8.3012E-41
  6.0008E+00  7.8782E-41
  6.3758E+00  7.4963E-41
  6.7508E+00  7.1504E-41
  7.1259E+00  6.8359E-41
  7.5009E+00  6.5491E-41
  7.8760E+00  6.2870E-41
  8.2510E+00  6.0466E-41
  8.6261E+00  5.8257E-41
  9.0011E+00  5.6222E-41
  9.3762E+00  5.4343E-41
  9.7512E+00  5.2604E-41
  1.0126E+01  5.0991E-41
  1.0501E+01  4.9493E-41
  1.0876E+01  4.8098E-41
  1.1251E+01  4.6797E-41
  1.1626E+01  4.5583E-41
  1.2002E+01  4.4446E-41
  1.2377E+01  4.3381E-41
  1.2752E+01  4.2381E-41
  1.3127E+01  4.1442E-41
  1.3502E+01  4.0558E-41
  1.3877E+01  3.9725E-41
  1.4252E+01  3.8939E-41
  1.4627E+01  3.8196E-41
  1.5002E+01  3.7494E-41
  1.5377E+01  3.6829E-41
  1.5752E+01  3.6199E-41
  1.6127E+01  3.5601E-41
  1.6502E+01  3.5032E-41
  1.6877E+01  3.4492E-41
  1.7252E+01  3.3978E-41
  1.7627E+01  3.3488E-41
  1.8002E+01  3.3021E-41
  1.8377E+01  3.2575E-41
  1.8752E+01  3.2150E-41
  1.9127E+01  3.1743E-41
  1.9502E+01  3.1353E-41
  1.9877E+01  3.0980E-41
  2.0253E+01  3.0623E-41
  2.0628E+01  3.0281E-41
  2.1003E+01  2.9952E-41
  2.1378E+01  2.9637E-41
  2.1753E+01  2.9333E-41
  2.2128E+01  2.9042E-41
  2.2503E+01  2.8761E-41
  2.2878E+01  2.8491E-41
  2.3253E+01  2.8231E-41
  2.3628E+01  2.7980E-41
  2.4003E+01  2.7738E-41
  2.4378E+01  2.7504E-41
  2.4753E+01  2.7279E-41
  2.5128E+01  2.7061E-41
  2.5503E+01  2.6850E-41
  2.5878E+01  2.6647E-41
  2.6253E+01  2.6450E-41
  2.6628E+01  2.6259E-41
  2.7003E+01  2.6074E-41
  2.7378E+01  2.5895E-41
  2.7753E+01  2.5721E-41
  2.8129E+01  2.5553E-41
  2.8504E+01  2.5389E-41
  2.8879E+01  2.5230E-41
  2.9254E+01  2.5076E-41
  2.9629E+01  2.4926E-41
  3.0004E+01  2.4781E-41
  3.0379E+01  2.4639E-41
  3.0754E+01  2.4501E-41
  3.1129E+01  2.4367E-41
  3.1504E+01  2.4236E-41
  3.1879E+01  2.4109E-41
  3.2254E+01  2.3985E-41
  3.2629E+01  2.3864E-41
  3.3004E+01  2.3746E-41
  3.3379E+01  2.3631E-41
  3.3754E+01  2.3519E-41
  3.4129E+01  2.3410E-41
  3.4504E+01  2.3303E-41
  3.4879E+01  2.3198E-41
  3.5254E+01  2.3096E-41
  3.5629E+01  2.2996E-41
  3.6005E+01  2.2899E-41
  3.6380E+01  2.2803E-41
  3.6755E+01  2.2710E-41
  3.7130E+01  2.2619E-41
  3.7505E+01  2.2529E-41
  3.7880E+01  2.2441E-41
  3.8255E+01  2.2356E-41
  3.8630E+01  2.2271E-41
  3.9005E+01  2.2189E-41
  3.9380E+01  2.2108E-41
  3.9755E+01  2.2029E-41
  4.0130E+01  2.1951E-41
  4.0505E+01  2.1875E-41
  4.0880E+01  2.1800E-41
  4.1255E+01  2.1727E-41
  4.1630E+01  2.1655E-41
  4.2005E+01  2.1584E-41
  4.2380E+01  2.1514E-41
  4.2755E+01  2.1446E-41
  4.3130E+01  2.1379E-41
  4.3505E+01  2.1313E-41
  4.3880E+01  2.1248E-41
  4.4256E+01  2.1184E-41
  4.4631E+01  2.1121E-41
  4.5006E+01  2.1059E-41
  4.5381E+01  2.0998E-41
  4.5756E+01  2.0938E-41
  4.6131E+01  2.0879E-41
  4.6506E+01  2.0821E-41
  4.6881E+01  2.0764E-41
  4.7256E+01  2.0708E-41
  4.7631E+01  2.0652E-41
  4.8006E+01  2.0598E-41
  4.8381E+01  2.0544E-41
  4.8756E+01  2.0491E-41
  4.9131E+01  2.0438E-41
  4.9506E+01  2.0387E-41
  4.9881E+01  2.0336E-41
  5.0256E+01  2.0285E-41
  5.0631E+01  2.0236E-41
  5.1006E+01  2.0187E-41
  5.1381E+01  2.0139E-41
  5.1756E+01  2.0091E-41
  5.2132E+01  2.0044E-41
  5.2507E+01  1.9997E-41
  5.2882E+01  1.9951E-41
  5.3257E+01  1.9906E-41
  5.3632E+01  1.9861E-41
  5.4007E+01  1.9817E-41
  5.4382E+01  1.9773E-41
  5.4757E+01  1.9730E-41
  5.5132E+01  1.9687E-41
  5.5507E+01  1.9645E-41
  5.5882E+01  1.9603E-41
  5.6257E+01  1.9562E-41
  5.6632E+01  1.9521E-41
  5.7007E+01  1.9480E-41
  5.7382E+01  1.9440E-41
  5.7757E+01  1.9401E-41
  5.8132E+01  1.9362E-41
  5.8507E+01  1.9323E-41
  5.8882E+01  1.9285E-41
  5.9257E+01  1.9247E-41
  5.9632E+01  1.9209E-41
  6.0008E+01  1.9172E-41
  6.0383E+01  1.9135E-41
  6.0758E+01  1.9098E-41
  6.1133E+01  1.9062E-41
  6.1508E+01  1.9026E-41
  6.1883E+01  1.8991E-41
  6.2258E+01  1.8956E-41
  6.2633E+01  1.8921E-41
  6.3008E+01  1.8886E-41
  6.3383E+01  1.8852E-41
  6.3758E+01  1.8818E-41
  6.4133E+01  1.8785E-41
  6.4508E+01  1.8751E-41
  6.4883E+01  1.8718E-41
  6.5258E+01  1.8686E-41
  6.5633E+01  1.8653E-41
  6.6008E+01  1.8621E-41
  6.6383E+01  1.8589E-41
  6.6758E+01  1.8557E-41
  6.7133E+01  1.8526E-41
  6.7508E+01  1.8494E-41
  6.7883E+01  1.8464E-41
  6.8259E+01  1.8433E-41
  6.8634E+01  1.8402E-41
  6.9009E+01  1.8372E-41
  6.9384E+01  1.8342E-41
  6.9759E+01  1.8312E-41
  7.0134E+01  1.8283E-41
  7.0509E+01  1.8253E-41
  7.0884E+01  1.8224E-41
  7.1259E+01  1.8195E-41
  7.1634E+01  1.8166E-41
  7.2009E+01  1.8138E-41
  7.2384E+01  1.8109E-41
  7.2759E+01  1.8081E-41
  7.3134E+01  1.8053E-41
  7.3509E+01  1.8026E-41
  7.3884E+01  1.7998E-41
  7.4259E+01  1.7971E-41
  7.4634E+01  1.7943E-41
  7.5009E+01  1.7916E-41
  7.5384E+01  1.7889E-41
  7.5759E+01  1.7863E-41
  7.6135E+01  1.7836E-41
  7.6510E+01  1.7810E-41
  7.6885E+01  1.7783E-41
  7.7260E+01  1.7757E-41
  7.7635E+01  1.7731E-41
  7.8010E+01  1.7706E-41
  7.8385E+01  1.7680E-41
  7.8760E+01  1.7655E-41
  7.9135E+01  1.7629E-41
  7.9510E+01  1.7604E-41
  7.9885E+01  1.7579E-41
  8.0260E+01  1.7554E-41
  8.0635E+01  1.7530E-41
  8.1010E+01  1.7505E-41
  8.1385E+01  1.7480E-41
  8.1760E+01  1.7456E-41
  8.2135E+01  1.7432E-41
  8.2510E+01  1.7408E-41
  8.2885E+01  1.7384E-41
  8.3260E+01  1.7360E-41
  8.3635E+01  1.7336E-41
  8.4011E+01  1.7313E-41
  8.4386E+01  1.7289E-41
  8.4761E+01  1.7266E-41
  8.5136E+01  1.7243E-41
  8.5511E+01  1.7220E-41
  8.5886E+01  1.7197E-41
  8.6261E+01  1.7174E-41
  8.6636E+01  1.7151E-41
  8.7011E+01  1.7128E-41
  8.7386E+01  1.7106E-41
  8.7761E+01  1.7083E-41
  8.8136E+01  1.7061E-41
  8.8511E+01  1.7039E-41
  8.8886E+01  1.7017E-41
  8.9261E+01  1.6995E-41
  8.9636E+01  1.6973E-41
  9.0011E+01  1.6951E-41
  9.0386E+01  1.6929E-41
  9.0761E+01  1.6908E-41
  9.1136E+01  1.6886E-41
  9.1511E+01  1.6865E-41
  9.1886E+01  1.6843E-41
  9.2262E+01  1.6822E-41
  9.2637E+01  1.6801E-41
  9.3012E+01  1.6780E-41
  9.3387E+01  1.6759E-41
  9.3762E+01  1.6738E-41
  9.4137E+01  1.6717E-41
  9.4512E+01  1.6697E-41
  9.4887E+01  1.6676E-41
  9.5262E+01  1.6655E-41
  9.5637E+01  1.6635E-41
  9.6012E+01  1.6615E-41
  9.6387E+01  1.6594E-41
  9.6762E+01  1.6574E-41
  9.7137E+01  1.6554E-41
  9.7512E+01  1.6534E-41
  9.7887E+01  1.6514E-41
  9.8262E+01  1.6494E-41
  9.8637E+01  1.6474E-41
  9.9012E+01  1.6454E-41
  9.9387E+01  1.6435E-41
  9.9762E+01  1.6415E-41
  1.0014E+02  1.6395E-41
  1.0051E+02  1.6376E-41
  1.0089E+02  1.6357E-41
  1.0126E+02  1.6337E-41
  1.0164E+02  1.6318E-41
  1.0201E+02  1.6299E-41
  1.0239E+02  1.6280E-41
  1.0276E+02  1.6261E-41
  1.0314E+02  1.6242E-41
  1.0351E+02  1.6223E-41
  1.0389E+02  1.6204E-41
  1.0426E+02  1.6185E-41
  1.0464E+02  1.6167E-41
  1.0501E+02  1.6148E-41
  1.0539E+02  1.6129E-41
  1.0576E+02  1.6111E-41
  1.0614E+02  1.6092E-41
  1.0651E+02  1.6074E-41
  1.0689E+02  1.6056E-41
  1.0726E+02  1.6037E-41
  1.0764E+02  1.6019E-41
  1.0801E+02  1.6001E-41
  1.0839E+02  1.5983E-41
  1.0876E+02  1.5965E-41
  1.0914E+02  1.5947E-41
  1.0951E+02  1.5929E-41
  1.0989E+02  1.5911E-41
  1.1026E+02  1.5893E-41
  1.1064E+02  1.5875E-41
  1.1101E+02  1.5858E-41
  1.1139E+02  1.5840E-41
  1.1176E+02  1.5823E-41
  1.1214E+02  1.5805E-41
  1.1251E+02  1.5788E-41
  1.1289E+02  1.5770E-41
  1.1326E+02  1.5753E-41
  1.1364E+02  1.5735E-41
  1.1401E+02  1.5718E-41
  1.1439E+02  1.5701E-41
  1.1476E+02  1.5684E-41
  1.1514E+02  1.5667E-41
  1.1551E+02  1.5650E-41
  1.1589E+02  1.5633E-41
  1.1626E+02  1.5616E-41
  1.1664E+02  1.5599E-41
  1.1701E+02  1.5582E-41
  1.1739E+02  1.5565E-41
  1.1776E+02  1.5548E-41
  1.1814E+02  1.5532E-41
  1.1851E+02  1.5515E-41
  1.1889E+02  1.5498E-41
  1.1926E+02  1.5482E-41
  1.1964E+02  1.5465E-41
  1.2002E+02  1.5449E-41
  1.2039E+02  1.5432E-41
  1.2077E+02  1.5416E-41
  1.2114E+02  1.5399E-41
  1.2152E+02  1.5383E-41
  1.2189E+02  1.5367E-41
  1.2227E+02  1.5351E-41
  1.2264E+02  1.5334E-41
  1.2302E+02  1.5318E-41
  1.2339E+02  1.5302E-41
  1.2377E+02  1.5286E-41
  1.2414E+02  1.5270E-41
  1.2452E+02  1.5254E-41
  1.2489E+02  1.5238E-41
  1.2527E+02  1.5222E-41
  1.2564E+02  1.5206E-41
  1.2602E+02  1.5191E-41
  1.2639E+02  1.5175E-41
  1.2677E+02  1.5159E-41
  1.2714E+02  1.5144E-41
  1.2752E+02  1.5128E-41
  1.2789E+02  1.5112E-41
  1.2827E+02  1.5097E-41
  1.2864E+02  1.5081E-41
  1.2902E+02  1.5066E-41
  1.2939E+02  1.5050E-41
  1.2977E+02  1.5035E-41
  1.3014E+02  1.5019E-41
  1.3052E+02  1.5004E-41
  1.3089E+02  1.4989E-41
  1.3127E+02  1.4974E-41
  1.3164E+02  1.4958E-41
  1.3202E+02  1.4943E-41
  1.3239E+02  1.4928E-41
  1.3277E+02  1.4913E-41
  1.3314E+02  1.4898E-41
  1.3352E+02  1.4883E-41
  1.3389E+02  1.4868E-41
  1.3427E+02  1.4853E-41
  1.3464E+02  1.4838E-41
  1.3502E+02  1.4823E-41
  1.3539E+02  1.4808E-41
  1.3577E+02  1.4793E-41
  1.3614E+02  1.4779E-41
  1.3652E+02  1.4764E-41
  1.3689E+02  1.4749E-41
  1.3727E+02  1.4734E-41
  1.3764E+02  1.4720E-41
  1.3802E+02  1.4705E-41
  1.3839E+02  1.4690E-41
  1.3877E+02  1.4676E-41
  1.3914E+02  1.4661E-41
  1.3952E+02  1.4647E-41
  1.3989E+02  1.4632E-41
  1.4027E+02  1.4618E-41
  1.4064E+02  1.4604E-41
  1.4102E+02  1.4589E-41
  1.4139E+02  1.4575E-41
  1.4177E+02  1.4561E-41
  1.4214E+02  1.4546E-41
  1.4252E+02  1.4532E-41
  1.4289E+02  1.4518E-41
  1.4327E+02  1.4504E-41
  1.4364E+02  1.4490E-41
  1.4402E+02  1.4475E-41
  1.4439E+02  1.4461E-41
  1.4477E+02  1.4447E-41
  1.4514E+02  1.4433E-41
  1.4552E+02  1.4419E-41
  1.4589E+02  1.4405E-41
  1.4627E+02  1.4391E-41
  1.4664E+02  1.4378E-41
  1.4702E+02  1.4364E-41
  1.4739E+02  1.4350E-41
  1.4777E+02  1.4336E-41
  1.4814E+02  1.4322E-41
  1.4852E+02  1.4308E-41
  1.4889E+02  1.4295E-41
  1.4927E+02  1.4281E-41
  1.4964E+02  1.4267E-41
  1.5002E+02  1.4254E-41
  1.5039E+02  1.4240E-41
  1.5077E+02  1.4226E-41
  1.5114E+02  1.4213E-41
  1.5152E+02  1.4199E-41
  1.5189E+02  1.4186E-41
  1.5227E+02  1.4172E-41
  1.5264E+02  1.4159E-41
  1.5302E+02  1.4146E-41
  1.5339E+02  1.4132E-41
  1.5377E+02  1.4119E-41
  1.5414E+02  1.4105E-41
  1.5452E+02  1.4092E-41
  1.5489E+02  1.4079E-41
  1.5527E+02  1.4066E-41
  1.5564E+02  1.4052E-41
  1.5602E+02  1.4039E-41
  1.5639E+02  1.4026E-41
  1.5677E+02  1.4013E-41
  1.5714E+02  1.4000E-41
  1.5752E+02  1.3987E-41
  1.5789E+02  1.3973E-41
  1.5827E+02  1.3960E-41
  1.5864E+02  1.3947E-41
  1.5902E+02  1.3934E-41
  1.5939E+02  1.3921E-41
  1.5977E+02  1.3908E-41
  1.6015E+02  1.3896E-41
  1.6052E+02  1.3883E-41
  1.6090E+02  1.3870E-41
  1.6127E+02  1.3857E-41
  1.6165E+02  1.3844E-41
  1.6202E+02  1.3831E-41
  1.6240E+02  1.3818E-41
  1.6277E+02  1.3806E-41
  1.6315E+02  1.3793E-41
  1.6352E+02  1.3780E-41
  1.6390E+02  1.3768E-41
  1.6427E+02  1.3755E-41
  1.6465E+02  1.3742E-41
  1.6502E+02  1.3730E-41
  1.6540E+02  1.3717E-41
  1.6577E+02  1.3705E-41
  1.6615E+02  1.3692E-41
  1.6652E+02  1.3679E-41
  1.6690E+02  1.3667E-41
  1.6727E+02  1.3654E-41
  1.6765E+02  1.3642E-41
  1.6802E+02  1.3630E-41
  1.6840E+02  1.3617E-41
  1.6877E+02  1.3605E-41
  1.6915E+02  1.3592E-41
  1.6952E+02  1.3580E-41
  1.6990E+02  1.3568E-41
  1.7027E+02  1.3556E-41
  1.7065E+02  1.3543E-41
  1.7102E+02  1.3531E-41
  1.7140E+02  1.3519E-41
  1.7177E+02  1.3507E-41
  1.7215E+02  1.3494E-41
  1.7252E+02  1.3482E-41
  1.7290E+02  1.3470E-41
  1.7327E+02  1.3458E-41
  1.7365E+02  1.3446E-41
  1.7402E+02  1.3434E-41
  1.7440E+02  1.3422E-41
  1.7477E+02  1.3410E-41
  1.7515E+02  1.3398E-41
  1.7552E+02  1.3386E-41
  1.7590E+02  1.3374E-41
  1.7627E+02  1.3362E-41
  1.7665E+02  1.3350E-41
  1.7702E+02  1.3338E-41
  1.7740E+02  1.3326E-41
  1.7777E+02  1.3314E-41
  1.7815E+02  1.3302E-41
  1.7852E+02  1.3291E-41
  1.7890E+02  1.3279E-41
  1.7927E+02  1.3267E-41
  1.7965E+02  1.3255E-41
  1.8002E+02  1.3243E-41
  1.8040E+02  1.3232E-41
  1.8077E+02  1.3220E-41
  1.8115E+02  1.3208E-41
  1.8152E+02  1.3197E-41
  1.8190E+02  1.3185E-41
  1.8227E+02  1.3173E-41
  1.8265E+02  1.3162E-41
  1.8302E+02  1.3150E-41
  1.8340E+02  1.3139E-41
  1.8377E+02  1.3127E-41
  1.8415E+02  1.3116E-41
  1.8452E+02  1.3104E-41
  1.8490E+02  1.3093E-41
  1.8527E+02  1.3081E-41
  1.8565E+02  1.3070E-41
  1.8602E+02  1.3058E-41
  1.8640E+02  1.3047E-41
  1.8677E+02  1.3036E-41
  1.8715E+02  1.3024E-41
  1.8752E+02  1.3013E-41
  1.8790E+02  1.3002E-41
  1.8827E+02  1.2990E-41
  1.8865E+02  1.2979E-41
  1.8902E+02  1.2968E-41
  1.8940E+02  1.2956E-41
  1.8977E+02  1.2945E-41
  1.9015E+02  1.2934E-41
  1.9052E+02  1.2923E-41
  1.9090E+02  1.2912E-41
  1.9127E+02  1.2900E-41
  1.9165E+02  1.2889E-41
  1.9202E+02  1.2878E-41
  1.9240E+02  1.2867E-41
  1.9277E+02  1.2856E-41
  1.9315E+02  1.2845E-41
  1.9352E+02  1.2834E-41
  1.9390E+02  1.2823E-41
  1.9427E+02  1.2812E-41
  1.9465E+02  1.2801E-41
  1.9502E+02  1.2790E-41
  1.9540E+02  1.2779E-41
  1.9577E+02  1.2768E-41
  1.9615E+02  1.2757E-41
  1.9652E+02  1.2746E-41
  1.9690E+02  1.2735E-41
  1.9727E+02  1.2724E-41
  1.9765E+02  1.2713E-41
  1.9802E+02  1.2703E-41
  1.9840E+02  1.2692E-41
  1.9877E+02  1.2681E-41
  1.9915E+02  1.2670E-41
  1.9952E+02  1.2659E-41
  1.9990E+02  1.2649E-41
  2.0028E+02  1.2638E-41
  2.0065E+02  1.2627E-41
  2.0103E+02  1.2617E-41
  2.0140E+02  1.2606E-41
  2.0178E+02  1.2595E-41
  2.0215E+02  1.2585E-41
  2.0253E+02  1.2574E-41
  2.0290E+02  1.2563E-41
  2.0328E+02  1.2553E-41
  2.0365E+02  1.2542E-41
  2.0403E+02  1.2532E-41
  2.0440E+02  1.2521E-41
  2.0478E+02  1.2510E-41
  2.0515E+02  1.2500E-41
  2.0553E+02  1.2489E-41
  2.0590E+02  1.2479E-41
  2.0628E+02  1.2468E-41
  2.0665E+02  1.2458E-41
  2.0703E+02  1.2448E-41
  2.0740E+02  1.2437E-41
  2.0778E+02  1.2427E-41
  2.0815E+02  1.2416E-41
  2.0853E+02  1.2406E-41
  2.0890E+02  1.2396E-41
  2.0928E+02  1.2385E-41
  2.0965E+02  1.2375E-41
  2.1003E+02  1.2365E-41
  2.1040E+02  1.2354E-41
  2.1078E+02  1.2344E-41
  2.1115E+02  1.2334E-41
  2.1153E+02  1.2324E-41
  2.1190E+02  1.2313E-41
  2.1228E+02  1.2303E-41
  2.1265E+02  1.2293E-41
  2.1303E+02  1.2283E-41
  2.1340E+02  1.2273E-41
  2.1378E+02  1.2262E-41
  2.1415E+02  1.2252E-41
  2.1453E+02  1.2242E-41
  2.1490E+02  1.2232E-41
  2.1528E+02  1.2222E-41
  2.1565E+02  1.2212E-41
  2.1603E+02  1.2202E-41
  2.1640E+02  1.2192E-41
  2.1678E+02  1.2182E-41
  2.1715E+02  1.2172E-41
  2.1753E+02  1.2162E-41
  2.1790E+02  1.2152E-41
  2.1828E+02  1.2142E-41
  2.1865E+02  1.2132E-41
  2.1903E+02  1.2122E-41
  2.1940E+02  1.2112E-41
  2.1978E+02  1.2102E-41
  2.2015E+02  1.2092E-41
  2.2053E+02  1.2082E-41
  2.2090E+02  1.2072E-41
  2.2128E+02  1.2063E-41
  2.2165E+02  1.2053E-41
  2.2203E+02  1.2043E-41
  2.2240E+02  1.2033E-41
  2.2278E+02  1.2023E-41
  2.2315E+02  1.2014E-41
  2.2353E+02  1.2004E-41
  2.2390E+02  1.1994E-41
  2.2428E+02  1.1984E-41
  2.2465E+02  1.1975E-41
  2.2503E+02  1.1965E-41
  2.2540E+02  1.1955E-41
  2.2578E+02  1.1945E-41
  2.2615E+02  1.1936E-41
  2.2653E+02  1.1926E-41
  2.2690E+02  1.1917E-41
  2.2728E+02  1.1907E-41
  2.2765E+02  1.1897E-41
  2.2803E+02  1.1888E-41
  2.2840E+02  1.1878E-41
  2.2878E+02  1.1869E-41
  2.2915E+02  1.1859E-41
  2.2953E+02  1.1849E-41
  2.2990E+02  1.1840E-41
  2.3028E+02  1.1830E-41
  2.3065E+02  1.1821E-41
  2.3103E+02  1.1811E-41
  2.3140E+02  1.1802E-41
  2.3178E+02  1.1792E-41
  2.3215E+02  1.1783E-41
  2.3253E+02  1.1774E-41
  2.3290E+02  1.1764E-41
  2.3328E+02  1.1755E-41
  2.3365E+02  1.1745E-41
  2.3403E+02  1.1736E-41
  2.3440E+02  1.1727E-41
  2.3478E+02  1.1717E-41
  2.3515E+02  1.1708E-41
  2.3553E+02  1.1699E-41
  2.3590E+02  1.1689E-41
  2.3628E+02  1.1680E-41
  2.3665E+02  1.1671E-41
  2.3703E+02  1.1661E-41
  2.3740E+02  1.1652E-41
  2.3778E+02  1.1643E-41
  2.3815E+02  1.1634E-41
  2.3853E+02  1.1625E-41
  2.3890E+02  1.1615E-41
  2.3928E+02  1.1606E-41
  2.3965E+02  1.1597E-41
  2.4003E+02  1.1588E-41
  2.4041E+02  1.1579E-41
  2.4078E+02  1.1569E-41
  2.4116E+02  1.1560E-41
  2.4153E+02  1.1551E-41
  2.4191E+02  1.1542E-41
  2.4228E+02  1.1533E-41
  2.4266E+02  1.1524E-41
  2.4303E+02  1.1515E-41
  2.4341E+02  1.1506E-41
  2.4378E+02  1.1497E-41
  2.4416E+02  1.1488E-41
  2.4453E+02  1.1479E-41
  2.4491E+02  1.1470E-41
  2.4528E+02  1.1461E-41
  2.4566E+02  1.1452E-41
  2.4603E+02  1.1443E-41
  2.4641E+02  1.1434E-41
  2.4678E+02  1.1425E-41
  2.4716E+02  1.1416E-41
  2.4753E+02  1.1407E-41
  2.4791E+02  1.1398E-41
  2.4828E+02  1.1389E-41
  2.4866E+02  1.1380E-41
  2.4903E+02  1.1372E-41
  2.4941E+02  1.1363E-41
  2.4978E+02  1.1354E-41
  2.5016E+02  1.1345E-41
  2.5053E+02  1.1336E-41
  2.5091E+02  1.1327E-41
  2.5128E+02  1.1319E-41
  2.5166E+02  1.1310E-41
  2.5203E+02  1.1301E-41
  2.5241E+02  1.1292E-41
  2.5278E+02  1.1284E-41
  2.5316E+02  1.1275E-41
  2.5353E+02  1.1266E-41
  2.5391E+02  1.1257E-41
  2.5428E+02  1.1249E-41
  2.5466E+02  1.1240E-41
  2.5503E+02  1.1231E-41
  2.5541E+02  1.1223E-41
  2.5578E+02  1.1214E-41
  2.5616E+02  1.1205E-41
  2.5653E+02  1.1197E-41
  2.5691E+02  1.1188E-41
  2.5728E+02  1.1180E-41
  2.5766E+02  1.1171E-41
  2.5803E+02  1.1162E-41
  2.5841E+02  1.1154E-41
  2.5878E+02  1.1145E-41
  2.5916E+02  1.1137E-41
  2.5953E+02  1.1128E-41
  2.5991E+02  1.1120E-41
  2.6028E+02  1.1111E-41
  2.6066E+02  1.1103E-41
  2.6103E+02  1.1094E-41
  2.6141E+02  1.1086E-41
  2.6178E+02  1.1077E-41
  2.6216E+02  1.1069E-41
  2.6253E+02  1.1060E-41
  2.6291E+02  1.1052E-41
  2.6328E+02  1.1043E-41
  2.6366E+02  1.1035E-41
  2.6403E+02  1.1027E-41
  2.6441E+02  1.1018E-41
  2.6478E+02  1.1010E-41
  2.6516E+02  1.1002E-41
  2.6553E+02  1.0993E-41
  2.6591E+02  1.0985E-41
  2.6628E+02  1.0976E-41
  2.6666E+02  1.0968E-41
  2.6703E+02  1.0960E-41
  2.6741E+02  1.0952E-41
  2.6778E+02  1.0943E-41
  2.6816E+02  1.0935E-41
  2.6853E+02  1.0927E-41
  2.6891E+02  1.0918E-41
  2.6928E+02  1.0910E-41
  2.6966E+02  1.0902E-41
  2.7003E+02  1.0894E-41
  2.7041E+02  1.0886E-41
  2.7078E+02  1.0877E-41
  2.7116E+02  1.0869E-41
  2.7153E+02  1.0861E-41
  2.7191E+02  1.0853E-41
  2.7228E+02  1.0845E-41
  2.7266E+02  1.0837E-41
  2.7303E+02  1.0828E-41
  2.7341E+02  1.0820E-41
  2.7378E+02  1.0812E-41
  2.7416E+02  1.0804E-41
  2.7453E+02  1.0796E-41
  2.7491E+02  1.0788E-41
  2.7528E+02  1.0780E-41
  2.7566E+02  1.0772E-41
  2.7603E+02  1.0764E-41
  2.7641E+02  1.0756E-41
  2.7678E+02  1.0748E-41
  2.7716E+02  1.0740E-41
  2.7753E+02  1.0732E-41
  2.7791E+02  1.0724E-41
  2.7828E+02  1.0716E-41
  2.7866E+02  1.0708E-41
  2.7903E+02  1.0700E-41
  2.7941E+02  1.0692E-41
  2.7978E+02  1.0684E-41
  2.8016E+02  1.0676E-41
  2.8054E+02  1.0668E-41
  2.8091E+02  1.0660E-41
  2.8129E+02  1.0652E-41
  2.8166E+02  1.0644E-41
  2.8204E+02  1.0636E-41
  2.8241E+02  1.0628E-41
  2.8279E+02  1.0620E-41
  2.8316E+02  1.0613E-41
  2.8354E+02  1.0605E-41
  2.8391E+02  1.0597E-41
  2.8429E+02  1.0589E-41
  2.8466E+02  1.0581E-41
  2.8504E+02  1.0573E-41
  2.8541E+02  1.0566E-41
  2.8579E+02  1.0558E-41
  2.8616E+02  1.0550E-41
  2.8654E+02  1.0542E-41
  2.8691E+02  1.0535E-41
  2.8729E+02  1.0527E-41
  2.8766E+02  1.0519E-41
  2.8804E+02  1.0511E-41
  2.8841E+02  1.0504E-41
  2.8879E+02  1.0496E-41
  2.8916E+02  1.0488E-41
  2.8954E+02  1.0481E-41
  2.8991E+02  1.0473E-41
  2.9029E+02  1.0465E-41
  2.9066E+02  1.0458E-41
  2.9104E+02  1.0450E-41
  2.9141E+02  1.0442E-41
  2.9179E+02  1.0435E-41
  2.9216E+02  1.0427E-41
  2.9254E+02  1.0419E-41
  2.9291E+02  1.0412E-41
  2.9329E+02  1.0404E-41
  2.9366E+02  1.0397E-41
  2.9404E+02  1.0389E-41
  2.9441E+02  1.0381E-41
  2.9479E+02  1.0374E-41
  2.9516E+02  1.0366E-41
  2.9554E+02  1.0359E-41
  2.9591E+02  1.0351E-41
  2.9629E+02  1.0344E-41
  2.9666E+02  1.0336E-41
  2.9704E+02  1.0329E-41
  2.9741E+02  1.0321E-41
  2.9779E+02  1.0314E-41
  2.9816E+02  1.0306E-41
  2.9854E+02  1.0299E-41
  2.9891E+02  1.0291E-41
  2.9929E+02  1.0284E-41
  2.9966E+02  1.0277E-41
  3.0004E+02  1.0269E-41
  3.0041E+02  1.0262E-41
  3.0079E+02  1.0254E-41
  3.0116E+02  1.0247E-41
  3.0154E+02  1.0240E-41
  3.0191E+02  1.0232E-41
  3.0229E+02  1.0225E-41
  3.0266E+02  1.0217E-41
  3.0304E+02  1.0210E-41
  3.0341E+02  1.0203E-41
  3.0379E+02  1.0195E-41
  3.0416E+02  1.0188E-41
  3.0454E+02  1.0181E-41
  3.0491E+02  1.0173E-41
  3.0529E+02  1.0166E-41
  3.0566E+02  1.0159E-41
  3.0604E+02  1.0152E-41
  3.0641E+02  1.0144E-41
  3.0679E+02  1.0137E-41
  3.0716E+02  1.0130E-41
  3.0754E+02  1.0123E-41
  3.0791E+02  1.0115E-41
  3.0829E+02  1.0108E-41
  3.0866E+02  1.0101E-41
  3.0904E+02  1.0094E-41
  3.0941E+02  1.0086E-41
  3.0979E+02  1.0079E-41
  3.1016E+02  1.0072E-41
  3.1054E+02  1.0065E-41
  3.1091E+02  1.0058E-41
  3.1129E+02  1.0051E-41
  3.1166E+02  1.0043E-41
  3.1204E+02  1.0036E-41
  3.1241E+02  1.0029E-41
  3.1279E+02  1.0022E-41
  3.1316E+02  1.0015E-41
  3.1354E+02  1.0008E-41
  3.1391E+02  1.0001E-41
  3.1429E+02  9.9937E-42
  3.1466E+02  9.9866E-42
  3.1504E+02  9.9795E-42
  3.1541E+02  9.9725E-42
  3.1579E+02  9.9654E-42
  3.1616E+02  9.9584E-42
  3.1654E+02  9.9513E-42
  3.1691E+02  9.9443E-42
  3.1729E+02  9.9373E-42
  3.1766E+02  9.9303E-42
  3.1804E+02  9.9233E-42
  3.1841E+02  9.9163E-42
  3.1879E+02  9.9093E-42
  3.1916E+02  9.9023E-42
  3.1954E+02  9.8954E-42
  3.1991E+02  9.8884E-42
  3.2029E+02  9.8814E-42
  3.2067E+02  9.8745E-42
  3.2104E+02  9.8676E-42
  3.2142E+02  9.8606E-42
  3.2179E+02  9.8537E-42
  3.2217E+02  9.8468E-42
  3.2254E+02  9.8399E-42
  3.2292E+02  9.8330E-42
  3.2329E+02  9.8261E-42
  3.2367E+02  9.8193E-42
  3.2404E+02  9.8124E-42
  3.2442E+02  9.8055E-42
  3.2479E+02  9.7987E-42
  3.2517E+02  9.7918E-42
  3.2554E+02  9.7850E-42
  3.2592E+02  9.7782E-42
  3.2629E+02  9.7714E-42
  3.2667E+02  9.7645E-42
  3.2704E+02  9.7577E-42
  3.2742E+02  9.7509E-42
  3.2779E+02  9.7442E-42
  3.2817E+02  9.7374E-42
  3.2854E+02  9.7306E-42
  3.2892E+02  9.7238E-42
  3.2929E+02  9.7171E-42
  3.2967E+02  9.7103E-42
  3.3004E+02  9.7036E-42
  3.3042E+02  9.6969E-42
  3.3079E+02  9.6901E-42
  3.3117E+02  9.6834E-42
  3.3154E+02  9.6767E-42
  3.3192E+02  9.6700E-42
  3.3229E+02  9.6633E-42
  3.3267E+02  9.6566E-42
  3.3304E+02  9.6500E-42
  3.3342E+02  9.6433E-42
  3.3379E+02  9.6366E-42
  3.3417E+02  9.6300E-42
  3.3454E+02  9.6233E-42
  3.3492E+02  9.6167E-42
  3.3529E+02  9.6101E-42
  3.3567E+02  9.6035E-42
  3.3604E+02  9.5968E-42
  3.3642E+02  9.5902E-42
  3.3679E+02  9.5836E-42
  3.3717E+02  9.5770E-42
  3.3754E+02  9.5705E-42
  3.3792E+02  9.5639E-42
  3.3829E+02  9.5573E-42
  3.3867E+02  9.5508E-42
  3.3904E+02  9.5442E-42
  3.3942E+02  9.5377E-42
  3.3979E+02  9.5311E-42
  3.4017E+02  9.5246E-42
  3.4054E+02  9.5181E-42
  3.4092E+02  9.5116E-42
  3.4129E+02  9.5051E-42
  3.4167E+02  9.4986E-42
  3.4204E+02  9.4921E-42
  3.4242E+02  9.4856E-42
  3.4279E+02  9.4791E-42
  3.4317E+02  9.4726E-42
  3.4354E+02  9.4662E-42
  3.4392E+02  9.4597E-42
  3.4429E+02  9.4533E-42
  3.4467E+02  9.4468E-42
  3.4504E+02  9.4404E-42
  3.4542E+02  9.4340E-42
  3.4579E+02  9.4276E-42
  3.4617E+02  9.4211E-42
  3.4654E+02  9.4147E-42
  3.4692E+02  9.4084E-42
  3.4729E+02  9.4020E-42
  3.4767E+02  9.3956E-42
  3.4804E+02  9.3892E-42
  3.4842E+02  9.3828E-42
  3.4879E+02  9.3765E-42
  3.4917E+02  9.3701E-42
  3.4954E+02  9.3638E-42
  3.4992E+02  9.3575E-42
  3.5029E+02  9.3511E-42
  3.5067E+02  9.3448E-42
  3.5104E+02  9.3385E-42
  3.5142E+02  9.3322E-42
  3.5179E+02  9.3259E-42
  3.5217E+02  9.3196E-42
  3.5254E+02  9.3133E-42
  3.5292E+02  9.3070E-42
  3.5329E+02  9.3008E-42
  3.5367E+02  9.2945E-42
  3.5404E+02  9.2882E-42
  3.5442E+02  9.2820E-42
  3.5479E+02  9.2757E-42
  3.5517E+02  9.2695E-42
  3.5554E+02  9.2633E-42
  3.5592E+02  9.2570E-42
  3.5629E+02  9.2508E-42
  3.5667E+02  9.2446E-42
  3.5704E+02  9.2384E-42
  3.5742E+02  9.2322E-42
  3.5779E+02  9.2260E-42
  3.5817E+02  9.2199E-42
  3.5854E+02  9.2137E-42
  3.5892E+02  9.2075E-42
  3.5929E+02  9.2014E-42
  3.5967E+02  9.1952E-42
  3.6005E+02  9.1891E-42
  3.6042E+02  9.1829E-42
  3.6080E+02  9.1768E-42
  3.6117E+02  9.1707E-42
  3.6155E+02  9.1646E-42
  3.6192E+02  9.1585E-42
  3.6230E+02  9.1523E-42
  3.6267E+02  9.1463E-42
  3.6305E+02  9.1402E-42
  3.6342E+02  9.1341E-42
  3.6380E+02  9.1280E-42
  3.6417E+02  9.1219E-42
  3.6455E+02  9.1159E-42
  3.6492E+02  9.1098E-42
  3.6530E+02  9.1038E-42
  3.6567E+02  9.0977E-42
  3.6605E+02  9.0917E-42
  3.6642E+02  9.0857E-42
  3.6680E+02  9.0796E-42
  3.6717E+02  9.0736E-42
  3.6755E+02  9.0676E-42
  3.6792E+02  9.0616E-42
  3.6830E+02  9.0556E-42
  3.6867E+02  9.0496E-42
  3.6905E+02  9.0436E-42
  3.6942E+02  9.0377E-42
  3.6980E+02  9.0317E-42
  3.7017E+02  9.0257E-42
  3.7055E+02  9.0198E-42
  3.7092E+02  9.0138E-42
  3.7130E+02  9.0079E-42
  3.7167E+02  9.0020E-42
  3.7205E+02  8.9960E-42
  3.7242E+02  8.9901E-42
  3.7280E+02  8.9842E-42
  3.7317E+02  8.9783E-42
  3.7355E+02  8.9724E-42
  3.7392E+02  8.9665E-42
  3.7430E+02  8.9606E-42
  3.7467E+02  8.9547E-42
  3.7505E+02  8.9488E-42
  3.7542E+02  8.9430E-42
  3.7580E+02  8.9371E-42
  3.7617E+02  8.9313E-42
  3.7655E+02  8.9254E-42
  3.7692E+02  8.9196E-42
  3.7730E+02  8.9137E-42
  3.7767E+02  8.9079E-42
  3.7805E+02  8.9021E-42
  3.7842E+02  8.8962E-42
  3.7880E+02  8.8904E-42
  3.7917E+02  8.8846E-42
  3.7955E+02  8.8788E-42
  3.7992E+02  8.8730E-42
  3.8030E+02  8.8673E-42
  3.8067E+02  8.8615E-42
  3.8105E+02  8.8557E-42
  3.8142E+02  8.8499E-42
  3.8180E+02  8.8442E-42
  3.8217E+02  8.8384E-42
  3.8255E+02  8.8327E-42
  3.8292E+02  8.8269E-42
  3.8330E+02  8.8212E-42
  3.8367E+02  8.8155E-42
  3.8405E+02  8.8097E-42
  3.8442E+02  8.8040E-42
  3.8480E+02  8.7983E-42
  3.8517E+02  8.7926E-42
  3.8555E+02  8.7869E-42
  3.8592E+02  8.7812E-42
  3.8630E+02  8.7755E-42
  3.8667E+02  8.7698E-42
  3.8705E+02  8.7642E-42
  3.8742E+02  8.7585E-42
  3.8780E+02  8.7528E-42
  3.8817E+02  8.7472E-42
  3.8855E+02  8.7415E-42
  3.8892E+02  8.7359E-42
  3.8930E+02  8.7303E-42
  3.8967E+02  8.7246E-42
  3.9005E+02  8.7190E-42
  3.9042E+02  8.7134E-42
  3.9080E+02  8.7078E-42
  3.9117E+02  8.7022E-42
  3.9155E+02  8.6966E-42
  3.9192E+02  8.6910E-42
  3.9230E+02  8.6854E-42
  3.9267E+02  8.6798E-42
  3.9305E+02  8.6742E-42
  3.9342E+02  8.6687E-42
  3.9380E+02  8.6631E-42
  3.9417E+02  8.6575E-42
  3.9455E+02  8.6520E-42
  3.9492E+02  8.6464E-42
  3.9530E+02  8.6409E-42
  3.9567E+02  8.6354E-42
  3.9605E+02  8.6298E-42
  3.9642E+02  8.6243E-42
  3.9680E+02  8.6188E-42
  3.9717E+02  8.6133E-42
  3.9755E+02  8.6078E-42
  3.9792E+02  8.6023E-42
  3.9830E+02  8.5968E-42
  3.9867E+02  8.5913E-42
  3.9905E+02  8.5858E-42
  3.9942E+02  8.5803E-42
  3.9980E+02  8.5749E-42
  4.0018E+02  8.5694E-42
  4.0055E+02  8.5640E-42
  4.0093E+02  8.5585E-42
  4.0130E+02  8.5531E-42
  4.0168E+02  8.5476E-42
  4.0205E+02  8.5422E-42
  4.0243E+02  8.5368E-42
  4.0280E+02  8.5313E-42
  4.0318E+02  8.5259E-42
  4.0355E+02  8.5205E-42
  4.0393E+02  8.5151E-42
  4.0430E+02  8.5097E-42
  4.0468E+02  8.5043E-42
  4.0505E+02  8.4989E-42
  4.0543E+02  8.4935E-42
  4.0580E+02  8.4882E-42
  4.0618E+02  8.4828E-42
  4.0655E+02  8.4774E-42
  4.0693E+02  8.4721E-42
  4.0730E+02  8.4667E-42
  4.0768E+02  8.4614E-42
  4.0805E+02  8.4560E-42
  4.0843E+02  8.4507E-42
  4.0880E+02  8.4453E-42
  4.0918E+02  8.4400E-42
  4.0955E+02  8.4347E-42
  4.0993E+02  8.4294E-42
  4.1030E+02  8.4241E-42
  4.1068E+02  8.4188E-42
  4.1105E+02  8.4135E-42
  4.1143E+02  8.4082E-42
  4.1180E+02  8.4029E-42
  4.1218E+02  8.3976E-42
  4.1255E+02  8.3923E-42
  4.1293E+02  8.3871E-42
  4.1330E+02  8.3818E-42
  4.1368E+02  8.3765E-42
  4.1405E+02  8.3713E-42
  4.1443E+02  8.3660E-42
  4.1480E+02  8.3608E-42
  4.1518E+02  8.3556E-42
  4.1555E+02  8.3503E-42
  4.1593E+02  8.3451E-42
  4.1630E+02  8.3399E-42
  4.1668E+02  8.3347E-42
  4.1705E+02  8.3295E-42
  4.1743E+02  8.3243E-42
  4.1780E+02  8.3191E-42
  4.1818E+02  8.3139E-42
  4.1855E+02  8.3087E-42
  4.1893E+02  8.3035E-42
  4.1930E+02  8.2983E-42
  4.1968E+02  8.2931E-42
  4.2005E+02  8.2880E-42
  4.2043E+02  8.2828E-42
  4.2080E+02  8.2777E-42
  4.2118E+02  8.2725E-42
  4.2155E+02  8.2674E-42
  4.2193E+02  8.2622E-42
  4.2230E+02  8.2571E-42
  4.2268E+02  8.2520E-42
  4.2305E+02  8.2468E-42
  4.2343E+02  8.2417E-42
  4.2380E+02  8.2366E-42
  4.2418E+02  8.2315E-42
  4.2455E+02  8.2264E-42
  4.2493E+02  8.2213E-42
  4.2530E+02  8.2162E-42
  4.2568E+02  8.2111E-42
  4.2605E+02  8.2060E-42
  4.2643E+02  8.2010E-42
  4.2680E+02  8.1959E-42
  4.2718E+02  8.1908E-42
  4.2755E+02  8.1858E-42
  4.2793E+02  8.1807E-42
  4.2830E+02  8.1757E-42
  4.2868E+02  8.1706E-42
  4.2905E+02  8.1656E-42
  4.2943E+02  8.1606E-42
  4.2980E+02  8.1555E-42
  4.3018E+02  8.1505E-42
  4.3055E+02  8.1455E-42
  4.3093E+02  8.1405E-42
  4.3130E+02  8.1355E-42
  4.3168E+02  8.1305E-42
  4.3205E+02  8.1255E-42
  4.3243E+02  8.1205E-42
  4.3280E+02  8.1155E-42
  4.3318E+02  8.1105E-42
  4.3355E+02  8.1055E-42
  4.3393E+02  8.1005E-42
  4.3430E+02  8.0956E-42
  4.3468E+02  8.0906E-42
  4.3505E+02  8.0857E-42
  4.3543E+02  8.0807E-42
  4.3580E+02  8.0758E-42
  4.3618E+02  8.0708E-42
  4.3655E+02  8.0659E-42
  4.3693E+02  8.0610E-42
  4.3730E+02  8.0560E-42
  4.3768E+02  8.0511E-42
  4.3805E+02  8.0462E-42
  4.3843E+02  8.0413E-42
  4.3880E+02  8.0364E-42
  4.3918E+02  8.0315E-42
  4.3955E+02  8.0266E-42
  4.3993E+02  8.0217E-42
  4.4031E+02  8.0168E-42
  4.4068E+02  8.0119E-42
  4.4106E+02  8.0070E-42
  4.4143E+02  8.0022E-42
  4.4181E+02  7.9973E-42
  4.4218E+02  7.9924E-42
  4.4256E+02  7.9876E-42
  4.4293E+02  7.9827E-42
  4.4331E+02  7.9779E-42
  4.4368E+02  7.9730E-42
  4.4406E+02  7.9682E-42
  4.4443E+02  7.9634E-42
  4.4481E+02  7.9585E-42
  4.4518E+02  7.9537E-42
  4.4556E+02  7.9489E-42
  4.4593E+02  7.9441E-42
  4.4631E+02  7.9393E-42
  4.4668E+02  7.9345E-42
  4.4706E+02  7.9297E-42
  4.4743E+02  7.9249E-42
  4.4781E+02  7.9201E-42
  4.4818E+02  7.9153E-42
  4.4856E+02  7.9105E-42
  4.4893E+02  7.9058E-42
  4.4931E+02  7.9010E-42
  4.4968E+02  7.8962E-42
  4.5006E+02  7.8915E-42
  4.5043E+02  7.8867E-42
  4.5081E+02  7.8820E-42
  4.5118E+02  7.8772E-42
  4.5156E+02  7.8725E-42
  4.5193E+02  7.8677E-42
  4.5231E+02  7.8630E-42
  4.5268E+02  7.8583E-42
  4.5306E+02  7.8536E-42
  4.5343E+02  7.8488E-42
  4.5381E+02  7.8441E-42
  4.5418E+02  7.8394E-42
  4.5456E+02  7.8347E-42
  4.5493E+02  7.8300E-42
  4.5531E+02  7.8253E-42
  4.5568E+02  7.8206E-42
  4.5606E+02  7.8159E-42
  4.5643E+02  7.8113E-42
  4.5681E+02  7.8066E-42
  4.5718E+02  7.8019E-42
  4.5756E+02  7.7973E-42
  4.5793E+02  7.7926E-42
  4.5831E+02  7.7879E-42
  4.5868E+02  7.7833E-42
  4.5906E+02  7.7786E-42
  4.5943E+02  7.7740E-42
  4.5981E+02  7.7694E-42
  4.6018E+02  7.7647E-42
  4.6056E+02  7.7601E-42
  4.6093E+02  7.7555E-42
  4.6131E+02  7.7509E-42
  4.6168E+02  7.7462E-42
  4.6206E+02  7.7416E-42
  4.6243E+02  7.7370E-42
  4.6281E+02  7.7324E-42
  4.6318E+02  7.7278E-42
  4.6356E+02  7.7232E-42
  4.6393E+02  7.7187E-42
  4.6431E+02  7.7141E-42
  4.6468E+02  7.7095E-42
  4.6506E+02  7.7049E-42
  4.6543E+02  7.7003E-42
  4.6581E+02  7.6958E-42
  4.6618E+02  7.6912E-42
  4.6656E+02  7.6867E-42
  4.6693E+02  7.6821E-42
  4.6731E+02  7.6776E-42
  4.6768E+02  7.6730E-42
  4.6806E+02  7.6685E-42
  4.6843E+02  7.6640E-42
  4.6881E+02  7.6594E-42
  4.6918E+02  7.6549E-42
  4.6956E+02  7.6504E-42
  4.6993E+02  7.6459E-42
  4.7031E+02  7.6414E-42
  4.7068E+02  7.6368E-42
  4.7106E+02  7.6323E-42
  4.7143E+02  7.6278E-42
  4.7181E+02  7.6234E-42
  4.7218E+02  7.6189E-42
  4.7256E+02  7.6144E-42
  4.7293E+02  7.6099E-42
  4.7331E+02  7.6054E-42
  4.7368E+02  7.6010E-42
  4.7406E+02  7.5965E-42
  4.7443E+02  7.5920E-42
  4.7481E+02  7.5876E-42
  4.7518E+02  7.5831E-42
  4.7556E+02  7.5787E-42
  4.7593E+02  7.5742E-42
  4.7631E+02  7.5698E-42
  4.7668E+02  7.5653E-42
  4.7706E+02  7.5609E-42
  4.7743E+02  7.5565E-42
  4.7781E+02  7.5521E-42
  4.7818E+02  7.5476E-42
  4.7856E+02  7.5432E-42
  4.7893E+02  7.5388E-42
  4.7931E+02  7.5344E-42
  4.7968E+02  7.5300E-42
  4.8006E+02  7.5256E-42
  4.8044E+02  7.5212E-42
  4.8081E+02  7.5168E-42
  4.8119E+02  7.5124E-42
  4.8156E+02  7.5081E-42
  4.8194E+02  7.5037E-42
  4.8231E+02  7.4993E-42
  4.8269E+02  7.4949E-42
  4.8306E+02  7.4906E-42
  4.8344E+02  7.4862E-42
  4.8381E+02  7.4819E-42
  4.8419E+02  7.4775E-42
  4.8456E+02  7.4732E-42
  4.8494E+02  7.4688E-42
  4.8531E+02  7.4645E-42
  4.8569E+02  7.4601E-42
  4.8606E+02  7.4558E-42
  4.8644E+02  7.4515E-42
  4.8681E+02  7.4472E-42
  4.8719E+02  7.4428E-42
  4.8756E+02  7.4385E-42
  4.8794E+02  7.4342E-42
  4.8831E+02  7.4299E-42
  4.8869E+02  7.4256E-42
  4.8906E+02  7.4213E-42
  4.8944E+02  7.4170E-42
  4.8981E+02  7.4127E-42
  4.9019E+02  7.4085E-42
  4.9056E+02  7.4042E-42
  4.9094E+02  7.3999E-42
  4.9131E+02  7.3956E-42
  4.9169E+02  7.3914E-42
  4.9206E+02  7.3871E-42
  4.9244E+02  7.3828E-42
  4.9281E+02  7.3786E-42
  4.9319E+02  7.3743E-42
  4.9356E+02  7.3701E-42
  4.9394E+02  7.3658E-42
  4.9431E+02  7.3616E-42
  4.9469E+02  7.3574E-42
  4.9506E+02  7.3531E-42
  4.9544E+02  7.3489E-42
  4.9581E+02  7.3447E-42
  4.9619E+02  7.3405E-42
  4.9656E+02  7.3362E-42
  4.9694E+02  7.3320E-42
  4.9731E+02  7.3278E-42
  4.9769E+02  7.3236E-42
  4.9806E+02  7.3194E-42
  4.9844E+02  7.3152E-42
  4.9881E+02  7.3110E-42
  4.9919E+02  7.3068E-42
  4.9956E+02  7.3027E-42
  4.9994E+02  7.2985E-42
  5.0031E+02  7.2943E-42
  5.0069E+02  7.2901E-42
  5.0106E+02  7.2860E-42
  5.0144E+02  7.2818E-42
  5.0181E+02  7.2776E-42
  5.0219E+02  7.2735E-42
  5.0256E+02  7.2693E-42
  5.0294E+02  7.2652E-42
  5.0331E+02  7.2610E-42
  5.0369E+02  7.2569E-42
  5.0406E+02  7.2528E-42
  5.0444E+02  7.2486E-42
  5.0481E+02  7.2445E-42
  5.0519E+02  7.2404E-42
  5.0556E+02  7.2363E-42
  5.0594E+02  7.2321E-42
  5.0631E+02  7.2280E-42
  5.0669E+02  7.2239E-42
  5.0706E+02  7.2198E-42
  5.0744E+02  7.2157E-42
  5.0781E+02  7.2116E-42
  5.0819E+02  7.2075E-42
  5.0856E+02  7.2034E-42
  5.0894E+02  7.1994E-42
  5.0931E+02  7.1953E-42
  5.0969E+02  7.1912E-42
  5.1006E+02  7.1871E-42
  5.1044E+02  7.1830E-42
  5.1081E+02  7.1790E-42
  5.1119E+02  7.1749E-42
  5.1156E+02  7.1709E-42
  5.1194E+02  7.1668E-42
  5.1231E+02  7.1628E-42
  5.1269E+02  7.1587E-42
  5.1306E+02  7.1547E-42
  5.1344E+02  7.1506E-42
  5.1381E+02  7.1466E-42
  5.1419E+02  7.1426E-42
  5.1456E+02  7.1385E-42
  5.1494E+02  7.1345E-42
  5.1531E+02  7.1305E-42
  5.1569E+02  7.1265E-42
  5.1606E+02  7.1224E-42
  5.1644E+02  7.1184E-42
  5.1681E+02  7.1144E-42
  5.1719E+02  7.1104E-42
  5.1756E+02  7.1064E-42
  5.1794E+02  7.1024E-42
  5.1831E+02  7.0984E-42
  5.1869E+02  7.0945E-42
  5.1906E+02  7.0905E-42
  5.1944E+02  7.0865E-42
  5.1981E+02  7.0825E-42
  5.2019E+02  7.0785E-42
  5.2057E+02  7.0746E-42
  5.2094E+02  7.0706E-42
  5.2132E+02  7.0667E-42
  5.2169E+02  7.0627E-42
  5.2207E+02  7.0587E-42
  5.2244E+02  7.0548E-42
  5.2282E+02  7.0508E-42
  5.2319E+02  7.0469E-42
  5.2357E+02  7.0430E-42
  5.2394E+02  7.0390E-42
  5.2432E+02  7.0351E-42
  5.2469E+02  7.0312E-42
  5.2507E+02  7.0272E-42
  5.2544E+02  7.0233E-42
  5.2582E+02  7.0194E-42
  5.2619E+02  7.0155E-42
  5.2657E+02  7.0116E-42
  5.2694E+02  7.0077E-42
  5.2732E+02  7.0038E-42
  5.2769E+02  6.9999E-42
  5.2807E+02  6.9960E-42
  5.2844E+02  6.9921E-42
  5.2882E+02  6.9882E-42
  5.2919E+02  6.9843E-42
  5.2957E+02  6.9804E-42
  5.2994E+02  6.9765E-42
  5.3032E+02  6.9727E-42
  5.3069E+02  6.9688E-42
  5.3107E+02  6.9649E-42
  5.3144E+02  6.9611E-42
  5.3182E+02  6.9572E-42
  5.3219E+02  6.9533E-42
  5.3257E+02  6.9495E-42
  5.3294E+02  6.9456E-42
  5.3332E+02  6.9418E-42
  5.3369E+02  6.9380E-42
  5.3407E+02  6.9341E-42
  5.3444E+02  6.9303E-42
  5.3482E+02  6.9265E-42
  5.3519E+02  6.9226E-42
  5.3557E+02  6.9188E-42
  5.3594E+02  6.9150E-42
  5.3632E+02  6.9112E-42
  5.3669E+02  6.9073E-42
  5.3707E+02  6.9035E-42
  5.3744E+02  6.8997E-42
  5.3782E+02  6.8959E-42
  5.3819E+02  6.8921E-42
  5.3857E+02  6.8883E-42
  5.3894E+02  6.8845E-42
  5.3932E+02  6.8807E-42
  5.3969E+02  6.8770E-42
  5.4007E+02  6.8732E-42
  5.4044E+02  6.8694E-42
  5.4082E+02  6.8656E-42
  5.4119E+02  6.8618E-42
  5.4157E+02  6.8581E-42
  5.4194E+02  6.8543E-42
  5.4232E+02  6.8505E-42
  5.4269E+02  6.8468E-42
  5.4307E+02  6.8430E-42
  5.4344E+02  6.8393E-42
  5.4382E+02  6.8355E-42
  5.4419E+02  6.8318E-42
  5.4457E+02  6.8280E-42
  5.4494E+02  6.8243E-42
  5.4532E+02  6.8206E-42
  5.4569E+02  6.8168E-42
  5.4607E+02  6.8131E-42
  5.4644E+02  6.8094E-42
  5.4682E+02  6.8057E-42
  5.4719E+02  6.8019E-42
  5.4757E+02  6.7982E-42
  5.4794E+02  6.7945E-42
  5.4832E+02  6.7908E-42
  5.4869E+02  6.7871E-42
  5.4907E+02  6.7834E-42
  5.4944E+02  6.7797E-42
  5.4982E+02  6.7760E-42
  5.5019E+02  6.7723E-42
  5.5057E+02  6.7686E-42
  5.5094E+02  6.7649E-42
  5.5132E+02  6.7613E-42
  5.5169E+02  6.7576E-42
  5.5207E+02  6.7539E-42
  5.5244E+02  6.7502E-42
  5.5282E+02  6.7466E-42
  5.5319E+02  6.7429E-42
  5.5357E+02  6.7392E-42
  5.5394E+02  6.7356E-42
  5.5432E+02  6.7319E-42
  5.5469E+02  6.7283E-42
  5.5507E+02  6.7246E-42
  5.5544E+02  6.7210E-42
  5.5582E+02  6.7173E-42
  5.5619E+02  6.7137E-42
  5.5657E+02  6.7101E-42
  5.5694E+02  6.7064E-42
  5.5732E+02  6.7028E-42
  5.5769E+02  6.6992E-42
  5.5807E+02  6.6955E-42
  5.5844E+02  6.6919E-42
  5.5882E+02  6.6883E-42
  5.5919E+02  6.6847E-42
  5.5957E+02  6.6811E-42
  5.5994E+02  6.6775E-42
  5.6032E+02  6.6739E-42
  5.6070E+02  6.6703E-42
  5.6107E+02  6.6667E-42
  5.6145E+02  6.6631E-42
  5.6182E+02  6.6595E-42
  5.6220E+02  6.6559E-42
  5.6257E+02  6.6523E-42
  5.6295E+02  6.6487E-42
  5.6332E+02  6.6452E-42
  5.6370E+02  6.6416E-42
  5.6407E+02  6.6380E-42
  5.6445E+02  6.6345E-42
  5.6482E+02  6.6309E-42
  5.6520E+02  6.6273E-42
  5.6557E+02  6.6238E-42
  5.6595E+02  6.6202E-42
  5.6632E+02  6.6167E-42
  5.6670E+02  6.6131E-42
  5.6707E+02  6.6096E-42
  5.6745E+02  6.6060E-42
  5.6782E+02  6.6025E-42
  5.6820E+02  6.5989E-42
  5.6857E+02  6.5954E-42
  5.6895E+02  6.5919E-42
  5.6932E+02  6.5884E-42
  5.6970E+02  6.5848E-42
  5.7007E+02  6.5813E-42
  5.7045E+02  6.5778E-42
  5.7082E+02  6.5743E-42
  5.7120E+02  6.5708E-42
  5.7157E+02  6.5673E-42
  5.7195E+02  6.5637E-42
  5.7232E+02  6.5602E-42
  5.7270E+02  6.5567E-42
  5.7307E+02  6.5533E-42
  5.7345E+02  6.5498E-42
  5.7382E+02  6.5463E-42
  5.7420E+02  6.5428E-42
  5.7457E+02  6.5393E-42
  5.7495E+02  6.5358E-42
  5.7532E+02  6.5323E-42
  5.7570E+02  6.5289E-42
  5.7607E+02  6.5254E-42
  5.7645E+02  6.5219E-42
  5.7682E+02  6.5185E-42
  5.7720E+02  6.5150E-42
  5.7757E+02  6.5115E-42
  5.7795E+02  6.5081E-42
  5.7832E+02  6.5046E-42
  5.7870E+02  6.5012E-42
  5.7907E+02  6.4977E-42
  5.7945E+02  6.4943E-42
  5.7982E+02  6.4908E-42
  5.8020E+02  6.4874E-42
  5.8057E+02  6.4840E-42
  5.8095E+02  6.4805E-42
  5.8132E+02  6.4771E-42
  5.8170E+02  6.4737E-42
  5.8207E+02  6.4703E-42
  5.8245E+02  6.4668E-42
  5.8282E+02  6.4634E-42
  5.8320E+02  6.4600E-42
  5.8357E+02  6.4566E-42
  5.8395E+02  6.4532E-42
  5.8432E+02  6.4498E-42
  5.8470E+02  6.4464E-42
  5.8507E+02  6.4430E-42
  5.8545E+02  6.4396E-42
  5.8582E+02  6.4362E-42
  5.8620E+02  6.4328E-42
  5.8657E+02  6.4294E-42
  5.8695E+02  6.4260E-42
  5.8732E+02  6.4226E-42
  5.8770E+02  6.4193E-42
  5.8807E+02  6.4159E-42
  5.8845E+02  6.4125E-42
  5.8882E+02  6.4091E-42
  5.8920E+02  6.4058E-42
  5.8957E+02  6.4024E-42
  5.8995E+02  6.3991E-42
  5.9032E+02  6.3957E-42
  5.9070E+02  6.3923E-42
  5.9107E+02  6.3890E-42
  5.9145E+02  6.3856E-42
  5.9182E+02  6.3823E-42
  5.9220E+02  6.3789E-42
  5.9257E+02  6.3756E-42
  5.9295E+02  6.3723E-42
  5.9332E+02  6.3689E-42
  5.9370E+02  6.3656E-42
  5.9407E+02  6.3623E-42
  5.9445E+02  6.3589E-42
  5.9482E+02  6.3556E-42
  5.9520E+02  6.3523E-42
  5.9557E+02  6.3490E-42
  5.9595E+02  6.3457E-42
  5.9632E+02  6.3424E-42
  5.9670E+02  6.3390E-42
  5.9707E+02  6.3357E-42
  5.9745E+02  6.3324E-42
  5.9782E+02  6.3291E-42
  5.9820E+02  6.3258E-42
  5.9857E+02  6.3225E-42
  5.9895E+02  6.3192E-42
  5.9932E+02  6.3160E-42
  5.9970E+02  6.3127E-42
  6.0008E+02  6.3094E-42
  6.0045E+02  6.3061E-42
  6.0083E+02  6.3028E-42
  6.0120E+02  6.2996E-42
  6.0158E+02  6.2963E-42
  6.0195E+02  6.2930E-42
  6.0233E+02  6.2897E-42
  6.0270E+02  6.2865E-42
  6.0308E+02  6.2832E-42
  6.0345E+02  6.2800E-42
  6.0383E+02  6.2767E-42
  6.0420E+02  6.2735E-42
  6.0458E+02  6.2702E-42
  6.0495E+02  6.2670E-42
  6.0533E+02  6.2637E-42
  6.0570E+02  6.2605E-42
  6.0608E+02  6.2572E-42
  6.0645E+02  6.2540E-42
  6.0683E+02  6.2508E-42
  6.0720E+02  6.2475E-42
  6.0758E+02  6.2443E-42
  6.0795E+02  6.2411E-42
  6.0833E+02  6.2379E-42
  6.0870E+02  6.2346E-42
  6.0908E+02  6.2314E-42
  6.0945E+02  6.2282E-42
  6.0983E+02  6.2250E-42
  6.1020E+02  6.2218E-42
  6.1058E+02  6.2186E-42
  6.1095E+02  6.2154E-42
  6.1133E+02  6.2122E-42
  6.1170E+02  6.2090E-42
  6.1208E+02  6.2058E-42
  6.1245E+02  6.2026E-42
  6.1283E+02  6.1994E-42
  6.1320E+02  6.1962E-42
  6.1358E+02  6.1930E-42
  6.1395E+02  6.1898E-42
  6.1433E+02  6.1867E-42
  6.1470E+02  6.1835E-42
  6.1508E+02  6.1803E-42
  6.1545E+02  6.1771E-42
  6.1583E+02  6.1740E-42
  6.1620E+02  6.1708E-42
  6.1658E+02  6.1676E-42
  6.1695E+02  6.1645E-42
  6.1733E+02  6.1613E-42
  6.1770E+02  6.1582E-42
  6.1808E+02  6.1550E-42
  6.1845E+02  6.1519E-42
  6.1883E+02  6.1487E-42
  6.1920E+02  6.1456E-42
  6.1958E+02  6.1424E-42
  6.1995E+02  6.1393E-42
  6.2033E+02  6.1362E-42
  6.2070E+02  6.1330E-42
  6.2108E+02  6.1299E-42
  6.2145E+02  6.1268E-42
  6.2183E+02  6.1236E-42
  6.2220E+02  6.1205E-42
  6.2258E+02  6.1174E-42
  6.2295E+02  6.1143E-42
  6.2333E+02  6.1112E-42
  6.2370E+02  6.1081E-42
  6.2408E+02  6.1049E-42
  6.2445E+02  6.1018E-42
  6.2483E+02  6.0987E-42
  6.2520E+02  6.0956E-42
  6.2558E+02  6.0925E-42
  6.2595E+02  6.0894E-42
  6.2633E+02  6.0863E-42
  6.2670E+02  6.0832E-42
  6.2708E+02  6.0802E-42
  6.2745E+02  6.0771E-42
  6.2783E+02  6.0740E-42
  6.2820E+02  6.0709E-42
  6.2858E+02  6.0678E-42
  6.2895E+02  6.0647E-42
  6.2933E+02  6.0617E-42
  6.2970E+02  6.0586E-42
  6.3008E+02  6.0555E-42
  6.3045E+02  6.0525E-42
  6.3083E+02  6.0494E-42
  6.3120E+02  6.0463E-42
  6.3158E+02  6.0433E-42
  6.3195E+02  6.0402E-42
  6.3233E+02  6.0372E-42
  6.3270E+02  6.0341E-42
  6.3308E+02  6.0311E-42
  6.3345E+02  6.0280E-42
  6.3383E+02  6.0250E-42
  6.3420E+02  6.0219E-42
  6.3458E+02  6.0189E-42
  6.3495E+02  6.0159E-42
  6.3533E+02  6.0128E-42
  6.3570E+02  6.0098E-42
  6.3608E+02  6.0068E-42
  6.3645E+02  6.0038E-42
  6.3683E+02  6.0007E-42
  6.3720E+02  5.9977E-42
  6.3758E+02  5.9947E-42
  6.3795E+02  5.9917E-42
  6.3833E+02  5.9887E-42
  6.3870E+02  5.9857E-42
  6.3908E+02  5.9826E-42
  6.3945E+02  5.9796E-42
  6.3983E+02  5.9766E-42
  6.4021E+02  5.9736E-42
  6.4058E+02  5.9706E-42
  6.4096E+02  5.9676E-42
  6.4133E+02  5.9647E-42
  6.4171E+02  5.9617E-42
  6.4208E+02  5.9587E-42
  6.4246E+02  5.9557E-42
  6.4283E+02  5.9527E-42
  6.4321E+02  5.9497E-42
  6.4358E+02  5.9467E-42
  6.4396E+02  5.9438E-42
  6.4433E+02  5.9408E-42
  6.4471E+02  5.9378E-42
  6.4508E+02  5.9349E-42
  6.4546E+02  5.9319E-42
  6.4583E+02  5.9289E-42
  6.4621E+02  5.9260E-42
  6.4658E+02  5.9230E-42
  6.4696E+02  5.9201E-42
  6.4733E+02  5.9171E-42
  6.4771E+02  5.9141E-42
  6.4808E+02  5.9112E-42
  6.4846E+02  5.9083E-42
  6.4883E+02  5.9053E-42
  6.4921E+02  5.9024E-42
  6.4958E+02  5.8994E-42
  6.4996E+02  5.8965E-42
  6.5033E+02  5.8936E-42
  6.5071E+02  5.8906E-42
  6.5108E+02  5.8877E-42
  6.5146E+02  5.8848E-42
  6.5183E+02  5.8818E-42
  6.5221E+02  5.8789E-42
  6.5258E+02  5.8760E-42
  6.5296E+02  5.8731E-42
  6.5333E+02  5.8702E-42
  6.5371E+02  5.8673E-42
  6.5408E+02  5.8643E-42
  6.5446E+02  5.8614E-42
  6.5483E+02  5.8585E-42
  6.5521E+02  5.8556E-42
  6.5558E+02  5.8527E-42
  6.5596E+02  5.8498E-42
  6.5633E+02  5.8469E-42
  6.5671E+02  5.8440E-42
  6.5708E+02  5.8411E-42
  6.5746E+02  5.8383E-42
  6.5783E+02  5.8354E-42
  6.5821E+02  5.8325E-42
  6.5858E+02  5.8296E-42
  6.5896E+02  5.8267E-42
  6.5933E+02  5.8238E-42
  6.5971E+02  5.8210E-42
  6.6008E+02  5.8181E-42
  6.6046E+02  5.8152E-42
  6.6083E+02  5.8124E-42
  6.6121E+02  5.8095E-42
  6.6158E+02  5.8066E-42
  6.6196E+02  5.8038E-42
  6.6233E+02  5.8009E-42
  6.6271E+02  5.7981E-42
  6.6308E+02  5.7952E-42
  6.6346E+02  5.7923E-42
  6.6383E+02  5.7895E-42
  6.6421E+02  5.7866E-42
  6.6458E+02  5.7838E-42
  6.6496E+02  5.7810E-42
  6.6533E+02  5.7781E-42
  6.6571E+02  5.7753E-42
  6.6608E+02  5.7724E-42
  6.6646E+02  5.7696E-42
  6.6683E+02  5.7668E-42
  6.6721E+02  5.7640E-42
  6.6758E+02  5.7611E-42
  6.6796E+02  5.7583E-42
  6.6833E+02  5.7555E-42
  6.6871E+02  5.7527E-42
  6.6908E+02  5.7498E-42
  6.6946E+02  5.7470E-42
  6.6983E+02  5.7442E-42
  6.7021E+02  5.7414E-42
  6.7058E+02  5.7386E-42
  6.7096E+02  5.7358E-42
  6.7133E+02  5.7330E-42
  6.7171E+02  5.7302E-42
  6.7208E+02  5.7274E-42
  6.7246E+02  5.7246E-42
  6.7283E+02  5.7218E-42
  6.7321E+02  5.7190E-42
  6.7358E+02  5.7162E-42
  6.7396E+02  5.7134E-42
  6.7433E+02  5.7106E-42
  6.7471E+02  5.7079E-42
  6.7508E+02  5.7051E-42
  6.7546E+02  5.7023E-42
  6.7583E+02  5.6995E-42
  6.7621E+02  5.6967E-42
  6.7658E+02  5.6940E-42
  6.7696E+02  5.6912E-42
  6.7733E+02  5.6884E-42
  6.7771E+02  5.6857E-42
  6.7808E+02  5.6829E-42
  6.7846E+02  5.6801E-42
  6.7883E+02  5.6774E-42
  6.7921E+02  5.6746E-42
  6.7958E+02  5.6719E-42
  6.7996E+02  5.6691E-42
  6.8034E+02  5.6664E-42
  6.8071E+02  5.6636E-42
  6.8109E+02  5.6609E-42
  6.8146E+02  5.6581E-42
  6.8184E+02  5.6554E-42
  6.8221E+02  5.6526E-42
  6.8259E+02  5.6499E-42
  6.8296E+02  5.6472E-42
  6.8334E+02  5.6444E-42
  6.8371E+02  5.6417E-42
  6.8409E+02  5.6390E-42
  6.8446E+02  5.6363E-42
  6.8484E+02  5.6335E-42
  6.8521E+02  5.6308E-42
  6.8559E+02  5.6281E-42
  6.8596E+02  5.6254E-42
  6.8634E+02  5.6227E-42
  6.8671E+02  5.6199E-42
  6.8709E+02  5.6172E-42
  6.8746E+02  5.6145E-42
  6.8784E+02  5.6118E-42
  6.8821E+02  5.6091E-42
  6.8859E+02  5.6064E-42
  6.8896E+02  5.6037E-42
  6.8934E+02  5.6010E-42
  6.8971E+02  5.5983E-42
  6.9009E+02  5.5956E-42
  6.9046E+02  5.5929E-42
  6.9084E+02  5.5902E-42
  6.9121E+02  5.5875E-42
  6.9159E+02  5.5849E-42
  6.9196E+02  5.5822E-42
  6.9234E+02  5.5795E-42
  6.9271E+02  5.5768E-42
  6.9309E+02  5.5741E-42
  6.9346E+02  5.5715E-42
  6.9384E+02  5.5688E-42
  6.9421E+02  5.5661E-42
  6.9459E+02  5.5634E-42
  6.9496E+02  5.5608E-42
  6.9534E+02  5.5581E-42
  6.9571E+02  5.5555E-42
  6.9609E+02  5.5528E-42
  6.9646E+02  5.5501E-42
  6.9684E+02  5.5475E-42
  6.9721E+02  5.5448E-42
  6.9759E+02  5.5422E-42
  6.9796E+02  5.5395E-42
  6.9834E+02  5.5369E-42
  6.9871E+02  5.5342E-42
  6.9909E+02  5.5316E-42
  6.9946E+02  5.5289E-42
  6.9984E+02  5.5263E-42
  7.0021E+02  5.5237E-42
  7.0059E+02  5.5210E-42
  7.0096E+02  5.5184E-42
  7.0134E+02  5.5158E-42
  7.0171E+02  5.5131E-42
  7.0209E+02  5.5105E-42
  7.0246E+02  5.5079E-42
  7.0284E+02  5.5053E-42
  7.0321E+02  5.5026E-42
  7.0359E+02  5.5000E-42
  7.0396E+02  5.4974E-42
  7.0434E+02  5.4948E-42
  7.0471E+02  5.4922E-42
  7.0509E+02  5.4896E-42
  7.0546E+02  5.4870E-42
  7.0584E+02  5.4844E-42
  7.0621E+02  5.4817E-42
  7.0659E+02  5.4791E-42
  7.0696E+02  5.4765E-42
  7.0734E+02  5.4739E-42
  7.0771E+02  5.4714E-42
  7.0809E+02  5.4688E-42
  7.0846E+02  5.4662E-42
  7.0884E+02  5.4636E-42
  7.0921E+02  5.4610E-42
  7.0959E+02  5.4584E-42
  7.0996E+02  5.4558E-42
  7.1034E+02  5.4532E-42
  7.1071E+02  5.4507E-42
  7.1109E+02  5.4481E-42
  7.1146E+02  5.4455E-42
  7.1184E+02  5.4429E-42
  7.1221E+02  5.4404E-42
  7.1259E+02  5.4378E-42
  7.1296E+02  5.4352E-42
  7.1334E+02  5.4326E-42
  7.1371E+02  5.4301E-42
  7.1409E+02  5.4275E-42
  7.1446E+02  5.4250E-42
  7.1484E+02  5.4224E-42
  7.1521E+02  5.4198E-42
  7.1559E+02  5.4173E-42
  7.1596E+02  5.4147E-42
  7.1634E+02  5.4122E-42
  7.1671E+02  5.4096E-42
  7.1709E+02  5.4071E-42
  7.1746E+02  5.4045E-42
  7.1784E+02  5.4020E-42
  7.1821E+02  5.3995E-42
  7.1859E+02  5.3969E-42
  7.1896E+02  5.3944E-42
  7.1934E+02  5.3919E-42
  7.1971E+02  5.3893E-42
  7.2009E+02  5.3868E-42
  7.2047E+02  5.3843E-42
  7.2084E+02  5.3817E-42
  7.2122E+02  5.3792E-42
  7.2159E+02  5.3767E-42
  7.2197E+02  5.3742E-42
  7.2234E+02  5.3716E-42
  7.2272E+02  5.3691E-42
  7.2309E+02  5.3666E-42
  7.2347E+02  5.3641E-42
  7.2384E+02  5.3616E-42
  7.2422E+02  5.3591E-42
  7.2459E+02  5.3566E-42
  7.2497E+02  5.3541E-42
  7.2534E+02  5.3516E-42
  7.2572E+02  5.3491E-42
  7.2609E+02  5.3466E-42
  7.2647E+02  5.3441E-42
  7.2684E+02  5.3416E-42
  7.2722E+02  5.3391E-42
  7.2759E+02  5.3366E-42
  7.2797E+02  5.3341E-42
  7.2834E+02  5.3316E-42
  7.2872E+02  5.3291E-42
  7.2909E+02  5.3266E-42
  7.2947E+02  5.3242E-42
  7.2984E+02  5.3217E-42
  7.3022E+02  5.3192E-42
  7.3059E+02  5.3167E-42
  7.3097E+02  5.3142E-42
  7.3134E+02  5.3118E-42
  7.3172E+02  5.3093E-42
  7.3209E+02  5.3068E-42
  7.3247E+02  5.3044E-42
  7.3284E+02  5.3019E-42
  7.3322E+02  5.2994E-42
  7.3359E+02  5.2970E-42
  7.3397E+02  5.2945E-42
  7.3434E+02  5.2920E-42
  7.3472E+02  5.2896E-42
  7.3509E+02  5.2871E-42
  7.3547E+02  5.2847E-42
  7.3584E+02  5.2822E-42
  7.3622E+02  5.2798E-42
  7.3659E+02  5.2773E-42
  7.3697E+02  5.2749E-42
  7.3734E+02  5.2725E-42
  7.3772E+02  5.2700E-42
  7.3809E+02  5.2676E-42
  7.3847E+02  5.2651E-42
  7.3884E+02  5.2627E-42
  7.3922E+02  5.2603E-42
  7.3959E+02  5.2578E-42
  7.3997E+02  5.2554E-42
  7.4034E+02  5.2530E-42
  7.4072E+02  5.2505E-42
  7.4109E+02  5.2481E-42
  7.4147E+02  5.2457E-42
  7.4184E+02  5.2433E-42
  7.4222E+02  5.2409E-42
  7.4259E+02  5.2384E-42
  7.4297E+02  5.2360E-42
  7.4334E+02  5.2336E-42
  7.4372E+02  5.2312E-42
  7.4409E+02  5.2288E-42
  7.4447E+02  5.2264E-42
  7.4484E+02  5.2240E-42
  7.4522E+02  5.2216E-42
  7.4559E+02  5.2192E-42
  7.4597E+02  5.2168E-42
  7.4634E+02  5.2144E-42
  7.4672E+02  5.2120E-42
  7.4709E+02  5.2096E-42
  7.4747E+02  5.2072E-42
  7.4784E+02  5.2048E-42
  7.4822E+02  5.2024E-42
  7.4859E+02  5.2000E-42
  7.4897E+02  5.1976E-42
  7.4934E+02  5.1952E-42
  7.4972E+02  5.1929E-42
  7.5009E+02  5.1905E-42
  7.5047E+02  5.1881E-42
  7.5084E+02  5.1857E-42
  7.5122E+02  5.1833E-42
  7.5159E+02  5.1810E-42
  7.5197E+02  5.1786E-42
  7.5234E+02  5.1762E-42
  7.5272E+02  5.1739E-42
  7.5309E+02  5.1715E-42
  7.5347E+02  5.1691E-42
  7.5384E+02  5.1668E-42
  7.5422E+02  5.1644E-42
  7.5459E+02  5.1620E-42
  7.5497E+02  5.1597E-42
  7.5534E+02  5.1573E-42
  7.5572E+02  5.1550E-42
  7.5609E+02  5.1526E-42
  7.5647E+02  5.1503E-42
  7.5684E+02  5.1479E-42
  7.5722E+02  5.1456E-42
  7.5759E+02  5.1432E-42
  7.5797E+02  5.1409E-42
  7.5834E+02  5.1385E-42
  7.5872E+02  5.1362E-42
  7.5909E+02  5.1339E-42
  7.5947E+02  5.1315E-42
  7.5984E+02  5.1292E-42
  7.6022E+02  5.1269E-42
  7.6060E+02  5.1245E-42
  7.6097E+02  5.1222E-42
  7.6135E+02  5.1199E-42
  7.6172E+02  5.1175E-42
  7.6210E+02  5.1152E-42
  7.6247E+02  5.1129E-42
  7.6285E+02  5.1106E-42
  7.6322E+02  5.1083E-42
  7.6360E+02  5.1059E-42
  7.6397E+02  5.1036E-42
  7.6435E+02  5.1013E-42
  7.6472E+02  5.0990E-42
  7.6510E+02  5.0967E-42
  7.6547E+02  5.0944E-42
  7.6585E+02  5.0921E-42
  7.6622E+02  5.0898E-42
  7.6660E+02  5.0875E-42
  7.6697E+02  5.0852E-42
  7.6735E+02  5.0829E-42
  7.6772E+02  5.0806E-42
  7.6810E+02  5.0783E-42
  7.6847E+02  5.0760E-42
  7.6885E+02  5.0737E-42
  7.6922E+02  5.0714E-42
  7.6960E+02  5.0691E-42
  7.6997E+02  5.0668E-42
  7.7035E+02  5.0645E-42
  7.7072E+02  5.0622E-42
  7.7110E+02  5.0599E-42
  7.7147E+02  5.0577E-42
  7.7185E+02  5.0554E-42
  7.7222E+02  5.0531E-42
  7.7260E+02  5.0508E-42
  7.7297E+02  5.0486E-42
  7.7335E+02  5.0463E-42
  7.7372E+02  5.0440E-42
  7.7410E+02  5.0417E-42
  7.7447E+02  5.0395E-42
  7.7485E+02  5.0372E-42
  7.7522E+02  5.0349E-42
  7.7560E+02  5.0327E-42
  7.7597E+02  5.0304E-42
  7.7635E+02  5.0282E-42
  7.7672E+02  5.0259E-42
  7.7710E+02  5.0236E-42
  7.7747E+02  5.0214E-42
  7.7785E+02  5.0191E-42
  7.7822E+02  5.0169E-42
  7.7860E+02  5.0146E-42
  7.7897E+02  5.0124E-42
  7.7935E+02  5.0101E-42
  7.7972E+02  5.0079E-42
  7.8010E+02  5.0056E-42
  7.8047E+02  5.0034E-42
  7.8085E+02  5.0012E-42
  7.8122E+02  4.9989E-42
  7.8160E+02  4.9967E-42
  7.8197E+02  4.9945E-42
  7.8235E+02  4.9922E-42
  7.8272E+02  4.9900E-42
  7.8310E+02  4.9878E-42
  7.8347E+02  4.9855E-42
  7.8385E+02  4.9833E-42
  7.8422E+02  4.9811E-42
  7.8460E+02  4.9789E-42
  7.8497E+02  4.9766E-42
  7.8535E+02  4.9744E-42
  7.8572E+02  4.9722E-42
  7.8610E+02  4.9700E-42
  7.8647E+02  4.9678E-42
  7.8685E+02  4.9655E-42
  7.8722E+02  4.9633E-42
  7.8760E+02  4.9611E-42
  7.8797E+02  4.9589E-42
  7.8835E+02  4.9567E-42
  7.8872E+02  4.9545E-42
  7.8910E+02  4.9523E-42
  7.8947E+02  4.9501E-42
  7.8985E+02  4.9479E-42
  7.9022E+02  4.9457E-42
  7.9060E+02  4.9435E-42
  7.9097E+02  4.9413E-42
  7.9135E+02  4.9391E-42
  7.9172E+02  4.9369E-42
  7.9210E+02  4.9347E-42
  7.9247E+02  4.9325E-42
  7.9285E+02  4.9303E-42
  7.9322E+02  4.9282E-42
  7.9360E+02  4.9260E-42
  7.9397E+02  4.9238E-42
  7.9435E+02  4.9216E-42
  7.9472E+02  4.9194E-42
  7.9510E+02  4.9172E-42
  7.9547E+02  4.9151E-42
  7.9585E+02  4.9129E-42
  7.9622E+02  4.9107E-42
  7.9660E+02  4.9085E-42
  7.9697E+02  4.9064E-42
  7.9735E+02  4.9042E-42
  7.9772E+02  4.9020E-42
  7.9810E+02  4.8999E-42
  7.9847E+02  4.8977E-42
  7.9885E+02  4.8955E-42
  7.9922E+02  4.8934E-42
  7.9960E+02  4.8912E-42
  7.9997E+02  4.8891E-42
  8.0035E+02  4.8869E-42
  8.0073E+02  4.8848E-42
  8.0110E+02  4.8826E-42
  8.0148E+02  4.8804E-42
  8.0185E+02  4.8783E-42
  8.0223E+02  4.8761E-42
  8.0260E+02  4.8740E-42
  8.0298E+02  4.8719E-42
  8.0335E+02  4.8697E-42
  8.0373E+02  4.8676E-42
  8.0410E+02  4.8654E-42
  8.0448E+02  4.8633E-42
  8.0485E+02  4.8611E-42
  8.0523E+02  4.8590E-42
  8.0560E+02  4.8569E-42
  8.0598E+02  4.8547E-42
  8.0635E+02  4.8526E-42
  8.0673E+02  4.8505E-42
  8.0710E+02  4.8483E-42
  8.0748E+02  4.8462E-42
  8.0785E+02  4.8441E-42
  8.0823E+02  4.8420E-42
  8.0860E+02  4.8398E-42
  8.0898E+02  4.8377E-42
  8.0935E+02  4.8356E-42
  8.0973E+02  4.8335E-42
  8.1010E+02  4.8314E-42
  8.1048E+02  4.8293E-42
  8.1085E+02  4.8271E-42
  8.1123E+02  4.8250E-42
  8.1160E+02  4.8229E-42
  8.1198E+02  4.8208E-42
  8.1235E+02  4.8187E-42
  8.1273E+02  4.8166E-42
  8.1310E+02  4.8145E-42
  8.1348E+02  4.8124E-42
  8.1385E+02  4.8103E-42
  8.1423E+02  4.8082E-42
  8.1460E+02  4.8061E-42
  8.1498E+02  4.8040E-42
  8.1535E+02  4.8019E-42
  8.1573E+02  4.7998E-42
  8.1610E+02  4.7977E-42
  8.1648E+02  4.7956E-42
  8.1685E+02  4.7935E-42
  8.1723E+02  4.7914E-42
  8.1760E+02  4.7894E-42
  8.1798E+02  4.7873E-42
  8.1835E+02  4.7852E-42
  8.1873E+02  4.7831E-42
  8.1910E+02  4.7810E-42
  8.1948E+02  4.7789E-42
  8.1985E+02  4.7769E-42
  8.2023E+02  4.7748E-42
  8.2060E+02  4.7727E-42
  8.2098E+02  4.7706E-42
  8.2135E+02  4.7686E-42
  8.2173E+02  4.7665E-42
  8.2210E+02  4.7644E-42
  8.2248E+02  4.7624E-42
  8.2285E+02  4.7603E-42
  8.2323E+02  4.7582E-42
  8.2360E+02  4.7562E-42
  8.2398E+02  4.7541E-42
  8.2435E+02  4.7520E-42
  8.2473E+02  4.7500E-42
  8.2510E+02  4.7479E-42
  8.2548E+02  4.7459E-42
  8.2585E+02  4.7438E-42
  8.2623E+02  4.7418E-42
  8.2660E+02  4.7397E-42
  8.2698E+02  4.7377E-42
  8.2735E+02  4.7356E-42
  8.2773E+02  4.7336E-42
  8.2810E+02  4.7315E-42
  8.2848E+02  4.7295E-42
  8.2885E+02  4.7274E-42
  8.2923E+02  4.7254E-42
  8.2960E+02  4.7234E-42
  8.2998E+02  4.7213E-42
  8.3035E+02  4.7193E-42
  8.3073E+02  4.7173E-42
  8.3110E+02  4.7152E-42
  8.3148E+02  4.7132E-42
  8.3185E+02  4.7112E-42
  8.3223E+02  4.7091E-42
  8.3260E+02  4.7071E-42
  8.3298E+02  4.7051E-42
  8.3335E+02  4.7030E-42
  8.3373E+02  4.7010E-42
  8.3410E+02  4.6990E-42
  8.3448E+02  4.6970E-42
  8.3485E+02  4.6950E-42
  8.3523E+02  4.6929E-42
  8.3560E+02  4.6909E-42
  8.3598E+02  4.6889E-42
  8.3635E+02  4.6869E-42
  8.3673E+02  4.6849E-42
  8.3710E+02  4.6829E-42
  8.3748E+02  4.6809E-42
  8.3785E+02  4.6789E-42
  8.3823E+02  4.6768E-42
  8.3860E+02  4.6748E-42
  8.3898E+02  4.6728E-42
  8.3935E+02  4.6708E-42
  8.3973E+02  4.6688E-42
  8.4011E+02  4.6668E-42
  8.4048E+02  4.6648E-42
  8.4086E+02  4.6628E-42
  8.4123E+02  4.6608E-42
  8.4161E+02  4.6588E-42
  8.4198E+02  4.6569E-42
  8.4236E+02  4.6549E-42
  8.4273E+02  4.6529E-42
  8.4311E+02  4.6509E-42
  8.4348E+02  4.6489E-42
  8.4386E+02  4.6469E-42
  8.4423E+02  4.6449E-42
  8.4461E+02  4.6429E-42
  8.4498E+02  4.6410E-42
  8.4536E+02  4.6390E-42
  8.4573E+02  4.6370E-42
  8.4611E+02  4.6350E-42
  8.4648E+02  4.6330E-42
  8.4686E+02  4.6311E-42
  8.4723E+02  4.6291E-42
  8.4761E+02  4.6271E-42
  8.4798E+02  4.6252E-42
  8.4836E+02  4.6232E-42
  8.4873E+02  4.6212E-42
  8.4911E+02  4.6193E-42
  8.4948E+02  4.6173E-42
  8.4986E+02  4.6153E-42
  8.5023E+02  4.6134E-42
  8.5061E+02  4.6114E-42
  8.5098E+02  4.6094E-42
  8.5136E+02  4.6075E-42
  8.5173E+02  4.6055E-42
  8.5211E+02  4.6036E-42
  8.5248E+02  4.6016E-42
  8.5286E+02  4.5997E-42
  8.5323E+02  4.5977E-42
  8.5361E+02  4.5958E-42
  8.5398E+02  4.5938E-42
  8.5436E+02  4.5919E-42
  8.5473E+02  4.5899E-42
  8.5511E+02  4.5880E-42
  8.5548E+02  4.5860E-42
  8.5586E+02  4.5841E-42
  8.5623E+02  4.5821E-42
  8.5661E+02  4.5802E-42
  8.5698E+02  4.5783E-42
  8.5736E+02  4.5763E-42
  8.5773E+02  4.5744E-42
  8.5811E+02  4.5725E-42
  8.5848E+02  4.5705E-42
  8.5886E+02  4.5686E-42
  8.5923E+02  4.5667E-42
  8.5961E+02  4.5647E-42
  8.5998E+02  4.5628E-42
  8.6036E+02  4.5609E-42
  8.6073E+02  4.5590E-42
  8.6111E+02  4.5570E-42
  8.6148E+02  4.5551E-42
  8.6186E+02  4.5532E-42
  8.6223E+02  4.5513E-42
  8.6261E+02  4.5494E-42
  8.6298E+02  4.5474E-42
  8.6336E+02  4.5455E-42
  8.6373E+02  4.5436E-42
  8.6411E+02  4.5417E-42
  8.6448E+02  4.5398E-42
  8.6486E+02  4.5379E-42
  8.6523E+02  4.5360E-42
  8.6561E+02  4.5341E-42
  8.6598E+02  4.5322E-42
  8.6636E+02  4.5302E-42
  8.6673E+02  4.5283E-42
  8.6711E+02  4.5264E-42
  8.6748E+02  4.5245E-42
  8.6786E+02  4.5226E-42
  8.6823E+02  4.5207E-42
  8.6861E+02  4.5188E-42
  8.6898E+02  4.5170E-42
  8.6936E+02  4.5151E-42
  8.6973E+02  4.5132E-42
  8.7011E+02  4.5113E-42
  8.7048E+02  4.5094E-42
  8.7086E+02  4.5075E-42
  8.7123E+02  4.5056E-42
  8.7161E+02  4.5037E-42
  8.7198E+02  4.5018E-42
  8.7236E+02  4.4999E-42
  8.7273E+02  4.4981E-42
  8.7311E+02  4.4962E-42
  8.7348E+02  4.4943E-42
  8.7386E+02  4.4924E-42
  8.7423E+02  4.4905E-42
  8.7461E+02  4.4887E-42
  8.7498E+02  4.4868E-42
  8.7536E+02  4.4849E-42
  8.7573E+02  4.4830E-42
  8.7611E+02  4.4812E-42
  8.7648E+02  4.4793E-42
  8.7686E+02  4.4774E-42
  8.7723E+02  4.4756E-42
  8.7761E+02  4.4737E-42
  8.7798E+02  4.4718E-42
  8.7836E+02  4.4700E-42
  8.7873E+02  4.4681E-42
  8.7911E+02  4.4663E-42
  8.7948E+02  4.4644E-42
  8.7986E+02  4.4625E-42
  8.8024E+02  4.4607E-42
  8.8061E+02  4.4588E-42
  8.8099E+02  4.4570E-42
  8.8136E+02  4.4551E-42
  8.8174E+02  4.4533E-42
  8.8211E+02  4.4514E-42
  8.8249E+02  4.4496E-42
  8.8286E+02  4.4477E-42
  8.8324E+02  4.4459E-42
  8.8361E+02  4.4440E-42
  8.8399E+02  4.4422E-42
  8.8436E+02  4.4403E-42
  8.8474E+02  4.4385E-42
  8.8511E+02  4.4366E-42
  8.8549E+02  4.4348E-42
  8.8586E+02  4.4330E-42
  8.8624E+02  4.4311E-42
  8.8661E+02  4.4293E-42
  8.8699E+02  4.4275E-42
  8.8736E+02  4.4256E-42
  8.8774E+02  4.4238E-42
  8.8811E+02  4.4220E-42
  8.8849E+02  4.4201E-42
  8.8886E+02  4.4183E-42
  8.8924E+02  4.4165E-42
  8.8961E+02  4.4147E-42
  8.8999E+02  4.4128E-42
  8.9036E+02  4.4110E-42
  8.9074E+02  4.4092E-42
  8.9111E+02  4.4074E-42
  8.9149E+02  4.4055E-42
  8.9186E+02  4.4037E-42
  8.9224E+02  4.4019E-42
  8.9261E+02  4.4001E-42
  8.9299E+02  4.3983E-42
  8.9336E+02  4.3965E-42
  8.9374E+02  4.3947E-42
  8.9411E+02  4.3928E-42
  8.9449E+02  4.3910E-42
  8.9486E+02  4.3892E-42
  8.9524E+02  4.3874E-42
  8.9561E+02  4.3856E-42
  8.9599E+02  4.3838E-42
  8.9636E+02  4.3820E-42
  8.9674E+02  4.3802E-42
  8.9711E+02  4.3784E-42
  8.9749E+02  4.3766E-42
  8.9786E+02  4.3748E-42
  8.9824E+02  4.3730E-42
  8.9861E+02  4.3712E-42
  8.9899E+02  4.3694E-42
  8.9936E+02  4.3676E-42
  8.9974E+02  4.3658E-42
  9.0011E+02  4.3640E-42
  9.0049E+02  4.3622E-42
  9.0086E+02  4.3604E-42
  9.0124E+02  4.3587E-42
  9.0161E+02  4.3569E-42
  9.0199E+02  4.3551E-42
  9.0236E+02  4.3533E-42
  9.0274E+02  4.3515E-42
  9.0311E+02  4.3497E-42
  9.0349E+02  4.3480E-42
  9.0386E+02  4.3462E-42
  9.0424E+02  4.3444E-42
  9.0461E+02  4.3426E-42
  9.0499E+02  4.3408E-42
  9.0536E+02  4.3391E-42
  9.0574E+02  4.3373E-42
  9.0611E+02  4.3355E-42
  9.0649E+02  4.3337E-42
  9.0686E+02  4.3320E-42
  9.0724E+02  4.3302E-42
  9.0761E+02  4.3284E-42
  9.0799E+02  4.3267E-42
  9.0836E+02  4.3249E-42
  9.0874E+02  4.3231E-42
  9.0911E+02  4.3214E-42
  9.0949E+02  4.3196E-42
  9.0986E+02  4.3179E-42
  9.1024E+02  4.3161E-42
  9.1061E+02  4.3143E-42
  9.1099E+02  4.3126E-42
  9.1136E+02  4.3108E-42
  9.1174E+02  4.3091E-42
  9.1211E+02  4.3073E-42
  9.1249E+02  4.3056E-42
  9.1286E+02  4.3038E-42
  9.1324E+02  4.3021E-42
  9.1361E+02  4.3003E-42
  9.1399E+02  4.2986E-42
  9.1436E+02  4.2968E-42
  9.1474E+02  4.2951E-42
  9.1511E+02  4.2933E-42
  9.1549E+02  4.2916E-42
  9.1586E+02  4.2898E-42
  9.1624E+02  4.2881E-42
  9.1661E+02  4.2864E-42
  9.1699E+02  4.2846E-42
  9.1736E+02  4.2829E-42
  9.1774E+02  4.2811E-42
  9.1811E+02  4.2794E-42
  9.1849E+02  4.2777E-42
  9.1886E+02  4.2759E-42
  9.1924E+02  4.2742E-42
  9.1961E+02  4.2725E-42
  9.1999E+02  4.2708E-42
  9.2037E+02  4.2690E-42
  9.2074E+02  4.2673E-42
  9.2112E+02  4.2656E-42
  9.2149E+02  4.2638E-42
  9.2187E+02  4.2621E-42
  9.2224E+02  4.2604E-42
  9.2262E+02  4.2587E-42
  9.2299E+02  4.2570E-42
  9.2337E+02  4.2552E-42
  9.2374E+02  4.2535E-42
  9.2412E+02  4.2518E-42
  9.2449E+02  4.2501E-42
  9.2487E+02  4.2484E-42
  9.2524E+02  4.2467E-42
  9.2562E+02  4.2449E-42
  9.2599E+02  4.2432E-42
  9.2637E+02  4.2415E-42
  9.2674E+02  4.2398E-42
  9.2712E+02  4.2381E-42
  9.2749E+02  4.2364E-42
  9.2787E+02  4.2347E-42
  9.2824E+02  4.2330E-42
  9.2862E+02  4.2313E-42
  9.2899E+02  4.2296E-42
  9.2937E+02  4.2279E-42
  9.2974E+02  4.2262E-42
  9.3012E+02  4.2245E-42
  9.3049E+02  4.2228E-42
  9.3087E+02  4.2211E-42
  9.3124E+02  4.2194E-42
  9.3162E+02  4.2177E-42
  9.3199E+02  4.2160E-42
  9.3237E+02  4.2143E-42
  9.3274E+02  4.2126E-42
  9.3312E+02  4.2109E-42
  9.3349E+02  4.2092E-42
  9.3387E+02  4.2076E-42
  9.3424E+02  4.2059E-42
  9.3462E+02  4.2042E-42
  9.3499E+02  4.2025E-42
  9.3537E+02  4.2008E-42
  9.3574E+02  4.1991E-42
  9.3612E+02  4.1974E-42
  9.3649E+02  4.1958E-42
  9.3687E+02  4.1941E-42
  9.3724E+02  4.1924E-42
  9.3762E+02  4.1907E-42
  9.3799E+02  4.1891E-42
  9.3837E+02  4.1874E-42
  9.3874E+02  4.1857E-42
  9.3912E+02  4.1840E-42
  9.3949E+02  4.1824E-42
  9.3987E+02  4.1807E-42
  9.4024E+02  4.1790E-42
  9.4062E+02  4.1774E-42
  9.4099E+02  4.1757E-42
  9.4137E+02  4.1740E-42
  9.4174E+02  4.1724E-42
  9.4212E+02  4.1707E-42
  9.4249E+02  4.1690E-42
  9.4287E+02  4.1674E-42
  9.4324E+02  4.1657E-42
  9.4362E+02  4.1641E-42
  9.4399E+02  4.1624E-42
  9.4437E+02  4.1607E-42
  9.4474E+02  4.1591E-42
  9.4512E+02  4.1574E-42
  9.4549E+02  4.1558E-42
  9.4587E+02  4.1541E-42
  9.4624E+02  4.1525E-42
  9.4662E+02  4.1508E-42
  9.4699E+02  4.1492E-42
  9.4737E+02  4.1475E-42
  9.4774E+02  4.1459E-42
  9.4812E+02  4.1442E-42
  9.4849E+02  4.1426E-42
  9.4887E+02  4.1409E-42
  9.4924E+02  4.1393E-42
  9.4962E+02  4.1376E-42
  9.4999E+02  4.1360E-42
  9.5037E+02  4.1344E-42
  9.5074E+02  4.1327E-42
  9.5112E+02  4.1311E-42
  9.5149E+02  4.1294E-42
  9.5187E+02  4.1278E-42
  9.5224E+02  4.1262E-42
  9.5262E+02  4.1245E-42
  9.5299E+02  4.1229E-42
  9.5337E+02  4.1213E-42
  9.5374E+02  4.1196E-42
  9.5412E+02  4.1180E-42
  9.5449E+02  4.1164E-42
  9.5487E+02  4.1148E-42
  9.5524E+02  4.1131E-42
  9.5562E+02  4.1115E-42
  9.5599E+02  4.1099E-42
  9.5637E+02  4.1083E-42
  9.5674E+02  4.1066E-42
  9.5712E+02  4.1050E-42
  9.5749E+02  4.1034E-42
  9.5787E+02  4.1018E-42
  9.5824E+02  4.1002E-42
  9.5862E+02  4.0985E-42
  9.5899E+02  4.0969E-42
  9.5937E+02  4.0953E-42
  9.5974E+02  4.0937E-42
  9.6012E+02  4.0921E-42
  9.6050E+02  4.0905E-42
  9.6087E+02  4.0889E-42
  9.6125E+02  4.0873E-42
  9.6162E+02  4.0856E-42
  9.6200E+02  4.0840E-42
  9.6237E+02  4.0824E-42
  9.6275E+02  4.0808E-42
  9.6312E+02  4.0792E-42
  9.6350E+02  4.0776E-42
  9.6387E+02  4.0760E-42
  9.6425E+02  4.0744E-42
  9.6462E+02  4.0728E-42
  9.6500E+02  4.0712E-42
  9.6537E+02  4.0696E-42
  9.6575E+02  4.0680E-42
  9.6612E+02  4.0664E-42
  9.6650E+02  4.0648E-42
  9.6687E+02  4.0632E-42
  9.6725E+02  4.0616E-42
  9.6762E+02  4.0600E-42
  9.6800E+02  4.0585E-42
  9.6837E+02  4.0569E-42
  9.6875E+02  4.0553E-42
  9.6912E+02  4.0537E-42
  9.6950E+02  4.0521E-42
  9.6987E+02  4.0505E-42
  9.7025E+02  4.0489E-42
  9.7062E+02  4.0473E-42
  9.7100E+02  4.0458E-42
  9.7137E+02  4.0442E-42
  9.7175E+02  4.0426E-42
  9.7212E+02  4.0410E-42
  9.7250E+02  4.0394E-42
  9.7287E+02  4.0379E-42
  9.7325E+02  4.0363E-42
  9.7362E+02  4.0347E-42
  9.7400E+02  4.0331E-42
  9.7437E+02  4.0316E-42
  9.7475E+02  4.0300E-42
  9.7512E+02  4.0284E-42
  9.7550E+02  4.0268E-42
  9.7587E+02  4.0253E-42
  9.7625E+02  4.0237E-42
  9.7662E+02  4.0221E-42
  9.7700E+02  4.0206E-42
  9.7737E+02  4.0190E-42
  9.7775E+02  4.0174E-42
  9.7812E+02  4.0159E-42
  9.7850E+02  4.0143E-42
  9.7887E+02  4.0127E-42
  9.7925E+02  4.0112E-42
  9.7962E+02  4.0096E-42
  9.8000E+02  4.0081E-42
  9.8037E+02  4.0065E-42
  9.8075E+02  4.0049E-42
  9.8112E+02  4.0034E-42
  9.8150E+02  4.0018E-42
  9.8187E+02  4.0003E-42
  9.8225E+02  3.9987E-42
  9.8262E+02  3.9972E-42
  9.8300E+02  3.9956E-42
  9.8337E+02  3.9941E-42
  9.8375E+02  3.9925E-42
  9.8412E+02  3.9910E-42
  9.8450E+02  3.9894E-42
  9.8487E+02  3.9879E-42
  9.8525E+02  3.9863E-42
  9.8562E+02  3.9848E-42
  9.8600E+02  3.9833E-42
  9.8637E+02  3.9817E-42
  9.8675E+02  3.9802E-42
  9.8712E+02  3.9786E-42
  9.8750E+02  3.9771E-42
  9.8787E+02  3.9755E-42
  9.8825E+02  3.9740E-42
  9.8862E+02  3.9725E-42
  9.8900E+02  3.9709E-42
  9.8937E+02  3.9694E-42
  9.8975E+02  3.9679E-42
  9.9012E+02  3.9663E-42
  9.9050E+02  3.9648E-42
  9.9087E+02  3.9633E-42
  9.9125E+02  3.9617E-42
  9.9162E+02  3.9602E-42
  9.9200E+02  3.9587E-42
  9.9237E+02  3.9572E-42
  9.9275E+02  3.9556E-42
  9.9312E+02  3.9541E-42
  9.9350E+02  3.9526E-42
  9.9387E+02  3.9511E-42
  9.9425E+02  3.9495E-42
  9.9462E+02  3.9480E-42
  9.9500E+02  3.9465E-42
  9.9537E+02  3.9450E-42
  9.9575E+02  3.9435E-42
  9.9612E+02  3.9419E-42
  9.9650E+02  3.9404E-42
  9.9687E+02  3.9389E-42
  9.9725E+02  3.9374E-42
  9.9762E+02  3.9359E-42
  9.9800E+02  3.9344E-42
  9.9837E+02  3.9329E-42
  9.9875E+02  3.9314E-42
  9.9912E+02  3.9298E-42
  9.9950E+02  3.9283E-42
  9.9987E+02  3.9268E-42
  1.0003E+03  3.9253E-42
  1.0006E+03  3.9238E-42
  1.0010E+03  3.9223E-42
  1.0014E+03  3.9208E-42
  1.0018E+03  3.9193E-42
  1.0021E+03  3.9178E-42
  1.0025E+03  3.9163E-42
  1.0029E+03  3.9148E-42
  1.0033E+03  3.9133E-42
  1.0036E+03  3.9118E-42
  1.0040E+03  3.9103E-42
  1.0044E+03  3.9088E-42
  1.0048E+03  3.9073E-42
  1.0051E+03  3.9058E-42
  1.0055E+03  3.9043E-42
  1.0059E+03  3.9028E-42
  1.0063E+03  3.9013E-42
  1.0066E+03  3.8998E-42
  1.0070E+03  3.8984E-42
  1.0074E+03  3.8969E-42
  1.0078E+03  3.8954E-42
  1.0081E+03  3.8939E-42
  1.0085E+03  3.8924E-42
  1.0089E+03  3.8909E-42
  1.0093E+03  3.8894E-42
  1.0096E+03  3.8879E-42
  1.0100E+03  3.8865E-42
  1.0104E+03  3.8850E-42
  1.0108E+03  3.8835E-42
  1.0111E+03  3.8820E-42
  1.0115E+03  3.8805E-42
  1.0119E+03  3.8791E-42
  1.0123E+03  3.8776E-42
  1.0126E+03  3.8761E-42
  1.0130E+03  3.8746E-42
  1.0134E+03  3.8732E-42
  1.0138E+03  3.8717E-42
  1.0141E+03  3.8702E-42
  1.0145E+03  3.8687E-42
  1.0149E+03  3.8673E-42
  1.0153E+03  3.8658E-42
  1.0156E+03  3.8643E-42
  1.0160E+03  3.8629E-42
  1.0164E+03  3.8614E-42
  1.0168E+03  3.8599E-42
  1.0171E+03  3.8585E-42
  1.0175E+03  3.8570E-42
  1.0179E+03  3.8555E-42
  1.0183E+03  3.8541E-42
  1.0186E+03  3.8526E-42
  1.0190E+03  3.8512E-42
  1.0194E+03  3.8497E-42
  1.0198E+03  3.8482E-42
  1.0201E+03  3.8468E-42
  1.0205E+03  3.8453E-42
  1.0209E+03  3.8439E-42
  1.0213E+03  3.8424E-42
  1.0216E+03  3.8410E-42
  1.0220E+03  3.8395E-42
  1.0224E+03  3.8381E-42
  1.0228E+03  3.8366E-42
  1.0231E+03  3.8351E-42
  1.0235E+03  3.8337E-42
  1.0239E+03  3.8322E-42
  1.0243E+03  3.8308E-42
  1.0246E+03  3.8294E-42
  1.0250E+03  3.8279E-42
  1.0254E+03  3.8265E-42
  1.0258E+03  3.8250E-42
  1.0261E+03  3.8236E-42
  1.0265E+03  3.8221E-42
  1.0269E+03  3.8207E-42
  1.0273E+03  3.8192E-42
  1.0276E+03  3.8178E-42
  1.0280E+03  3.8164E-42
  1.0284E+03  3.8149E-42
  1.0288E+03  3.8135E-42
  1.0291E+03  3.8121E-42
  1.0295E+03  3.8106E-42
  1.0299E+03  3.8092E-42
  1.0303E+03  3.8078E-42
  1.0306E+03  3.8063E-42
  1.0310E+03  3.8049E-42
  1.0314E+03  3.8035E-42
  1.0318E+03  3.8020E-42
  1.0321E+03  3.8006E-42
  1.0325E+03  3.7992E-42
  1.0329E+03  3.7977E-42
  1.0333E+03  3.7963E-42
  1.0336E+03  3.7949E-42
  1.0340E+03  3.7935E-42
  1.0344E+03  3.7920E-42
  1.0348E+03  3.7906E-42
  1.0351E+03  3.7892E-42
  1.0355E+03  3.7878E-42
  1.0359E+03  3.7863E-42
  1.0363E+03  3.7849E-42
  1.0366E+03  3.7835E-42
  1.0370E+03  3.7821E-42
  1.0374E+03  3.7807E-42
  1.0378E+03  3.7793E-42
  1.0381E+03  3.7778E-42
  1.0385E+03  3.7764E-42
  1.0389E+03  3.7750E-42
  1.0393E+03  3.7736E-42
  1.0396E+03  3.7722E-42
  1.0400E+03  3.7708E-42
  1.0404E+03  3.7694E-42
  1.0408E+03  3.7680E-42
  1.0411E+03  3.7665E-42
  1.0415E+03  3.7651E-42
  1.0419E+03  3.7637E-42
  1.0423E+03  3.7623E-42
  1.0426E+03  3.7609E-42
  1.0430E+03  3.7595E-42
  1.0434E+03  3.7581E-42
  1.0438E+03  3.7567E-42
  1.0441E+03  3.7553E-42
  1.0445E+03  3.7539E-42
  1.0449E+03  3.7525E-42
  1.0453E+03  3.7511E-42
  1.0456E+03  3.7497E-42
  1.0460E+03  3.7483E-42
  1.0464E+03  3.7469E-42
  1.0468E+03  3.7455E-42
  1.0471E+03  3.7441E-42
  1.0475E+03  3.7427E-42
  1.0479E+03  3.7413E-42
  1.0483E+03  3.7399E-42
  1.0486E+03  3.7386E-42
  1.0490E+03  3.7372E-42
  1.0494E+03  3.7358E-42
  1.0498E+03  3.7344E-42
  1.0501E+03  3.7330E-42
  1.0505E+03  3.7316E-42
  1.0509E+03  3.7302E-42
  1.0513E+03  3.7288E-42
  1.0516E+03  3.7274E-42
  1.0520E+03  3.7261E-42
  1.0524E+03  3.7247E-42
  1.0528E+03  3.7233E-42
  1.0531E+03  3.7219E-42
  1.0535E+03  3.7205E-42
  1.0539E+03  3.7192E-42
  1.0543E+03  3.7178E-42
  1.0546E+03  3.7164E-42
  1.0550E+03  3.7150E-42
  1.0554E+03  3.7136E-42
  1.0558E+03  3.7123E-42
  1.0561E+03  3.7109E-42
  1.0565E+03  3.7095E-42
  1.0569E+03  3.7081E-42
  1.0573E+03  3.7068E-42
  1.0576E+03  3.7054E-42
  1.0580E+03  3.7040E-42
  1.0584E+03  3.7027E-42
  1.0588E+03  3.7013E-42
  1.0591E+03  3.6999E-42
  1.0595E+03  3.6986E-42
  1.0599E+03  3.6972E-42
  1.0603E+03  3.6958E-42
  1.0606E+03  3.6945E-42
  1.0610E+03  3.6931E-42
  1.0614E+03  3.6917E-42
  1.0618E+03  3.6904E-42
  1.0621E+03  3.6890E-42
  1.0625E+03  3.6876E-42
  1.0629E+03  3.6863E-42
  1.0633E+03  3.6849E-42
  1.0636E+03  3.6836E-42
  1.0640E+03  3.6822E-42
  1.0644E+03  3.6809E-42
  1.0648E+03  3.6795E-42
  1.0651E+03  3.6781E-42
  1.0655E+03  3.6768E-42
  1.0659E+03  3.6754E-42
  1.0663E+03  3.6741E-42
  1.0666E+03  3.6727E-42
  1.0670E+03  3.6714E-42
  1.0674E+03  3.6700E-42
  1.0678E+03  3.6687E-42
  1.0681E+03  3.6673E-42
  1.0685E+03  3.6660E-42
  1.0689E+03  3.6646E-42
  1.0693E+03  3.6633E-42
  1.0696E+03  3.6619E-42
  1.0700E+03  3.6606E-42
  1.0704E+03  3.6593E-42
  1.0708E+03  3.6579E-42
  1.0711E+03  3.6566E-42
  1.0715E+03  3.6552E-42
  1.0719E+03  3.6539E-42
  1.0723E+03  3.6525E-42
  1.0726E+03  3.6512E-42
  1.0730E+03  3.6499E-42
  1.0734E+03  3.6485E-42
  1.0738E+03  3.6472E-42
  1.0741E+03  3.6459E-42
  1.0745E+03  3.6445E-42
  1.0749E+03  3.6432E-42
  1.0753E+03  3.6419E-42
  1.0756E+03  3.6405E-42
  1.0760E+03  3.6392E-42
  1.0764E+03  3.6379E-42
  1.0768E+03  3.6365E-42
  1.0771E+03  3.6352E-42
  1.0775E+03  3.6339E-42
  1.0779E+03  3.6325E-42
  1.0783E+03  3.6312E-42
  1.0786E+03  3.6299E-42
  1.0790E+03  3.6286E-42
  1.0794E+03  3.6272E-42
  1.0798E+03  3.6259E-42
  1.0801E+03  3.6246E-42
  1.0805E+03  3.6233E-42
  1.0809E+03  3.6219E-42
  1.0813E+03  3.6206E-42
  1.0816E+03  3.6193E-42
  1.0820E+03  3.6180E-42
  1.0824E+03  3.6167E-42
  1.0828E+03  3.6154E-42
  1.0831E+03  3.6140E-42
  1.0835E+03  3.6127E-42
  1.0839E+03  3.6114E-42
  1.0843E+03  3.6101E-42
  1.0846E+03  3.6088E-42
  1.0850E+03  3.6075E-42
  1.0854E+03  3.6062E-42
  1.0858E+03  3.6048E-42
  1.0861E+03  3.6035E-42
  1.0865E+03  3.6022E-42
  1.0869E+03  3.6009E-42
  1.0873E+03  3.5996E-42
  1.0876E+03  3.5983E-42
  1.0880E+03  3.5970E-42
  1.0884E+03  3.5957E-42
  1.0888E+03  3.5944E-42
  1.0891E+03  3.5931E-42
  1.0895E+03  3.5918E-42
  1.0899E+03  3.5905E-42
  1.0903E+03  3.5892E-42
  1.0906E+03  3.5879E-42
  1.0910E+03  3.5866E-42
  1.0914E+03  3.5853E-42
  1.0918E+03  3.5840E-42
  1.0921E+03  3.5827E-42
  1.0925E+03  3.5814E-42
  1.0929E+03  3.5801E-42
  1.0933E+03  3.5788E-42
  1.0936E+03  3.5775E-42
  1.0940E+03  3.5762E-42
  1.0944E+03  3.5749E-42
  1.0948E+03  3.5736E-42
  1.0951E+03  3.5723E-42
  1.0955E+03  3.5710E-42
  1.0959E+03  3.5697E-42
  1.0963E+03  3.5684E-42
  1.0966E+03  3.5671E-42
  1.0970E+03  3.5659E-42
  1.0974E+03  3.5646E-42
  1.0978E+03  3.5633E-42
  1.0981E+03  3.5620E-42
  1.0985E+03  3.5607E-42
  1.0989E+03  3.5594E-42
  1.0993E+03  3.5581E-42
  1.0996E+03  3.5569E-42
  1.1000E+03  3.5556E-42
  1.1004E+03  3.5543E-42
  1.1008E+03  3.5530E-42
  1.1011E+03  3.5517E-42
  1.1015E+03  3.5505E-42
  1.1019E+03  3.5492E-42
  1.1023E+03  3.5479E-42
  1.1026E+03  3.5466E-42
  1.1030E+03  3.5453E-42
  1.1034E+03  3.5441E-42
  1.1038E+03  3.5428E-42
  1.1041E+03  3.5415E-42
  1.1045E+03  3.5402E-42
  1.1049E+03  3.5390E-42
  1.1053E+03  3.5377E-42
  1.1056E+03  3.5364E-42
  1.1060E+03  3.5352E-42
  1.1064E+03  3.5339E-42
  1.1068E+03  3.5326E-42
  1.1071E+03  3.5314E-42
  1.1075E+03  3.5301E-42
  1.1079E+03  3.5288E-42
  1.1083E+03  3.5276E-42
  1.1086E+03  3.5263E-42
  1.1090E+03  3.5250E-42
  1.1094E+03  3.5238E-42
  1.1098E+03  3.5225E-42
  1.1101E+03  3.5212E-42
  1.1105E+03  3.5200E-42
  1.1109E+03  3.5187E-42
  1.1113E+03  3.5175E-42
  1.1116E+03  3.5162E-42
  1.1120E+03  3.5149E-42
  1.1124E+03  3.5137E-42
  1.1128E+03  3.5124E-42
  1.1131E+03  3.5112E-42
  1.1135E+03  3.5099E-42
  1.1139E+03  3.5087E-42
  1.1143E+03  3.5074E-42
  1.1146E+03  3.5061E-42
  1.1150E+03  3.5049E-42
  1.1154E+03  3.5036E-42
  1.1158E+03  3.5024E-42
  1.1161E+03  3.5011E-42
  1.1165E+03  3.4999E-42
  1.1169E+03  3.4986E-42
  1.1173E+03  3.4974E-42
  1.1176E+03  3.4961E-42
  1.1180E+03  3.4949E-42
  1.1184E+03  3.4936E-42
  1.1188E+03  3.4924E-42
  1.1191E+03  3.4912E-42
  1.1195E+03  3.4899E-42
  1.1199E+03  3.4887E-42
  1.1203E+03  3.4874E-42
  1.1206E+03  3.4862E-42
  1.1210E+03  3.4849E-42
  1.1214E+03  3.4837E-42
  1.1218E+03  3.4825E-42
  1.1221E+03  3.4812E-42
  1.1225E+03  3.4800E-42
  1.1229E+03  3.4788E-42
  1.1233E+03  3.4775E-42
  1.1236E+03  3.4763E-42
  1.1240E+03  3.4750E-42
  1.1244E+03  3.4738E-42
  1.1248E+03  3.4726E-42
  1.1251E+03  3.4713E-42
  1.1255E+03  3.4701E-42
  1.1259E+03  3.4689E-42
  1.1263E+03  3.4676E-42
  1.1266E+03  3.4664E-42
  1.1270E+03  3.4652E-42
  1.1274E+03  3.4640E-42
  1.1278E+03  3.4627E-42
  1.1281E+03  3.4615E-42
  1.1285E+03  3.4603E-42
  1.1289E+03  3.4590E-42
  1.1293E+03  3.4578E-42
  1.1296E+03  3.4566E-42
  1.1300E+03  3.4554E-42
  1.1304E+03  3.4542E-42
  1.1308E+03  3.4529E-42
  1.1311E+03  3.4517E-42
  1.1315E+03  3.4505E-42
  1.1319E+03  3.4493E-42
  1.1323E+03  3.4480E-42
  1.1326E+03  3.4468E-42
  1.1330E+03  3.4456E-42
  1.1334E+03  3.4444E-42
  1.1338E+03  3.4432E-42
  1.1341E+03  3.4420E-42
  1.1345E+03  3.4407E-42
  1.1349E+03  3.4395E-42
  1.1353E+03  3.4383E-42
  1.1356E+03  3.4371E-42
  1.1360E+03  3.4359E-42
  1.1364E+03  3.4347E-42
  1.1368E+03  3.4335E-42
  1.1371E+03  3.4323E-42
  1.1375E+03  3.4310E-42
  1.1379E+03  3.4298E-42
  1.1383E+03  3.4286E-42
  1.1386E+03  3.4274E-42
  1.1390E+03  3.4262E-42
  1.1394E+03  3.4250E-42
  1.1398E+03  3.4238E-42
  1.1401E+03  3.4226E-42
  1.1405E+03  3.4214E-42
  1.1409E+03  3.4202E-42
  1.1413E+03  3.4190E-42
  1.1416E+03  3.4178E-42
  1.1420E+03  3.4166E-42
  1.1424E+03  3.4154E-42
  1.1428E+03  3.4142E-42
  1.1431E+03  3.4130E-42
  1.1435E+03  3.4118E-42
  1.1439E+03  3.4106E-42
  1.1443E+03  3.4094E-42
  1.1446E+03  3.4082E-42
  1.1450E+03  3.4070E-42
  1.1454E+03  3.4058E-42
  1.1458E+03  3.4046E-42
  1.1461E+03  3.4034E-42
  1.1465E+03  3.4022E-42
  1.1469E+03  3.4010E-42
  1.1473E+03  3.3998E-42
  1.1476E+03  3.3986E-42
  1.1480E+03  3.3974E-42
  1.1484E+03  3.3963E-42
  1.1488E+03  3.3951E-42
  1.1491E+03  3.3939E-42
  1.1495E+03  3.3927E-42
  1.1499E+03  3.3915E-42
  1.1503E+03  3.3903E-42
  1.1506E+03  3.3891E-42
  1.1510E+03  3.3879E-42
  1.1514E+03  3.3868E-42
  1.1518E+03  3.3856E-42
  1.1521E+03  3.3844E-42
  1.1525E+03  3.3832E-42
  1.1529E+03  3.3820E-42
  1.1533E+03  3.3808E-42
  1.1536E+03  3.3797E-42
  1.1540E+03  3.3785E-42
  1.1544E+03  3.3773E-42
  1.1548E+03  3.3761E-42
  1.1551E+03  3.3749E-42
  1.1555E+03  3.3738E-42
  1.1559E+03  3.3726E-42
  1.1563E+03  3.3714E-42
  1.1566E+03  3.3702E-42
  1.1570E+03  3.3691E-42
  1.1574E+03  3.3679E-42
  1.1578E+03  3.3667E-42
  1.1581E+03  3.3655E-42
  1.1585E+03  3.3644E-42
  1.1589E+03  3.3632E-42
  1.1593E+03  3.3620E-42
  1.1596E+03  3.3609E-42
  1.1600E+03  3.3597E-42
  1.1604E+03  3.3585E-42
  1.1608E+03  3.3574E-42
  1.1611E+03  3.3562E-42
  1.1615E+03  3.3550E-42
  1.1619E+03  3.3539E-42
  1.1623E+03  3.3527E-42
  1.1626E+03  3.3515E-42
  1.1630E+03  3.3504E-42
  1.1634E+03  3.3492E-42
  1.1638E+03  3.3480E-42
  1.1641E+03  3.3469E-42
  1.1645E+03  3.3457E-42
  1.1649E+03  3.3446E-42
  1.1653E+03  3.3434E-42
  1.1656E+03  3.3422E-42
  1.1660E+03  3.3411E-42
  1.1664E+03  3.3399E-42
  1.1668E+03  3.3388E-42
  1.1671E+03  3.3376E-42
  1.1675E+03  3.3364E-42
  1.1679E+03  3.3353E-42
  1.1683E+03  3.3341E-42
  1.1686E+03  3.3330E-42
  1.1690E+03  3.3318E-42
  1.1694E+03  3.3307E-42
  1.1698E+03  3.3295E-42
  1.1701E+03  3.3284E-42
  1.1705E+03  3.3272E-42
  1.1709E+03  3.3261E-42
  1.1713E+03  3.3249E-42
  1.1716E+03  3.3238E-42
  1.1720E+03  3.3226E-42
  1.1724E+03  3.3215E-42
  1.1728E+03  3.3203E-42
  1.1731E+03  3.3192E-42
  1.1735E+03  3.3180E-42
  1.1739E+03  3.3169E-42
  1.1743E+03  3.3157E-42
  1.1746E+03  3.3146E-42
  1.1750E+03  3.3135E-42
  1.1754E+03  3.3123E-42
  1.1758E+03  3.3112E-42
  1.1761E+03  3.3100E-42
  1.1765E+03  3.3089E-42
  1.1769E+03  3.3078E-42
  1.1773E+03  3.3066E-42
  1.1776E+03  3.3055E-42
  1.1780E+03  3.3043E-42
  1.1784E+03  3.3032E-42
  1.1788E+03  3.3021E-42
  1.1791E+03  3.3009E-42
  1.1795E+03  3.2998E-42
  1.1799E+03  3.2987E-42
  1.1803E+03  3.2975E-42
  1.1806E+03  3.2964E-42
  1.1810E+03  3.2953E-42
  1.1814E+03  3.2941E-42
  1.1818E+03  3.2930E-42
  1.1821E+03  3.2919E-42
  1.1825E+03  3.2907E-42
  1.1829E+03  3.2896E-42
  1.1833E+03  3.2885E-42
  1.1836E+03  3.2873E-42
  1.1840E+03  3.2862E-42
  1.1844E+03  3.2851E-42
  1.1848E+03  3.2840E-42
  1.1851E+03  3.2828E-42
  1.1855E+03  3.2817E-42
  1.1859E+03  3.2806E-42
  1.1863E+03  3.2795E-42
  1.1866E+03  3.2783E-42
  1.1870E+03  3.2772E-42
  1.1874E+03  3.2761E-42
  1.1878E+03  3.2750E-42
  1.1881E+03  3.2738E-42
  1.1885E+03  3.2727E-42
  1.1889E+03  3.2716E-42
  1.1893E+03  3.2705E-42
  1.1896E+03  3.2694E-42
  1.1900E+03  3.2682E-42
  1.1904E+03  3.2671E-42
  1.1908E+03  3.2660E-42
  1.1911E+03  3.2649E-42
  1.1915E+03  3.2638E-42
  1.1919E+03  3.2627E-42
  1.1923E+03  3.2616E-42
  1.1926E+03  3.2604E-42
  1.1930E+03  3.2593E-42
  1.1934E+03  3.2582E-42
  1.1938E+03  3.2571E-42
  1.1941E+03  3.2560E-42
  1.1945E+03  3.2549E-42
  1.1949E+03  3.2538E-42
  1.1953E+03  3.2527E-42
  1.1956E+03  3.2516E-42
  1.1960E+03  3.2504E-42
  1.1964E+03  3.2493E-42
  1.1968E+03  3.2482E-42
  1.1971E+03  3.2471E-42
  1.1975E+03  3.2460E-42
  1.1979E+03  3.2449E-42
  1.1983E+03  3.2438E-42
  1.1986E+03  3.2427E-42
  1.1990E+03  3.2416E-42
  1.1994E+03  3.2405E-42
  1.1998E+03  3.2394E-42
  1.2002E+03  3.2383E-42
  1.2005E+03  3.2372E-42
  1.2009E+03  3.2361E-42
  1.2013E+03  3.2350E-42
  1.2017E+03  3.2339E-42
  1.2020E+03  3.2328E-42
  1.2024E+03  3.2317E-42
  1.2028E+03  3.2306E-42
  1.2032E+03  3.2295E-42
  1.2035E+03  3.2284E-42
  1.2039E+03  3.2273E-42
  1.2043E+03  3.2262E-42
  1.2047E+03  3.2251E-42
  1.2050E+03  3.2240E-42
  1.2054E+03  3.2229E-42
  1.2058E+03  3.2219E-42
  1.2062E+03  3.2208E-42
  1.2065E+03  3.2197E-42
  1.2069E+03  3.2186E-42
  1.2073E+03  3.2175E-42
  1.2077E+03  3.2164E-42
  1.2080E+03  3.2153E-42
  1.2084E+03  3.2142E-42
  1.2088E+03  3.2131E-42
  1.2092E+03  3.2120E-42
  1.2095E+03  3.2110E-42
  1.2099E+03  3.2099E-42
  1.2103E+03  3.2088E-42
  1.2107E+03  3.2077E-42
  1.2110E+03  3.2066E-42
  1.2114E+03  3.2055E-42
  1.2118E+03  3.2045E-42
  1.2122E+03  3.2034E-42
  1.2125E+03  3.2023E-42
  1.2129E+03  3.2012E-42
  1.2133E+03  3.2001E-42
  1.2137E+03  3.1991E-42
  1.2140E+03  3.1980E-42
  1.2144E+03  3.1969E-42
  1.2148E+03  3.1958E-42
  1.2152E+03  3.1947E-42
  1.2155E+03  3.1937E-42
  1.2159E+03  3.1926E-42
  1.2163E+03  3.1915E-42
  1.2167E+03  3.1904E-42
  1.2170E+03  3.1894E-42
  1.2174E+03  3.1883E-42
  1.2178E+03  3.1872E-42
  1.2182E+03  3.1861E-42
  1.2185E+03  3.1851E-42
  1.2189E+03  3.1840E-42
  1.2193E+03  3.1829E-42
  1.2197E+03  3.1819E-42
  1.2200E+03  3.1808E-42
  1.2204E+03  3.1797E-42
  1.2208E+03  3.1787E-42
  1.2212E+03  3.1776E-42
  1.2215E+03  3.1765E-42
  1.2219E+03  3.1754E-42
  1.2223E+03  3.1744E-42
  1.2227E+03  3.1733E-42
  1.2230E+03  3.1723E-42
  1.2234E+03  3.1712E-42
  1.2238E+03  3.1701E-42
  1.2242E+03  3.1691E-42
  1.2245E+03  3.1680E-42
  1.2249E+03  3.1669E-42
  1.2253E+03  3.1659E-42
  1.2257E+03  3.1648E-42
  1.2260E+03  3.1638E-42
  1.2264E+03  3.1627E-42
  1.2268E+03  3.1616E-42
  1.2272E+03  3.1606E-42
  1.2275E+03  3.1595E-42
  1.2279E+03  3.1585E-42
  1.2283E+03  3.1574E-42
  1.2287E+03  3.1563E-42
  1.2290E+03  3.1553E-42
  1.2294E+03  3.1542E-42
  1.2298E+03  3.1532E-42
  1.2302E+03  3.1521E-42
  1.2305E+03  3.1511E-42
  1.2309E+03  3.1500E-42
  1.2313E+03  3.1490E-42
  1.2317E+03  3.1479E-42
  1.2320E+03  3.1469E-42
  1.2324E+03  3.1458E-42
  1.2328E+03  3.1448E-42
  1.2332E+03  3.1437E-42
  1.2335E+03  3.1427E-42
  1.2339E+03  3.1416E-42
  1.2343E+03  3.1406E-42
  1.2347E+03  3.1395E-42
  1.2350E+03  3.1385E-42
  1.2354E+03  3.1374E-42
  1.2358E+03  3.1364E-42
  1.2362E+03  3.1353E-42
  1.2365E+03  3.1343E-42
  1.2369E+03  3.1333E-42
  1.2373E+03  3.1322E-42
  1.2377E+03  3.1312E-42
  1.2380E+03  3.1301E-42
  1.2384E+03  3.1291E-42
  1.2388E+03  3.1280E-42
  1.2392E+03  3.1270E-42
  1.2395E+03  3.1260E-42
  1.2399E+03  3.1249E-42
  1.2403E+03  3.1239E-42
  1.2407E+03  3.1228E-42
  1.2410E+03  3.1218E-42
  1.2414E+03  3.1208E-42
  1.2418E+03  3.1197E-42
  1.2422E+03  3.1187E-42
  1.2425E+03  3.1177E-42
  1.2429E+03  3.1166E-42
  1.2433E+03  3.1156E-42
  1.2437E+03  3.1146E-42
  1.2440E+03  3.1135E-42
  1.2444E+03  3.1125E-42
  1.2448E+03  3.1115E-42
  1.2452E+03  3.1104E-42
  1.2455E+03  3.1094E-42
  1.2459E+03  3.1084E-42
  1.2463E+03  3.1073E-42
  1.2467E+03  3.1063E-42
  1.2470E+03  3.1053E-42
  1.2474E+03  3.1043E-42
  1.2478E+03  3.1032E-42
  1.2482E+03  3.1022E-42
  1.2485E+03  3.1012E-42
  1.2489E+03  3.1001E-42
  1.2493E+03  3.0991E-42
  1.2497E+03  3.0981E-42
  1.2500E+03  3.0971E-42
  1.2504E+03  3.0960E-42
  1.2508E+03  3.0950E-42
  1.2512E+03  3.0940E-42
  1.2515E+03  3.0930E-42
  1.2519E+03  3.0920E-42
  1.2523E+03  3.0909E-42
  1.2527E+03  3.0899E-42
  1.2530E+03  3.0889E-42
  1.2534E+03  3.0879E-42
  1.2538E+03  3.0869E-42
  1.2542E+03  3.0858E-42
  1.2545E+03  3.0848E-42
  1.2549E+03  3.0838E-42
  1.2553E+03  3.0828E-42
  1.2557E+03  3.0818E-42
  1.2560E+03  3.0808E-42
  1.2564E+03  3.0797E-42
  1.2568E+03  3.0787E-42
  1.2572E+03  3.0777E-42
  1.2575E+03  3.0767E-42
  1.2579E+03  3.0757E-42
  1.2583E+03  3.0747E-42
  1.2587E+03  3.0737E-42
  1.2590E+03  3.0727E-42
  1.2594E+03  3.0716E-42
  1.2598E+03  3.0706E-42
  1.2602E+03  3.0696E-42
  1.2605E+03  3.0686E-42
  1.2609E+03  3.0676E-42
  1.2613E+03  3.0666E-42
  1.2617E+03  3.0656E-42
  1.2620E+03  3.0646E-42
  1.2624E+03  3.0636E-42
  1.2628E+03  3.0626E-42
  1.2632E+03  3.0616E-42
  1.2635E+03  3.0606E-42
  1.2639E+03  3.0596E-42
  1.2643E+03  3.0586E-42
  1.2647E+03  3.0576E-42
  1.2650E+03  3.0565E-42
  1.2654E+03  3.0555E-42
  1.2658E+03  3.0545E-42
  1.2662E+03  3.0535E-42
  1.2665E+03  3.0525E-42
  1.2669E+03  3.0515E-42
  1.2673E+03  3.0505E-42
  1.2677E+03  3.0495E-42
  1.2680E+03  3.0485E-42
  1.2684E+03  3.0475E-42
  1.2688E+03  3.0466E-42
  1.2692E+03  3.0456E-42
  1.2695E+03  3.0446E-42
  1.2699E+03  3.0436E-42
  1.2703E+03  3.0426E-42
  1.2707E+03  3.0416E-42
  1.2710E+03  3.0406E-42
  1.2714E+03  3.0396E-42
  1.2718E+03  3.0386E-42
  1.2722E+03  3.0376E-42
  1.2725E+03  3.0366E-42
  1.2729E+03  3.0356E-42
  1.2733E+03  3.0346E-42
  1.2737E+03  3.0336E-42
  1.2740E+03  3.0326E-42
  1.2744E+03  3.0317E-42
  1.2748E+03  3.0307E-42
  1.2752E+03  3.0297E-42
  1.2755E+03  3.0287E-42
  1.2759E+03  3.0277E-42
  1.2763E+03  3.0267E-42
  1.2767E+03  3.0257E-42
  1.2770E+03  3.0247E-42
  1.2774E+03  3.0238E-42
  1.2778E+03  3.0228E-42
  1.2782E+03  3.0218E-42
  1.2785E+03  3.0208E-42
  1.2789E+03  3.0198E-42
  1.2793E+03  3.0188E-42
  1.2797E+03  3.0179E-42
  1.2800E+03  3.0169E-42
  1.2804E+03  3.0159E-42
  1.2808E+03  3.0149E-42
  1.2812E+03  3.0139E-42
  1.2815E+03  3.0130E-42
  1.2819E+03  3.0120E-42
  1.2823E+03  3.0110E-42
  1.2827E+03  3.0100E-42
  1.2830E+03  3.0090E-42
  1.2834E+03  3.0081E-42
  1.2838E+03  3.0071E-42
  1.2842E+03  3.0061E-42
  1.2845E+03  3.0051E-42
  1.2849E+03  3.0042E-42
  1.2853E+03  3.0032E-42
  1.2857E+03  3.0022E-42
  1.2860E+03  3.0012E-42
  1.2864E+03  3.0003E-42
  1.2868E+03  2.9993E-42
  1.2872E+03  2.9983E-42
  1.2875E+03  2.9974E-42
  1.2879E+03  2.9964E-42
  1.2883E+03  2.9954E-42
  1.2887E+03  2.9944E-42
  1.2890E+03  2.9935E-42
  1.2894E+03  2.9925E-42
  1.2898E+03  2.9915E-42
  1.2902E+03  2.9906E-42
  1.2905E+03  2.9896E-42
  1.2909E+03  2.9886E-42
  1.2913E+03  2.9877E-42
  1.2917E+03  2.9867E-42
  1.2920E+03  2.9857E-42
  1.2924E+03  2.9848E-42
  1.2928E+03  2.9838E-42
  1.2932E+03  2.9828E-42
  1.2935E+03  2.9819E-42
  1.2939E+03  2.9809E-42
  1.2943E+03  2.9800E-42
  1.2947E+03  2.9790E-42
  1.2950E+03  2.9780E-42
  1.2954E+03  2.9771E-42
  1.2958E+03  2.9761E-42
  1.2962E+03  2.9752E-42
  1.2965E+03  2.9742E-42
  1.2969E+03  2.9732E-42
  1.2973E+03  2.9723E-42
  1.2977E+03  2.9713E-42
  1.2980E+03  2.9704E-42
  1.2984E+03  2.9694E-42
  1.2988E+03  2.9685E-42
  1.2992E+03  2.9675E-42
  1.2995E+03  2.9665E-42
  1.2999E+03  2.9656E-42
  1.3003E+03  2.9646E-42
  1.3007E+03  2.9637E-42
  1.3010E+03  2.9627E-42
  1.3014E+03  2.9618E-42
  1.3018E+03  2.9608E-42
  1.3022E+03  2.9599E-42
  1.3025E+03  2.9589E-42
  1.3029E+03  2.9580E-42
  1.3033E+03  2.9570E-42
  1.3037E+03  2.9561E-42
  1.3040E+03  2.9551E-42
  1.3044E+03  2.9542E-42
  1.3048E+03  2.9532E-42
  1.3052E+03  2.9523E-42
  1.3055E+03  2.9513E-42
  1.3059E+03  2.9504E-42
  1.3063E+03  2.9494E-42
  1.3067E+03  2.9485E-42
  1.3070E+03  2.9475E-42
  1.3074E+03  2.9466E-42
  1.3078E+03  2.9457E-42
  1.3082E+03  2.9447E-42
  1.3085E+03  2.9438E-42
  1.3089E+03  2.9428E-42
  1.3093E+03  2.9419E-42
  1.3097E+03  2.9409E-42
  1.3100E+03  2.9400E-42
  1.3104E+03  2.9391E-42
  1.3108E+03  2.9381E-42
  1.3112E+03  2.9372E-42
  1.3115E+03  2.9362E-42
  1.3119E+03  2.9353E-42
  1.3123E+03  2.9344E-42
  1.3127E+03  2.9334E-42
  1.3130E+03  2.9325E-42
  1.3134E+03  2.9316E-42
  1.3138E+03  2.9306E-42
  1.3142E+03  2.9297E-42
  1.3145E+03  2.9287E-42
  1.3149E+03  2.9278E-42
  1.3153E+03  2.9269E-42
  1.3157E+03  2.9259E-42
  1.3160E+03  2.9250E-42
  1.3164E+03  2.9241E-42
  1.3168E+03  2.9231E-42
  1.3172E+03  2.9222E-42
  1.3175E+03  2.9213E-42
  1.3179E+03  2.9204E-42
  1.3183E+03  2.9194E-42
  1.3187E+03  2.9185E-42
  1.3190E+03  2.9176E-42
  1.3194E+03  2.9166E-42
  1.3198E+03  2.9157E-42
  1.3202E+03  2.9148E-42
  1.3205E+03  2.9138E-42
  1.3209E+03  2.9129E-42
  1.3213E+03  2.9120E-42
  1.3217E+03  2.9111E-42
  1.3220E+03  2.9101E-42
  1.3224E+03  2.9092E-42
  1.3228E+03  2.9083E-42
  1.3232E+03  2.9074E-42
  1.3235E+03  2.9064E-42
  1.3239E+03  2.9055E-42
  1.3243E+03  2.9046E-42
  1.3247E+03  2.9037E-42
  1.3250E+03  2.9028E-42
  1.3254E+03  2.9018E-42
  1.3258E+03  2.9009E-42
  1.3262E+03  2.9000E-42
  1.3265E+03  2.8991E-42
  1.3269E+03  2.8982E-42
  1.3273E+03  2.8972E-42
  1.3277E+03  2.8963E-42
  1.3280E+03  2.8954E-42
  1.3284E+03  2.8945E-42
  1.3288E+03  2.8936E-42
  1.3292E+03  2.8926E-42
  1.3295E+03  2.8917E-42
  1.3299E+03  2.8908E-42
  1.3303E+03  2.8899E-42
  1.3307E+03  2.8890E-42
  1.3310E+03  2.8881E-42
  1.3314E+03  2.8872E-42
  1.3318E+03  2.8862E-42
  1.3322E+03  2.8853E-42
  1.3325E+03  2.8844E-42
  1.3329E+03  2.8835E-42
  1.3333E+03  2.8826E-42
  1.3337E+03  2.8817E-42
  1.3340E+03  2.8808E-42
  1.3344E+03  2.8799E-42
  1.3348E+03  2.8790E-42
  1.3352E+03  2.8780E-42
  1.3355E+03  2.8771E-42
  1.3359E+03  2.8762E-42
  1.3363E+03  2.8753E-42
  1.3367E+03  2.8744E-42
  1.3370E+03  2.8735E-42
  1.3374E+03  2.8726E-42
  1.3378E+03  2.8717E-42
  1.3382E+03  2.8708E-42
  1.3385E+03  2.8699E-42
  1.3389E+03  2.8690E-42
  1.3393E+03  2.8681E-42
  1.3397E+03  2.8672E-42
  1.3400E+03  2.8663E-42
  1.3404E+03  2.8654E-42
  1.3408E+03  2.8645E-42
  1.3412E+03  2.8636E-42
  1.3415E+03  2.8627E-42
  1.3419E+03  2.8618E-42
  1.3423E+03  2.8609E-42
  1.3427E+03  2.8600E-42
  1.3430E+03  2.8591E-42
  1.3434E+03  2.8582E-42
  1.3438E+03  2.8573E-42
  1.3442E+03  2.8564E-42
  1.3445E+03  2.8555E-42
  1.3449E+03  2.8546E-42
  1.3453E+03  2.8537E-42
  1.3457E+03  2.8528E-42
  1.3460E+03  2.8519E-42
  1.3464E+03  2.8510E-42
  1.3468E+03  2.8501E-42
  1.3472E+03  2.8492E-42
  1.3475E+03  2.8483E-42
  1.3479E+03  2.8474E-42
  1.3483E+03  2.8465E-42
  1.3487E+03  2.8456E-42
  1.3490E+03  2.8447E-42
  1.3494E+03  2.8438E-42
  1.3498E+03  2.8429E-42
  1.3502E+03  2.8421E-42
  1.3505E+03  2.8412E-42
  1.3509E+03  2.8403E-42
  1.3513E+03  2.8394E-42
  1.3517E+03  2.8385E-42
  1.3520E+03  2.8376E-42
  1.3524E+03  2.8367E-42
  1.3528E+03  2.8358E-42
  1.3532E+03  2.8349E-42
  1.3535E+03  2.8341E-42
  1.3539E+03  2.8332E-42
  1.3543E+03  2.8323E-42
  1.3547E+03  2.8314E-42
  1.3550E+03  2.8305E-42
  1.3554E+03  2.8296E-42
  1.3558E+03  2.8287E-42
  1.3562E+03  2.8279E-42
  1.3565E+03  2.8270E-42
  1.3569E+03  2.8261E-42
  1.3573E+03  2.8252E-42
  1.3577E+03  2.8243E-42
  1.3580E+03  2.8234E-42
  1.3584E+03  2.8226E-42
  1.3588E+03  2.8217E-42
  1.3592E+03  2.8208E-42
  1.3595E+03  2.8199E-42
  1.3599E+03  2.8190E-42
  1.3603E+03  2.8182E-42
  1.3607E+03  2.8173E-42
  1.3610E+03  2.8164E-42
  1.3614E+03  2.8155E-42
  1.3618E+03  2.8147E-42
  1.3622E+03  2.8138E-42
  1.3625E+03  2.8129E-42
  1.3629E+03  2.8120E-42
  1.3633E+03  2.8112E-42
  1.3637E+03  2.8103E-42
  1.3640E+03  2.8094E-42
  1.3644E+03  2.8085E-42
  1.3648E+03  2.8077E-42
  1.3652E+03  2.8068E-42
  1.3655E+03  2.8059E-42
  1.3659E+03  2.8050E-42
  1.3663E+03  2.8042E-42
  1.3667E+03  2.8033E-42
  1.3670E+03  2.8024E-42
  1.3674E+03  2.8016E-42
  1.3678E+03  2.8007E-42
  1.3682E+03  2.7998E-42
  1.3685E+03  2.7990E-42
  1.3689E+03  2.7981E-42
  1.3693E+03  2.7972E-42
  1.3697E+03  2.7963E-42
  1.3700E+03  2.7955E-42
  1.3704E+03  2.7946E-42
  1.3708E+03  2.7937E-42
  1.3712E+03  2.7929E-42
  1.3715E+03  2.7920E-42
  1.3719E+03  2.7912E-42
  1.3723E+03  2.7903E-42
  1.3727E+03  2.7894E-42
  1.3730E+03  2.7886E-42
  1.3734E+03  2.7877E-42
  1.3738E+03  2.7868E-42
  1.3742E+03  2.7860E-42
  1.3745E+03  2.7851E-42
  1.3749E+03  2.7842E-42
  1.3753E+03  2.7834E-42
  1.3757E+03  2.7825E-42
  1.3760E+03  2.7817E-42
  1.3764E+03  2.7808E-42
  1.3768E+03  2.7799E-42
  1.3772E+03  2.7791E-42
  1.3775E+03  2.7782E-42
  1.3779E+03  2.7774E-42
  1.3783E+03  2.7765E-42
  1.3787E+03  2.7757E-42
  1.3790E+03  2.7748E-42
  1.3794E+03  2.7739E-42
  1.3798E+03  2.7731E-42
  1.3802E+03  2.7722E-42
  1.3805E+03  2.7714E-42
  1.3809E+03  2.7705E-42
  1.3813E+03  2.7697E-42
  1.3817E+03  2.7688E-42
  1.3820E+03  2.7680E-42
  1.3824E+03  2.7671E-42
  1.3828E+03  2.7663E-42
  1.3832E+03  2.7654E-42
  1.3835E+03  2.7645E-42
  1.3839E+03  2.7637E-42
  1.3843E+03  2.7628E-42
  1.3847E+03  2.7620E-42
  1.3850E+03  2.7611E-42
  1.3854E+03  2.7603E-42
  1.3858E+03  2.7594E-42
  1.3862E+03  2.7586E-42
  1.3865E+03  2.7577E-42
  1.3869E+03  2.7569E-42
  1.3873E+03  2.7561E-42
  1.3877E+03  2.7552E-42
  1.3880E+03  2.7544E-42
  1.3884E+03  2.7535E-42
  1.3888E+03  2.7527E-42
  1.3892E+03  2.7518E-42
  1.3895E+03  2.7510E-42
  1.3899E+03  2.7501E-42
  1.3903E+03  2.7493E-42
  1.3907E+03  2.7484E-42
  1.3910E+03  2.7476E-42
  1.3914E+03  2.7468E-42
  1.3918E+03  2.7459E-42
  1.3922E+03  2.7451E-42
  1.3925E+03  2.7442E-42
  1.3929E+03  2.7434E-42
  1.3933E+03  2.7426E-42
  1.3937E+03  2.7417E-42
  1.3940E+03  2.7409E-42
  1.3944E+03  2.7400E-42
  1.3948E+03  2.7392E-42
  1.3952E+03  2.7384E-42
  1.3955E+03  2.7375E-42
  1.3959E+03  2.7367E-42
  1.3963E+03  2.7358E-42
  1.3967E+03  2.7350E-42
  1.3970E+03  2.7342E-42
  1.3974E+03  2.7333E-42
  1.3978E+03  2.7325E-42
  1.3982E+03  2.7317E-42
  1.3985E+03  2.7308E-42
  1.3989E+03  2.7300E-42
  1.3993E+03  2.7292E-42
  1.3997E+03  2.7283E-42
  1.4001E+03  2.7275E-42
  1.4004E+03  2.7267E-42
  1.4008E+03  2.7258E-42
  1.4012E+03  2.7250E-42
  1.4016E+03  2.7242E-42
  1.4019E+03  2.7233E-42
  1.4023E+03  2.7225E-42
  1.4027E+03  2.7217E-42
  1.4031E+03  2.7208E-42
  1.4034E+03  2.7200E-42
  1.4038E+03  2.7192E-42
  1.4042E+03  2.7184E-42
  1.4046E+03  2.7175E-42
  1.4049E+03  2.7167E-42
  1.4053E+03  2.7159E-42
  1.4057E+03  2.7150E-42
  1.4061E+03  2.7142E-42
  1.4064E+03  2.7134E-42
  1.4068E+03  2.7126E-42
  1.4072E+03  2.7117E-42
  1.4076E+03  2.7109E-42
  1.4079E+03  2.7101E-42
  1.4083E+03  2.7093E-42
  1.4087E+03  2.7084E-42
  1.4091E+03  2.7076E-42
  1.4094E+03  2.7068E-42
  1.4098E+03  2.7060E-42
  1.4102E+03  2.7051E-42
  1.4106E+03  2.7043E-42
  1.4109E+03  2.7035E-42
  1.4113E+03  2.7027E-42
  1.4117E+03  2.7019E-42
  1.4121E+03  2.7010E-42
  1.4124E+03  2.7002E-42
  1.4128E+03  2.6994E-42
  1.4132E+03  2.6986E-42
  1.4136E+03  2.6978E-42
  1.4139E+03  2.6969E-42
  1.4143E+03  2.6961E-42
  1.4147E+03  2.6953E-42
  1.4151E+03  2.6945E-42
  1.4154E+03  2.6937E-42
  1.4158E+03  2.6929E-42
  1.4162E+03  2.6920E-42
  1.4166E+03  2.6912E-42
  1.4169E+03  2.6904E-42
  1.4173E+03  2.6896E-42
  1.4177E+03  2.6888E-42
  1.4181E+03  2.6880E-42
  1.4184E+03  2.6872E-42
  1.4188E+03  2.6863E-42
  1.4192E+03  2.6855E-42
  1.4196E+03  2.6847E-42
  1.4199E+03  2.6839E-42
  1.4203E+03  2.6831E-42
  1.4207E+03  2.6823E-42
  1.4211E+03  2.6815E-42
  1.4214E+03  2.6807E-42
  1.4218E+03  2.6799E-42
  1.4222E+03  2.6790E-42
  1.4226E+03  2.6782E-42
  1.4229E+03  2.6774E-42
  1.4233E+03  2.6766E-42
  1.4237E+03  2.6758E-42
  1.4241E+03  2.6750E-42
  1.4244E+03  2.6742E-42
  1.4248E+03  2.6734E-42
  1.4252E+03  2.6726E-42
  1.4256E+03  2.6718E-42
  1.4259E+03  2.6710E-42
  1.4263E+03  2.6702E-42
  1.4267E+03  2.6694E-42
  1.4271E+03  2.6686E-42
  1.4274E+03  2.6678E-42
  1.4278E+03  2.6670E-42
  1.4282E+03  2.6662E-42
  1.4286E+03  2.6653E-42
  1.4289E+03  2.6645E-42
  1.4293E+03  2.6637E-42
  1.4297E+03  2.6629E-42
  1.4301E+03  2.6621E-42
  1.4304E+03  2.6613E-42
  1.4308E+03  2.6605E-42
  1.4312E+03  2.6597E-42
  1.4316E+03  2.6589E-42
  1.4319E+03  2.6581E-42
  1.4323E+03  2.6573E-42
  1.4327E+03  2.6565E-42
  1.4331E+03  2.6557E-42
  1.4334E+03  2.6549E-42
  1.4338E+03  2.6542E-42
  1.4342E+03  2.6534E-42
  1.4346E+03  2.6526E-42
  1.4349E+03  2.6518E-42
  1.4353E+03  2.6510E-42
  1.4357E+03  2.6502E-42
  1.4361E+03  2.6494E-42
  1.4364E+03  2.6486E-42
  1.4368E+03  2.6478E-42
  1.4372E+03  2.6470E-42
  1.4376E+03  2.6462E-42
  1.4379E+03  2.6454E-42
  1.4383E+03  2.6446E-42
  1.4387E+03  2.6438E-42
  1.4391E+03  2.6430E-42
  1.4394E+03  2.6422E-42
  1.4398E+03  2.6414E-42
  1.4402E+03  2.6407E-42
  1.4406E+03  2.6399E-42
  1.4409E+03  2.6391E-42
  1.4413E+03  2.6383E-42
  1.4417E+03  2.6375E-42
  1.4421E+03  2.6367E-42
  1.4424E+03  2.6359E-42
  1.4428E+03  2.6351E-42
  1.4432E+03  2.6343E-42
  1.4436E+03  2.6336E-42
  1.4439E+03  2.6328E-42
  1.4443E+03  2.6320E-42
  1.4447E+03  2.6312E-42
  1.4451E+03  2.6304E-42
  1.4454E+03  2.6296E-42
  1.4458E+03  2.6288E-42
  1.4462E+03  2.6281E-42
  1.4466E+03  2.6273E-42
  1.4469E+03  2.6265E-42
  1.4473E+03  2.6257E-42
  1.4477E+03  2.6249E-42
  1.4481E+03  2.6241E-42
  1.4484E+03  2.6234E-42
  1.4488E+03  2.6226E-42
  1.4492E+03  2.6218E-42
  1.4496E+03  2.6210E-42
  1.4499E+03  2.6202E-42
  1.4503E+03  2.6195E-42
  1.4507E+03  2.6187E-42
  1.4511E+03  2.6179E-42
  1.4514E+03  2.6171E-42
  1.4518E+03  2.6163E-42
  1.4522E+03  2.6156E-42
  1.4526E+03  2.6148E-42
  1.4529E+03  2.6140E-42
  1.4533E+03  2.6132E-42
  1.4537E+03  2.6124E-42
  1.4541E+03  2.6117E-42
  1.4544E+03  2.6109E-42
  1.4548E+03  2.6101E-42
  1.4552E+03  2.6093E-42
  1.4556E+03  2.6086E-42
  1.4559E+03  2.6078E-42
  1.4563E+03  2.6070E-42
  1.4567E+03  2.6062E-42
  1.4571E+03  2.6055E-42
  1.4574E+03  2.6047E-42
  1.4578E+03  2.6039E-42
  1.4582E+03  2.6032E-42
  1.4586E+03  2.6024E-42
  1.4589E+03  2.6016E-42
  1.4593E+03  2.6008E-42
  1.4597E+03  2.6001E-42
  1.4601E+03  2.5993E-42
  1.4604E+03  2.5985E-42
  1.4608E+03  2.5978E-42
  1.4612E+03  2.5970E-42
  1.4616E+03  2.5962E-42
  1.4619E+03  2.5954E-42
  1.4623E+03  2.5947E-42
  1.4627E+03  2.5939E-42
  1.4631E+03  2.5931E-42
  1.4634E+03  2.5924E-42
  1.4638E+03  2.5916E-42
  1.4642E+03  2.5908E-42
  1.4646E+03  2.5901E-42
  1.4649E+03  2.5893E-42
  1.4653E+03  2.5885E-42
  1.4657E+03  2.5878E-42
  1.4661E+03  2.5870E-42
  1.4664E+03  2.5863E-42
  1.4668E+03  2.5855E-42
  1.4672E+03  2.5847E-42
  1.4676E+03  2.5840E-42
  1.4679E+03  2.5832E-42
  1.4683E+03  2.5824E-42
  1.4687E+03  2.5817E-42
  1.4691E+03  2.5809E-42
  1.4694E+03  2.5801E-42
  1.4698E+03  2.5794E-42
  1.4702E+03  2.5786E-42
  1.4706E+03  2.5779E-42
  1.4709E+03  2.5771E-42
  1.4713E+03  2.5763E-42
  1.4717E+03  2.5756E-42
  1.4721E+03  2.5748E-42
  1.4724E+03  2.5741E-42
  1.4728E+03  2.5733E-42
  1.4732E+03  2.5726E-42
  1.4736E+03  2.5718E-42
  1.4739E+03  2.5710E-42
  1.4743E+03  2.5703E-42
  1.4747E+03  2.5695E-42
  1.4751E+03  2.5688E-42
  1.4754E+03  2.5680E-42
  1.4758E+03  2.5673E-42
  1.4762E+03  2.5665E-42
  1.4766E+03  2.5657E-42
  1.4769E+03  2.5650E-42
  1.4773E+03  2.5642E-42
  1.4777E+03  2.5635E-42
  1.4781E+03  2.5627E-42
  1.4784E+03  2.5620E-42
  1.4788E+03  2.5612E-42
  1.4792E+03  2.5605E-42
  1.4796E+03  2.5597E-42
  1.4799E+03  2.5590E-42
  1.4803E+03  2.5582E-42
  1.4807E+03  2.5575E-42
  1.4811E+03  2.5567E-42
  1.4814E+03  2.5560E-42
  1.4818E+03  2.5552E-42
  1.4822E+03  2.5545E-42
  1.4826E+03  2.5537E-42
  1.4829E+03  2.5530E-42
  1.4833E+03  2.5522E-42
  1.4837E+03  2.5515E-42
  1.4841E+03  2.5507E-42
  1.4844E+03  2.5500E-42
  1.4848E+03  2.5492E-42
  1.4852E+03  2.5485E-42
  1.4856E+03  2.5477E-42
  1.4859E+03  2.5470E-42
  1.4863E+03  2.5463E-42
  1.4867E+03  2.5455E-42
  1.4871E+03  2.5448E-42
  1.4874E+03  2.5440E-42
  1.4878E+03  2.5433E-42
  1.4882E+03  2.5425E-42
  1.4886E+03  2.5418E-42
  1.4889E+03  2.5410E-42
  1.4893E+03  2.5403E-42
  1.4897E+03  2.5396E-42
  1.4901E+03  2.5388E-42
  1.4904E+03  2.5381E-42
  1.4908E+03  2.5373E-42
  1.4912E+03  2.5366E-42
  1.4916E+03  2.5359E-42
  1.4919E+03  2.5351E-42
  1.4923E+03  2.5344E-42
  1.4927E+03  2.5336E-42
  1.4931E+03  2.5329E-42
  1.4934E+03  2.5322E-42
  1.4938E+03  2.5314E-42
  1.4942E+03  2.5307E-42
  1.4946E+03  2.5299E-42
  1.4949E+03  2.5292E-42
  1.4953E+03  2.5285E-42
  1.4957E+03  2.5277E-42
  1.4961E+03  2.5270E-42
  1.4964E+03  2.5263E-42
  1.4968E+03  2.5255E-42
  1.4972E+03  2.5248E-42
  1.4976E+03  2.5241E-42
  1.4979E+03  2.5233E-42
  1.4983E+03  2.5226E-42
  1.4987E+03  2.5219E-42
  1.4991E+03  2.5211E-42
  1.4994E+03  2.5204E-42
  1.4998E+03  2.5197E-42
  1.5002E+03  2.5189E-42
  1.5006E+03  2.5182E-42
  1.5009E+03  2.5175E-42
  1.5013E+03  2.5167E-42
  1.5017E+03  2.5160E-42
  1.5021E+03  2.5153E-42
  1.5024E+03  2.5145E-42
  1.5028E+03  2.5138E-42
  1.5032E+03  2.5131E-42
  1.5036E+03  2.5123E-42
  1.5039E+03  2.5116E-42
  1.5043E+03  2.5109E-42
  1.5047E+03  2.5102E-42
  1.5051E+03  2.5094E-42
  1.5054E+03  2.5087E-42
  1.5058E+03  2.5080E-42
  1.5062E+03  2.5073E-42
  1.5066E+03  2.5065E-42
  1.5069E+03  2.5058E-42
  1.5073E+03  2.5051E-42
  1.5077E+03  2.5043E-42
  1.5081E+03  2.5036E-42
  1.5084E+03  2.5029E-42
  1.5088E+03  2.5022E-42
  1.5092E+03  2.5014E-42
  1.5096E+03  2.5007E-42
  1.5099E+03  2.5000E-42
  1.5103E+03  2.4993E-42
  1.5107E+03  2.4986E-42
  1.5111E+03  2.4978E-42
  1.5114E+03  2.4971E-42
  1.5118E+03  2.4964E-42
  1.5122E+03  2.4957E-42
  1.5126E+03  2.4949E-42
  1.5129E+03  2.4942E-42
  1.5133E+03  2.4935E-42
  1.5137E+03  2.4928E-42
  1.5141E+03  2.4921E-42
  1.5144E+03  2.4913E-42
  1.5148E+03  2.4906E-42
  1.5152E+03  2.4899E-42
  1.5156E+03  2.4892E-42
  1.5159E+03  2.4885E-42
  1.5163E+03  2.4878E-42
  1.5167E+03  2.4870E-42
  1.5171E+03  2.4863E-42
  1.5174E+03  2.4856E-42
  1.5178E+03  2.4849E-42
  1.5182E+03  2.4842E-42
  1.5186E+03  2.4835E-42
  1.5189E+03  2.4827E-42
  1.5193E+03  2.4820E-42
  1.5197E+03  2.4813E-42
  1.5201E+03  2.4806E-42
  1.5204E+03  2.4799E-42
  1.5208E+03  2.4792E-42
  1.5212E+03  2.4785E-42
  1.5216E+03  2.4777E-42
  1.5219E+03  2.4770E-42
  1.5223E+03  2.4763E-42
  1.5227E+03  2.4756E-42
  1.5231E+03  2.4749E-42
  1.5234E+03  2.4742E-42
  1.5238E+03  2.4735E-42
  1.5242E+03  2.4728E-42
  1.5246E+03  2.4720E-42
  1.5249E+03  2.4713E-42
  1.5253E+03  2.4706E-42
  1.5257E+03  2.4699E-42
  1.5261E+03  2.4692E-42
  1.5264E+03  2.4685E-42
  1.5268E+03  2.4678E-42
  1.5272E+03  2.4671E-42
  1.5276E+03  2.4664E-42
  1.5279E+03  2.4657E-42
  1.5283E+03  2.4650E-42
  1.5287E+03  2.4643E-42
  1.5291E+03  2.4635E-42
  1.5294E+03  2.4628E-42
  1.5298E+03  2.4621E-42
  1.5302E+03  2.4614E-42
  1.5306E+03  2.4607E-42
  1.5309E+03  2.4600E-42
  1.5313E+03  2.4593E-42
  1.5317E+03  2.4586E-42
  1.5321E+03  2.4579E-42
  1.5324E+03  2.4572E-42
  1.5328E+03  2.4565E-42
  1.5332E+03  2.4558E-42
  1.5336E+03  2.4551E-42
  1.5339E+03  2.4544E-42
  1.5343E+03  2.4537E-42
  1.5347E+03  2.4530E-42
  1.5351E+03  2.4523E-42
  1.5354E+03  2.4516E-42
  1.5358E+03  2.4509E-42
  1.5362E+03  2.4502E-42
  1.5366E+03  2.4495E-42
  1.5369E+03  2.4488E-42
  1.5373E+03  2.4481E-42
  1.5377E+03  2.4474E-42
  1.5381E+03  2.4467E-42
  1.5384E+03  2.4460E-42
  1.5388E+03  2.4453E-42
  1.5392E+03  2.4446E-42
  1.5396E+03  2.4439E-42
  1.5399E+03  2.4432E-42
  1.5403E+03  2.4425E-42
  1.5407E+03  2.4418E-42
  1.5411E+03  2.4411E-42
  1.5414E+03  2.4404E-42
  1.5418E+03  2.4397E-42
  1.5422E+03  2.4390E-42
  1.5426E+03  2.4383E-42
  1.5429E+03  2.4376E-42
  1.5433E+03  2.4369E-42
  1.5437E+03  2.4362E-42
  1.5441E+03  2.4356E-42
  1.5444E+03  2.4349E-42
  1.5448E+03  2.4342E-42
  1.5452E+03  2.4335E-42
  1.5456E+03  2.4328E-42
  1.5459E+03  2.4321E-42
  1.5463E+03  2.4314E-42
  1.5467E+03  2.4307E-42
  1.5471E+03  2.4300E-42
  1.5474E+03  2.4293E-42
  1.5478E+03  2.4286E-42
  1.5482E+03  2.4279E-42
  1.5486E+03  2.4273E-42
  1.5489E+03  2.4266E-42
  1.5493E+03  2.4259E-42
  1.5497E+03  2.4252E-42
  1.5501E+03  2.4245E-42
  1.5504E+03  2.4238E-42
  1.5508E+03  2.4231E-42
  1.5512E+03  2.4224E-42
  1.5516E+03  2.4217E-42
  1.5519E+03  2.4211E-42
  1.5523E+03  2.4204E-42
  1.5527E+03  2.4197E-42
  1.5531E+03  2.4190E-42
  1.5534E+03  2.4183E-42
  1.5538E+03  2.4176E-42
  1.5542E+03  2.4169E-42
  1.5546E+03  2.4163E-42
  1.5549E+03  2.4156E-42
  1.5553E+03  2.4149E-42
  1.5557E+03  2.4142E-42
  1.5561E+03  2.4135E-42
  1.5564E+03  2.4128E-42
  1.5568E+03  2.4122E-42
  1.5572E+03  2.4115E-42
  1.5576E+03  2.4108E-42
  1.5579E+03  2.4101E-42
  1.5583E+03  2.4094E-42
  1.5587E+03  2.4087E-42
  1.5591E+03  2.4081E-42
  1.5594E+03  2.4074E-42
  1.5598E+03  2.4067E-42
  1.5602E+03  2.4060E-42
  1.5606E+03  2.4053E-42
  1.5609E+03  2.4047E-42
  1.5613E+03  2.4040E-42
  1.5617E+03  2.4033E-42
  1.5621E+03  2.4026E-42
  1.5624E+03  2.4020E-42
  1.5628E+03  2.4013E-42
  1.5632E+03  2.4006E-42
  1.5636E+03  2.3999E-42
  1.5639E+03  2.3992E-42
  1.5643E+03  2.3986E-42
  1.5647E+03  2.3979E-42
  1.5651E+03  2.3972E-42
  1.5654E+03  2.3965E-42
  1.5658E+03  2.3959E-42
  1.5662E+03  2.3952E-42
  1.5666E+03  2.3945E-42
  1.5669E+03  2.3938E-42
  1.5673E+03  2.3932E-42
  1.5677E+03  2.3925E-42
  1.5681E+03  2.3918E-42
  1.5684E+03  2.3911E-42
  1.5688E+03  2.3905E-42
  1.5692E+03  2.3898E-42
  1.5696E+03  2.3891E-42
  1.5699E+03  2.3885E-42
  1.5703E+03  2.3878E-42
  1.5707E+03  2.3871E-42
  1.5711E+03  2.3864E-42
  1.5714E+03  2.3858E-42
  1.5718E+03  2.3851E-42
  1.5722E+03  2.3844E-42
  1.5726E+03  2.3838E-42
  1.5729E+03  2.3831E-42
  1.5733E+03  2.3824E-42
  1.5737E+03  2.3818E-42
  1.5741E+03  2.3811E-42
  1.5744E+03  2.3804E-42
  1.5748E+03  2.3797E-42
  1.5752E+03  2.3791E-42
  1.5756E+03  2.3784E-42
  1.5759E+03  2.3777E-42
  1.5763E+03  2.3771E-42
  1.5767E+03  2.3764E-42
  1.5771E+03  2.3757E-42
  1.5774E+03  2.3751E-42
  1.5778E+03  2.3744E-42
  1.5782E+03  2.3738E-42
  1.5786E+03  2.3731E-42
  1.5789E+03  2.3724E-42
  1.5793E+03  2.3718E-42
  1.5797E+03  2.3711E-42
  1.5801E+03  2.3704E-42
  1.5804E+03  2.3698E-42
  1.5808E+03  2.3691E-42
  1.5812E+03  2.3684E-42
  1.5816E+03  2.3678E-42
  1.5819E+03  2.3671E-42
  1.5823E+03  2.3665E-42
  1.5827E+03  2.3658E-42
  1.5831E+03  2.3651E-42
  1.5834E+03  2.3645E-42
  1.5838E+03  2.3638E-42
  1.5842E+03  2.3631E-42
  1.5846E+03  2.3625E-42
  1.5849E+03  2.3618E-42
  1.5853E+03  2.3612E-42
  1.5857E+03  2.3605E-42
  1.5861E+03  2.3598E-42
  1.5864E+03  2.3592E-42
  1.5868E+03  2.3585E-42
  1.5872E+03  2.3579E-42
  1.5876E+03  2.3572E-42
  1.5879E+03  2.3566E-42
  1.5883E+03  2.3559E-42
  1.5887E+03  2.3552E-42
  1.5891E+03  2.3546E-42
  1.5894E+03  2.3539E-42
  1.5898E+03  2.3533E-42
  1.5902E+03  2.3526E-42
  1.5906E+03  2.3520E-42
  1.5909E+03  2.3513E-42
  1.5913E+03  2.3507E-42
  1.5917E+03  2.3500E-42
  1.5921E+03  2.3493E-42
  1.5924E+03  2.3487E-42
  1.5928E+03  2.3480E-42
  1.5932E+03  2.3474E-42
  1.5936E+03  2.3467E-42
  1.5939E+03  2.3461E-42
  1.5943E+03  2.3454E-42
  1.5947E+03  2.3448E-42
  1.5951E+03  2.3441E-42
  1.5954E+03  2.3435E-42
  1.5958E+03  2.3428E-42
  1.5962E+03  2.3422E-42
  1.5966E+03  2.3415E-42
  1.5969E+03  2.3409E-42
  1.5973E+03  2.3402E-42
  1.5977E+03  2.3396E-42
  1.5981E+03  2.3389E-42
  1.5984E+03  2.3383E-42
  1.5988E+03  2.3376E-42
  1.5992E+03  2.3370E-42
  1.5996E+03  2.3363E-42
  1.5999E+03  2.3357E-42
  1.6003E+03  2.3350E-42
  1.6007E+03  2.3344E-42
  1.6011E+03  2.3337E-42
  1.6015E+03  2.3331E-42
  1.6018E+03  2.3324E-42
  1.6022E+03  2.3318E-42
  1.6026E+03  2.3311E-42
  1.6030E+03  2.3305E-42
  1.6033E+03  2.3299E-42
  1.6037E+03  2.3292E-42
  1.6041E+03  2.3286E-42
  1.6045E+03  2.3279E-42
  1.6048E+03  2.3273E-42
  1.6052E+03  2.3266E-42
  1.6056E+03  2.3260E-42
  1.6060E+03  2.3253E-42
  1.6063E+03  2.3247E-42
  1.6067E+03  2.3241E-42
  1.6071E+03  2.3234E-42
  1.6075E+03  2.3228E-42
  1.6078E+03  2.3221E-42
  1.6082E+03  2.3215E-42
  1.6086E+03  2.3208E-42
  1.6090E+03  2.3202E-42
  1.6093E+03  2.3196E-42
  1.6097E+03  2.3189E-42
  1.6101E+03  2.3183E-42
  1.6105E+03  2.3176E-42
  1.6108E+03  2.3170E-42
  1.6112E+03  2.3164E-42
  1.6116E+03  2.3157E-42
  1.6120E+03  2.3151E-42
  1.6123E+03  2.3144E-42
  1.6127E+03  2.3138E-42
  1.6131E+03  2.3132E-42
  1.6135E+03  2.3125E-42
  1.6138E+03  2.3119E-42
  1.6142E+03  2.3113E-42
  1.6146E+03  2.3106E-42
  1.6150E+03  2.3100E-42
  1.6153E+03  2.3094E-42
  1.6157E+03  2.3087E-42
  1.6161E+03  2.3081E-42
  1.6165E+03  2.3074E-42
  1.6168E+03  2.3068E-42
  1.6172E+03  2.3062E-42
  1.6176E+03  2.3055E-42
  1.6180E+03  2.3049E-42
  1.6183E+03  2.3043E-42
  1.6187E+03  2.3036E-42
  1.6191E+03  2.3030E-42
  1.6195E+03  2.3024E-42
  1.6198E+03  2.3017E-42
  1.6202E+03  2.3011E-42
  1.6206E+03  2.3005E-42
  1.6210E+03  2.2998E-42
  1.6213E+03  2.2992E-42
  1.6217E+03  2.2986E-42
  1.6221E+03  2.2979E-42
  1.6225E+03  2.2973E-42
  1.6228E+03  2.2967E-42
  1.6232E+03  2.2961E-42
  1.6236E+03  2.2954E-42
  1.6240E+03  2.2948E-42
  1.6243E+03  2.2942E-42
  1.6247E+03  2.2935E-42
  1.6251E+03  2.2929E-42
  1.6255E+03  2.2923E-42
  1.6258E+03  2.2916E-42
  1.6262E+03  2.2910E-42
  1.6266E+03  2.2904E-42
  1.6270E+03  2.2898E-42
  1.6273E+03  2.2891E-42
  1.6277E+03  2.2885E-42
  1.6281E+03  2.2879E-42
  1.6285E+03  2.2873E-42
  1.6288E+03  2.2866E-42
  1.6292E+03  2.2860E-42
  1.6296E+03  2.2854E-42
  1.6300E+03  2.2848E-42
  1.6303E+03  2.2841E-42
  1.6307E+03  2.2835E-42
  1.6311E+03  2.2829E-42
  1.6315E+03  2.2823E-42
  1.6318E+03  2.2816E-42
  1.6322E+03  2.2810E-42
  1.6326E+03  2.2804E-42
  1.6330E+03  2.2798E-42
  1.6333E+03  2.2791E-42
  1.6337E+03  2.2785E-42
  1.6341E+03  2.2779E-42
  1.6345E+03  2.2773E-42
  1.6348E+03  2.2766E-42
  1.6352E+03  2.2760E-42
  1.6356E+03  2.2754E-42
  1.6360E+03  2.2748E-42
  1.6363E+03  2.2742E-42
  1.6367E+03  2.2735E-42
  1.6371E+03  2.2729E-42
  1.6375E+03  2.2723E-42
  1.6378E+03  2.2717E-42
  1.6382E+03  2.2711E-42
  1.6386E+03  2.2704E-42
  1.6390E+03  2.2698E-42
  1.6393E+03  2.2692E-42
  1.6397E+03  2.2686E-42
  1.6401E+03  2.2680E-42
  1.6405E+03  2.2674E-42
  1.6408E+03  2.2667E-42
  1.6412E+03  2.2661E-42
  1.6416E+03  2.2655E-42
  1.6420E+03  2.2649E-42
  1.6423E+03  2.2643E-42
  1.6427E+03  2.2637E-42
  1.6431E+03  2.2630E-42
  1.6435E+03  2.2624E-42
  1.6438E+03  2.2618E-42
  1.6442E+03  2.2612E-42
  1.6446E+03  2.2606E-42
  1.6450E+03  2.2600E-42
  1.6453E+03  2.2593E-42
  1.6457E+03  2.2587E-42
  1.6461E+03  2.2581E-42
  1.6465E+03  2.2575E-42
  1.6468E+03  2.2569E-42
  1.6472E+03  2.2563E-42
  1.6476E+03  2.2557E-42
  1.6480E+03  2.2551E-42
  1.6483E+03  2.2544E-42
  1.6487E+03  2.2538E-42
  1.6491E+03  2.2532E-42
  1.6495E+03  2.2526E-42
  1.6498E+03  2.2520E-42
  1.6502E+03  2.2514E-42
  1.6506E+03  2.2508E-42
  1.6510E+03  2.2502E-42
  1.6513E+03  2.2496E-42
  1.6517E+03  2.2489E-42
  1.6521E+03  2.2483E-42
  1.6525E+03  2.2477E-42
  1.6528E+03  2.2471E-42
  1.6532E+03  2.2465E-42
  1.6536E+03  2.2459E-42
  1.6540E+03  2.2453E-42
  1.6543E+03  2.2447E-42
  1.6547E+03  2.2441E-42
  1.6551E+03  2.2435E-42
  1.6555E+03  2.2429E-42
  1.6558E+03  2.2423E-42
  1.6562E+03  2.2417E-42
  1.6566E+03  2.2410E-42
  1.6570E+03  2.2404E-42
  1.6573E+03  2.2398E-42
  1.6577E+03  2.2392E-42
  1.6581E+03  2.2386E-42
  1.6585E+03  2.2380E-42
  1.6588E+03  2.2374E-42
  1.6592E+03  2.2368E-42
  1.6596E+03  2.2362E-42
  1.6600E+03  2.2356E-42
  1.6603E+03  2.2350E-42
  1.6607E+03  2.2344E-42
  1.6611E+03  2.2338E-42
  1.6615E+03  2.2332E-42
  1.6618E+03  2.2326E-42
  1.6622E+03  2.2320E-42
  1.6626E+03  2.2314E-42
  1.6630E+03  2.2308E-42
  1.6633E+03  2.2302E-42
  1.6637E+03  2.2296E-42
  1.6641E+03  2.2290E-42
  1.6645E+03  2.2284E-42
  1.6648E+03  2.2278E-42
  1.6652E+03  2.2272E-42
  1.6656E+03  2.2266E-42
  1.6660E+03  2.2260E-42
  1.6663E+03  2.2254E-42
  1.6667E+03  2.2248E-42
  1.6671E+03  2.2242E-42
  1.6675E+03  2.2236E-42
  1.6678E+03  2.2230E-42
  1.6682E+03  2.2224E-42
  1.6686E+03  2.2218E-42
  1.6690E+03  2.2212E-42
  1.6693E+03  2.2206E-42
  1.6697E+03  2.2200E-42
  1.6701E+03  2.2194E-42
  1.6705E+03  2.2188E-42
  1.6708E+03  2.2182E-42
  1.6712E+03  2.2176E-42
  1.6716E+03  2.2170E-42
  1.6720E+03  2.2164E-42
  1.6723E+03  2.2158E-42
  1.6727E+03  2.2152E-42
  1.6731E+03  2.2146E-42
  1.6735E+03  2.2140E-42
  1.6738E+03  2.2134E-42
  1.6742E+03  2.2129E-42
  1.6746E+03  2.2123E-42
  1.6750E+03  2.2117E-42
  1.6753E+03  2.2111E-42
  1.6757E+03  2.2105E-42
  1.6761E+03  2.2099E-42
  1.6765E+03  2.2093E-42
  1.6768E+03  2.2087E-42
  1.6772E+03  2.2081E-42
  1.6776E+03  2.2075E-42
  1.6780E+03  2.2069E-42
  1.6783E+03  2.2063E-42
  1.6787E+03  2.2057E-42
  1.6791E+03  2.2052E-42
  1.6795E+03  2.2046E-42
  1.6798E+03  2.2040E-42
  1.6802E+03  2.2034E-42
  1.6806E+03  2.2028E-42
  1.6810E+03  2.2022E-42
  1.6813E+03  2.2016E-42
  1.6817E+03  2.2010E-42
  1.6821E+03  2.2004E-42
  1.6825E+03  2.1999E-42
  1.6828E+03  2.1993E-42
  1.6832E+03  2.1987E-42
  1.6836E+03  2.1981E-42
  1.6840E+03  2.1975E-42
  1.6843E+03  2.1969E-42
  1.6847E+03  2.1963E-42
  1.6851E+03  2.1957E-42
  1.6855E+03  2.1952E-42
  1.6858E+03  2.1946E-42
  1.6862E+03  2.1940E-42
  1.6866E+03  2.1934E-42
  1.6870E+03  2.1928E-42
  1.6873E+03  2.1922E-42
  1.6877E+03  2.1916E-42
  1.6881E+03  2.1911E-42
  1.6885E+03  2.1905E-42
  1.6888E+03  2.1899E-42
  1.6892E+03  2.1893E-42
  1.6896E+03  2.1887E-42
  1.6900E+03  2.1881E-42
  1.6903E+03  2.1876E-42
  1.6907E+03  2.1870E-42
  1.6911E+03  2.1864E-42
  1.6915E+03  2.1858E-42
  1.6918E+03  2.1852E-42
  1.6922E+03  2.1847E-42
  1.6926E+03  2.1841E-42
  1.6930E+03  2.1835E-42
  1.6933E+03  2.1829E-42
  1.6937E+03  2.1823E-42
  1.6941E+03  2.1817E-42
  1.6945E+03  2.1812E-42
  1.6948E+03  2.1806E-42
  1.6952E+03  2.1800E-42
  1.6956E+03  2.1794E-42
  1.6960E+03  2.1788E-42
  1.6963E+03  2.1783E-42
  1.6967E+03  2.1777E-42
  1.6971E+03  2.1771E-42
  1.6975E+03  2.1765E-42
  1.6978E+03  2.1760E-42
  1.6982E+03  2.1754E-42
  1.6986E+03  2.1748E-42
  1.6990E+03  2.1742E-42
  1.6993E+03  2.1736E-42
  1.6997E+03  2.1731E-42
  1.7001E+03  2.1725E-42
  1.7005E+03  2.1719E-42
  1.7008E+03  2.1713E-42
  1.7012E+03  2.1708E-42
  1.7016E+03  2.1702E-42
  1.7020E+03  2.1696E-42
  1.7023E+03  2.1690E-42
  1.7027E+03  2.1685E-42
  1.7031E+03  2.1679E-42
  1.7035E+03  2.1673E-42
  1.7038E+03  2.1667E-42
  1.7042E+03  2.1662E-42
  1.7046E+03  2.1656E-42
  1.7050E+03  2.1650E-42
  1.7053E+03  2.1644E-42
  1.7057E+03  2.1639E-42
  1.7061E+03  2.1633E-42
  1.7065E+03  2.1627E-42
  1.7068E+03  2.1622E-42
  1.7072E+03  2.1616E-42
  1.7076E+03  2.1610E-42
  1.7080E+03  2.1604E-42
  1.7083E+03  2.1599E-42
  1.7087E+03  2.1593E-42
  1.7091E+03  2.1587E-42
  1.7095E+03  2.1582E-42
  1.7098E+03  2.1576E-42
  1.7102E+03  2.1570E-42
  1.7106E+03  2.1565E-42
  1.7110E+03  2.1559E-42
  1.7113E+03  2.1553E-42
  1.7117E+03  2.1547E-42
  1.7121E+03  2.1542E-42
  1.7125E+03  2.1536E-42
  1.7128E+03  2.1530E-42
  1.7132E+03  2.1525E-42
  1.7136E+03  2.1519E-42
  1.7140E+03  2.1513E-42
  1.7143E+03  2.1508E-42
  1.7147E+03  2.1502E-42
  1.7151E+03  2.1496E-42
  1.7155E+03  2.1491E-42
  1.7158E+03  2.1485E-42
  1.7162E+03  2.1479E-42
  1.7166E+03  2.1474E-42
  1.7170E+03  2.1468E-42
  1.7173E+03  2.1462E-42
  1.7177E+03  2.1457E-42
  1.7181E+03  2.1451E-42
  1.7185E+03  2.1445E-42
  1.7188E+03  2.1440E-42
  1.7192E+03  2.1434E-42
  1.7196E+03  2.1429E-42
  1.7200E+03  2.1423E-42
  1.7203E+03  2.1417E-42
  1.7207E+03  2.1412E-42
  1.7211E+03  2.1406E-42
  1.7215E+03  2.1400E-42
  1.7218E+03  2.1395E-42
  1.7222E+03  2.1389E-42
  1.7226E+03  2.1384E-42
  1.7230E+03  2.1378E-42
  1.7233E+03  2.1372E-42
  1.7237E+03  2.1367E-42
  1.7241E+03  2.1361E-42
  1.7245E+03  2.1355E-42
  1.7248E+03  2.1350E-42
  1.7252E+03  2.1344E-42
  1.7256E+03  2.1339E-42
  1.7260E+03  2.1333E-42
  1.7263E+03  2.1327E-42
  1.7267E+03  2.1322E-42
  1.7271E+03  2.1316E-42
  1.7275E+03  2.1311E-42
  1.7278E+03  2.1305E-42
  1.7282E+03  2.1300E-42
  1.7286E+03  2.1294E-42
  1.7290E+03  2.1288E-42
  1.7293E+03  2.1283E-42
  1.7297E+03  2.1277E-42
  1.7301E+03  2.1272E-42
  1.7305E+03  2.1266E-42
  1.7308E+03  2.1261E-42
  1.7312E+03  2.1255E-42
  1.7316E+03  2.1249E-42
  1.7320E+03  2.1244E-42
  1.7323E+03  2.1238E-42
  1.7327E+03  2.1233E-42
  1.7331E+03  2.1227E-42
  1.7335E+03  2.1222E-42
  1.7338E+03  2.1216E-42
  1.7342E+03  2.1211E-42
  1.7346E+03  2.1205E-42
  1.7350E+03  2.1199E-42
  1.7353E+03  2.1194E-42
  1.7357E+03  2.1188E-42
  1.7361E+03  2.1183E-42
  1.7365E+03  2.1177E-42
  1.7368E+03  2.1172E-42
  1.7372E+03  2.1166E-42
  1.7376E+03  2.1161E-42
  1.7380E+03  2.1155E-42
  1.7383E+03  2.1150E-42
  1.7387E+03  2.1144E-42
  1.7391E+03  2.1139E-42
  1.7395E+03  2.1133E-42
  1.7398E+03  2.1128E-42
  1.7402E+03  2.1122E-42
  1.7406E+03  2.1117E-42
  1.7410E+03  2.1111E-42
  1.7413E+03  2.1106E-42
  1.7417E+03  2.1100E-42
  1.7421E+03  2.1095E-42
  1.7425E+03  2.1089E-42
  1.7428E+03  2.1084E-42
  1.7432E+03  2.1078E-42
  1.7436E+03  2.1073E-42
  1.7440E+03  2.1067E-42
  1.7443E+03  2.1062E-42
  1.7447E+03  2.1056E-42
  1.7451E+03  2.1051E-42
  1.7455E+03  2.1045E-42
  1.7458E+03  2.1040E-42
  1.7462E+03  2.1034E-42
  1.7466E+03  2.1029E-42
  1.7470E+03  2.1023E-42
  1.7473E+03  2.1018E-42
  1.7477E+03  2.1012E-42
  1.7481E+03  2.1007E-42
  1.7485E+03  2.1002E-42
  1.7488E+03  2.0996E-42
  1.7492E+03  2.0991E-42
  1.7496E+03  2.0985E-42
  1.7500E+03  2.0980E-42
  1.7503E+03  2.0974E-42
  1.7507E+03  2.0969E-42
  1.7511E+03  2.0963E-42
  1.7515E+03  2.0958E-42
  1.7518E+03  2.0953E-42
  1.7522E+03  2.0947E-42
  1.7526E+03  2.0942E-42
  1.7530E+03  2.0936E-42
  1.7533E+03  2.0931E-42
  1.7537E+03  2.0925E-42
  1.7541E+03  2.0920E-42
  1.7545E+03  2.0915E-42
  1.7548E+03  2.0909E-42
  1.7552E+03  2.0904E-42
  1.7556E+03  2.0898E-42
  1.7560E+03  2.0893E-42
  1.7563E+03  2.0887E-42
  1.7567E+03  2.0882E-42
  1.7571E+03  2.0877E-42
  1.7575E+03  2.0871E-42
  1.7578E+03  2.0866E-42
  1.7582E+03  2.0860E-42
  1.7586E+03  2.0855E-42
  1.7590E+03  2.0850E-42
  1.7593E+03  2.0844E-42
  1.7597E+03  2.0839E-42
  1.7601E+03  2.0833E-42
  1.7605E+03  2.0828E-42
  1.7608E+03  2.0823E-42
  1.7612E+03  2.0817E-42
  1.7616E+03  2.0812E-42
  1.7620E+03  2.0807E-42
  1.7623E+03  2.0801E-42
  1.7627E+03  2.0796E-42
  1.7631E+03  2.0790E-42
  1.7635E+03  2.0785E-42
  1.7638E+03  2.0780E-42
  1.7642E+03  2.0774E-42
  1.7646E+03  2.0769E-42
  1.7650E+03  2.0764E-42
  1.7653E+03  2.0758E-42
  1.7657E+03  2.0753E-42
  1.7661E+03  2.0748E-42
  1.7665E+03  2.0742E-42
  1.7668E+03  2.0737E-42
  1.7672E+03  2.0732E-42
  1.7676E+03  2.0726E-42
  1.7680E+03  2.0721E-42
  1.7683E+03  2.0716E-42
  1.7687E+03  2.0710E-42
  1.7691E+03  2.0705E-42
  1.7695E+03  2.0700E-42
  1.7698E+03  2.0694E-42
  1.7702E+03  2.0689E-42
  1.7706E+03  2.0684E-42
  1.7710E+03  2.0678E-42
  1.7713E+03  2.0673E-42
  1.7717E+03  2.0668E-42
  1.7721E+03  2.0662E-42
  1.7725E+03  2.0657E-42
  1.7728E+03  2.0652E-42
  1.7732E+03  2.0646E-42
  1.7736E+03  2.0641E-42
  1.7740E+03  2.0636E-42
  1.7743E+03  2.0630E-42
  1.7747E+03  2.0625E-42
  1.7751E+03  2.0620E-42
  1.7755E+03  2.0615E-42
  1.7758E+03  2.0609E-42
  1.7762E+03  2.0604E-42
  1.7766E+03  2.0599E-42
  1.7770E+03  2.0593E-42
  1.7773E+03  2.0588E-42
  1.7777E+03  2.0583E-42
  1.7781E+03  2.0578E-42
  1.7785E+03  2.0572E-42
  1.7788E+03  2.0567E-42
  1.7792E+03  2.0562E-42
  1.7796E+03  2.0556E-42
  1.7800E+03  2.0551E-42
  1.7803E+03  2.0546E-42
  1.7807E+03  2.0541E-42
  1.7811E+03  2.0535E-42
  1.7815E+03  2.0530E-42
  1.7818E+03  2.0525E-42
  1.7822E+03  2.0520E-42
  1.7826E+03  2.0514E-42
  1.7830E+03  2.0509E-42
  1.7833E+03  2.0504E-42
  1.7837E+03  2.0499E-42
  1.7841E+03  2.0493E-42
  1.7845E+03  2.0488E-42
  1.7848E+03  2.0483E-42
  1.7852E+03  2.0478E-42
  1.7856E+03  2.0472E-42
  1.7860E+03  2.0467E-42
  1.7863E+03  2.0462E-42
  1.7867E+03  2.0457E-42
  1.7871E+03  2.0451E-42
  1.7875E+03  2.0446E-42
  1.7878E+03  2.0441E-42
  1.7882E+03  2.0436E-42
  1.7886E+03  2.0431E-42
  1.7890E+03  2.0425E-42
  1.7893E+03  2.0420E-42
  1.7897E+03  2.0415E-42
  1.7901E+03  2.0410E-42
  1.7905E+03  2.0405E-42
  1.7908E+03  2.0399E-42
  1.7912E+03  2.0394E-42
  1.7916E+03  2.0389E-42
  1.7920E+03  2.0384E-42
  1.7923E+03  2.0378E-42
  1.7927E+03  2.0373E-42
  1.7931E+03  2.0368E-42
  1.7935E+03  2.0363E-42
  1.7938E+03  2.0358E-42
  1.7942E+03  2.0353E-42
  1.7946E+03  2.0347E-42
  1.7950E+03  2.0342E-42
  1.7953E+03  2.0337E-42
  1.7957E+03  2.0332E-42
  1.7961E+03  2.0327E-42
  1.7965E+03  2.0321E-42
  1.7968E+03  2.0316E-42
  1.7972E+03  2.0311E-42
  1.7976E+03  2.0306E-42
  1.7980E+03  2.0301E-42
  1.7983E+03  2.0296E-42
  1.7987E+03  2.0290E-42
  1.7991E+03  2.0285E-42
  1.7995E+03  2.0280E-42
  1.7998E+03  2.0275E-42
  1.8002E+03  2.0270E-42
  1.8006E+03  2.0265E-42
  1.8010E+03  2.0260E-42
  1.8014E+03  2.0254E-42
  1.8017E+03  2.0249E-42
  1.8021E+03  2.0244E-42
  1.8025E+03  2.0239E-42
  1.8029E+03  2.0234E-42
  1.8032E+03  2.0229E-42
  1.8036E+03  2.0224E-42
  1.8040E+03  2.0218E-42
  1.8044E+03  2.0213E-42
  1.8047E+03  2.0208E-42
  1.8051E+03  2.0203E-42
  1.8055E+03  2.0198E-42
  1.8059E+03  2.0193E-42
  1.8062E+03  2.0188E-42
  1.8066E+03  2.0183E-42
  1.8070E+03  2.0177E-42
  1.8074E+03  2.0172E-42
  1.8077E+03  2.0167E-42
  1.8081E+03  2.0162E-42
  1.8085E+03  2.0157E-42
  1.8089E+03  2.0152E-42
  1.8092E+03  2.0147E-42
  1.8096E+03  2.0142E-42
  1.8100E+03  2.0137E-42
  1.8104E+03  2.0131E-42
  1.8107E+03  2.0126E-42
  1.8111E+03  2.0121E-42
  1.8115E+03  2.0116E-42
  1.8119E+03  2.0111E-42
  1.8122E+03  2.0106E-42
  1.8126E+03  2.0101E-42
  1.8130E+03  2.0096E-42
  1.8134E+03  2.0091E-42
  1.8137E+03  2.0086E-42
  1.8141E+03  2.0081E-42
  1.8145E+03  2.0076E-42
  1.8149E+03  2.0070E-42
  1.8152E+03  2.0065E-42
  1.8156E+03  2.0060E-42
  1.8160E+03  2.0055E-42
  1.8164E+03  2.0050E-42
  1.8167E+03  2.0045E-42
  1.8171E+03  2.0040E-42
  1.8175E+03  2.0035E-42
  1.8179E+03  2.0030E-42
  1.8182E+03  2.0025E-42
  1.8186E+03  2.0020E-42
  1.8190E+03  2.0015E-42
  1.8194E+03  2.0010E-42
  1.8197E+03  2.0005E-42
  1.8201E+03  2.0000E-42
  1.8205E+03  1.9995E-42
  1.8209E+03  1.9990E-42
  1.8212E+03  1.9985E-42
  1.8216E+03  1.9980E-42
  1.8220E+03  1.9975E-42
  1.8224E+03  1.9969E-42
  1.8227E+03  1.9964E-42
  1.8231E+03  1.9959E-42
  1.8235E+03  1.9954E-42
  1.8239E+03  1.9949E-42
  1.8242E+03  1.9944E-42
  1.8246E+03  1.9939E-42
  1.8250E+03  1.9934E-42
  1.8254E+03  1.9929E-42
  1.8257E+03  1.9924E-42
  1.8261E+03  1.9919E-42
  1.8265E+03  1.9914E-42
  1.8269E+03  1.9909E-42
  1.8272E+03  1.9904E-42
  1.8276E+03  1.9899E-42
  1.8280E+03  1.9894E-42
  1.8284E+03  1.9889E-42
  1.8287E+03  1.9884E-42
  1.8291E+03  1.9879E-42
  1.8295E+03  1.9874E-42
  1.8299E+03  1.9869E-42
  1.8302E+03  1.9864E-42
  1.8306E+03  1.9859E-42
  1.8310E+03  1.9854E-42
  1.8314E+03  1.9849E-42
  1.8317E+03  1.9844E-42
  1.8321E+03  1.9839E-42
  1.8325E+03  1.9834E-42
  1.8329E+03  1.9829E-42
  1.8332E+03  1.9824E-42
  1.8336E+03  1.9820E-42
  1.8340E+03  1.9815E-42
  1.8344E+03  1.9810E-42
  1.8347E+03  1.9805E-42
  1.8351E+03  1.9800E-42
  1.8355E+03  1.9795E-42
  1.8359E+03  1.9790E-42
  1.8362E+03  1.9785E-42
  1.8366E+03  1.9780E-42
  1.8370E+03  1.9775E-42
  1.8374E+03  1.9770E-42
  1.8377E+03  1.9765E-42
  1.8381E+03  1.9760E-42
  1.8385E+03  1.9755E-42
  1.8389E+03  1.9750E-42
  1.8392E+03  1.9745E-42
  1.8396E+03  1.9740E-42
  1.8400E+03  1.9735E-42
  1.8404E+03  1.9730E-42
  1.8407E+03  1.9725E-42
  1.8411E+03  1.9721E-42
  1.8415E+03  1.9716E-42
  1.8419E+03  1.9711E-42
  1.8422E+03  1.9706E-42
  1.8426E+03  1.9701E-42
  1.8430E+03  1.9696E-42
  1.8434E+03  1.9691E-42
  1.8437E+03  1.9686E-42
  1.8441E+03  1.9681E-42
  1.8445E+03  1.9676E-42
  1.8449E+03  1.9671E-42
  1.8452E+03  1.9666E-42
  1.8456E+03  1.9662E-42
  1.8460E+03  1.9657E-42
  1.8464E+03  1.9652E-42
  1.8467E+03  1.9647E-42
  1.8471E+03  1.9642E-42
  1.8475E+03  1.9637E-42
  1.8479E+03  1.9632E-42
  1.8482E+03  1.9627E-42
  1.8486E+03  1.9622E-42
  1.8490E+03  1.9617E-42
  1.8494E+03  1.9613E-42
  1.8497E+03  1.9608E-42
  1.8501E+03  1.9603E-42
  1.8505E+03  1.9598E-42
  1.8509E+03  1.9593E-42
  1.8512E+03  1.9588E-42
  1.8516E+03  1.9583E-42
  1.8520E+03  1.9578E-42
  1.8524E+03  1.9574E-42
  1.8527E+03  1.9569E-42
  1.8531E+03  1.9564E-42
  1.8535E+03  1.9559E-42
  1.8539E+03  1.9554E-42
  1.8542E+03  1.9549E-42
  1.8546E+03  1.9544E-42
  1.8550E+03  1.9540E-42
  1.8554E+03  1.9535E-42
  1.8557E+03  1.9530E-42
  1.8561E+03  1.9525E-42
  1.8565E+03  1.9520E-42
  1.8569E+03  1.9515E-42
  1.8572E+03  1.9510E-42
  1.8576E+03  1.9506E-42
  1.8580E+03  1.9501E-42
  1.8584E+03  1.9496E-42
  1.8587E+03  1.9491E-42
  1.8591E+03  1.9486E-42
  1.8595E+03  1.9481E-42
  1.8599E+03  1.9477E-42
  1.8602E+03  1.9472E-42
  1.8606E+03  1.9467E-42
  1.8610E+03  1.9462E-42
  1.8614E+03  1.9457E-42
  1.8617E+03  1.9452E-42
  1.8621E+03  1.9448E-42
  1.8625E+03  1.9443E-42
  1.8629E+03  1.9438E-42
  1.8632E+03  1.9433E-42
  1.8636E+03  1.9428E-42
  1.8640E+03  1.9424E-42
  1.8644E+03  1.9419E-42
  1.8647E+03  1.9414E-42
  1.8651E+03  1.9409E-42
  1.8655E+03  1.9404E-42
  1.8659E+03  1.9400E-42
  1.8662E+03  1.9395E-42
  1.8666E+03  1.9390E-42
  1.8670E+03  1.9385E-42
  1.8674E+03  1.9380E-42
  1.8677E+03  1.9376E-42
  1.8681E+03  1.9371E-42
  1.8685E+03  1.9366E-42
  1.8689E+03  1.9361E-42
  1.8692E+03  1.9356E-42
  1.8696E+03  1.9352E-42
  1.8700E+03  1.9347E-42
  1.8704E+03  1.9342E-42
  1.8707E+03  1.9337E-42
  1.8711E+03  1.9333E-42
  1.8715E+03  1.9328E-42
  1.8719E+03  1.9323E-42
  1.8722E+03  1.9318E-42
  1.8726E+03  1.9313E-42
  1.8730E+03  1.9309E-42
  1.8734E+03  1.9304E-42
  1.8737E+03  1.9299E-42
  1.8741E+03  1.9294E-42
  1.8745E+03  1.9290E-42
  1.8749E+03  1.9285E-42
  1.8752E+03  1.9280E-42
  1.8756E+03  1.9275E-42
  1.8760E+03  1.9271E-42
  1.8764E+03  1.9266E-42
  1.8767E+03  1.9261E-42
  1.8771E+03  1.9256E-42
  1.8775E+03  1.9252E-42
  1.8779E+03  1.9247E-42
  1.8782E+03  1.9242E-42
  1.8786E+03  1.9237E-42
  1.8790E+03  1.9233E-42
  1.8794E+03  1.9228E-42
  1.8797E+03  1.9223E-42
  1.8801E+03  1.9218E-42
  1.8805E+03  1.9214E-42
  1.8809E+03  1.9209E-42
  1.8812E+03  1.9204E-42
  1.8816E+03  1.9200E-42
  1.8820E+03  1.9195E-42
  1.8824E+03  1.9190E-42
  1.8827E+03  1.9185E-42
  1.8831E+03  1.9181E-42
  1.8835E+03  1.9176E-42
  1.8839E+03  1.9171E-42
  1.8842E+03  1.9167E-42
  1.8846E+03  1.9162E-42
  1.8850E+03  1.9157E-42
  1.8854E+03  1.9152E-42
  1.8857E+03  1.9148E-42
  1.8861E+03  1.9143E-42
  1.8865E+03  1.9138E-42
  1.8869E+03  1.9134E-42
  1.8872E+03  1.9129E-42
  1.8876E+03  1.9124E-42
  1.8880E+03  1.9120E-42
  1.8884E+03  1.9115E-42
  1.8887E+03  1.9110E-42
  1.8891E+03  1.9106E-42
  1.8895E+03  1.9101E-42
  1.8899E+03  1.9096E-42
  1.8902E+03  1.9092E-42
  1.8906E+03  1.9087E-42
  1.8910E+03  1.9082E-42
  1.8914E+03  1.9077E-42
  1.8917E+03  1.9073E-42
  1.8921E+03  1.9068E-42
  1.8925E+03  1.9063E-42
  1.8929E+03  1.9059E-42
  1.8932E+03  1.9054E-42
  1.8936E+03  1.9049E-42
  1.8940E+03  1.9045E-42
  1.8944E+03  1.9040E-42
  1.8947E+03  1.9036E-42
  1.8951E+03  1.9031E-42
  1.8955E+03  1.9026E-42
  1.8959E+03  1.9022E-42
  1.8962E+03  1.9017E-42
  1.8966E+03  1.9012E-42
  1.8970E+03  1.9008E-42
  1.8974E+03  1.9003E-42
  1.8977E+03  1.8998E-42
  1.8981E+03  1.8994E-42
  1.8985E+03  1.8989E-42
  1.8989E+03  1.8984E-42
  1.8992E+03  1.8980E-42
  1.8996E+03  1.8975E-42
  1.9000E+03  1.8971E-42
  1.9004E+03  1.8966E-42
  1.9007E+03  1.8961E-42
  1.9011E+03  1.8957E-42
  1.9015E+03  1.8952E-42
  1.9019E+03  1.8947E-42
  1.9022E+03  1.8943E-42
  1.9026E+03  1.8938E-42
  1.9030E+03  1.8934E-42
  1.9034E+03  1.8929E-42
  1.9037E+03  1.8924E-42
  1.9041E+03  1.8920E-42
  1.9045E+03  1.8915E-42
  1.9049E+03  1.8910E-42
  1.9052E+03  1.8906E-42
  1.9056E+03  1.8901E-42
  1.9060E+03  1.8897E-42
  1.9064E+03  1.8892E-42
  1.9067E+03  1.8887E-42
  1.9071E+03  1.8883E-42
  1.9075E+03  1.8878E-42
  1.9079E+03  1.8874E-42
  1.9082E+03  1.8869E-42
  1.9086E+03  1.8865E-42
  1.9090E+03  1.8860E-42
  1.9094E+03  1.8855E-42
  1.9097E+03  1.8851E-42
  1.9101E+03  1.8846E-42
  1.9105E+03  1.8842E-42
  1.9109E+03  1.8837E-42
  1.9112E+03  1.8832E-42
  1.9116E+03  1.8828E-42
  1.9120E+03  1.8823E-42
  1.9124E+03  1.8819E-42
  1.9127E+03  1.8814E-42
  1.9131E+03  1.8810E-42
  1.9135E+03  1.8805E-42
  1.9139E+03  1.8800E-42
  1.9142E+03  1.8796E-42
  1.9146E+03  1.8791E-42
  1.9150E+03  1.8787E-42
  1.9154E+03  1.8782E-42
  1.9157E+03  1.8778E-42
  1.9161E+03  1.8773E-42
  1.9165E+03  1.8769E-42
  1.9169E+03  1.8764E-42
  1.9172E+03  1.8759E-42
  1.9176E+03  1.8755E-42
  1.9180E+03  1.8750E-42
  1.9184E+03  1.8746E-42
  1.9187E+03  1.8741E-42
  1.9191E+03  1.8737E-42
  1.9195E+03  1.8732E-42
  1.9199E+03  1.8728E-42
  1.9202E+03  1.8723E-42
  1.9206E+03  1.8719E-42
  1.9210E+03  1.8714E-42
  1.9214E+03  1.8710E-42
  1.9217E+03  1.8705E-42
  1.9221E+03  1.8701E-42
  1.9225E+03  1.8696E-42
  1.9229E+03  1.8691E-42
  1.9232E+03  1.8687E-42
  1.9236E+03  1.8682E-42
  1.9240E+03  1.8678E-42
  1.9244E+03  1.8673E-42
  1.9247E+03  1.8669E-42
  1.9251E+03  1.8664E-42
  1.9255E+03  1.8660E-42
  1.9259E+03  1.8655E-42
  1.9262E+03  1.8651E-42
  1.9266E+03  1.8646E-42
  1.9270E+03  1.8642E-42
  1.9274E+03  1.8637E-42
  1.9277E+03  1.8633E-42
  1.9281E+03  1.8628E-42
  1.9285E+03  1.8624E-42
  1.9289E+03  1.8619E-42
  1.9292E+03  1.8615E-42
  1.9296E+03  1.8610E-42
  1.9300E+03  1.8606E-42
  1.9304E+03  1.8601E-42
  1.9307E+03  1.8597E-42
  1.9311E+03  1.8592E-42
  1.9315E+03  1.8588E-42
  1.9319E+03  1.8583E-42
  1.9322E+03  1.8579E-42
  1.9326E+03  1.8575E-42
  1.9330E+03  1.8570E-42
  1.9334E+03  1.8566E-42
  1.9337E+03  1.8561E-42
  1.9341E+03  1.8557E-42
  1.9345E+03  1.8552E-42
  1.9349E+03  1.8548E-42
  1.9352E+03  1.8543E-42
  1.9356E+03  1.8539E-42
  1.9360E+03  1.8534E-42
  1.9364E+03  1.8530E-42
  1.9367E+03  1.8525E-42
  1.9371E+03  1.8521E-42
  1.9375E+03  1.8517E-42
  1.9379E+03  1.8512E-42
  1.9382E+03  1.8508E-42
  1.9386E+03  1.8503E-42
  1.9390E+03  1.8499E-42
  1.9394E+03  1.8494E-42
  1.9397E+03  1.8490E-42
  1.9401E+03  1.8485E-42
  1.9405E+03  1.8481E-42
  1.9409E+03  1.8477E-42
  1.9412E+03  1.8472E-42
  1.9416E+03  1.8468E-42
  1.9420E+03  1.8463E-42
  1.9424E+03  1.8459E-42
  1.9427E+03  1.8454E-42
  1.9431E+03  1.8450E-42
  1.9435E+03  1.8445E-42
  1.9439E+03  1.8441E-42
  1.9442E+03  1.8437E-42
  1.9446E+03  1.8432E-42
  1.9450E+03  1.8428E-42
  1.9454E+03  1.8423E-42
  1.9457E+03  1.8419E-42
  1.9461E+03  1.8415E-42
  1.9465E+03  1.8410E-42
  1.9469E+03  1.8406E-42
  1.9472E+03  1.8401E-42
  1.9476E+03  1.8397E-42
  1.9480E+03  1.8393E-42
  1.9484E+03  1.8388E-42
  1.9487E+03  1.8384E-42
  1.9491E+03  1.8379E-42
  1.9495E+03  1.8375E-42
  1.9499E+03  1.8371E-42
  1.9502E+03  1.8366E-42
  1.9506E+03  1.8362E-42
  1.9510E+03  1.8357E-42
  1.9514E+03  1.8353E-42
  1.9517E+03  1.8349E-42
  1.9521E+03  1.8344E-42
  1.9525E+03  1.8340E-42
  1.9529E+03  1.8335E-42
  1.9532E+03  1.8331E-42
  1.9536E+03  1.8327E-42
  1.9540E+03  1.8322E-42
  1.9544E+03  1.8318E-42
  1.9547E+03  1.8314E-42
  1.9551E+03  1.8309E-42
  1.9555E+03  1.8305E-42
  1.9559E+03  1.8300E-42
  1.9562E+03  1.8296E-42
  1.9566E+03  1.8292E-42
  1.9570E+03  1.8287E-42
  1.9574E+03  1.8283E-42
  1.9577E+03  1.8279E-42
  1.9581E+03  1.8274E-42
  1.9585E+03  1.8270E-42
  1.9589E+03  1.8266E-42
  1.9592E+03  1.8261E-42
  1.9596E+03  1.8257E-42
  1.9600E+03  1.8252E-42
  1.9604E+03  1.8248E-42
  1.9607E+03  1.8244E-42
  1.9611E+03  1.8239E-42
  1.9615E+03  1.8235E-42
  1.9619E+03  1.8231E-42
  1.9622E+03  1.8226E-42
  1.9626E+03  1.8222E-42
  1.9630E+03  1.8218E-42
  1.9634E+03  1.8213E-42
  1.9637E+03  1.8209E-42
  1.9641E+03  1.8205E-42
  1.9645E+03  1.8200E-42
  1.9649E+03  1.8196E-42
  1.9652E+03  1.8192E-42
  1.9656E+03  1.8187E-42
  1.9660E+03  1.8183E-42
  1.9664E+03  1.8179E-42
  1.9667E+03  1.8174E-42
  1.9671E+03  1.8170E-42
  1.9675E+03  1.8166E-42
  1.9679E+03  1.8161E-42
  1.9682E+03  1.8157E-42
  1.9686E+03  1.8153E-42
  1.9690E+03  1.8149E-42
  1.9694E+03  1.8144E-42
  1.9697E+03  1.8140E-42
  1.9701E+03  1.8136E-42
  1.9705E+03  1.8131E-42
  1.9709E+03  1.8127E-42
  1.9712E+03  1.8123E-42
  1.9716E+03  1.8118E-42
  1.9720E+03  1.8114E-42
  1.9724E+03  1.8110E-42
  1.9727E+03  1.8105E-42
  1.9731E+03  1.8101E-42
  1.9735E+03  1.8097E-42
  1.9739E+03  1.8093E-42
  1.9742E+03  1.8088E-42
  1.9746E+03  1.8084E-42
  1.9750E+03  1.8080E-42
  1.9754E+03  1.8075E-42
  1.9757E+03  1.8071E-42
  1.9761E+03  1.8067E-42
  1.9765E+03  1.8063E-42
  1.9769E+03  1.8058E-42
  1.9772E+03  1.8054E-42
  1.9776E+03  1.8050E-42
  1.9780E+03  1.8046E-42
  1.9784E+03  1.8041E-42
  1.9787E+03  1.8037E-42
  1.9791E+03  1.8033E-42
  1.9795E+03  1.8028E-42
  1.9799E+03  1.8024E-42
  1.9802E+03  1.8020E-42
  1.9806E+03  1.8016E-42
  1.9810E+03  1.8011E-42
  1.9814E+03  1.8007E-42
  1.9817E+03  1.8003E-42
  1.9821E+03  1.7999E-42
  1.9825E+03  1.7994E-42
  1.9829E+03  1.7990E-42
  1.9832E+03  1.7986E-42
  1.9836E+03  1.7982E-42
  1.9840E+03  1.7977E-42
  1.9844E+03  1.7973E-42
  1.9847E+03  1.7969E-42
  1.9851E+03  1.7965E-42
  1.9855E+03  1.7960E-42
  1.9859E+03  1.7956E-42
  1.9862E+03  1.7952E-42
  1.9866E+03  1.7948E-42
  1.9870E+03  1.7943E-42
  1.9874E+03  1.7939E-42
  1.9877E+03  1.7935E-42
  1.9881E+03  1.7931E-42
  1.9885E+03  1.7927E-42
  1.9889E+03  1.7922E-42
  1.9892E+03  1.7918E-42
  1.9896E+03  1.7914E-42
  1.9900E+03  1.7910E-42
  1.9904E+03  1.7905E-42
  1.9907E+03  1.7901E-42
  1.9911E+03  1.7897E-42
  1.9915E+03  1.7893E-42
  1.9919E+03  1.7889E-42
  1.9922E+03  1.7884E-42
  1.9926E+03  1.7880E-42
  1.9930E+03  1.7876E-42
  1.9934E+03  1.7872E-42
  1.9937E+03  1.7868E-42
  1.9941E+03  1.7863E-42
  1.9945E+03  1.7859E-42
  1.9949E+03  1.7855E-42
  1.9952E+03  1.7851E-42
  1.9956E+03  1.7847E-42
  1.9960E+03  1.7842E-42
  1.9964E+03  1.7838E-42
  1.9967E+03  1.7834E-42
  1.9971E+03  1.7830E-42
  1.9975E+03  1.7826E-42
  1.9979E+03  1.7821E-42
  1.9982E+03  1.7817E-42
  1.9986E+03  1.7813E-42
  1.9990E+03  1.7809E-42
  1.9994E+03  1.7805E-42
  1.9997E+03  1.7801E-42
  2.0001E+03  1.7796E-42
  2.0005E+03  1.7792E-42
  2.0009E+03  1.7788E-42
  2.0013E+03  1.7784E-42
  2.0016E+03  1.7780E-42
  2.0020E+03  1.7775E-42
  2.0024E+03  1.7771E-42
  2.0028E+03  1.7767E-42
  2.0031E+03  1.7763E-42
  2.0035E+03  1.7759E-42
  2.0039E+03  1.7755E-42
  2.0043E+03  1.7751E-42
  2.0046E+03  1.7746E-42
  2.0050E+03  1.7742E-42
  2.0054E+03  1.7738E-42
  2.0058E+03  1.7734E-42
  2.0061E+03  1.7730E-42
  2.0065E+03  1.7726E-42
  2.0069E+03  1.7721E-42
  2.0073E+03  1.7717E-42
  2.0076E+03  1.7713E-42
  2.0080E+03  1.7709E-42
  2.0084E+03  1.7705E-42
  2.0088E+03  1.7701E-42
  2.0091E+03  1.7697E-42
  2.0095E+03  1.7692E-42
  2.0099E+03  1.7688E-42
  2.0103E+03  1.7684E-42
  2.0106E+03  1.7680E-42
  2.0110E+03  1.7676E-42
  2.0114E+03  1.7672E-42
  2.0118E+03  1.7668E-42
  2.0121E+03  1.7664E-42
  2.0125E+03  1.7659E-42
  2.0129E+03  1.7655E-42
  2.0133E+03  1.7651E-42
  2.0136E+03  1.7647E-42
  2.0140E+03  1.7643E-42
  2.0144E+03  1.7639E-42
  2.0148E+03  1.7635E-42
  2.0151E+03  1.7631E-42
  2.0155E+03  1.7626E-42
  2.0159E+03  1.7622E-42
  2.0163E+03  1.7618E-42
  2.0166E+03  1.7614E-42
  2.0170E+03  1.7610E-42
  2.0174E+03  1.7606E-42
  2.0178E+03  1.7602E-42
  2.0181E+03  1.7598E-42
  2.0185E+03  1.7594E-42
  2.0189E+03  1.7589E-42
  2.0193E+03  1.7585E-42
  2.0196E+03  1.7581E-42
  2.0200E+03  1.7577E-42
  2.0204E+03  1.7573E-42
  2.0208E+03  1.7569E-42
  2.0211E+03  1.7565E-42
  2.0215E+03  1.7561E-42
  2.0219E+03  1.7557E-42
  2.0223E+03  1.7553E-42
  2.0226E+03  1.7549E-42
  2.0230E+03  1.7545E-42
  2.0234E+03  1.7540E-42
  2.0238E+03  1.7536E-42
  2.0241E+03  1.7532E-42
  2.0245E+03  1.7528E-42
  2.0249E+03  1.7524E-42
  2.0253E+03  1.7520E-42
  2.0256E+03  1.7516E-42
  2.0260E+03  1.7512E-42
  2.0264E+03  1.7508E-42
  2.0268E+03  1.7504E-42
  2.0271E+03  1.7500E-42
  2.0275E+03  1.7496E-42
  2.0279E+03  1.7492E-42
  2.0283E+03  1.7488E-42
  2.0286E+03  1.7483E-42
  2.0290E+03  1.7479E-42
  2.0294E+03  1.7475E-42
  2.0298E+03  1.7471E-42
  2.0301E+03  1.7467E-42
  2.0305E+03  1.7463E-42
  2.0309E+03  1.7459E-42
  2.0313E+03  1.7455E-42
  2.0316E+03  1.7451E-42
  2.0320E+03  1.7447E-42
  2.0324E+03  1.7443E-42
  2.0328E+03  1.7439E-42
  2.0331E+03  1.7435E-42
  2.0335E+03  1.7431E-42
  2.0339E+03  1.7427E-42
  2.0343E+03  1.7423E-42
  2.0346E+03  1.7419E-42
  2.0350E+03  1.7415E-42
  2.0354E+03  1.7411E-42
  2.0358E+03  1.7407E-42
  2.0361E+03  1.7403E-42
  2.0365E+03  1.7399E-42
  2.0369E+03  1.7395E-42
  2.0373E+03  1.7391E-42
  2.0376E+03  1.7386E-42
  2.0380E+03  1.7382E-42
  2.0384E+03  1.7378E-42
  2.0388E+03  1.7374E-42
  2.0391E+03  1.7370E-42
  2.0395E+03  1.7366E-42
  2.0399E+03  1.7362E-42
  2.0403E+03  1.7358E-42
  2.0406E+03  1.7354E-42
  2.0410E+03  1.7350E-42
  2.0414E+03  1.7346E-42
  2.0418E+03  1.7342E-42
  2.0421E+03  1.7338E-42
  2.0425E+03  1.7334E-42
  2.0429E+03  1.7330E-42
  2.0433E+03  1.7326E-42
  2.0436E+03  1.7322E-42
  2.0440E+03  1.7318E-42
  2.0444E+03  1.7314E-42
  2.0448E+03  1.7310E-42
  2.0451E+03  1.7306E-42
  2.0455E+03  1.7302E-42
  2.0459E+03  1.7298E-42
  2.0463E+03  1.7294E-42
  2.0466E+03  1.7290E-42
  2.0470E+03  1.7286E-42
  2.0474E+03  1.7282E-42
  2.0478E+03  1.7278E-42
  2.0481E+03  1.7274E-42
  2.0485E+03  1.7270E-42
  2.0489E+03  1.7266E-42
  2.0493E+03  1.7263E-42
  2.0496E+03  1.7259E-42
  2.0500E+03  1.7255E-42
  2.0504E+03  1.7251E-42
  2.0508E+03  1.7247E-42
  2.0511E+03  1.7243E-42
  2.0515E+03  1.7239E-42
  2.0519E+03  1.7235E-42
  2.0523E+03  1.7231E-42
  2.0526E+03  1.7227E-42
  2.0530E+03  1.7223E-42
  2.0534E+03  1.7219E-42
  2.0538E+03  1.7215E-42
  2.0541E+03  1.7211E-42
  2.0545E+03  1.7207E-42
  2.0549E+03  1.7203E-42
  2.0553E+03  1.7199E-42
  2.0556E+03  1.7195E-42
  2.0560E+03  1.7191E-42
  2.0564E+03  1.7187E-42
  2.0568E+03  1.7183E-42
  2.0571E+03  1.7179E-42
  2.0575E+03  1.7175E-42
  2.0579E+03  1.7171E-42
  2.0583E+03  1.7167E-42
  2.0586E+03  1.7164E-42
  2.0590E+03  1.7160E-42
  2.0594E+03  1.7156E-42
  2.0598E+03  1.7152E-42
  2.0601E+03  1.7148E-42
  2.0605E+03  1.7144E-42
  2.0609E+03  1.7140E-42
  2.0613E+03  1.7136E-42
  2.0616E+03  1.7132E-42
  2.0620E+03  1.7128E-42
  2.0624E+03  1.7124E-42
  2.0628E+03  1.7120E-42
  2.0631E+03  1.7116E-42
  2.0635E+03  1.7112E-42
  2.0639E+03  1.7109E-42
  2.0643E+03  1.7105E-42
  2.0646E+03  1.7101E-42
  2.0650E+03  1.7097E-42
  2.0654E+03  1.7093E-42
  2.0658E+03  1.7089E-42
  2.0661E+03  1.7085E-42
  2.0665E+03  1.7081E-42
  2.0669E+03  1.7077E-42
  2.0673E+03  1.7073E-42
  2.0676E+03  1.7069E-42
  2.0680E+03  1.7066E-42
  2.0684E+03  1.7062E-42
  2.0688E+03  1.7058E-42
  2.0691E+03  1.7054E-42
  2.0695E+03  1.7050E-42
  2.0699E+03  1.7046E-42
  2.0703E+03  1.7042E-42
  2.0706E+03  1.7038E-42
  2.0710E+03  1.7034E-42
  2.0714E+03  1.7030E-42
  2.0718E+03  1.7027E-42
  2.0721E+03  1.7023E-42
  2.0725E+03  1.7019E-42
  2.0729E+03  1.7015E-42
  2.0733E+03  1.7011E-42
  2.0736E+03  1.7007E-42
  2.0740E+03  1.7003E-42
  2.0744E+03  1.6999E-42
  2.0748E+03  1.6995E-42
  2.0751E+03  1.6992E-42
  2.0755E+03  1.6988E-42
  2.0759E+03  1.6984E-42
  2.0763E+03  1.6980E-42
  2.0766E+03  1.6976E-42
  2.0770E+03  1.6972E-42
  2.0774E+03  1.6968E-42
  2.0778E+03  1.6965E-42
  2.0781E+03  1.6961E-42
  2.0785E+03  1.6957E-42
  2.0789E+03  1.6953E-42
  2.0793E+03  1.6949E-42
  2.0796E+03  1.6945E-42
  2.0800E+03  1.6941E-42
  2.0804E+03  1.6937E-42
  2.0808E+03  1.6934E-42
  2.0811E+03  1.6930E-42
  2.0815E+03  1.6926E-42
  2.0819E+03  1.6922E-42
  2.0823E+03  1.6918E-42
  2.0826E+03  1.6914E-42
  2.0830E+03  1.6911E-42
  2.0834E+03  1.6907E-42
  2.0838E+03  1.6903E-42
  2.0841E+03  1.6899E-42
  2.0845E+03  1.6895E-42
  2.0849E+03  1.6891E-42
  2.0853E+03  1.6887E-42
  2.0856E+03  1.6884E-42
  2.0860E+03  1.6880E-42
  2.0864E+03  1.6876E-42
  2.0868E+03  1.6872E-42
  2.0871E+03  1.6868E-42
  2.0875E+03  1.6864E-42
  2.0879E+03  1.6861E-42
  2.0883E+03  1.6857E-42
  2.0886E+03  1.6853E-42
  2.0890E+03  1.6849E-42
  2.0894E+03  1.6845E-42
  2.0898E+03  1.6842E-42
  2.0901E+03  1.6838E-42
  2.0905E+03  1.6834E-42
  2.0909E+03  1.6830E-42
  2.0913E+03  1.6826E-42
  2.0916E+03  1.6822E-42
  2.0920E+03  1.6819E-42
  2.0924E+03  1.6815E-42
  2.0928E+03  1.6811E-42
  2.0931E+03  1.6807E-42
  2.0935E+03  1.6803E-42
  2.0939E+03  1.6800E-42
  2.0943E+03  1.6796E-42
  2.0946E+03  1.6792E-42
  2.0950E+03  1.6788E-42
  2.0954E+03  1.6784E-42
  2.0958E+03  1.6781E-42
  2.0961E+03  1.6777E-42
  2.0965E+03  1.6773E-42
  2.0969E+03  1.6769E-42
  2.0973E+03  1.6765E-42
  2.0976E+03  1.6762E-42
  2.0980E+03  1.6758E-42
  2.0984E+03  1.6754E-42
  2.0988E+03  1.6750E-42
  2.0991E+03  1.6746E-42
  2.0995E+03  1.6743E-42
  2.0999E+03  1.6739E-42
  2.1003E+03  1.6735E-42
  2.1006E+03  1.6731E-42
  2.1010E+03  1.6728E-42
  2.1014E+03  1.6724E-42
  2.1018E+03  1.6720E-42
  2.1021E+03  1.6716E-42
  2.1025E+03  1.6712E-42
  2.1029E+03  1.6709E-42
  2.1033E+03  1.6705E-42
  2.1036E+03  1.6701E-42
  2.1040E+03  1.6697E-42
  2.1044E+03  1.6694E-42
  2.1048E+03  1.6690E-42
  2.1051E+03  1.6686E-42
  2.1055E+03  1.6682E-42
  2.1059E+03  1.6678E-42
  2.1063E+03  1.6675E-42
  2.1066E+03  1.6671E-42
  2.1070E+03  1.6667E-42
  2.1074E+03  1.6663E-42
  2.1078E+03  1.6660E-42
  2.1081E+03  1.6656E-42
  2.1085E+03  1.6652E-42
  2.1089E+03  1.6648E-42
  2.1093E+03  1.6645E-42
  2.1096E+03  1.6641E-42
  2.1100E+03  1.6637E-42
  2.1104E+03  1.6633E-42
  2.1108E+03  1.6630E-42
  2.1111E+03  1.6626E-42
  2.1115E+03  1.6622E-42
  2.1119E+03  1.6618E-42
  2.1123E+03  1.6615E-42
  2.1126E+03  1.6611E-42
  2.1130E+03  1.6607E-42
  2.1134E+03  1.6604E-42
  2.1138E+03  1.6600E-42
  2.1141E+03  1.6596E-42
  2.1145E+03  1.6592E-42
  2.1149E+03  1.6589E-42
  2.1153E+03  1.6585E-42
  2.1156E+03  1.6581E-42
  2.1160E+03  1.6577E-42
  2.1164E+03  1.6574E-42
  2.1168E+03  1.6570E-42
  2.1171E+03  1.6566E-42
  2.1175E+03  1.6563E-42
  2.1179E+03  1.6559E-42
  2.1183E+03  1.6555E-42
  2.1186E+03  1.6551E-42
  2.1190E+03  1.6548E-42
  2.1194E+03  1.6544E-42
  2.1198E+03  1.6540E-42
  2.1201E+03  1.6537E-42
  2.1205E+03  1.6533E-42
  2.1209E+03  1.6529E-42
  2.1213E+03  1.6525E-42
  2.1216E+03  1.6522E-42
  2.1220E+03  1.6518E-42
  2.1224E+03  1.6514E-42
  2.1228E+03  1.6511E-42
  2.1231E+03  1.6507E-42
  2.1235E+03  1.6503E-42
  2.1239E+03  1.6499E-42
  2.1243E+03  1.6496E-42
  2.1246E+03  1.6492E-42
  2.1250E+03  1.6488E-42
  2.1254E+03  1.6485E-42
  2.1258E+03  1.6481E-42
  2.1261E+03  1.6477E-42
  2.1265E+03  1.6474E-42
  2.1269E+03  1.6470E-42
  2.1273E+03  1.6466E-42
  2.1276E+03  1.6463E-42
  2.1280E+03  1.6459E-42
  2.1284E+03  1.6455E-42
  2.1288E+03  1.6452E-42
  2.1291E+03  1.6448E-42
  2.1295E+03  1.6444E-42
  2.1299E+03  1.6441E-42
  2.1303E+03  1.6437E-42
  2.1306E+03  1.6433E-42
  2.1310E+03  1.6429E-42
  2.1314E+03  1.6426E-42
  2.1318E+03  1.6422E-42
  2.1321E+03  1.6418E-42
  2.1325E+03  1.6415E-42
  2.1329E+03  1.6411E-42
  2.1333E+03  1.6407E-42
  2.1336E+03  1.6404E-42
  2.1340E+03  1.6400E-42
  2.1344E+03  1.6396E-42
  2.1348E+03  1.6393E-42
  2.1351E+03  1.6389E-42
  2.1355E+03  1.6386E-42
  2.1359E+03  1.6382E-42
  2.1363E+03  1.6378E-42
  2.1366E+03  1.6375E-42
  2.1370E+03  1.6371E-42
  2.1374E+03  1.6367E-42
  2.1378E+03  1.6364E-42
  2.1381E+03  1.6360E-42
  2.1385E+03  1.6356E-42
  2.1389E+03  1.6353E-42
  2.1393E+03  1.6349E-42
  2.1396E+03  1.6345E-42
  2.1400E+03  1.6342E-42
  2.1404E+03  1.6338E-42
  2.1408E+03  1.6334E-42
  2.1411E+03  1.6331E-42
  2.1415E+03  1.6327E-42
  2.1419E+03  1.6324E-42
  2.1423E+03  1.6320E-42
  2.1426E+03  1.6316E-42
  2.1430E+03  1.6313E-42
  2.1434E+03  1.6309E-42
  2.1438E+03  1.6305E-42
  2.1441E+03  1.6302E-42
  2.1445E+03  1.6298E-42
  2.1449E+03  1.6295E-42
  2.1453E+03  1.6291E-42
  2.1456E+03  1.6287E-42
  2.1460E+03  1.6284E-42
  2.1464E+03  1.6280E-42
  2.1468E+03  1.6276E-42
  2.1471E+03  1.6273E-42
  2.1475E+03  1.6269E-42
  2.1479E+03  1.6266E-42
  2.1483E+03  1.6262E-42
  2.1486E+03  1.6258E-42
  2.1490E+03  1.6255E-42
  2.1494E+03  1.6251E-42
  2.1498E+03  1.6248E-42
  2.1501E+03  1.6244E-42
  2.1505E+03  1.6240E-42
  2.1509E+03  1.6237E-42
  2.1513E+03  1.6233E-42
  2.1516E+03  1.6230E-42
  2.1520E+03  1.6226E-42
  2.1524E+03  1.6222E-42
  2.1528E+03  1.6219E-42
  2.1531E+03  1.6215E-42
  2.1535E+03  1.6212E-42
  2.1539E+03  1.6208E-42
  2.1543E+03  1.6204E-42
  2.1546E+03  1.6201E-42
  2.1550E+03  1.6197E-42
  2.1554E+03  1.6194E-42
  2.1558E+03  1.6190E-42
  2.1561E+03  1.6186E-42
  2.1565E+03  1.6183E-42
  2.1569E+03  1.6179E-42
  2.1573E+03  1.6176E-42
  2.1576E+03  1.6172E-42
  2.1580E+03  1.6169E-42
  2.1584E+03  1.6165E-42
  2.1588E+03  1.6161E-42
  2.1591E+03  1.6158E-42
  2.1595E+03  1.6154E-42
  2.1599E+03  1.6151E-42
  2.1603E+03  1.6147E-42
  2.1606E+03  1.6143E-42
  2.1610E+03  1.6140E-42
  2.1614E+03  1.6136E-42
  2.1618E+03  1.6133E-42
  2.1621E+03  1.6129E-42
  2.1625E+03  1.6126E-42
  2.1629E+03  1.6122E-42
  2.1633E+03  1.6119E-42
  2.1636E+03  1.6115E-42
  2.1640E+03  1.6111E-42
  2.1644E+03  1.6108E-42
  2.1648E+03  1.6104E-42
  2.1651E+03  1.6101E-42
  2.1655E+03  1.6097E-42
  2.1659E+03  1.6094E-42
  2.1663E+03  1.6090E-42
  2.1666E+03  1.6087E-42
  2.1670E+03  1.6083E-42
  2.1674E+03  1.6079E-42
  2.1678E+03  1.6076E-42
  2.1681E+03  1.6072E-42
  2.1685E+03  1.6069E-42
  2.1689E+03  1.6065E-42
  2.1693E+03  1.6062E-42
  2.1696E+03  1.6058E-42
  2.1700E+03  1.6055E-42
  2.1704E+03  1.6051E-42
  2.1708E+03  1.6048E-42
  2.1711E+03  1.6044E-42
  2.1715E+03  1.6041E-42
  2.1719E+03  1.6037E-42
  2.1723E+03  1.6033E-42
  2.1726E+03  1.6030E-42
  2.1730E+03  1.6026E-42
  2.1734E+03  1.6023E-42
  2.1738E+03  1.6019E-42
  2.1741E+03  1.6016E-42
  2.1745E+03  1.6012E-42
  2.1749E+03  1.6009E-42
  2.1753E+03  1.6005E-42
  2.1756E+03  1.6002E-42
  2.1760E+03  1.5998E-42
  2.1764E+03  1.5995E-42
  2.1768E+03  1.5991E-42
  2.1771E+03  1.5988E-42
  2.1775E+03  1.5984E-42
  2.1779E+03  1.5981E-42
  2.1783E+03  1.5977E-42
  2.1786E+03  1.5974E-42
  2.1790E+03  1.5970E-42
  2.1794E+03  1.5967E-42
  2.1798E+03  1.5963E-42
  2.1801E+03  1.5960E-42
  2.1805E+03  1.5956E-42
  2.1809E+03  1.5953E-42
  2.1813E+03  1.5949E-42
  2.1816E+03  1.5946E-42
  2.1820E+03  1.5942E-42
  2.1824E+03  1.5939E-42
  2.1828E+03  1.5935E-42
  2.1831E+03  1.5932E-42
  2.1835E+03  1.5928E-42
  2.1839E+03  1.5925E-42
  2.1843E+03  1.5921E-42
  2.1846E+03  1.5918E-42
  2.1850E+03  1.5914E-42
  2.1854E+03  1.5911E-42
  2.1858E+03  1.5907E-42
  2.1861E+03  1.5904E-42
  2.1865E+03  1.5900E-42
  2.1869E+03  1.5897E-42
  2.1873E+03  1.5893E-42
  2.1876E+03  1.5890E-42
  2.1880E+03  1.5886E-42
  2.1884E+03  1.5883E-42
  2.1888E+03  1.5879E-42
  2.1891E+03  1.5876E-42
  2.1895E+03  1.5872E-42
  2.1899E+03  1.5869E-42
  2.1903E+03  1.5865E-42
  2.1906E+03  1.5862E-42
  2.1910E+03  1.5858E-42
  2.1914E+03  1.5855E-42
  2.1918E+03  1.5852E-42
  2.1921E+03  1.5848E-42
  2.1925E+03  1.5845E-42
  2.1929E+03  1.5841E-42
  2.1933E+03  1.5838E-42
  2.1936E+03  1.5834E-42
  2.1940E+03  1.5831E-42
  2.1944E+03  1.5827E-42
  2.1948E+03  1.5824E-42
  2.1951E+03  1.5820E-42
  2.1955E+03  1.5817E-42
  2.1959E+03  1.5813E-42
  2.1963E+03  1.5810E-42
  2.1966E+03  1.5807E-42
  2.1970E+03  1.5803E-42
  2.1974E+03  1.5800E-42
  2.1978E+03  1.5796E-42
  2.1981E+03  1.5793E-42
  2.1985E+03  1.5789E-42
  2.1989E+03  1.5786E-42
  2.1993E+03  1.5782E-42
  2.1996E+03  1.5779E-42
  2.2000E+03  1.5776E-42
  2.2004E+03  1.5772E-42
  2.2008E+03  1.5769E-42
  2.2012E+03  1.5765E-42
  2.2015E+03  1.5762E-42
  2.2019E+03  1.5758E-42
  2.2023E+03  1.5755E-42
  2.2027E+03  1.5752E-42
  2.2030E+03  1.5748E-42
  2.2034E+03  1.5745E-42
  2.2038E+03  1.5741E-42
  2.2042E+03  1.5738E-42
  2.2045E+03  1.5734E-42
  2.2049E+03  1.5731E-42
  2.2053E+03  1.5728E-42
  2.2057E+03  1.5724E-42
  2.2060E+03  1.5721E-42
  2.2064E+03  1.5717E-42
  2.2068E+03  1.5714E-42
  2.2072E+03  1.5710E-42
  2.2075E+03  1.5707E-42
  2.2079E+03  1.5704E-42
  2.2083E+03  1.5700E-42
  2.2087E+03  1.5697E-42
  2.2090E+03  1.5693E-42
  2.2094E+03  1.5690E-42
  2.2098E+03  1.5687E-42
  2.2102E+03  1.5683E-42
  2.2105E+03  1.5680E-42
  2.2109E+03  1.5676E-42
  2.2113E+03  1.5673E-42
  2.2117E+03  1.5670E-42
  2.2120E+03  1.5666E-42
  2.2124E+03  1.5663E-42
  2.2128E+03  1.5659E-42
  2.2132E+03  1.5656E-42
  2.2135E+03  1.5653E-42
  2.2139E+03  1.5649E-42
  2.2143E+03  1.5646E-42
  2.2147E+03  1.5642E-42
  2.2150E+03  1.5639E-42
  2.2154E+03  1.5636E-42
  2.2158E+03  1.5632E-42
  2.2162E+03  1.5629E-42
  2.2165E+03  1.5625E-42
  2.2169E+03  1.5622E-42
  2.2173E+03  1.5619E-42
  2.2177E+03  1.5615E-42
  2.2180E+03  1.5612E-42
  2.2184E+03  1.5608E-42
  2.2188E+03  1.5605E-42
  2.2192E+03  1.5602E-42
  2.2195E+03  1.5598E-42
  2.2199E+03  1.5595E-42
  2.2203E+03  1.5592E-42
  2.2207E+03  1.5588E-42
  2.2210E+03  1.5585E-42
  2.2214E+03  1.5581E-42
  2.2218E+03  1.5578E-42
  2.2222E+03  1.5575E-42
  2.2225E+03  1.5571E-42
  2.2229E+03  1.5568E-42
  2.2233E+03  1.5565E-42
  2.2237E+03  1.5561E-42
  2.2240E+03  1.5558E-42
  2.2244E+03  1.5555E-42
  2.2248E+03  1.5551E-42
  2.2252E+03  1.5548E-42
  2.2255E+03  1.5544E-42
  2.2259E+03  1.5541E-42
  2.2263E+03  1.5538E-42
  2.2267E+03  1.5534E-42
  2.2270E+03  1.5531E-42
  2.2274E+03  1.5528E-42
  2.2278E+03  1.5524E-42
  2.2282E+03  1.5521E-42
  2.2285E+03  1.5518E-42
  2.2289E+03  1.5514E-42
  2.2293E+03  1.5511E-42
  2.2297E+03  1.5508E-42
  2.2300E+03  1.5504E-42
  2.2304E+03  1.5501E-42
  2.2308E+03  1.5498E-42
  2.2312E+03  1.5494E-42
  2.2315E+03  1.5491E-42
  2.2319E+03  1.5488E-42
  2.2323E+03  1.5484E-42
  2.2327E+03  1.5481E-42
  2.2330E+03  1.5478E-42
  2.2334E+03  1.5474E-42
  2.2338E+03  1.5471E-42
  2.2342E+03  1.5468E-42
  2.2345E+03  1.5464E-42
  2.2349E+03  1.5461E-42
  2.2353E+03  1.5458E-42
  2.2357E+03  1.5454E-42
  2.2360E+03  1.5451E-42
  2.2364E+03  1.5448E-42
  2.2368E+03  1.5444E-42
  2.2372E+03  1.5441E-42
  2.2375E+03  1.5438E-42
  2.2379E+03  1.5434E-42
  2.2383E+03  1.5431E-42
  2.2387E+03  1.5428E-42
  2.2390E+03  1.5424E-42
  2.2394E+03  1.5421E-42
  2.2398E+03  1.5418E-42
  2.2402E+03  1.5414E-42
  2.2405E+03  1.5411E-42
  2.2409E+03  1.5408E-42
  2.2413E+03  1.5404E-42
  2.2417E+03  1.5401E-42
  2.2420E+03  1.5398E-42
  2.2424E+03  1.5395E-42
  2.2428E+03  1.5391E-42
  2.2432E+03  1.5388E-42
  2.2435E+03  1.5385E-42
  2.2439E+03  1.5381E-42
  2.2443E+03  1.5378E-42
  2.2447E+03  1.5375E-42
  2.2450E+03  1.5371E-42
  2.2454E+03  1.5368E-42
  2.2458E+03  1.5365E-42
  2.2462E+03  1.5362E-42
  2.2465E+03  1.5358E-42
  2.2469E+03  1.5355E-42
  2.2473E+03  1.5352E-42
  2.2477E+03  1.5348E-42
  2.2480E+03  1.5345E-42
  2.2484E+03  1.5342E-42
  2.2488E+03  1.5338E-42
  2.2492E+03  1.5335E-42
  2.2495E+03  1.5332E-42
  2.2499E+03  1.5329E-42
  2.2503E+03  1.5325E-42
  2.2507E+03  1.5322E-42
  2.2510E+03  1.5319E-42
  2.2514E+03  1.5315E-42
  2.2518E+03  1.5312E-42
  2.2522E+03  1.5309E-42
  2.2525E+03  1.5306E-42
  2.2529E+03  1.5302E-42
  2.2533E+03  1.5299E-42
  2.2537E+03  1.5296E-42
  2.2540E+03  1.5293E-42
  2.2544E+03  1.5289E-42
  2.2548E+03  1.5286E-42
  2.2552E+03  1.5283E-42
  2.2555E+03  1.5279E-42
  2.2559E+03  1.5276E-42
  2.2563E+03  1.5273E-42
  2.2567E+03  1.5270E-42
  2.2570E+03  1.5266E-42
  2.2574E+03  1.5263E-42
  2.2578E+03  1.5260E-42
  2.2582E+03  1.5257E-42
  2.2585E+03  1.5253E-42
  2.2589E+03  1.5250E-42
  2.2593E+03  1.5247E-42
  2.2597E+03  1.5244E-42
  2.2600E+03  1.5240E-42
  2.2604E+03  1.5237E-42
  2.2608E+03  1.5234E-42
  2.2612E+03  1.5231E-42
  2.2615E+03  1.5227E-42
  2.2619E+03  1.5224E-42
  2.2623E+03  1.5221E-42
  2.2627E+03  1.5218E-42
  2.2630E+03  1.5214E-42
  2.2634E+03  1.5211E-42
  2.2638E+03  1.5208E-42
  2.2642E+03  1.5205E-42
  2.2645E+03  1.5201E-42
  2.2649E+03  1.5198E-42
  2.2653E+03  1.5195E-42
  2.2657E+03  1.5192E-42
  2.2660E+03  1.5188E-42
  2.2664E+03  1.5185E-42
  2.2668E+03  1.5182E-42
  2.2672E+03  1.5179E-42
  2.2675E+03  1.5176E-42
  2.2679E+03  1.5172E-42
  2.2683E+03  1.5169E-42
  2.2687E+03  1.5166E-42
  2.2690E+03  1.5163E-42
  2.2694E+03  1.5159E-42
  2.2698E+03  1.5156E-42
  2.2702E+03  1.5153E-42
  2.2705E+03  1.5150E-42
  2.2709E+03  1.5146E-42
  2.2713E+03  1.5143E-42
  2.2717E+03  1.5140E-42
  2.2720E+03  1.5137E-42
  2.2724E+03  1.5134E-42
  2.2728E+03  1.5130E-42
  2.2732E+03  1.5127E-42
  2.2735E+03  1.5124E-42
  2.2739E+03  1.5121E-42
  2.2743E+03  1.5118E-42
  2.2747E+03  1.5114E-42
  2.2750E+03  1.5111E-42
  2.2754E+03  1.5108E-42
  2.2758E+03  1.5105E-42
  2.2762E+03  1.5101E-42
  2.2765E+03  1.5098E-42
  2.2769E+03  1.5095E-42
  2.2773E+03  1.5092E-42
  2.2777E+03  1.5089E-42
  2.2780E+03  1.5085E-42
  2.2784E+03  1.5082E-42
  2.2788E+03  1.5079E-42
  2.2792E+03  1.5076E-42
  2.2795E+03  1.5073E-42
  2.2799E+03  1.5069E-42
  2.2803E+03  1.5066E-42
  2.2807E+03  1.5063E-42
  2.2810E+03  1.5060E-42
  2.2814E+03  1.5057E-42
  2.2818E+03  1.5054E-42
  2.2822E+03  1.5050E-42
  2.2825E+03  1.5047E-42
  2.2829E+03  1.5044E-42
  2.2833E+03  1.5041E-42
  2.2837E+03  1.5038E-42
  2.2840E+03  1.5034E-42
  2.2844E+03  1.5031E-42
  2.2848E+03  1.5028E-42
  2.2852E+03  1.5025E-42
  2.2855E+03  1.5022E-42
  2.2859E+03  1.5019E-42
  2.2863E+03  1.5015E-42
  2.2867E+03  1.5012E-42
  2.2870E+03  1.5009E-42
  2.2874E+03  1.5006E-42
  2.2878E+03  1.5003E-42
  2.2882E+03  1.4999E-42
  2.2885E+03  1.4996E-42
  2.2889E+03  1.4993E-42
  2.2893E+03  1.4990E-42
  2.2897E+03  1.4987E-42
  2.2900E+03  1.4984E-42
  2.2904E+03  1.4980E-42
  2.2908E+03  1.4977E-42
  2.2912E+03  1.4974E-42
  2.2915E+03  1.4971E-42
  2.2919E+03  1.4968E-42
  2.2923E+03  1.4965E-42
  2.2927E+03  1.4961E-42
  2.2930E+03  1.4958E-42
  2.2934E+03  1.4955E-42
  2.2938E+03  1.4952E-42
  2.2942E+03  1.4949E-42
  2.2945E+03  1.4946E-42
  2.2949E+03  1.4943E-42
  2.2953E+03  1.4939E-42
  2.2957E+03  1.4936E-42
  2.2960E+03  1.4933E-42
  2.2964E+03  1.4930E-42
  2.2968E+03  1.4927E-42
  2.2972E+03  1.4924E-42
  2.2975E+03  1.4921E-42
  2.2979E+03  1.4917E-42
  2.2983E+03  1.4914E-42
  2.2987E+03  1.4911E-42
  2.2990E+03  1.4908E-42
  2.2994E+03  1.4905E-42
  2.2998E+03  1.4902E-42
  2.3002E+03  1.4899E-42
  2.3005E+03  1.4895E-42
  2.3009E+03  1.4892E-42
  2.3013E+03  1.4889E-42
  2.3017E+03  1.4886E-42
  2.3020E+03  1.4883E-42
  2.3024E+03  1.4880E-42
  2.3028E+03  1.4877E-42
  2.3032E+03  1.4873E-42
  2.3035E+03  1.4870E-42
  2.3039E+03  1.4867E-42
  2.3043E+03  1.4864E-42
  2.3047E+03  1.4861E-42
  2.3050E+03  1.4858E-42
  2.3054E+03  1.4855E-42
  2.3058E+03  1.4852E-42
  2.3062E+03  1.4848E-42
  2.3065E+03  1.4845E-42
  2.3069E+03  1.4842E-42
  2.3073E+03  1.4839E-42
  2.3077E+03  1.4836E-42
  2.3080E+03  1.4833E-42
  2.3084E+03  1.4830E-42
  2.3088E+03  1.4827E-42
  2.3092E+03  1.4824E-42
  2.3095E+03  1.4820E-42
  2.3099E+03  1.4817E-42
  2.3103E+03  1.4814E-42
  2.3107E+03  1.4811E-42
  2.3110E+03  1.4808E-42
  2.3114E+03  1.4805E-42
  2.3118E+03  1.4802E-42
  2.3122E+03  1.4799E-42
  2.3125E+03  1.4796E-42
  2.3129E+03  1.4792E-42
  2.3133E+03  1.4789E-42
  2.3137E+03  1.4786E-42
  2.3140E+03  1.4783E-42
  2.3144E+03  1.4780E-42
  2.3148E+03  1.4777E-42
  2.3152E+03  1.4774E-42
  2.3155E+03  1.4771E-42
  2.3159E+03  1.4768E-42
  2.3163E+03  1.4765E-42
  2.3167E+03  1.4762E-42
  2.3170E+03  1.4758E-42
  2.3174E+03  1.4755E-42
  2.3178E+03  1.4752E-42
  2.3182E+03  1.4749E-42
  2.3185E+03  1.4746E-42
  2.3189E+03  1.4743E-42
  2.3193E+03  1.4740E-42
  2.3197E+03  1.4737E-42
  2.3200E+03  1.4734E-42
  2.3204E+03  1.4731E-42
  2.3208E+03  1.4728E-42
  2.3212E+03  1.4725E-42
  2.3215E+03  1.4721E-42
  2.3219E+03  1.4718E-42
  2.3223E+03  1.4715E-42
  2.3227E+03  1.4712E-42
  2.3230E+03  1.4709E-42
  2.3234E+03  1.4706E-42
  2.3238E+03  1.4703E-42
  2.3242E+03  1.4700E-42
  2.3245E+03  1.4697E-42
  2.3249E+03  1.4694E-42
  2.3253E+03  1.4691E-42
  2.3257E+03  1.4688E-42
  2.3260E+03  1.4685E-42
  2.3264E+03  1.4682E-42
  2.3268E+03  1.4678E-42
  2.3272E+03  1.4675E-42
  2.3275E+03  1.4672E-42
  2.3279E+03  1.4669E-42
  2.3283E+03  1.4666E-42
  2.3287E+03  1.4663E-42
  2.3290E+03  1.4660E-42
  2.3294E+03  1.4657E-42
  2.3298E+03  1.4654E-42
  2.3302E+03  1.4651E-42
  2.3305E+03  1.4648E-42
  2.3309E+03  1.4645E-42
  2.3313E+03  1.4642E-42
  2.3317E+03  1.4639E-42
  2.3320E+03  1.4636E-42
  2.3324E+03  1.4633E-42
  2.3328E+03  1.4630E-42
  2.3332E+03  1.4627E-42
  2.3335E+03  1.4623E-42
  2.3339E+03  1.4620E-42
  2.3343E+03  1.4617E-42
  2.3347E+03  1.4614E-42
  2.3350E+03  1.4611E-42
  2.3354E+03  1.4608E-42
  2.3358E+03  1.4605E-42
  2.3362E+03  1.4602E-42
  2.3365E+03  1.4599E-42
  2.3369E+03  1.4596E-42
  2.3373E+03  1.4593E-42
  2.3377E+03  1.4590E-42
  2.3380E+03  1.4587E-42
  2.3384E+03  1.4584E-42
  2.3388E+03  1.4581E-42
  2.3392E+03  1.4578E-42
  2.3395E+03  1.4575E-42
  2.3399E+03  1.4572E-42
  2.3403E+03  1.4569E-42
  2.3407E+03  1.4566E-42
  2.3410E+03  1.4563E-42
  2.3414E+03  1.4560E-42
  2.3418E+03  1.4557E-42
  2.3422E+03  1.4554E-42
  2.3425E+03  1.4551E-42
  2.3429E+03  1.4548E-42
  2.3433E+03  1.4545E-42
  2.3437E+03  1.4542E-42
  2.3440E+03  1.4539E-42
  2.3444E+03  1.4536E-42
  2.3448E+03  1.4533E-42
  2.3452E+03  1.4530E-42
  2.3455E+03  1.4527E-42
  2.3459E+03  1.4524E-42
  2.3463E+03  1.4521E-42
  2.3467E+03  1.4518E-42
  2.3470E+03  1.4515E-42
  2.3474E+03  1.4512E-42
  2.3478E+03  1.4509E-42
  2.3482E+03  1.4506E-42
  2.3485E+03  1.4503E-42
  2.3489E+03  1.4500E-42
  2.3493E+03  1.4497E-42
  2.3497E+03  1.4494E-42
  2.3500E+03  1.4491E-42
  2.3504E+03  1.4488E-42
  2.3508E+03  1.4485E-42
  2.3512E+03  1.4482E-42
  2.3515E+03  1.4479E-42
  2.3519E+03  1.4476E-42
  2.3523E+03  1.4473E-42
  2.3527E+03  1.4470E-42
  2.3530E+03  1.4467E-42
  2.3534E+03  1.4464E-42
  2.3538E+03  1.4461E-42
  2.3542E+03  1.4458E-42
  2.3545E+03  1.4455E-42
  2.3549E+03  1.4452E-42
  2.3553E+03  1.4449E-42
  2.3557E+03  1.4446E-42
  2.3560E+03  1.4443E-42
  2.3564E+03  1.4440E-42
  2.3568E+03  1.4437E-42
  2.3572E+03  1.4434E-42
  2.3575E+03  1.4431E-42
  2.3579E+03  1.4428E-42
  2.3583E+03  1.4425E-42
  2.3587E+03  1.4422E-42
  2.3590E+03  1.4419E-42
  2.3594E+03  1.4416E-42
  2.3598E+03  1.4413E-42
  2.3602E+03  1.4410E-42
  2.3605E+03  1.4407E-42
  2.3609E+03  1.4404E-42
  2.3613E+03  1.4401E-42
  2.3617E+03  1.4398E-42
  2.3620E+03  1.4395E-42
  2.3624E+03  1.4392E-42
  2.3628E+03  1.4389E-42
  2.3632E+03  1.4386E-42
  2.3635E+03  1.4383E-42
  2.3639E+03  1.4380E-42
  2.3643E+03  1.4377E-42
  2.3647E+03  1.4374E-42
  2.3650E+03  1.4371E-42
  2.3654E+03  1.4368E-42
  2.3658E+03  1.4365E-42
  2.3662E+03  1.4362E-42
  2.3665E+03  1.4359E-42
  2.3669E+03  1.4357E-42
  2.3673E+03  1.4354E-42
  2.3677E+03  1.4351E-42
  2.3680E+03  1.4348E-42
  2.3684E+03  1.4345E-42
  2.3688E+03  1.4342E-42
  2.3692E+03  1.4339E-42
  2.3695E+03  1.4336E-42
  2.3699E+03  1.4333E-42
  2.3703E+03  1.4330E-42
  2.3707E+03  1.4327E-42
  2.3710E+03  1.4324E-42
  2.3714E+03  1.4321E-42
  2.3718E+03  1.4318E-42
  2.3722E+03  1.4315E-42
  2.3725E+03  1.4312E-42
  2.3729E+03  1.4309E-42
  2.3733E+03  1.4306E-42
  2.3737E+03  1.4304E-42
  2.3740E+03  1.4301E-42
  2.3744E+03  1.4298E-42
  2.3748E+03  1.4295E-42
  2.3752E+03  1.4292E-42
  2.3755E+03  1.4289E-42
  2.3759E+03  1.4286E-42
  2.3763E+03  1.4283E-42
  2.3767E+03  1.4280E-42
  2.3770E+03  1.4277E-42
  2.3774E+03  1.4274E-42
  2.3778E+03  1.4271E-42
  2.3782E+03  1.4268E-42
  2.3785E+03  1.4265E-42
  2.3789E+03  1.4262E-42
  2.3793E+03  1.4260E-42
  2.3797E+03  1.4257E-42
  2.3800E+03  1.4254E-42
  2.3804E+03  1.4251E-42
  2.3808E+03  1.4248E-42
  2.3812E+03  1.4245E-42
  2.3815E+03  1.4242E-42
  2.3819E+03  1.4239E-42
  2.3823E+03  1.4236E-42
  2.3827E+03  1.4233E-42
  2.3830E+03  1.4230E-42
  2.3834E+03  1.4227E-42
  2.3838E+03  1.4225E-42
  2.3842E+03  1.4222E-42
  2.3845E+03  1.4219E-42
  2.3849E+03  1.4216E-42
  2.3853E+03  1.4213E-42
  2.3857E+03  1.4210E-42
  2.3860E+03  1.4207E-42
  2.3864E+03  1.4204E-42
  2.3868E+03  1.4201E-42
  2.3872E+03  1.4198E-42
  2.3875E+03  1.4195E-42
  2.3879E+03  1.4193E-42
  2.3883E+03  1.4190E-42
  2.3887E+03  1.4187E-42
  2.3890E+03  1.4184E-42
  2.3894E+03  1.4181E-42
  2.3898E+03  1.4178E-42
  2.3902E+03  1.4175E-42
  2.3905E+03  1.4172E-42
  2.3909E+03  1.4169E-42
  2.3913E+03  1.4166E-42
  2.3917E+03  1.4164E-42
  2.3920E+03  1.4161E-42
  2.3924E+03  1.4158E-42
  2.3928E+03  1.4155E-42
  2.3932E+03  1.4152E-42
  2.3935E+03  1.4149E-42
  2.3939E+03  1.4146E-42
  2.3943E+03  1.4143E-42
  2.3947E+03  1.4140E-42
  2.3950E+03  1.4138E-42
  2.3954E+03  1.4135E-42
  2.3958E+03  1.4132E-42
  2.3962E+03  1.4129E-42
  2.3965E+03  1.4126E-42
  2.3969E+03  1.4123E-42
  2.3973E+03  1.4120E-42
  2.3977E+03  1.4117E-42
  2.3980E+03  1.4115E-42
  2.3984E+03  1.4112E-42
  2.3988E+03  1.4109E-42
  2.3992E+03  1.4106E-42
  2.3995E+03  1.4103E-42
  2.3999E+03  1.4100E-42
  2.4003E+03  1.4097E-42
  2.4007E+03  1.4094E-42
  2.4011E+03  1.4092E-42
  2.4014E+03  1.4089E-42
  2.4018E+03  1.4086E-42
  2.4022E+03  1.4083E-42
  2.4026E+03  1.4080E-42
  2.4029E+03  1.4077E-42
  2.4033E+03  1.4074E-42
  2.4037E+03  1.4072E-42
  2.4041E+03  1.4069E-42
  2.4044E+03  1.4066E-42
  2.4048E+03  1.4063E-42
  2.4052E+03  1.4060E-42
  2.4056E+03  1.4057E-42
  2.4059E+03  1.4054E-42
  2.4063E+03  1.4052E-42
  2.4067E+03  1.4049E-42
  2.4071E+03  1.4046E-42
  2.4074E+03  1.4043E-42
  2.4078E+03  1.4040E-42
  2.4082E+03  1.4037E-42
  2.4086E+03  1.4034E-42
  2.4089E+03  1.4032E-42
  2.4093E+03  1.4029E-42
  2.4097E+03  1.4026E-42
  2.4101E+03  1.4023E-42
  2.4104E+03  1.4020E-42
  2.4108E+03  1.4017E-42
  2.4112E+03  1.4014E-42
  2.4116E+03  1.4012E-42
  2.4119E+03  1.4009E-42
  2.4123E+03  1.4006E-42
  2.4127E+03  1.4003E-42
  2.4131E+03  1.4000E-42
  2.4134E+03  1.3997E-42
  2.4138E+03  1.3995E-42
  2.4142E+03  1.3992E-42
  2.4146E+03  1.3989E-42
  2.4149E+03  1.3986E-42
  2.4153E+03  1.3983E-42
  2.4157E+03  1.3980E-42
  2.4161E+03  1.3978E-42
  2.4164E+03  1.3975E-42
  2.4168E+03  1.3972E-42
  2.4172E+03  1.3969E-42
  2.4176E+03  1.3966E-42
  2.4179E+03  1.3963E-42
  2.4183E+03  1.3961E-42
  2.4187E+03  1.3958E-42
  2.4191E+03  1.3955E-42
  2.4194E+03  1.3952E-42
  2.4198E+03  1.3949E-42
  2.4202E+03  1.3947E-42
  2.4206E+03  1.3944E-42
  2.4209E+03  1.3941E-42
  2.4213E+03  1.3938E-42
  2.4217E+03  1.3935E-42
  2.4221E+03  1.3932E-42
  2.4224E+03  1.3930E-42
  2.4228E+03  1.3927E-42
  2.4232E+03  1.3924E-42
  2.4236E+03  1.3921E-42
  2.4239E+03  1.3918E-42
  2.4243E+03  1.3916E-42
  2.4247E+03  1.3913E-42
  2.4251E+03  1.3910E-42
  2.4254E+03  1.3907E-42
  2.4258E+03  1.3904E-42
  2.4262E+03  1.3902E-42
  2.4266E+03  1.3899E-42
  2.4269E+03  1.3896E-42
  2.4273E+03  1.3893E-42
  2.4277E+03  1.3890E-42
  2.4281E+03  1.3887E-42
  2.4284E+03  1.3885E-42
  2.4288E+03  1.3882E-42
  2.4292E+03  1.3879E-42
  2.4296E+03  1.3876E-42
  2.4299E+03  1.3873E-42
  2.4303E+03  1.3871E-42
  2.4307E+03  1.3868E-42
  2.4311E+03  1.3865E-42
  2.4314E+03  1.3862E-42
  2.4318E+03  1.3860E-42
  2.4322E+03  1.3857E-42
  2.4326E+03  1.3854E-42
  2.4329E+03  1.3851E-42
  2.4333E+03  1.3848E-42
  2.4337E+03  1.3846E-42
  2.4341E+03  1.3843E-42
  2.4344E+03  1.3840E-42
  2.4348E+03  1.3837E-42
  2.4352E+03  1.3834E-42
  2.4356E+03  1.3832E-42
  2.4359E+03  1.3829E-42
  2.4363E+03  1.3826E-42
  2.4367E+03  1.3823E-42
  2.4371E+03  1.3821E-42
  2.4374E+03  1.3818E-42
  2.4378E+03  1.3815E-42
  2.4382E+03  1.3812E-42
  2.4386E+03  1.3809E-42
  2.4389E+03  1.3807E-42
  2.4393E+03  1.3804E-42
  2.4397E+03  1.3801E-42
  2.4401E+03  1.3798E-42
  2.4404E+03  1.3796E-42
  2.4408E+03  1.3793E-42
  2.4412E+03  1.3790E-42
  2.4416E+03  1.3787E-42
  2.4419E+03  1.3784E-42
  2.4423E+03  1.3782E-42
  2.4427E+03  1.3779E-42
  2.4431E+03  1.3776E-42
  2.4434E+03  1.3773E-42
  2.4438E+03  1.3771E-42
  2.4442E+03  1.3768E-42
  2.4446E+03  1.3765E-42
  2.4449E+03  1.3762E-42
  2.4453E+03  1.3760E-42
  2.4457E+03  1.3757E-42
  2.4461E+03  1.3754E-42
  2.4464E+03  1.3751E-42
  2.4468E+03  1.3749E-42
  2.4472E+03  1.3746E-42
  2.4476E+03  1.3743E-42
  2.4479E+03  1.3740E-42
  2.4483E+03  1.3738E-42
  2.4487E+03  1.3735E-42
  2.4491E+03  1.3732E-42
  2.4494E+03  1.3729E-42
  2.4498E+03  1.3727E-42
  2.4502E+03  1.3724E-42
  2.4506E+03  1.3721E-42
  2.4509E+03  1.3718E-42
  2.4513E+03  1.3716E-42
  2.4517E+03  1.3713E-42
  2.4521E+03  1.3710E-42
  2.4524E+03  1.3707E-42
  2.4528E+03  1.3705E-42
  2.4532E+03  1.3702E-42
  2.4536E+03  1.3699E-42
  2.4539E+03  1.3696E-42
  2.4543E+03  1.3694E-42
  2.4547E+03  1.3691E-42
  2.4551E+03  1.3688E-42
  2.4554E+03  1.3685E-42
  2.4558E+03  1.3683E-42
  2.4562E+03  1.3680E-42
  2.4566E+03  1.3677E-42
  2.4569E+03  1.3674E-42
  2.4573E+03  1.3672E-42
  2.4577E+03  1.3669E-42
  2.4581E+03  1.3666E-42
  2.4584E+03  1.3663E-42
  2.4588E+03  1.3661E-42
  2.4592E+03  1.3658E-42
  2.4596E+03  1.3655E-42
  2.4599E+03  1.3653E-42
  2.4603E+03  1.3650E-42
  2.4607E+03  1.3647E-42
  2.4611E+03  1.3644E-42
  2.4614E+03  1.3642E-42
  2.4618E+03  1.3639E-42
  2.4622E+03  1.3636E-42
  2.4626E+03  1.3634E-42
  2.4629E+03  1.3631E-42
  2.4633E+03  1.3628E-42
  2.4637E+03  1.3625E-42
  2.4641E+03  1.3623E-42
  2.4644E+03  1.3620E-42
  2.4648E+03  1.3617E-42
  2.4652E+03  1.3615E-42
  2.4656E+03  1.3612E-42
  2.4659E+03  1.3609E-42
  2.4663E+03  1.3606E-42
  2.4667E+03  1.3604E-42
  2.4671E+03  1.3601E-42
  2.4674E+03  1.3598E-42
  2.4678E+03  1.3596E-42
  2.4682E+03  1.3593E-42
  2.4686E+03  1.3590E-42
  2.4689E+03  1.3587E-42
  2.4693E+03  1.3585E-42
  2.4697E+03  1.3582E-42
  2.4701E+03  1.3579E-42
  2.4704E+03  1.3577E-42
  2.4708E+03  1.3574E-42
  2.4712E+03  1.3571E-42
  2.4716E+03  1.3569E-42
  2.4719E+03  1.3566E-42
  2.4723E+03  1.3563E-42
  2.4727E+03  1.3560E-42
  2.4731E+03  1.3558E-42
  2.4734E+03  1.3555E-42
  2.4738E+03  1.3552E-42
  2.4742E+03  1.3550E-42
  2.4746E+03  1.3547E-42
  2.4749E+03  1.3544E-42
  2.4753E+03  1.3542E-42
  2.4757E+03  1.3539E-42
  2.4761E+03  1.3536E-42
  2.4764E+03  1.3533E-42
  2.4768E+03  1.3531E-42
  2.4772E+03  1.3528E-42
  2.4776E+03  1.3525E-42
  2.4779E+03  1.3523E-42
  2.4783E+03  1.3520E-42
  2.4787E+03  1.3517E-42
  2.4791E+03  1.3515E-42
  2.4794E+03  1.3512E-42
  2.4798E+03  1.3509E-42
  2.4802E+03  1.3507E-42
  2.4806E+03  1.3504E-42
  2.4809E+03  1.3501E-42
  2.4813E+03  1.3499E-42
  2.4817E+03  1.3496E-42
  2.4821E+03  1.3493E-42
  2.4824E+03  1.3491E-42
  2.4828E+03  1.3488E-42
  2.4832E+03  1.3485E-42
  2.4836E+03  1.3483E-42
  2.4839E+03  1.3480E-42
  2.4843E+03  1.3477E-42
  2.4847E+03  1.3475E-42
  2.4851E+03  1.3472E-42
  2.4854E+03  1.3469E-42
  2.4858E+03  1.3467E-42
  2.4862E+03  1.3464E-42
  2.4866E+03  1.3461E-42
  2.4869E+03  1.3459E-42
  2.4873E+03  1.3456E-42
  2.4877E+03  1.3453E-42
  2.4881E+03  1.3451E-42
  2.4884E+03  1.3448E-42
  2.4888E+03  1.3445E-42
  2.4892E+03  1.3443E-42
  2.4896E+03  1.3440E-42
  2.4899E+03  1.3437E-42
  2.4903E+03  1.3435E-42
  2.4907E+03  1.3432E-42
  2.4911E+03  1.3429E-42
  2.4914E+03  1.3427E-42
  2.4918E+03  1.3424E-42
  2.4922E+03  1.3421E-42
  2.4926E+03  1.3419E-42
  2.4929E+03  1.3416E-42
  2.4933E+03  1.3413E-42
  2.4937E+03  1.3411E-42
  2.4941E+03  1.3408E-42
  2.4944E+03  1.3405E-42
  2.4948E+03  1.3403E-42
  2.4952E+03  1.3400E-42
  2.4956E+03  1.3398E-42
  2.4959E+03  1.3395E-42
  2.4963E+03  1.3392E-42
  2.4967E+03  1.3390E-42
  2.4971E+03  1.3387E-42
  2.4974E+03  1.3384E-42
  2.4978E+03  1.3382E-42
  2.4982E+03  1.3379E-42
  2.4986E+03  1.3376E-42
  2.4989E+03  1.3374E-42
  2.4993E+03  1.3371E-42
  2.4997E+03  1.3368E-42
  2.5001E+03  1.3366E-42
  2.5004E+03  1.3363E-42
  2.5008E+03  1.3361E-42
  2.5012E+03  1.3358E-42
  2.5016E+03  1.3355E-42
  2.5019E+03  1.3353E-42
  2.5023E+03  1.3350E-42
  2.5027E+03  1.3347E-42
  2.5031E+03  1.3345E-42
  2.5034E+03  1.3342E-42
  2.5038E+03  1.3340E-42
  2.5042E+03  1.3337E-42
  2.5046E+03  1.3334E-42
  2.5049E+03  1.3332E-42
  2.5053E+03  1.3329E-42
  2.5057E+03  1.3326E-42
  2.5061E+03  1.3324E-42
  2.5064E+03  1.3321E-42
  2.5068E+03  1.3319E-42
  2.5072E+03  1.3316E-42
  2.5076E+03  1.3313E-42
  2.5079E+03  1.3311E-42
  2.5083E+03  1.3308E-42
  2.5087E+03  1.3305E-42
  2.5091E+03  1.3303E-42
  2.5094E+03  1.3300E-42
  2.5098E+03  1.3298E-42
  2.5102E+03  1.3295E-42
  2.5106E+03  1.3292E-42
  2.5109E+03  1.3290E-42
  2.5113E+03  1.3287E-42
  2.5117E+03  1.3285E-42
  2.5121E+03  1.3282E-42
  2.5124E+03  1.3279E-42
  2.5128E+03  1.3277E-42
  2.5132E+03  1.3274E-42
  2.5136E+03  1.3272E-42
  2.5139E+03  1.3269E-42
  2.5143E+03  1.3266E-42
  2.5147E+03  1.3264E-42
  2.5151E+03  1.3261E-42
  2.5154E+03  1.3259E-42
  2.5158E+03  1.3256E-42
  2.5162E+03  1.3253E-42
  2.5166E+03  1.3251E-42
  2.5169E+03  1.3248E-42
  2.5173E+03  1.3246E-42
  2.5177E+03  1.3243E-42
  2.5181E+03  1.3240E-42
  2.5184E+03  1.3238E-42
  2.5188E+03  1.3235E-42
  2.5192E+03  1.3233E-42
  2.5196E+03  1.3230E-42
  2.5199E+03  1.3227E-42
  2.5203E+03  1.3225E-42
  2.5207E+03  1.3222E-42
  2.5211E+03  1.3220E-42
  2.5214E+03  1.3217E-42
  2.5218E+03  1.3214E-42
  2.5222E+03  1.3212E-42
  2.5226E+03  1.3209E-42
  2.5229E+03  1.3207E-42
  2.5233E+03  1.3204E-42
  2.5237E+03  1.3202E-42
  2.5241E+03  1.3199E-42
  2.5244E+03  1.3196E-42
  2.5248E+03  1.3194E-42
  2.5252E+03  1.3191E-42
  2.5256E+03  1.3189E-42
  2.5259E+03  1.3186E-42
  2.5263E+03  1.3183E-42
  2.5267E+03  1.3181E-42
  2.5271E+03  1.3178E-42
  2.5274E+03  1.3176E-42
  2.5278E+03  1.3173E-42
  2.5282E+03  1.3171E-42
  2.5286E+03  1.3168E-42
  2.5289E+03  1.3165E-42
  2.5293E+03  1.3163E-42
  2.5297E+03  1.3160E-42
  2.5301E+03  1.3158E-42
  2.5304E+03  1.3155E-42
  2.5308E+03  1.3153E-42
  2.5312E+03  1.3150E-42
  2.5316E+03  1.3147E-42
  2.5319E+03  1.3145E-42
  2.5323E+03  1.3142E-42
  2.5327E+03  1.3140E-42
  2.5331E+03  1.3137E-42
  2.5334E+03  1.3135E-42
  2.5338E+03  1.3132E-42
  2.5342E+03  1.3130E-42
  2.5346E+03  1.3127E-42
  2.5349E+03  1.3124E-42
  2.5353E+03  1.3122E-42
  2.5357E+03  1.3119E-42
  2.5361E+03  1.3117E-42
  2.5364E+03  1.3114E-42
  2.5368E+03  1.3112E-42
  2.5372E+03  1.3109E-42
  2.5376E+03  1.3106E-42
  2.5379E+03  1.3104E-42
  2.5383E+03  1.3101E-42
  2.5387E+03  1.3099E-42
  2.5391E+03  1.3096E-42
  2.5394E+03  1.3094E-42
  2.5398E+03  1.3091E-42
  2.5402E+03  1.3089E-42
  2.5406E+03  1.3086E-42
  2.5409E+03  1.3084E-42
  2.5413E+03  1.3081E-42
  2.5417E+03  1.3078E-42
  2.5421E+03  1.3076E-42
  2.5424E+03  1.3073E-42
  2.5428E+03  1.3071E-42
  2.5432E+03  1.3068E-42
  2.5436E+03  1.3066E-42
  2.5439E+03  1.3063E-42
  2.5443E+03  1.3061E-42
  2.5447E+03  1.3058E-42
  2.5451E+03  1.3056E-42
  2.5454E+03  1.3053E-42
  2.5458E+03  1.3051E-42
  2.5462E+03  1.3048E-42
  2.5466E+03  1.3045E-42
  2.5469E+03  1.3043E-42
  2.5473E+03  1.3040E-42
  2.5477E+03  1.3038E-42
  2.5481E+03  1.3035E-42
  2.5484E+03  1.3033E-42
  2.5488E+03  1.3030E-42
  2.5492E+03  1.3028E-42
  2.5496E+03  1.3025E-42
  2.5499E+03  1.3023E-42
  2.5503E+03  1.3020E-42
  2.5507E+03  1.3018E-42
  2.5511E+03  1.3015E-42
  2.5514E+03  1.3013E-42
  2.5518E+03  1.3010E-42
  2.5522E+03  1.3008E-42
  2.5526E+03  1.3005E-42
  2.5529E+03  1.3002E-42
  2.5533E+03  1.3000E-42
  2.5537E+03  1.2997E-42
  2.5541E+03  1.2995E-42
  2.5544E+03  1.2992E-42
  2.5548E+03  1.2990E-42
  2.5552E+03  1.2987E-42
  2.5556E+03  1.2985E-42
  2.5559E+03  1.2982E-42
  2.5563E+03  1.2980E-42
  2.5567E+03  1.2977E-42
  2.5571E+03  1.2975E-42
  2.5574E+03  1.2972E-42
  2.5578E+03  1.2970E-42
  2.5582E+03  1.2967E-42
  2.5586E+03  1.2965E-42
  2.5589E+03  1.2962E-42
  2.5593E+03  1.2960E-42
  2.5597E+03  1.2957E-42
  2.5601E+03  1.2955E-42
  2.5604E+03  1.2952E-42
  2.5608E+03  1.2950E-42
  2.5612E+03  1.2947E-42
  2.5616E+03  1.2945E-42
  2.5619E+03  1.2942E-42
  2.5623E+03  1.2940E-42
  2.5627E+03  1.2937E-42
  2.5631E+03  1.2935E-42
  2.5634E+03  1.2932E-42
  2.5638E+03  1.2930E-42
  2.5642E+03  1.2927E-42
  2.5646E+03  1.2925E-42
  2.5649E+03  1.2922E-42
  2.5653E+03  1.2920E-42
  2.5657E+03  1.2917E-42
  2.5661E+03  1.2915E-42
  2.5664E+03  1.2912E-42
  2.5668E+03  1.2910E-42
  2.5672E+03  1.2907E-42
  2.5676E+03  1.2905E-42
  2.5679E+03  1.2902E-42
  2.5683E+03  1.2900E-42
  2.5687E+03  1.2897E-42
  2.5691E+03  1.2895E-42
  2.5694E+03  1.2892E-42
  2.5698E+03  1.2890E-42
  2.5702E+03  1.2887E-42
  2.5706E+03  1.2885E-42
  2.5709E+03  1.2882E-42
  2.5713E+03  1.2880E-42
  2.5717E+03  1.2877E-42
  2.5721E+03  1.2875E-42
  2.5724E+03  1.2872E-42
  2.5728E+03  1.2870E-42
  2.5732E+03  1.2868E-42
  2.5736E+03  1.2865E-42
  2.5739E+03  1.2863E-42
  2.5743E+03  1.2860E-42
  2.5747E+03  1.2858E-42
  2.5751E+03  1.2855E-42
  2.5754E+03  1.2853E-42
  2.5758E+03  1.2850E-42
  2.5762E+03  1.2848E-42
  2.5766E+03  1.2845E-42
  2.5769E+03  1.2843E-42
  2.5773E+03  1.2840E-42
  2.5777E+03  1.2838E-42
  2.5781E+03  1.2835E-42
  2.5784E+03  1.2833E-42
  2.5788E+03  1.2830E-42
  2.5792E+03  1.2828E-42
  2.5796E+03  1.2825E-42
  2.5799E+03  1.2823E-42
  2.5803E+03  1.2821E-42
  2.5807E+03  1.2818E-42
  2.5811E+03  1.2816E-42
  2.5814E+03  1.2813E-42
  2.5818E+03  1.2811E-42
  2.5822E+03  1.2808E-42
  2.5826E+03  1.2806E-42
  2.5829E+03  1.2803E-42
  2.5833E+03  1.2801E-42
  2.5837E+03  1.2798E-42
  2.5841E+03  1.2796E-42
  2.5844E+03  1.2794E-42
  2.5848E+03  1.2791E-42
  2.5852E+03  1.2789E-42
  2.5856E+03  1.2786E-42
  2.5859E+03  1.2784E-42
  2.5863E+03  1.2781E-42
  2.5867E+03  1.2779E-42
  2.5871E+03  1.2776E-42
  2.5874E+03  1.2774E-42
  2.5878E+03  1.2771E-42
  2.5882E+03  1.2769E-42
  2.5886E+03  1.2767E-42
  2.5889E+03  1.2764E-42
  2.5893E+03  1.2762E-42
  2.5897E+03  1.2759E-42
  2.5901E+03  1.2757E-42
  2.5904E+03  1.2754E-42
  2.5908E+03  1.2752E-42
  2.5912E+03  1.2749E-42
  2.5916E+03  1.2747E-42
  2.5919E+03  1.2745E-42
  2.5923E+03  1.2742E-42
  2.5927E+03  1.2740E-42
  2.5931E+03  1.2737E-42
  2.5934E+03  1.2735E-42
  2.5938E+03  1.2732E-42
  2.5942E+03  1.2730E-42
  2.5946E+03  1.2727E-42
  2.5949E+03  1.2725E-42
  2.5953E+03  1.2723E-42
  2.5957E+03  1.2720E-42
  2.5961E+03  1.2718E-42
  2.5964E+03  1.2715E-42
  2.5968E+03  1.2713E-42
  2.5972E+03  1.2710E-42
  2.5976E+03  1.2708E-42
  2.5979E+03  1.2706E-42
  2.5983E+03  1.2703E-42
  2.5987E+03  1.2701E-42
  2.5991E+03  1.2698E-42
  2.5994E+03  1.2696E-42
  2.5998E+03  1.2693E-42
  2.6002E+03  1.2691E-42
  2.6006E+03  1.2689E-42
  2.6010E+03  1.2686E-42
  2.6013E+03  1.2684E-42
  2.6017E+03  1.2681E-42
  2.6021E+03  1.2679E-42
  2.6025E+03  1.2676E-42
  2.6028E+03  1.2674E-42
  2.6032E+03  1.2672E-42
  2.6036E+03  1.2669E-42
  2.6040E+03  1.2667E-42
  2.6043E+03  1.2664E-42
  2.6047E+03  1.2662E-42
  2.6051E+03  1.2660E-42
  2.6055E+03  1.2657E-42
  2.6058E+03  1.2655E-42
  2.6062E+03  1.2652E-42
  2.6066E+03  1.2650E-42
  2.6070E+03  1.2648E-42
  2.6073E+03  1.2645E-42
  2.6077E+03  1.2643E-42
  2.6081E+03  1.2640E-42
  2.6085E+03  1.2638E-42
  2.6088E+03  1.2635E-42
  2.6092E+03  1.2633E-42
  2.6096E+03  1.2631E-42
  2.6100E+03  1.2628E-42
  2.6103E+03  1.2626E-42
  2.6107E+03  1.2623E-42
  2.6111E+03  1.2621E-42
  2.6115E+03  1.2619E-42
  2.6118E+03  1.2616E-42
  2.6122E+03  1.2614E-42
  2.6126E+03  1.2611E-42
  2.6130E+03  1.2609E-42
  2.6133E+03  1.2607E-42
  2.6137E+03  1.2604E-42
  2.6141E+03  1.2602E-42
  2.6145E+03  1.2599E-42
  2.6148E+03  1.2597E-42
  2.6152E+03  1.2595E-42
  2.6156E+03  1.2592E-42
  2.6160E+03  1.2590E-42
  2.6163E+03  1.2587E-42
  2.6167E+03  1.2585E-42
  2.6171E+03  1.2583E-42
  2.6175E+03  1.2580E-42
  2.6178E+03  1.2578E-42
  2.6182E+03  1.2576E-42
  2.6186E+03  1.2573E-42
  2.6190E+03  1.2571E-42
  2.6193E+03  1.2568E-42
  2.6197E+03  1.2566E-42
  2.6201E+03  1.2564E-42
  2.6205E+03  1.2561E-42
  2.6208E+03  1.2559E-42
  2.6212E+03  1.2556E-42
  2.6216E+03  1.2554E-42
  2.6220E+03  1.2552E-42
  2.6223E+03  1.2549E-42
  2.6227E+03  1.2547E-42
  2.6231E+03  1.2545E-42
  2.6235E+03  1.2542E-42
  2.6238E+03  1.2540E-42
  2.6242E+03  1.2537E-42
  2.6246E+03  1.2535E-42
  2.6250E+03  1.2533E-42
  2.6253E+03  1.2530E-42
  2.6257E+03  1.2528E-42
  2.6261E+03  1.2526E-42
  2.6265E+03  1.2523E-42
  2.6268E+03  1.2521E-42
  2.6272E+03  1.2518E-42
  2.6276E+03  1.2516E-42
  2.6280E+03  1.2514E-42
  2.6283E+03  1.2511E-42
  2.6287E+03  1.2509E-42
  2.6291E+03  1.2507E-42
  2.6295E+03  1.2504E-42
  2.6298E+03  1.2502E-42
  2.6302E+03  1.2499E-42
  2.6306E+03  1.2497E-42
  2.6310E+03  1.2495E-42
  2.6313E+03  1.2492E-42
  2.6317E+03  1.2490E-42
  2.6321E+03  1.2488E-42
  2.6325E+03  1.2485E-42
  2.6328E+03  1.2483E-42
  2.6332E+03  1.2481E-42
  2.6336E+03  1.2478E-42
  2.6340E+03  1.2476E-42
  2.6343E+03  1.2473E-42
  2.6347E+03  1.2471E-42
  2.6351E+03  1.2469E-42
  2.6355E+03  1.2466E-42
  2.6358E+03  1.2464E-42
  2.6362E+03  1.2462E-42
  2.6366E+03  1.2459E-42
  2.6370E+03  1.2457E-42
  2.6373E+03  1.2455E-42
  2.6377E+03  1.2452E-42
  2.6381E+03  1.2450E-42
  2.6385E+03  1.2448E-42
  2.6388E+03  1.2445E-42
  2.6392E+03  1.2443E-42
  2.6396E+03  1.2441E-42
  2.6400E+03  1.2438E-42
  2.6403E+03  1.2436E-42
  2.6407E+03  1.2433E-42
  2.6411E+03  1.2431E-42
  2.6415E+03  1.2429E-42
  2.6418E+03  1.2426E-42
  2.6422E+03  1.2424E-42
  2.6426E+03  1.2422E-42
  2.6430E+03  1.2419E-42
  2.6433E+03  1.2417E-42
  2.6437E+03  1.2415E-42
  2.6441E+03  1.2412E-42
  2.6445E+03  1.2410E-42
  2.6448E+03  1.2408E-42
  2.6452E+03  1.2405E-42
  2.6456E+03  1.2403E-42
  2.6460E+03  1.2401E-42
  2.6463E+03  1.2398E-42
  2.6467E+03  1.2396E-42
  2.6471E+03  1.2394E-42
  2.6475E+03  1.2391E-42
  2.6478E+03  1.2389E-42
  2.6482E+03  1.2387E-42
  2.6486E+03  1.2384E-42
  2.6490E+03  1.2382E-42
  2.6493E+03  1.2380E-42
  2.6497E+03  1.2377E-42
  2.6501E+03  1.2375E-42
  2.6505E+03  1.2373E-42
  2.6508E+03  1.2370E-42
  2.6512E+03  1.2368E-42
  2.6516E+03  1.2366E-42
  2.6520E+03  1.2363E-42
  2.6523E+03  1.2361E-42
  2.6527E+03  1.2359E-42
  2.6531E+03  1.2356E-42
  2.6535E+03  1.2354E-42
  2.6538E+03  1.2352E-42
  2.6542E+03  1.2349E-42
  2.6546E+03  1.2347E-42
  2.6550E+03  1.2345E-42
  2.6553E+03  1.2343E-42
  2.6557E+03  1.2340E-42
  2.6561E+03  1.2338E-42
  2.6565E+03  1.2336E-42
  2.6568E+03  1.2333E-42
  2.6572E+03  1.2331E-42
  2.6576E+03  1.2329E-42
  2.6580E+03  1.2326E-42
  2.6583E+03  1.2324E-42
  2.6587E+03  1.2322E-42
  2.6591E+03  1.2319E-42
  2.6595E+03  1.2317E-42
  2.6598E+03  1.2315E-42
  2.6602E+03  1.2312E-42
  2.6606E+03  1.2310E-42
  2.6610E+03  1.2308E-42
  2.6613E+03  1.2306E-42
  2.6617E+03  1.2303E-42
  2.6621E+03  1.2301E-42
  2.6625E+03  1.2299E-42
  2.6628E+03  1.2296E-42
  2.6632E+03  1.2294E-42
  2.6636E+03  1.2292E-42
  2.6640E+03  1.2289E-42
  2.6643E+03  1.2287E-42
  2.6647E+03  1.2285E-42
  2.6651E+03  1.2282E-42
  2.6655E+03  1.2280E-42
  2.6658E+03  1.2278E-42
  2.6662E+03  1.2276E-42
  2.6666E+03  1.2273E-42
  2.6670E+03  1.2271E-42
  2.6673E+03  1.2269E-42
  2.6677E+03  1.2266E-42
  2.6681E+03  1.2264E-42
  2.6685E+03  1.2262E-42
  2.6688E+03  1.2260E-42
  2.6692E+03  1.2257E-42
  2.6696E+03  1.2255E-42
  2.6700E+03  1.2253E-42
  2.6703E+03  1.2250E-42
  2.6707E+03  1.2248E-42
  2.6711E+03  1.2246E-42
  2.6715E+03  1.2243E-42
  2.6718E+03  1.2241E-42
  2.6722E+03  1.2239E-42
  2.6726E+03  1.2237E-42
  2.6730E+03  1.2234E-42
  2.6733E+03  1.2232E-42
  2.6737E+03  1.2230E-42
  2.6741E+03  1.2227E-42
  2.6745E+03  1.2225E-42
  2.6748E+03  1.2223E-42
  2.6752E+03  1.2221E-42
  2.6756E+03  1.2218E-42
  2.6760E+03  1.2216E-42
  2.6763E+03  1.2214E-42
  2.6767E+03  1.2212E-42
  2.6771E+03  1.2209E-42
  2.6775E+03  1.2207E-42
  2.6778E+03  1.2205E-42
  2.6782E+03  1.2202E-42
  2.6786E+03  1.2200E-42
  2.6790E+03  1.2198E-42
  2.6793E+03  1.2196E-42
  2.6797E+03  1.2193E-42
  2.6801E+03  1.2191E-42
  2.6805E+03  1.2189E-42
  2.6808E+03  1.2186E-42
  2.6812E+03  1.2184E-42
  2.6816E+03  1.2182E-42
  2.6820E+03  1.2180E-42
  2.6823E+03  1.2177E-42
  2.6827E+03  1.2175E-42
  2.6831E+03  1.2173E-42
  2.6835E+03  1.2171E-42
  2.6838E+03  1.2168E-42
  2.6842E+03  1.2166E-42
  2.6846E+03  1.2164E-42
  2.6850E+03  1.2162E-42
  2.6853E+03  1.2159E-42
  2.6857E+03  1.2157E-42
  2.6861E+03  1.2155E-42
  2.6865E+03  1.2152E-42
  2.6868E+03  1.2150E-42
  2.6872E+03  1.2148E-42
  2.6876E+03  1.2146E-42
  2.6880E+03  1.2143E-42
  2.6883E+03  1.2141E-42
  2.6887E+03  1.2139E-42
  2.6891E+03  1.2137E-42
  2.6895E+03  1.2134E-42
  2.6898E+03  1.2132E-42
  2.6902E+03  1.2130E-42
  2.6906E+03  1.2128E-42
  2.6910E+03  1.2125E-42
  2.6913E+03  1.2123E-42
  2.6917E+03  1.2121E-42
  2.6921E+03  1.2119E-42
  2.6925E+03  1.2116E-42
  2.6928E+03  1.2114E-42
  2.6932E+03  1.2112E-42
  2.6936E+03  1.2110E-42
  2.6940E+03  1.2107E-42
  2.6943E+03  1.2105E-42
  2.6947E+03  1.2103E-42
  2.6951E+03  1.2101E-42
  2.6955E+03  1.2098E-42
  2.6958E+03  1.2096E-42
  2.6962E+03  1.2094E-42
  2.6966E+03  1.2092E-42
  2.6970E+03  1.2089E-42
  2.6973E+03  1.2087E-42
  2.6977E+03  1.2085E-42
  2.6981E+03  1.2083E-42
  2.6985E+03  1.2080E-42
  2.6988E+03  1.2078E-42
  2.6992E+03  1.2076E-42
  2.6996E+03  1.2074E-42
  2.7000E+03  1.2072E-42
  2.7003E+03  1.2069E-42
  2.7007E+03  1.2067E-42
  2.7011E+03  1.2065E-42
  2.7015E+03  1.2063E-42
  2.7018E+03  1.2060E-42
  2.7022E+03  1.2058E-42
  2.7026E+03  1.2056E-42
  2.7030E+03  1.2054E-42
  2.7033E+03  1.2051E-42
  2.7037E+03  1.2049E-42
  2.7041E+03  1.2047E-42
  2.7045E+03  1.2045E-42
  2.7048E+03  1.2042E-42
  2.7052E+03  1.2040E-42
  2.7056E+03  1.2038E-42
  2.7060E+03  1.2036E-42
  2.7063E+03  1.2034E-42
  2.7067E+03  1.2031E-42
  2.7071E+03  1.2029E-42
  2.7075E+03  1.2027E-42
  2.7078E+03  1.2025E-42
  2.7082E+03  1.2022E-42
  2.7086E+03  1.2020E-42
  2.7090E+03  1.2018E-42
  2.7093E+03  1.2016E-42
  2.7097E+03  1.2014E-42
  2.7101E+03  1.2011E-42
  2.7105E+03  1.2009E-42
  2.7108E+03  1.2007E-42
  2.7112E+03  1.2005E-42
  2.7116E+03  1.2002E-42
  2.7120E+03  1.2000E-42
  2.7123E+03  1.1998E-42
  2.7127E+03  1.1996E-42
  2.7131E+03  1.1994E-42
  2.7135E+03  1.1991E-42
  2.7138E+03  1.1989E-42
  2.7142E+03  1.1987E-42
  2.7146E+03  1.1985E-42
  2.7150E+03  1.1983E-42
  2.7153E+03  1.1980E-42
  2.7157E+03  1.1978E-42
  2.7161E+03  1.1976E-42
  2.7165E+03  1.1974E-42
  2.7168E+03  1.1972E-42
  2.7172E+03  1.1969E-42
  2.7176E+03  1.1967E-42
  2.7180E+03  1.1965E-42
  2.7183E+03  1.1963E-42
  2.7187E+03  1.1960E-42
  2.7191E+03  1.1958E-42
  2.7195E+03  1.1956E-42
  2.7198E+03  1.1954E-42
  2.7202E+03  1.1952E-42
  2.7206E+03  1.1949E-42
  2.7210E+03  1.1947E-42
  2.7213E+03  1.1945E-42
  2.7217E+03  1.1943E-42
  2.7221E+03  1.1941E-42
  2.7225E+03  1.1938E-42
  2.7228E+03  1.1936E-42
  2.7232E+03  1.1934E-42
  2.7236E+03  1.1932E-42
  2.7240E+03  1.1930E-42
  2.7243E+03  1.1928E-42
  2.7247E+03  1.1925E-42
  2.7251E+03  1.1923E-42
  2.7255E+03  1.1921E-42
  2.7258E+03  1.1919E-42
  2.7262E+03  1.1917E-42
  2.7266E+03  1.1914E-42
  2.7270E+03  1.1912E-42
  2.7273E+03  1.1910E-42
  2.7277E+03  1.1908E-42
  2.7281E+03  1.1906E-42
  2.7285E+03  1.1903E-42
  2.7288E+03  1.1901E-42
  2.7292E+03  1.1899E-42
  2.7296E+03  1.1897E-42
  2.7300E+03  1.1895E-42
  2.7303E+03  1.1892E-42
  2.7307E+03  1.1890E-42
  2.7311E+03  1.1888E-42
  2.7315E+03  1.1886E-42
  2.7318E+03  1.1884E-42
  2.7322E+03  1.1882E-42
  2.7326E+03  1.1879E-42
  2.7330E+03  1.1877E-42
  2.7333E+03  1.1875E-42
  2.7337E+03  1.1873E-42
  2.7341E+03  1.1871E-42
  2.7345E+03  1.1868E-42
  2.7348E+03  1.1866E-42
  2.7352E+03  1.1864E-42
  2.7356E+03  1.1862E-42
  2.7360E+03  1.1860E-42
  2.7363E+03  1.1858E-42
  2.7367E+03  1.1855E-42
  2.7371E+03  1.1853E-42
  2.7375E+03  1.1851E-42
  2.7378E+03  1.1849E-42
  2.7382E+03  1.1847E-42
  2.7386E+03  1.1845E-42
  2.7390E+03  1.1842E-42
  2.7393E+03  1.1840E-42
  2.7397E+03  1.1838E-42
  2.7401E+03  1.1836E-42
  2.7405E+03  1.1834E-42
  2.7408E+03  1.1832E-42
  2.7412E+03  1.1829E-42
  2.7416E+03  1.1827E-42
  2.7420E+03  1.1825E-42
  2.7423E+03  1.1823E-42
  2.7427E+03  1.1821E-42
  2.7431E+03  1.1819E-42
  2.7435E+03  1.1816E-42
  2.7438E+03  1.1814E-42
  2.7442E+03  1.1812E-42
  2.7446E+03  1.1810E-42
  2.7450E+03  1.1808E-42
  2.7453E+03  1.1806E-42
  2.7457E+03  1.1803E-42
  2.7461E+03  1.1801E-42
  2.7465E+03  1.1799E-42
  2.7468E+03  1.1797E-42
  2.7472E+03  1.1795E-42
  2.7476E+03  1.1793E-42
  2.7480E+03  1.1791E-42
  2.7483E+03  1.1788E-42
  2.7487E+03  1.1786E-42
  2.7491E+03  1.1784E-42
  2.7495E+03  1.1782E-42
  2.7498E+03  1.1780E-42
  2.7502E+03  1.1778E-42
  2.7506E+03  1.1775E-42
  2.7510E+03  1.1773E-42
  2.7513E+03  1.1771E-42
  2.7517E+03  1.1769E-42
  2.7521E+03  1.1767E-42
  2.7525E+03  1.1765E-42
  2.7528E+03  1.1763E-42
  2.7532E+03  1.1760E-42
  2.7536E+03  1.1758E-42
  2.7540E+03  1.1756E-42
  2.7543E+03  1.1754E-42
  2.7547E+03  1.1752E-42
  2.7551E+03  1.1750E-42
  2.7555E+03  1.1748E-42
  2.7558E+03  1.1745E-42
  2.7562E+03  1.1743E-42
  2.7566E+03  1.1741E-42
  2.7570E+03  1.1739E-42
  2.7573E+03  1.1737E-42
  2.7577E+03  1.1735E-42
  2.7581E+03  1.1733E-42
  2.7585E+03  1.1730E-42
  2.7588E+03  1.1728E-42
  2.7592E+03  1.1726E-42
  2.7596E+03  1.1724E-42
  2.7600E+03  1.1722E-42
  2.7603E+03  1.1720E-42
  2.7607E+03  1.1718E-42
  2.7611E+03  1.1716E-42
  2.7615E+03  1.1713E-42
  2.7618E+03  1.1711E-42
  2.7622E+03  1.1709E-42
  2.7626E+03  1.1707E-42
  2.7630E+03  1.1705E-42
  2.7633E+03  1.1703E-42
  2.7637E+03  1.1701E-42
  2.7641E+03  1.1698E-42
  2.7645E+03  1.1696E-42
  2.7648E+03  1.1694E-42
  2.7652E+03  1.1692E-42
  2.7656E+03  1.1690E-42
  2.7660E+03  1.1688E-42
  2.7663E+03  1.1686E-42
  2.7667E+03  1.1684E-42
  2.7671E+03  1.1681E-42
  2.7675E+03  1.1679E-42
  2.7678E+03  1.1677E-42
  2.7682E+03  1.1675E-42
  2.7686E+03  1.1673E-42
  2.7690E+03  1.1671E-42
  2.7693E+03  1.1669E-42
  2.7697E+03  1.1667E-42
  2.7701E+03  1.1665E-42
  2.7705E+03  1.1662E-42
  2.7708E+03  1.1660E-42
  2.7712E+03  1.1658E-42
  2.7716E+03  1.1656E-42
  2.7720E+03  1.1654E-42
  2.7723E+03  1.1652E-42
  2.7727E+03  1.1650E-42
  2.7731E+03  1.1648E-42
  2.7735E+03  1.1645E-42
  2.7738E+03  1.1643E-42
  2.7742E+03  1.1641E-42
  2.7746E+03  1.1639E-42
  2.7750E+03  1.1637E-42
  2.7753E+03  1.1635E-42
  2.7757E+03  1.1633E-42
  2.7761E+03  1.1631E-42
  2.7765E+03  1.1629E-42
  2.7768E+03  1.1627E-42
  2.7772E+03  1.1624E-42
  2.7776E+03  1.1622E-42
  2.7780E+03  1.1620E-42
  2.7783E+03  1.1618E-42
  2.7787E+03  1.1616E-42
  2.7791E+03  1.1614E-42
  2.7795E+03  1.1612E-42
  2.7798E+03  1.1610E-42
  2.7802E+03  1.1608E-42
  2.7806E+03  1.1605E-42
  2.7810E+03  1.1603E-42
  2.7813E+03  1.1601E-42
  2.7817E+03  1.1599E-42
  2.7821E+03  1.1597E-42
  2.7825E+03  1.1595E-42
  2.7828E+03  1.1593E-42
  2.7832E+03  1.1591E-42
  2.7836E+03  1.1589E-42
  2.7840E+03  1.1587E-42
  2.7843E+03  1.1585E-42
  2.7847E+03  1.1582E-42
  2.7851E+03  1.1580E-42
  2.7855E+03  1.1578E-42
  2.7858E+03  1.1576E-42
  2.7862E+03  1.1574E-42
  2.7866E+03  1.1572E-42
  2.7870E+03  1.1570E-42
  2.7873E+03  1.1568E-42
  2.7877E+03  1.1566E-42
  2.7881E+03  1.1564E-42
  2.7885E+03  1.1562E-42
  2.7888E+03  1.1559E-42
  2.7892E+03  1.1557E-42
  2.7896E+03  1.1555E-42
  2.7900E+03  1.1553E-42
  2.7903E+03  1.1551E-42
  2.7907E+03  1.1549E-42
  2.7911E+03  1.1547E-42
  2.7915E+03  1.1545E-42
  2.7918E+03  1.1543E-42
  2.7922E+03  1.1541E-42
  2.7926E+03  1.1539E-42
  2.7930E+03  1.1536E-42
  2.7933E+03  1.1534E-42
  2.7937E+03  1.1532E-42
  2.7941E+03  1.1530E-42
  2.7945E+03  1.1528E-42
  2.7948E+03  1.1526E-42
  2.7952E+03  1.1524E-42
  2.7956E+03  1.1522E-42
  2.7960E+03  1.1520E-42
  2.7963E+03  1.1518E-42
  2.7967E+03  1.1516E-42
  2.7971E+03  1.1514E-42
  2.7975E+03  1.1512E-42
  2.7978E+03  1.1510E-42
  2.7982E+03  1.1507E-42
  2.7986E+03  1.1505E-42
  2.7990E+03  1.1503E-42
  2.7993E+03  1.1501E-42
  2.7997E+03  1.1499E-42
  2.8001E+03  1.1497E-42
  2.8005E+03  1.1495E-42
  2.8009E+03  1.1493E-42
  2.8012E+03  1.1491E-42
  2.8016E+03  1.1489E-42
  2.8020E+03  1.1487E-42
  2.8024E+03  1.1485E-42
  2.8027E+03  1.1483E-42
  2.8031E+03  1.1481E-42
  2.8035E+03  1.1478E-42
  2.8039E+03  1.1476E-42
  2.8042E+03  1.1474E-42
  2.8046E+03  1.1472E-42
  2.8050E+03  1.1470E-42
  2.8054E+03  1.1468E-42
  2.8057E+03  1.1466E-42
  2.8061E+03  1.1464E-42
  2.8065E+03  1.1462E-42
  2.8069E+03  1.1460E-42
  2.8072E+03  1.1458E-42
  2.8076E+03  1.1456E-42
  2.8080E+03  1.1454E-42
  2.8084E+03  1.1452E-42
  2.8087E+03  1.1450E-42
  2.8091E+03  1.1448E-42
  2.8095E+03  1.1446E-42
  2.8099E+03  1.1443E-42
  2.8102E+03  1.1441E-42
  2.8106E+03  1.1439E-42
  2.8110E+03  1.1437E-42
  2.8114E+03  1.1435E-42
  2.8117E+03  1.1433E-42
  2.8121E+03  1.1431E-42
  2.8125E+03  1.1429E-42
  2.8129E+03  1.1427E-42
  2.8132E+03  1.1425E-42
  2.8136E+03  1.1423E-42
  2.8140E+03  1.1421E-42
  2.8144E+03  1.1419E-42
  2.8147E+03  1.1417E-42
  2.8151E+03  1.1415E-42
  2.8155E+03  1.1413E-42
  2.8159E+03  1.1411E-42
  2.8162E+03  1.1409E-42
  2.8166E+03  1.1407E-42
  2.8170E+03  1.1405E-42
  2.8174E+03  1.1403E-42
  2.8177E+03  1.1400E-42
  2.8181E+03  1.1398E-42
  2.8185E+03  1.1396E-42
  2.8189E+03  1.1394E-42
  2.8192E+03  1.1392E-42
  2.8196E+03  1.1390E-42
  2.8200E+03  1.1388E-42
  2.8204E+03  1.1386E-42
  2.8207E+03  1.1384E-42
  2.8211E+03  1.1382E-42
  2.8215E+03  1.1380E-42
  2.8219E+03  1.1378E-42
  2.8222E+03  1.1376E-42
  2.8226E+03  1.1374E-42
  2.8230E+03  1.1372E-42
  2.8234E+03  1.1370E-42
  2.8237E+03  1.1368E-42
  2.8241E+03  1.1366E-42
  2.8245E+03  1.1364E-42
  2.8249E+03  1.1362E-42
  2.8252E+03  1.1360E-42
  2.8256E+03  1.1358E-42
  2.8260E+03  1.1356E-42
  2.8264E+03  1.1354E-42
  2.8267E+03  1.1352E-42
  2.8271E+03  1.1350E-42
  2.8275E+03  1.1348E-42
  2.8279E+03  1.1346E-42
  2.8282E+03  1.1344E-42
  2.8286E+03  1.1342E-42
  2.8290E+03  1.1340E-42
  2.8294E+03  1.1338E-42
  2.8297E+03  1.1335E-42
  2.8301E+03  1.1333E-42
  2.8305E+03  1.1331E-42
  2.8309E+03  1.1329E-42
  2.8312E+03  1.1327E-42
  2.8316E+03  1.1325E-42
  2.8320E+03  1.1323E-42
  2.8324E+03  1.1321E-42
  2.8327E+03  1.1319E-42
  2.8331E+03  1.1317E-42
  2.8335E+03  1.1315E-42
  2.8339E+03  1.1313E-42
  2.8342E+03  1.1311E-42
  2.8346E+03  1.1309E-42
  2.8350E+03  1.1307E-42
  2.8354E+03  1.1305E-42
  2.8357E+03  1.1303E-42
  2.8361E+03  1.1301E-42
  2.8365E+03  1.1299E-42
  2.8369E+03  1.1297E-42
  2.8372E+03  1.1295E-42
  2.8376E+03  1.1293E-42
  2.8380E+03  1.1291E-42
  2.8384E+03  1.1289E-42
  2.8387E+03  1.1287E-42
  2.8391E+03  1.1285E-42
  2.8395E+03  1.1283E-42
  2.8399E+03  1.1281E-42
  2.8402E+03  1.1279E-42
  2.8406E+03  1.1277E-42
  2.8410E+03  1.1275E-42
  2.8414E+03  1.1273E-42
  2.8417E+03  1.1271E-42
  2.8421E+03  1.1269E-42
  2.8425E+03  1.1267E-42
  2.8429E+03  1.1265E-42
  2.8432E+03  1.1263E-42
  2.8436E+03  1.1261E-42
  2.8440E+03  1.1259E-42
  2.8444E+03  1.1257E-42
  2.8447E+03  1.1255E-42
  2.8451E+03  1.1253E-42
  2.8455E+03  1.1251E-42
  2.8459E+03  1.1249E-42
  2.8462E+03  1.1247E-42
  2.8466E+03  1.1245E-42
  2.8470E+03  1.1243E-42
  2.8474E+03  1.1241E-42
  2.8477E+03  1.1239E-42
  2.8481E+03  1.1237E-42
  2.8485E+03  1.1235E-42
  2.8489E+03  1.1233E-42
  2.8492E+03  1.1231E-42
  2.8496E+03  1.1229E-42
  2.8500E+03  1.1227E-42
  2.8504E+03  1.1225E-42
  2.8507E+03  1.1223E-42
  2.8511E+03  1.1221E-42
  2.8515E+03  1.1219E-42
  2.8519E+03  1.1217E-42
  2.8522E+03  1.1215E-42
  2.8526E+03  1.1213E-42
  2.8530E+03  1.1211E-42
  2.8534E+03  1.1209E-42
  2.8537E+03  1.1207E-42
  2.8541E+03  1.1205E-42
  2.8545E+03  1.1203E-42
  2.8549E+03  1.1201E-42
  2.8552E+03  1.1199E-42
  2.8556E+03  1.1197E-42
  2.8560E+03  1.1195E-42
  2.8564E+03  1.1193E-42
  2.8567E+03  1.1191E-42
  2.8571E+03  1.1189E-42
  2.8575E+03  1.1187E-42
  2.8579E+03  1.1185E-42
  2.8582E+03  1.1183E-42
  2.8586E+03  1.1181E-42
  2.8590E+03  1.1179E-42
  2.8594E+03  1.1177E-42
  2.8597E+03  1.1176E-42
  2.8601E+03  1.1174E-42
  2.8605E+03  1.1172E-42
  2.8609E+03  1.1170E-42
  2.8612E+03  1.1168E-42
  2.8616E+03  1.1166E-42
  2.8620E+03  1.1164E-42
  2.8624E+03  1.1162E-42
  2.8627E+03  1.1160E-42
  2.8631E+03  1.1158E-42
  2.8635E+03  1.1156E-42
  2.8639E+03  1.1154E-42
  2.8642E+03  1.1152E-42
  2.8646E+03  1.1150E-42
  2.8650E+03  1.1148E-42
  2.8654E+03  1.1146E-42
  2.8657E+03  1.1144E-42
  2.8661E+03  1.1142E-42
  2.8665E+03  1.1140E-42
  2.8669E+03  1.1138E-42
  2.8672E+03  1.1136E-42
  2.8676E+03  1.1134E-42
  2.8680E+03  1.1132E-42
  2.8684E+03  1.1130E-42
  2.8687E+03  1.1128E-42
  2.8691E+03  1.1126E-42
  2.8695E+03  1.1124E-42
  2.8699E+03  1.1122E-42
  2.8702E+03  1.1120E-42
  2.8706E+03  1.1118E-42
  2.8710E+03  1.1116E-42
  2.8714E+03  1.1115E-42
  2.8717E+03  1.1113E-42
  2.8721E+03  1.1111E-42
  2.8725E+03  1.1109E-42
  2.8729E+03  1.1107E-42
  2.8732E+03  1.1105E-42
  2.8736E+03  1.1103E-42
  2.8740E+03  1.1101E-42
  2.8744E+03  1.1099E-42
  2.8747E+03  1.1097E-42
  2.8751E+03  1.1095E-42
  2.8755E+03  1.1093E-42
  2.8759E+03  1.1091E-42
  2.8762E+03  1.1089E-42
  2.8766E+03  1.1087E-42
  2.8770E+03  1.1085E-42
  2.8774E+03  1.1083E-42
  2.8777E+03  1.1081E-42
  2.8781E+03  1.1079E-42
  2.8785E+03  1.1077E-42
  2.8789E+03  1.1075E-42
  2.8792E+03  1.1073E-42
  2.8796E+03  1.1072E-42
  2.8800E+03  1.1070E-42
  2.8804E+03  1.1068E-42
  2.8807E+03  1.1066E-42
  2.8811E+03  1.1064E-42
  2.8815E+03  1.1062E-42
  2.8819E+03  1.1060E-42
  2.8822E+03  1.1058E-42
  2.8826E+03  1.1056E-42
  2.8830E+03  1.1054E-42
  2.8834E+03  1.1052E-42
  2.8837E+03  1.1050E-42
  2.8841E+03  1.1048E-42
  2.8845E+03  1.1046E-42
  2.8849E+03  1.1044E-42
  2.8852E+03  1.1042E-42
  2.8856E+03  1.1040E-42
  2.8860E+03  1.1038E-42
  2.8864E+03  1.1037E-42
  2.8867E+03  1.1035E-42
  2.8871E+03  1.1033E-42
  2.8875E+03  1.1031E-42
  2.8879E+03  1.1029E-42
  2.8882E+03  1.1027E-42
  2.8886E+03  1.1025E-42
  2.8890E+03  1.1023E-42
  2.8894E+03  1.1021E-42
  2.8897E+03  1.1019E-42
  2.8901E+03  1.1017E-42
  2.8905E+03  1.1015E-42
  2.8909E+03  1.1013E-42
  2.8912E+03  1.1011E-42
  2.8916E+03  1.1009E-42
  2.8920E+03  1.1008E-42
  2.8924E+03  1.1006E-42
  2.8927E+03  1.1004E-42
  2.8931E+03  1.1002E-42
  2.8935E+03  1.1000E-42
  2.8939E+03  1.0998E-42
  2.8942E+03  1.0996E-42
  2.8946E+03  1.0994E-42
  2.8950E+03  1.0992E-42
  2.8954E+03  1.0990E-42
  2.8957E+03  1.0988E-42
  2.8961E+03  1.0986E-42
  2.8965E+03  1.0984E-42
  2.8969E+03  1.0983E-42
  2.8972E+03  1.0981E-42
  2.8976E+03  1.0979E-42
  2.8980E+03  1.0977E-42
  2.8984E+03  1.0975E-42
  2.8987E+03  1.0973E-42
  2.8991E+03  1.0971E-42
  2.8995E+03  1.0969E-42
  2.8999E+03  1.0967E-42
  2.9002E+03  1.0965E-42
  2.9006E+03  1.0963E-42
  2.9010E+03  1.0961E-42
  2.9014E+03  1.0959E-42
  2.9017E+03  1.0958E-42
  2.9021E+03  1.0956E-42
  2.9025E+03  1.0954E-42
  2.9029E+03  1.0952E-42
  2.9032E+03  1.0950E-42
  2.9036E+03  1.0948E-42
  2.9040E+03  1.0946E-42
  2.9044E+03  1.0944E-42
  2.9047E+03  1.0942E-42
  2.9051E+03  1.0940E-42
  2.9055E+03  1.0938E-42
  2.9059E+03  1.0937E-42
  2.9062E+03  1.0935E-42
  2.9066E+03  1.0933E-42
  2.9070E+03  1.0931E-42
  2.9074E+03  1.0929E-42
  2.9077E+03  1.0927E-42
  2.9081E+03  1.0925E-42
  2.9085E+03  1.0923E-42
  2.9089E+03  1.0921E-42
  2.9092E+03  1.0919E-42
  2.9096E+03  1.0917E-42
  2.9100E+03  1.0916E-42
  2.9104E+03  1.0914E-42
  2.9107E+03  1.0912E-42
  2.9111E+03  1.0910E-42
  2.9115E+03  1.0908E-42
  2.9119E+03  1.0906E-42
  2.9122E+03  1.0904E-42
  2.9126E+03  1.0902E-42
  2.9130E+03  1.0900E-42
  2.9134E+03  1.0898E-42
  2.9137E+03  1.0897E-42
  2.9141E+03  1.0895E-42
  2.9145E+03  1.0893E-42
  2.9149E+03  1.0891E-42
  2.9152E+03  1.0889E-42
  2.9156E+03  1.0887E-42
  2.9160E+03  1.0885E-42
  2.9164E+03  1.0883E-42
  2.9167E+03  1.0881E-42
  2.9171E+03  1.0879E-42
  2.9175E+03  1.0878E-42
  2.9179E+03  1.0876E-42
  2.9182E+03  1.0874E-42
  2.9186E+03  1.0872E-42
  2.9190E+03  1.0870E-42
  2.9194E+03  1.0868E-42
  2.9197E+03  1.0866E-42
  2.9201E+03  1.0864E-42
  2.9205E+03  1.0862E-42
  2.9209E+03  1.0861E-42
  2.9212E+03  1.0859E-42
  2.9216E+03  1.0857E-42
  2.9220E+03  1.0855E-42
  2.9224E+03  1.0853E-42
  2.9227E+03  1.0851E-42
  2.9231E+03  1.0849E-42
  2.9235E+03  1.0847E-42
  2.9239E+03  1.0845E-42
  2.9242E+03  1.0844E-42
  2.9246E+03  1.0842E-42
  2.9250E+03  1.0840E-42
  2.9254E+03  1.0838E-42
  2.9257E+03  1.0836E-42
  2.9261E+03  1.0834E-42
  2.9265E+03  1.0832E-42
  2.9269E+03  1.0830E-42
  2.9272E+03  1.0829E-42
  2.9276E+03  1.0827E-42
  2.9280E+03  1.0825E-42
  2.9284E+03  1.0823E-42
  2.9287E+03  1.0821E-42
  2.9291E+03  1.0819E-42
  2.9295E+03  1.0817E-42
  2.9299E+03  1.0815E-42
  2.9302E+03  1.0814E-42
  2.9306E+03  1.0812E-42
  2.9310E+03  1.0810E-42
  2.9314E+03  1.0808E-42
  2.9317E+03  1.0806E-42
  2.9321E+03  1.0804E-42
  2.9325E+03  1.0802E-42
  2.9329E+03  1.0800E-42
  2.9332E+03  1.0799E-42
  2.9336E+03  1.0797E-42
  2.9340E+03  1.0795E-42
  2.9344E+03  1.0793E-42
  2.9347E+03  1.0791E-42
  2.9351E+03  1.0789E-42
  2.9355E+03  1.0787E-42
  2.9359E+03  1.0785E-42
  2.9362E+03  1.0784E-42
  2.9366E+03  1.0782E-42
  2.9370E+03  1.0780E-42
  2.9374E+03  1.0778E-42
  2.9377E+03  1.0776E-42
  2.9381E+03  1.0774E-42
  2.9385E+03  1.0772E-42
  2.9389E+03  1.0771E-42
  2.9392E+03  1.0769E-42
  2.9396E+03  1.0767E-42
  2.9400E+03  1.0765E-42
  2.9404E+03  1.0763E-42
  2.9407E+03  1.0761E-42
  2.9411E+03  1.0759E-42
  2.9415E+03  1.0758E-42
  2.9419E+03  1.0756E-42
  2.9422E+03  1.0754E-42
  2.9426E+03  1.0752E-42
  2.9430E+03  1.0750E-42
  2.9434E+03  1.0748E-42
  2.9437E+03  1.0746E-42
  2.9441E+03  1.0745E-42
  2.9445E+03  1.0743E-42
  2.9449E+03  1.0741E-42
  2.9452E+03  1.0739E-42
  2.9456E+03  1.0737E-42
  2.9460E+03  1.0735E-42
  2.9464E+03  1.0733E-42
  2.9467E+03  1.0732E-42
  2.9471E+03  1.0730E-42
  2.9475E+03  1.0728E-42
  2.9479E+03  1.0726E-42
  2.9482E+03  1.0724E-42
  2.9486E+03  1.0722E-42
  2.9490E+03  1.0720E-42
  2.9494E+03  1.0719E-42
  2.9497E+03  1.0717E-42
  2.9501E+03  1.0715E-42
  2.9505E+03  1.0713E-42
  2.9509E+03  1.0711E-42
  2.9512E+03  1.0709E-42
  2.9516E+03  1.0707E-42
  2.9520E+03  1.0706E-42
  2.9524E+03  1.0704E-42
  2.9527E+03  1.0702E-42
  2.9531E+03  1.0700E-42
  2.9535E+03  1.0698E-42
  2.9539E+03  1.0696E-42
  2.9542E+03  1.0695E-42
  2.9546E+03  1.0693E-42
  2.9550E+03  1.0691E-42
  2.9554E+03  1.0689E-42
  2.9557E+03  1.0687E-42
  2.9561E+03  1.0685E-42
  2.9565E+03  1.0684E-42
  2.9569E+03  1.0682E-42
  2.9572E+03  1.0680E-42
  2.9576E+03  1.0678E-42
  2.9580E+03  1.0676E-42
  2.9584E+03  1.0674E-42
  2.9587E+03  1.0673E-42
  2.9591E+03  1.0671E-42
  2.9595E+03  1.0669E-42
  2.9599E+03  1.0667E-42
  2.9602E+03  1.0665E-42
  2.9606E+03  1.0663E-42
  2.9610E+03  1.0661E-42
  2.9614E+03  1.0660E-42
  2.9617E+03  1.0658E-42
  2.9621E+03  1.0656E-42
  2.9625E+03  1.0654E-42
  2.9629E+03  1.0652E-42
  2.9632E+03  1.0651E-42
  2.9636E+03  1.0649E-42
  2.9640E+03  1.0647E-42
  2.9644E+03  1.0645E-42
  2.9647E+03  1.0643E-42
  2.9651E+03  1.0641E-42
  2.9655E+03  1.0640E-42
  2.9659E+03  1.0638E-42
  2.9662E+03  1.0636E-42
  2.9666E+03  1.0634E-42
  2.9670E+03  1.0632E-42
  2.9674E+03  1.0630E-42
  2.9677E+03  1.0629E-42
  2.9681E+03  1.0627E-42
  2.9685E+03  1.0625E-42
  2.9689E+03  1.0623E-42
  2.9692E+03  1.0621E-42
  2.9696E+03  1.0619E-42
  2.9700E+03  1.0618E-42
  2.9704E+03  1.0616E-42
  2.9707E+03  1.0614E-42
  2.9711E+03  1.0612E-42
  2.9715E+03  1.0610E-42
  2.9719E+03  1.0609E-42
  2.9722E+03  1.0607E-42
  2.9726E+03  1.0605E-42
  2.9730E+03  1.0603E-42
  2.9734E+03  1.0601E-42
  2.9737E+03  1.0599E-42
  2.9741E+03  1.0598E-42
  2.9745E+03  1.0596E-42
  2.9749E+03  1.0594E-42
  2.9752E+03  1.0592E-42
  2.9756E+03  1.0590E-42
  2.9760E+03  1.0589E-42
  2.9764E+03  1.0587E-42
  2.9767E+03  1.0585E-42
  2.9771E+03  1.0583E-42
  2.9775E+03  1.0581E-42
  2.9779E+03  1.0580E-42
  2.9782E+03  1.0578E-42
  2.9786E+03  1.0576E-42
  2.9790E+03  1.0574E-42
  2.9794E+03  1.0572E-42
  2.9797E+03  1.0570E-42
  2.9801E+03  1.0569E-42
  2.9805E+03  1.0567E-42
  2.9809E+03  1.0565E-42
  2.9812E+03  1.0563E-42
  2.9816E+03  1.0561E-42
  2.9820E+03  1.0560E-42
  2.9824E+03  1.0558E-42
  2.9827E+03  1.0556E-42
  2.9831E+03  1.0554E-42
  2.9835E+03  1.0552E-42
  2.9839E+03  1.0551E-42
  2.9842E+03  1.0549E-42
  2.9846E+03  1.0547E-42
  2.9850E+03  1.0545E-42
  2.9854E+03  1.0543E-42
  2.9857E+03  1.0542E-42
  2.9861E+03  1.0540E-42
  2.9865E+03  1.0538E-42
  2.9869E+03  1.0536E-42
  2.9872E+03  1.0534E-42
  2.9876E+03  1.0533E-42
  2.9880E+03  1.0531E-42
  2.9884E+03  1.0529E-42
  2.9887E+03  1.0527E-42
  2.9891E+03  1.0525E-42
  2.9895E+03  1.0524E-42
  2.9899E+03  1.0522E-42
  2.9902E+03  1.0520E-42
  2.9906E+03  1.0518E-42
  2.9910E+03  1.0516E-42
  2.9914E+03  1.0515E-42
  2.9917E+03  1.0513E-42
  2.9921E+03  1.0511E-42
  2.9925E+03  1.0509E-42
  2.9929E+03  1.0507E-42
  2.9932E+03  1.0506E-42
  2.9936E+03  1.0504E-42
  2.9940E+03  1.0502E-42
  2.9944E+03  1.0500E-42
  2.9947E+03  1.0499E-42
  2.9951E+03  1.0497E-42
  2.9955E+03  1.0495E-42
  2.9959E+03  1.0493E-42
  2.9962E+03  1.0491E-42
  2.9966E+03  1.0490E-42
  2.9970E+03  1.0488E-42
  2.9974E+03  1.0486E-42
  2.9977E+03  1.0484E-42
  2.9981E+03  1.0482E-42
  2.9985E+03  1.0481E-42
  2.9989E+03  1.0479E-42
  2.9992E+03  1.0477E-42
  2.9996E+03  1.0475E-42
  3.0000E+03  1.0474E-42
