  0.18752344043005376        1.1072548997059311        0.0000000000000000                1
  0.56257032129016127        1.1072548997059311        680.12704234273622                2
  0.93761720215026889        1.0902244065677915        5441.0163387418897                3
   1.3126640830103762        1.0698308902213929        17232.216720011002                4
   1.6877109638704837        1.0492457968076190        38290.388233892176                5
   2.0627578447305916        1.0292264121618540        70331.334154139506                6
   2.4378047255906989        1.0099988841275465        114704.81782246858                7
   2.8128516064508062       0.99162289216333344        172495.67863581955                8
   3.1878984873109135       0.97409503932573183        244591.84061118154                9
   3.5629453681710213       0.95738573727855125        331731.22932286095               10
   3.9379922490311294       0.94145450286902432        434534.87875662273               11
   4.3130391298912363       0.92625697186290978        553530.77657164645               12
   4.6880860107513440       0.91174831240231868        689171.36532486451               13
   5.0631328916114517       0.89788493336354824        841846.61394069437               14
   5.4381797724715586       0.88462532047176590        1011893.9430687308               15
   5.8132266533316663       0.87193041435208030        1199605.8799145848               16
   6.1882735341917741       0.85976373155508490        1405236.0517977902               17
   6.5633204150518809       0.84809134970572853        1629003.9470060938               18
   6.9383672959119886       0.83688181229433178        1871098.7510205579               19
   7.3134141767720964       0.82610599782255201        2131682.4798874394               20
   7.6884610576322050       0.81573696679015617        2410892.5752027342               21
   8.0635079384923127       0.80574980724960166        2708844.0807949980               22
   8.4385548193524187       0.79612147832171332        3025631.4932191083               23
   8.8136017002125264       0.78683066393493961        3361330.3534392184               24
   9.1886485810726342       0.77785763101921779        3715998.6336245975               25
   9.5636954619327419       0.76918410124208247        4089677.9578276346               26
   9.9387423427928496       0.76079312856395265        4482394.6895088861               27
   10.313789223652957       0.75266899050779890        4894160.9084950276               28
   10.688836104513063       0.74479708470828243        5324975.2984582512               29
   11.063882985373171       0.73716383822887865        5774823.9579949789               30
   11.438929866233279       0.72975662099947580        6243681.1494940864               31
   11.813976747093387       0.72256367077316186        6731509.9930829350               32
   12.189023627953494       0.71557402094168931        7238263.1157676838               33
   12.564070508813602       0.70877743864209131        7763883.2594050271               34
   12.939117389673708       0.70216436455500253        8308303.8552013757               35
   13.314164270533816       0.69572586190280161        8871449.5659904722               36
   13.689211151393923       0.68945356613017483        9453236.8025599010               37
   14.064258032254031       0.68333964285847315        10053574.213658346               38
   14.439304913114139       0.67737674567767392        10672363.155142175               39
   14.814351793974245       0.67155798144460976        11309498.136749370               40
   15.189398674834353       0.66587687472355761        11964867.251534348               41
   15.564445555694460       0.66032733910468266        12638352.585607702               42
   15.939492436554570       0.65490364709766125        13329830.613038003               43
   16.314539317414678       0.64960040639176075        14039172.572907701               44
   16.689586198274785       0.64441253423025679        14766244.833366133               45
   17.064633079134893       0.63933523773614098        15510909.239144068               46
   17.439679959995001       0.63436399197817417        16273023.447465863               47
   17.814726840855108       0.62949452365126146        17052441.248377252               48
   18.189773721715216       0.62472279219347437        17849012.874589384               49
   18.564820602575324       0.62004497624356647        18662585.296463735               50
   18.939867483435428       0.61545745728810575        19493002.507451106               51
   19.314914364295536       0.61095680842609545        20340105.795250364               52
   19.689961245155644       0.60653978012178300        21203734.004244972               53
   20.065008126015751       0.60220329089285618        22083723.784146193               54
   20.440055006875859       0.59794441482210037        22979909.830667280               55
   20.815101887735967       0.59376037385527680        23892125.112834889               56
   21.190148768596075       0.58964852678731761        24820201.093042251               57
   21.565195649456182       0.58560636291215629        25763967.934136376               58
   21.940242530316290       0.58163149224961219        26723254.699932963               59
   22.315289411176398       0.57772164033482154        27697889.543142263               60
   22.690336292036505       0.57387463949280948        28687699.887394227               61
   23.065383172896613       0.57008842459194775        29692512.597039625               62
   23.440430053756717       0.56636102520635312        30712154.141713161               63
   23.815476934616825       0.56269056218769342        31746450.749029886               64
   24.190523815476933       0.55907524058253510        32795228.552699741               65
   24.565570696337037       0.55551334690119591        33858313.729126342               66
   24.940617577197152       0.55200324267920997        34935532.630074009               67
   25.315664458057253       0.54854336234186962        36026711.904163167               68
   25.690711338917367       0.54513220731703538        37131678.615077160               69
   26.065758219777468       0.54176834441038402        38250260.348933771               70
   26.440805100637579       0.53845040039165093        39382285.319002345               71
   26.815851981497683       0.53517706080908900        40527582.459912591               72
   27.190898862357795       0.53194706498348499        41685981.519832164               73
   27.565945743217899       0.52875920520148278        42857313.142451577               74
   27.940992624078010       0.52561232206186614        44041408.947548121               75
   28.316039504938111       0.52250530399664719        45238101.601659127               76
   28.691086385798226       0.51943708292253377        46447224.887929745               77
   29.066133266658326       0.51640663404637921        47668613.766356736               78
   29.441180147518441       0.51341297178178147        48902104.433785640               79
   29.816227028378542       0.51045514980190987        50147534.374573722               80
   30.191273909238657       0.50753225718705730        51404742.411566779               81
   30.566320790098757       0.50464341869323925        52673568.747993618               82
   30.941367670958869       0.50178779110144967        53953855.010215402               83
   31.316414551818983       0.49896456367494230        55245444.281625211               84
   31.691461432679084       0.49617295468508743        56548181.137923077               85
   32.066508313539195       0.49341221203405361        57861911.673754238               86
   32.441555194399299       0.49068160993566295        59186483.531222321               87
   32.816602075259411       0.48798044968340498        60521745.919958189               88
   33.191648956119515       0.48530805646764807        61867549.639542215               89
   33.566695836979626       0.48266378027165191        63223747.093654074               90
   33.941742717839730       0.48004699280899948        64590192.307032958               91
   34.316789598699842       0.47745708853259078        65966740.934316985               92
   34.691836479559946       0.47489348167830425        67353250.272128478               93
   35.066883360420057       0.47235560737392890        68749579.263170034               94
   35.441930241280161       0.46984291877688922        70155588.503981277               95
   35.816977122140273       0.46735488827175886        71571140.244818002               96
   36.192024003000377       0.46489100469144801        72996098.393586233               97
   36.567070883860488       0.46245077459338935        74430328.511991605               98
   36.942117764720585       0.46003371955492417        75873697.816117927               99
   37.317164645580704       0.45763937751949479        77326075.169295341              100
   37.692211526440801       0.45526730015812089        78787331.079753011              101
   38.067258407300919       0.45291705427800227        80257337.690618277              102
   38.442305288161016       0.45058821924296560        81735968.775037244              103
   38.817352169021135       0.44828038843781109        83223099.723681852              104
   39.192399049881232       0.44599316674146972        84718607.537698105              105
   39.567445930741343       0.44372617204122095        86222370.814064816              106
   39.942492811601447       0.44147903275304706        87734269.736697033              107
   40.317539692461558       0.43925138938054459        89254186.059968710              108
   40.692586573321663       0.43704289207760605        90782003.098268345              109
   41.067633454181774       0.43485320224744944        92317605.707968548              110
   41.442680335041878       0.43268199014332176        93860880.275702432              111
   41.817727215901989       0.43052893650359420        95411714.699035406              112
   42.192774096762093       0.42839373018667404        96969998.373703912              113
   42.567820977622205       0.42627606983856919        98535622.173219442              114
   42.942867858482309       0.42417566155862213        100108478.43528652              115
   43.317914739342420       0.42209222059635182        101688460.94054459              116
   43.692961620202524       0.42002546904499610        103275464.89835957              117
   44.068008501062636       0.41797513756478849        104869386.92488720              118
   44.443055381922740       0.41594096310162731        106470125.02841103              119
   44.818102262782851       0.41392269063425158        108077578.58689058              120
   45.193149143642948       0.41192007091564470        109691648.33299918              121
   45.568196024503067       0.40993286224184550        111312236.33130164              122
   45.943242905363164       0.40796082821394630        112939245.96312724              123
   46.318289786223282       0.40600373952651697        114572581.90350454              124
   46.693336667083379       0.40406137174828238        116212150.10598865              125
   47.068383547943498       0.40213350712834478        117857857.77946489              126
   47.443430428803595       0.40021993239382569        119509613.37303464              127
   47.818477309663706       0.39832044057226024        121167326.55278541              128
   48.193524190523810       0.39643482880466330        122830908.18682589              129
   48.568571071383921       0.39456290018263429        124500270.32210708              130
   48.943617952244033       0.39270446157546168        126175326.16968483              131
   49.318664833104137       0.39085932548062746        127855990.08166498              132
   49.693711713964248       0.38902730786369955        129542177.53676057              133
   50.068758594824352       0.38720823002105503        131233805.11742340              134
   50.443805475684456       0.38540191643143717        132930790.49575311              135
   50.818852356544568       0.38360819662982654        134633052.41086799              136
   51.193899237404679       0.38182690306965283        136340510.65521377              137
   51.568946118264783       0.38005787300684873        138053086.05221838              138
   51.943992999124887       0.37830094637179901        139770700.44304073              139
   52.319039879984999       0.37655596766270766        141493276.66454533              140
   52.694086760845110       0.37482278382645456        143220738.53652456              141
   53.069133641705214       0.37310124616048723        144953010.84002313              142
   53.444180522565311       0.37139120820183474        146690019.30505949              143
   53.819227403425430       0.36969252763680954        148431690.58932444              144
   54.194274284285541       0.36800506419749890        150177952.26642272              145
   54.569321165145645       0.36632868157862664        151928732.80496359              146
   54.944368046005742       0.36466324534090533        153683961.55733865              147
   55.319414926865861       0.36300862483446994        155443568.73921797              148
   55.694461807725972       0.36136469110852987        157207485.41887522              149
   56.069508688586069       0.35973131884083870        158975643.49709922              150
   56.444555569446173       0.35810838425313307        160747975.69707355              151
   56.819602450306284       0.35649576704615760        162524415.54470909              152
   57.194649331166403       0.35489334832042158        164304897.35908240              153
   57.569696212026500       0.35330101251633578        166089356.23319182              154
   57.944743092886604       0.35171864533986563        167877728.02495551              155
   58.319789973746715       0.35014613570737307        169669949.33839092              156
   58.694836854606827       0.34858337367578324        171465957.51517111              157
   59.069883735466931       0.34703025239175972        173265690.61622500              158
   59.444930616327035       0.34548666602603217        175069087.41384795              159
   59.819977497187146       0.34395251172656971        176876087.37371847              160
   60.195024378047258       0.34242768755674796        178686630.64755732              161
   60.570071258907362       0.34091209445220827        180500658.05555424              162
   60.945118139767466       0.33940563416257552        182318111.07956854              163
   61.320165020627577       0.33790821121171877        184138931.84595770              164
   61.695211901487689       0.33641973084274618        185963063.11931098              165
   62.070258782347793       0.33494010098141741        187790448.28567129              166
   62.445305663207904       0.33346923018416136        189621031.34679154              167
   62.820352544068015       0.33200702960440742        191454756.90373951              168
   63.195399424928119       0.33055341094340096        193291570.15166715              169
   63.570446305788224       0.32910828841923184        195131416.86378714              170
   63.945493186648335       0.32767157672024411        196974243.38664359              171
   64.320540067508446       0.32624319297656346        198819996.62444896              172
   64.695586948368543       0.32482305471590744        200668624.03484428              173
   65.070633829228655       0.32341108183742862        202520073.61358452              174
   65.445680710088766       0.32200719456975452        204374293.89077553              175
   65.820727590948877       0.32061131544697619        206231233.91589585              176
   66.195774471808974       0.31922336726875550        208090843.25449768              177
   66.570821352669086       0.31784327507830629        209953071.97355217              178
   66.945868233529197       0.31647096412442083        211817870.63860190              179
   67.320915114389308       0.31510636184130153        213685190.29941672              180
   67.695961995249405       0.31374939581236955        215554982.48758477              181
   68.071008876109516       0.31239999575181604        217427199.20246598              182
   68.446055756969628       0.31105809147006819        219301792.90920839              183
   68.821102637829739       0.30972361485693950        221178716.52498680              184
   69.196149518689836       0.30839649784863699        223057923.41743147              185
   69.571196399549933       0.30707667441239794        224939367.39113858              186
   69.946243280410059       0.30576407851493348        226823002.68649888              187
   70.321290161270170       0.30445864610844975        228708783.96646738              188
   70.696337042130267       0.30316031310042635        230596666.31577894              189
   71.071383922990364       0.30186901734092897        232486605.22796458              190
   71.446430803850475       0.30058469659363274        234378556.60494184              191
   71.821477684710601       0.29930729052433624        236272476.74426544              192
   72.196524565570698       0.29803673867314784        238168322.33907968              193
   72.571571446430795       0.29677298244411954        240066050.46559164              194
   72.946618327290906       0.29551596307851719        241965618.58337376              195
   73.321665208151018       0.29426562364550185        243866984.52304742              196
   73.696712089011129       0.29302190701640907        245770106.48692435              197
   74.071758969871226       0.29178475785641095        247674943.03688899              198
   74.446805850731337       0.29055412059973679        249581453.09536678              199
   74.821852731591449       0.28932994144225088        251489595.93339473              200
   75.196899612451560       0.28811216631755571        253399331.17190543              201
   75.571946493311657       0.28690074289042250        255310618.76997444              202
   75.946993374171768       0.28569561853372050        257223419.02640969              203
   76.322040255031879       0.28449674232264793        259137692.56816506              204
   76.697087135891991       0.28330406301243255        261053400.35222462              205
   77.072134016752088       0.28211753103331039        262970503.65417209              206
   77.447180897612199       0.28093709646895043        264888964.07036006              207
   77.822227778472310       0.27976271105213391        266808743.50662532              208
   78.197274659332422       0.27859432614385565        268729804.18073303              209
   78.572321540192519       0.27743189472966129        270652108.61122888              210
   78.947368421052630       0.27627536939938269        272575619.62014854              211
   79.322415301912741       0.27512470434409153        274500300.32199734              212
   79.697462182772838       0.27397985333643010        276426114.12671602              213
   80.072509063632950       0.27284077172814292        278353024.72877902              214
   80.447555944493061       0.27170741443096641        280280996.11040801              215
   80.822602825353172       0.27057973791470336        282209992.53077984              216
   81.197649706213269       0.26945769818863685        284139978.52947962              217
   81.572696587073381       0.26834125280011456        286070918.91581059              218
   81.947743467933492       0.26723035881645635        288002778.77247804              219
   82.322790348793603       0.26612497482401604        289935523.44499320              220
   82.697837229653700       0.26502505891055494        291869118.54558086              221
   83.072884110513812       0.26393057066475178        293803529.94266921              222
   83.447930991373923       0.26284146915901424        295738723.76501364              223
   83.822977872234034       0.26175771494941108        297674666.39126593              224
   84.198024753094131       0.26067926805889485        299611324.45430654              225
   84.573071633954243       0.25960608997763346        301548664.83088607              226
   84.948118514814354       0.25853814164661892        303486654.64615965              227
   85.323165395674465       0.25747538545837462        305425261.26339388              228
   85.698212276534562       0.25641778324092862        307364452.28869677              229
   86.073259157394673       0.25536529825887500        309304195.56078357              230
   86.448306038254785       0.25431789319769105        311244459.15589625              231
   86.823352919114896       0.25327553216513243        313185211.37762237              232
   87.198399799974993       0.25223817867587367        315126420.76199746              233
   87.573446680835104       0.25120579765321926        317068056.06737155              234
   87.948493561695216       0.25017835341405065        319010086.27968889              235
   88.323540442555327       0.24915581167083342        320952480.60239595              236
   88.698587323415424       0.24813813751685396        322895208.46189368              237
   89.073634204275535       0.24712529742850745        324838239.49748141              238
   89.448681085135647       0.24611725725080788        326781543.56697619              239
   89.823727965995744       0.24511398419994165        328725090.73668796              240
   90.198774846855855       0.24411544484903469        330668851.28720099              241
   90.573821727715966       0.24312160713095857        332612795.70337474              242
   90.948868608576078       0.24213243832434100        334556894.68028331              243
   91.323915489436175       0.24114790705661052        336501119.11323768              244
   91.698962370296286       0.24016798129023631        338445440.10387784              245
   92.074009251156397       0.23919263032600047        340389828.95021242              246
   92.449056132016509       0.23822182278945431        342334257.15285909              247
   92.824103012876606       0.23725552863440544        344278696.40509766              248
   93.199149893736717       0.23629371712958000        346223118.59925443              249
   93.574196774596828       0.23533635886231322        348167495.81676435              250
   93.949243655456939       0.23438342372540683        350111800.33469605              251
   94.324290536317037       0.23343488292101350        352056004.61581898              252
   94.699337417177148       0.23249070694767784        354000081.31526542              253
   95.074384298037259       0.23155086760440391        355944003.27059919              254
   95.449431178897370       0.23061533597787431        357887743.50861037              255
   95.824478059757467       0.22968408444668878        359831275.23538274              256
   96.199524940617565       0.22875708466875164        361774571.84321803              257
   96.574571821477690       0.22783430958567485        363717606.90069818              258
   96.949618702337801       0.22691573141032476        365660354.15973628              259
   97.324665583197898       0.22600132363138106        367602787.54563040              260
   97.699712464057995       0.22509105900103457        369544881.16423810              261
   98.074759344918121       0.22418491153969555        371486609.29201907              262
   98.449806225778232       0.22328285452383534        373427946.38333035              263
   98.824853106638329       0.22238486249083547        375368867.06045443              264
   99.199899987498426       0.22149090922696596        377309346.12101275              265
   99.574946868358552       0.22060096977237034        379249358.52797693              266
   99.949993749218649       0.21971501840917346        381188879.41719753              267
   100.32504063007876       0.21883303066659407        383127884.08739525              268
   100.70008751093886       0.21795498130917779        385066348.00780338              269
   101.07513439179897       0.21708084634203126        387004246.80813724              270
   101.45018127265908       0.21621060099917389        388941556.28634572              271
   101.82522815351919       0.21534422174888768        390878252.39855754              272
   102.20027503437929       0.21448168428218278        392814311.26694113              273
   102.57532191523941       0.21362296551825710        394749709.16962409              274
   102.95036879609951       0.21276804159307086        396684422.54865891              275
   103.32541567695962       0.21191688986491145        398618427.99991441              276
   103.70046255781972       0.21106948690306981        400551702.28114486              277
   104.07550943867984       0.21022581049350830        402484222.30185211              278
   104.45055631953994       0.20938583762763438        404415965.13145524              279
   104.82560320040005       0.20854954650806440        406346907.98912126              280
   105.20065008126016       0.20771691453749155        408277028.25203478              281
   105.57569696212028       0.20688792032454242        410206303.44519514              282
   105.95074384298037       0.20606254167273391        412134711.24978292              283
   106.32579072384047       0.20524075758641822        414062229.49292296              284
   106.70083760470058       0.20442254625982553        415988836.15614724              285
   107.07588448556071       0.20360788708309330        417914509.36511993              286
   107.45093136642080       0.20279675863139141        419839227.39819556              287
   107.82597824728090       0.20198914067103127        421762968.67610556              288
   108.20102512814103       0.20118501214867013        423685711.77061009              289
   108.57607200900114       0.20038435319749787        425607435.39414418              290
   108.95111888986123       0.19958714312651549        427528118.40856117              291
   109.32616577072133       0.19879336242679652        429447739.81473786              292
   109.70121265158144       0.19800299076083810        431366278.76140893              293
   110.07625953244157       0.19721600896889196        433283714.53472871              294
   110.45130641330167       0.19643239705838611        435200026.56719482              295
   110.82635329416176       0.19565213621032262        437115194.42716646              296
   111.20140017502189       0.19487520676876618        439029197.82787627              297
   111.57644705588199       0.19410159024730653        440942016.61690336              298
   111.95149393674210       0.19333126731861175        442853630.78527117              299
   112.32654081760219       0.19256421982095182        444764020.45687568              300
   112.70158769846229       0.19180042874781375        446673165.89766866              301
   113.07663457932242       0.19103987625448535        448581047.50503826              302
   113.45168146018253       0.19028254364772801        450487645.81707716              303
   113.82672834104262       0.18952841339241927        452392941.50191522              304
   114.20177522190275       0.18877746710128104        454296915.36707139              305
   114.57682210276285       0.18802968754157814        456199548.34873688              306
   114.95186898362296       0.18728505662490014        458100821.52121001              307
   115.32691586448306       0.18654355741391312        460000716.08612967              308
   115.70196274534315       0.18580517211219411        461899213.38199174              309
   116.07700962620328       0.18506988407103370        463796294.87333202              310
   116.45205650706339       0.18433767577931984        465691942.16032314              311
   116.82710338792349       0.18360853087039095        467586136.96790653              312
   117.20215026878361       0.18288243211196720        469478861.15546948              313
   117.57719714964371       0.18215936341305028        471370096.70592445              314
   117.95224403050381       0.18143930781390233        473259825.73546541              315
   118.32729091136392       0.18072224949299023        475148030.48259473              316
   118.70233779222401       0.18000817175700992        477034693.31795835              317
   119.07738467308414       0.17929705904787377        478919796.73331809              318
   119.45243155394424       0.17858889493277857        480803323.35146505              319
   119.82747843480435       0.17788366411123493        482685255.91513866              320
   120.20252531566447       0.17718135040517688        484565577.29701638              321
   120.57757219652457       0.17648193876603133        486444270.48857814              322
   120.95261907738467       0.17578541326486863        488321318.61017269              323
   121.32766595824478       0.17509175909951008        490196704.89982688              324
   121.70271283910488       0.17440096058471813        492070412.72338814              325
   122.07775971996500       0.17371300315934127        493942425.56327742              326
   122.45280660082510       0.17302787137654083        495812727.02870733              327
   122.82785348168520       0.17234555091097348        497681300.84437895              328
   123.20290036254532       0.17166602654905311        499548130.86077505              329
   123.57794724340543       0.17098928419616899        501413201.04279965              330
   123.95299412426553       0.17031530886698129        503276495.48014534              331
   124.32804100512563       0.16964408669267500        505137998.37587655              332
   124.70308788598575       0.16897560291128697        506997694.05687058              333
   125.07813476684586       0.16830984387499398        508855566.96234244              334
   125.45318164770596       0.16764679504047150        510711601.65435988              335
   125.82822852856609       0.16698644297621393        512565782.80631083              336
   126.20327540942618       0.16632877335292329        514418095.21349049              337
   126.57832229028629       0.16567377295086208        516268523.78151041              338
   126.95336917114639       0.16502142765027031        518117053.53695881              339
   127.32841605200649       0.16437172443874906        519963669.61575091              340
   127.70346293286661       0.16372464940170606        521808357.27386087              341
   128.07850981372673       0.16308018972976851        523651101.87561333              342
   128.45355669458681       0.16243833170925615        525491888.90448755              343
   128.82860357544695       0.16179906272962225        527330703.95134932              344
   129.20365045630706       0.16116236927395308        529167532.72532660              345
   129.57869733716714       0.16052823892643753        531002361.04198170              346
   129.95374421802725       0.15989665836289085        532835174.83425790              347
   130.32879109888736       0.15926761535825160        534665960.14059305              348
   130.70383797974748       0.15864109677713026        536494703.11593509              349
   131.07888486060759       0.15801709058133143        538321390.01979661              350
   131.45393174146767       0.15739558382042756        540146007.22734094              351
   131.82897862232781       0.15677656463930464        541968541.21737635              352
   132.20402550318789       0.15616002026876044        543788978.58351171              353
   132.57907238404800       0.15554593903307365        545607306.02209091              354
   132.95411926490812       0.15493430834062499        547423510.34341800              355
   133.32916614576820       0.15432511669148979        549237578.45963132              356
   133.70421302662834       0.15371835166808065        551049497.39599788              357
   134.07925990748845       0.15311400194276317        552859254.27872634              358
   134.45430678834853       0.15251205526851969        554666836.34633172              359
   134.82935366920867       0.15191250048658594        556472230.93738675              360
   135.20440055006875       0.15131532551713722        558275425.50195551              361
   135.57944743092887       0.15072051936694483        560076407.58928370              362
   135.95449431178898       0.15012807012008303        561875164.85930133              363
   136.32954119264906       0.14953796694560539        563671685.07025230              364
   136.70458807350920       0.14895019808827162        565465956.09026444              365
   137.07963495436928       0.14836475287624409        567257965.88491821              366
   137.45468183522939       0.14778161971183282        569047702.52888560              367
   137.82972871608953       0.14720078807921130        570835154.19343698              368
   138.20477559694962       0.14662224653518122        572620309.15814793              369
   138.57982247780973       0.14604598471690505        574403155.79834473              370
   138.95486935866984       0.14547199133268973        576183682.59687936              371
   139.32991623952992       0.14490025616973728        577961878.13151360              372
   139.70496312039006       0.14433076808494544        579737731.08676004              373
   140.08001000125014       0.14376351701267620        581511230.24120641              374
   140.45505688211026       0.14319849195557299        583282364.47942376              375
   140.83010376297037       0.14263568299234652        585051122.77922857              376
   141.20515064383048       0.14207507926860843        586817494.22365820              377
   141.58019752469059       0.14151667100467322        588581467.98817098              378
   141.95524440555067       0.14096044748640779        590343033.35268986              379
   142.33029128641078       0.14040639907305050        592102179.68874025              380
   142.70533816727092       0.13985451518807468        593858896.47155964              381
   143.08038504813101       0.13930478632702439        595613173.26717448              382
   143.45543192899112       0.13875720204839229        597364999.74457669              383
   143.83047880985123       0.13821175298147101        599114365.66273868              384
   144.20552569071134       0.13766842881724520        600861260.88285565              385
   144.58057257157145       0.13712722031625826        602605675.35529900              386
   144.95561945243153       0.13658811729951800        604347599.13192606              387
   145.33066633329167       0.13605111065637768        606087022.35297084              388
   145.70571321415179       0.13551619033545620        607823935.25941896              389
   146.08076009501187       0.13498334735253237        609558328.17983854              390
   146.45580697587201       0.13445257178147824        611290191.54282057              391
   146.83085385673209       0.13392385476216831        613019515.86374688              392
   147.20590073759220       0.13339718649142424        614746291.75729704              393
   147.58094761845231       0.13287255823093835        616470509.92415547              394
   147.95599449931240       0.13234996029823068        618192161.16358304              395
   148.33104138017254       0.13182938407458525        619911236.36006224              396
   148.70608826103262       0.13131081999601946        621627726.49593508              397
   149.08113514189273       0.13079425956123322        623341622.63798594              398
   149.45618202275287       0.13027969332258987        625052915.95014560              399
   149.83122890361295       0.12976711289407777        626761597.68001175              400
   150.20627578447306       0.12925650894230248        628467659.17161798              401
   150.58132266533318       0.12874787319446077        630171091.85189378              402
   150.95636954619326       0.12824119642934403        631871887.24349785              403
   151.33141642705340       0.12773647048532361        633570036.95121658              404
   151.70646330791348       0.12723368625136514        635265532.67486250              405
   152.08151018877359       0.12673283567502561        636958366.19561076              406
   152.45655706963370       0.12623390975347809        638648529.38896370              407
   152.83160395049381       0.12573690054151984        640336014.21102393              408
   153.20665083135393       0.12524179914260758        642020812.71152496              409
   153.58169771221401       0.12474859771687602        643702917.02004290              410
   153.95674459307412       0.12425728747218406        645382319.35909057              411
   154.33179147393426       0.12376786067214242        647059012.03026891              412
   154.70683835479434       0.12328030862717131        648732987.42742538              413
   155.08188523565445       0.12279462370253690        650404238.02274299              414
   155.45693211651457       0.12231079730941925        652072756.37996459              415
   155.83197899737468       0.12182882191295892        653738535.14041996              416
   156.20702587823479       0.12134868902333378        655401567.03631365              417
   156.58207275909487       0.12087039120381536        657061844.87669146              418
   156.95711963995498       0.12039392006185515        658719361.56079328              419
   157.33216652081509       0.11991926825715001        660374110.06395686              420
   157.70721340167520       0.11944642749273794        662026083.45103526              421
   158.08226028253532       0.11897539052307173        663675274.86223972              422
   158.45730716339543       0.11850614914512418        665321677.52662122              423
   158.83235404425554       0.11803869620647077        666965284.74785185              424
   159.20740092511565       0.11757302359640258        668606089.91776991              425
   159.58244780597573       0.11710912425401870        670244086.50210106              426
   159.95749468683584       0.11664699015934646        671879268.05406702              427
   160.33254156769596       0.11618661434144321        673511628.20004535              428
   160.70758844855607       0.11572798886952403        675141160.65324199              429
   161.08263532941618       0.11527110686107205        676767859.19929004              430
   161.45768221027629       0.11481596047297364        678391717.70998633              431
   161.83272909113640       0.11436254290963764        680012730.12882912              432
   162.20777597199651       0.11391084641413748        681630890.48481786              433
   162.58282285285659       0.11346086427633872        683246192.87792993              434
   162.95786973371671       0.11301258882404806        684858631.49298537              435
   163.33291661457682       0.11256601343114969        686468200.58506095              436
   163.70796349543693       0.11212113050876037        688074894.49341905              437
   164.08301037629704       0.11167793351337438        689678707.62686145              438
   164.45805725715715       0.11123641493802490        691279634.47772098              439
   164.83310413801726       0.11079656832043643        692877669.60715497              440
   165.20815101887734       0.11035838623419381        694472807.65919936              441
   165.58319789973746       0.10992186229690085        696065043.34600258              442
   165.95824478059760       0.10948698916135710        697654371.46194303              443
   166.33329166145768       0.10905376052372258        699240786.86880076              444
   166.70833854231779       0.10862216911470182        700824284.50993979              445
   167.08338542317790       0.10819220870771472        702404859.39541829              446
   167.45843230403801       0.10776387211008802        703982506.61623478              447
   167.83347918489812       0.10733715317123213        705557221.32937682              448
   168.20852606575821       0.10691204477383905        707128998.77213085              449
   168.58357294661832       0.10648854084206584        708697834.24707103              450
   168.95861982747843       0.10606663433273843        710263723.13643086              451
   169.33366670833854       0.10564631924354193        711826660.88703227              452
   169.70871358919865       0.10522758860422990        713386643.02471995              453
   170.08376047005876       0.10481043648482125        714943665.13923097              454
   170.45880735091887       0.10439485598681542        716497722.89869070              455
   170.83385423177899       0.10398084125139509        718048812.03442264              456
   171.20890111263907       0.10356838545064709        719596928.35550785              457
   171.58394799349918       0.10315748279577140        721142067.73353362              458
   171.95899487435929       0.10274812652830727        722684226.11721611              459
   172.33404175521940       0.10234031092834826        724223399.51708865              460
   172.70908863607951       0.10193402930577375        725759584.02018738              461
   173.08413551693963       0.10152927600846955        727292775.77467966              462
   173.45918239779974       0.10112604441356475        728822971.00461125              463
   173.83422927865982       0.10072432893565843        730350165.99447584              464
   174.20927615951993       0.10032412301806076        731874357.10402441              465
   174.58432304038004        9.9925421141025844E-002   733395540.75277483              466
   174.95936992124015        9.9528216812997769E-002   734913713.43488419              467
   175.33441680210026        9.9132504578848521E-002   736428871.70359731              468
   175.70946368296038        9.8738278011129318E-002   737941012.18618202              469
   176.08451056382049        9.8345531718313367E-002   739450131.56831908              470
   176.45955744468060        9.7954259336052396E-002   740956226.60909843              471
   176.83460432554068        9.7564455535424241E-002   742459294.12534952              472
   177.20965120640079        9.7176114014194293E-002   743959331.00670052              473
   177.58469808726090        9.6789229505067867E-002   745456334.19984853              474
   177.95974496812102        9.6403795766956485E-002   746950300.72368133              475
   178.33479184898113        9.6019807593234738E-002   748441227.65348721              476
   178.70983872984124        9.5637258803011660E-002   749929112.13614011              477
   179.08488561070135        9.5256144249391897E-002   751413951.37424946              478
   179.45993249156146        9.4876457810751505E-002   752895742.64140666              479
   179.83497937242154        9.4498194399004143E-002   754374483.26627660              480
   180.21002625328165        9.4121347950880785E-002   755850170.64790547              481
   180.58507313414177        9.3745913436200520E-002   757322802.23975408              482
   180.96012001500188        9.3371884849154652E-002   758792375.56506574              483
   181.33516689586199        9.2999257216581949E-002   760258888.20084131              484
   181.71021377672207        9.2628024589256730E-002   761722337.79326952              485
   182.08526065758221        9.2258182050168461E-002   763182722.04164243              486
   182.46030753844232        9.1889723705814011E-002   764640038.71384716              487
   182.83535441930240        9.1522644694481625E-002   766094285.63022244              488
   183.21040130016252        9.1156939177546581E-002   767545460.67911255              489
   183.58544818102263        9.0792602347759890E-002   768993561.80066466              490
   183.96049506188274        9.0429628420547442E-002   770438587.00244367              491
   184.33554194274285        9.0068012642303213E-002   771880534.34317172              492
   184.71058882360293        8.9707749281691840E-002   773319401.94840419              493
   185.08563570446307        8.9348833637945740E-002   774755187.99421048              494
   185.46068258532316        8.8991260032171601E-002   776187890.72291136              495
   185.83572946618327        8.8635023815651512E-002   777617508.42670071              496
   186.21077634704338        8.8280119361152432E-002   779044039.46344483              497
   186.58582322790349        8.7926542071232211E-002   780467482.24024594              498
   186.96087010876360        8.7574286369551488E-002   781887835.22930145              499
   187.33591698962371        8.7223347709184065E-002   783305096.95141053              500
   187.71096387048382        8.6873720563932166E-002   784719265.99189341              501
   188.08601075134393        8.6525400436640573E-002   786130340.98403990              502
   188.46105763220402        8.6178381850514865E-002   787538320.62509012              503
   188.83610451306413        8.5832660357439500E-002   788943203.65962422              504
   189.21115139392424        8.5488230529299339E-002   790344988.89560521              505
   189.58619827478435        8.5145087966301033E-002   791743675.18770909              506
   189.96124515564446        8.4803227288297992E-002   793139261.45342898              507
   190.33629203650455        8.4462644143115079E-002   794531746.65634799              508
   190.71133891736469        8.4123333197876710E-002   795921129.82230341              509
   191.08638579822480        8.3785290147335115E-002   797307410.02260196              510
   191.46143267908488        8.3448509705201318E-002   798690586.39024448              511
   191.83647955994499        8.3112987612476721E-002   800070658.10308349              512
   192.21152644080510        8.2778718628787301E-002   801447624.40010858              513
   192.58657332166521        8.2445698540718204E-002   802821484.56454587              514
   192.96162020252532        8.2113922153150970E-002   804192237.94020450              515
   193.33666708338541        8.1783385297601457E-002   805559883.91451812              516
   193.71171396424555        8.1454082823559565E-002   806924421.93495142              517
   194.08676084510566        8.1126010606830667E-002   808285851.49198508              518
   194.46180772596574        8.0799163540878044E-002   809644172.13558185              519
   194.83685460682585        8.0473537545167131E-002   810999383.45811439              520
   195.21190148768596        8.0149127556511171E-002   812351485.11089146              521
   195.58694836854608        7.9825929537417795E-002   813700476.78702867              522
   195.96199524940619        7.9503938467438112E-002   815046358.23803461              523
   196.33704213026630        7.9183150351515880E-002   816389129.25662458              524
   196.71208901112641        7.8863560211338946E-002   817728789.69336641              525
   197.08713589198649        7.8545164093691791E-002   819065339.43943727              526
   197.46218277284660        7.8227957061809170E-002   820398778.44333029              527
   197.83722965370671        7.7911935203731686E-002   821729106.69355273              528
   198.21227653456680        7.7597093623662058E-002   823056324.23539364              529
   198.58732341542691        7.7283428450323155E-002   824380431.15356517              530
   198.96237029628702        7.6970934828316698E-002   825701427.58902979              531
   199.33741717714716        7.6659608926484657E-002   827019313.72158420              532
   199.71246405800727        7.6349445929269538E-002   828334089.78674674              533
   200.08751093886735        7.6040442045078899E-002   829645756.05828500              534
   200.46255781972746        7.5732592497647799E-002   830954312.86516237              535
   200.83760470058758        7.5425893534406277E-002   832259760.57400906              536
   201.21265158144766        7.5120340417843517E-002   833562099.60612833              537
   201.58769846230777        7.4815929433878658E-002   834861330.41991103              538
   201.96274534316791        7.4512655883226267E-002   836157453.52790093              539
   202.33779222402802        7.4210516089770640E-002   837450469.47915328              540
   202.71283910488813        7.3909505391932709E-002   838740378.87635887              541
   203.08788598574822        7.3609620151047203E-002   840027182.35814703              542
   203.46293286660833        7.3310855742731620E-002   841310880.61626887              543
   203.83797974746844        7.3013208565265983E-002   842591474.37784338              544
   204.21302662832852        7.2716674030963518E-002   843868964.42260063              545
   204.58807350918863        7.2421248574553176E-002   845143351.56507075              546
   204.96312039004874        7.2126927644552141E-002   846414636.67188740              547
   205.33816727090888        7.1833707711650985E-002   847682820.64392042              548
   205.71321415176897        7.1541584260087623E-002   848947904.43363714              549
   206.08826103262908        7.1250553796035218E-002   850209889.02718031              550
   206.46330791348919        7.0960611838978352E-002   851468775.46178889              551
   206.83835479434927        7.0671754930102360E-002   852724564.80781853              552
   207.21340167520938        7.0383978623671919E-002   853977258.18622136              553
   207.58844855606952        7.0097279495423062E-002   855226856.75051224              554
   207.96349543692963        6.9811653133942567E-002   856473361.70430636              555
   208.33854231778975        6.9527096149063217E-002   857716774.28322899              556
   208.71358919864983        6.9243604163244224E-002   858957095.77251291              557
   209.08863607950994        6.8961173819969052E-002   860194327.48885250              558
   209.46368296037005        6.8679800775127475E-002   861428470.79805958              559
   209.83872984123013        6.8399481705415696E-002   862659527.09686100              560
   210.21377672209024        6.8120212299719901E-002   863887497.83061469              561
   210.58882360295036        6.7841989267518735E-002   865112384.47505116              562
   210.96387048381050        6.7564808330268178E-002   866334188.55404758              563
   211.33891736467061        6.7288666229806268E-002   867552911.62131393              564
   211.71396424553069        6.7013558719739991E-002   868768555.27822602              565
   212.08901112639080        6.6739482573851219E-002   869981121.15545654              566
   212.46405800725091        6.6466433577485856E-002   871190610.93086517              567
   212.83910488811100        6.6194408535961702E-002   872397026.31107569              568
   213.21415176897111        6.5923403265958830E-002   873600369.04942369              569
   213.58919864983125        6.5653414603929636E-002   874800640.92747891              570
   213.96424553069136        6.5384438397490946E-002   875997843.77305055              571
   214.33929241155147        6.5116471513835594E-002   877191979.44165504              572
   214.71433929241155        6.4849509831126181E-002   878383049.83458006              573
   215.08938617327166        6.4583550246908608E-002   879571056.88029552              574
   215.46443305413177        6.4318588669507334E-002   880756002.55257702              575
   215.83947993499186        6.4054622026440564E-002   881937888.85186219              576
   216.21452681585197        6.3791646255817180E-002   883116717.82343102              577
   216.58957369671208        6.3529658314753601E-002   884292491.53870773              578
   216.96462057757222        6.3268654170772112E-002   885465212.11349952              579
   217.33966745843230        6.3008630810219693E-002   886634881.68924308              580
   217.71471433929241        6.2749584229667463E-002   887801502.45130122              581
   218.08976122015252        6.2491511444331342E-002   888965076.61015546              582
   218.46480810101261        6.2234408479473098E-002   890125606.41975915              583
   218.83985498187272        6.1978272378822273E-002   891283094.15867651              584
   219.21490186273283        6.1723099195979070E-002   892437542.14849269              585
   219.58994874359297        6.1468886002837446E-002   893588952.73489869              586
   219.96499562445308        6.1215628880989789E-002   894737328.30615926              587
   220.34004250531316        6.0963324930151289E-002   895882671.27414227              588
   220.71508938617328        6.0711970259566032E-002   897024984.09284568              589
   221.09013626703339        6.0461561996432947E-002   898164269.23937166              590
   221.46518314789347        6.0212096277313408E-002   899300529.23251045              591
   221.84023002875358        5.9963570256558268E-002   900433766.61366141              592
   222.21527690961369        5.9715980097717211E-002   901563983.96547341              593
   222.59032379047378        5.9469322981966985E-002   902691183.89271224              594
   222.96537067133394        5.9223595099522054E-002   903815369.04095769              595
   223.34041755219403        5.8978793658064549E-002   904936542.07741678              596
   223.71546443305414        5.8734914874155747E-002   906054705.70967865              597
   224.09051131391425        5.8491955981667808E-002   907169862.66647398              598
   224.46555819477433        5.8249913223196330E-002   908282015.71648586              599
   224.84060507563444        5.8008783858493548E-002   909391167.64905560              600
   225.21565195649455        5.7768564155881948E-002   910497321.29305136              601
   225.59069883735469        5.7529251400688985E-002   911600479.49751949              602
   225.96574571821481        5.7290841886662065E-002   912700645.15061009              603
   226.34079259907489        5.7053332924404045E-002   913797821.16017497              604
   226.71583947993500        5.6816720832789949E-002   914892010.47274935              605
   227.09088636079511        5.6581002947403473E-002   915983216.05409682              606
   227.46593324165519        5.6346175611954923E-002   917071440.90824771              607
   227.84098012251530        5.6112236186719081E-002   918156688.05798995              608
   228.21602700337542        5.5879181039954144E-002   919238960.56396425              609
   228.59107388423556        5.5647007556340986E-002   920318261.50510228              610
   228.96612076509564        5.5415712128403030E-002   921394593.99777687              611
   229.34116764595575        5.5185292164947004E-002   922467961.17618835              612
   229.71621452681586        5.4955744082483556E-002   923538366.21157050              613
   230.09126140767594        5.4727065313669582E-002   924605812.29252326              614
   230.46630828853606        5.4499252298729650E-002   925670302.64427543              615
   230.84135516939617        5.4272302493899610E-002   926731840.50896430              616
   231.21640205025631        5.4046212362849080E-002   927790429.16495454              617
   231.59144893111642        5.3820979385126221E-002   928846071.90706432              618
   231.96649581197650        5.3596600047581246E-002   929898772.06594074              619
   232.34154269283661        5.3373071852812391E-002   930948532.98823285              620
   232.71658957369672        5.3150391310590073E-002   931995358.05602348              621
   233.09163645455681        5.2928555946304731E-002   933039250.66694868              622
   233.46668333541692        5.2707562292391173E-002   934080214.25368547              623
   233.84173021627703        5.2487407896778020E-002   935118252.26401949              624
   234.21677709713711        5.2268089314312906E-002   936153368.18038797              625
   234.59182397799728        5.2049604115212929E-002   937185565.49989414              626
   234.96687085885736        5.1831948876490848E-002   938214847.75390649              627
   235.34191773971747        5.1615121190406718E-002   939241218.48802066              628
   235.71696462057758        5.1399117655894638E-002   940264681.28171444              629
   236.09201150143767        5.1183935887015961E-002   941285239.72825694              630
   236.46705838229778        5.0969572504386523E-002   942302897.45441830              631
   236.84210526315789        5.0756025143631200E-002   943317658.10032809              632
   237.21715214401803        5.0543290446811807E-002   944329525.33923984              633
   237.59219902487811        5.0331366070882760E-002   945338502.85733593              634
   237.96724590573822        5.0120248679119746E-002   946344594.37354875              635
   238.34229278659834        4.9909935949576600E-002   947347803.61931360              636
   238.71733966745842        4.9700424566514613E-002   948348134.35844433              637
   239.09238654831853        4.9491712228860535E-002   949345590.36683369              638
   239.46743342917864        4.9283795641636589E-002   950340175.45238531              639
   239.84248031003875        4.9076672524419579E-002   951331893.43466187              640
   240.21752719089883        4.8870339602771672E-002   952320748.16487086              641
   240.59257407175897        4.8664794616700376E-002   953306743.50546193              642
   240.96762095261909        4.8460034312090193E-002   954289883.35016739              643
   241.34266783347920        4.8256056449163559E-002   955270171.60354769              644
   241.71771471433928        4.8052857793913203E-002   956247612.20108664              645
   242.09276159519939        4.7850436126564172E-002   957222209.08868527              646
   242.46780847605950        4.7648788233006646E-002   958193966.24281156              647
   242.84285535691959        4.7447911913259255E-002   959162887.64994299              648
   243.21790223777975        4.7247803972902264E-002   960128977.32677090              649
   243.59294911863984        4.7048462231542236E-002   961092239.29959106              650
   243.96799599949995        4.6849883514245405E-002   962052677.62456274              651
   244.34304288036006        4.6652065660003607E-002   963010296.36704814              652
   244.71808976122014        4.6455005513168300E-002   963965099.62192583              653
   245.09313664208025        4.6258700931917258E-002   964917091.49287808              654
   245.46818352294036        4.6063148779689415E-002   965866276.11275959              655
   245.84323040380045        4.5868346933652264E-002   966812657.62283325              656
   246.21827728466056        4.5674292276137625E-002   967756240.19319272              657
   246.59332416552070        4.5480982703109615E-002   968697028.00194764              658
   246.96837104638081        4.5288415115601215E-002   969635025.25569999              659
   247.34341792724092        4.5096587428183114E-002   970570236.16867769              660
   247.71846480810100        4.4905496560400805E-002   971502664.98326576              661
   248.09351168896112        4.4715140445244307E-002   972432315.94908941              662
   248.46855856982123        4.4525516020585992E-002   973359193.34359789              663
   248.84360545068137        4.4336621237650996E-002   974283301.45109689              664
   249.21865233154145        4.4148453052455655E-002   975204644.58338702              665
   249.59369921240156        4.3961009434278824E-002   976123227.05874491              666
   249.96874609326167        4.3774287357100740E-002   977039053.22261524              667
   250.34379297412175        4.3588284808075480E-002   977952127.42654145              668
   250.71883985498187        4.3402998778969866E-002   978862454.04891157              669
   251.09388673584198        4.3218427274637261E-002   979770037.47383738              670
   251.46893361670206        4.3034567304456664E-002   980674882.11195517              671
   251.84398049756217        4.2851416890807403E-002   981576992.37925315              672
   252.21902737842231        4.2668973060508847E-002   982476372.71792626              673
   252.59407425928242        4.2487233853295898E-002   983373027.57515275              674
   252.96912114014253        4.2306196313258895E-002   984266961.42400312              675
   253.34416802100262        4.2125858497320381E-002   985158178.74216568              676
   253.71921490186273        4.1946217466675040E-002   986046684.03290832              677
   254.09426178272284        4.1767271295267604E-002   986932481.80375469              678
   254.46930866358292        4.1589017061233031E-002   987815576.58749914              679
   254.84435554444309        4.1411452855375314E-002   988695972.92083192              680
   255.21940242530317        4.1234575772608133E-002   989573675.36540771              681
   255.59444930616328        4.1058383920434288E-002   990448688.48642051              682
   255.96949618702340        4.0882874410386856E-002   991321016.87372541              683
   256.34454306788348        4.0708045366509509E-002   992190665.12036335              684
   256.71958994874359        4.0533893916797903E-002   993057637.84373558              685
   257.09463682960370        4.0360418201680924E-002   993921939.66407871              686
   257.46968371046381        4.0187615365462323E-002   994783575.22569191              687
   257.84473059132387        4.0015483564802862E-002   995642549.17536199              688
   258.21977747218403        3.9844019960162305E-002   996498866.18364346              689
   258.59482435304415        3.9673222724282232E-002   997352530.92323327              690
   258.96987123390426        3.9503089033628529E-002   998203548.09030437              691
   259.34491811476437        3.9333617076874806E-002   999051922.38283098              692
   259.71996499562442        3.9164804046345328E-002   999897658.52197301              693
   260.09501187648453        3.8996648146499287E-002   1000740761.2303530              694
   260.47005875734465        3.8829146585373758E-002   1001581235.2534928              695
   260.84510563820481        3.8662297583069098E-002   1002419085.3380412              696
   261.22015251906492        3.8496098363191934E-002   1003254316.2532624              697
   261.59519939992498        3.8330547161341454E-002   1004086932.7692137              698
   261.97024628078509        3.8165641216552547E-002   1004916939.6782880              699
   262.34529316164520        3.8001378779783122E-002   1005744341.7733406              700
   262.72034004250531        3.7837757105357132E-002   1006569143.8692842              701
   263.09538692336542        3.7674774459453060E-002   1007391350.7811669              702
   263.47043380422554        3.7512428111546862E-002   1008210967.3458186              703
   263.84548068508559        3.7350716342901359E-002   1009027998.3998799              704
   264.22052756594576        3.7189636438009405E-002   1009842448.8015013              705
   264.59557444680587        3.7029186693084117E-002   1010654323.4083211              706
   264.97062132766598        3.6869364407502041E-002   1011463627.0992187              707
   265.34566820852609        3.6710167892294317E-002   1012270364.7522432              708
   265.72071508938615        3.6551594461589898E-002   1013074541.2664157              709
   266.09576197024626        3.6393642441107689E-002   1013876161.5396123              710
   266.47080885110637        3.6236309159599807E-002   1014675230.4904169              711
   266.84585573196654        3.6079592957344399E-002   1015471753.0359545              712
   267.22090261282659        3.5923491177589265E-002   1016265734.1137968              713
   267.59594949368670        3.5768002175045284E-002   1017057178.6597458              714
   267.97099637454681        3.5613123307330172E-002   1017846091.6297919              715
   268.34604325540693        3.5458852943462758E-002   1018632477.9778477              716
   268.72109013626704        3.5305188455306870E-002   1019416342.6777581              717
   269.09613701712715        3.5152128226066261E-002   1020197690.7009854              718
   269.47118389798720        3.4999669641728778E-002   1020976527.0386711              719
   269.84623077884737        3.4847811099561803E-002   1021752856.6792716              720
   270.22127765970748        3.4696549999556847E-002   1022526684.6306715              721
   270.59632454056759        3.4545884752925450E-002   1023298015.8977715              722
   270.97137142142770        3.4395812773543928E-002   1024066855.5046521              723
   271.34641830228776        3.4246332486450197E-002   1024833208.4721136              724
   271.72146518314787        3.4097441319288435E-002   1025597079.8398902              725
   272.09651206400798        3.3949137710806668E-002   1026358474.6441425              726
   272.47155894486815        3.3801419102301569E-002   1027117397.9397222              727
   272.84660582572826        3.3654283946116741E-002   1027873854.7776159              728
   273.22165270658832        3.3507729697087547E-002   1028627850.2272613              729
   273.59669958744843        3.3361754821040139E-002   1029379389.3539426              730
   273.97174646830854        3.3216356786236419E-002   1030128477.2411581              731
   274.34679334916865        3.3071534071873659E-002   1030875118.9679658              732
   274.72184023002876        3.2927284159529627E-002   1031619319.6314039              733
   275.09688711088887        3.2783605541662930E-002   1032361084.3237871              734
   275.47193399174893        3.2640495713058104E-002   1033100418.1551775              735
   275.84698087260909        3.2497953179326619E-002   1033837326.2306336              736
   276.22202775346921        3.2355975448352232E-002   1034571813.6727319              737
   276.59707463432932        3.2214561038792451E-002   1035303885.5987673              738
   276.97212151518937        3.2073707471523986E-002   1036033547.1433256              739
   277.34716839604948        3.1933413278145001E-002   1036760803.4354362              740
   277.72221527690959        3.1793675992420507E-002   1037485659.6211948              741
   278.09726215776971        3.1654494158785323E-002   1038208120.8408681              742
   278.47230903862987        3.1515865323789492E-002   1038928192.2515671              743
   278.84735591948993        3.1377788044601916E-002   1039645879.0043045              744
   279.22240280035004        3.1240259880455853E-002   1040361186.2667173              745
   279.59744968121015        3.1103279401153015E-002   1041074119.2000774              746
   279.97249656207026        3.0966844178509277E-002   1041784682.9820641              747
   280.34754344293037        3.0830952794859475E-002   1042492882.7837270              748
   280.72259032379048        3.0695602834502934E-002   1043198723.7923088              749
   281.09763720465054        3.0560792892209018E-002   1043902211.1881601              750
   281.47268408551065        3.0426520564662735E-002   1044603350.1676135              751
   281.84773096637082        3.0292784458970753E-002   1045302145.9198499              752
   282.22277784723093        3.0159582184107258E-002   1045998603.6498224              753
   282.59782472809104        3.0026912359420364E-002   1046692728.5550758              754
   282.97287160895110        2.9894772606078059E-002   1047384525.8487206              755
   283.34791848981121        2.9763161555575318E-002   1048074000.7362047              756
   283.72296537067132        2.9632076841179928E-002   1048761158.4383370              757
   284.09801225153143        2.9501517106440372E-002   1049446004.1680121              758
   284.47305913239160        2.9371479996631394E-002   1050128543.1532838              759
   284.84810601325165        2.9241964167262848E-002   1050808780.6140429              760
   285.22315289411176        2.9112967275524971E-002   1051486721.7851388              761
   285.59819977497187        2.8984487988797856E-002   1052162371.8930122              762
   285.97324665583199        2.8856523976096907E-002   1052835736.1788656              763
   286.34829353669210        2.8729073916582640E-002   1053506819.8752477              764
   286.72334041755221        2.8602135491006458E-002   1054175628.2292750              765
   287.09838729841226        2.8475707390220723E-002   1054842166.4791683              766
   287.47343417927237        2.8349787306624703E-002   1055506439.8775243              767
   287.84848106013254        2.8224373942675102E-002   1056168453.6678048              768
   288.22352794099265        2.8099465002332180E-002   1056828213.1076573              769
   288.59857482185271        2.7975059199570568E-002   1057485723.4453580              770
   288.97362170271282        2.7851154249825646E-002   1058140989.9431816              771
   289.34866858357293        2.7727748878504797E-002   1058794017.8537971              772
   289.72371546443304        2.7604840812433726E-002   1059444812.4436866              773
   290.09876234529321        2.7482428788368370E-002   1060093378.9694952              774
   290.47380922615326        2.7360510544441080E-002   1060739722.7014987              775
   290.84885610701338        2.7239084828673266E-002   1061383848.8999058              776
   291.22390298787349        2.7118149390421297E-002   1062025762.8383758              777
   291.59894986873360        2.6997702988889854E-002   1062665469.7802744              778
   291.97399674959371        2.6877743384577869E-002   1063302975.0022393              779
   292.34904363045382        2.6758269347792150E-002   1063938283.7703904              780
   292.72409051131388        2.6639278650093610E-002   1064571401.3639443              781
   293.09913739217399        2.6520770072811201E-002   1065202333.0513768              782
   293.47418427303415        2.6402741398488173E-002   1065831084.1140877              783
   293.84923115389427        2.6285191419396600E-002   1066457659.8225163              784
   294.22427803475438        2.6168117928983433E-002   1067082065.4598544              785
   294.59932491561443        2.6051519730385681E-002   1067704306.2981163              786
   294.97437179647454        2.5935394627876484E-002   1068324387.6218998              787
   295.34941867733465        2.5819741435380586E-002   1068942314.7044103              788
   295.72446555819477        2.5704557967920625E-002   1069558092.8312702              789
   296.09951243905488        2.5589843050132861E-002   1070171727.2764968              790
   296.47455931991499        2.5475594507713643E-002   1070783223.3263601              791
   296.84960620077510        2.5361811175935531E-002   1071392586.2553147              792
   297.22465308163521        2.5248490891093697E-002   1071999821.3499057              793
   297.59969996249532        2.5135632499022575E-002   1072604933.8846555              794
   297.97474684335543        2.5023233846542214E-002   1073207929.1460164              795
   298.34979372421554        2.4911293789975426E-002   1073808812.4082122              796
   298.72484060507560        2.4799810186594072E-002   1074407588.9572399              797
   299.09988748593571        2.4688781903136739E-002   1075004264.0666640              798
   299.47493436679588        2.4578206807254845E-002   1075598843.0216670              799
   299.84998124765599        2.4468083776030995E-002   1076191331.0947976              800
   300.22502812851604        2.4358410687424864E-002   1076781733.5700693              801
   300.60007500937616        2.4249186428792070E-002   1077370055.7186632              802
   300.97512189023627        2.4140408888330033E-002   1077956302.8230741              803
   301.35016877109638        2.4032076963597319E-002   1078540480.1527679              804
   301.72521565195649        2.3924188552959379E-002   1079122592.9883747              805
   302.10026253281660        2.3816742564108415E-002   1079702646.5973020              806
   302.47530941367671        2.3709736905509059E-002   1080280646.2579751              807
   302.85035629453682        2.3603170494918654E-002   1080856597.2354035              808
   303.22540317539693        2.3497041250832868E-002   1081430504.8054709              809
   303.60045005625705        2.3391348101006515E-002   1082002374.2304549              810
   303.97549693711716        2.3286088973898996E-002   1082572210.7833648              811
   304.35054381797721        2.3181262807195620E-002   1083140019.7234159              812
   304.72559069883732        2.3076867539253008E-002   1083705806.3204153              813
   305.10063757969743        2.2972902117620788E-002   1084269575.8301907              814
   305.47568446055760        2.2869364490486956E-002   1084831333.5190227              815
   305.85073134141771        2.2766253615200110E-002   1085391084.6390300              816
   306.22577822227777        2.2663567449714539E-002   1085948834.4526467              817
   306.60082510313788        2.2561304961113034E-002   1086504588.2079651              818
   306.97587198399799        2.2459464117051877E-002   1087058351.1632588              819
   307.35091886485810        2.2358043894284124E-002   1087610128.5622797              820
   307.72596574571821        2.2257042270104440E-002   1088159925.6588292              821
   308.10101262657832        2.2156458230872787E-002   1088707747.6920106              822
   308.47605950743844        2.2056289763459355E-002   1089253599.9108465              823
   308.85110638829855        2.1956535863768483E-002   1089797487.5494862              824
   309.22615326915866        2.1857194528183549E-002   1090339415.8518710              825
   309.60120015001877        2.1758264762091410E-002   1090879390.0468953              826
   309.97624703087882        2.1659744571327123E-002   1091417415.3731205              827
   310.35129391173894        2.1561632970698841E-002   1091953497.0538907              828
   310.72634079259905        2.1463927975432371E-002   1092487640.3220918              829
   311.10138767345921        2.1366628609696597E-002   1093019850.3952248              830
   311.47643455431933        2.1269732898047882E-002   1093550132.5002103              831
   311.85148143517938        2.1173239873955935E-002   1094078491.8484173              832
   312.22652831603949        2.1077147571248057E-002   1094604933.6605155              833
   312.60157519689960        2.0981455032635481E-002   1095129463.1414578              834
   312.97662207775971        2.0886160301157520E-002   1095652085.5053794              835
   313.35166895861983        2.0791262428708313E-002   1096172805.9505370              836
   313.72671583947994        2.0696759467480799E-002   1096691629.6842535              837
   314.10176272034005        2.0602650478494005E-002   1097208561.8978121              838
   314.47680960120016        2.0508933523036781E-002   1097723607.7914495              839
   314.85185648206027        2.0415607671195588E-002   1098236772.5492041              840
   315.22690336292038        2.0322670993298059E-002   1098748061.3639545              841
   315.60195024378049        2.0230122568441269E-002   1099257479.4122255              842
   315.97699712464055        2.0137960475935093E-002   1099765031.8792722              843
   316.35204400550066        2.0046183803830962E-002   1100270723.9338408              844
   316.72709088636077        1.9954790640365035E-002   1100774560.7532995              845
   317.10213776722094        1.9863780082487393E-002   1101276547.4983556              846
   317.47718464808105        1.9773150227305147E-002   1101776689.3382318              847
   317.85223152894110        1.9682900180611900E-002   1102274991.4253397              848
   318.22727840980122        1.9593028048330848E-002   1102771458.9205017              849
   318.60232529066133        1.9503532945044578E-002   1103266096.9675796              850
   318.97737217152144        1.9414412985438077E-002   1103758910.7187443              851
   319.35241905238155        1.9325667292828898E-002   1104249905.3090596              852
   319.72746593324166        1.9237293990610114E-002   1104739085.8817971              853
   320.10251281410177        1.9149292210780759E-002   1105226457.5629764              854
   320.47755969496188        1.9061660085388739E-002   1105712025.4867268              855
   320.85260657582199        1.8974396755061657E-002   1106195794.7697821              856
   321.22765345668211        1.8887500360449536E-002   1106677770.5368884              857
   321.60270033754216        1.8800970050756111E-002   1107157957.8952563              858
   321.97774721840227        1.8714803975181389E-002   1107636361.9600124              859
   322.35279409926238        1.8629001291453274E-002   1108112987.8286092              860
   322.72784098012249        1.8543560157270076E-002   1108587840.6063221              861
   323.10288786098266        1.8458479738832474E-002   1109060925.3806145              862
   323.47793474184272        1.8373758202285918E-002   1109532247.2466807              863
   323.85298162270283        1.8289394722252886E-002   1110001811.2817683              864
   324.22802850356294        1.8205387473275252E-002   1110469622.5707662              865
   324.60307538442305        1.8121735638346900E-002   1110935686.1804821              866
   324.97812226528316        1.8038437400355874E-002   1111400007.1852767              867
   325.35316914614327        1.7955491950617512E-002   1111862590.6412990              868
   325.72821602700338        1.7872897480316306E-002   1112323441.6121635              869
   326.10326290786350        1.7790653189039496E-002   1112782565.1431437              870
   326.47830978872361        1.7708757276218800E-002   1113239966.2868929              871
   326.85335666958372        1.7627208949664259E-002   1113695650.0775957              872
   327.22840355044383        1.7546006417005988E-002   1114149621.5567348              873
   327.60345043130388        1.7465148894228288E-002   1114601885.7471967              874
   327.97849731216400        1.7384634597111231E-002   1115052447.6790838              875
   328.35354419302411        1.7304462749765239E-002   1115501312.3637788              876
   328.72859107388422        1.7224631576072433E-002   1115948484.8198011              877
   329.10363795474433        1.7145140308221604E-002   1116393970.0468271              878
   329.47868483560444        1.7065987178149413E-002   1116837773.0515914              879
   329.85373171646455        1.6987171426075764E-002   1117279898.8218646              880
   330.22877859732466        1.6908691291944764E-002   1117720352.3524008              881
   330.60382547818477        1.6830546023960523E-002   1118159138.6188691              882
   330.97887235904489        1.6752733870027993E-002   1118596262.6038470              883
   331.35391923990500        1.6675254086288994E-002   1119031729.2707114              884
   331.72896612076511        1.6598104928563038E-002   1119465543.5896735              885
   332.10401300162522        1.6521285660883678E-002   1119897710.5116272              886
   332.47905988248533        1.6444794546939125E-002   1120328234.9942305              887
   332.85410676334544        1.6368630858608981E-002   1120757121.9757094              888
   333.22915364420550        1.6292792867404707E-002   1121184376.4009843              889
   333.60420052506561        1.6217279853006725E-002   1121610003.1954310              890
   333.97924740592572        1.6142090094704669E-002   1122034007.2910514              891
   334.35429428678583        1.6067222879934905E-002   1122456393.6001923              892
   334.72934116764600        1.5992676495720583E-002   1122877167.0417597              893
   335.10438804850605        1.5918450237209517E-002   1123296332.5148952              894
   335.47943492936616        1.5844542399114057E-002   1123713894.9252346              895
   335.85448181022628        1.5770952284249368E-002   1124129859.1585419              896
   336.22952869108639        1.5697678194973076E-002   1124544230.1070116              897
   336.60457557194650        1.5624719441723953E-002   1124957012.6428607              898
   336.97962245280661        1.5552074334461329E-002   1125368211.6446745              899
   337.35466933366672        1.5479742191204179E-002   1125777831.9709568              900
   337.72971621452683        1.5407721329470358E-002   1126185878.4865189              901
   338.10476309538694        1.5336011074816023E-002   1126592356.0359876              902
   338.47980997624705        1.5264609752274668E-002   1126997269.4702392              903
   338.85485685710717        1.5193516694896981E-002   1127400623.6198637              904
   339.22990373796722        1.5122730235189579E-002   1127802423.3216434              905
   339.60495061882733        1.5052249713655345E-002   1128202673.3919747              906
   339.97999749968744        1.4982073470231885E-002   1128601378.6533902              907
   340.35504438054755        1.4912200852832231E-002   1128998543.9079392              908
   340.73009126140767        1.4842630208783172E-002   1129394173.9637518              909
   341.10513814226778        1.4773360893366243E-002   1129788273.6083791              910
   341.48018502312789        1.4704391261255913E-002   1130180847.6354001              911
   341.85523190398800        1.4635720675060861E-002   1130571900.8177192              912
   342.23027878484811        1.4567347496762069E-002   1130961437.9342177              913
   342.60532566570822        1.4499271096254372E-002   1131349463.7430091              914
   342.98037254656828        1.4431489842784400E-002   1131735983.0081332              915
   343.35541942742844        1.4364003113492438E-002   1132121000.4727702              916
   343.73046630828856        1.4296809284850231E-002   1132504520.8859780              917
   344.10551318914867        1.4229907741203153E-002   1132886548.9758649              918
   344.48056007000878        1.4163296866207785E-002   1133267089.4763696              919
   344.85560695086883        1.4096976051374516E-002   1133646147.1003914              920
   345.23065383172894        1.4030943687504889E-002   1134023726.5666151              921
   345.60570071258906        1.3965199173234485E-002   1134399832.5725989              922
   345.98074759344917        1.3899740906470174E-002   1134774469.8216412              923
   346.35579447430928        1.3834568292933296E-002   1135147642.9958282              924
   346.73084135516939        1.3769679737596694E-002   1135519356.7829432              925
   347.10588823602950        1.3705074653228261E-002   1135889615.8494732              926
   347.48093511688961        1.3640751451827809E-002   1136258424.8675601              927
   347.85598199774972        1.3576709553170868E-002   1136625788.4879665              928
   348.23102887860983        1.3512947376245409E-002   1136991711.3670700              929
   348.60607575946995        1.3449464347796024E-002   1137356198.1397860              930
   348.98112264033000        1.3386258893760392E-002   1137719253.4466076              931
   349.35616952119017        1.3323330447813786E-002   1138080881.9064846              932
   349.73121640205028        1.3260677442805397E-002   1138441088.1439066              933
   350.10626328291039        1.3198299319303145E-002   1138799876.7617416              934
   350.48131016377050        1.3136194517029775E-002   1139157252.3683605              935
   350.85635704463056        1.3074362483408037E-002   1139513219.5504353              936
   351.23140392549067        1.3012801664996592E-002   1139867782.9001060              937
   351.60645080635078        1.2951511516035508E-002   1140220946.9877381              938
   351.98149768721089        1.2890490489881938E-002   1140572716.3891304              939
   352.35654456807100        1.2829738047555977E-002   1140923095.6582325              940
   352.73159144893111        1.2769252649176171E-002   1141272089.3543959              941
   353.10663832979122        1.2709033762505633E-002   1141619702.0150485              942
   353.48168521065134        1.2649079854387374E-002   1141965938.1829891              943
   353.85673209151145        1.2589390399290764E-002   1142310802.3790212              944
   354.23177897237156        1.2529963870746664E-002   1142654299.1292887              945
   354.60682585323161        1.2470799749894188E-002   1142996432.9378703              946
   354.98187273409178        1.2411896516915644E-002   1143337208.3141556              947
   355.35691961495189        1.2353253659583650E-002   1143676629.7453995              948
   355.73196649581200        1.2294869664695824E-002   1144014701.7241411              949
   356.10701337667211        1.2236744026622207E-002   1144351428.7207162              950
   356.48206025753217        1.2178875238739844E-002   1144686815.2107189              951
   356.85710713839228        1.2121262801980425E-002   1145020865.6474726              952
   357.23215401925239        1.2063905216264740E-002   1145353584.4895339              953
   357.60720090011250        1.2006801989050585E-002   1145684976.1731241              954
   357.98224778097261        1.1949951626767029E-002   1146015045.1396732              955
   358.35729466183273        1.1893353643362676E-002   1146343795.8082113              956
   358.73234154269284        1.1837006551739686E-002   1146671232.6029551              957
   359.10738842355295        1.1780909872302342E-002   1146997359.9256585              958
   359.48243530441306        1.1725062124390879E-002   1147322182.1832395              959
   359.85748218527317        1.1669462834830415E-002   1147645703.7600923              960
   360.23252906613328        1.1614110529364497E-002   1147967929.0457551              961
   360.60757594699334        1.1559004741204432E-002   1148288862.4071810              962
   360.98262282785350        1.1504144002462536E-002   1148608508.2164490              963
   361.35766970871362        1.1449527852701837E-002   1148926870.8229923              964
   361.73271658957373        1.1395154830369132E-002   1149243954.5813525              965
   362.10776347043384        1.1341024481344912E-002   1149559763.8233676              966
   362.48281035129389        1.1287135350376334E-002   1149874302.8859665              967
   362.85785723215400        1.1233486989627360E-002   1150187576.0833185              968
   363.23290411301411        1.1180077950111594E-002   1150499587.7346668              969
   363.60795099387423        1.1126907790242644E-002   1150810342.1364398              970
   363.98299787473434        1.1073975067266867E-002   1151119843.5901256              971
   364.35804475559445        1.1021279345813928E-002   1151428096.3743417              972
   364.73309163645456        1.0968819189329413E-002   1151735104.7727528              973
   365.10813851731467        1.0916594168625662E-002   1152040873.0460989              974
   365.48318539817478        1.0864602853314174E-002   1152345405.4601548              975
   365.85823227903489        1.0812844820356746E-002   1152648706.2577186              976
   366.23327915989495        1.0761318645497705E-002   1152950779.6866114              977
   366.60832604075506        1.0710023911815308E-002   1153251629.9716268              978
   366.98337292161523        1.0658959201153770E-002   1153551261.3425705              979
   367.35841980247534        1.0608124102675006E-002   1153849678.0061705              980
   367.73346668333545        1.0557517204290417E-002   1154146884.1741583              981
   368.10851356419550        1.0507138101212924E-002   1154442884.0351388              982
   368.48356044505562        1.0456985387388564E-002   1154737681.7827113              983
   368.85860732591573        1.0407058664048868E-002   1155031281.5873008              984
   369.23365420677584        1.0357356531142156E-002   1155323687.6243200              985
   369.60870108763595        1.0307878595886296E-002   1155614904.0459597              986
   369.98374796849606        1.0258623464199725E-002   1155904935.0093935              987
   370.35879484935617        1.0209590749254573E-002   1156193784.6485260              988
   370.73384173021628        1.0160779062907421E-002   1156481457.1022394              989
   371.10888861107640        1.0112188024252795E-002   1156767956.4861033              990
   371.48393549193651        1.0063816251053591E-002   1157053286.9206603              991
   371.85898237279662        1.0015663368294984E-002   1157337452.5030963              992
   372.23402925365667        9.9677279996145968E-003   1157620457.3355668              993
   372.60907613451684        9.9200097758567092E-003   1157902305.4968288              994
   372.98412301537695        9.8725073265021907E-003   1158183001.0706067              995
   373.35916989623706        9.8252202882230730E-003   1158462548.1171839              996
   373.73421677709712        9.7781472963121945E-003   1158740950.7018106              997
   374.10926365795723        9.7312879932381011E-003   1159018212.8662553              998
   374.48431053881734        9.6846410200745123E-003   1159294338.6572528              999
   374.85935741967745        9.6382060250554628E-003   1159569332.0980172             1000
   375.23440430053756        9.5919816550045899E-003   1159843197.2167287             1001
   375.60945118139767        9.5459675638905634E-003   1160115938.0180087             1002
   375.98449806225779        9.5001624042561177E-003   1160387558.5114467             1003
   376.35954494311790        9.4545658357738770E-003   1160658062.6830351             1004
   376.73459182397801        9.4091765166750725E-003   1160927454.5237367             1005
   377.10963870483812        9.3639941123056861E-003   1161195738.0008812             1006
   377.48468558569823        9.3190172865550095E-003   1161462917.0867722             1007
   377.85973246655828        9.2742457104120005E-003   1161728995.7300439             1008
   378.23477934741840        9.2296780533936765E-003   1161993977.8843088             1009
   378.60982622827856        9.1853139921017728E-003   1162257867.4794765             1010
   378.98487310913868        9.1411522016508866E-003   1162520668.4504383             1011
   379.35991998999879        9.0971923642254472E-003   1162782384.7083495             1012
   379.73496687085884        9.0534331605076276E-003   1163043020.1693540             1013
   380.11001375171895        9.0098742782346013E-003   1163302578.7258253             1014
   380.48506063257906        8.9665144036263113E-003   1163561064.2751341             1015
   380.86010751343917        8.9233532299429191E-003   1163818480.6908479             1016
   381.23515439429929        8.8803894489123889E-003   1164074831.8515389             1017
   381.61020127515940        8.8376227592883022E-003   1164330121.6119456             1018
   381.98524815601951        8.7950518582770761E-003   1164584353.8318198             1019
   382.36029503687962        8.7526764500962043E-003   1164837532.3470492             1020
   382.73534191773973        8.7104952374012085E-003   1165089660.9985447             1021
   383.11038879859984        8.6685079298441260E-003   1165340743.6033239             1022
   383.48543567945995        8.6267132355003426E-003   1165590783.9834373             1023
   383.86048256032001        8.5851108694272524E-003   1165839785.9370141             1024
   384.23552944118012        8.5436995450909863E-003   1166087753.2672274             1025
   384.61057632204029        8.5024789829252646E-003   1166334689.7533023             1026
   384.98562320290040        8.4614479017579725E-003   1166580599.1795187             1027
   385.36067008376045        8.4206060273702733E-003   1166825485.3061824             1028
   385.73571696462056        8.3799520839229463E-003   1167069351.8986664             1029
   386.11076384548068        8.3394858025158444E-003   1167312202.6983442             1030
   386.48581072634079        8.2992059126139484E-003   1167554041.4516702             1031
   386.86085760720090        8.2591121506071681E-003   1167794871.8810735             1032
   387.23590448806101        8.2192032512361339E-003   1168034697.7140789             1033
   387.61095136892106        8.1794789561523053E-003   1168273522.6541624             1034
   387.98599824978123        8.1399380053435479E-003   1168511350.4099100             1035
   388.36104513064134        8.1005801456945133E-003   1168748184.6658354             1036
   388.73609201150146        8.0614041224119984E-003   1168984029.1115787             1037
   389.11113889236157        8.0224096875856216E-003   1169218887.4126854             1038
   389.48618577322162        7.9835955916129422E-003   1169452763.2398436             1039
   389.86123265408173        7.9449615917604691E-003   1169685660.2396245             1040
   390.23627953494184        7.9065064435884878E-003   1169917582.0637600             1041
   390.61132641580201        7.8682299095124125E-003   1170148532.3398445             1042
   390.98637329666212        7.8301307502273692E-003   1170378514.7006507             1043
   391.36142017752218        7.7922087332698503E-003   1170607532.7547932             1044
   391.73646705838229        7.7544626244420260E-003   1170835590.1160841             1045
   392.11151393924240        7.7168921963737484E-003   1171062690.3741584             1046
   392.48656082010257        7.6794962199465888E-003   1171288837.1238678             1047
   392.86160770096262        7.6422744728562057E-003   1171514033.9358683             1048
   393.23665458182279        7.6052257310360201E-003   1171738284.3860521             1049
   393.61170146268279        7.5683497772199952E-003   1171961592.0260990             1050
   393.98674834354301        7.5316453923660502E-003   1172183960.4129455             1051
   394.36179522440301        7.4951123642191218E-003   1172405393.0792980             1052
   394.73684210526318        7.4587494787343124E-003   1172625893.5631416             1053
   395.11188898612323        7.4225565286403132E-003   1172845465.3782151             1054
   395.48693586698340        7.3865323048622729E-003   1173064112.0435579             1055
   395.86198274784340        7.3506766050855273E-003   1173281837.0539479             1056
   396.23702962870362        7.3149882251782325E-003   1173498643.9094858             1057
   396.61207650956362        7.2794669677553958E-003   1173714536.0859962             1058
   396.98712339042379        7.2441116336012541E-003   1173929517.0646503             1059
   397.36217027128384        7.2089220302336224E-003   1174143590.3023286             1060
   397.73721715214401        7.1738969633260178E-003   1174356759.2612822             1061
   398.11226403300418        7.1390362452723004E-003   1174569027.3794587             1062
   398.48731091386423        7.1043386866086328E-003   1174780398.1002007             1063
   398.86235779472440        7.0698041045782530E-003   1174990874.8425338             1064
   399.23740467558440        7.0354313145533564E-003   1175200461.0309050             1065
   399.61245155644463        7.0012201386001017E-003   1175409160.0654318             1066
   399.98749843730462        6.9671693969002493E-003   1175616975.3516793             1067
   400.36254531816485        6.9332789163164673E-003   1175823910.2708712             1068
   400.73759219902485        6.8995475218137413E-003   1176029968.2097054             1069
   401.11263907988501        6.8659750450249558E-003   1176235152.5305281             1070
   401.48768596074501        6.8325603156720802E-003   1176439466.6011865             1071
   401.86273284160524        6.7993031701320487E-003   1176642913.7651665             1072
   402.23777972246523        6.7662024428576965E-003   1176845497.3714821             1073
   402.61282660332546        6.7332579749439228E-003   1177047220.7447767             1074
   402.98787348418546        6.7004686055484215E-003   1177248087.2152500             1075
   403.36292036504562        6.6678341804581103E-003   1177448100.0887229             1076
   403.73796724590574        6.6353535435096193E-003   1177647262.6766014             1077
   404.11301412676585        6.6030265451560649E-003   1177845578.2659039             1078
   404.48806100762602        6.5708520338871867E-003   1178043050.1492634             1079
   404.86310788848607        6.5388298647965611E-003   1178239681.5949180             1080
   405.23815476934624        6.5069588910013788E-003   1178435475.8767507             1081
   405.61320165020624        6.4752389722100047E-003   1178630436.2442422             1082
   405.98824853106646        6.4436689661415145E-003   1178824565.9525490             1083
   406.36329541192646        6.4122487370935344E-003   1179017868.2324185             1084
   406.73834229278663        6.3809771473615452E-003   1179210346.3203051             1085
   407.11338917364668        6.3498540658070042E-003   1179402003.4282484             1086
   407.48843605450685        6.3188783592764280E-003   1179592842.7740269             1087
   407.86348293536685        6.2880499011697911E-003   1179782867.5509984             1088
   408.23852981622707        6.2573675628593804E-003   1179972080.9582927             1089
   408.61357669708707        6.2268312222584620E-003   1180160486.1706138             1090
   408.98862357794724        6.1964397552399190E-003   1180348086.3684692             1091
   409.36367045880729        6.1661930442052110E-003   1180534884.7079391             1092
   409.73871733966746        6.1360899695027575E-003   1180720884.3509383             1093
   410.11376422052763        6.1061304179971711E-003   1180906088.4349511             1094
   410.48881110138768        6.0763132744874934E-003   1181090500.1033306             1095
   410.86385798224785        6.0466384302765496E-003   1181274122.4749963             1096
   411.23890486310785        6.0171047745891234E-003   1181456958.6747706             1097
   411.61395174396807        5.9877122031414716E-003   1181639011.8030393             1098
   411.98899862482807        5.9584596095593485E-003   1181820284.9661269             1099
   412.36404550568824        5.9293468939477425E-003   1182000781.2459185             1100
   412.73909238654829        5.9003729543086938E-003   1182180503.7302730             1101
   413.11413926740846        5.8715376951113188E-003   1182359455.4826093             1102
   413.48918614826846        5.8428400187093901E-003   1182537639.5723548             1103
   413.86423302912868        5.8142798339116423E-003   1182715059.0444963             1104
   414.23927990998868        5.7858560473990957E-003   1182891716.9500654             1105
   414.61432679084885        5.7575685722957015E-003   1183067616.3156528             1106
   414.98937367170890        5.7294163195853575E-003   1183242760.1739299             1107
   415.36442055256907        5.7013992066829106E-003   1183417151.5331280             1108
   415.73946743342924        5.6735161488508578E-003   1183590793.4075961             1109
   416.11451431428929        5.6457670677707373E-003   1183763688.7872424             1110
   416.48956119514946        5.6181508829594657E-003   1183935840.6681314             1111
   416.86460807600946        5.5906675203411162E-003   1184107252.0218880             1112
   417.23965495686969        5.5633159036629744E-003   1184277925.8263309             1113
   417.61470183772968        5.5360959630676131E-003   1184447865.0348408             1114
   417.98974871858985        5.5090066265087081E-003   1184617072.6070297             1115
   418.36479559944991        5.4820478283233833E-003   1184785551.4780748             1116
   418.73984248031007        5.4552185006478101E-003   1184953304.5894229             1117
   419.11488936117007        5.4285185819898359E-003   1185120334.8580880             1118
   419.48993624203030        5.4019470086443221E-003   1185286645.2073932             1119
   419.86498312289029        5.3755037232660905E-003   1185452238.5362315             1120
   420.24003000375046        5.3491876662849890E-003   1185617117.7498448             1121
   420.61507688461052        5.3229987844791628E-003   1185781285.7290480             1122
   420.99012376547068        5.2969360223898334E-003   1185944745.3610451             1123
   421.36517064633080        5.2709993308948941E-003   1186107499.5086164             1124
   421.74021752719091        5.2451876586234493E-003   1186269551.0409715             1125
   422.11526440805108        5.2195009605296412E-003   1186430902.8029015             1126
   422.49031128891107        5.1939381893070418E-003   1186591557.6456661             1127
   422.86535816977130        5.1684993039626719E-003   1186751518.3961120             1128
   423.24040505063130        5.1431832612312154E-003   1186910787.8875959             1129
   423.61545193149146        5.1179900241492826E-003   1187069368.9290652             1130
   423.99049881235152        5.0929185534694422E-003   1187227264.3360198             1131
   424.36554569321169        5.0679688162346978E-003   1187384476.8995554             1132
   424.74059257407168        5.0431397771923299E-003   1187541009.4173617             1133
   425.11563945493191        5.0184314073686339E-003   1187696864.6627312             1134
   425.49068633579191        4.9938426754825337E-003   1187852045.4155905             1135
   425.86573321665207        4.9693735565206109E-003   1188006554.4314771             1136
   426.24078009751213        4.9450230231504596E-003   1188160394.4726040             1137
   426.61582697837230        4.9207910542960077E-003   1188313568.2768016             1138
   426.99087385923229        4.8966766265506369E-003   1188466078.5886197             1139
   427.36592074009252        4.8726797227527799E-003   1188617928.1282315             1140
   427.74096762095269        4.8487993233987964E-003   1188769119.6225729             1141
   428.11601450181274        4.8250354152189132E-003   1188919655.7742109             1142
   428.49106138267291        4.8013869825897322E-003   1189069539.2925186             1143
   428.86610826353291        4.7778540161105805E-003   1189218772.8625073             1144
   429.24115514439313        4.7544355040157298E-003   1189367359.1760385             1145
   429.61620202525313        4.7311314407510194E-003   1189515300.9006205             1146
   429.99124890611330        4.7079408183858451E-003   1189662600.7106552             1147
   430.36629578697335        4.6848636351900777E-003   1189809261.2562006             1148
   430.74134266783352        4.6618988870457878E-003   1189955285.1942511             1149
   431.11638954869352        4.6390465760244798E-003   1190100675.1574674             1150
   431.49143642955374        4.6163057017985466E-003   1190245433.7854910             1151
   431.86648331041374        4.5936762702187984E-003   1190389563.6936383             1152
   432.24153019127391        4.5711572847256824E-003   1190533067.5042520             1153
   432.61657707213396        4.5487487549270905E-003   1190675947.8153591             1154
   432.99162395299413        4.5264496880093345E-003   1190818207.2320578             1155
   433.36667083385424        4.5042600973152396E-003   1190959848.3351405             1156
   433.74171771471435        4.4821789937549037E-003   1191100873.7125163             1157
   434.11676459557452        4.4602063943840033E-003   1191241285.9277990             1158
   434.49181147643452        4.4383413138144165E-003   1191381087.5517642             1159
   434.86685835729475        4.4165837727927100E-003   1191520281.1309030             1160
   435.24190523815474        4.3949327896105955E-003   1191658869.2189147             1161
   435.61695211901491        4.3733883886836519E-003   1191796854.3452244             1162
   435.99199899987497        4.3519495919615786E-003   1191934239.0465112             1163
   436.36704588073513        4.3306164275071744E-003   1192071025.8351920             1164
   436.74209276159513        4.3093879209063560E-003   1192207217.2309837             1165
   437.11713964245536        4.2882641038474245E-003   1192342815.7293525             1166
   437.49218652331535        4.2672440055308430E-003   1192477823.8331115             1167
   437.86723340417552        4.2463276612487869E-003   1192612244.0208344             1168
   438.24228028503558        4.2255141037946713E-003   1192746078.7784886             1169
   438.61732716589574        4.2048033720429928E-003   1192879330.5678151             1170
   438.99237404675586        4.1841945023586118E-003   1193012001.8579946             1171
   439.36742092761597        4.1636875371768899E-003   1193144095.0939939             1172
   439.74246780847614        4.1432815164126969E-003   1193275612.7282681             1173
   440.11751468933613        4.1229764860408937E-003   1193406557.1890695             1174
   440.49256157019636        4.1027714895050093E-003   1193536930.9121864             1175
   440.86760845105636        4.0826665762980939E-003   1193666736.3092182             1176
   441.24265533191652        4.0626607933711076E-003   1193795975.7993469             1177
   441.61770221277658        4.0427541937140508E-003   1193924651.7775793             1178
   441.99274909363675        4.0229458277641532E-003   1194052766.6465533             1179
   442.36779597449674        4.0032357519872311E-003   1194180322.7847438             1180
   442.74284285535697        3.9836230202856893E-003   1194307322.5783055             1181
   443.11788973621697        3.9641076925801171E-003   1194433768.3892443             1182
   443.49293661707713        3.9446888262170757E-003   1194559662.5872939             1183
   443.86798349793719        3.9253664845509675E-003   1194685007.5180523             1184
   444.24303037879736        3.9061397283515860E-003   1194809805.5348947             1185
   444.61807725965735        3.8870086243862605E-003   1194934058.9670751             1186
   444.99312414051758        3.8679722368271637E-003   1195057770.1516724             1187
   445.36817102137775        3.8490306358337492E-003   1195180941.4016590             1188
   445.74321790223775        3.8301828889598364E-003   1195303575.0378816             1189
   446.11826478309797        3.8114290697362583E-003   1195425673.3570945             1190
   446.49331166395797        3.7927682490777807E-003   1195547238.6639755             1191
   446.86835854481814        3.7742005038660120E-003   1195668273.2391255             1192
   447.24340542567819        3.7557249083560481E-003   1195788779.3711166             1193
   447.61845230653836        3.7373415427597117E-003   1195908759.3244600             1194
   447.99349918739836        3.7190494846519239E-003   1196028215.3716881             1195
   448.36854606825858        3.7008488175542427E-003   1196147149.7612870             1196
   448.74359294911858        3.6827386223409744E-003   1196265564.7498128             1197
   449.11863982997875        3.6647189858230130E-003   1196383462.5697918             1198
   449.49368671083880        3.6467889921537005E-003   1196500845.4618700             1199
   449.86873359169897        3.6289487314129492E-003   1196617715.6426790             1200
   450.24378047255897        3.6111972910128623E-003   1196734075.3370199             1201
   450.61882735341919        3.5935347642821374E-003   1196849926.7456954             1202
   450.99387423427930        3.5759602418714456E-003   1196965272.0777278             1203
   451.36892111513936        3.5584738203381255E-003   1197080113.5181563             1204
   451.74396799599958        3.5410745935512914E-003   1197194453.2602906             1205
   452.11901487685958        3.5237626612768511E-003   1197308293.4734738             1206
   452.49406175771981        3.5065371205823303E-003   1197421636.3353686             1207
   452.86910863857980        3.4893980744222152E-003   1197534483.9996891             1208
   453.24415551943997        3.4723446230424957E-003   1197646838.6285183             1209
   453.61920240029997        3.4553768725663113E-003   1197758702.3600068             1210
   453.99424928116019        3.4384939263982571E-003   1197870077.3407261             1211
   454.36929616202019        3.4216958938102899E-003   1197980965.6933310             1212
   454.74434304288042        3.4049818813458089E-003   1198091369.5489476             1213
   455.11938992374041        3.3883520014058449E-003   1198201291.0148029             1214
   455.49443680460058        3.3718053636528950E-003   1198310732.2066462             1215
   455.86948368546064        3.3553420835973828E-003   1198419695.2163441             1216
   456.24453056632080        3.3389612740012671E-003   1198528182.1443362             1217
   456.61957744718092        3.3226630534647760E-003   1198636195.0671976             1218
   456.99462432804103        3.3064465378297857E-003   1198743736.0701263             1219
   457.36967120890120        3.2903118487668018E-003   1198850807.2144740             1220
   457.74471808976119        3.2742581051781504E-003   1198957410.5702662             1221
   458.11976497062142        3.2582854317851871E-003   1199063548.1836994             1222
   458.49481185148142        3.2423929505312776E-003   1199169222.1096950             1223
   458.86985873234158        3.2265807891692839E-003   1199274434.3793633             1224
   459.24490561320164        3.2108480726642957E-003   1199379187.0325909             1225
   459.61995249406181        3.1951949317814065E-003   1199483482.0854704             1226
   459.99499937492180        3.1796204944881958E-003   1199587321.5629230             1227
   460.37004625578203        3.1641248945427879E-003   1199690707.4660935             1228
   460.74509313664203        3.1487072628961022E-003   1199793641.8050065             1229
   461.12014001750219        3.1333677362801750E-003   1199896126.5659285             1230
   461.49518689836225        3.1181054486101819E-003   1199998163.7440567             1231
   461.87023377922242        3.1029205395730337E-003   1200099755.3108492             1232
   462.24528066008241        3.0878121460291702E-003   1200200903.2467463             1233
   462.62032754094264        3.0727804106014094E-003   1200301609.5084670             1234
   462.99537442180281        3.0578244730765278E-003   1200401876.0617647             1235
   463.37042130266281        3.0429444789944033E-003   1200501704.8486893             1236
   463.74546818352303        3.0281395710492834E-003   1200601097.8203773             1237
   464.12051506438303        3.0134098976792854E-003   1200700056.9042807             1238
   464.49556194524320        2.9987546044673978E-003   1200798584.0369883             1239
   464.87060882610325        2.9841738427312421E-003   1200896681.1314240             1240
   465.24565570696342        2.9696667609238601E-003   1200994350.1097009             1241
   465.62070258782342        2.9552335132237333E-003   1201091592.8702857             1242
   465.99574946868364        2.9408732509353520E-003   1201188411.3208852             1243
   466.37079634954364        2.9265861310794898E-003   1201284807.3455791             1244
   466.74584323040381        2.9123713077935523E-003   1201380782.8377399             1245
   467.12089011126386        2.8982289409221315E-003   1201476339.6671317             1246
   467.49593699212403        2.8841581874170866E-003   1201571479.7128623             1247
   467.87098387298403        2.8701592099284129E-003   1201666204.8304505             1248
   468.24603075384425        2.8562311682040651E-003   1201760516.8848121             1249
   468.62107763470436        2.8423742276810979E-003   1201854417.7172921             1250
   468.99612451556442        2.8285875508852784E-003   1201947909.1786835             1251
   469.37117139642464        2.8148713060224596E-003   1202040993.0962296             1252
   469.74621827728464        2.8012246583780046E-003   1202133671.3066726             1253
   470.12126515814481        2.7876477789083916E-003   1202225945.6232245             1254
   470.49631203900486        2.7741398356404324E-003   1202317817.8686488             1255
   470.87135891986503        2.7607010022631393E-003   1202409289.8421969             1256
   471.24640580072503        2.7473304495267145E-003   1202500363.3527255             1257
   471.62145268158525        2.7340283538346837E-003   1202591040.1855974             1258
   471.99649956244525        2.7207938886426473E-003   1202681322.1358330             1259
   472.37154644330542        2.7076272330507118E-003   1202771210.9749787             1260
   472.74659332416547        2.6945275632019672E-003   1202860708.4842904             1261
   473.12164020502564        2.6814950608752310E-003   1202949816.4215696             1262
   473.49668708588564        2.6685289048832615E-003   1203038536.5543795             1263
   473.87173396674586        2.6556292796657945E-003   1203126870.6268487             1264
   474.24678084760586        2.6427953666875083E-003   1203214820.3929186             1265
   474.62182772846603        2.6300273530313438E-003   1203302387.5831177             1266
   474.99687460932626        2.6173244227962267E-003   1203389573.9378381             1267
   475.37192149018625        2.6046867656906803E-003   1203476381.1740780             1268
   475.74696837104642        2.5921135684302721E-003   1203562811.0187533             1269
   476.12201525190648        2.5796050233315446E-003   1203648865.1754048             1270
   476.49706213276664        2.5671603197092007E-003   1203734545.3575428             1271
   476.87210901362664        2.5547796524703187E-003   1203819853.2553225             1272
   477.24715589448687        2.5424622135112951E-003   1203904790.5689213             1273
   477.62220277534686        2.5302082003123443E-003   1203989358.9751818             1274
   477.99724965620709        2.5180168073341931E-003   1204073560.1610191             1275
   478.37229653706709        2.5058882346128625E-003   1204157395.7900345             1276
   478.74734341792725        2.4938216791561252E-003   1204240867.5359547             1277
   479.12239029878725        2.4818173435385664E-003   1204323977.0492117             1278
   479.49743717964748        2.4698744272977895E-003   1204406725.9904151             1279
   479.87248406050747        2.4579931355297666E-003   1204489115.9968996             1280
   480.24753094136770        2.4461726702848085E-003   1204571148.7162299             1281
   480.62257782222787        2.4344132391631705E-003   1204652825.7727163             1282
   480.99762470308787        2.4227140467108317E-003   1204734148.8009501             1283
   481.37267158394809        2.4110753030153033E-003   1204815119.4122887             1284
   481.74771846480809        2.3994962151012360E-003   1204895739.2284231             1285
   482.12276534566826        2.3879769955264789E-003   1204976009.8478301             1286
   482.49781222652831        2.3765168537774450E-003   1205055932.8793719             1287
   482.87285910738848        2.3651160048654553E-003   1205135509.9087167             1288
   483.24790598824848        2.3537736607218574E-003   1205214742.5319700             1289
   483.62295286910870        2.3424900387946606E-003   1205293632.3220637             1290
   483.99799974996870        2.3312643534434004E-003   1205372180.8624191             1291
   484.37304663082887        2.3200968245360534E-003   1205450389.7133038             1292
   484.74809351168892        2.3089866688436734E-003   1205528260.4455264             1293
   485.12314039254909        2.2979341086375713E-003   1205605794.6067622             1294
   485.49818727340909        2.2869383630837194E-003   1205682993.7552793             1295
   485.87323415426931        2.2759996568402071E-003   1205759859.4262331             1296
   486.24828103512937        2.2651172114514016E-003   1205836393.1654229             1297
   486.62332791598948        2.2542912539456981E-003   1205912596.4955564             1298
   486.99837479684970        2.2435210082294038E-003   1205988470.9500363             1299
   487.37342167770970        2.2328067036848148E-003   1206064018.0391936             1300
   487.74846855856987        2.2221475665638139E-003   1206139239.2841070             1301
   488.12351543942992        2.2115438285862593E-003   1206214136.1828027             1302
   488.49856232029009        2.2009947183333277E-003   1206288710.2441068             1303
   488.87360920115009        2.1905004698461804E-003   1206362962.9538128             1304
   489.24865608201031        2.1800603140190718E-003   1206436895.8085659             1305
   489.62370296287031        2.1696744871982916E-003   1206510510.2819993             1306
   489.99874984373048        2.1593422225750316E-003   1206583807.8586490             1307
   490.37379672459053        2.1490637587846043E-003   1206656790.0000587             1308
   490.74884360545070        2.1388383312990712E-003   1206729458.1787269             1309
   491.12389048631070        2.1286661810267483E-003   1206801813.8441801             1310
   491.49893736717092        2.1185465457045777E-003   1206873858.4569509             1311
   491.87398424803092        2.1084796684979249E-003   1206945593.4546201             1312
   492.24903112889109        2.0984647893927009E-003   1207017020.2858260             1313
   492.62407800975132        2.0885021537954416E-003   1207088140.3762746             1314
   492.99912489061131        2.0785910039252016E-003   1207158955.1627812             1315
   493.37417177147148        2.0687315874138830E-003   1207229466.0592494             1316
   493.74921865233154        2.0589231486979093E-003   1207299674.4907427             1317
   494.12426553319170        2.0491659376188341E-003   1207369581.8594332             1318
   494.49931241405170        2.0394592008147680E-003   1207439189.5787036             1319
   494.87435929491193        2.0298031903212672E-003   1207508499.0390658             1320
   495.24940617577192        2.0201971549625151E-003   1207577511.6422937             1321
   495.62445305663209        2.0106413489524963E-003   1207646228.7673094             1322
   495.99949993749215        2.0011350232859316E-003   1207714651.8043487             1323
   496.37454681835231        1.9916784343397363E-003   1207782782.1208158             1324
   496.74959369921231        1.9822708352637114E-003   1207850621.0954788             1325
   497.12464058007254        1.9729124845822787E-003   1207918170.0842948             1326
   497.49968746093253        1.9636026375849337E-003   1207985430.4546359             1327
   497.87473434179270        1.9543415549282553E-003   1208052403.5510821             1328
   498.24978122265293        1.9451284940261201E-003   1208119090.7296798             1329
   498.62482810351293        1.9359637176520085E-003   1208185493.3237035             1330
   498.99987498437309        1.9268464853289295E-003   1208251612.6779442             1331
   499.37492186523315        1.9177770619320607E-003   1208317450.1144412             1332
   499.74996874609332        1.9087547090783970E-003   1208383006.9668007             1333
   500.12501562695331        1.8997796937296836E-003   1208448284.5458972             1334
   500.50006250781354        1.8908512795818185E-003   1208513284.1742225             1335
   500.87510938867354        1.8819697356680682E-003   1208578007.1515567             1336
   501.25015626953370        1.8731343277482192E-003   1208642454.7893472             1337
   501.62520315039376        1.8643453269120843E-003   1208706628.3763499             1338
   502.00025003125393        1.8556020009684053E-003   1208770529.2130382             1339
   502.37529691211392        1.8469046230486428E-003   1208834158.5772133             1340
   502.75034379297415        1.8382524629956347E-003   1208897517.7584445             1341
   503.12539067383415        1.8296457959676624E-003   1208960608.0236483             1342
   503.50043755469432        1.8210838938268713E-003   1209023430.6515598             1343
   503.87548443555443        1.8125670337436131E-003   1209085986.8982809             1344
   504.25053131641454        1.8040944895846322E-003   1209148278.0317814             1345
   504.62557819727476        1.7956665405176743E-003   1209210305.2974181             1346
   505.00062507813476        1.7872824623994439E-003   1209272069.9524658             1347
   505.37567195899493        1.7789425363804769E-003   1209333573.2316051             1348
   505.75071883985498        1.7706460402928735E-003   1209394816.3814847             1349
   506.12576572071515        1.7623932572554367E-003   1209455800.6261787             1350
   506.50081260157515        1.7541834670611674E-003   1209516527.2017794             1351
   506.87585948243537        1.7460169547826858E-003   1209576997.3218226             1352
   507.25090636329537        1.7378930021594774E-003   1209637212.2119129             1353
   507.62595324415554        1.7298118962036017E-003   1209697173.0751181             1354
   508.00100012501559        1.7217729205866840E-003   1209756881.1266229             1355
   508.37604700587576        1.7137763642459127E-003   1209816337.5590956             1356
   508.75109388673576        1.7058215127707902E-003   1209875543.5773704             1357
   509.12614076759598        1.6979086570094025E-003   1209934500.3637843             1358
   509.50118764845598        1.6900370844549315E-003   1209993209.1128895             1359
   509.87623452931615        1.6822070878522060E-003   1210051670.9967601             1360
   510.25128141017638        1.6744179565839591E-003   1210109887.1997344             1361
   510.62632829103637        1.6666699852776862E-003   1210167858.8836920             1362
   511.00137517189654        1.6589624651916217E-003   1210225587.2228258             1363
   511.37642205275660        1.6512956928219072E-003   1210283073.3688881             1364
   511.75146893361676        1.6436689612883176E-003   1210340318.4859946             1365
   512.12651581447676        1.6360825689416959E-003   1210397323.7158384             1366
   512.50156269533693        1.6285358107494506E-003   1210454090.2125251             1367
   512.87660957619698        1.6210289869032707E-003   1210510619.1077573             1368
   513.25165645705715        1.6135613942043681E-003   1210566911.5456975             1369
   513.62670333791721        1.6061333346714839E-003   1210622968.6481245             1370
   514.00175021877737        1.5987441069258801E-003   1210678791.5493259             1371
   514.37679709963743        1.5913940147996284E-003   1210734381.3612239             1372
   514.75184398049760        1.5840823587203610E-003   1210789739.2082980             1373
   515.12689086135754        1.5768094443198342E-003   1210844866.1926811             1374
   515.50193774221782        1.5695745738184383E-003   1210899763.4291112             1375
   515.87698462307787        1.5623780546340409E-003   1210954432.0099990             1376
   516.25203150393793        1.5552191907662598E-003   1211008873.0404081             1377
   516.62707838479821        1.5480982914055680E-003   1211063087.6030929             1378
   517.00212526565815        1.5410146623173466E-003   1211117076.7935095             1379
   517.37717214651843        1.5339686144512496E-003   1211170841.6848223             1380
   517.75221902737837        1.5269594553250251E-003   1211224383.3629458             1381
   518.12726590823854        1.5199874976341544E-003   1211277702.8915215             1382
   518.50231278909860        1.5130520506354316E-003   1211330801.3469882             1383
   518.87735966995876        1.5061534287568832E-003   1211383679.7835298             1384
   519.25240655081882        1.4992909429811026E-003   1211436339.2681758             1385
   519.62745343167899        1.4924649094554500E-003   1211488780.8457184             1386
   520.00250031253904        1.4856746408751437E-003   1211541005.5738432             1387
   520.37754719339921        1.4789204550937365E-003   1211593014.4880164             1388
   520.75259407425926        1.4722016665059672E-003   1211644808.6366444             1389
   521.12764095511943        1.4655185946585167E-003   1211696389.0459332             1390
   521.50268783597949        1.4588705556326097E-003   1211747756.7550764             1391
   521.87773471683965        1.4522578706550650E-003   1211798912.7810841             1392
   522.25278159769982        1.4456798574806267E-003   1211849858.1540008             1393
   522.62782847855976        1.4391368390033288E-003   1211900593.8817065             1394
   523.00287535942005        1.4326281346385527E-003   1211951120.9851623             1395
   523.37792224027999        1.4261540689346867E-003   1212001440.4631815             1396
   523.75296912114015        1.4197139629549367E-003   1212051553.3277066             1397
   524.12801600200021        1.4133081428892645E-003   1212101460.5685492             1398
   524.50306288286038        1.4069359314359533E-003   1212151163.1886966             1399
   524.87810976372043        1.4005976564138293E-003   1212200662.1690233             1400
   525.25315664458060        1.3942926421435789E-003   1212249958.5036259             1401
   525.62820352544065        1.3880212180602508E-003   1212299053.1645050             1402
   526.00325040630082        1.3817827100943334E-003   1212347947.1369305             1403
   526.37829728716088        1.3755774492845330E-003   1212396641.3840935             1404
   526.75334416802104        1.3694047631586043E-003   1212445136.8824997             1405
   527.12839104888099        1.3632649843464124E-003   1212493434.5865941             1406
   527.50343792974127        1.3571574419605195E-003   1212541535.4641826             1407
   527.87848481060144        1.3510824702095178E-003   1212589440.4610274             1408
   528.25353169146138        1.3450393997783932E-003   1212637150.5362966             1409
   528.62857857232166        1.3390285664421088E-003   1212684666.6271324             1410
   529.00362545318160        1.3330493024457436E-003   1212731989.6841290             1411
   529.37867233404177        1.3271019451183527E-003   1212779120.6358712             1412
   529.75371921490182        1.3211858282528577E-003   1212826060.4244413             1413
   530.12876609576199        1.3153012907201908E-003   1212872809.9699295             1414
   530.50381297662204        1.3094476678489340E-003   1212919370.2059686             1415
   530.87885985748221        1.3036253000397503E-003   1212965742.0442159             1416
   531.25390673834227        1.2978335241447744E-003   1213011926.4099176             1417
   531.62895361920243        1.2920726820823214E-003   1213057924.2063596             1418
   532.00400050006249        1.2863421122160420E-003   1213103736.3504629             1419
   532.37904738092266        1.2806421579698967E-003   1213149363.7372048             1420
   532.75409426178260        1.2749721592070762E-003   1213194807.2752421             1421
   533.12914114264288        1.2693324608452560E-003   1213240067.8513045             1422
   533.50418802350293        1.2637224042352632E-003   1213285146.3658466             1423
   533.87923490436299        1.2581423357766242E-003   1213330043.6974113             1424
   534.25428178522327        1.2525915982959661E-003   1213374760.7383120             1425
   534.62932866608321        1.2470705396628711E-003   1213419298.3589666             1426
   535.00437554694338        1.2415785041680050E-003   1213463657.4436071             1427
   535.37942242780343        1.2361158411392731E-003   1213507838.8545868             1428
   535.75446930866360        1.2306818963196918E-003   1213551843.4681180             1429
   536.12951618952366        1.2252770204838250E-003   1213595672.1385496             1430
   536.50456307038382        1.2199005608154177E-003   1213639325.7341335             1431
   536.87960995124388        1.2145528695241021E-003   1213682805.1012750             1432
   537.25465683210405        1.2092332952227940E-003   1213726111.1003261             1433
   537.62970371296410        1.2039421915446735E-003   1213769244.5698073             1434
   538.00475059382427        1.1986789085203396E-003   1213812206.3622313             1435
   538.37979747468421        1.1934438011950675E-003   1213854997.3082931             1436
   538.75484435554449        1.1882362210057170E-003   1213897618.2527254             1437
   539.12989123640455        1.1830565243982761E-003   1213940070.0184577             1438
   539.50493811726460        1.1779040642045152E-003   1213982353.4425008             1439
   539.87998499812488        1.1727791982598151E-003   1214024469.3400788             1440
   540.25503187898482        1.1676812807795785E-003   1214066418.5405393             1441
   540.63007875984499        1.1626106709773257E-003   1214108201.8514588             1442
   541.00512564070505        1.1575667244408758E-003   1214149820.0945816             1443
   541.38017252156521        1.1525498017507115E-003   1214191274.0698955             1444
   541.75521940242527        1.1475592598559189E-003   1214232564.5915985             1445
   542.13026628328544        1.1425954606928297E-003   1214273692.4521482             1446
   542.50531316414549        1.1376577625607197E-003   1214314658.4582553             1447
   542.88036004500566        1.1327465287407211E-003   1214355463.3949046             1448
   543.25540692586571        1.1278611188712847E-003   1214396108.0613773             1449
   543.63045380672588        1.1230018975673668E-003   1214436593.2352433             1450
   544.00550068758582        1.1181682257956492E-003   1214476919.7084119             1451
   544.38054756844610        1.1133604694940004E-003   1214517088.2510955             1452
   544.75559444930605        1.1085779909464526E-003   1214557099.6478887             1453
   545.13064133016633        1.1038211574029432E-003   1214596954.6617031             1454
   545.50568821102650        1.0990893324540417E-003   1214636654.0698760             1455
   545.88073509188644        1.0943828846509808E-003   1214676198.6280758             1456
   546.25578197274672        1.0897011788801212E-003   1214715589.1064382             1457
   546.63082885360666        1.0850445849832741E-003   1214754826.2534454             1458
   547.00587573446683        1.0804124691319158E-003   1214793910.8320882             1459
   547.38092261532688        1.0758052024477920E-003   1214832843.5837181             1460
   547.75596949618705        1.0712221523768830E-003   1214871625.2642379             1461
   548.13101637704710        1.0666636913102888E-003   1214910256.6079245             1462
   548.50606325790727        1.0621291879579482E-003   1214948738.3636479             1463
   548.88111013876733        1.0576190159698024E-003   1214987071.2586670             1464
   549.25615701962749        1.0531325453092678E-003   1215025256.0348742             1465
   549.63120390048755        1.0486701508746826E-003   1215063293.4125652             1466
   550.00625078134772        1.0442312038725222E-003   1215101184.1267114             1467
   550.38129766220766        1.0398160804391422E-003   1215138928.8906999             1468
   550.75634454306794        1.0354241530137291E-003   1215176528.4326353             1469
   551.13139142392799        1.0310557989603342E-003   1215213983.4590523             1470
   551.50643830478805        1.0267103919405799E-003   1215251294.6912434             1471
   551.88148518564833        1.0223883105359565E-003   1215288462.8289444             1472
   552.25653206650827        1.0180889296203042E-003   1215325488.5866911             1473
   552.63157894736844        1.0138126289823699E-003   1215362372.6574748             1474
   553.00662582822849        1.0095587846980531E-003   1215399115.7491279             1475
   553.38167270908866        1.0053277777532386E-003   1215435718.5479517             1476
   553.75671958994872        1.0011189854157968E-003   1215472181.7551296             1477
   554.13176647080888        9.9693278985869393E-004   1215508506.0503263             1478
   554.50681335166894        9.9276856953174598E-004   1215544692.1281295             1479
   554.88186023252911        9.8862670778500860E-004   1215580740.6616213             1480
   555.25690711338916        9.8450658424028312E-004   1215616652.3388464             1481
   555.63195399424933        9.8040858341478750E-004   1215652427.8263581             1482
   556.00700087510927        9.7633208609241217E-004   1215688067.8057113             1483
   556.38204775596955        9.7227747794767353E-004   1215723572.9369822             1484
   556.75709463682949        9.6824414091671715E-004   1215758943.8952897             1485
   557.13214151768966        9.6423246182155949E-004   1215794181.3342855             1486
   557.50718839854994        9.6024182374083436E-004   1215829285.9227045             1487
   557.88223527940988        9.5627261463432389E-004   1215864258.3078265             1488
   558.25728216027005        9.5232421871343999E-004   1215899099.1520541             1489
   558.63232904113011        9.4839702506605841E-004   1215933809.0963480             1490
   559.00737592199027        9.4449041902673137E-004   1215968388.7968304             1491
   559.38242280285033        9.4060479080181221E-004   1216002838.8881938             1492
   559.75746968371050        9.3673952683941987E-004   1216037160.0203323             1493
   560.13251656457055        9.3289501845483813E-004   1216071352.8217211             1494
   560.50756344543072        9.2907065320023592E-004   1216105417.9360774             1495
   560.88261032629077        9.2526682349034449E-004   1216139355.9857116             1496
   561.25765720715094        9.2148291797192877E-004   1216173167.6082139             1497
   561.63270408801088        9.1771933014974543E-004   1216206853.4197807             1498
   562.00775096887116        9.1397544975576532E-004   1216240414.0519264             1499
   562.38279784973111        9.1025167137541180E-004   1216273850.1147835             1500
   562.75784473059127        9.0654738581653416E-004   1216307162.2338417             1501
   563.13289161145156        9.0286298873592293E-004   1216340351.0132194             1502
   563.50793849231150        8.9919787200804565E-004   1216373417.0724316             1503
   563.88298537317166        8.9555243235182077E-004   1216406361.0096331             1504
   564.25803225403172        8.9192606269912576E-004   1216439183.4384136             1505
   564.63307913489189        8.8831916082183918E-004   1216471884.9510145             1506
   565.00812601575194        8.8473112070010457E-004   1216504466.1551497             1507
   565.38317289661211        8.8116234114964814E-004   1216536927.6371961             1508
   565.75821977747216        8.7761221718979821E-004   1216569269.9990416             1509
   566.13326665833233        8.7408114867107824E-004   1216601493.8212476             1510
   566.50831353919239        8.7056853164298002E-004   1216633599.6999242             1511
   566.88336042005255        8.6707476698183537E-004   1216665588.2098675             1512
   567.25840730091249        8.6359925175834090E-004   1216697459.9414585             1513
   567.63345418177278        8.6014238786570748E-004   1216729215.4637749             1514
   568.00850106263272        8.5670357338693786E-004   1216760855.3615181             1515
   568.38354794349289        8.5328321122325420E-004   1216792380.1980963             1516
   568.75859482435305        8.4988070046112662E-004   1216823790.5525787             1517
   569.13364170521311        8.4649644500098362E-004   1216855086.9827514             1518
   569.50868858607339        8.4312984492397993E-004   1216886270.0620995             1519
   569.88373546693333        8.3978130512100469E-004   1216917340.3428359             1520
   570.25878234779350        8.3645022665918250E-004   1216948298.3929081             1521
   570.63382922865355        8.3313701541117078E-004   1216979144.7590029             1522
   571.00887610951372        8.2984107342140849E-004   1217009880.0035784             1523
   571.38392299037378        8.2656280753569367E-004   1217040504.6678417             1524
   571.75896987123394        8.2330162076718117E-004   1217071019.3088086             1525
   572.13401675209400        8.2005792092623979E-004   1217101424.4622533             1526
   572.50906363295417        8.1683111198620185E-004   1217131720.6797962             1527
   572.88411051381422        8.1362160271349808E-004   1217161908.4918253             1528
   573.25915739467439        8.1042879803315787E-004   1217191988.4446111             1529
   573.63420427553433        8.0725310765922427E-004   1217221961.0632019             1530
   574.00925115639461        8.0409393746000337E-004   1217251826.8885653             1531
   574.38429803725455        8.0095169808875721E-004   1217281586.4404554             1532
   574.75934491811472        7.9782579634870643E-004   1217311240.2545822             1533
   575.13439179897500        7.9471664382399910E-004   1217340788.8454516             1534
   575.50943867983494        7.9162364824447089E-004   1217370232.7435613             1535
   575.88448556069511        7.8854722211687742E-004   1217399572.4582150             1536
   576.25953244155517        7.8548677408942099E-004   1217428808.5147431             1537
   576.63457932241533        7.8244271758325242E-004   1217457941.4172914             1538
   577.00962620327539        7.7941446215675110E-004   1217486971.6860688             1539
   577.38467308413556        7.7640242213730518E-004   1217515899.8201082             1540
   577.75971996499561        7.7340600798534169E-004   1217544726.3345408             1541
   578.13476684585578        7.7042563492638505E-004   1217573451.7233317             1542
   578.50981372671583        7.6746071431483675E-004   1217602076.4965785             1543
   578.88486060757600        7.6451166226631292E-004   1217630601.1432223             1544
   579.25990748843594        7.6157789102117648E-004   1217659026.1683724             1545
   579.63495436929622        7.5865981757714744E-004   1217687352.0559893             1546
   580.01000125015617        7.5575685505259232E-004   1217715579.3062372             1547
   580.38504813101633        7.5286942131940491E-004   1217743708.3981402             1548
   580.76009501187661        7.4999693036605303E-004   1217771739.8269606             1549
   581.13514189273656        7.4713980093073598E-004   1217799674.0668299             1550
   581.51018877359672        7.4429744786417434E-004   1217827511.6081519             1551
   581.88523565445678        7.4147029076305506E-004   1217855252.9202080             1552
   582.26028253531695        7.3865774533256562E-004   1217882898.4885862             1553
   582.63532941617700        7.3586023202011923E-004   1217910448.7777610             1554
   583.01037629703717        7.3307716737763850E-004   1217937904.2685480             1555
   583.38542317789722        7.3030897269555685E-004   1217965265.4206564             1556
   583.76047005875739        7.2755506536485704E-004   1217992532.7101717             1557
   584.13551693961745        7.2481586751134528E-004   1218019706.5920806             1558
   584.51056382047761        7.2209079735744189E-004   1218046787.5377803             1559
   584.88561070133755        7.1938027785673224E-004   1218073775.9975770             1560
   585.26065758219784        7.1668372805550940E-004   1218100672.4382215             1561
   585.63570446305778        7.1400157172760051E-004   1218127477.3053811             1562
   586.01075134391795        7.1133322873565973E-004   1218154191.0612011             1563
   586.38579822477811        7.0867912366627333E-004   1218180814.1467524             1564
   586.76084510563817        7.0603867719100236E-004   1218207347.0196161             1565
   587.13589198649834        7.0341231470176101E-004   1218233790.1163065             1566
   587.51093886735839        7.0079945767161848E-004   1218260143.8898826             1567
   587.88598574821856        6.9820053229044290E-004   1218286408.7723427             1568
   588.26103262907861        6.9561496082546314E-004   1218312585.2122636             1569
   588.63607950993878        6.9304317025718418E-004   1218338673.6371694             1570
   589.01112639079884        6.9048458363970189E-004   1218364674.4911945             1571
   589.38617327165900        6.8793962873689245E-004   1218390588.1974285             1572
   589.76122015251906        6.8540772938247908E-004   1218416415.1956048             1573
   590.13626703337923        6.8288931411649703E-004   1218442155.9044182             1574
   590.51131391423917        6.8038380754511304E-004   1218467810.7592399             1575
   590.88636079509945        6.7789163897736377E-004   1218493380.1744103             1576
   591.26140767595939        6.7541223378472727E-004   1218518864.5809786             1577
   591.63645455681956        6.7294602203813673E-004   1218544264.3889694             1578
   592.01150143767961        6.7049242986730339E-004   1218569580.0251489             1579
   592.38654831853978        6.6805188809800499E-004   1218594811.8952661             1580
   592.76159519940006        6.6562382361115763E-004   1218619960.4218431             1581
   593.13664208026000        6.6320866798039006E-004   1218645026.0063915             1582
   593.51168896112017        6.6080584883084783E-004   1218670009.0672283             1583
   593.88673584198023        6.5841579847706049E-004   1218694910.0016665             1584
   594.26178272284039        6.5603794528148692E-004   1218719729.2238567             1585
   594.63682960370045        6.5367272229266253E-004   1218744467.1269512             1586
   595.01187648456062        6.5131955860349053E-004   1218769124.1209724             1587
   595.38692336542067        6.4897888798966968E-004   1218793700.5949502             1588
   595.76197024628084        6.4665014026773224E-004   1218818196.9548168             1589
   596.13701712714078        6.4433374993374908E-004   1218842613.5855179             1590
   596.51206400800106        6.4202914752111578E-004   1218866950.8889320             1591
   596.88711088886100        6.3973676823953667E-004   1218891209.2459586             1592
   597.26215776972128        6.3745604333255922E-004   1218915389.0544608             1593
   597.63720465058122        6.3518740871683279E-004   1218939490.6913283             1594
   598.01225153144139        6.3293029633939321E-004   1218963514.5504458             1595
   598.38729841230156        6.3068514281719847E-004   1218987461.0047307             1596
   598.76234529316162        6.2845138079416381E-004   1219011330.4441261             1597
   599.13739217402178        6.2622944758096682E-004   1219035123.2376132             1598
   599.51243905488184        6.2401877651184219E-004   1219058839.7712307             1599
   599.88748593574201        6.2181980558465402E-004   1219082480.4100606             1600
   600.26253281660206        6.1963196881744407E-004   1219106045.5362725             1601
   600.63757969746223        6.1745570488877858E-004   1219129535.5110855             1602
   601.01262657832228        6.1529044849404583E-004   1219152950.7128367             1603
   601.38767345918245        6.1313663898608032E-004   1219176291.4989178             1604
   601.76272034004251        6.1099371173120598E-004   1219199558.2438693             1605
   602.13776722090267        6.0886210675013960E-004   1219222751.3012915             1606
   602.51281410176261        6.0674126007378092E-004   1219245871.0419633             1607
   602.88786098262290        6.0463161238439320E-004   1219268917.8157294             1608
   603.26290786348284        6.0253260037114128E-004   1219291891.9896424             1609
   603.63795474434301        6.0044466537154833E-004   1219314793.9098258             1610
   604.01300162520317        5.9836724472678044E-004   1219337623.9396420             1611
   604.38804850606323        5.9630078042338587E-004   1219360382.4215279             1612
   604.76309538692340        5.9424471044831797E-004   1219383069.7151895             1613
   605.13814226778345        5.9219947743096072E-004   1219405686.1594124             1614
   605.51318914864362        5.9016451999789187E-004   1219428232.1102812             1615
   605.88823602950367        5.8814028141518804E-004   1219450707.9029641             1616
   606.26328291036384        5.8612620094293652E-004   1219473113.8899584             1617
   606.63832979122390        5.8412272247781668E-004   1219495450.4028490             1618
   607.01337667208406        5.8212928590735619E-004   1219517717.7905798             1619
   607.38842355294412        5.8014633575279191E-004   1219539916.3811865             1620
   607.76347043380429        5.7817331252307423E-004   1219562046.5200934             1621
   608.13851731466423        5.7621066135800001E-004   1219584108.5318208             1622
   608.51356419552451        5.7425782338196840E-004   1219606102.7583060             1623
   608.88861107638445        5.7231524434739030E-004   1219628029.5205874             1624
   609.26365795724462        5.7038236598818792E-004   1219649889.1571491             1625
   609.63870483810467        5.6845963466348312E-004   1219671681.9855807             1626
   610.01375171896484        5.6654649271084545E-004   1219693408.3409457             1627
   610.38879859982501        5.6464338709025122E-004   1219715068.5374174             1628
   610.76384548068506        5.6274976073708734E-004   1219736662.9066718             1629
   611.13889236154523        5.6086606120637865E-004   1219758191.7594986             1630
   611.51393924240529        5.5899173202554142E-004   1219779655.4242187             1631
   611.88898612326545        5.5712722133888953E-004   1219801054.2082703             1632
   612.26403300412551        5.5527197326013132E-004   1219822388.4366515             1633
   612.63907988498568        5.5342643651715335E-004   1219843658.4134812             1634
   613.01412676584573        5.5159005580426434E-004   1219864864.4604661             1635
   613.38917364670590        5.4976328042725573E-004   1219886006.8784382             1636
   613.76422052756584        5.4794555565539072E-004   1219907085.9858446             1637
   614.13926740842612        5.4613733136674007E-004   1219928102.0802617             1638
   614.51431428928606        5.4433805339992175E-004   1219949055.4769084             1639
   614.88936117014623        5.4254817219970882E-004   1219969946.4701364             1640
   615.26440805100628        5.4076713416851901E-004   1219990775.3719685             1641
   615.63945493186645        5.3899539031229487E-004   1220011542.4735627             1642
   616.01450181272662        5.3723238759174224E-004   1220032248.0837760             1643
   616.38954869358668        5.3547857756848776E-004   1220052892.4906039             1644
   616.76459557444684        5.3373340775605927E-004   1220073475.9997680             1645
   617.13964245530690        5.3199733026632480E-004   1220093998.8961322             1646
   617.51468933616707        5.3026979316021436E-004   1220114461.4823141             1647
   617.88973621702712        5.2855124909443674E-004   1220134864.0400748             1648
   618.26478309788729        5.2684114667194846E-004   1220155206.8689580             1649
   618.63982997874734        5.2513993908894624E-004   1220175490.2476537             1650
   619.01487685960751        5.2344707548508066E-004   1220195714.4726608             1651
   619.38992374046745        5.2176300959072509E-004   1220215879.8196278             1652
   619.76497062132773        5.2008719107693641E-004   1220235986.5820391             1653
   620.14001750218767        5.1842007420299825E-004   1220256035.0325310             1654
   620.51506438304796        5.1676110916612896E-004   1220276025.4616027             1655
   620.89011126390790        5.1511075074929882E-004   1220295958.1389084             1656
   621.26515814476807        5.1346844967068632E-004   1220315833.3519909             1657
   621.64020502562823        5.1183466123176885E-004   1220335651.3675513             1658
   622.01525190648829        5.1020883666652735E-004   1220355412.4702055             1659
   622.39029878734846        5.0859143178980776E-004   1220375116.9237301             1660
   622.76534566820851        5.0698189834627876E-004   1220394765.0098431             1661
   623.14039254906868        5.0538069265906112E-004   1220414356.9894249             1662
   623.51543942992873        5.0378726697843741E-004   1220433893.1413245             1663
   623.89048631078890        5.0220207813075186E-004   1220453373.7235548             1664
   624.26553319164896        5.0062457886686966E-004   1220472799.0121236             1665
   624.64058007250912        4.9905522651134927E-004   1220492169.2622049             1666
   625.01562695336918        4.9749347431065065E-004   1220511484.7469933             1667
   625.39067383422935        4.9593978008257897E-004   1220530745.7188513             1668
   625.76572071508929        4.9439359756424102E-004   1220549952.4481888             1669
   626.14076759594957        4.9285538506176258E-004   1220569105.1845853             1670
   626.51581447680951        4.9132459679799309E-004   1220588204.1956928             1671
   626.89086135766968        4.8980169156249487E-004   1220607249.7283347             1672
   627.26590823852973        4.8828612405899506E-004   1220626242.0474331             1673
   627.64095511938990        4.8677835355564943E-004   1220645181.3970830             1674
   628.01600200025007        4.8527783523223922E-004   1220664068.0395036             1675
   628.39104888111012        4.8378502883071383E-004   1220682902.2160885             1676
   628.76609576197029        4.8229939000212543E-004   1220701684.1863806             1677
   629.14114264283035        4.8082137895745313E-004   1220720414.1890996             1678
   629.51618952369051        4.7935045181428138E-004   1220739092.4811389             1679
   629.89123640455057        4.7788706924789727E-004   1220757719.2985699             1680
   630.26628328541074        4.7643068783771600E-004   1220776294.8956637             1681
   630.64133016627079        4.7498176871865186E-004   1220794819.5058703             1682
   631.01637704713096        4.7353976892728982E-004   1220813293.3808639             1683
   631.39142392799090        4.7210515005353043E-004   1220831716.7514997             1684
   631.76647080885118        4.7067736958650704E-004   1220850089.8668811             1685
   632.14151768971112        4.6925688956650605E-004   1220868412.9552944             1686
   632.51656457057129        4.6784316793062688E-004   1220886686.2632985             1687
   632.89161145143134        4.6643666716497906E-004   1220904910.0166359             1688
   633.26665833229151        4.6503684565008706E-004   1220923084.4593465             1689
   633.64170521315168        4.6364416631336069E-004   1220941209.8146551             1690
   634.01675209401174        4.6225808797424654E-004   1220959286.3241081             1691
   634.39179897487190        4.6087907399697020E-004   1220977314.2084372             1692
   634.76684585573196        4.5950658363543733E-004   1220995293.7067211             1693
   635.14189273659213        4.5814108068624357E-004   1221013225.0372236             1694
   635.51693961745218        4.5678202483332683E-004   1221031108.4365802             1695
   635.89198649831235        4.5542988030124789E-004   1221048944.1206124             1696
   636.26703337917240        4.5408410719959019E-004   1221066732.3235364             1697
   636.64208026003257        4.5274517017651020E-004   1221084473.2587562             1698
   637.01712714089251        4.5141252976288698E-004   1221102167.1580939             1699
   637.39217402175279        4.5008665102614460E-004   1221119814.2325599             1700
   637.76722090261273        4.4876699491414572E-004   1221137414.7116070             1701
   638.14226778347290        4.4745402690928796E-004   1221154968.8038762             1702
   638.51731466433296        4.4614720837214482E-004   1221172476.7364748             1703
   638.89236154519313        4.4484700519583303E-004   1221189938.7156982             1704
   639.26740842605318        4.4355287914940009E-004   1221207354.9663329             1705
   639.64245530691335        4.4226529653246434E-004   1221224725.6923525             1706
   640.01750218777352        4.4098371951834713E-004   1221242051.1162457             1707
   640.39254906863357        4.3970861480898939E-004   1221259331.4396882             1708
   640.76759594949374        4.3843944497782335E-004   1221276566.8828948             1709
   641.14264283035379        4.3717667712496699E-004   1221293757.6452668             1710
   641.51768971121396        4.3591977421984025E-004   1221310903.9447672             1711
   641.89273659207402        4.3466920375662989E-004   1221328005.9785473             1712
   642.26778347293418        4.3342442909665341E-004   1221345063.9623423             1713
   642.64283035379412        4.3218591812409641E-004   1221362078.0910745             1714
   643.01787723465441        4.3095313458812041E-004   1221379048.5782745             1715
   643.39292411551435        4.2972654675887452E-004   1221395975.6166596             1716
   643.76797099637452        4.2850561876934769E-004   1221412859.4175780             1717
   644.14301787723457        4.2729081927165305E-004   1221429700.1715646             1718
   644.51806475809474        4.2608161277862572E-004   1221446498.0878077             1719
   644.89311163895479        4.2487846832037917E-004   1221463253.3546817             1720
   645.26815851981496        4.2368085078564919E-004   1221479966.1792374             1721
   645.64320540067513        4.2248922957861991E-004   1221496636.7477119             1722
   646.01825228153518        4.2130306996001894E-004   1221513265.2650404             1723
   646.39329916239535        4.2012284170420730E-004   1221529851.9153438             1724
   646.76834604325541        4.1894801044002692E-004   1221546396.9014637             1725
   647.14339292411557        4.1777904630815941E-004   1221562900.4054275             1726
   647.51843980497563        4.1661541530171875E-004   1221579362.6280048             1727
   647.89348668583580        4.1545758792388432E-004   1221595783.7491503             1728
   648.26853356669585        4.1430503052823588E-004   1221612163.9675839             1729
   648.64358044755602        4.1315821397666050E-004   1221628503.4612091             1730
   649.01862732841596        4.1201660497943181E-004   1221644802.4267168             1731
   649.39367420927624        4.1088067475338931E-004   1221661061.0399806             1732
   649.76872109013618        4.0974989036176278E-004   1221677279.4956839             1733
   650.14376797099635        4.0862472337262217E-004   1221693457.9676919             1734
   650.51881485185640        4.0750464119844964E-004   1221709596.6487007             1735
   650.89386173271657        4.0639011575485857E-004   1221725695.7105877             1736
   651.26890861357674        4.0528061479991150E-004   1221741755.3440835             1737
   651.64395549443680        4.0417661059311184E-004   1221757775.7190983             1738
   652.01900237529696        4.0307757123446506E-004   1221773757.0244167             1739
   652.39404925615702        4.0198396932374423E-004   1221789699.4280026             1740
   652.76909613701719        4.0089527329929266E-004   1221805603.1167157             1741
   653.14414301787724        3.9981195609756459E-004   1221821468.2565932             1742
   653.51918989873741        3.9873348649167178E-004   1221837295.0325904             1743
   653.89423677959746        3.9766033775119375E-004   1221853083.6088383             1744
   654.26928366045763        3.9659197898047097E-004   1221868834.1684070             1745
   654.64433054131757        3.9552888377868692E-004   1221884546.8735414             1746
   655.01937742217785        3.9447052157790387E-004   1221900221.9054463             1747
   655.39442430303779        3.9341736630341893E-004   1221915859.4245009             1748
   655.76947118389796        3.9236888771154255E-004   1221931459.6100643             1749
   656.14451806475802        3.9132556005022677E-004   1221947022.6206686             1750
   656.51956494561819        3.9028685339658858E-004   1221962548.6338477             1751
   656.89461182647824        3.8925324231780807E-004   1221978037.8063054             1752
   657.26965870733841        3.8822419720839892E-004   1221993490.3137689             1753
   657.64470558819858        3.8720019295137404E-004   1222008906.3111348             1754
   658.01975246905863        3.8618070025526601E-004   1222024285.9723420             1755
   658.39479934991880        3.8516619431555696E-004   1222039629.4504981             1756
   658.76984623077885        3.8415614615144904E-004   1222054936.9177740             1757
   659.14489311163902        3.8315103126756257E-004   1222070208.5255060             1758
   659.51993999249908        3.8215032099045296E-004   1222085444.4441156             1759
   659.89498687335924        3.8115449113057862E-004   1222100644.8231881             1760
   660.27003375421918        3.8016301331856076E-004   1222115809.8314135             1761
   660.64508063507947        3.7917636366742615E-004   1222130939.6166437             1762
   661.02012751593941        3.7819401410860729E-004   1222146034.3458562             1763
   661.39517439679958        3.7721644105445803E-004   1222161094.1651878             1764
   661.77022127765963        3.7624311673399856E-004   1222176119.2399220             1765
   662.14526815851980        3.7527451785569993E-004   1222191109.7144992             1766
   662.52031503937985        3.7431011694297547E-004   1222206065.7525260             1767
   662.89536192024002        3.7335039099723442E-004   1222220987.4967642             1768
   663.27040880110019        3.7239481283311718E-004   1222235875.1091621             1769
   663.64545568196024        3.7144385974182336E-004   1222250728.7308209             1770
   664.02050256282041        3.7049700482608497E-004   1222265548.5220482             1771
   664.39554944368047        3.6955472566376987E-004   1222280334.6223018             1772
   664.77059632454063        3.6861649564259852E-004   1222295087.1902664             1773
   665.14564320540069        3.6768279262401675E-004   1222309806.3637741             1774
   665.52069008626086        3.6675309027765654E-004   1222324492.2999039             1775
   665.89573696712080        3.6582786674548083E-004   1222339145.1348796             1776
   666.27078384798108        3.6490659597598527E-004   1222353765.0241919             1777
   666.64583072884102        3.6398975638861727E-004   1222368352.1024737             1778
   667.02087760970119        3.6307682220771900E-004   1222382906.5236437             1779
   667.39592449056124        3.6216827212721817E-004   1222397428.4207613             1780
   667.77097137142141        3.6126358064431422E-004   1222411917.9461906             1781
   668.14601825228146        3.6036322672443962E-004   1222426375.2314339             1782
   668.52106513314163        3.5946668513468956E-004   1222440800.4273169             1783
   668.89611201400180        3.5857443510905508E-004   1222455193.6638021             1784
   669.27115889486186        3.5768595168159562E-004   1222469555.0901945             1785
   669.64620577572202        3.5680171435193970E-004   1222483884.8349314             1786
   670.02125265658208        3.5592119841820644E-004   1222498183.0458138             1787
   670.39629953744225        3.5504488364277299E-004   1222512449.8497720             1788
   670.77134641830230        3.5417224558493947E-004   1222526685.3931177             1789
   671.14639329916247        3.5330376426696890E-004   1222540889.8012900             1790
   671.52144018002241        3.5243891550649364E-004   1222555063.2191284             1791
   671.89648706088269        3.5157817958282605E-004   1222569205.7705970             1792
   672.27153394174263        3.5072103256910834E-004   1222583317.5990787             1793
   672.64658082260291        3.4986795499889389E-004   1222597398.8270783             1794
   673.02162770346285        3.4901842319804137E-004   1222611449.5965383             1795
   673.39667458432302        3.4817291795156280E-004   1222625470.0285196             1796
   673.77172146518308        3.4733091583526496E-004   1222639460.2635403             1797
   674.14676834604325        3.4649289788286490E-004   1222653420.4212329             1798
   674.52181522690330        3.4565834091737543E-004   1222667350.6407061             1799
   674.89686210776347        3.4482772621849080E-004   1222681251.0401804             1800
   675.27190898862364        3.4400053085371555E-004   1222695121.7573700             1801
   675.64695586948369        3.4317723634602105E-004   1222708962.9090984             1802
   676.02200275034386        3.4235732000471354E-004   1222722774.6317010             1803
   676.39704963120391        3.4154126359336567E-004   1222736557.0406189             1804
   676.77209651206408        3.4072854466042515E-004   1222750310.2708244             1805
   677.14714339292414        3.3991964520741554E-004   1222764034.4363916             1806
   677.52219027378430        3.3911404301929012E-004   1222777729.6709435             1807
   677.89723715464424        3.3831222033290043E-004   1222791396.0872018             1808
   678.27228403550453        3.3751365516709419E-004   1222805033.8174560             1809
   678.64733091636447        3.3671882999145361E-004   1222818642.9730902             1810
   679.02237779722464        3.3592722305613549E-004   1222832223.6850743             1811
   679.39742467808469        3.3513931706088013E-004   1222845776.0634696             1812
   679.77247155894486        3.3435459048459468E-004   1222859300.2379413             1813
   680.14751843980491        3.3357352625462997E-004   1222872796.3172419             1814
   680.52256532066508        3.3279560307610911E-004   1222886264.4297459             1815
   680.89761220152513        3.3202130410147132E-004   1222899704.6829121             1816
   681.27265908238530        3.3125010825954586E-004   1222913117.2038383             1817
   681.64770596324547        3.3048249892536304E-004   1222926502.0987039             1818
   682.02275284410553        3.2971795524897371E-004   1222939859.4933434             1819
   682.39779972496569        3.2895696082552666E-004   1222953189.4926701             1820
   682.77284660582575        3.2819899502383343E-004   1222966492.2212708             1821
   683.14789348668592        3.2744454165671392E-004   1222979767.7828066             1822
   683.52294036754586        3.2669308030930367E-004   1222993016.3006294             1823
   683.89798724840614        3.2594509500967017E-004   1223006237.8771615             1824
   684.27303412926608        3.2520006555686071E-004   1223019432.6345346             1825
   684.64808101012625        3.2445847619179055E-004   1223032600.6739457             1826
   685.02312789098630        3.2371980692503133E-004   1223045742.1163189             1827
   685.39817477184647        3.2298454220796967E-004   1223058857.0616403             1828
   685.77322165270652        3.2225216226033671E-004   1223071945.6296391             1829
   686.14826853356669        3.2152315174163878E-004   1223085007.9191041             1830
   686.52331541442686        3.2079699107842558E-004   1223098044.0485837             1831
   686.89836229528692        3.2007416513599456E-004   1223111054.1156809             1832
   687.27340917614708        3.1935415454539633E-004   1223124038.2377770             1833
   687.64845605700714        3.1863744437541296E-004   1223136996.5113029             1834
   688.02350293786731        3.1792351545930394E-004   1223149929.0524855             1835
   688.39854981872736        3.1721285306705210E-004   1223162835.9565966             1836
   688.77359669958753        3.1650493823185419E-004   1223175717.3387208             1837
   689.14864358044747        3.1580025642263484E-004   1223188573.2929845             1838
   689.52369046130775        3.1509828887027946E-004   1223201403.9333425             1839
   689.89873734216769        3.1439952124041784E-004   1223214209.3527880             1840
   690.27378422302786        3.1370343495939779E-004   1223226989.6641593             1841
   690.64883110388791        3.1301051588733997E-004   1223239744.9593284             1842
   691.02387798474808        3.1232024564385171E-004   1223252475.3500295             1843
   691.39892486560814        3.1163311028135161E-004   1223265180.9270258             1844
   691.77397174646831        3.1094859161052589E-004   1223277861.8009601             1845
   692.14901862732836        3.1026717587392147E-004   1223290518.0614996             1846
   692.52406550818853        3.0958834507114420E-004   1223303149.8182068             1847
   692.89911238904870        3.0891258563272059E-004   1223315757.1596653             1848
   693.27415926990875        3.0823937974503986E-004   1223328340.1943703             1849
   693.64920615076892        3.0756921402448178E-004   1223340899.0098326             1850
   694.02425303162897        3.0690157084210275E-004   1223353433.7134922             1851
   694.39929991248914        3.0623693699803156E-004   1223365944.3917999             1852
   694.77434679334908        3.0557479504589807E-004   1223378431.1511519             1853
   695.14939367420936        3.0491563196749657E-004   1223390894.0769508             1854
   695.52444055506930        3.0425893049695755E-004   1223403333.2745605             1855
   695.89948743592947        3.0360517779567942E-004   1223415748.8283470             1856
   696.27453431678953        3.0295385677624165E-004   1223428140.8426538             1857
   696.64958119764970        3.0230545477760539E-004   1223440509.4008219             1858
   697.02462807850975        3.0165945488876860E-004   1223452854.6061859             1859
   697.39967495936992        3.0101634462423511E-004   1223465176.5410728             1860
   697.77472184022997        3.0037560724741215E-004   1223477475.3078198             1861
   698.14976872109014        2.9973773044634702E-004   1223489750.9877520             1862
   698.52481560195019        2.9910219765686606E-004   1223502003.6822195             1863
   698.89986248281036        2.9846949673858174E-004   1223514233.4715564             1864
   699.27490936367053        2.9783911129777112E-004   1223526440.4561379             1865
   699.64995624453059        2.9721152936365320E-004   1223538624.7153180             1866
   700.02500312539075        2.9658623471100703E-004   1223550786.3485074             1867
   700.40005000625081        2.9596371553671977E-004   1223562925.4340911             1868
   700.77509688711098        2.9534345578214450E-004   1223575042.0705266             1869
   701.15014376797092        2.9472594380991799E-004   1223587136.3352406             1870
   701.52519064883120        2.9411066372605956E-004   1223599208.3257480             1871
   701.90023752969114        2.9349810405705643E-004   1223611258.1185281             1872
   702.27528441055131        2.9288774907170541E-004   1223623285.8101637             1873
   702.65033129141136        2.9228008745846578E-004   1223635291.4761975             1874
   703.02537817227153        2.9167460364704279E-004   1223647275.2122910             1875
   703.40042505313158        2.9107178648600816E-004   1223659237.0930603             1876
   703.77547193399175        2.9047112056412589E-004   1223671177.2132561             1877
   704.15051881485181        2.8987309488824007E-004   1223683095.6465788             1878
   704.52556569571198        2.8927719420434336E-004   1223694992.4868782             1879
   704.90061257657214        2.8868390767573153E-004   1223706867.8069491             1880
   705.27565945743220        2.8809272020381411E-004   1223718721.6997514             1881
   705.65070633829237        2.8750412110653664E-004   1223730554.2371840             1882
   706.02575321915242        2.8691759543893284E-004   1223742365.5113273             1883
   706.40080010001259        2.8633363267181565E-004   1223754155.5931940             1884
   706.77584698087253        2.8575171801206901E-004   1223765924.5739946             1885
   707.15089386173281        2.8517234108160880E-004   1223777672.5238667             1886
   707.52594074259275        2.8459498723741421E-004   1223789399.5331602             1887
   707.90098762345292        2.8402014625075728E-004   1223801105.6711476             1888
   708.27603450431297        2.8344730362697701E-004   1223812791.0273280             1889
   708.65108138517314        2.8287694928497359E-004   1223824455.6701186             1890
   709.02612826603320        2.8230856887672681E-004   1223836099.6881773             1891
   709.40117514689337        2.8174265246705600E-004   1223847723.1490750             1892
   709.77622202775342        2.8117868585288131E-004   1223859326.1406393             1893
   710.15126890861359        2.8061715924325019E-004   1223870908.7296042             1894
   710.52631578947376        2.8005755857834011E-004   1223882471.0029755             1895
   710.90136267033381        2.7950037420975375E-004   1223894013.0266602             1896
   711.27640955119398        2.7894509221926050E-004   1223905534.8868515             1897
   711.65145643205403        2.7839220309936223E-004   1223917036.6486397             1898
   712.02650331291420        2.7784119307177409E-004   1223928518.3974149             1899
   712.40155019377414        2.7729255276825830E-004   1223939980.1974580             1900
   712.77659707463442        2.7674576854884610E-004   1223951422.1333659             1901
   713.15164395549436        2.7620133118293926E-004   1223962844.2686205             1902
   713.52669083635453        2.7565872716727249E-004   1223974246.6870339             1903
   713.90173771721459        2.7511844740728324E-004   1223985629.4512978             1904
   714.27678459807476        2.7457997853481530E-004   1223996992.6444483             1905
   714.65183147893481        2.7404381158975462E-004   1224008336.3283966             1906
   715.02687835979498        2.7350943333747573E-004   1224019660.5854115             1907
   715.40192524065503        2.7297733495074350E-004   1224030965.4766319             1908
   715.77697212151520        2.7244700332690173E-004   1224042251.0835690             1909
   716.15201900237525        2.7191892977004156E-004   1224053517.4665980             1910
   716.52706588323542        2.7139260130793077E-004   1224064764.7064810             1911
   716.90211276409559        2.7086850937445013E-004   1224075992.8628380             1912
   717.27715964495565        2.7034614112626446E-004   1224087202.0156906             1913
   717.65220652581581        2.6982598812552337E-004   1224098392.2239127             1914
   718.02725340667575        2.6930753765627669E-004   1224109563.5667937             1915
   718.40230028753604        2.6879128140743983E-004   1224120716.1024697             1916
   718.77734716839598        2.6827670678895198E-004   1224131849.9095066             1917
   719.15239404925615        2.6776430561500653E-004   1224142965.0453107             1918
   719.52744093011620        2.6725356541995235E-004   1224154061.5877333             1919
   719.90248781097637        2.6674497814178997E-004   1224165139.5934594             1920
   720.27753469183642        2.6623803143781396E-004   1224176199.1396329             1921
   720.65258157269659        2.6573321736837648E-004   1224187240.2822263             1922
   721.02762845355664        2.6523002371227025E-004   1224198263.0976846             1923
   721.40267533441681        2.6472894265075876E-004   1224209267.6412759             1924
   721.77772221527687        2.6422946208270082E-004   1224220253.9887540             1925
   722.15276909613704        2.6373207430884719E-004   1224231222.1946900             1926
   722.52781597699720        2.6323626734670567E-004   1224242172.3341553             1927
   722.90286285785726        2.6274253361510615E-004   1224253104.4610326             1928
   723.27790973871743        2.6225036124880372E-004   1224264018.6497185             1929
   723.65295661957737        2.6176024278331319E-004   1224274914.9534144             1930
   724.02800350043765        2.6127166646925157E-004   1224285793.4458497             1931
   724.40305038129759        2.6078512495743977E-004   1224296654.1795530             1932
   724.77809726215787        2.6030010661298633E-004   1224307497.2275944             1933
   725.15314414301781        2.5981710420065431E-004   1224318322.6418374             1934
   725.52819102387798        2.5933560619868719E-004   1224329130.4947002             1935
   725.90323790473803        2.5885610548444227E-004   1224339920.8373883             1936
   726.27828478559820        2.5837809064795678E-004   1224350693.7416759             1937
   726.65333166645826        2.5790205467784771E-004   1224361449.2581184             1938
   727.02837854731843        2.5742748627461987E-004   1224372187.4578536             1939
   727.40342542817848        2.5695487853683068E-004   1224382908.3907938             1940
   727.77847230903865        2.5648372027413992E-004   1224393612.1274476             1941
   728.15351918989882        2.5601450469374078E-004   1224404298.7170923             1942
   728.52856607075887        2.5554672071315105E-004   1224414968.2296140             1943
   728.90361295161904        2.5508086164690826E-004   1224425620.7136624             1944
   729.27865983247909        2.5461641651910414E-004   1224436256.2385085             1945
   729.65370671333926        2.5415387875034502E-004   1224446874.8521812             1946
   730.02875359419920        2.5369273747002734E-004   1224457476.6233442             1947
   730.40380047505948        2.5323348620356369E-004   1224468061.5994127             1948
   730.77884735591942        2.5277561418439969E-004   1224478629.8484495             1949
   731.15389423677959        2.5231961504150539E-004   1224489181.4172630             1950
   731.52894111763965        2.5186497811113421E-004   1224499716.3733234             1951
   731.90398799849982        2.5141219712457969E-004   1224510234.7628388             1952
   732.27903487935987        2.5096076151967419E-004   1224520736.6526926             1953
   732.65408176022004        2.5051116512881386E-004   1224531222.0885005             1954
   733.02912864108009        2.5006289749019653E-004   1224541691.1365659             1955
   733.40417552194026        2.4961645253611262E-004   1224552143.8419189             1956
   733.77922240280031        2.4917131990392411E-004   1224562580.2702894             1957
   734.15426928366048        2.4872799362462287E-004   1224573000.4661286             1958
   734.52931616452065        2.4828596343354713E-004   1224583404.4946003             1959
   734.90436304538071        2.4784572345920884E-004   1224593792.3995824             1960
   735.27940992624087        2.4740676353374825E-004   1224604164.2456796             1961
   735.65445680710081        2.4696957788202949E-004   1224614520.0762038             1962
   736.02950368796110        2.4653365643183392E-004   1224624859.9552064             1963
   736.40455056882104        2.4609949350322277E-004   1224635183.9254398             1964
   736.77959744968121        2.4566657911847026E-004   1224645492.0504088             1965
   737.15464433054126        2.4523540769169280E-004   1224655784.3723130             1966
   737.52969121140143        2.4480546933852227E-004   1224666060.9541166             1967
   737.90473809226148        2.4437725856600091E-004   1224676321.8374727             1968
   738.27978497312165        2.4395026558199522E-004   1224686567.0848117             1969
   738.65483185398170        2.4352498498535696E-004   1224696796.7372460             1970
   739.02987873484187        2.4310090707507681E-004   1224707010.8566785             1971
   739.40492561570193        2.4267852654071234E-004   1224717209.4836876             1972
   739.77997249656210        2.4225733377128010E-004   1224727392.6796546             1973
   740.15501937742226        2.4183782354595190E-004   1224737560.4846299             1974
   740.53006625828232        2.4141948634268567E-004   1224747712.9594791             1975
   740.90511313914249        2.4100281702918666E-004   1224757850.1437316             1976
   741.28016002000243        2.4058730617128107E-004   1224767972.0977430             1977
   741.65520690086271        2.4017344872414090E-004   1224778078.8605268             1978
   742.03025378172265        2.3976073534039884E-004   1224788170.4919357             1979
   742.40530066258282        2.3934966106163913E-004   1224798247.0304730             1980
   742.78034754344287        2.3893971662625161E-004   1224808308.5354939             1981
   743.15539442430304        2.3853139716118875E-004   1224818355.0449975             1982
   743.53044130516309        2.3812419348956041E-004   1224828386.6178479             1983
   743.90548818602326        2.3771860082265621E-004   1224838403.2915456             1984
   744.28053506688332        2.3731411006727956E-004   1224848405.1244690             1985
   744.65558194774349        2.3691121651803746E-004   1224858392.1536267             1986
   745.03062882860354        2.3650941116441337E-004   1224868364.4369161             1987
   745.40567570946371        2.3610918938332247E-004   1224878322.0108590             1988
   745.78072259032388        2.3571004224592608E-004   1224888264.9328792             1989
   746.15576947118393        2.3531246521045189E-004   1224898193.2390170             1990
   746.53081635204410        2.3491594942874627E-004   1224908106.9862268             1991
   746.90586323290404        2.3452099043936401E-004   1224918006.2100742             1992
   747.28091011376432        2.3412707947385704E-004   1224927890.9670496             1993
   747.65595699462426        2.3373471215013244E-004   1224937761.2922485             1994
   748.03100387548443        2.3334337977847923E-004   1224947617.2417037             1995
   748.40605075634448        2.3295357805519371E-004   1224957458.8500462             1996
   748.78109763720465        2.3256479836834433E-004   1224967286.1728556             1997
   749.15614451806471        2.3217753649166359E-004   1224977099.2443039             1998
   749.53119139892488        2.3179128389005273E-004   1224986898.1195242             1999
   749.90623827978493        2.3140653641373946E-004   1224996682.8322337             2000
   750.28128516064510        2.3102278560352174E-004   1225006453.4371235             2001
   750.65633204150515        2.3064052738519162E-004   1225016209.9674630             2002
   751.03137892236532        2.3025925337451833E-004   1225025952.4775057             2003
   751.40642580322537        2.2987945957193883E-004   1225035681.0000777             2004
   751.78147268408554        2.2950063766727905E-004   1225045395.5890014             2005
   752.15651956494571        2.2912328373471074E-004   1225055096.2766638             2006
   752.53156644580577        2.2874688953721247E-004   1225064783.1164610             2007
   752.90661332666593        2.2837195122179217E-004   1225074456.1403470             2008
   753.28166020752587        2.2799796062368687E-004   1225084115.4012964             2009
   753.65670708838616        2.2762541396185239E-004   1225093760.9308345             2010
   754.03175396924610        2.2725380314290072E-004   1225103392.7815199             2011
   754.40680085010626        2.2688362445685676E-004   1225113010.9844544             2012
   754.78184773096632        2.2651436988083457E-004   1225122615.5917847             2013
   755.15689461182649        2.2614653577505961E-004   1225132206.6341949             2014
   755.53194149268654        2.2577961418628463E-004   1225141784.1634240             2015
   755.90698837354671        2.2541410154407752E-004   1225151348.2097428             2016
   756.28203525440676        2.2504948996397676E-004   1225160898.8244891             2017
   756.65708213526693        2.2468627594404407E-004   1225170436.0375242             2018
   757.03212901612699        2.2432395166776007E-004   1225179959.8997886             2019
   757.40717589698716        2.2396301370084188E-004   1225189470.4407401             2020
   757.78222277784732        2.2360295429387837E-004   1225198967.7109263             2021
   758.15726965870738        2.2324427007941420E-004   1225208451.7394059             2022
   758.53231653956755        2.2288645337432226E-004   1225217922.5763381             2023
   758.90736342042749        2.2253000087715460E-004   1225227380.2503872             2024
   759.28241030128777        2.2217440497025457E-004   1225236824.8113296             2025
   759.65745718214771        2.2182016241737186E-004   1225246256.2874384             2026
   760.03250406300788        2.2146676566551531E-004   1225255674.7281117             2027
   760.40755094386793        2.2111471154283204E-004   1225265080.1612375             2028
   760.78259782472810        2.2076349256020027E-004   1225274472.6358385             2029
   761.15764470558815        2.2041360560937453E-004   1225283852.1794221             2030
   761.53269158644832        2.2006454326431595E-004   1225293218.8406415             2031
   761.90773846730838        2.1971680247960434E-004   1225302572.6466267             2032
   762.28278534816855        2.1936987589150713E-004   1225311913.6456654             2033
   762.65783222902860        2.1902426051665662E-004   1225321241.8645155             2034
   763.03287910988877        2.1867944905285881E-004   1225330557.3511033             2035
   763.40792599074882        2.1833593857803469E-004   1225339860.1318185             2036
   763.78297287160899        2.1799322185076978E-004   1225349150.2542310             2037
   764.15801975246916        2.1765179600951928E-004   1225358427.7443662             2038
   764.53306663332910        2.1731115387289821E-004   1225367692.6494410             2039
   764.90811351418938        2.1697179263915030E-004   1225376944.9951217             2040
   765.28316039504932        2.1663320518617820E-004   1225386184.8282766             2041
   765.65820727590949        2.1629588877127798E-004   1225395412.1742160             2042
   766.03325415676954        2.1595933633090719E-004   1225404627.0794644             2043
   766.40830103762971        2.1562404518068545E-004   1225413829.5689805             2044
   766.78334791848977        2.1528950831490166E-004   1225423019.6889484             2045
   767.15839479934994        2.1495622310677912E-004   1225432197.4639795             2046
   767.53344168020999        2.1462368260772232E-004   1225441362.9399216             2047
   767.90848856107016        2.1429238424784791E-004   1225450516.1410429             2048
   768.28353544193021        2.1396182113496838E-004   1225459657.1128588             2049
   768.65858232279038        2.1363249075539019E-004   1225468785.8792980             2050
   769.03362920365043        2.1330388627263601E-004   1225477902.4855475             2051
   769.40867608451060        2.1297650522850804E-004   1225487006.9552009             2052
   769.78372296537077        2.1264984084154792E-004   1225496099.3331203             2053
   770.15876984623071        2.1232439070836733E-004   1225505179.6425679             2054
   770.53381672709099        2.1199964810184464E-004   1225514247.9280851             2055
   770.90886360795093        2.1167611067272299E-004   1225523304.2126064             2056
   771.28391048881110        2.1135327174754369E-004   1225532348.5403564             2057
   771.65895736967116        2.1103162903051006E-004   1225541380.9339459             2058
   772.03400425053132        2.1071067590116102E-004   1225550401.4372857             2059
   772.40905113139138        2.1039091011649814E-004   1225559410.0726664             2060
   772.78409801225155        2.1007182510839948E-004   1225568406.8836901             2061
   773.15914489311160        2.0975391868601026E-004   1225577391.8923306             2062
   773.53419177397177        2.0943668433289733E-004   1225586365.1418839             2063
   773.90923865483182        2.0912061990970357E-004   1225595326.6540108             2064
   774.28428553569199        2.0880521895104114E-004   1225604276.4717057             2065
   774.65933241655193        2.0849097936841181E-004   1225613214.6163204             2066
   775.03437929741222        2.0817739474683923E-004   1225622141.1305499             2067
   775.40942617827238        2.0786496304805169E-004   1225631056.0354404             2068
   775.78447305913232        2.0755317790685721E-004   1225639959.3733923             2069
   776.15951993999261        2.0724253733458737E-004   1225648851.1651495             2070
   776.53456682085255        2.0693253501521375E-004   1225657731.4528205             2071
   776.90961370171283        2.0662366900905572E-004   1225666600.2568512             2072
   777.28466058257277        2.0631543304863563E-004   1225675457.6190612             2073
   777.65970746343294        2.0600832524265180E-004   1225684303.5596013             2074
   778.03475434429299        2.0570183937157271E-004   1225693138.1200068             2075
   778.40980122515316        2.0539647359187364E-004   1225701961.3201363             2076
   778.78484810601321        2.0509172173137138E-004   1225710773.2012439             2077
   779.15989498687338        2.0478808199372392E-004   1225719573.7828999             2078
   779.53494186773344        2.0448504825350502E-004   1225728363.1060798             2079
   779.90998874859361        2.0418311876096938E-004   1225737141.1900690             2080
   780.28503562945366        2.0388178743686376E-004   1225745908.0755684             2081
   780.66008251031383        2.0358155257745866E-004   1225754663.7815816             2082
   781.03512939117388        2.0328190814909749E-004   1225763408.3485377             2083
   781.41017627203405        2.0298335249349403E-004   1225772141.7951615             2084
   781.78522315289422        2.0268537962201872E-004   1225780864.1616142             2085
   782.16027003375416        2.0238848792126203E-004   1225789575.4663451             2086
   782.53531691461444        2.0209217144705893E-004   1225798275.7492502             2087
   782.91036379547438        2.0179692863031670E-004   1225806965.0285060             2088
   783.28541067633455        2.0150225357077882E-004   1225815643.3437469             2089
   783.66045755719460        2.0120864474311746E-004   1225824310.7128808             2090
   784.03550443805477        2.0091559629043524E-004   1225832967.1752825             2091
   784.41055131891494        2.0062360673062262E-004   1225841612.7485938             2092
   784.78559819977500        2.0033217024959955E-004   1225850247.4719336             2093
   785.16064508063505        2.0004178540793555E-004   1225858871.3626809             2094
   785.53569196149522        1.9975194643383055E-004   1225867484.4597018             2095
   785.91073884235539        1.9946315193000133E-004   1225876086.7801154             2096
   786.28578572321544        1.9917489616639900E-004   1225884678.3625376             2097
   786.66083260407538        1.9888767778736014E-004   1225893259.2238305             2098
   787.03587948493566        1.9860099110406400E-004   1225901829.4023633             2099
   787.41092636579583        1.9831533480194744E-004   1225910388.9147437             2100
   787.78597324665577        1.9803020323290124E-004   1225918937.7990971             2101
   788.16102012751583        1.9774609512294866E-004   1225927476.0717800             2102
   788.53606700837599        1.9746250486418109E-004   1225936003.7706764             2103
   788.91111388923616        1.9717993122270143E-004   1225944520.9118948             2104
   789.28616077009622        1.9689786863029779E-004   1225953027.5330808             2105
   789.66120765095627        1.9661681589265125E-004   1225961523.6500976             2106
   790.03625453181655        1.9633626748074773E-004   1225970009.3003547             2107
   790.41130141267661        1.9605672223935232E-004   1225978484.4994731             2108
   790.78634829353666        1.9577767467815753E-004   1225986949.2846296             2109
   791.16139517439683        1.9549962368052188E-004   1225995403.6712048             2110
   791.53644205525700        1.9522206379435892E-004   1226003847.6961462             2111
   791.91148893611705        1.9494549394113886E-004   1226012281.3745968             2112
   792.28653581697699        1.9466940870651518E-004   1226020704.7432768             2113
   792.66158269783728        1.9439430704959178E-004   1226029117.8170948             2114
   793.03662957869744        1.9411968359328878E-004   1226037520.6325464             2115
   793.41167645955738        1.9384603733387345E-004   1226045913.2043085             2116
   793.78672334041744        1.9357286293106350E-004   1226054295.5686543             2117
   794.16177022127761        1.9330065941782347E-004   1226062667.7400317             2118
   794.53681710213777        1.9302892149020655E-004   1226071029.7544949             2119
   794.91186398299783        1.9275814821741543E-004   1226079381.6262650             2120
   795.28691086385788        1.9248783433138114E-004   1226087723.3911793             2121
   795.66195774471817        1.9221847893708977E-004   1226096055.0632348             2122
   796.03700462557822        1.9194957680190037E-004   1226104376.6780548             2123
   796.41205150643827        1.9168162706613374E-004   1226112688.2494147             2124
   796.78709838729844        1.9141412453212999E-004   1226120989.8127260             2125
   797.16214526815861        1.9114756837510213E-004   1226129281.3815453             2126
   797.53719214901867        1.9088145343193201E-004   1226137562.9910746             2127
   797.91223902987861        1.9061627891228675E-004   1226145834.6546545             2128
   798.28728591073889        1.9035153968715438E-004   1226154096.4072800             2129
   798.66233279159906        1.9008773500022469E-004   1226162348.2620771             2130
   799.03737967245900        1.8982435975616301E-004   1226170590.2538369             2131
   799.41242655331905        1.8956191323225442E-004   1226178822.3954742             2132
   799.78747343417922        1.8929989036641688E-004   1226187044.7215774             2133
   800.16252031503950        1.8903879046911008E-004   1226195257.2448523             2134
   800.53756719589944        1.8877810851108582E-004   1226203459.9996879             2135
   800.91261407675950        1.8851834383556168E-004   1226211652.9985828             2136
   801.28766095761966        1.8825899144570940E-004   1226219836.2757289             2137
   801.66270783847983        1.8800055071709342E-004   1226228009.8434205             2138
   802.03775471933989        1.8774251668489758E-004   1226236173.7356541             2139
   802.41280160020005        1.8748538875662670E-004   1226244327.9645219             2140
   802.78784848106022        1.8722866199907259E-004   1226252472.5638275             2141
   803.16289536192028        1.8697283585128048E-004   1226260607.5454638             2142
   803.53794224278022        1.8671740541125162E-004   1226268732.9430432             2143
   803.91298912364050        1.8646287014917459E-004   1226276848.7682614             2144
   804.28803600450067        1.8620872519386716E-004   1226284955.0545423             2145
   804.66308288536072        1.8595547004627094E-004   1226293051.8133860             2146
   805.03812976622066        1.8570259986563066E-004   1226301139.0780308             2147
   805.41317664708083        1.8545061418325447E-004   1226309216.8597832             2148
   805.78822352794111        1.8519900818843099E-004   1226317285.1916978             2149
   806.16327040880105        1.8494828144245381E-004   1226325344.0848897             2150
   806.53831728966111        1.8469792916427576E-004   1226333393.5722318             2151
   806.91336417052128        1.8444845094479901E-004   1226341433.6646504             2152
   807.28841105138144        1.8419934203226711E-004   1226349464.3948388             2153
   807.66345793224150        1.8395110204681893E-004   1226357485.7735364             2154
   808.03850481310167        1.8370322626561837E-004   1226365497.8332586             2155
   808.41355169396184        1.8345621433767378E-004   1226373500.5845606             2156
   808.78859857482189        1.8320956156870529E-004   1226381494.0597823             2157
   809.16364545568194        1.8296376763622774E-004   1226389478.2692955             2158
   809.53869233654211        1.8271832787415622E-004   1226397453.2452669             2159
   809.91373921740228        1.8247374198815451E-004   1226405418.9978883             2160
   810.28878609826234        1.8222950533997753E-004   1226413375.5591543             2161
   810.66383297912228        1.8198611766308346E-004   1226421322.9390779             2162
   811.03887985998244        1.8174307434671536E-004   1226429261.1694849             2163
   811.41392674084273        1.8150087515177718E-004   1226437190.2602112             2164
   811.78897362170267        1.8125901549465319E-004   1226445110.2429149             2165
   812.16402050256272        1.8101799516334803E-004   1226453021.1272581             2166
   812.53906738342289        1.8077730960104423E-004   1226460922.9447324             2167
   812.91411426428306        1.8053745862250692E-004   1226468815.7048273             2168
   813.28916114514311        1.8029793769737886E-004   1226476699.4388711             2169
   813.66420802600328        1.8005924666684910E-004   1226484574.1561823             2170
   814.03925490686345        1.7982088102668644E-004   1226492439.8879275             2171
   814.41430178772350        1.7958334064417216E-004   1226500296.6432562             2172
   814.78934866858356        1.7934612104087113E-004   1226508144.4531748             2173
   815.16439554944373        1.7910972210982874E-004   1226515983.3266659             2174
   815.53944243030389        1.7887363939808027E-004   1226523813.2945781             2175
   815.91448931116395        1.7863837282411206E-004   1226531634.3657286             2176
   816.28953619202389        1.7840341796010814E-004   1226539446.5708098             2177
   816.66458307288406        1.7816927474967551E-004   1226547249.9184756             2178
   817.03962995374434        1.7793543878982964E-004   1226555044.4392636             2179
   817.41467683460428        1.7770241004898317E-004   1226562830.1416664             2180
   817.78972371546433        1.7746968414866909E-004   1226570607.0560691             2181
   818.16477059632450        1.7723776108179379E-004   1226578375.1908038             2182
   818.53981747718467        1.7700613649409855E-004   1226586134.5761049             2183
   818.91486435804472        1.7677531040267641E-004   1226593885.2201469             2184
   819.28991123890478        1.7654477847717077E-004   1226601627.1530149             2185
   819.66495811976506        1.7631504075855709E-004   1226609360.3827269             2186
   820.04000500062511        1.7608559294007969E-004   1226617084.9392204             2187
   820.41505188148517        1.7585693508629705E-004   1226624800.8303587             2188
   820.79009876234534        1.7562856291375542E-004   1226632508.0859339             2189
   821.16514564320551        1.7540097651030034E-004   1226640206.7136564             2190
   821.54019252406556        1.7517367161548690E-004   1226647896.7431738             2191
   821.91523940492550        1.7494714834015475E-004   1226655578.1820455             2192
   822.29028628578567        1.7472090244657678E-004   1226663251.0597763             2193
   822.66533316664595        1.7449543406829844E-004   1226670915.3837762             2194
   823.04038004750589        1.7427023899002444E-004   1226678571.1834097             2195
   823.41542692836595        1.7404581736772055E-004   1226686218.4659381             2196
   823.79047380922611        1.7382166500823958E-004   1226693857.2605867             2197
   824.16552069008628        1.7359828208968724E-004   1226701487.5744708             2198
   824.54056757094634        1.7337516444078521E-004   1226709109.4366777             2199
   824.91561445180639        1.7315281226150056E-004   1226716722.8541782             2200
   825.29066133266667        1.7293072140214745E-004   1226724327.8559234             2201
   825.66570821352673        1.7270939208428139E-004   1226731924.4487407             2202
   826.04075509438678        1.7248832017953666E-004   1226739512.6614468             2203
   826.41580197524695        1.7226800593078521E-004   1226747092.5007277             2204
   826.79084885610712        1.7204794523071292E-004   1226754663.9952669             2205
   827.16589573696717        1.7182863834324180E-004   1226762227.1516104             2206
   827.54094261782711        1.7160958118184330E-004   1226769781.9983099             2207
   827.91598949868740        1.7139127403122521E-004   1226777328.5417726             2208
   828.29103637954756        1.7117321282538275E-004   1226784866.8104208             2209
   828.66608326040750        1.7095589786954955E-004   1226792396.8105245             2210
   829.04113014126756        1.7073882511798533E-004   1226799918.5703771             2211
   829.41617702212773        1.7052249489619203E-004   1226807432.0961132             2212
   829.79122390298789        1.7030640317843907E-004   1226814937.4158990             2213
   830.16627078384795        1.7009105031024320E-004   1226822434.5357349             2214
   830.54131766470800        1.6987593228563088E-004   1226829923.4836614             2215
   830.91636454556829        1.6966154946988240E-004   1226837404.2655466             2216
   831.29141142642834        1.6944739787653308E-004   1226844876.9093063             2217
   831.66645830728839        1.6923397789038002E-004   1226852341.4206769             2218
   832.04150518814856        1.6902078554422042E-004   1226859797.8274524             2219
   832.41655206900873        1.6880832124212405E-004   1226867246.1352389             2220
   832.79159894986878        1.6859608103590834E-004   1226874686.3717084             2221
   833.16664583072873        1.6838456534867423E-004   1226882118.5423388             2222
   833.54169271158901        1.6817327025101932E-004   1226889542.6746821             2223
   833.91673959244918        1.6796269618483820E-004   1226896958.7740893             2224
   834.29178647330912        1.6775233923927284E-004   1226904366.8679934             2225
   834.66683335416917        1.6754269987477577E-004   1226911766.9616191             2226
   835.04188023502934        1.6733327419879982E-004   1226919159.0822823             2227
   835.41692711588951        1.6712456269012401E-004   1226926543.2350838             2228
   835.79197399674956        1.6691606147428194E-004   1226933919.4472229             2229
   836.16702087760962        1.6670827104814978E-004   1226941287.7236772             2230
   836.54206775846978        1.6650068755511422E-004   1226948648.0915313             2231
   836.91711463932995        1.6629381150992315E-004   1226956000.5556409             2232
   837.29216152019001        1.6608713907359182E-004   1226963345.1429772             2233
   837.66720840105017        1.6588117077851676E-004   1226970681.8582752             2234
   838.04225528191034        1.6567540280311983E-004   1226978010.7283936             2235
   838.41730216277040        1.6547033569722636E-004   1226985331.7579486             2236
   838.79234904363034        1.6526546565644645E-004   1226992644.9736879             2237
   839.16739592449062        1.6506129324781610E-004   1226999950.3801091             2238
   839.54244280535079        1.6485731468391795E-004   1227007248.0038505             2239
   839.91748968621073        1.6465403054878499E-004   1227014537.8492932             2240
   840.29253656707078        1.6445093707175863E-004   1227021819.9429665             2241
   840.66758344793095        1.6424853485365681E-004   1227029094.2891362             2242
   841.04263032879112        1.6404632014036950E-004   1227036360.9142237             2243
   841.41767720965117        1.6384479354929112E-004   1227043619.8223808             2244
   841.79272409051123        1.6364345134265232E-004   1227050871.0399230             2245
   842.16777097137140        1.6344279415421718E-004   1227058114.5708885             2246
   842.54281785223156        1.6324231826235234E-004   1227065350.4414878             2247
   842.91786473309162        1.6304252431698866E-004   1227072578.6556475             2248
   843.29291161395179        1.6284290861242573E-004   1227079799.2394741             2249
   843.66795849481196        1.6264397181455986E-004   1227087012.1967833             2250
   844.04300537567201        1.6244521023342474E-004   1227094217.5535791             2251
   844.41805225653195        1.6224712455068345E-004   1227101415.3135672             2252
   844.79309913739223        1.6204921109190637E-004   1227108605.5026503             2253
   845.16814601825240        1.6185197055432744E-004   1227115788.1244249             2254
   845.54319289911234        1.6165489927885983E-004   1227122963.2046940             2255
   845.91823977997240        1.6145849797811492E-004   1227130130.7469471             2256
   846.29328666083256        1.6126226300815634E-004   1227137290.7768865             2257
   846.66833354169273        1.6106669509678207E-004   1227144443.2978961             2258
   847.04338042255279        1.6087129061501731E-004   1227151588.3355803             2259
   847.41842730341284        1.6067655030565798E-004   1227158725.8932176             2260
   847.79347418427301        1.6048197055450311E-004   1227165855.9963145             2261
   848.16852106513318        1.6028805211916157E-004   1227172978.6480463             2262
   848.54356794599323        1.6009429140002160E-004   1227180093.8738229             2263
   848.91861482685340        1.5990118916932135E-004   1227187201.6767163             2264
   849.29366170771357        1.5970824184185567E-004   1227194302.0820422             2265
   849.66870858857362        1.5951595020431177E-004   1227201395.0927699             2266
   850.04375546943356        1.5932381068571109E-004   1227208480.7341208             2267
   850.41880235029384        1.5913232408701019E-004   1227215559.0089636             2268
   850.79384923115401        1.5894098685128018E-004   1227222629.9424269             2269
   851.16889611201395        1.5875029979357119E-004   1227229693.5372794             2270
   851.54394299287401        1.5855975937082863E-004   1227236749.8185573             2271
   851.91898987373418        1.5836986641202147E-004   1227243798.7889304             2272
   852.29403675459446        1.5818011738779684E-004   1227250840.4733443             2273
   852.66908363545440        1.5799101314087108E-004   1227257874.8743706             2274
   853.04413051631445        1.5780205015542204E-004   1227264902.0168645             2275
   853.41917739717462        1.5761372928774372E-004   1227271921.9033015             2276
   853.79422427803479        1.5742554703537635E-004   1227278934.5584474             2277
   854.16927115889484        1.5723800426802487E-004   1227285939.9846811             2278
   854.54431803975478        1.5705059749642500E-004   1227292938.2066813             2279
   854.91936492061518        1.5686382760352711E-004   1227299929.2267313             2280
   855.29441180147523        1.5667719111309917E-004   1227306913.0694225             2281
   855.66945868233529        1.5649118892117385E-004   1227313889.7369449             2282
   856.04450556319546        1.5630531756438871E-004   1227320859.2538030             2283
   856.41955244405563        1.5612007795169839E-004   1227327821.6220937             2284
   856.79459932491568        1.5593496663245058E-004   1227334776.8662364             2285
   857.16964620577562        1.5575048452836263E-004   1227341724.9882362             2286
   857.54469308663579        1.5556612820133444E-004   1227348666.0124276             2287
   857.91973996749607        1.5538239858568973E-004   1227355599.9407244             2288
   858.29478684835601        1.5519879225572514E-004   1227362526.7973778             2289
   858.66983372921607        1.5501581015821563E-004   1227369446.5842113             2290
   859.04488061007623        1.5483294887970114E-004   1227376359.3253937             2291
   859.41992749093640        1.5465070937925525E-004   1227383265.0226586             2292
   859.79497437179646        1.5446858825550973E-004   1227390163.7000933             2293
   860.17002125265651        1.5428708647968631E-004   1227397055.3593428             2294
   860.54506813351679        1.5410570066235835E-004   1227403940.0244138             2295
   860.92011501437685        1.5392493178674715E-004   1227410817.6968634             2296
   861.29516189523690        1.5374427647522052E-004   1227417688.4006178             2297
   861.67020877609707        1.5356423572285223E-004   1227424552.1371481             2298
   862.04525565695724        1.5338430616365897E-004   1227431408.9303014             2299
   862.42030253781729        1.5320498880442245E-004   1227438258.7814622             2300
   862.79534941867723        1.5302578029066386E-004   1227445101.7143993             2301
   863.17039629953740        1.5284718164072995E-004   1227451937.7304122             2302
   863.54544318039768        1.5266868951150484E-004   1227458766.8531926             2303
   863.92049006125762        1.5249080493275920E-004   1227465589.0839555             2304
   864.29553694211768        1.5231302457260009E-004   1227472404.4463158             2305
   864.67058382297785        1.5213584947208284E-004   1227479212.9414053             2306
   865.04563070383801        1.5195877631039888E-004   1227486014.5927622             2307
   865.42067758469807        1.5178230613975151E-004   1227492809.4014363             2308
   865.79572446555812        1.5160593565027996E-004   1227499597.3908911             2309
   866.17077134641829        1.5143016590519928E-004   1227506378.5620942             2310
   866.54581822727846        1.5125449360546219E-004   1227513152.9384344             2311
   866.92086510813851        1.5107941982516235E-004   1227519920.5207982             2312
   867.29591198899868        1.5090444127593286E-004   1227526681.3325014             2313
   867.67095886985885        1.5073005904261332E-004   1227533435.3743503             2314
   868.04600575071890        1.5055576984738660E-004   1227540182.6695879             2315
   868.42105263157885        1.5038207478570813E-004   1227546923.2189405             2316
   868.79609951243901        1.5020847059018071E-004   1227553657.0455790             2317
   869.17114639329930        1.5003545836674739E-004   1227560384.1501515             2318
   869.54619327415924        1.4986253485830327E-004   1227567104.5557578             2319
   869.92124015501929        1.4969020118115194E-004   1227573818.2629676             2320
   870.29628703587946        1.4951795408835449E-004   1227580525.2948098             2321
   870.67133391673963        1.4934629470645012E-004   1227587225.6517775             2322
   871.04638079759968        1.4917471979854178E-004   1227593919.3568296             2323
   871.42142767845974        1.4900373050128079E-004   1227600606.4103830             2324
   871.79647455931990        1.4883282358768872E-004   1227607286.8353269             2325
   872.17152144018007        1.4866250020440712E-004   1227613960.6320028             2326
   872.54656832104013        1.4849225713425577E-004   1227620627.8232315             2327
   872.92161520190029        1.4832259553374555E-004   1227627288.4092791             2328
   873.29666208276046        1.4815301219537472E-004   1227633942.4128995             2329
   873.67170896362052        1.4798400828540547E-004   1227640589.8342838             2330
   874.04675584448046        1.4781508060589634E-004   1227647230.6961188             2331
   874.42180272534063        1.4764673033274293E-004   1227653864.9985223             2332
   874.79684960620091        1.4747845427744825E-004   1227660492.7641151             2333
   875.17189648706085        1.4731075362542625E-004   1227667113.9929416             2334
   875.54694336792090        1.4714312519750885E-004   1227673728.7075570             2335
   875.92199024878107        1.4697607018851388E-004   1227680336.9079332             2336
   876.29703712964124        1.4680908542848958E-004   1227686938.6165609             2337
   876.67208401050129        1.4664267212154497E-004   1227693533.8333404             2338
   877.04713089136135        1.4647632710683238E-004   1227700122.5806975             2339
   877.42217777222152        1.4631055159764104E-004   1227706704.8584626             2340
   877.79722465308168        1.4614484244211695E-004   1227713280.6889970             2341
   878.17227153394174        1.4597970086262021E-004   1227719850.0720608             2342
   878.54731841480191        1.4581462371618137E-004   1227726413.0299528             2343
   878.92236529566208        1.4565011223412303E-004   1227732969.5623629             2344
   879.29741217652213        1.4548566328225276E-004   1227739519.6915281             2345
   879.67245905738207        1.4532177810074916E-004   1227746063.4170692             2346
   880.04750593824235        1.4515795356409049E-004   1227752600.7611613             2347
   880.42255281910252        1.4499469092120592E-004   1227759131.7233570             2348
   880.79759969996246        1.4483148705514030E-004   1227765656.3257697             2349
   881.17264658082252        1.4466884322346897E-004   1227772174.5678849             2350
   881.54769346168268        1.4450625631769979E-004   1227778686.4717553             2351
   881.92274034254285        1.4434422760395166E-004   1227785192.0367994             2352
   882.29778722340291        1.4418225398209422E-004   1227791691.2850101             2353
   882.67283410426296        1.4402083672668850E-004   1227798184.2157390             2354
   883.04788098512313        1.4385947274586462E-004   1227804670.8509200             2355
   883.42292786598330        1.4369866332252594E-004   1227811151.1898384             2356
   883.79797474684335        1.4353790537296448E-004   1227817625.2543695             2357
   884.17302162770329        1.4337770018832703E-004   1227824093.0437341             2358
   884.54806850856369        1.4321754469296904E-004   1227830554.5797486             2359
   884.92311538942374        1.4305794018618418E-004   1227837009.8615689             2360
   885.29816227028368        1.4289838360029473E-004   1227843458.9109542             2361
   885.67320915114396        1.4273937624264421E-004   1227849901.7269967             2362
   886.04825603200413        1.4258041505342680E-004   1227856338.3313980             2363
   886.42330291286407        1.4242200134794152E-004   1227862768.7231867             2364
   886.79834979372413        1.4226363207416000E-004   1227869192.9240081             2365
   887.17339667458430        1.4210580855524322E-004   1227875610.9328279             2366
   887.54844355544446        1.4194802774684739E-004   1227882022.7712359             2367
   887.92349043630452        1.4179079097990333E-004   1227888428.4381347             2368
   888.29853731716457        1.4163359521766002E-004   1227894827.9550586             2369
   888.67358419802474        1.4147694179872700E-004   1227901221.3208492             2370
   889.04863107888491        1.4132032769385543E-004   1227907608.5569859             2371
   889.42367795974496        1.4116425424924437E-004   1227913989.6622484             2372
   889.79872484060490        1.4100821844305743E-004   1227920364.6580617             2373
   890.17377172146530        1.4085272162899404E-004   1227926733.5431457             2374
   890.54881860232535        1.4069726079254298E-004   1227933096.3388710             2375
   890.92386548318530        1.4054233729481646E-004   1227939453.0438972             2376
   891.29891236404558        1.4038744812854099E-004   1227945803.6795421             2377
   891.67395924490575        1.4023309466215544E-004   1227952148.2444050             2378
   892.04900612576569        1.4007877389553871E-004   1227958486.7597513             2379
   892.42405300662574        1.3992498720437070E-004   1227964819.2241213             2380
   892.79909988748591        1.3977123159559772E-004   1227971145.6587281             2381
   893.17414676834608        1.3961800845205667E-004   1227977466.0620534             2382
   893.54919364920613        1.3946481478767858E-004   1227983780.4552581             2383
   893.92424053006619        1.3931215199237395E-004   1227990088.8367662             2384
   894.29928741092635        1.3915951708697551E-004   1227996391.2276878             2385
   894.67433429178652        1.3900741146838627E-004   1228002687.6263885             2386
   895.04938117264658        1.3885533216425895E-004   1228008978.0539279             2387
   895.42442805350652        1.3870378057840839E-004   1228015262.5086145             2388
   895.79947493436691        1.3855225374522664E-004   1228021541.0114577             2389
   896.17452181522697        1.3840125307536101E-004   1228027813.5607097             2390
   896.54956869608691        1.3825027560986417E-004   1228034080.1773293             2391
   896.92461557694719        1.3809982276613613E-004   1228040340.8595128             2392
   897.29966245780736        1.3794939159181220E-004   1228046595.6281703             2393
   897.67470933866730        1.3779948351096808E-004   1228052844.4814422             2394
   898.04975621952735        1.3764959557774440E-004   1228059087.4401896             2395
   898.42480310038752        1.3750022922281562E-004   1228065324.5024974             2396
   898.79984998124769        1.3735088150675171E-004   1228071555.6891787             2397
   899.17489686210774        1.3720205386675042E-004   1228077780.9982638             2398
   899.54994374296780        1.3705324336973581E-004   1228084000.4505174             2399
   899.92499062382797        1.3690495145935401E-004   1228090214.0439160             2400
   900.30003750468813        1.3675667520880933E-004   1228096421.7991765             2401
   900.67508438554819        1.3660891606812297E-004   1228102623.7142220             2402
   901.05013126640813        1.3646117111670584E-004   1228108819.8097222             2403
   901.42517814726841        1.3631394181088128E-004   1228115010.0835462             2404
   901.80022502812858        1.3616672523619525E-004   1228121194.5563180             2405
   902.17527190898852        1.3602002285520163E-004   1228127373.2258539             2406
   902.55031878984880        1.3587333175950965E-004   1228133546.1127307             2407
   902.92536567070897        1.3572715341783281E-004   1228139713.2147131             2408
   903.30041255156891        1.3558098492777400E-004   1228145874.5523319             2409
   903.67545943242897        1.3543532776413649E-004   1228152030.1232998             2410
   904.05050631328913        1.3528967903044643E-004   1228158179.9481027             2411
   904.42555319414942        1.3514454020752863E-004   1228164324.0244009             2412
   904.80060007500936        1.3499940840476447E-004   1228170462.3726358             2413
   905.17564695586941        1.3485478510893173E-004   1228176594.9904165             2414
   905.55069383672958        1.3471016743519946E-004   1228182721.8981402             2415
   905.92574071758975        1.3456605687623126E-004   1228188843.0933652             2416
   906.30078759844980        1.3442195055291757E-004   1228194958.5964444             2417
   906.67583447930974        1.3427834996374138E-004   1228201068.4048858             2418
   907.05088136017002        1.3413475223524832E-004   1228207172.5389984             2419
   907.42592824103019        1.3399165887167564E-004   1228213270.9962406             2420
   907.80097512189025        1.3384856700515975E-004   1228219363.7968786             2421
   908.17602200275041        1.3370597814562713E-004   1228225450.9383206             2422
   908.55106888361058        1.3356338943074057E-004   1228231532.4407897             2423
   908.92611576447064        1.3342130237605279E-004   1228237608.3016458             2424
   909.30116264533058        1.3327921412468983E-004   1228243678.5410690             2425
   909.67620952619075        1.3313762619776706E-004   1228249743.1563706             2426
   910.05125640705103        1.3299603574381134E-004   1228255802.1676891             2427
   910.42630328791097        1.3285494428943987E-004   1228261855.5722868             2428
   910.80135016877102        1.3271384898851785E-004   1228267903.3902607             2429
   911.17639704963119        1.3257325137310284E-004   1228273945.6188252             2430
   911.55144393049136        1.3243264860233813E-004   1228279982.2780356             2431
   911.92649081135141        1.3229254221366126E-004   1228286013.3650594             2432
   912.30153769221147        1.3215242937143347E-004   1228292038.8999107             2433
   912.67658457307164        1.3201281161841241E-004   1228298058.8797095             2434
   913.05163145393180        1.3187318612411849E-004   1228304073.3244298             2435
   913.42667833479186        1.3173405443657081E-004   1228310082.2311447             2436
   913.80172521565203        1.3159491373039017E-004   1228316085.6197872             2437
   914.17677209651220        1.3145626555879897E-004   1228322083.4873853             2438
   914.55181897737225        1.3131760710146103E-004   1228328075.8538313             2439
   914.92686585823219        1.3117943991674473E-004   1228334062.7161071             2440
   915.30191273909236        1.3104126118929947E-004   1228340044.0940657             2441
   915.67695961995264        1.3090357248258356E-004   1228346019.9846430             2442
   916.05200650081258        1.3076587098617641E-004   1228351990.4076536             2443
   916.42705338167264        1.3062865826856955E-004   1228357955.3599873             2444
   916.80210026253280        1.3049143152421712E-004   1228363914.8614202             2445
   917.17714714339297        1.3035469232658897E-004   1228369868.9087970             2446
   917.55219402425303        1.3021793787495949E-004   1228375817.5218551             2447
   917.92724090511308        1.3008166974772244E-004   1228381760.6973953             2448
   918.30228778597325        1.2994538514891788E-004   1228387698.4551163             2449
   918.67733466683342        1.2980958566181027E-004   1228393630.7917745             2450
   919.05238154769347        1.2967376849515232E-004   1228399557.7270310             2451
   919.42742842855341        1.2953843523702600E-004   1228405479.2575984             2452
   919.80247530941381        1.2940308310084385E-004   1228411395.4030998             2453
   920.17752219027386        1.2926821367945348E-004   1228417306.1602044             2454
   920.55256907113380        1.2913332419087556E-004   1228423211.5484986             2455
   920.92761595199397        1.2899891623267126E-004   1228429111.5646081             2456
   921.30266283285425        1.2886448702741803E-004   1228435006.2280824             2457
   921.67770971371419        1.2873053817734044E-004   1228440895.5355041             2458
   922.05275659457425        1.2859656690952182E-004   1228446779.5063860             2459
   922.42780347543442        1.2846307483079935E-004   1228452658.1372688             2460
   922.80285035629458        1.2832955917271290E-004   1228458531.4476287             2461
   923.17789723715464        1.2819652154666292E-004   1228464399.4339640             2462
   923.55294411801469        1.2806345918859634E-004   1228470262.1157150             2463
   923.92799099887486        1.2793087371442747E-004   1228476119.4893382             2464
   924.30303787973503        1.2779826236446204E-004   1228481971.5742383             2465
   924.67808476059508        1.2766612675908057E-004   1228487818.3668299             2466
   925.05313164145502        1.2753396414289889E-004   1228493659.8864825             2467
   925.42817852231542        1.2740227614071599E-004   1228499496.1295698             2468
   925.80322540317547        1.2727056000141085E-004   1228505327.1154258             2469
   926.17827228403542        1.2713931735415385E-004   1228511152.8403835             2470
   926.55331916489558        1.2700804545204012E-004   1228516973.3237422             2471
   926.92836604575587        1.2687724592856504E-004   1228522788.5617936             2472
   927.30341292661581        1.2674641604099396E-004   1228528598.5738032             2473
   927.67845980747586        1.2661605742710140E-004   1228534403.3560221             2474
   928.05350668833603        1.2648566734827695E-004   1228540202.9276814             2475
   928.42855356919620        1.2635574744652940E-004   1228545997.2849927             2476
   928.80360045005625        1.2622579498732802E-004   1228551786.4471531             2477
   929.17864733091631        1.2609631161687073E-004   1228557570.4103341             2478
   929.55369421177647        1.2596679460466219E-004   1228563349.1936996             2479
   929.92874109263664        1.2583774560104527E-004   1228569122.7933812             2480
   930.30378797349670        1.2570866187951654E-004   1228574891.2285092             2481
   930.67883485435664        1.2558004509452032E-004   1228580654.4951770             2482
   931.05388173521703        1.2545139252350133E-004   1228586412.6124816             2483
   931.42892861607709        1.2532320582496289E-004   1228592165.5764768             2484
   931.80397549693703        1.2519498228025542E-004   1228597913.4062271             2485
   932.17902237779731        1.2506722355189818E-004   1228603656.0977483             2486
   932.55406925865748        1.2493942692510553E-004   1228609393.6700718             2487
   932.92911613951742        1.2481209406637101E-004   1228615126.1191752             2488
   933.30416302037747        1.2468472226473119E-004   1228620853.4640577             2489
   933.67920990123764        1.2455781319061247E-004   1228626575.7006588             2490
   934.05425678209781        1.2443086413683248E-004   1228632292.8479459             2491
   934.42930366295786        1.2430437677771018E-004   1228638004.9018204             2492
   934.80435054381792        1.2417784840980362E-004   1228643711.8812184             2493
   935.17939742467809        1.2405178071128370E-004   1228649413.7820034             2494
   935.55444430553825        1.2392567098240930E-004   1228655110.6230800             2495
   935.92949118639831        1.2380002090516361E-004   1228660802.4002750             2496
   936.30453806725825        1.2367432778346665E-004   1228666489.1324615             2497
   936.67958494811853        1.2354909330307437E-004   1228672170.8154292             2498
   937.05463182897870        1.2342381477152927E-004   1228677847.4680204             2499
   937.42967870983864        1.2329899387832191E-004   1228683519.0859880             2500
   937.80472559069892        1.2317412793457809E-004   1228689185.6881437             2501
   938.17977247155909        1.2304971863348464E-004   1228694847.2702038             2502
   938.55481935241903        1.2292526328971346E-004   1228700503.8509495             2503
   938.92986623327909        1.2280126360010942E-004   1228706155.4260612             2504
   939.30491311413925        1.2267721688285290E-004   1228711802.0142899             2505
   939.67995999499942        1.2255362483840993E-004   1228717443.6112797             2506
   940.05500687585948        1.2242998478843219E-004   1228723080.2357521             2507
   940.43005375671953        1.2230679843697019E-004   1228728711.8833151             2508
   940.80510063757970        1.2218356310911028E-004   1228734338.5726602             2509
   941.18014751843987        1.2206078051245115E-004   1228739960.2993608             2510
   941.55519439929992        1.2193794797547794E-004   1228745577.0820787             2511
   941.93024128015986        1.2181556720930157E-004   1228751188.9163516             2512
   942.30528816102014        1.2169313554577021E-004   1228756795.8208120             2513
   942.68033504188031        1.2157115469947176E-004   1228762397.7909632             2514
   943.05538192274025        1.2144912200558254E-004   1228767994.8454084             2515
   943.43042880360053        1.2132753918213226E-004   1228773586.9796166             2516
   943.80547568446070        1.2120590356759052E-004   1228779174.2121618             2517
   944.18052256532064        1.2108471688339471E-004   1228784756.5384781             2518
   944.55556944618070        1.2096347647127342E-004   1228790333.9771118             2519
   944.93061632704087        1.2084268405603728E-004   1228795906.5234621             2520
   945.30566320790103        1.2072183698264027E-004   1228801474.1960471             2521
   945.68071008876109        1.2060143697923302E-004   1228807036.9902325             2522
   946.05575696962114        1.2048098139396119E-004   1228812594.9245079             2523
   946.43080385048131        1.2036097195828193E-004   1228818147.9942050             2524
   946.80585073134148        1.2024090602350008E-004   1228823696.2177854             2525
   947.18089761220153        1.2012128532434669E-004   1228829239.5905476             2526
   947.55594449306147        1.2000160721525267E-004   1228834778.1309257             2527
   947.93099137392176        1.1988237343419088E-004   1228840311.8341846             2528
   948.30603825478192        1.1976308133868619E-004   1228845840.7187307             2529
   948.68108513564187        1.1964423266992134E-004   1228851364.7797964             2530
   949.05613201650192        1.1952532478848355E-004   1228856884.0357604             2531
   949.43117889736232        1.1940685943873351E-004   1228862398.4818220             2532
   949.80622577822226        1.1928833398428985E-004   1228867908.1363332             2533
   950.18127265908231        1.1917025017266019E-004   1228873412.9944606             2534
   950.55631953994248        1.1905210537046315E-004   1228878913.0745294             2535
   950.93136642080265        1.1893440132832274E-004   1228884408.3716738             2536
   951.30641330166270        1.1881663541582734E-004   1228889898.9041920             2537
   951.68146018252276        1.1869930938668666E-004   1228895384.6671863             2538
   952.05650706338292        1.1858192061342839E-004   1228900865.6789284             2539
   952.43155394424309        1.1846497085281859E-004   1228906341.9344883             2540
   952.80660082510315        1.1834795748029448E-004   1228911813.4521120             2541
   953.18164770596309        1.1823138225564843E-004   1228917280.2268372             2542
   953.55669458682337        1.1811474255719777E-004   1228922742.2768841             2543
   953.93174146768354        1.1799854014773221E-004   1228928199.5972588             2544
   954.30678834854348        1.1788227240842041E-004   1228933652.2061553             2545
   954.68183522940353        1.1776644110502033E-004   1228939100.0985489             2546
   955.05688211026393        1.1765054362152272E-004   1228944543.2926078             2547
   955.43192899112387        1.1753508172662574E-004   1228949981.7832756             2548
   955.80697587198392        1.1741955280711446E-004   1228955415.5886953             2549
   956.18202275284409        1.1730445863459853E-004   1228960844.7037797             2550
   956.55706963370437        1.1718929659862925E-004   1228966269.1466465             2551
   956.93211651456431        1.1707456847370033E-004   1228971688.9121778             2552
   957.30716339542437        1.1695977165210164E-004   1228977104.0184658             2553
   957.68221027628454        1.1684540791118322E-004   1228982514.4603622             2554
   958.05725715714470        1.1673097464594638E-004   1228987920.2559345             2555
   958.43230403800476        1.1661697363657060E-004   1228993321.4000037             2556
   958.80735091886470        1.1650290228074169E-004   1228998717.9106128             2557
   959.18239779972498        1.1638926236144153E-004   1229004109.7825527             2558
   959.55744468058515        1.1627555127901378E-004   1229009497.0338416             2559
   959.93249156144520        1.1616227081921665E-004   1229014879.6592402             2560
   960.30753844230514        1.1604891838502532E-004   1229020257.6767428             2561
   960.68258532316554        1.1593599576494804E-004   1229025631.0810802             2562
   961.05763220402559        1.1582300036456570E-004   1229030999.8902223             2563
   961.43267908488554        1.1571043397511096E-004   1229036364.0988705             2564
   961.80772596574570        1.1559779400474445E-004   1229041723.7249703             2565
   962.18277284660599        1.1548558224739777E-004   1229047078.7631943             2566
   962.55781972746593        1.1537329611378639E-004   1229052429.2314637             2567
   962.93286660832598        1.1526143740051565E-004   1229057775.1244216             2568
   963.30791348918615        1.1514950352083046E-004   1229063116.4599662             2569
   963.68296037004632        1.1503799627398532E-004   1229068453.2327113             2570
   964.05800725090637        1.1492641307573024E-004   1229073785.4605315             2571
   964.43305413176643        1.1481525572794387E-004   1229079113.1380115             2572
   964.80810101262659        1.1470402164885687E-004   1229084436.2830026             2573
   965.18314789348676        1.1459321264294823E-004   1229089754.8900616             2574
   965.55819477434682        1.1448232613090508E-004   1229095068.9770157             2575
   965.93324165520676        1.1437186391978282E-004   1229100378.5383933             2576
   966.30828853606693        1.1426132343270096E-004   1229105683.5919991             2577
   966.68333541692721        1.1415120647926779E-004   1229110984.1323326             2578
   967.05838229778715        1.1404101048501222E-004   1229116280.1771758             2579
   967.43342917864732        1.1393123726207165E-004   1229121571.7210002             2580
   967.80847605950760        1.1382138423836101E-004   1229126858.7815652             2581
   968.18352294036754        1.1371195322852408E-004   1229132141.3533142             2582
   968.55856982122759        1.1360244166283898E-004   1229137419.4539838             2583
   968.93361670208776        1.1349335135843259E-004   1229142693.0779896             2584
   969.30866358294793        1.1338417974792405E-004   1229147962.2430463             2585
   969.68371046380798        1.1327542865090079E-004   1229153226.9435415             2586
   970.05875734466804        1.1316659550230051E-004   1229158487.1971676             2587
   970.43380422552821        1.1305818212414900E-004   1229163742.9982853             2588
   970.80885110638837        1.1294968595368013E-004   1229168994.3645642             2589
   971.18389798724843        1.1284160881533652E-004   1229174241.2903378             2590
   971.55894486810837        1.1273344814862634E-004   1229179483.7932539             2591
   971.93399174896854        1.1262570578038696E-004   1229184721.8676190             2592
   972.30903862982882        1.1251787915237966E-004   1229189955.5310593             2593
   972.68408551068876        1.1241047009381543E-004   1229195184.7778540             2594
   973.05913239154893        1.1230297604868678E-004   1229200409.6256077             2595
   973.43417927240921        1.1219589884855720E-004   1229205630.0685725             2596
   973.80922615326915        1.1208873593962979E-004   1229210846.1243322             2597
   974.18427303412921        1.1198198915579933E-004   1229216057.7871120             2598
   974.55931991498937        1.1187515594545853E-004   1229221265.0744739             2599
   974.93436679584954        1.1176873814481319E-004   1229226467.9806170             2600
   975.30941367670960        1.1166223320442512E-004   1229231666.5230825             2601
   975.68446055756965        1.1155614296279059E-004   1229236860.6960425             2602
   976.05950743842982        1.1144996487262014E-004   1229242050.5170174             2603
   976.43455431928999        1.1134420077468037E-004   1229247235.9801531             2604
   976.80960120015004        1.1123834812381064E-004   1229252417.1029489             2605
   977.18464808100998        1.1113290876302797E-004   1229257593.8795254             2606
   977.55969496187015        1.1102738014928050E-004   1229262766.3273604             2607
   977.93474184273043        1.1092226412781588E-004   1229267934.4405489             2608
   978.30978872359037        1.1081705815767195E-004   1229273098.2365482             2609
   978.68483560445054        1.1071226408630743E-004   1229278257.7094271             2610
   979.05988248531082        1.1060737937483021E-004   1229283412.8766229             2611
   979.43492936617076        1.1050290587289121E-004   1229288563.7321787             2612
   979.80997624703082        1.1039834104364918E-004   1229293710.2935116             2613
   980.18502312789099        1.1029418673892792E-004   1229298852.5546389             2614
   980.56007000875115        1.1018994042391842E-004   1229303990.5329576             2615
   980.93511688961121        1.1008610395259893E-004   1229309124.2224600             2616
   981.31016377047126        1.0998217479217361E-004   1229314253.6405230             2617
   981.68521065133143        1.0987865479875644E-004   1229319378.7811134             2618
   982.06025753219160        1.0977504144154679E-004   1229324499.6615884             2619
   982.43530441305165        1.0967183657877598E-004   1229329616.2758899             2620
   982.81035129391159        1.0956853768162033E-004   1229334728.6413550             2621
   983.18539817477176        1.0946564661041007E-004   1229339836.7519009             2622
   983.56044505563204        1.0936266083828054E-004   1229344940.6248455             2623
   983.93549193649199        1.0926008222764357E-004   1229350040.2540808             2624
   984.31053881735204        1.0915740825357545E-004   1229355135.6569047             2625
   984.68558569821244        1.0905514078055142E-004   1229360226.8271854             2626
   985.06063257907238        1.0895277728557179E-004   1229365313.7822013             2627
   985.43567945993243        1.0885081963515775E-004   1229370396.5157959             2628
   985.81072634079260        1.0874876530821560E-004   1229375475.0452285             2629
   986.18577322165277        1.0864711617329565E-004   1229380549.3643181             2630
   986.56082010251282        1.0854536971119316E-004   1229385619.4903049             2631
   986.93586698337288        1.0844402779247048E-004   1229390685.4169841             2632
   987.31091386423304        1.0834258789979460E-004   1229395747.1615763             2633
   987.68596074509321        1.0824155190572304E-004   1229400804.7178531             2634
   988.06100762595327        1.0814041729477812E-004   1229405858.1030159             2635
   988.43605450681321        1.0803968594149574E-004   1229410907.3108127             2636
   988.81110138767349        1.0793885533223665E-004   1229415952.3584261             2637
   989.18614826853366        1.0783842734349886E-004   1229420993.2395799             2638
   989.56119514939360        1.0773789946346546E-004   1229426029.9714386             2639
   989.93624203025365        1.0763777357057992E-004   1229431062.5477018             2640
   990.31128891111405        1.0753754715483137E-004   1229436090.9855161             2641
   990.68633579197399        1.0743772209659310E-004   1229441115.2785571             2642
   991.06138267283404        1.0733779588764423E-004   1229446135.4439530             2643
   991.43642955369421        1.0723827041027150E-004   1229451151.4753563             2644
   991.81147643455438        1.0713864315802847E-004   1229456163.3898771             2645
   992.18652331541443        1.0703941601509987E-004   1229461171.1811442             2646
   992.56157019627449        1.0694008647679765E-004   1229466174.8662493             2647
   992.93661707713466        1.0684115642918908E-004   1229471174.4387989             2648
   993.31166395799482        1.0674212336932925E-004   1229476169.9158659             2649
   993.68671083885488        1.0664348918515265E-004   1229481161.2910340             2650
   994.06175771971482        1.0654475137544212E-004   1229486148.5813582             2651
   994.43680460057510        1.0644641182998384E-004   1229491131.7803996             2652
   994.81185148143527        1.0634796804927367E-004   1229496110.9051950             2653
   995.18689836229521        1.0624992192493461E-004   1229501085.9492824             2654
   995.56194524315526        1.0615177095916036E-004   1229506056.9296820             2655
   995.93699212401566        1.0605401704539580E-004   1229511023.8399084             2656
   996.31203900487560        1.0595615768751796E-004   1229515986.6969640             2657
   996.68708588573566        1.0585869478077904E-004   1229520945.4943414             2658
   997.06213276659582        1.0576112583072428E-004   1229525900.2490253             2659
   997.43717964745599        1.0566395273439898E-004   1229530850.9544859             2660
   997.81222652831605        1.0556667299900266E-004   1229535797.6276903             2661
   998.18727340917610        1.0546978852335875E-004   1229540740.2620866             2662
   998.56232029003627        1.0537279681630675E-004   1229545678.8746250             2663
   998.93736717089644        1.0527619977843440E-004   1229550613.4587312             2664
   999.31241405175649        1.0517949492020705E-004   1229555544.0313377             2665
   999.68746093261643        1.0508318414396263E-004   1229560470.5858488             2666
   1000.0625078134767        1.0498676496177828E-004   1229565393.1391797             2667
   1000.4375546943369        1.0489073927772836E-004   1229570311.6847129             2668
   1000.8126015751968        1.0479460460548830E-004   1229575226.2393467             2669
   1001.1876484560569        1.0469886285085504E-004   1229580136.7964416             2670
   1001.5626953369170        1.0460301152908833E-004   1229585043.3728790             2671
   1001.9377422177772        1.0450755254769436E-004   1229589945.9619977             2672
   1002.3127890986373        1.0441198342350402E-004   1229594844.5806625             2673
   1002.6878359794974        1.0431680606571891E-004   1229599739.2221909             2674
   1003.0628828603576        1.0422151799272779E-004   1229604629.9034307             2675
   1003.4379297412177        1.0412662111541482E-004   1229609516.6176777             2676
   1003.8129766220777        1.0403161295371320E-004   1229614399.3817635             2677
   1004.1880235029379        1.0393699542017640E-004   1229619278.1889627             2678
   1004.5630703837980        1.0384226603626908E-004   1229624153.0560901             2679
   1004.9381172646581        1.0374792671620136E-004   1229629023.9763989             2680
   1005.3131641455180        1.0365347498295633E-004   1229633890.9666882             2681
   1005.6882110263783        1.0355941275238774E-004   1229638754.0201900             2682
   1006.0632579072385        1.0346523754898465E-004   1229643613.1536865             2683
   1006.4383047880984        1.0337145129023182E-004   1229648468.3603890             2684
   1006.8133516689585        1.0327755150211140E-004   1229653319.6570637             2685
   1007.1883985498187        1.0318404010372673E-004   1229658167.0369010             2686
   1007.5634454306789        1.0309041462254062E-004   1229663010.5166509             2687
   1007.9384923115389        1.0299717697926263E-004   1229667850.0894828             2688
   1008.3135391923990        1.0290382470282402E-004   1229672685.7721314             2689
   1008.6885860732593        1.0281085971552807E-004   1229677517.5577450             2690
   1009.0636329541193        1.0271777954776244E-004   1229682345.4630418             2691
   1009.4386798349793        1.0262508612341201E-004   1229687169.4811506             2692
   1009.8137267158395        1.0253227697430866E-004   1229691989.6287735             2693
   1010.1887735966997        1.0243985402590699E-004   1229696805.8990183             2694
   1010.5638204775597        1.0234731481147138E-004   1229701618.3085721             2695
   1010.9388673584197        1.0225516125801416E-004   1229706426.8505218             2696
   1011.3139142392799        1.0216289090022026E-004   1229711231.5415392             2697
   1011.6889611201401        1.0207100566664816E-004   1229716032.3746910             2698
   1012.0640080010002        1.0197900309339156E-004   1229720829.3666332             2699
   1012.4390548818601        1.0188738511054367E-004   1229725622.5104125             2700
   1012.8141017627203        1.0179564925559534E-004   1229730411.8226695             2701
   1013.1891486435806        1.0170429746016295E-004   1229735197.2964311             2702
   1013.5641955244405        1.0161282726312327E-004   1229739978.9483221             2703
   1013.9392424053005        1.0152174059760439E-004   1229744756.7713497             2704
   1014.3142892861609        1.0143053500385758E-004   1229749530.7821236             2705
   1014.6893361670209        1.0133971241651157E-004   1229754300.9736304             2706
   1015.0643830478809        1.0124877037718135E-004   1229759067.3624656             2707
   1015.4394299287411        1.0115821082198450E-004   1229763829.9415958             2708
   1015.8144768096013        1.0106753129388890E-004   1229768588.7276011             2709
   1016.1895236904613        1.0097723373049041E-004   1229773343.7134285             2710
   1016.5645705713214        1.0088681567609844E-004   1229778094.9156432             2711
   1016.9396174521816        1.0079677906977625E-004   1229782842.3271732             2712
   1017.3146643330417        1.0070662145716400E-004   1229787585.9645679             2713
   1017.6897112139018        1.0061684477878189E-004   1229792325.8207364             2714
   1018.0647580947617        1.0052694658158999E-004   1229797061.9122136             2715
   1018.4398049756219        1.0043742880755456E-004   1229801794.2318881             2716
   1018.8148518564822        1.0034778900494511E-004   1229806522.7962809             2717
   1019.1898987373421        1.0025852911716375E-004   1229811247.5982614             2718
   1019.5649456182022        1.0016914669377877E-004   1229815968.6543357             2719
   1019.9399924990626        1.0008014367961748E-004   1229820685.9573543             2720
   1020.3150393799225        9.9991017625536974E-005   1229825399.5238082             2721
   1020.6900862607826        9.9902270477779232E-005   1229830109.3465292             2722
   1021.0651331416427        9.9813399788479883E-005   1229834815.4419940             2723
   1021.4401800225029        9.9724907505285460E-005   1229839517.8030152             2724
   1021.8152269033629        9.9636291181599943E-005   1229844216.4460552             2725
   1022.1902737842230        9.9548052766464595E-005   1229848911.3639073             2726
   1022.5653206650832        9.9459689814541423E-005   1229853602.5730202             2727
   1022.9403675459433        9.9371704276256313E-005   1229858290.0661683             2728
   1023.3154144268034        9.9283593707519648E-005   1229862973.8597856             2729
   1023.6904613076633        9.9195860060132177E-005   1229867653.9466281             2730
   1024.0655081885236        9.9108000891242565E-005   1229872330.3431158             2731
   1024.4405550693837        9.9020518154016720E-005   1229877003.0419860             2732
   1024.8156019502437        9.8932909406831884E-005   1229881672.0596445             2733
   1025.1906488311038        9.8845676604209488E-005   1229886337.3888102             2734
   1025.5656957119641        9.8758317305745595E-005   1229890999.0458748             2735
   1025.9407425928241        9.8671333467307672E-005   1229895657.0235388             2736
   1026.3157894736842        9.8584222649701278E-005   1229900311.3381801             2737
   1026.6908363545444        9.8497486810130105E-005   1229904961.9824808             2738
   1027.0658832354045        9.8410623510599950E-005   1229909608.9728048             2739
   1027.4409301162646        9.8324134709641529E-005   1229914252.3018160             2740
   1027.8159769971246        9.8237517970451295E-005   1229918891.9858646             2741
   1028.1910238779847        9.8151275252877771E-005   1229923528.0175967             2742
   1028.5660707588449        9.8064904121298785E-005   1229928160.4133487             2743
   1028.9411176397050        9.7978906536871736E-005   1229932789.1657479             2744
   1029.3161645205651        9.7892780065146555E-005   1229937414.2911174             2745
   1029.6912114014251        9.7807026668580193E-005   1229942035.7820671             2746
   1030.0662582822854        9.7721143913885917E-005   1229946653.6549060             2747
   1030.4413051631454        9.7635633764811162E-005   1229951267.9022262             2748
   1030.8163520440053        9.7549993789223762E-005   1229955878.5403235             2749
   1031.1913989248656        9.7464725952152383E-005   1229960485.5617719             2750
   1031.5664458057258        9.7379327822610668E-005   1229965088.9828537             2751
   1031.9414926865857        9.7294301366900003E-005   1229969688.7961254             2752
   1032.3165395674459        9.7209144155170965E-005   1229974285.0178559             2753
   1032.6915864483062        9.7124358154988523E-005   1229978877.6405842             2754
   1033.0666333291661        9.7039440937631897E-005   1229983466.6805661             2755
   1033.4416802100261        9.6954894471921167E-005   1229988052.1303222             2756
   1033.8167270908864        9.6870216330255127E-005   1229992634.0060956             2757
   1034.1917739717467        9.6785908482700637E-005   1229997212.3003900             2758
   1034.5668208526065        9.6701468502767609E-005   1230001787.0294349             2759
   1034.9418677334666        9.6617398361761221E-005   1230006358.1857164             2760
   1035.3169146143268        9.6533195634294049E-005   1230010925.7854512             2761
   1035.6919614951869        9.6449362292901325E-005   1230015489.8211081             2762
   1036.0670083760469        9.6365395913289948E-005   1230020050.3088906             2763
   1036.4420552569070        9.6281798469216589E-005   1230024607.2412508             2764
   1036.8171021377673        9.6198067537474382E-005   1230029160.6343789             2765
   1037.1921490186273        9.6114705093033366E-005   1230033710.4807093             2766
   1037.5671958994874        9.6031208713764807E-005   1230038256.7964206             2767
   1037.9422427803477        9.5948080375843741E-005   1230042799.5739293             2768
   1038.3172896612077        9.5864817658211513E-005   1230047338.8294015             2769
   1038.6923365420678        9.5781922538240363E-005   1230051874.5552368             2770
   1039.0673834229278        9.5698892595933423E-005   1230056406.7675879             2771
   1039.4424303037879        9.5616229809852125E-005   1230060935.4588385             2772
   1039.8174771846482        9.5533431761053798E-005   1230065460.6451285             2773
   1040.1925240655082        9.5451000429281100E-005   1230069982.3188238             2774
   1040.5675709463683        9.5368433396637357E-005   1230074500.4960525             2775
   1040.9426178272283        9.5286232644038822E-005   1230079015.1691642             2776
   1041.3176647080886        9.5203895754627200E-005   1230083526.3542736             2777
   1041.6927115889487        9.5121924710484548E-005   1230088034.0437138             2778
   1042.0677584698087        9.5039817095783229E-005   1230092538.2535877             2779
   1042.4428053506688        9.4958074893763359E-005   1230097038.9762111             2780
   1042.8178522315291        9.4876195689620383E-005   1230101536.2276745             2781
   1043.1928991123891        9.4794681467745014E-005   1230106030.0002780             2782
   1043.5679459932492        9.4713029814347916E-005   1230110520.3100991             2783
   1043.9429928741094        9.4631742714963108E-005   1230115007.1494212             2784
   1044.3180397549695        9.4550317756809100E-005   1230119490.5343103             2785
   1044.6930866358293        9.4469256926555612E-005   1230123970.4570334             2786
   1045.0681335166896        9.4388057812421657E-005   1230128446.9336438             2787
   1045.4431803975499        9.4307222402205380E-005   1230132919.9563923             2788
   1045.8182272784097        9.4226248285118948E-005   1230137389.5413206             2789
   1046.1932741592698        9.4145637450081341E-005   1230141855.6806626             2790
   1046.5683210401301        9.4064887487290728E-005   1230146318.3904479             2791
   1046.9433679209901        9.3984500386780039E-005   1230150777.6628950             2792
   1047.3184148018502        9.3903973739726097E-005   1230155233.5140209             2793
   1047.6934616827102        9.3823809537268437E-005   1230159685.9360285             2794
   1048.0685085635705        9.3743505371555327E-005   1230164134.9449227             2795
   1048.4435554444306        9.3663563234826198E-005   1230168580.5328898             2796
   1048.8186023252906        9.3583480720193702E-005   1230173022.7159240             2797
   1049.1936492061507        9.3503759820989861E-005   1230177461.4861948             2798
   1049.5686960870109        9.3423898131284624E-005   1230181896.8596845             2799
   1049.9437429678710        9.3344397645496018E-005   1230186328.8285470             2800
   1050.3187898487311        9.3264755958644336E-005   1230190757.4087532             2801
   1050.6938367295911        9.3185475066226453E-005   1230195182.5924411             2802
   1051.0688836104514        9.3106052564206296E-005   1230199604.3955693             2803
   1051.4439304913114        9.3026990449152707E-005   1230204022.8102608             2804
   1051.8189773721715        9.2947786317966702E-005   1230208437.8524621             2805
   1052.1940242530316        9.2868942168282105E-005   1230212849.5142808             2806
   1052.5690711338918        9.2789955597930276E-005   1230217257.8116519             2807
   1052.9441180147519        9.2711328605603422E-005   1230221662.7366672             2808
   1053.3191648956119        9.2632558790056520E-005   1230226064.3052506             2809
   1053.6942117764720        9.2554148151033483E-005   1230230462.5094776             2810
   1054.0692586573323        9.2475594288206372E-005   1230234857.3652616             2811
   1054.4443055381923        9.2397399202364473E-005   1230239248.8646622             2812
   1054.8193524190522        9.2319060494090268E-005   1230243637.0235810             2813
   1055.1943992999127        9.2241080165211505E-005   1230248021.8340628             2814
   1055.5694461807727        9.2162955817214889E-005   1230252403.3119979             2815
   1055.9444930616326        9.2085189452960342E-005   1230256781.4494154             2816
   1056.3195399424928        9.2007278674832073E-005   1230261156.2621946             2817
   1056.6945868233531        9.1929725486715875E-005   1230265527.7423494             2818
   1057.0696337042129        9.1852027491887389E-005   1230269895.9057477             2819
   1057.4446805850730        9.1774686695251679E-005   1230274260.7443883             2820
   1057.8197274659333        9.1697200700969407E-005   1230278622.2741282             2821
   1058.1947743467933        9.1620071514958974E-005   1230282980.4869509             2822
   1058.5698212276534        9.1542796742259704E-005   1230287335.3987017             2823
   1058.9448681085134        9.1465878389796954E-005   1230291687.0013499             2824
   1059.3199149893737        9.1388814063482707E-005   1230296035.3107295             2825
   1059.6949618702338        9.1312105771242983E-005   1230300380.3187947             2826
   1060.0700087510938        9.1235251119856276E-005   1230304722.0413690             2827
   1060.4450556319539        9.1158752118243361E-005   1230309060.4703910             2828
   1060.8201025128142        9.1082106374042963E-005   1230313395.6216733             2829
   1061.1951493936742        9.1005815897164690E-005   1230317727.4871404             2830
   1061.5701962745343        9.0929378296101539E-005   1230322056.0825932             2831
   1061.9452431553946        9.0853295581745677E-005   1230326381.3999417             2832
   1062.3202900362546        9.0777065363438500E-005   1230330703.4549763             2833
   1062.6953369171147        9.0701189653049136E-005   1230335022.2395916             2834
   1063.0703837979747        9.0625166060761313E-005   1230339337.7695680             2835
   1063.4454306788348        9.0549496599415008E-005   1230343650.0367851             2836
   1063.8204775596951        9.0473678880030451E-005   1230347959.0570123             2837
   1064.1955244405551        9.0398214916412829E-005   1230352264.8221149             2838
   1064.5705713214152        9.0322602320413171E-005   1230356567.3478520             2839
   1064.9456182022752        9.0247343106795788E-005   1230360866.6260738             2840
   1065.3206650831355        9.0171934888236854E-005   1230365162.6725285             2841
   1065.6957119639956        9.0096879680454225E-005   1230369455.4790525             2842
   1066.0707588448554        9.0021675096943365E-005   1230373745.0613835             2843
   1066.4458057257157        8.9946823154369871E-005   1230378031.4113433             2844
   1066.8208526065760        8.9871821467042996E-005   1230382314.5446587             2845
   1067.1958994874358        8.9797172052570725E-005   1230386594.4531376             2846
   1067.5709463682961        8.9722372526070151E-005   1230390871.1524963             2847
   1067.9459932491563        8.9647924906085996E-005   1230395144.6345284             2848
   1068.3210401300162        8.9573326808538108E-005   1230399414.9149394             2849
   1068.6960870108762        8.9499080252902039E-005   1230403681.9855092             2850
   1069.0711338917365        8.9424682855894906E-005   1230407945.8619330             2851
   1069.4461807725966        8.9350636637917626E-005   1230412206.5359759             2852
   1069.8212276534566        8.9276439216479244E-005   1230416464.0233233             2853
   1070.1962745343167        8.9202592612900623E-005   1230420718.3157263             2854
   1070.5713214151770        8.9128594445477100E-005   1230424969.4288597             2855
   1070.9463682960370        8.9054946736444413E-005   1230429217.3544607             2856
   1071.3214151768971        8.8981147104878674E-005   1230433462.1081941             2857
   1071.6964620577571        8.8907697573925091E-005   1230437703.6817827             2858
   1072.0715089386174        8.8834095763435237E-005   1230441942.0908813             2859
   1072.4465558194775        8.8760843697458614E-005   1230446177.3271990             2860
   1072.8216027003375        8.8687438996617134E-005   1230450409.4063802             2861
   1073.1966495811978        8.8614383685859237E-005   1230454638.3201203             2862
   1073.5716964620578        8.8541175386571617E-005   1230458864.0840535             2863
   1073.9467433429179        8.8468316124596803E-005   1230463086.6898615             2864
   1074.3217902237780        8.8395303522081150E-005   1230467306.1531689             2865
   1074.6968371046380        8.8322639605755768E-005   1230471522.4656429             2866
   1075.0718839854983        8.8249821998521809E-005   1230475735.6428986             2867
   1075.4469308663583        8.8177352727993995E-005   1230479945.6765895             2868
   1075.8219777472184        8.8104729417822904E-005   1230484152.5823205             2869
   1076.1970246280785        8.8032454096501761E-005   1230488356.3517315             2870
   1076.5720715089387        8.7960024388425773E-005   1230492557.0004179             2871
   1076.9471183897988        8.7887942322961693E-005   1230496754.5200059             2872
   1077.3221652706586        8.7815705525244128E-005   1230500948.9260807             2873
   1077.6972121515189        8.7743816025508277E-005   1230505140.2102554             2874
   1078.0722590323792        8.7671771449623537E-005   1230509328.3881054             2875
   1078.4473059132390        8.7600073828688526E-005   1230513513.4512300             2876
   1078.8223527940993        8.7528220789302266E-005   1230517695.4151955             2877
   1079.1973996749596        8.7456714363422187E-005   1230521874.2715871             2878
   1079.5724465558194        8.7385052178372088E-005   1230526050.0359614             2879
   1079.9474934366795        8.7313736266963110E-005   1230530222.6998911             2880
   1080.3225403175397        8.7242264257238910E-005   1230534392.2789226             2881
   1080.6975871983998        8.7171138182859709E-005   1230538558.7646153             2882
   1081.0726340792598        8.7099855672584546E-005   1230542722.1725059             2883
   1081.4476809601199        8.7028918760917600E-005   1230546882.4941406             2884
   1081.8227278409802        8.6957825077328360E-005   1230551039.7450471             2885
   1082.1977747218402        8.6887076657160556E-005   1230555193.9167578             2886
   1082.5728216027003        8.6816171130589371E-005   1230559345.0247908             2887
   1082.9478684835603        8.6745610533793305E-005   1230563493.0606661             2888
   1083.3229153644206        8.6674892497648544E-005   1230567638.0398917             2889
   1083.6979622452807        8.6604519059163841E-005   1230571779.9539745             2890
   1084.0730091261407        8.6533987849911673E-005   1230575918.8184133             2891
   1084.4480560070008        8.6463800907726385E-005   1230580054.6247022             2892
   1084.8231028878611        8.6393455864872189E-005   1230584187.3883307             2893
   1085.1981497687211        8.6323454760004237E-005   1230588317.1007793             2894
   1085.5731966495812        8.6253295226074479E-005   1230592443.7775283             2895
   1085.9482435304412        8.6183479302553875E-005   1230596567.4100459             2896
   1086.3232904113015        8.6113504623077462E-005   1230600688.0138028             2897
   1086.6983372921616        8.6043873227928012E-005   1230604805.5802541             2898
   1087.0733841730216        8.5974082751418863E-005   1230608920.1248615             2899
   1087.4484310538817        8.5904635234640005E-005   1230613031.6390672             2900
   1087.8234779347420        8.5835028312578756E-005   1230617140.1383238             2901
   1088.1985248156020        8.5765764027128012E-005   1230621245.6140604             2902
   1088.5735716964618        8.5696340013944640E-005   1230625348.0817208             2903
   1088.9486185773221        8.5627258315719955E-005   1230629447.5327215             2904
   1089.3236654581824        8.5558016568775916E-005   1230633543.9824970             2905
   1089.6987123390425        8.5489116816598123E-005   1230637637.4224510             2906
   1090.0737592199023        8.5420056696169195E-005   1230641727.8680091             2907
   1090.4488061007628        8.5351338251764478E-005   1230645815.3105624             2908
   1090.8238529816228        8.5282459121023197E-005   1230649899.7655275             2909
   1091.1988998624827        8.5213921349006351E-005   1230653981.2242830             2910
   1091.5739467433430        8.5145222574005070E-005   1230658059.7022362             2911
   1091.9489936242032        8.5076864841862048E-005   1230662135.1907535             2912
   1092.3240405050631        8.5008345791515996E-005   1230666207.7052331             2913
   1092.6990873859231        8.4940167469586968E-005   1230670277.2370293             2914
   1093.0741342667834        8.4871827515656999E-005   1230674343.8015308             2915
   1093.4491811476435        8.4803827977119518E-005   1230678407.3900800             2916
   1093.8242280285035        8.4735666494196023E-005   1230682468.0180566             2917
   1094.1992749093636        8.4667845115048696E-005   1230686525.6767902             2918
   1094.5743217902238        8.4599861480534296E-005   1230690580.3816526             2919
   1094.9493686710839        8.4532217639579762E-005   1230694632.1239605             2920
   1095.3244155519440        8.4464411233673196E-005   1230698680.9190769             2921
   1095.6994624328040        8.4396944312502227E-005   1230702726.7583065             2922
   1096.0745093136641        8.4329314518181937E-005   1230706769.6570034             2923
   1096.4495561945243        8.4262023901156716E-005   1230710809.6064601             2924
   1096.8246030753844        8.4194570104164724E-005   1230714846.6220219             2925
   1097.1996499562445        8.4127455178403002E-005   1230718880.6949692             2926
   1097.5746968371047        8.4060176767228789E-005   1230722911.8406389             2927
   1097.9497437179648        8.3993236922587757E-005   1230726940.0502989             2928
   1098.3247905988248        8.3926133288452171E-005   1230730965.3392777             2929
   1098.6998374796849        8.3859367917512304E-005   1230734987.6988316             2930
   1099.0748843605452        8.3792438454351846E-005   1230739007.1442795             2931
   1099.4499312414052        8.3725846952401728E-005   1230743023.6668663             2932
   1099.8249781222653        8.3659091056852901E-005   1230747037.2819026             2933
   1100.2000250031253        8.3592672821872972E-005   1230751047.9806206             2934
   1100.5750718839856        8.3526089893256521E-005   1230755055.7783229             2935
   1100.9501187648457        8.3459844325904062E-005   1230759060.6662300             2936
   1101.3251656457055        8.3393433766209697E-005   1230763062.6596355             2937
   1101.7002125265658        8.3327360269803001E-005   1230767061.7497482             2938
   1102.0752594074261        8.3261121483673870E-005   1230771057.9518538             2939
   1102.4503062882859        8.3195219464177306E-005   1230775051.2571485             2940
   1102.8253531691462        8.3129151858895057E-005   1230779041.6809099             2941
   1103.2004000500065        8.3063420724903539E-005   1230783029.2143223             2942
   1103.5754469308663        8.2997523710372871E-005   1230787013.8726554             2943
   1103.9504938117263        8.2931962873097250E-005   1230790995.6470816             2944
   1104.3255406925866        8.2866235861831113E-005   1230794974.5528617             2945
   1104.7005875734467        8.2800844735082848E-005   1230798950.5811574             2946
   1105.0756344543067        8.2735287142187563E-005   1230802923.7472205             2947
   1105.4506813351668        8.2670065142364071E-005   1230806894.0422010             2948
   1105.8257282160271        8.2604676385524491E-005   1230810861.4813433             2949
   1106.2007750968871        8.2539622931594386E-005   1230814826.0557849             2950
   1106.5758219777472        8.2474402431059393E-005   1230818787.7807622             2951
   1106.9508688586072        8.2409516944548084E-005   1230822746.6474016             2952
   1107.3259157394673        8.2344464123115804E-005   1230826702.6709309             2953
   1107.7009626203276        8.2279746028090720E-005   1230830655.8424652             2954
   1108.0760095011876        8.2214860311094414E-005   1230834606.1772239             2955
   1108.4510563820477        8.2150309034150813E-005   1230838553.6663110             2956
   1108.8261032629080        8.2085589849444269E-005   1230842498.3249376             2957
   1109.2011501437680        8.2021204819690999E-005   1230846440.1441963             2958
   1109.5761970246281        8.1956651597634410E-005   1230850379.1392901             2959
   1109.9512439054881        8.1892432246679606E-005   1230854315.3013005             2960
   1110.3262907863484        8.1828044420125499E-005   1230858248.6454225             2961
   1110.7013376672085        8.1763990182062710E-005   1230862179.1627257             2962
   1111.0763845480685        8.1699767186342088E-005   1230866106.8683975             2963
   1111.4514314289286        8.1635877497736068E-005   1230870031.7534964             2964
   1111.8264783097889        8.1571818770644270E-005   1230873953.8332016             2965
   1112.2015251906489        8.1508093070517526E-005   1230877873.0985603             2966
   1112.5765720715087        8.1444198052300622E-005   1230881789.5647442             2967
   1112.9516189523690        8.1380635782119263E-005   1230885703.2227890             2968
   1113.3266658332293        8.1316903915460079E-005   1230889614.0878582             2969
   1113.7017127140891        8.1253504519120535E-005   1230893522.1509769             2970
   1114.0767595949492        8.1189935249125525E-005   1230897427.4273005             2971
   1114.4518064758097        8.1126698172940599E-005   1230901329.9078429             2972
   1114.8268533566695        8.1063290947126003E-005   1230905229.6077518             2973
   1115.2019002375296        8.1000215639811959E-005   1230909126.5180306             2974
   1115.5769471183899        8.0936969908090446E-005   1230913020.6538184             2975
   1115.9519939992499        8.0874055820753224E-005   1230916912.0061076             2976
   1116.3270408801100        8.0810971035420861E-005   1230920800.5900302             2977
   1116.7020877609700        8.0748217621543175E-005   1230924686.3965671             2978
   1117.0771346418303        8.0685293237265908E-005   1230928569.4408424             2979
   1117.4521815226904        8.0622699952693843E-005   1230932449.7138267             2980
   1117.8272284035504        8.0559935426494726E-005   1230936327.2306364             2981
   1118.2022752844105        8.0497501729424919E-005   1230940201.9822307             2982
   1118.5773221652707        8.0434896520670767E-005   1230944073.9837186             2983
   1118.9523690461308        8.0372621871637216E-005   1230947943.2260482             2984
   1119.3274159269909        8.0310175442026014E-005   1230951809.7243214             2985
   1119.7024628078509        8.0248059303887398E-005   1230955673.4694755             2986
   1120.0775096887112        8.0185771117435319E-005   1230959534.4766040             2987
   1120.4525565695712        8.0123812955362200E-005   1230963392.7366343             2988
   1120.8276034504313        8.0061682478391148E-005   1230967248.2646518             2989
   1121.2026503312914        7.9999881759853288E-005   1230971101.0515735             2990
   1121.5776972121516        7.9937908460977699E-005   1230974951.1124773             2991
   1121.9527440930117        7.9876264655731553E-005   1230978798.4382691             2992
   1122.3277909738717        7.9814448005846591E-005   1230982643.0440202             2993
   1122.7028378547318        7.9752960585922645E-005   1230986484.9206250             2994
   1123.0778847355921        7.9691300058191191E-005   1230990324.0831475             2995
   1123.4529316164521        7.9629968497881752E-005   1230994160.5224719             2996
   1123.8279784973120        7.9568463567722316E-005   1230997994.2536542             2997
   1124.2030253781722        7.9507287343569128E-005   1231001825.2675686             2998
   1124.5780722590325        7.9445937488643542E-005   1231005653.5792637             2999
   1124.9531191398924        7.9384916079425490E-005   1231009479.1796026             3000
   1125.3281660207524        7.9323720779626847E-005   1231013302.0836267             3001
   1125.7032129016129        7.9262853666347871E-005   1231017122.2821894             3002
   1126.0782597824727        7.9201812403788125E-005   1231020939.7903240             3003
   1126.4533066633328        7.9141099069665496E-005   1231024754.5988734             3004
   1126.8283535441931        7.9080211328663738E-005   1231028566.7228639             3005
   1127.2034004250531        7.9019651259115426E-005   1231032376.1531281             3006
   1127.5784473059132        7.8958916526185999E-005   1231036182.9046853             3007
   1127.9534941867732        7.8898509208819386E-005   1231039986.9683568             3008
   1128.3285410676335        7.8837926972659687E-005   1231043788.3591549             3009
   1128.7035879484936        7.8777671897259504E-005   1231047587.0678916             3010
   1129.0786348293536        7.8717241648738656E-005   1231051383.1095712             3011
   1129.4536817102137        7.8657138307255449E-005   1231055176.4749954             3012
   1129.8287285910740        7.8596859539402345E-005   1231058967.1791613             3013
   1130.2037754719340        7.8536907425940549E-005   1231062755.2128606             3014
   1130.5788223527941        7.8476779633932539E-005   1231066540.5910833             3015
   1130.9538692336541        7.8416978244739285E-005   1231070323.3046103             3016
   1131.3289161145142        7.8357000925890341E-005   1231074103.3684254             3017
   1131.7039629953745        7.8297349759343706E-005   1231077880.7732990             3018
   1132.0790098762345        7.8237522413093270E-005   1231081655.5342071             3019
   1132.4540567570946        7.8178020969691094E-005   1231085427.6419110             3020
   1132.8291036379549        7.8118343097592478E-005   1231089197.1113791             3021
   1133.2041505188149        7.8058990879940996E-005   1231092963.9333627             3022
   1133.5791973996750        7.7999461985650374E-005   1231096728.1228235             3023
   1133.9542442805350        7.7940258498452789E-005   1231100489.6705022             3024
   1134.3292911613953        7.7880878087717900E-005   1231104248.5913537             3025
   1134.7043380422554        7.7821822837763609E-005   1231108004.8761089             3026
   1135.0793849231152        7.7762590418412652E-005   1231111758.5397158             3027
   1135.4544318039755        7.7703682914565946E-005   1231115509.5728948             3028
   1135.8294786848357        7.7644597996496468E-005   1231119257.9905872             3029
   1136.2045255656956        7.7585837749685510E-005   1231123003.7835040             3030
   1136.5795724465556        7.7526899844853635E-005   1231126746.9665787             3031
   1136.9546193274159        7.7468286368059553E-005   1231130487.5305130             3032
   1137.3296662082762        7.7409494990468905E-005   1231134225.4902337             3033
   1137.7047130891360        7.7351027798715138E-005   1231137960.8364320             3034
   1138.0797599699963        7.7292382464406111E-005   1231141693.5840280             3035
   1138.4548068508566        7.7234061074747378E-005   1231145423.7237034             3036
   1138.8298537317164        7.7175561301786401E-005   1231149151.2703717             3037
   1139.2049006125765        7.7117385233298183E-005   1231152876.2147040             3038
   1139.5799474934367        7.7059030541767041E-005   1231156598.5716071             3039
   1139.9549943742968        7.7000999315534891E-005   1231160318.3317435             3040
   1140.3300412551569        7.6942789227520220E-005   1231164035.5100119             3041
   1140.7050881360169        7.6884902366629218E-005   1231167750.0970654             3042
   1141.0801350168772        7.6826836406211881E-005   1231171462.1077967             3043
   1141.4551818977372        7.6769093435736019E-005   1231175171.5328486             3044
   1141.8302287785973        7.6711171128980755E-005   1231178878.3871071             3045
   1142.2052756594574        7.6653571575972844E-005   1231182582.6612053             3046
   1142.5803225403174        7.6595792450917692E-005   1231186284.3700228             3047
   1142.9553694211777        7.6538335844398656E-005   1231189983.5041831             3048
   1143.3304163020377        7.6480699431044955E-005   1231193680.0785587             3049
   1143.7054631828978        7.6423385301993839E-005   1231197374.0837638             3050
   1144.0805100637581        7.6365891132295754E-005   1231201065.5346644             3051
   1144.4555569446181        7.6308719013639360E-005   1231204754.4218652             3052
   1144.8306038254782        7.6251366621493823E-005   1231208440.7602255             3053
   1145.2056507063382        7.6194336048096586E-005   1231212124.5403404             3054
   1145.5806975871985        7.6137124969333133E-005   1231215805.7770627             3055
   1145.9557444680586        7.6080235477987183E-005   1231219484.4609780             3056
   1146.3307913489186        7.6023165250358035E-005   1231223160.6069324             3057
   1146.7058382297787        7.5966416379773079E-005   1231226834.2055025             3058
   1147.0808851106390        7.5909486542942960E-005   1231230505.2715278             3059
   1147.4559319914990        7.5852877833736452E-005   1231234173.7955751             3060
   1147.8309788723589        7.5796087929272930E-005   1231237839.7924776             3061
   1148.2060257532191        7.5739618923960058E-005   1231241503.2527931             3062
   1148.5810726340794        7.5682968495323623E-005   1231245164.1913478             3063
   1148.9561195149392        7.5626638738307672E-005   1231248822.5986905             3064
   1149.3311663957993        7.5570127330841871E-005   1231252478.4896410             3065
   1149.7062132766598        7.5513936368404221E-005   1231256131.8547382             3066
   1150.0812601575196        7.5457563529326074E-005   1231259782.7087963             3067
   1150.4563070383797        7.5401510909617027E-005   1231263431.0423448             3068
   1150.8313539192400        7.5345276188007324E-005   1231267076.8701909             3069
   1151.2064008001000        7.5289361461035925E-005   1231270720.1828556             3070
   1151.5814476809601        7.5233264407829754E-005   1231274360.9951396             3071
   1151.9564945618201        7.5177487125454694E-005   1231277999.2975543             3072
   1152.3315414426804        7.5121527293431711E-005   1231281635.1048939             3073
   1152.7065883235405        7.5065887009351440E-005   1231285268.4076617             3074
   1153.0816352044005        7.5010063953126732E-005   1231288899.2206447             3075
   1153.4566820852606        7.4954560222870401E-005   1231292527.5343373             3076
   1153.8317289661206        7.4898873498884850E-005   1231296153.3635204             3077
   1154.2067758469809        7.4843505879802785E-005   1231299776.6986787             3078
   1154.5818227278410        7.4787955046313789E-005   1231303397.5545878             3079
   1154.9568696087010        7.4732723097568126E-005   1231307015.9217229             3080
   1155.3319164895613        7.4677307714640312E-005   1231310631.8148530             3081
   1155.7069633704214        7.4622210997195889E-005   1231314245.2244446             3082
   1156.0820102512814        7.4566930626692045E-005   1231317856.1652606             3083
   1156.4570571321415        7.4511968703307163E-005   1231321464.6277585             3084
   1156.8321040130018        7.4456822908878931E-005   1231325070.6266947             3085
   1157.2071508938618        7.4401995344096364E-005   1231328674.1525180             3086
   1157.5821977747219        7.4346983691175265E-005   1231332275.2199786             3087
   1157.9572446555819        7.4292290051312964E-005   1231335873.8195164             3088
   1158.3322915364422        7.4237412107101185E-005   1231339469.9658754             3089
   1158.7073384173023        7.4182851960243498E-005   1231343063.6494868             3090
   1159.0823852981621        7.4128107293705122E-005   1231346654.8850882             3091
   1159.4574321790224        7.4073680209693551E-005   1231350243.6631019             3092
   1159.8324790598826        7.4019068391545625E-005   1231353829.9982595             3093
   1160.2075259407425        7.3964773941970392E-005   1231357413.8809750             3094
   1160.5825728216025        7.3910294544673904E-005   1231360995.3259735             3095
   1160.9576197024630        7.3856132302864728E-005   1231364574.3236601             3096
   1161.3326665833229        7.3801784900615958E-005   1231368150.8887539             3097
   1161.7077134641829        7.3747754441633526E-005   1231371725.0116515             3098
   1162.0827603450432        7.3693538610355251E-005   1231375296.7070656             3099
   1162.4578072259033        7.3639639510982206E-005   1231378865.9653842             3100
   1162.8328541067633        7.3585554828315108E-005   1231382432.8013144             3101
   1163.2079009876234        7.3531786667047826E-005   1231385997.2052348             3102
   1163.5829478684836        7.3477832712341601E-005   1231389559.1918468             3103
   1163.9579947493437        7.3424195069381160E-005   1231393118.7515209             3104
   1164.3330416302038        7.3370371423686211E-005   1231396675.8989520             3105
   1164.7080885110638        7.3316863880930157E-005   1231400230.6245022             3106
   1165.0831353919241        7.3263170126988960E-005   1231403782.9428601             3107
   1165.4581822727841        7.3209792268022492E-005   1231407332.8443794             3108
   1165.8332291536442        7.3156227990261140E-005   1231410880.3437431             3109
   1166.2082760345043        7.3102979400349035E-005   1231414425.4312959             3110
   1166.5833229153643        7.3049544184868674E-005   1231417968.1217151             3111
   1166.9583697962246        7.2996424450946724E-005   1231421508.4053371             3112
   1167.3334166770846        7.2943117885515514E-005   1231425046.2968330             3113
   1167.7084635579447        7.2890126596182039E-005   1231428581.7865307             3114
   1168.0835104388050        7.2836948270226480E-005   1231432114.8890955             3115
   1168.4585573196650        7.2784085015734212E-005   1231435645.5948472             3116
   1168.8336042005251        7.2731034520331179E-005   1231439173.9184449             3117
   1169.2086510813851        7.2678298892578966E-005   1231442699.8501999             3118
   1169.5836979622454        7.2625375820447235E-005   1231446223.4047658             3119
   1169.9587448431055        7.2572767412971991E-005   1231449744.5724454             3120
   1170.3337917239653        7.2519971358464409E-005   1231453263.3678863             3121
   1170.7088386048256        7.2467489766432687E-005   1231456779.7813833             3122
   1171.0838854856859        7.2414820325527831E-005   1231460293.8275778             3123
   1171.4589323665457        7.2362465145728056E-005   1231463805.4967568             3124
   1171.8339792474058        7.2309921916022217E-005   1231467314.8035557             3125
   1172.2090261282660        7.2257692746856565E-005   1231470821.7382529             3126
   1172.5840730091261        7.2205275327555640E-005   1231474326.3154786             3127
   1172.9591198899861        7.2153171769031912E-005   1231477828.5255024             3128
   1173.3341667708464        7.2100879760943611E-005   1231481328.3829494             3129
   1173.7092136517065        7.2048901414667449E-005   1231484825.8780806             3130
   1174.0842605325665        7.1996734420193409E-005   1231488321.0255153             3131
   1174.4593074134266        7.1944880889360425E-005   1231491813.8155065             3132
   1174.8343542942869        7.1892838512488185E-005   1231495304.2626679             3133
   1175.2094011751469        7.1841109401876005E-005   1231498792.3572445             3134
   1175.5844480560070        7.1789191248171393E-005   1231502278.1138437             3135
   1175.9594949368670        7.1737586164132052E-005   1231505761.5227029             3136
   1176.3345418177273        7.1685791840731238E-005   1231509242.5984237             3137
   1176.7095886985874        7.1634310391183146E-005   1231512721.3312352             3138
   1177.0846355794474        7.1582639506785126E-005   1231516197.7357337             3139
   1177.4596824603075        7.1531281301205816E-005   1231519671.8021405             3140
   1177.8347293411675        7.1479733466064534E-005   1231523143.5450456             3141
   1178.2097762220278        7.1428498115482490E-005   1231526612.9546628             3142
   1178.5848231028879        7.1377072941399358E-005   1231530080.0455763             3143
   1178.9598699837479        7.1325960058386969E-005   1231533544.8079917             3144
   1179.3349168646082        7.1274657158703128E-005   1231537007.2564883             3145
   1179.7099637454683        7.1223666357368636E-005   1231540467.3812633             3146
   1180.0850106263283        7.1172485346957789E-005   1231543925.1968901             3147
   1180.4600575071884        7.1121616242938039E-005   1231547380.6935582             3148
   1180.8351043880486        7.1070556738198493E-005   1231550833.8858361             3149
   1181.2101512689087        7.1019808948651601E-005   1231554284.7639048             3150
   1181.5851981497685        7.0968870567499317E-005   1231557733.3423271             3151
   1181.9602450306288        7.0918243711097013E-005   1231561179.6112766             3152
   1182.3352919114891        7.0867426072957661E-005   1231564623.5853105             3153
   1182.7103387923489        7.0816919769878120E-005   1231568065.2545943             3154
   1183.0853856732090        7.0766222495680239E-005   1231571504.6336799             3155
   1183.4604325540693        7.0715836367600491E-005   1231574941.7127249             3156
   1183.8354794349293        7.0665259079767976E-005   1231578376.5062761             3157
   1184.2105263157894        7.0614992749856888E-005   1231581809.0044832             3158
   1184.5855731966494        7.0564535072301703E-005   1231585239.2218871             3159
   1184.9606200775097        7.0514388165212507E-005   1231588667.1486299             3160
   1185.3356669583698        7.0464049723327555E-005   1231592092.7992475             3161
   1185.7107138392298        7.0414021865191048E-005   1231595516.1638741             3162
   1186.0857607200901        7.0363802285842867E-005   1231598937.2570403             3163
   1186.4608076009501        7.0313893104259726E-005   1231602356.0688725             3164
   1186.8358544818102        7.0263792015781628E-005   1231605772.6138952             3165
   1187.2109013626703        7.0214001139815688E-005   1231609186.8822281             3166
   1187.5859482435305        7.0164018172000337E-005   1231612598.8883903             3167
   1187.9609951243906        7.0114345232171436E-005   1231616008.6224935             3168
   1188.3360420052506        7.0064480016264081E-005   1231619416.0990515             3169
   1188.7110888861107        7.0014924644541093E-005   1231622821.3081682             3170
   1189.0861357669708        6.9965176813232294E-005   1231626224.2643526             3171
   1189.4611826478310        6.9915738643025932E-005   1231629624.9577007             3172
   1189.8362295286911        6.9866107830444943E-005   1231633023.4027162             3173
   1190.2112764095511        6.9816786496601187E-005   1231636419.5894876             3174
   1190.5863232904114        6.9767272338308749E-005   1231639813.5325131             3175
   1190.9613701712715        6.9718067477101474E-005   1231643205.2218745             3176
   1191.3364170521315        6.9668669610083200E-005   1231646594.6720638             3177
   1191.7114639329916        6.9619580859207642E-005   1231649981.8731551             3178
   1192.0865108138519        6.9570298921866751E-005   1231653366.8396361             3179
   1192.4615576947119        6.9521325920432760E-005   1231656749.5615733             3180
   1192.8366045755720        6.9472159552583780E-005   1231660130.0534487             3181
   1193.2116514564320        6.9423301941108810E-005   1231663508.3053212             3182
   1193.5866983372923        6.9374250783970417E-005   1231666884.3316681             3183
   1193.9617452181524        6.9325508204372957E-005   1231670258.1225407             3184
   1194.3367920990122        6.9276571900561690E-005   1231673629.6924109             3185
   1194.7118389798725        6.9227943996154418E-005   1231676999.0313234             3186
   1195.0868858607328        6.9179122189677521E-005   1231680366.1537442             3187
   1195.4619327415926        6.9130608605160704E-005   1231683731.0497103             3188
   1195.8369796224526        6.9081900941409921E-005   1231687093.7336833             3189
   1196.2120265033129        6.9033501322864936E-005   1231690454.1956928             3190
   1196.5870733841730        6.8984907448609611E-005   1231693812.4501951             3191
   1196.9621202650330        6.8936621443492239E-005   1231697168.4872122             3192
   1197.3371671458933        6.8888141006872948E-005   1231700522.3211954             3193
   1197.7122140267534        6.8839968264006743E-005   1231703873.9421597             3194
   1198.0872609076134        6.8791600914528626E-005   1231707223.3645511             3195
   1198.4623077884735        6.8743541084098658E-005   1231710570.5783775             3196
   1198.8373546693338        6.8695286472624965E-005   1231713915.5980797             3197
   1199.2124015501938        6.8647339206171163E-005   1231717258.4136586             3198
   1199.5874484310539        6.8599196984916875E-005   1231720599.0395496             3199
   1199.9624953119139        6.8551361935327779E-005   1231723937.4657464             3200
   1200.3375421927740        6.8503331757853236E-005   1231727273.7066796             3201
   1200.7125890736343        6.8455608579359346E-005   1231730607.7523353             3202
   1201.0876359544943        6.8407690100563822E-005   1231733939.6171396             3203
   1201.4626828353544        6.8360078448731482E-005   1231737269.2910714             3204
   1201.8377297162144        6.8312271324846684E-005   1231740596.7885513             3205
   1202.2127765970747        6.8264770856571550E-005   1231743922.0995514             3206
   1202.5878234779348        6.8217074745155744E-005   1231747245.2384875             3207
   1202.9628703587948        6.8169685118656784E-005   1231750566.1953244             3208
   1203.3379172396551        6.8122099678588011E-005   1231753884.9844728             3209
   1203.7129641205152        6.8074820553401104E-005   1231757201.5958903             3210
   1204.0880110013752        6.8027345444871416E-005   1231760516.0439832             3211
   1204.4630578822353        6.7980176481843052E-005   1231763828.3187020             3212
   1204.8381047630955        6.7932811366351939E-005   1231767138.4344471             3213
   1205.2131516439556        6.7885752227633350E-005   1231770446.3811629             3214
   1205.5881985248154        6.7838496767981944E-005   1231773752.1732447             3215
   1205.9632454056757        6.7791547117022560E-005   1231777055.8006301             3216
   1206.3382922865360        6.7744400977307273E-005   1231780357.2777092             3217
   1206.7133391673958        6.7697560478849014E-005   1231783656.5944123             3218
   1207.0883860482559        6.7650523324455606E-005   1231786953.7651250             3219
   1207.4634329291162        6.7603791644526553E-005   1231790248.7797711             3220
   1207.8384798099762        6.7556863142123952E-005   1231793541.6527307             3221
   1208.2135266908363        6.7510239948032454E-005   1231796832.3739207             3222
   1208.5885735716965        6.7463419765566911E-005   1231800120.9577165             3223
   1208.9636204525566        6.7416904725895417E-005   1231803407.3940279             3224
   1209.3386673334167        6.7370192532584318E-005   1231806691.6972258             3225
   1209.7137142142767        6.7323785317183698E-005   1231809973.8572130             3226
   1210.0887610951370        6.7277180783509717E-005   1231813253.8883557             3227
   1210.4638079759970        6.7230881063493056E-005   1231816531.7805495             3228
   1210.8388548568571        6.7184383861198455E-005   1231819807.5481560             3229
   1211.2139017377172        6.7138191308935416E-005   1231823081.1810641             3230
   1211.5889486185772        6.7091801111015685E-005   1231826352.6936302             3231
   1211.9639954994375        6.7045715400126474E-005   1231829622.0757368             3232
   1212.3390423802975        6.6999431880825034E-005   1231832889.3417358             3233
   1212.7140892611576        6.6953452686174645E-005   1231836154.4815023             3234
   1213.0891361420177        6.6907275520976587E-005   1231839417.5093834             3235
   1213.4641830228779        6.6861402518668945E-005   1231842678.4152479             3236
   1213.8392299037380        6.6815331384295537E-005   1231845937.2134380             3237
   1214.2142767845980        6.6769564251667875E-005   1231849193.8938158             3238
   1214.5893236654583        6.6723598826070725E-005   1231852448.4707186             3239
   1214.9643705463184        6.6677937241687701E-005   1231855700.9340022             3240
   1215.3394174271784        6.6632077204043107E-005   1231858951.2979987             3241
   1215.7144643080385        6.6586520847691124E-005   1231862199.5525572             3242
   1216.0895111888988        6.6540765878394324E-005   1231865445.7120061             3243
   1216.4645580697588        6.6495314431075977E-005   1231868689.7661867             3244
   1216.8396049506187        6.6449664211735458E-005   1231871931.7294230             3245
   1217.2146518314789        6.6404317355663731E-005   1231875171.5915501             3246
   1217.5896987123392        6.6358771569095701E-005   1231878409.3668866             3247
   1217.9647455931990        6.6313528987688614E-005   1231881645.0452619             3248
   1218.3397924740591        6.6268087317911456E-005   1231884878.6409893             3249
   1218.7148393549194        6.6222948695786213E-005   1231888110.1438916             3250
   1219.0898862357794        6.6177610828014783E-005   1231891339.5682778             3251
   1219.4649331166395        6.6132575850982685E-005   1231894566.9039643             3252
   1219.8399799974995        6.6087341471622943E-005   1231897792.1652551             3253
   1220.2150268783598        6.6042409826683253E-005   1231901015.3419600             3254
   1220.5900737592199        6.5997278623326707E-005   1231904236.4483786             3255
   1220.9651206400799        6.5952449998661768E-005   1231907455.4743142             3256
   1221.3401675209402        6.5907421660080026E-005   1231910672.4340618             3257
   1221.7152144018003        6.5862695745049315E-005   1231913887.3174181             3258
   1222.0902612826603        6.5817769961188689E-005   1231917100.1386735             3259
   1222.4653081635204        6.5773146446323826E-005   1231920310.8876185             3260
   1222.8403550443807        6.5728322908299713E-005   1231923519.5785391             3261
   1223.2154019252407        6.5683801485298758E-005   1231926726.2012188             3262
   1223.5904488061008        6.5639079885390715E-005   1231929930.7699392             3263
   1223.9654956869608        6.5594660247113109E-005   1231933133.2744777             3264
   1224.3405425678209        6.5550040278759055E-005   1231936333.7291110             3265
   1224.7155894486812        6.5505722119220083E-005   1231939532.1236105             3266
   1225.0906363295412        6.5461203477011298E-005   1231942728.4722481             3267
   1225.4656832104013        6.5416986491376785E-005   1231945922.7647886             3268
   1225.8407300912615        6.5372568871052366E-005   1231949115.0155001             3269
   1226.2157769721216        6.5328452755633571E-005   1231952305.2141407             3270
   1226.5908238529817        6.5284135854075541E-005   1231955493.3749738             3271
   1226.9658707338417        6.5240120306323720E-005   1231958679.4877512             3272
   1227.3409176147020        6.5195903821551430E-005   1231961863.5667322             3273
   1227.7159644955620        6.5151988540052970E-005   1231965045.6016622             3274
   1228.0910113764219        6.5107872171218221E-005   1231968225.6067958             3275
   1228.4660582572822        6.5064056855689020E-005   1231971403.5718725             3276
   1228.8411051381424        6.5020040303070584E-005   1231974579.5111420             3277
   1229.2161520190023        6.4976324654351196E-005   1231977753.4143376             3278
   1229.5911988998623        6.4932407619350079E-005   1231980925.2957051             3279
   1229.9662457807226        6.4888791339400454E-005   1231984095.1449709             3280
   1230.3412926615827        6.4844973524534429E-005   1231987262.9763768             3281
   1230.7163395424427        6.4801456316428903E-005   1231990428.7796433             3282
   1231.0913864233028        6.4757737425327660E-005   1231993592.5690069             3283
   1231.4664333041630        6.4714318993249896E-005   1231996754.3341827             3284
   1231.8414801850231        6.4670698730649799E-005   1231999914.0894024             3285
   1232.2165270658832        6.4627378779887775E-005   1232003071.8243752             3286
   1232.5915739467434        6.4583856851627061E-005   1232006227.5533280             3287
   1232.9666208276035        6.4540635088567824E-005   1232009381.2659640             3288
   1233.3416677084635        6.4497211201581386E-005   1232012532.9765067             3289
   1233.7167145893236        6.4454087333706459E-005   1232015682.6746519             3290
   1234.0917614701839        6.4410761196020944E-005   1232018830.3746192             3291
   1234.4668083510439        6.4367734931901051E-005   1232021976.0660985             3292
   1234.8418552319040        6.4324506252630043E-005   1232025119.7633047             3293
   1235.2169021127640        6.4281577301920301E-005   1232028261.4559221             3294
   1235.5919489936241        6.4238445791259258E-005   1232031401.1581607             3295
   1235.9669958744844        6.4195613864694229E-005   1232034538.8596995             3296
   1236.3420427553444        6.4152579233915733E-005   1232037674.5747437             3297
   1236.7170896362045        6.4109844043304764E-005   1232040808.2929659             3298
   1237.0921365170645        6.4066906004753472E-005   1232043940.0285678             3299
   1237.4671833979248        6.4024267262975527E-005   1232047069.7712159             3300
   1237.8422302787849        6.3981425530063574E-005   1232050197.5351071             3301
   1238.2172771596449        6.3938882951062616E-005   1232053323.3099020             3302
   1238.5923240405052        6.3896137238264589E-005   1232056447.1097937             3303
   1238.9673709213653        6.3853690537044673E-005   1232059568.9244366             3304
   1239.3424178022251        6.3811040559892985E-005   1232062688.7680192             3305
   1239.7174646830854        6.3768689452513679E-005   1232065806.6301906             3306
   1240.0925115639457        6.3726134927593681E-005   1232068922.5251348             3307
   1240.4675584448055        6.3683879131165103E-005   1232072036.4424946             3308
   1240.8426053256655        6.3641419776110488E-005   1232075148.3964503             3309
   1241.2176522065258        6.3599259008788604E-005   1232078258.3766387             3310
   1241.5926990873861        6.3556894542276624E-005   1232081366.3972354             3311
   1241.9677459682459        6.3514828523258791E-005   1232084472.4478722             3312
   1242.3427928491060        6.3472558665005632E-005   1232087576.5427198             3313
   1242.7178397299663        6.3430587114525651E-005   1232090678.6714041             3314
   1243.0928866108263        6.3388411585281668E-005   1232093778.8480926             3315
   1243.4679334916864        6.3346534224605321E-005   1232096877.0624039             3316
   1243.8429803725467        6.3304452746150495E-005   1232099973.3285022             3317
   1244.2180272534067        6.3262669297570767E-005   1232103067.6360004             3318
   1244.5930741342668        6.3220681592710150E-005   1232106159.9990582             3319
   1244.9681210151268        6.3178991779542834E-005   1232109250.4072828             3320
   1245.3431678959871        6.3137097572101727E-005   1232112338.8748298             3321
   1245.7182147768472        6.3095501118680722E-005   1232115425.3913009             3322
   1246.0932616577072        6.3053700133500499E-005   1232118509.9708467             3323
   1246.4683085385673        6.3012196765173354E-005   1232121592.6030638             3324
   1246.8433554194273        6.2970488728106557E-005   1232124673.3020988             3325
   1247.2184023002876        6.2929078171229831E-005   1232127752.0575421             3326
   1247.5934491811477        6.2887462809135914E-005   1232130828.8835368             3327
   1247.9684960620077        6.2846144791070831E-005   1232133903.7696674             3328
   1248.3435429428678        6.2804621831811632E-005   1232136976.7300723             3329
   1248.7185898237281        6.2763396080919482E-005   1232140047.7543309             3330
   1249.0936367045881        6.2721965253354728E-005   1232143116.8565774             3331
   1249.4686835854482        6.2680831498992560E-005   1232146184.0263855             3332
   1249.8437304663084        6.2639492532975404E-005   1232149249.2778854             3333
   1250.2187773471685        6.2598450505491445E-005   1232152312.6006451             3334
   1250.5938242280286        6.2557203131864158E-005   1232155374.0087905             3335
   1250.9688711088886        6.2516252562593475E-005   1232158433.4918845             3336
   1251.3439179897489        6.2475096513182931E-005   1232161491.0640485             3337
   1251.7189648706089        6.2434237134443137E-005   1232164546.7148399             3338
   1252.0940117514688        6.2393172142056534E-005   1232167600.4583764             3339
   1252.4690586323291        6.2352403687143353E-005   1232170652.2842095             3340
   1252.8441055131893        6.2311429485563752E-005   1232173702.2064528             3341
   1253.2191523940492        6.2270751688746687E-005   1232176750.2146523             3342
   1253.5941992749092        6.2229868012728985E-005   1232179796.3229177             3343
   1253.9692461557695        6.2189280609247044E-005   1232182840.5207894             3344
   1254.3442930366296        6.2148487194513345E-005   1232185882.8223732             3345
   1254.7193399174896        6.2107989920570747E-005   1232188923.2172039             3346
   1255.0943867983497        6.2067286503806194E-005   1232191961.7193830             3347
   1255.4694336792099        6.2026879096568034E-005   1232194998.3184402             3348
   1255.8444805600700        6.1986265415416668E-005   1232198033.0284731             3349
   1256.2195274409301        6.1945947613004833E-005   1232201065.8390057             3350
   1256.5945743217903        6.1905423406065306E-005   1232204096.7641315             3351
   1256.9696212026504        6.1865194947554076E-005   1232207125.7933691             3352
   1257.3446680835104        6.1824759954375426E-005   1232210152.9408085             3353
   1257.7197149643705        6.1784620579787513E-005   1232213178.1959624             3354
   1258.0947618452306        6.1744274540864960E-005   1232216201.5729165             3355
   1258.4698087260908        6.1704223991167103E-005   1232219223.0611792             3356
   1258.8448556069509        6.1663966647938014E-005   1232222242.6748314             3357
   1259.2199024878109        6.1624004665036944E-005   1232225260.4033761             3358
   1259.5949493686710        6.1583835759876368E-005   1232228276.2608907             3359
   1259.9699962495313        6.1543962086614752E-005   1232231290.2368727             3360
   1260.3450431303913        6.1503881362831713E-005   1232234302.3453953             3361
   1260.7200900112514        6.1464095742983955E-005   1232237312.5759509             3362
   1261.0951368921114        6.1424102944817167E-005   1232240320.9426088             3363
   1261.4701837729717        6.1384405123085097E-005   1232243327.4348557             3364
   1261.8452306538318        6.1344499995698938E-005   1232246332.0667577             3365
   1262.2202775346918        6.1304889717708180E-005   1232249334.8277957             3366
   1262.5953244155521        6.1265072007188451E-005   1232252335.7320316             3367
   1262.9703712964122        6.1225549019484237E-005   1232255334.7689419             3368
   1263.3454181772720        6.1185818472834339E-005   1232258331.9525840             3369
   1263.7204650581323        6.1146382522877293E-005   1232261327.2724295             3370
   1264.0955119389926        6.1106738888014217E-005   1232264320.7425315             3371
   1264.4705588198524        6.1067389724176694E-005   1232267312.3523562             3372
   1264.8456057007124        6.1027832749926867E-005   1232270302.1159537             3373
   1265.2206525815727        6.0988570121488593E-005   1232273290.0227842             3374
   1265.5956994624328        6.0949099557584109E-005   1232276276.0868943             3375
   1265.9707463432928        6.0909923214728375E-005   1232279260.2977390             3376
   1266.3457932241529        6.0870538811802973E-005   1232282242.6693609             3377
   1266.7208401050132        6.0831448505612838E-005   1232285223.1912098             3378
   1267.0958869858732        6.0792150015197865E-005   1232288201.8773246             3379
   1267.4709338667333        6.0753145497652134E-005   1232291178.7171500             3380
   1267.8459807475936        6.0713932672172830E-005   1232294153.7247207             3381
   1268.2210276284536        6.0675013696142091E-005   1232297126.8894768             3382
   1268.5960745093137        6.0635886288913589E-005   1232300098.2254488             3383
   1268.9711213901737        6.0597052608156508E-005   1232303067.7220716             3384
   1269.3461682710340        6.0558010373379773E-005   1232306035.3933725             3385
   1269.7212151518941        6.0519261742538940E-005   1232309001.2287807             3386
   1270.0962620327541        6.0480304435297342E-005   1232311965.2423198             3387
   1270.4713089136142        6.0441640609895804E-005   1232314927.4234140             3388
   1270.8463557944742        6.0402767986151082E-005   1232317887.7860830             3389
   1271.2214026753345        6.0364188722588189E-005   1232320846.3197463             3390
   1271.5964495561946        6.0325400539176597E-005   1232323803.0384197             3391
   1271.9714964370546        6.0286905594724534E-005   1232326757.9315171             3392
   1272.3465433179147        6.0248201609352995E-005   1232329711.0130510             3393
   1272.7215901987749        6.0209790742152684E-005   1232332662.2724307             3394
   1273.0966370796350        6.0171170713395267E-005   1232335611.7236640             3395
   1273.4716839604951        6.0132843682452805E-005   1232338559.3561559             3396
   1273.8467308413553        6.0094307369746792E-005   1232341505.1839101             3397
   1274.2217777222154        6.0056063934929768E-005   1232344449.1963267             3398
   1274.5968246030752        6.0017611098571958E-005   1232347391.4074061             3399
   1274.9718714839355        5.9979451020605449E-005   1232350331.8065426             3400
   1275.3469183647958        5.9941081421748380E-005   1232353270.4077334             3401
   1275.7219652456556        5.9903004462211659E-005   1232356207.2003679             3402
   1276.0970121265157        5.9864717862860188E-005   1232359142.1984394             3403
   1276.4720590073759        5.9826723784182564E-005   1232362075.3913324             3404
   1276.8471058882360        5.9788519947189874E-005   1232365006.7930362             3405
   1277.2221527690961        5.9750608512647398E-005   1232367936.3929310             3406
   1277.5971996499561        5.9712487201711422E-005   1232370864.2050023             3407
   1277.9722465308164        5.9674658175423137E-005   1232373790.2186251             3408
   1278.3472934116764        5.9636619155083062E-005   1232376714.4477813             3409
   1278.7223402925365        5.9598872302007361E-005   1232379636.8818409             3410
   1279.0973871733966        5.9560915337639871E-005   1232382557.5347822             3411
   1279.4724340542568        5.9523250423570870E-005   1232385476.3959706             3412
   1279.8474809351169        5.9485375281386611E-005   1232388393.4793806             3413
   1280.2225278159769        5.9447792072950701E-005   1232391308.7743723             3414
   1280.5975746968372        5.9409998519990616E-005   1232394222.2949171             3415
   1280.9726215776973        5.9372496784642733E-005   1232397134.0303702             3416
   1281.3476684585573        5.9334784588774780E-005   1232400043.9946995             3417
   1281.7227153394174        5.9297364094794771E-005   1232402952.1772549             3418
   1282.0977622202774        5.9259733024710060E-005   1232405858.5920007             3419
   1282.4728091011377        5.9222393541199428E-005   1232408763.2282827             3420
   1282.8478559819978        5.9184843366408950E-005   1232411666.1000607             3421
   1283.2229028628578        5.9147584663287119E-005   1232414567.1966763             3422
   1283.5979497437179        5.9110115154117892E-005   1232417466.5320859             3423
   1283.9729966245782        5.9072937002118805E-005   1232420364.0956254             3424
   1284.3480435054382        5.9035547929710799E-005   1232423259.9012482             3425
   1284.7230903862981        5.8998450100379372E-005   1232426153.9382858             3426
   1285.0981372671586        5.8961141236681754E-005   1232429046.2206876             3427
   1285.4731841480186        5.8924123502370542E-005   1232431936.7377803             3428
   1285.8482310288784        5.8886894620138385E-005   1232434825.5035095             3429
   1286.2232779097387        5.8849956754004044E-005   1232437712.5071979             3430
   1286.5983247905990        5.8812807626794636E-005   1232440597.7627873             3431
   1286.9733716714588        5.8775949402794485E-005   1232443481.2595954             3432
   1287.3484185523189        5.8738879804964260E-005   1232446363.0115602             3433
   1287.7234654331792        5.8702100997852911E-005   1232449243.0079954             3434
   1288.0985123140392        5.8665110704553795E-005   1232452121.2628355             3435
   1288.4735591948993        5.8628411089879662E-005   1232454997.7653890             3436
   1288.8486060757593        5.8591499877055827E-005   1232457872.5295868             3437
   1289.2236529566196        5.8554879231157954E-005   1232460745.5447333             3438
   1289.5986998374797        5.8518046875542433E-005   1232463616.8247557             3439
   1289.9737467183397        5.8481504975546904E-005   1232466486.3589532             3440
   1290.3487935991998        5.8444751254658130E-005   1232469354.1612504             3441
   1290.7238404800601        5.8408287878474850E-005   1232472220.2209415             3442
   1291.0988873609201        5.8371612570613389E-005   1232475084.5519471             3443
   1291.4739342417802        5.8335227496932814E-005   1232477947.1435575             3444
   1291.8489811226405        5.8298630381178006E-005   1232480808.0096896             3445
   1292.2240280035005        5.8262323389467751E-005   1232483667.1396291             3446
   1292.5990748843606        5.8225804245674688E-005   1232486524.5472891             3447
   1292.9741217652206        5.8189575116176235E-005   1232489380.2219512             3448
   1293.3491686460807        5.8153133724972017E-005   1232492234.1775250             3449
   1293.7242155269410        5.8116982238697419E-005   1232495086.4032872             3450
   1294.0992624078010        5.8080618381478313E-005   1232497936.9131444             3451
   1294.4743092886611        5.8044544320207121E-005   1232500785.6963680             3452
   1294.8493561695211        5.8008257779135038E-005   1232503632.7668617             3453
   1295.2244030503814        5.7972260925410760E-005   1232506478.1138928             3454
   1295.5994499312415        5.7936051483410087E-005   1232509321.7513607             3455
   1295.9744968121013        5.7900131620537208E-005   1232512163.6685283             3456
   1296.3495436929616        5.7863999061291661E-005   1232515003.8792922             3457
   1296.7245905738218        5.7828155973332302E-005   1232517842.3729107             3458
   1297.0996374546819        5.7792100081281632E-005   1232520679.1632764             3459
   1297.4746843355420        5.7756333553052461E-005   1232523514.2396436             3460
   1297.8497312164022        5.7720354113389351E-005   1232526347.6159012             3461
   1298.2247780972623        5.7684663930458251E-005   1232529179.2812989             3462
   1298.5998249781221        5.7648760729125060E-005   1232532009.2497227             3463
   1298.9748718589824        5.7613146677807987E-005   1232534837.5104179             3464
   1299.3499187398427        5.7577319501493650E-005   1232537664.0772667             3465
   1299.7249656207025        5.7541781368851766E-005   1232540488.9395101             3466
   1300.1000125015626        5.7506030004988702E-005   1232543312.1110268             3467
   1300.4750593824228        5.7470567578824892E-005   1232546133.5810535             3468
   1300.8501062632829        5.7434891815585816E-005   1232548953.3634655             3469
   1301.2251531441430        5.7399504884441835E-005   1232551771.4474952             3470
   1301.6002000250030        5.7363904510736648E-005   1232554587.8470144             3471
   1301.9752469058633        5.7328592863889787E-005   1232557402.5512514             3472
   1302.3502937867233        5.7293067669362459E-005   1232560215.5740747             3473
   1302.7253406675834        5.7257831096822639E-005   1232563026.9047074             3474
   1303.1003875484437        5.7222380871848277E-005   1232565836.5570152             3475
   1303.4754344293037        5.7187219164354897E-005   1232568644.5202174             3476
   1303.8504813101638        5.7151843700036527E-005   1232571450.8081756             3477
   1304.2255281910238        5.7116756649055504E-005   1232574255.4101048             3478
   1304.6005750718839        5.7081455737221037E-005   1232577058.3398635             3479
   1304.9756219527442        5.7046443134941680E-005   1232579859.5866625             3480
   1305.3506688336042        5.7011216568141018E-005   1232582659.1643569             3481
   1305.7257157144643        5.6976278207472960E-005   1232585457.0621531             3482
   1306.1007625953243        5.6941125778974830E-005   1232588253.2939029             3483
   1306.4758094761846        5.6906261453545114E-005   1232591047.8488083             3484
   1306.8508563570447        5.6871182957334150E-005   1232593840.7407179             3485
   1307.2259032379047        5.6836392461484253E-005   1232596631.9588296             3486
   1307.6009501187648        5.6801387692257990E-005   1232599421.5169885             3487
   1307.9759969996251        5.6766670821040756E-005   1232602209.4043887             3488
   1308.3510438804851        5.6731739574206628E-005   1232604995.6348710             3489
   1308.7260907613452        5.6697096123383371E-005   1232607780.1976259             3490
   1309.1011376422055        5.6662238195055796E-005   1232610563.1064913             3491
   1309.4761845230655        5.6627667961093377E-005   1232613344.3506529             3492
   1309.8512314039253        5.6592883148090807E-005   1232616123.9439456             3493
   1310.2262782847856        5.6558385928158588E-005   1232618901.8755507             3494
   1310.6013251656459        5.6523674028000596E-005   1232621678.1592999             3495
   1310.9763720465057        5.6489249619967560E-005   1232624452.7843704             3496
   1311.3514189273658        5.6454610430871966E-005   1232627225.7645905             3497
   1311.7264658082261        5.6420258633303872E-005   1232629997.0891335             3498
   1312.1015126890861        5.6385691954183631E-005   1232632766.7718241             3499
   1312.4765595699462        5.6351412566340130E-005   1232635534.8018315             3500
   1312.8516064508062        5.6316918196800772E-005   1232638301.1929772             3501
   1313.2266533316665        5.6282711018632427E-005   1232641065.9344265             3502
   1313.6017002125266        5.6248288758968892E-005   1232643829.0399976             3503
   1313.9767470933866        5.6214153591114430E-005   1232646590.4988513             3504
   1314.3517939742467        5.6179803242308420E-005   1232649350.3248029             3505
   1314.7268408551070        5.6145739886091710E-005   1232652108.5070093             3506
   1315.1018877359670        5.6111461249808779E-005   1232654865.0592821             3507
   1315.4769346168271        5.6077469507236222E-005   1232657619.9707742             3508
   1315.8519814976871        5.6043262385822818E-005   1232660373.2552941             3509
   1316.2270283785474        5.6009342059580414E-005   1232663124.9019907             3510
   1316.6020752594075        5.5975206256061308E-005   1232665874.9246690             3511
   1316.9771221402675        5.5941357149511793E-005   1232668623.3124740             3512
   1317.3521690211276        5.5907292467587094E-005   1232671370.0792079             3513
   1317.7272159019878        5.5873514384767242E-005   1232674115.2140112             3514
   1318.1022627828479        5.5839520628809688E-005   1232676858.7306828             3515
   1318.4773096637080        5.5805813374427522E-005   1232679600.6183596             3516
   1318.8523565445680        5.5771890349479634E-005   1232682340.8908370             3517
   1319.2274034254283        5.5738253728911566E-005   1232685079.5372479             3518
   1319.6024503062883        5.5704401240683027E-005   1232687816.5713844             3519
   1319.9774971871482        5.5670835059971245E-005   1232690551.9823759             3520
   1320.3525440680087        5.5637052914835941E-005   1232693285.7840109             3521
   1320.7275909488687        5.5603556980685541E-005   1232696017.9654148             3522
   1321.1026378297286        5.5569844985679134E-005   1232698748.5403733             3523
   1321.4776847105888        5.5536419105455444E-005   1232701477.4980075             3524
   1321.8527315914491        5.5502777068272350E-005   1232704204.8520999             3525
   1322.2277784723090        5.5469421049998226E-005   1232706930.5917680             3526
   1322.6028253531690        5.5435848778989083E-005   1232709654.7307909             3527
   1322.9778722340293        5.5402562431342238E-005   1232712377.2582822             3528
   1323.3529191148893        5.5369059735511098E-005   1232715098.1880178             3529
   1323.7279659957494        5.5335842867821366E-005   1232717817.5091074             3530
   1324.1030128766095        5.5302409556823134E-005   1232720535.2353237             3531
   1324.4780597574697        5.5269261979069788E-005   1232723251.3557727             3532
   1324.8531066383298        5.5235897863207478E-005   1232725965.8842239             3533
   1325.2281535191898        5.5202819386016663E-005   1232728678.8097794             3534
   1325.6032004000499        5.5169524276238796E-005   1232731390.1462054             3535
   1325.9782472809102        5.5136514710880710E-005   1232734099.8826003             3536
   1326.3532941617702        5.5103288418778583E-005   1232736808.0327272             3537
   1326.7283410426303        5.5070347577165020E-005   1232739514.5856805             3538
   1327.1033879234906        5.5037189914970220E-005   1232742219.5552204             3539
   1327.4784348043506        5.5004317609651819E-005   1232744922.9304371             3540
   1327.8534816852107        5.4971228390233462E-005   1232747624.7250881             3541
   1328.2285285660707        5.4938424434397182E-005   1232750324.9282596             3542
   1328.6035754469308        5.4905403471259383E-005   1232753023.5537057             3543
   1328.9786223277911        5.4872667678725824E-005   1232755720.5905094             3544
   1329.3536692086511        5.4839714786005105E-005   1232758416.0524213             3545
   1329.7287160895112        5.4807046971226034E-005   1232761109.9285207             3546
   1330.1037629703712        5.4774161963688718E-005   1232763802.2325552             3547
   1330.4788098512315        5.4741561941744374E-005   1232766492.9535999             3548
   1330.8538567320916        5.4708744634784008E-005   1232769182.1053998             3549
   1331.2289036129514        5.4676212221380683E-005   1232771869.6770263             3550
   1331.6039504938117        5.4643462431015523E-005   1232774555.6822209             3551
   1331.9789973746720        5.4610997442482850E-005   1232777240.1100512             3552
   1332.3540442555318        5.4578314985353303E-005   1232779922.9742560             3553
   1332.7290911363921        5.4545917238641825E-005   1232782604.2638991             3554
   1333.1041380172524        5.4513301932007911E-005   1232785283.9927161             3555
   1333.4791848981122        5.4480971244686537E-005   1232787962.1497672             3556
   1333.8542317789722        5.4448422906425494E-005   1232790638.7487848             3557
   1334.2292786598325        5.4416159096679003E-005   1232793313.7788255             3558
   1334.6043255406926        5.4383677545282545E-005   1232795987.2536187             3559
   1334.9793724215526        5.4351480431909054E-005   1232798659.1622174             3560
   1335.3544193024127        5.4319065486481072E-005   1232801329.5183475             3561
   1335.7294661832730        5.4286934888889599E-005   1232803998.3110588             3562
   1336.1045130641330        5.4254586369143568E-005   1232806665.5540738             3563
   1336.4795599449931        5.4222522107351517E-005   1232809331.2364385             3564
   1336.8546068258531        5.4190239833608134E-005   1232811995.3718731             3565
   1337.2296537067134        5.4158241728238811E-005   1232814657.9494195             3566
   1337.6047005875735        5.4126025521423384E-005   1232817318.9827948             3567
   1337.9797474684335        5.4094093393703545E-005   1232819978.4610374             3568
   1338.3547943492938        5.4061943075343739E-005   1232822636.3978612             3569
   1338.7298412301539        5.4030076747101251E-005   1232825292.7823014             3570
   1339.1048881110139        5.3997992139324511E-005   1232827947.6280684             3571
   1339.4799349918740        5.3966191432985794E-005   1232830600.9241941             3572
   1339.8549818727340        5.3934172358516967E-005   1232833252.6843858             3573
   1340.2300287535943        5.3902437097104645E-005   1232835902.8976715             3574
   1340.6050756344544        5.3870483379263534E-005   1232838551.5777559             3575
   1340.9801225153144        5.3838813386394021E-005   1232841198.7136636             3576
   1341.3551693961745        5.3806924849092993E-005   1232843844.3190958             3577
   1341.7302162770347        5.3775319948974127E-005   1232846488.3830738             3578
   1342.1052631578948        5.3743496416715884E-005   1232849130.9192958             3579
   1342.4803100387546        5.3711956434144490E-005   1232851771.9167793             3580
   1342.8553569196149        5.3680197732019398E-005   1232854411.3892200             3581
   1343.2304038004752        5.3648722492378938E-005   1232857049.3256316             3582
   1343.6054506813350        5.3617028446062907E-005   1232859685.7397065             3583
   1343.9804975621951        5.3585617775321136E-005   1232862320.6204555             3584
   1344.3555444430556        5.3553988211073207E-005   1232864953.9815679             3585
   1344.7305913239156        5.3522641935779774E-005   1232867585.8120503             3586
   1345.1056382047755        5.3491076680439742E-005   1232870216.1255898             3587
   1345.4806850856357        5.3459794627723882E-005   1232872844.9111893             3588
   1345.8557319664960        5.3428293508709901E-005   1232875472.1825328             3589
   1346.2307788473559        5.3397075506278168E-005   1232878097.9286201             3590
   1346.6058257282159        5.3365638351584518E-005   1232880722.1631315             3591
   1346.9808726090762        5.3334484227718396E-005   1232883344.8750641             3592
   1347.3559194899362        5.3303110865913144E-005   1232885966.0780950             3593
   1347.7309663707963        5.3272020449466828E-005   1232888585.7612174             3594
   1348.1060132516563        5.3240710709689639E-005   1232891203.9381061             3595
   1348.4810601325166        5.3209683830087525E-005   1232893820.5977507             3596
   1348.8561070133767        5.3178437542047141E-005   1232896435.7538228             3597
   1349.2311538942367        5.3147474029281808E-005   1232899049.3953090             3598
   1349.6062007750968        5.3116291023254002E-005   1232901661.5358777             3599
   1349.9812476559571        5.3085390707883816E-005   1232904272.1645119             3600
   1350.3562945368171        5.3054270814708980E-005   1232906881.2948773             3601
   1350.7313414176772        5.3023433527855877E-005   1232909488.9159534             3602
   1351.1063882985372        5.2992376578936827E-005   1232912095.0414033             3603
   1351.4814351793975        5.2961602152283896E-005   1232914699.6602030             3604
   1351.8564820602576        5.2930607979583605E-005   1232917302.7860122             3605
   1352.2315289411176        5.2899896245373099E-005   1232919904.4078040             3606
   1352.6065758219777        5.2868964681412466E-005   1232922504.5392351             3607
   1352.9816227028380        5.2838315472443393E-005   1232925103.1692753             3608
   1353.3566695836980        5.2807446350299052E-005   1232927700.3115783             3609
   1353.7317164645581        5.2776859499925053E-005   1232930295.9551105             3610
   1354.1067633454181        5.2746052653227061E-005   1232932890.1135228             3611
   1354.4818102262784        5.2715527995354136E-005   1232935482.7757785             3612
   1354.8568571071385        5.2684783258283901E-005   1232938073.9555252             3613
   1355.2319039879983        5.2654320627368305E-005   1232940663.6417229             3614
   1355.6069508688588        5.2623637834656295E-005   1232943251.8480165             3615
   1355.9819977497189        5.2593237065702222E-005   1232945838.5633628             3616
   1356.3570446305787        5.2562616052625894E-005   1232948423.8014038             3617
   1356.7320915114390        5.2532276981183348E-005   1232951007.5510926             3618
   1357.1071383922992        5.2501717583564757E-005   1232953589.8260686             3619
   1357.4821852731591        5.2471440045727450E-005   1232956170.6152818             3620
   1357.8572321540191        5.2440942099931344E-005   1232958749.9323685             3621
   1358.2322790348794        5.2410725932334455E-005   1232961327.7662756             3622
   1358.6073259157395        5.2380289275265908E-005   1232963904.1306362             3623
   1358.9823727965995        5.2350134315083997E-005   1232966479.0143945             3624
   1359.3574196774596        5.2319758784186455E-005   1232969052.4311802             3625
   1359.7324665583199        5.2289664869131227E-005   1232971624.3699343             3626
   1360.1075134391799        5.2259350302384216E-005   1232974194.8442843             3627
   1360.4825603200400        5.2229317270702519E-005   1232976763.8431671             3628
   1360.8576072009000        5.2199063506619613E-005   1232979331.3802078             3629
   1361.2326540817601        5.2169091197091201E-005   1232981897.4443405             3630
   1361.6077009626204        5.2138898074717824E-005   1232984462.0491865             3631
   1361.9827478434804        5.2108986326653411E-005   1232987025.1836772             3632
   1362.3577947243405        5.2078853685564939E-005   1232989586.8614314             3633
   1362.7328416052007        5.2049002338803917E-005   1232992147.0713768             3634
   1363.1078884860608        5.2018930019103364E-005   1232994705.8271294             3635
   1363.4829353669209        5.1989138914011831E-005   1232997263.1176140             3636
   1363.8579822477809        5.1959126756327800E-005   1232999818.9564438             3637
   1364.2330291286412        5.1929395733796430E-005   1233002373.3325403             3638
   1364.6080760095012        5.1899443579281127E-005   1233004926.2595136             3639
   1364.9831228903613        5.1869772480723106E-005   1233007477.7262824             3640
   1365.3581697712214        5.1839880171050216E-005   1233010027.7464540             3641
   1365.7332166520816        5.1810268838399174E-005   1233012576.3089440             3642
   1366.1082635329417        5.1780436215761892E-005   1233015123.4273565             3643
   1366.4833104138015        5.1750884491469965E-005   1233017669.0906041             3644
   1366.8583572946618        5.1721111398578813E-005   1233020213.3122885             3645
   1367.2334041755221        5.1691619125614495E-005   1233022756.0813189             3646
   1367.6084510563819        5.1661905405695349E-005   1233025297.4112940             3647
   1367.9834979372422        5.1632472427541439E-005   1233027837.2911203             3648
   1368.3585448181025        5.1602817924333499E-005   1233030375.7343936             3649
   1368.7335916989623        5.1573444084985164E-005   1233032912.7300172             3650
   1369.1086385798224        5.1543848642738999E-005   1233035448.2915840             3651
   1369.4836854606826        5.1514533786701602E-005   1233037982.4079943             3652
   1369.8587323415427        5.1484997250177033E-005   1233040515.0928385             3653
   1370.2337792224027        5.1455741222464396E-005   1233043046.3350136             3654
   1370.6088261032628        5.1426263436928595E-005   1233045576.1481071             3655
   1370.9838729841231        5.1397066083060752E-005   1233048104.5210133             3656
   1371.3589198649831        5.1367646894286190E-005   1233050631.4673166             3657
   1371.7339667458432        5.1338508060287541E-005   1233053156.9759085             3658
   1372.1090136267032        5.1309147314550105E-005   1233055681.0603704             3659
   1372.4840605075635        5.1280066846947408E-005   1233058203.7095909             3660
   1372.8591073884236        5.1250764391024238E-005   1233060724.9371488             3661
   1373.2341542692836        5.1221742136844657E-005   1233063244.7319293             3662
   1373.6092011501439        5.1192497818012372E-005   1233065763.1075087             3663
   1373.9842480310040        5.1163533624781506E-005   1233068280.0527692             3664
   1374.3592949118640        5.1134347290814225E-005   1233070795.5812843             3665
   1374.7343417927241        5.1105441006554150E-005   1233073309.6819332             3666
   1375.1093886735841        5.1076312505721425E-005   1233075822.3682866             3667
   1375.4844355544444        5.1047463978948694E-005   1233078333.6292207             3668
   1375.8594824353045        5.1018393160013685E-005   1233080843.4783039             3669
   1376.2345293161645        5.0989602239737547E-005   1233083351.9044092             3670
   1376.6095761970246        5.0960588951955069E-005   1233085858.9211016             3671
   1376.9846230778849        5.0931855487675455E-005   1233088364.5172517             3672
   1377.3596699587449        5.0902899580790069E-005   1233090868.7064221             3673
   1377.7347168396047        5.0874223422495709E-005   1233093371.4774802             3674
   1378.1097637204650        5.0845324746739718E-005   1233095872.8439856             3675
   1378.4848106013253        5.0816705744906135E-005   1233098372.7948031             3676
   1378.8598574821851        5.0787864150997931E-005   1233100871.3434894             3677
   1379.2349043630452        5.0759302156585749E-005   1233103368.4789062             3678
   1379.6099512439057        5.0730517495727596E-005   1233105864.2146077             3679
   1379.9849981247655        5.0702012360180421E-005   1233108358.5394530             3680
   1380.3600450056256        5.0673284484056891E-005   1233110851.4669931             3681
   1380.7350918864859        5.0644836059299576E-005   1233113342.9860845             3682
   1381.1101387673459        5.0616164820075405E-005   1233115833.1102753             3683
   1381.4851856482060        5.0587772958512180E-005   1233118321.8284192             3684
   1381.8602325290660        5.0559158208830566E-005   1233120809.1540616             3685
   1382.2352794099263        5.0530822763343105E-005   1233123295.0760534             3686
   1382.6103262907864        5.0502264356323770E-005   1233125779.6079371             3687
   1382.9853731716464        5.0473985180269398E-005   1233128262.7385609             3688
   1383.3604200525065        5.0445482969506899E-005   1233130744.4814646             3689
   1383.7354669333668        5.0417259916716759E-005   1233133224.8254936             3690
   1384.1105138142268        5.0388813756278385E-005   1233135703.7841849             3691
   1384.4855606950869        5.0360646681055607E-005   1233138181.3463809             3692
   1384.8606075759469        5.0332256425479725E-005   1233140657.5256166             3693
   1385.2356544568072        5.0304145182597516E-005   1233143132.3107309             3694
   1385.6107013376673        5.0275810686891690E-005   1233145605.7152562             3695
   1385.9857482185273        5.0247755131591644E-005   1233148077.7280288             3696
   1386.3607950993874        5.0219476251230897E-005   1233150548.3625779             3697
   1386.7358419802476        5.0191476239220952E-005   1233153017.6077380             3698
   1387.1108888611077        5.0163252830145919E-005   1233155485.4770353             3699
   1387.4859357419678        5.0135308217598844E-005   1233157951.9593005             3700
   1387.8609826228278        5.0107140136213905E-005   1233160417.0680580             3701
   1388.2360295036881        5.0079250779765273E-005   1233162880.7921362             3702
   1388.6110763845481        5.0051137882936858E-005   1233165343.1450560             3703
   1388.9861232654080        5.0023303639683491E-005   1233167804.1156433             3704
   1389.3611701462683        4.9995245784738175E-005   1233170263.7174163             3705
   1389.7362170271285        4.9967466512236052E-005   1233172721.9391980             3706
   1390.1112639079884        4.9939463556958970E-005   1233175178.7945042             3707
   1390.4863107888484        4.9911739113221808E-005   1233177634.2721553             3708
   1390.8613576697089        4.9883790915854677E-005   1233180088.3856642             3709
   1391.2364045505687        4.9856121159351884E-005   1233182541.1238484             3710
   1391.6114514314288        4.9828227578591454E-005   1233184992.5002186             3711
   1391.9864983122891        4.9800612368246562E-005   1233187442.5035894             3712
   1392.3615451931491        4.9772773263242700E-005   1233189891.1474686             3713
   1392.7365920740092        4.9745212458431516E-005   1233192338.4206684             3714
   1393.1116389548692        4.9717427688785549E-005   1233194784.3366938             3715
   1393.4866858357295        4.9689921149334488E-005   1233197228.8843546             3716
   1393.8617327165896        4.9662190575097430E-005   1233199672.0771527             3717
   1394.2367795974496        4.9634738161281712E-005   1233202113.9038956             3718
   1394.6118264783097        4.9607061642952591E-005   1233204554.3780823             3719
   1394.9868733591700        4.9579663215494561E-005   1233206993.4885178             3720
   1395.3619202400300        4.9552040614018587E-005   1233209431.2486985             3721
   1395.7369671208901        4.9524696034085981E-005   1233211867.6474264             3722
   1396.1120140017501        4.9497127210852946E-005   1233214302.6981959             3723
   1396.4870608826102        4.9469836340057169E-005   1233216736.3898060             3724
   1396.8621077634705        4.9442321156899738E-005   1233219168.7357481             3725
   1397.2371546443305        4.9415083857294197E-005   1233221599.7248192             3726
   1397.6122015251906        4.9387622176486214E-005   1233224029.3705077             3727
   1397.9872484060509        4.9360438310564718E-005   1233226457.6616082             3728
   1398.3622952869109        4.9333029994819383E-005   1233228884.6116066             3729
   1398.7373421677710        4.9305899425514261E-005   1233231310.2092943             3730
   1399.1123890486310        4.9278544337982585E-005   1233233734.4681551             3731
   1399.4874359294913        4.9251466928663113E-005   1233236157.3769779             3732
   1399.8624828103514        4.9224164932932283E-005   1233238578.9492433             3733
   1400.2375296912114        4.9197140547403045E-005   1233240999.1737382             3734
   1400.6125765720715        4.9169891507494620E-005   1233243418.0639405             3735
   1400.9876234529318        4.9142920009993804E-005   1233245835.6086340             3736
   1401.3626703337918        4.9115723790362138E-005   1233248251.8212945             3737
   1401.7377172146516        4.9088805045559887E-005   1233250666.6907034             3738
   1402.1127640955119        4.9061661511090456E-005   1233253080.2303336             3739
   1402.4878109763722        4.9034795384087219E-005   1233255492.4289639             3740
   1402.8628578572320        4.9007704400095057E-005   1233257903.3000646             3741
   1403.2379047380923        4.8980890756419981E-005   1233260312.8324120             3742
   1403.6129516189526        4.8953852188647940E-005   1233262721.0394740             3743
   1403.9879984998124        4.8927090894257142E-005   1233265127.9100244             3744
   1404.3630453806725        4.8900104608874293E-005   1233267533.4575281             3745
   1404.7380922615328        4.8873395530149382E-005   1233269937.6707568             3746
   1405.1131391423928        4.8846461393749385E-005   1233272340.5631726             3747
   1405.4881860232529        4.8819804397495717E-005   1233274742.1235447             3748
   1405.8632329041129        4.8792922277095274E-005   1233277142.3653326             3749
   1406.2382797849732        4.8766317230540346E-005   1233279541.2773030             3750
   1406.6133266658333        4.8739486993577526E-005   1233281938.8729131             3751
   1406.9883735466933        4.8712933764369568E-005   1233284335.1409266             3752
   1407.3634204275534        4.8686155278702190E-005   1233286730.0947988             3753
   1407.7384673084134        4.8659653734908339E-005   1233289123.7232904             3754
   1408.1135141892737        4.8632926868812398E-005   1233291516.0398543             3755
   1408.4885610701338        4.8606476878917189E-005   1233293907.0332491             3756
   1408.8636079509938        4.8579801501085360E-005   1233296296.7169242             3757
   1409.2386548318541        4.8553402933989154E-005   1233298685.0796363             3758
   1409.6137017127141        4.8526778913529110E-005   1233301072.1348326             3759
   1409.9887485935742        4.8500431638546513E-005   1233303457.8712671             3760
   1410.3637954744343        4.8473858844979403E-005   1233305842.3023841             3761
   1410.7388423552945        4.8447562731837608E-005   1233308225.4169354             3762
   1411.1138892361546        4.8421041035096459E-005   1233310607.2283630             3763
   1411.4889361170146        4.8394795953933871E-005   1233312987.7254159             3764
   1411.8639829978747        4.8368325224362010E-005   1233315366.9215336             3765
   1412.2390298787350        4.8342131045726576E-005   1233317744.8054631             3766
   1412.6140767595950        4.8315711154076146E-005   1233320121.3906407             3767
   1412.9891236404549        4.8289567748923902E-005   1233322496.6658115             3768
   1413.3641705213151        4.8263198566354238E-005   1233324870.6444094             3769
   1413.7392174021754        4.8237105806047550E-005   1233327243.3151765             3770
   1414.1142642830353        4.8210787204123794E-005   1233329614.6915443             3771
   1414.4893111638953        4.8184744960430045E-005   1233331984.7622530             3772
   1414.8643580447558        4.8158476811121418E-005   1233334353.5407312             3773
   1415.2394049256156        4.8132484956211384E-005   1233336721.0157168             3774
   1415.6144518064757        4.8106267131889901E-005   1233339087.2006359             3775
   1415.9894986873360        4.8080325538336238E-005   1233341452.0842240             3776
   1416.3645455681960        4.8054157911774901E-005   1233343815.6799047             3777
   1416.7395924490561        4.8028266452550665E-005   1233346177.9764109             3778
   1417.1146393299161        4.8002148896922128E-005   1233348538.9871643             3779
   1417.4896862107764        4.7976307445399288E-005   1233350898.7008951             3780
   1417.8647330916365        4.7950239834274321E-005   1233353257.1310222             3781
   1418.2397799724965        4.7924448264222146E-005   1233355614.2662737             3782
   1418.6148268533566        4.7898430471568250E-005   1233357970.1200659             3783
   1418.9898737342166        4.7872688657151898E-005   1233360324.6811254             3784
   1419.3649206150769        4.7846720557331638E-005   1233362677.9628649             3785
   1419.7399674959370        4.7821028373110714E-005   1233365029.9540086             3786
   1420.1150143767970        4.7795109840880273E-005   1233367380.6679678             3787
   1420.4900612576573        4.7769467161807247E-005   1233369730.0934637             3788
   1420.8651081385174        4.7743598072315102E-005   1233372078.2439048             3789
   1421.2401550193774        4.7718004773733918E-005   1233374425.1080108             3790
   1421.6152019002375        4.7692185002519079E-005   1233376770.6991873             3791
   1421.9902487810978        4.7666640960163614E-005   1233379115.0061514             3792
   1422.3652956619578        4.7640870383154437E-005   1233381458.0423067             3793
   1422.7403425428179        4.7615375473147146E-005   1233383799.7963679             3794
   1423.1153894236779        4.7589653966659723E-005   1233386140.2817359             3795
   1423.4904363045382        4.7564208065510033E-005   1233388479.4871235             3796
   1423.8654831853983        4.7538535506246874E-005   1233390817.4259288             3797
   1424.2405300662581        4.7513138490849923E-005   1233393154.0868626             3798
   1424.6155769471184        4.7487514755898376E-005   1233395489.4833202             3799
   1424.9906238279787        4.7462166503533333E-005   1233397823.6040101             3800
   1425.3656707088385        4.7436591470364187E-005   1233400156.4623258             3801
   1425.7407175896985        4.7411291858693135E-005   1233402488.0469732             3802
   1426.1157644705588        4.7385765405159183E-005   1233404818.3713429             3803
   1426.4908113514189        4.7360514312225370E-005   1233407147.4241390             3804
   1426.8658582322789        4.7335036316559982E-005   1233409475.2187498             3805
   1427.2409051131392        4.7309833620786594E-005   1233411801.7438769             3806
   1427.6159519939993        4.7284403961602358E-005   1233414127.0129058             3807
   1427.9909988748593        4.7259249541791029E-005   1233416451.0145366             3808
   1428.3660457557194        4.7233868098078339E-005   1233418773.7621522             3809
   1428.7410926365797        4.7208761833407678E-005   1233421095.2444501             3810
   1429.1161395174397        4.7183428484533186E-005   1233423415.4748111             3811
   1429.4911863982998        4.7158370254557609E-005   1233425734.4419303             3812
   1429.8662332791598        4.7133084880262986E-005   1233428052.1591859             3813
   1430.2412801600201        4.7108074564911039E-005   1233430368.6152713             3814
   1430.6163270408802        4.7082837045311415E-005   1233432683.8235619             3815
   1430.9913739217402        4.7057874524884604E-005   1233434997.7727492             3816
   1431.3664208026003        4.7032684740467425E-005   1233437310.4762061             3817
   1431.7414676834603        4.7007769895638641E-005   1233439621.9226215             3818
   1432.1165145643206        4.6982627727262042E-005   1233441932.1253662             3819
   1432.4915614451807        4.6957760439074257E-005   1233444241.0731270             3820
   1432.8666083260407        4.6932665767965806E-005   1233446548.7792726             3821
   1433.2416552069010        4.6907845917830802E-005   1233448855.2324870             3822
   1433.6167020877610        4.6882798625586042E-005   1233451160.4461362             3823
   1433.9917489686211        4.6858026095282948E-005   1233453464.4089034             3824
   1434.3667958494812        4.6833026063864165E-005   1233455767.1341512             3825
   1434.7418427303414        4.6808300735538025E-005   1233458068.6105607             3826
   1435.1168896112015        4.6783347847272778E-005   1233460368.8514922             3827
   1435.4919364920613        4.6758669603433318E-005   1233462667.8456244             3828
   1435.8669833729216        4.6733763741013122E-005   1233464965.6063159             3829
   1436.2420302537819        4.6709132464533357E-005   1233467262.1222432             3830
   1436.6170771346417        4.6684273511012432E-005   1233469557.4067616             3831
   1436.9921240155018        4.6659689085127333E-005   1233471851.4485462             3832
   1437.3671708963620        4.6634876923921059E-005   1233474144.2609499             3833
   1437.7422177772221        4.6610339232226141E-005   1233476435.8326454             3834
   1438.1172646580821        4.6585573747109862E-005   1233478726.1769834             3835
   1438.4923115389424        4.6561082673560011E-005   1233481015.2826345             3836
   1438.8673584198025        4.6536363748667671E-005   1233483303.1629472             3837
   1439.2424053006625        4.6511919177575636E-005   1233485589.8065898             3838
   1439.6174521815226        4.6487246697398482E-005   1233487875.2269082             3839
   1439.9924990623829        4.6462848513433625E-005   1233490159.4125688             3840
   1440.3675459432429        4.6438222362818837E-005   1233492442.3769152             3841
   1440.7425928241030        4.6413870451005868E-005   1233494724.1086118             3842
   1441.1176397049630        4.6389290515155355E-005   1233497004.6209996             3843
   1441.4926865858233        4.6364984760872976E-005   1233499283.9027410             3844
   1441.8677334666834        4.6340450925341866E-005   1233501561.9671748             3845
   1442.2427803475434        4.6316191214321458E-005   1233503838.8029613             3846
   1442.6178272284035        4.6291703365017055E-005   1233506114.4234366             3847
   1442.9928741092635        4.6267489583341332E-005   1233508388.8172596             3848
   1443.3679209901238        4.6243047606521553E-005   1233510661.9977634             3849
   1443.7429678709839        4.6218879640623413E-005   1233512933.9536049             3850
   1444.1180147518439        4.6194483422895747E-005   1233515204.6981153             3851
   1444.4930616327042        4.6170361159556858E-005   1233517474.2199495             3852
   1444.8681085135643        4.6146010587876897E-005   1233519742.5324357             3853
   1445.2431553944243        4.6121933914226499E-005   1233522009.6242270             3854
   1445.6182022752844        4.6097628875896714E-005   1233524275.5086496             3855
   1445.9932491561447        4.6073597679410288E-005   1233526540.1743546             3856
   1446.3682960370047        4.6049338062078872E-005   1233528803.6346655             3857
   1446.7433429178645        4.6025352230576866E-005   1233531065.8782313             3858
   1447.1183897987248        4.6001137922236290E-005   1233533326.9183736             3859
   1447.4934366795851        4.5977197343882836E-005   1233535586.7437391             3860
   1447.8684835604449        4.5953028232868685E-005   1233537845.3676472             3861
   1448.2435304413050        4.5929132796170463E-005   1233540102.7787428             3862
   1448.6185773221653        4.5905008771160083E-005   1233542358.9903424             3863
   1448.9936242030255        4.5881158364964903E-005   1233544613.9910893             3864
   1449.3686710838854        4.5857079314976297E-005   1233546867.7942977             3865
   1449.7437179647454        4.5833273828472002E-005   1233549120.3886089             3866
   1450.1187648456059        4.5809239642862400E-005   1233551371.7873347             3867
   1450.4938117264658        4.5785478965575483E-005   1233553621.9791143             3868
   1450.8688586073258        4.5761489534040330E-005   1233555870.9772573             3869
   1451.2439054881861        4.5737773555834771E-005   1233558118.7704012             3870
   1451.6189523690462        4.5713828768406307E-005   1233560365.3718531             3871
   1451.9939992499062        4.5690157379482349E-005   1233562610.7702487             3872
   1452.3690461307663        4.5666257126528456E-005   1233564854.9788921             3873
   1452.7440930116265        4.5642630217421287E-005   1233567097.9864175             3874
   1453.1191398924866        4.5618774389644249E-005   1233569339.8061271             3875
   1453.4941867733467        4.5595191851222923E-005   1233571580.4266529             3876
   1453.8692336542067        4.5571380339658214E-005   1233573819.8612943             3877
   1454.2442805350668        4.5547842063124323E-005   1233576058.0986819             3878
   1454.6193274159270        4.5524074759139383E-005   1233578295.1521127             3879
   1454.9943742967871        4.5500580636025915E-005   1233580531.0102158             3880
   1455.3694211776472        4.5476857431318935E-005   1233582765.6862850             3881
   1455.7444680585074        4.5453407353488960E-005   1233584999.1689479             3882
   1456.1195149393675        4.5429728140087628E-005   1233587231.4714963             3883
   1456.4945618202275        4.5406321999733232E-005   1233589462.5825555             3884
   1456.8696087010876        4.5382686669993598E-005   1233591692.5154152             3885
   1457.2446555819479        4.5359324359634601E-005   1233593921.2586989             3886
   1457.6197024628079        4.5335732806239916E-005   1233596148.8256938             3887
   1457.9947493436680        4.5312414218722679E-005   1233598375.2050216             3888
   1458.3697962245280        4.5288866334682192E-005   1233600600.4099672             3889
   1458.7448431053883        4.5265591363178432E-005   1233602824.4291506             3890
   1459.1198899862484        4.5242087041826131E-005   1233605047.2758541             3891
   1459.4949368671082        4.5218855579831808E-005   1233607268.9386959             3892
   1459.8699837479685        4.5195394714825302E-005   1233609489.4309564             3893
   1460.2450306288288        4.5172206656159342E-005   1233611708.7412515             3894
   1460.6200775096886        4.5148789141478626E-005   1233613926.8828590             3895
   1460.9951243905487        4.5125644380281860E-005   1233616143.8443940             3896
   1461.3701712714089        4.5102270110228207E-005   1233618359.6391315             3897
   1461.7452181522690        4.5079168540962084E-005   1233620574.2556846             3898
   1462.1202650331290        4.5055837410156925E-005   1233622787.7073259             3899
   1462.4953119139893        4.5032778927602437E-005   1233624999.9826670             3900
   1462.8703587948494        4.5009490830986046E-005   1233627211.0949783             3901
   1463.2454056757094        4.4986475330242573E-005   1233629421.0328696             3902
   1463.6204525565695        4.4963230163073072E-005   1233631629.8096085             3903
   1463.9954994374298        4.4940257539557138E-005   1233633837.4138031             3904
   1464.3705463182898        4.4917055197409317E-005   1233636043.8587193             3905
   1464.7455931991499        4.4894125346853639E-005   1233638249.1329632             3906
   1465.1206400800099        4.4870965725617715E-005   1233640453.2497981             3907
   1465.4956869608700        4.4848078544069809E-005   1233642656.1978285             3908
   1465.8707338417303        4.4824961539950312E-005   1233644857.9903157             3909
   1466.2457807225903        4.4802116923771489E-005   1233647058.6158619             3910
   1466.6208276034504        4.4779042433286268E-005   1233649258.0877261             3911
   1466.9958744843104        4.4756240279150522E-005   1233651456.3945093             3912
   1467.3709213651707        4.4733208199129405E-005   1233653653.5494683             3913
   1467.7459682460308        4.4710448404022277E-005   1233655849.5412018             3914
   1468.1210151268908        4.4687458631606137E-005   1233658044.3829641             3915
   1468.4960620077511        4.4664741092823459E-005   1233660238.0633533             3916
   1468.8711088886112        4.4641793525462985E-005   1233662430.5956206             3917
   1469.2461557694712        4.4619118140609967E-005   1233664621.9683621             3918
   1469.6212026503313        4.4596212676064556E-005   1233666812.1948273             3919
   1469.9962495311916        4.4573579343054495E-005   1233669001.2636104             3920
   1470.3712964120516        4.4550715879391172E-005   1233671189.1879585             3921
   1470.7463432929114        4.4528124496444469E-005   1233673375.9564643             3922
   1471.1213901737717        4.4505302932036757E-005   1233675561.5823724             3923
   1471.4964370546320        4.4482753397679812E-005   1233677746.0542743             3924
   1471.8714839354918        4.4459973631206646E-005   1233679929.3854120             3925
   1472.2465308163519        4.4437465844270685E-005   1233682111.5643749             3926
   1472.6215776972122        4.4414727774715287E-005   1233684292.6044033             3927
   1472.9966245780722        4.4392261634335234E-005   1233686472.4940848             3928
   1473.3716714589323        4.4369565160984060E-005   1233688651.2466574             3929
   1473.7467183397926        4.4347140566597642E-005   1233690828.8507071             3930
   1474.1217652206526        4.4324485589039225E-005   1233693005.3194692             3931
   1474.4968121015127        4.4302102440385619E-005   1233695180.6415286             3932
   1474.8718589823727        4.4279488858509616E-005   1233697354.8301179             3933
   1475.2469058632330        4.4257147055628505E-005   1233699527.8738208             3934
   1475.6219527440931        4.4234574769624443E-005   1233701699.7858675             3935
   1475.9969996249531        4.4212274212855008E-005   1233703870.5548398             3936
   1476.3720465058132        4.4189743123211370E-005   1233706040.1939657             3937
   1476.7470933866734        4.4167483713191144E-005   1233708208.6918256             3938
   1477.1221402675335        4.4144993720694174E-005   1233710376.0616450             3939
   1477.4971871483936        4.4122775358357972E-005   1233712542.2920029             3940
   1477.8722340292536        4.4100326364090756E-005   1233714707.3961225             3941
   1478.2472809101137        4.4078148950669582E-005   1233716871.3625810             3942
   1478.6223277909739        4.4055740856010787E-005   1233719034.2045991             3943
   1478.9973746718340        4.4033604293030834E-005   1233721195.9107530             3944
   1479.3724215526940        4.4011236999653825E-005   1233723356.4942610             3945
   1479.7474684335543        4.3989141188935301E-005   1233725515.9436977             3946
   1480.1225153144144        4.3966814598807034E-005   1233727674.2722790             3947
   1480.4975621952744        4.3944759442463341E-005   1233729831.4685776             3948
   1480.8726090761345        4.3922473457843308E-005   1233731987.5458076             3949
   1481.2476559569948        4.3900458858279752E-005   1233734142.4925404             3950
   1481.6227028378548        4.3878213381718906E-005   1233736296.3219872             3951
   1481.9977497187147        4.3856239241631892E-005   1233738449.0227180             3952
   1482.3727965995749        4.3834034175971658E-005   1233740600.6079419             3953
   1482.7478434804352        4.3812100398347378E-005   1233742751.0662274             3954
   1483.1228903612950        4.3789935646718676E-005   1233744900.4107814             3955
   1483.4979372421551        4.3768042134832304E-005   1233747048.6301703             3956
   1483.8729841230154        4.3745917600654296E-005   1233749195.7375991             3957
   1484.2480310038754        4.3724064258068874E-005   1233751341.7216332             3958
   1484.6230778847355        4.3701979845048212E-005   1233753486.5954745             3959
   1484.9981247655955        4.3680166575613710E-005   1233755630.3476872             3960
   1485.3731716464558        4.3658122187743296E-005   1233757772.9914711             3961
   1485.7482185273159        4.3636348895595391E-005   1233759914.5153887             3962
   1486.1232654081759        4.3614344437153488E-005   1233762054.9326375             3963
   1486.4983122890362        4.3592611026712712E-005   1233764194.2317786             3964
   1486.8733591698963        4.3570646402261888E-005   1233766332.4260073             3965
   1487.2484060507563        4.3548952778232589E-005   1233768469.5038834             3966
   1487.6234529316164        4.3527027892618775E-005   1233770605.4785995             3967
   1487.9984998124767        4.3505373959988048E-005   1233772740.3387139             3968
   1488.3735466933367        4.3483488718339361E-005   1233774874.0974174             3969
   1488.7485935741968        4.3461874382376219E-005   1233777006.7432663             3970
   1489.1236404550568        4.3440028690102104E-005   1233779138.2894497             3971
   1489.4986873359169        4.3418453856356235E-005   1233781268.7245224             3972
   1489.8737342167772        4.3396647619146457E-005   1233783398.0616705             3973
   1490.2487810976372        4.3375112193447353E-005   1233785526.2894483             3974
   1490.6238279784973        4.3353345317270970E-005   1233787653.4210389             3975
   1490.9988748593576        4.3331849205727021E-005   1233789779.4449954             3976
   1491.3739217402176        4.3310121596831349E-005   1233791904.3744988             3977
   1491.7489686210777        4.3288664705828739E-005   1233794028.1981006             3978
   1492.1240155019377        4.3266976270738495E-005   1233796150.9289796             3979
   1492.4990623827980        4.3245558506940176E-005   1233798272.5556860             3980
   1492.8741092636581        4.3223909152456467E-005   1233800393.0913963             3981
   1493.2491561445179        4.3202530422801294E-005   1233802512.5246594             3982
   1493.6242030253782        4.3180920056000540E-005   1233804630.8686490             3983
   1493.9992499062384        4.3159580267702240E-005   1233806748.1119130             3984
   1494.3742967870983        4.3138008795935252E-005   1233808864.2676232             3985
   1494.7493436679583        4.3116707856481545E-005   1233810979.3243253             3986
   1495.1243905488186        4.3095175187372618E-005   1233813093.2951891             3987
   1495.4994374296787        4.3073913004524108E-005   1233815206.1687596             3988
   1495.8744843105387        4.3052419045969982E-005   1233817317.9582036             3989
   1496.2495311913988        4.3031195527759303E-005   1233819428.6520648             3990
   1496.6245780722591        4.3009740187928170E-005   1233821538.2635083             3991
   1496.9996249531191        4.2988555242658989E-005   1233823646.7810757             3992
   1497.3746718339792        4.2967138429989677E-005   1233825754.2179301             3993
   1497.7497187148394        4.2945991966235705E-005   1233827860.5626118             3994
   1498.1247655956995        4.2924613589436629E-005   1233829965.8282819             3995
   1498.4998124765596        4.2903505516040749E-005   1233832070.0034792             3996
   1498.8748593574196        4.2882165484088943E-005   1233834173.1013622             3997
   1499.2499062382799        4.2861095710162162E-005   1233836275.1104689             3998
   1499.6249531191399        4.2839793932302450E-005   1233838376.0439553             3999
   1500.0000000000000        4.2818762367223030E-005   1233840475.8903577             4000
   1500.3750468808601        4.2797498752966929E-005   1233842574.6628304             4001
   1500.7500937617201        4.2776505306379386E-005   1233844672.3499081             4002
   1501.1251406425804        4.2755279765504240E-005   1233846768.9647429             4003
   1501.5001875234404        4.2734324347318542E-005   1233848864.4958684             4004
   1501.8752344043005        4.2713136789866647E-005   1233850958.9564342             4005
   1502.2502812851606        4.2692219310257099E-005   1233853052.3349726             4006
   1502.6253281660208        4.2671069646534632E-005   1233855144.6446309             4007
   1503.0003750468809        4.2650190015939154E-005   1233857235.8739407             4008
   1503.3754219277409        4.2629078156515407E-005   1233859326.0360463             4009
   1503.7504688086012        4.2608236285634426E-005   1233861415.1194780             4010
   1504.1255156894613        4.2587162141340743E-005   1233863503.1373782             4011
   1504.5005625703213        4.2566357941136426E-005   1233865590.0782762             4012
   1504.8756094511814        4.2545321423065430E-005   1233867675.9553118             4013
   1505.2506563320417        4.2524554804760572E-005   1233869760.7570128             4014
   1505.6257032129017        4.2503555824265204E-005   1233871844.4965172             4015
   1506.0007500937616        4.2482826699342470E-005   1233873927.1623511             4016
   1506.3757969746218        4.2461865168034964E-005   1233876008.7676506             4017
   1506.7508438554821        4.2441173448236014E-005   1233878089.3009408             4018
   1507.1258907363419        4.2420249277987111E-005   1233880168.7753549             4019
   1507.5009376172020        4.2399594875311627E-005   1233882247.1794169             4020
   1507.8759844980623        4.2378707978249620E-005   1233884324.5262580             4021
   1508.2510313789223        4.2358090804954251E-005   1233886400.8044012             4022
   1508.6260782597824        4.2337241093464100E-005   1233888476.0269749             4023
   1509.0011251406424        4.2316661062061841E-005   1233890550.1825013             4024
   1509.3761720215027        4.2295848448784294E-005   1233892623.2841063             4025
   1509.7512189023628        4.2275305472043525E-005   1233894695.3203106             4026
   1510.1262657832228        4.2254529869874200E-005   1233896766.3042388             4027
   1510.5013126640831        4.2234023860817669E-005   1233898836.2244096             4028
   1510.8763595449432        4.2213285182906218E-005   1233900905.0939453             4029
   1511.2514064258032        4.2192816054810192E-005   1233902972.9013641             4030
   1511.6264533066633        4.2172114214559409E-005   1233905039.6597855             4031
   1512.0015001875233        4.2151681880952842E-005   1233907105.3577263             4032
   1512.3765470683836        4.2131016792017687E-005   1233909170.0083044             4033
   1512.7515939492437        4.2110621166681333E-005   1233911233.6000352             4034
   1513.1266408301037        4.2089992742968150E-005   1233913296.1460340             4035
   1513.5016877109638        4.2069633739933686E-005   1233915357.6348155             4036
   1513.8767345918241        4.2049041895599257E-005   1233917418.0794926             4037
   1514.2517814726841        4.2028719429148428E-005   1233919477.4685788             4038
   1514.6268283535442        4.2008164078599159E-005   1233921535.8151848             4039
   1515.0018752344045        4.1987878063262754E-005   1233923593.1078227             4040
   1515.3769221152645        4.1967359121153808E-005   1233925649.3596013             4041
   1515.7519689961246        4.1947109471711091E-005   1233927704.5590312             4042
   1516.1270158769846        4.1926626852945404E-005   1233929758.7192192             4043
   1516.5020627578449        4.1906413484422952E-005   1233931811.8286755             4044
   1516.8771096387050        4.1885967104150576E-005   1233933863.9005034             4045
   1517.2521565195648        4.1865789931821689E-005   1233935914.9232123             4046
   1517.6272034004251        4.1845379705438895E-005   1233937964.9099035             4047
   1518.0022502812853        4.1825238644822491E-005   1233940013.8490853             4048
   1518.3772971621452        4.1804864487970787E-005   1233942061.7538567             4049
   1518.7523440430052        4.1784759454830775E-005   1233944108.6127248             4050
   1519.1273909238655        4.1764421283396062E-005   1233946154.4387865             4051
   1519.5024378047256        4.1744352193740262E-005   1233948199.2205477             4052
   1519.8774846855856        4.1724049923852130E-005   1233950242.9711032             4053
   1520.2525315664457        4.1704016693931603E-005   1233952285.6789577             4054
   1520.6275784473060        4.1683750241962394E-005   1233954327.3572035             4055
   1521.0026253281660        4.1663752788270546E-005   1233956367.9943447             4056
   1521.3776722090261        4.1643522070834542E-005   1233958407.6034710             4057
   1521.7527190898863        4.1623560310106321E-005   1233960446.1730857             4058
   1522.1277659707464        4.1603365244058889E-005   1233962483.7162762             4059
   1522.5028128516064        4.1583439093269880E-005   1233964520.2215440             4060
   1522.8778597324665        4.1563279595706655E-005   1233966555.7019756             4061
   1523.2529066133266        4.1543388972072317E-005   1233968590.1460710             4062
   1523.6279534941868        4.1523264960328352E-005   1233970623.5669136             4063
   1524.0030003750469        4.1503409781303161E-005   1233972655.9530032             4064
   1524.3780472559069        4.1483321172952134E-005   1233974687.3174207             4065
   1524.7530941367670        4.1463501356228796E-005   1233976717.6486647             4066
   1525.1281410176273        4.1443448069082206E-005   1233978746.9598145             4067
   1525.5031878984873        4.1423663532590776E-005   1233980775.2393670             4068
   1525.8782347793474        4.1403645484697082E-005   1233982802.5003994             4069
   1526.2532816602074        4.1383896146604135E-005   1233984828.7314076             4070
   1526.6283285410677        4.1363913256247844E-005   1233986853.9454668             4071
   1527.0033754219278        4.1344199034955763E-005   1233988878.1310718             4072
   1527.3784223027878        4.1324251220656853E-005   1233990901.3012950             4073
   1527.7534691836481        4.1304572034802843E-005   1233992923.4446311             4074
   1528.1285160645082        4.1284659215315730E-005   1233994944.5741498             4075
   1528.5035629453680        4.1265014983771208E-005   1233996964.6783445             4076
   1528.8786098262283        4.1245137078084034E-005   1233998983.7702832             4077
   1529.2536567070886        4.1225527719953679E-005   1234001001.8384581             4078
   1529.6287035879484        4.1205684647287495E-005   1234003018.8959348             4079
   1530.0037504688084        4.1186110081908583E-005   1234005034.9312048             4080
   1530.3787973496687        4.1166301761716579E-005   1234007049.9573314             4081
   1530.7538442305288        4.1146761908658095E-005   1234009063.9628048             4082
   1531.1288911113888        4.1126988260624850E-005   1234011076.9606864             4083
   1531.5039379922489        4.1107483039686630E-005   1234013088.9394655             4084
   1531.8789848731092        4.1087743983727199E-005   1234015099.9122012             4085
   1532.2540317539692        4.1068273314939244E-005   1234017109.8673816             4086
   1532.6290786348293        4.1048568771198404E-005   1234019118.8180637             4087
   1533.0041255156896        4.1029132574820089E-005   1234021126.7527347             4088
   1533.3791723965496        4.1009462463671565E-005   1234023133.6844492             4089
   1533.7542192774097        4.0990060660190845E-005   1234025139.6016936             4090
   1534.1292661582697        4.0970424902236580E-005   1234027144.5175207             4091
   1534.5043130391300        4.0951057412369131E-005   1234029148.4204154             4092
   1534.8793599199901        4.0931455928438359E-005   1234031151.3234279             4093
   1535.2544068008501        4.0912122673126930E-005   1234033153.2150428             4094
   1535.6294536817102        4.0892555384275598E-005   1234035154.1083083             4095
   1536.0045005625702        4.0873256284689082E-005   1234037153.9917076             4096
   1536.3795474434305        4.0853723112198900E-005   1234039152.8782866             4097
   1536.7545943242906        4.0834458089731718E-005   1234041150.7565277             4098
   1537.1296412051506        4.0814958955109540E-005   1234043147.6394749             4099
   1537.5046880860107        4.0795727931380746E-005   1234045143.5156095             4100
   1537.8797349668710        4.0776262756357664E-005   1234047138.3979728             4101
   1538.2547818477310        4.0757065653210214E-005   1234049132.2750456             4102
   1538.6298287285911        4.0737634359740884E-005   1234051125.1598673             4103
   1539.0048756094513        4.0718471099240922E-005   1234053117.0409174             4104
   1539.3799224903114        4.0699073609502755E-005   1234055107.9312329             4105
   1539.7549693711712        4.0679944113938769E-005   1234057097.8192930             4106
   1540.1300162520315        4.0660580350331187E-005   1234059086.7181320             4107
   1540.5050631328918        4.0641484542213338E-005   1234061074.6162281             4108
   1540.8801100137516        4.0622154427357015E-005   1234063061.5266140             4109
   1541.2551568946117        4.0603092229416315E-005   1234065047.4377663             4110
   1541.6302037754720        4.0583795686152397E-005   1234067032.3627160             4111
   1542.0052506563320        4.0564767021339963E-005   1234069016.2899389             4112
   1542.3802975371921        4.0545503972729386E-005   1234070999.2324634             4113
   1542.7553444180521        4.0526508764215759E-005   1234072981.1787646             4114
   1543.1303912989124        4.0507279133538478E-005   1234074962.1418684             4115
   1543.5054381797725        4.0488317304712781E-005   1234076942.1102493             4116
   1543.8804850606325        4.0469121015466984E-005   1234078921.0969312             4117
   1544.2555319414926        4.0450192489936256E-005   1234080899.0903878             4118
   1544.6305788223528        4.0431029465837613E-005   1234082876.1036403             4119
   1545.0056257032129        4.0412134167426042E-005   1234084852.1251619             4120
   1545.3806725840730        4.0393004332407064E-005   1234086827.1679714             4121
   1545.7557194649332        4.0374142185155228E-005   1234088801.2205410             4122
   1546.1307663457933        4.0355045463364446E-005   1234090774.2958877             4123
   1546.5058132266533        4.0336216391528660E-005   1234092746.3824828             4124
   1546.8808601075134        4.0317152707329909E-005   1234094717.4933410             4125
   1547.2559069883735        4.0298356635381382E-005   1234096687.6169326             4126
   1547.6309538692337        4.0279325913353094E-005   1234098656.7662702             4127
   1548.0060007500938        4.0260562765977276E-005   1234100624.9298234             4128
   1548.3810476309538        4.0241564930911726E-005   1234102592.1206028             4129
   1548.7560945118139        4.0222834633007566E-005   1234104558.3270769             4130
   1549.1311413926742        4.0203869609910151E-005   1234106523.5622537             4131
   1549.5061882735342        4.0185172086589372E-005   1234108487.8146014             4132
   1549.8812351543941        4.0166239800677960E-005   1234110451.0971260             4133
   1550.2562820352546        4.0147574977264301E-005   1234112413.3982947             4134
   1550.6313289161146        4.0128675353968386E-005   1234114374.7311108             4135
   1551.0063757969745        4.0110043155996985E-005   1234116335.0840411             4136
   1551.3814226778347        4.0091176120957038E-005   1234118294.4700871             4137
   1551.7564695586950        4.0072576474173544E-005   1234120252.8777142             4138
   1552.1315164395551        4.0053741953240340E-005   1234122210.3199217             4139
   1552.5065633204149        4.0035174783600427E-005   1234124166.7851748             4140
   1552.8816102012752        4.0016372702834277E-005   1234126122.2864704             4141
   1553.2566570821355        3.9997837936502767E-005   1234128076.8122723             4142
   1553.6317039629953        3.9979068222172850E-005   1234130030.3755758             4143
   1554.0067508438553        3.9960565785523077E-005   1234131982.9648440             4144
   1554.3817977247156        3.9941828364106715E-005   1234133934.5930696             4145
   1554.7568446055757        3.9923358183719796E-005   1234135885.2487154             4146
   1555.1318914864357        3.9904652981901741E-005   1234137834.9447718             4147
   1555.5069383672958        3.9886214984565879E-005   1234139783.6697001             4148
   1555.8819852481561        3.9867541929237599E-005   1234141731.4364893             4149
   1556.2570321290161        3.9849136041947392E-005   1234143678.2336001             4150
   1556.6320790098762        3.9830495060206489E-005   1234145624.0740190             4151
   1557.0071258907365        3.9812121210162253E-005   1234147568.9462056             4152
   1557.3821727715965        3.9793512229311576E-005   1234149512.8631442             4153
   1557.7572196524566        3.9775170343918636E-005   1234151455.8132949             4154
   1558.1322665333166        3.9756593291465805E-005   1234153397.8096387             4155
   1558.5073134141767        3.9738283298333812E-005   1234155338.8406346             4156
   1558.8823602950370        3.9719738101990325E-005   1234157278.9192624             4157
   1559.2574071758970        3.9701459928932536E-005   1234159218.0339801             4158
   1559.6324540567571        3.9682946516613294E-005   1234161156.1977649             4159
   1560.0075009376171        3.9664700091645949E-005   1234163093.3990746             4160
   1560.3825478184774        3.9646218391468354E-005   1234165029.6508837             4161
   1560.7575946993375        3.9628003642809986E-005   1234166964.9416497             4162
   1561.1326415801975        3.9609553583093441E-005   1234168899.2843449             4163
   1561.5076884610576        3.9591370439164072E-005   1234170832.6674261             4164
   1561.8827353419179        3.9572951948429176E-005   1234172765.1038632             4165
   1562.2577822227779        3.9554800337849882E-005   1234174696.5821121             4166
   1562.6328291036380        3.9536413344817848E-005   1234176627.1151412             4167
   1563.0078759844982        3.9518293196409835E-005   1234178556.6914051             4168
   1563.3829228653583        3.9499937630001807E-005   1234180485.3238704             4169
   1563.7579697462181        3.9481848872785903E-005   1234182413.0009909             4170
   1564.1330166270784        3.9463524662122217E-005   1234184339.7357306             4171
   1564.5080635079387        3.9445467225318147E-005   1234186265.5165434             4172
   1564.8831103887985        3.9427174299717760E-005   1234188190.3563910             4173
   1565.2581572696586        3.9409148112743500E-005   1234190114.2437258             4174
   1565.6332041505188        3.9390886401723242E-005   1234192037.1915078             4175
   1566.0082510313789        3.9372891394194367E-005   1234193959.1881890             4176
   1566.3832979122390        3.9354660827468324E-005   1234195880.2467272             4177
   1566.7583447930990        3.9336696929197306E-005   1234197800.3555737             4178
   1567.1333916739593        3.9318497436676152E-005   1234199719.5276837             4179
   1567.5084385548193        3.9300564577671668E-005   1234201637.7515080             4180
   1567.8834854356794        3.9282396089462039E-005   1234203555.0400000             4181
   1568.2585323165395        3.9264494199928453E-005   1234205471.3816097             4182
   1568.6335791973997        3.9246356646332201E-005   1234207386.7892880             4183
   1569.0086260782598        3.9228485656668768E-005   1234209301.2514844             4184
   1569.3836729591198        3.9210378968182477E-005   1234211214.7811482             4185
   1569.7587198399801        3.9192538808982769E-005   1234213127.3667276             4186
   1570.1337667208400        3.9174462916296890E-005   1234215039.0211697             4187
   1570.5088136017002        3.9156653518348184E-005   1234216949.7329223             4188
   1570.8838604825605        3.9138608352346516E-005   1234218859.5149305             4189
   1571.2589073634203        3.9120829646629078E-005   1234220768.3556414             4190
   1571.6339542442806        3.9102815138388191E-005   1234222676.2679975             4191
   1572.0090011251407        3.9085067056074597E-005   1234224583.2404461             4192
   1572.3840480060007        3.9067083136863066E-005   1234226489.2859268             4193
   1572.7590948868610        3.9049365609317667E-005   1234228394.3928862             4194
   1573.1341417677206        3.9031412210595430E-005   1234230298.5742624             4195
   1573.5091886485811        3.9013725169373647E-005   1234232201.8185008             4196
   1573.8842355294414        3.8995802222791453E-005   1234234104.1385376             4197
   1574.2592824103010        3.8978145599639264E-005   1234236005.5228181             4198
   1574.6343292911615        3.8960253037038025E-005   1234237905.9842753             4199
   1575.0093761720218        3.8942626763891073E-005   1234239805.5113544             4200
   1575.3844230528814        3.8924764517301200E-005   1234241704.1169865             4201
   1575.7594699337419        3.8907168526284479E-005   1234243601.7896161             4202
   1576.1345168146017        3.8889336527925182E-005   1234245498.5421720             4203
   1576.5095636954618        3.8871770751352127E-005   1234247394.3630977             4204
   1576.8846105763223        3.8853968933630990E-005   1234249289.2653205             4205
   1577.2596574571819        3.8836433304003035E-005   1234251183.2372830             4206
   1577.6347043380422        3.8818661599515217E-005   1234253076.2919106             4207
   1578.0097512189027        3.8801156049521073E-005   1234254968.4176455             4208
   1578.3847980997623        3.8783414391048776E-005   1234256859.6274099             4209
   1578.7598449806226        3.8765938853563929E-005   1234258749.9096463             4210
   1579.1348918614826        3.8748227174075676E-005   1234260639.2772748             4211
   1579.5099387423427        3.8730781582161645E-005   1234262527.7187369             4212
   1579.8849856232030        3.8713099814811744E-005   1234264415.2469511             4213
   1580.2600325040630        3.8695684101715524E-005   1234266301.8503580             4214
   1580.6350793849231        3.8678032179843511E-005   1234268187.5418737             4215
   1581.0101262657834        3.8660646278996925E-005   1234270072.3099382             4216
   1581.3851731466432        3.8643024136126836E-005   1234271956.1674662             4217
   1581.7602200275035        3.8625667981145979E-005   1234273839.1028967             4218
   1582.1352669083637        3.8608075550985742E-005   1234275721.1291420             4219
   1582.5103137892236        3.8590749075670404E-005   1234277602.2346413             4220
   1582.8853606700839        3.8573186292111367E-005   1234279482.4323039             4221
   1583.2604075509439        3.8555889430444225E-005   1234281361.7105687             4222
   1583.6354544318040        3.8538356227560466E-005   1234283240.0823431             4223
   1584.0105013126642        3.8521088913706678E-005   1234285117.5360653             4224
   1584.3855481935238        3.8503585225754332E-005   1234286994.0846407             4225
   1584.7605950743844        3.8486347394060903E-005   1234288869.7165070             4226
   1585.1356419552446        3.8468873155477600E-005   1234290744.4445672             4227
   1585.5106888361042        3.8451664740472799E-005   1234292618.2572584             4228
   1585.8857357169647        3.8434219885877150E-005   1234294491.1674819             4229
   1586.2607825978250        3.8417040822269740E-005   1234296363.1636741             4230
   1586.6358294786846        3.8399625286460755E-005   1234298234.2587340             4231
   1587.0108763595451        3.8382475509139672E-005   1234300104.4410977             4232
   1587.3859232404050        3.8365089227095943E-005   1234301973.7236621             4233
   1587.7609701212650        3.8347968671129519E-005   1234303842.0948625             4234
   1588.1360170021255        3.8330611578008885E-005   1234305709.5675936             4235
   1588.5110638829851        3.8313520178644249E-005   1234307576.1302905             4236
   1588.8861107638454        3.8296192209783104E-005   1234309441.7958460             4237
   1589.2611576447059        3.8279129902445656E-005   1234311306.5526943             4238
   1589.6362045255655        3.8261830993358311E-005   1234313170.4137261             4239
   1590.0112514064258        3.8244797713651179E-005   1234315033.3673754             4240
   1590.3862982872859        3.8227527800029348E-005   1234316895.4265301             4241
   1590.7613451681459        3.8210523483732756E-005   1234318756.5796242             4242
   1591.1363920490062        3.8193282501444958E-005   1234320616.8395436             4243
   1591.5114389298662        3.8176307084515587E-005   1234322476.1947215             4244
   1591.8864858107263        3.8159094969606647E-005   1234324334.6580420             4245
   1592.2615326915866        3.8142148388177121E-005   1234326192.2179377             4246
   1592.6365795724464        3.8124965076867409E-005   1234328048.8872902             4247
   1593.0116264533067        3.8108047267245770E-005   1234329904.6545322             4248
   1593.3866733341670        3.8090892695930689E-005   1234331759.5325429             4249
   1593.7617202150268        3.8074003594599731E-005   1234333613.5097544             4250
   1594.1367670958871        3.8056877699849258E-005   1234335466.5990443             4251
   1594.5118139767471        3.8040017243465955E-005   1234337318.7888436             4252
   1594.8868608576072        3.8022919962024002E-005   1234339170.0920277             4253
   1595.2619077384675        3.8006088087418986E-005   1234341020.4970279             4254
   1595.6369546193271        3.7989019356202810E-005   1234342870.0167170             4255
   1596.0120015001876        3.7972216000379816E-005   1234344718.6395257             4256
   1596.3870483810479        3.7955175756479369E-005   1234346566.3783250             4257
   1596.7620952619075        3.7938400856614614E-005   1234348413.2215452             4258
   1597.1371421427680        3.7921389037292247E-005   1234350259.1820550             4259
   1597.5121890236283        3.7904642530733841E-005   1234352104.2482841             4260
   1597.8872359044879        3.7887659073423466E-005   1234353948.4330995             4261
   1598.2622827853484        3.7870940897690986E-005   1234355791.7249303             4262
   1598.6373296662082        3.7853985739997608E-005   1234357634.1366410             4263
   1599.0123765470682        3.7837295832781426E-005   1234359475.6566608             4264
   1599.3874234279288        3.7820368912480629E-005   1234361316.2978518             4265
   1599.7624703087884        3.7803707211641371E-005   1234363156.0486426             4266
   1600.1375171896486        3.7786808466678708E-005   1234364994.9218938             4267
   1600.5125640705091        3.7770174910246666E-005   1234366832.9060333             4268
   1600.8876109513687        3.7753304278737144E-005   1234368670.0139191             4269
   1601.2626578322290        3.7736698804911864E-005   1234370506.2339795             4270
   1601.6377047130891        3.7719856225139302E-005   1234372341.5790699             4271
   1602.0127515939491        3.7703278772288932E-005   1234374176.0376179             4272
   1602.3877984748094        3.7686464182705570E-005   1234376009.6224773             4273
   1602.7628453556692        3.7669914689366277E-005   1234377842.3220754             4274
   1603.1378922365295        3.7653128028592075E-005   1234379674.1492636             4275
   1603.5129391173898        3.7636606433467506E-005   1234381505.0924685             4276
   1603.8879859982496        3.7619847640289752E-005   1234383335.1645401             4277
   1604.2630328791099        3.7603353882250576E-005   1234385164.3539042             4278
   1604.6380797599702        3.7586622895623145E-005   1234386992.6734083             4279
   1605.0131266408300        3.7570156913706469E-005   1234388820.1114788             4280
   1605.3881735216903        3.7553453672749457E-005   1234390646.6809604             4281
   1605.7632204025504        3.7537015406158191E-005   1234392472.3702791             4282
   1606.1382672834104        3.7520339850157347E-005   1234394297.1922777             4283
   1606.5133141642707        3.7503929238259775E-005   1234396121.1353817             4284
   1606.8883610451303        3.7487281306665864E-005   1234397944.2124319             4285
   1607.2634079259908        3.7470898288995175E-005   1234399766.4118536             4286
   1607.6384548068511        3.7454277921423482E-005   1234401587.7464852             4287
   1608.0135016877107        3.7437922437677045E-005   1234403408.2047517             4288
   1608.3885485685712        3.7421329573906943E-005   1234405227.7994893             4289
   1608.7635954494313        3.7405001563945884E-005   1234407046.5191228             4290
   1609.1386423302911        3.7388436143920203E-005   1234408864.3764863             4291
   1609.5136892111516        3.7372135547768865E-005   1234410681.3600044             4292
   1609.8887360920116        3.7355597511593328E-005   1234412497.4825087             4293
   1610.2637829728715        3.7339324269438764E-005   1234414312.7324233             4294
   1610.6388298537320        3.7322813557381551E-005   1234416127.1225784             4295
   1611.0138767345916        3.7306567609572962E-005   1234417940.6413975             4296
   1611.3889236154519        3.7290084162064149E-005   1234419753.3017085             4297
   1611.7639704963124        3.7273865449112325E-005   1234421565.0919347             4298
   1612.1390173771720        3.7257409206743380E-005   1234423376.0249016             4299
   1612.5140642580322        3.7241217669320283E-005   1234425186.0890324             4300
   1612.8891111388923        3.7224788572843487E-005   1234426995.2971506             4301
   1613.2641580197524        3.7208624151781657E-005   1234428803.6376791             4302
   1613.6392049006126        3.7192222142109645E-005   1234430611.1234393             4303
   1614.0142517814725        3.7176084778401677E-005   1234432417.7428536             4304
   1614.3892986623327        3.7159709796606901E-005   1234434223.5087414             4305
   1614.7643455431930        3.7143599431404917E-005   1234436028.4095247             4306
   1615.1393924240529        3.7127251418719176E-005   1234437832.4580207             4307
   1615.5144393049131        3.7111167993334417E-005   1234439635.6426513             4308
   1615.8894861857734        3.7094846891148180E-005   1234441437.9762316             4309
   1616.2645330666332        3.7078790347050460E-005   1234443239.4471831             4310
   1616.6395799474935        3.7062496096912531E-005   1234445040.0683188             4311
   1617.0146268283536        3.7046466375729537E-005   1234446839.8280604             4312
   1617.3896737092136        3.7030198919346533E-005   1234448638.7392180             4313
   1617.7647205900739        3.7014195962863519E-005   1234450436.7902129             4314
   1618.1397674709335        3.6997955242099239E-005   1234452233.9938538             4315
   1618.5148143517940        3.6981978992258460E-005   1234454030.3385618             4316
   1618.8898612326543        3.6965764949133485E-005   1234455825.8371429             4317
   1619.2649081135139        3.6949815348033767E-005   1234457620.4780183             4318
   1619.6399549943744        3.6933627924724912E-005   1234459414.2739918             4319
   1620.0150018752345        3.6917704914620943E-005   1234461207.2134840             4320
   1620.3900487560943        3.6901544053460850E-005   1234462999.3092973             4321
   1620.7650956369548        3.6885647576762874E-005   1234464790.5498514             4322
   1621.1401425178149        3.6869513220239285E-005   1234466580.9479468             4323
   1621.5151893986747        3.6853643219512627E-005   1234468370.4920030             4324
   1621.8902362795352        3.6837535310268097E-005   1234470159.1948183             4325
   1622.2652831603948        3.6821691728232472E-005   1234471947.0448122             4326
   1622.6403300412551        3.6805610209063852E-005   1234473734.0547802             4327
   1623.0153769221156        3.6789792988592972E-005   1234475520.2131426             4328
   1623.3904238029752        3.6773737802450857E-005   1234477305.5326922             4329
   1623.7654706838355        3.6757946886572027E-005   1234479090.0018489             4330
   1624.1405175646955        3.6741917976560156E-005   1234480873.6334038             4331
   1624.5155644455556        3.6726153308453633E-005   1234482656.4157763             4332
   1624.8906113264159        3.6710150617828626E-005   1234484438.3617554             4333
   1625.2656582072757        3.6694412140827229E-005   1234486219.4597604             4334
   1625.6407050881360        3.6678435612998002E-005   1234487999.7225780             4335
   1626.0157519689963        3.6662723270586525E-005   1234489779.1386275             4336
   1626.3907988498561        3.6646772849113782E-005   1234491557.7206936             4337
   1626.7658457307164        3.6631086584928662E-005   1234493335.4571948             4338
   1627.1408926115766        3.6615162213524278E-005   1234495112.3609140             4339
   1627.5159394924365        3.6599501971352986E-005   1234496888.4202700             4340
   1627.8909863732968        3.6583603593879846E-005   1234498663.6480432             4341
   1628.2660332541568        3.6567969317660355E-005   1234500438.0326519             4342
   1628.6410801350169        3.6552096878131593E-005   1234502211.5868745             4343
   1629.0161270158771        3.6536488511952052E-005   1234503984.2991292             4344
   1629.3911738967367        3.6520641954530667E-005   1234505756.1821928             4345
   1629.7662207775973        3.6505059442628876E-005   1234507527.2244828             4346
   1630.1412676584575        3.6489238711627257E-005   1234509297.4387734             4347
   1630.5163145393171        3.6473681998390157E-005   1234511066.8134828             4348
   1630.8913614201776        3.6457887038269640E-005   1234512835.3613827             4349
   1631.2664083010377        3.6442356068232781E-005   1234514603.0708911             4350
   1631.6414551818975        3.6426586823603091E-005   1234516369.9547780             4351
   1632.0165020627580        3.6411081541450242E-005   1234518136.0014606             4352
   1632.3915489436176        3.6395337957069129E-005   1234519901.2237067             4353
   1632.7665958244779        3.6379858307631815E-005   1234521665.6099341             4354
   1633.1416427053384        3.6364140328404400E-005   1234523429.1729081             4355
   1633.5166895861980        3.6348686256661386E-005   1234525191.9010463             4356
   1633.8917364670583        3.6332993827639898E-005   1234526953.8071120             4357
   1634.2667833479188        3.6317565278716669E-005   1234528714.8795221             4358
   1634.6418302287784        3.6301898345099932E-005   1234530475.1310384             4359
   1635.0168771096387        3.6286495264268383E-005   1234532234.5500779             4360
   1635.3919239904988        3.6270853771401182E-005   1234533993.1493995             4361
   1635.7669708713588        3.6255476104079065E-005   1234535750.9174206             4362
   1636.1420177522191        3.6239859997451829E-005   1234537507.8668978             4363
   1636.5170646330789        3.6224507689202219E-005   1234539263.9862483             4364
   1636.8921115139392        3.6208916914450653E-005   1234541019.2882268             4365
   1637.2671583947995        3.6193589910981558E-005   1234542773.7612500             4366
   1637.6422052756593        3.6178024413885998E-005   1234544527.4180710             4367
   1638.0172521565196        3.6162722661049949E-005   1234546280.2471061             4368
   1638.3922990373796        3.6147182387534876E-005   1234548032.2611060             4369
   1638.7673459182397        3.6131905831328380E-005   1234549783.4484875             4370
   1639.1423927991000        3.6116390727462176E-005   1234551533.8219988             4371
   1639.5174396799600        3.6101139314025287E-005   1234553283.3700562             4372
   1639.8924865608201        3.6085649326019647E-005   1234555032.1054065             4373
   1640.2675334416804        3.6070423001635501E-005   1234556780.0164657             4374
   1640.6425803225400        3.6054958075844961E-005   1234558527.1159780             4375
   1641.0176272034005        3.6039756786939388E-005   1234560273.3923602             4376
   1641.3926740842608        3.6024316869860868E-005   1234562018.8583539             4377
   1641.7677209651204        3.6009140563001892E-005   1234563763.5023754             4378
   1642.1427678459809        3.5993725601274370E-005   1234565507.3371646             4379
   1642.5178147268409        3.5978574223171705E-005   1234567250.3511379             4380
   1642.8928616077008        3.5963184163575606E-005   1234568992.5570326             4381
   1643.2679084885613        3.5948057661080299E-005   1234570733.9432652             4382
   1643.6429553694209        3.5932692450537184E-005   1234572474.5225716             4383
   1644.0180022502811        3.5917590770641149E-005   1234574214.2833672             4384
   1644.3930491311417        3.5902250356213079E-005   1234575953.2383857             4385
   1644.7680960120013        3.5887173446048652E-005   1234577691.3760431             4386
   1645.1431428928615        3.5871857774937982E-005   1234579428.7090709             4387
   1645.5181897737220        3.5856805581777342E-005   1234581165.2258852             4388
   1645.8932366545816        3.5841514601326203E-005   1234582900.9392147             4389
   1646.2682835354419        3.5826487072581106E-005   1234584635.8374758             4390
   1646.6433304163020        3.5811220730270799E-005   1234586369.9333951             4391
   1647.0183772971620        3.5796217813492172E-005   1234588103.2153888             4392
   1647.3934241780223        3.5780976056942918E-005   1234589835.6961818             4393
   1647.7684710588821        3.5765997699820188E-005   1234591567.3641901             4394
   1648.1435179397424        3.5750780476790660E-005   1234593298.2321360             4395
   1648.5185648206029        3.5735826627151538E-005   1234595028.2884355             4396
   1648.8936117014625        3.5720633885538355E-005   1234596757.5458095             4397
   1649.2686585823228        3.5705704491348292E-005   1234598485.9926734             4398
   1649.6437054631829        3.5690536179185610E-005   1234600213.6417463             4399
   1650.0187523440429        3.5675631188547406E-005   1234601940.4814434             4400
   1650.3937992249032        3.5660487254006532E-005   1234603666.5244813             4401
   1650.7688461057633        3.5645606615159880E-005   1234605391.7592757             4402
   1651.1438929866233        3.5630487006548813E-005   1234607116.1985409             4403
   1651.5189398674836        3.5615630667869813E-005   1234608839.8306928             4404
   1651.8939867483432        3.5600535333632788E-005   1234610562.6684430             4405
   1652.2690336292037        3.5585703243633708E-005   1234612284.7002077             4406
   1652.6440805100640        3.5570632132350737E-005   1234614005.9386969             4407
   1653.0191273909236        3.5555824239679399E-005   1234615726.3723261             4408
   1653.3941742717841        3.5540777300065969E-005   1234617446.0138032             4409
   1653.7692211526441        3.5525993553505334E-005   1234619164.8515441             4410
   1654.1442680335040        3.5510970734411938E-005   1234620882.8982542             4411
   1654.5193149143645        3.5496211082879806E-005   1234622600.1423495             4412
   1654.8943617952241        3.5481212333291454E-005   1234624316.5965335             4413
   1655.2694086760844        3.5466476725839925E-005   1234626032.2492218             4414
   1655.6444555569449        3.5451501994875657E-005   1234627747.1131160             4415
   1656.0195024378045        3.5436790380690825E-005   1234629461.1766322             4416
   1656.3945493186650        3.5421839617603543E-005   1234631174.4524691             4417
   1656.7695961995253        3.5407151946004859E-005   1234632886.9290428             4418
   1657.1446430803849        3.5392225100180706E-005   1234634598.6190505             4419
   1657.5196899612454        3.5377561320620793E-005   1234636309.5109079             4420
   1657.8947368421052        3.5362658341578712E-005   1234638019.6173103             4421
   1658.2697837229653        3.5348018403642950E-005   1234639728.9266732             4422
   1658.6448306038258        3.5333139241034415E-005   1234641437.4516897             4423
   1659.0198774846854        3.5318523094440264E-005   1234643145.1807759             4424
   1659.3949243655456        3.5303667698048819E-005   1234644852.1266222             4425
   1659.7699712464062        3.5289075292645613E-005   1234646558.2776446             4426
   1660.1450181272658        3.5274243612386409E-005   1234648263.6465323             4427
   1660.5200650081260        3.5259674898155017E-005   1234649968.2217004             4428
   1660.8951118889861        3.5244866884074375E-005   1234651672.0158362             4429
   1661.2701587698461        3.5230321811126595E-005   1234653375.0173552             4430
   1661.6452056507064        3.5215537413401650E-005   1234655077.2389421             4431
   1662.0202525315665        3.5201015931979901E-005   1234656778.6690128             4432
   1662.3952994124265        3.5186255100918273E-005   1234658479.3202498             4433
   1662.7703462932868        3.5171757161395179E-005   1234660179.1810689             4434
   1663.1453931741466        3.5157019847434442E-005   1234661878.2641506             4435
   1663.5204400550069        3.5142545400312386E-005   1234663576.5579107             4436
   1663.8954869358672        3.5127831554019623E-005   1234665274.0750277             4437
   1664.2705338167270        3.5113380549930470E-005   1234666970.8039174             4438
   1664.6455806975873        3.5098690122002054E-005   1234668666.7572560             4439
   1665.0206275784474        3.5084262511706544E-005   1234670361.9234600             4440
   1665.3956744593074        3.5069595452967613E-005   1234672056.3152025             4441
   1665.7707213401677        3.5055191187355060E-005   1234673749.9209006             4442
   1666.1457682210273        3.5040547448759146E-005   1234675442.7532253             4443
   1666.5208151018878        3.5026166478847153E-005   1234677134.8005939             4444
   1666.8958619827481        3.5011546011475671E-005   1234678826.0756750             4445
   1667.2709088636077        3.4997188288409567E-005   1234680516.5668859             4446
   1667.6459557444682        3.4982591043471643E-005   1234682206.2868936             4447
   1668.0210026253280        3.4968256518524136E-005   1234683895.2241151             4448
   1668.3960495061881        3.4953682447356007E-005   1234685583.3912153             4449
   1668.7710963870486        3.4939371071926799E-005   1234687270.7766111             4450
   1669.1461432679084        3.4924820125991498E-005   1234688957.3929658             4451
   1669.5211901487685        3.4910531851606907E-005   1234690643.2286959             4452
   1669.8962370296290        3.4896003982493886E-005   1234692328.2964628             4453
   1670.2712839104886        3.4881738760806402E-005   1234694012.5846834             4454
   1670.6463307913489        3.4867233920231123E-005   1234695696.1060164             4455
   1671.0213776722094        3.4852991703019005E-005   1234697378.8488789             4456
   1671.3964245530690        3.4838509842822597E-005   1234699060.8259277             4457
   1671.7714714339293        3.4824290581989627E-005   1234700742.0255799             4458
   1672.1465183147893        3.4809831654138369E-005   1234702422.4604905             4459
   1672.5215651956494        3.4795635301713331E-005   1234704102.1190763             4460
   1672.8966120765097        3.4781199258298329E-005   1234705781.0139902             4461
   1673.2716589573695        3.4767025766434641E-005   1234707459.1336493             4462
   1673.6467058382298        3.4752612559671493E-005   1234709136.4907043             4463
   1674.0217527190900        3.4738461880646772E-005   1234710813.0735726             4464
   1674.3967995999499        3.4724071462875156E-005   1234712488.8949025             4465
   1674.7718464808102        3.4709943549090960E-005   1234714163.9431114             4466
   1675.1468933616704        3.4695575872774189E-005   1234715838.2308459             4467
   1675.5219402425303        3.4681470676755555E-005   1234717511.7465239             4468
   1675.8969871233905        3.4667125694480268E-005   1234719184.5027888             4469
   1676.2720340042506        3.4653043168875309E-005   1234720856.4880590             4470
   1676.6470808851107        3.4638720833351080E-005   1234722527.7149763             4471
   1677.0221277659709        3.4624660930930712E-005   1234724198.1719587             4472
   1677.3971746468305        3.4610361194989658E-005   1234725867.8716462             4473
   1677.7722215276910        3.4596323868647062E-005   1234727536.8024566             4474
   1678.1472684085513        3.4582046685243360E-005   1234729204.9770281             4475
   1678.5223152894109        3.4568031887993783E-005   1234730872.3837790             4476
   1678.8973621702714        3.4553777210203462E-005   1234732539.0353446             4477
   1679.2724090511313        3.4539784895183681E-005   1234734204.9201436             4478
   1679.6474559319913        3.4525552676204253E-005   1234735870.0508094             4479
   1680.0225028128518        3.4511582796672238E-005   1234737534.4157605             4480
   1680.3975496937117        3.4497372989822166E-005   1234739198.0276284             4481
   1680.7725965745717        3.4483425499156791E-005   1234740860.8748322             4482
   1681.1476434554322        3.4469238057875148E-005   1234742522.9700005             4483
   1681.5226903362918        3.4455312909575781E-005   1234744184.3015528             4484
   1681.8977372171521        3.4441147787422001E-005   1234745844.8821158             4485
   1682.2727840980126        3.4427244935107997E-005   1234747504.7001092             4486
   1682.6478309788722        3.4413102085761445E-005   1234749163.7681577             4487
   1683.0228778597325        3.4399221483171972E-005   1234750822.0746806             4488
   1683.3979247405925        3.4385100860431515E-005   1234752479.6323009             4489
   1683.7729716214526        3.4371242461425090E-005   1234754136.4294379             4490
   1684.1480185023129        3.4357144019208800E-005   1234755792.4787123             4491
   1684.5230653831727        3.4343307777762965E-005   1234757447.7685444             4492
   1684.8981122640330        3.4329231470107732E-005   1234759102.3115520             4493
   1685.2731591448933        3.4315417340318607E-005   1234760756.0961559             4494
   1685.6482060257531        3.4301363121379803E-005   1234762409.1349719             4495
   1686.0232529066134        3.4287571057461855E-005   1234764061.4164202             4496
   1686.3982997874737        3.4273538881512847E-005   1234765712.9531155             4497
   1686.7733466683335        3.4259768837798417E-005   1234767363.7334781             4498
   1687.1483935491938        3.4245758659230363E-005   1234769013.7701197             4499
   1687.5234404300538        3.4232010590169279E-005   1234770663.0514615             4500
   1687.8984873109139        3.4218022363490688E-005   1234772311.5901132             4501
   1688.2735341917742        3.4204296223650006E-005   1234773959.3744957             4502
   1688.6485810726338        3.4190329903486382E-005   1234775606.4172170             4503
   1689.0236279534943        3.4176625647549935E-005   1234777252.7066979             4504
   1689.3986748343546        3.4162681188643404E-005   1234778898.2555447             4505
   1689.7737217152142        3.4148998771411590E-005   1234780543.0521781             4506
   1690.1487685960747        3.4135076128620583E-005   1234782187.1092021             4507
   1690.5238154769345        3.4121415505009814E-005   1234783830.4150381             4508
   1690.8988623577945        3.4107514633308710E-005   1234785472.9822876             4509
   1691.2739092386551        3.4093875758351153E-005   1234787114.7993724             4510
   1691.6489561195149        3.4079996612829924E-005   1234788755.8788919             4511
   1692.0240030003749        3.4066379441673193E-005   1234790396.2092683             4512
   1692.3990498812354        3.4052521977536957E-005   1234792035.8030982             4513
   1692.7740967620950        3.4038926465443691E-005   1234793674.6488047             4514
   1693.1491436429553        3.4025090638012463E-005   1234795312.7589822             4515
   1693.5241905238158        3.4011516740359937E-005   1234796950.1220536             4516
   1693.8992374046754        3.3997702505068325E-005   1234798586.7506118             4517
   1694.2742842855357        3.3984150177348203E-005   1234800222.6330795             4518
   1694.6493311663958        3.3970357489744880E-005   1234801857.7820475             4519
   1695.0243780472558        3.3956826687562879E-005   1234803492.1859393             4520
   1695.3994249281161        3.3943055503310359E-005   1234805125.8573430             4521
   1695.7744718089759        3.3929546182385797E-005   1234806758.7846823             4522
   1696.1495186898362        3.3915796457260071E-005   1234808390.9805434             4523
   1696.5245655706965        3.3902308573425521E-005   1234810022.4333503             4524
   1696.8996124515563        3.3888580263315755E-005   1234811653.1556869             4525
   1697.2746593324166        3.3875113772516761E-005   1234813283.1359777             4526
   1697.6497062132769        3.3861406833424832E-005   1234814912.3868046             4527
   1698.0247530941367        3.3847961691719616E-005   1234816540.8965919             4528
   1698.3997999749970        3.3834276079759851E-005   1234818168.6779194             4529
   1698.7748468558570        3.3820852243318788E-005   1234819795.7192121             4530
   1699.1498937367171        3.3807187914717644E-005   1234821422.0330477             4531
   1699.5249406175774        3.3793785339823100E-005   1234823047.6078510             4532
   1699.8999874984370        3.3780142250918793E-005   1234824672.4561977             4533
   1700.2750343792975        3.3766760893964733E-005   1234826296.5665133             4534
   1700.6500812601578        3.3753139001206826E-005   1234827919.9513710             4535
   1701.0251281410174        3.3739778818698480E-005   1234829542.5991964             4536
   1701.4001750218779        3.3726178078647689E-005   1234831164.5225608             4537
   1701.7752219027377        3.3712839027201128E-005   1234832785.7098906             4538
   1702.1502687835978        3.3699259396528864E-005   1234834406.1737545             4539
   1702.5253156644583        3.3685941432870727E-005   1234836025.9025788             4540
   1702.9003625453179        3.3672382868358815E-005   1234837644.9089305             4541
   1703.2754094261782        3.3659085949326003E-005   1234839263.1812365             4542
   1703.6504563070387        3.3645548407866245E-005   1234840880.7320611             4543
   1704.0255031878983        3.3632272490405591E-005   1234842497.5498316             4544
   1704.4005500687585        3.3618755928999703E-005   1234844113.6471109             4545
   1704.7755969496191        3.3605500970167464E-005   1234845729.0123258             4546
   1705.1506438304787        3.3592005345926426E-005   1234847343.6580369             4547
   1705.5256907113389        3.3578771302888287E-005   1234848957.5726724             4548
   1705.9007375921990        3.3565296573032166E-005   1234850570.7687900             4549
   1706.2757844730590        3.3552083403062600E-005   1234852183.2348177             4550
   1706.6508313539193        3.3538629524920226E-005   1234853794.9833124             4551
   1707.0258782347792        3.3525437185402262E-005   1234855406.0027015             4552
   1707.4009251156394        3.3512004116410894E-005   1234857016.3055396             4553
   1707.7759719964997        3.3498832564835836E-005   1234858625.8802555             4554
   1708.1510188773595        3.3485420262540767E-005   1234860234.7394009             4555
   1708.5260657582198        3.3472269456507875E-005   1234861842.8714046             4556
   1708.9011126390799        3.3458877878562098E-005   1234863450.2888169             4557
   1709.2761595199399        3.3445747775778197E-005   1234865056.9800668             4558
   1709.6512064008002        3.3432376879942200E-005   1234866662.9577019             4559
   1710.0262532816603        3.3419267438221355E-005   1234868268.2101519             4560
   1710.4013001625203        3.3405917182362763E-005   1234869872.7499628             4561
   1710.7763470433806        3.3392828359625930E-005   1234871476.5655642             4562
   1711.1513939242402        3.3379498701719094E-005   1234873079.6694999             4563
   1711.5264408051007        3.3366430455993914E-005   1234874682.0501997             4564
   1711.9014876859610        3.3353121354119649E-005   1234876283.7202053             4565
   1712.2765345668206        3.3340073643540081E-005   1234877884.6679473             4566
   1712.6515814476811        3.3326785055885323E-005   1234879484.9059649             4567
   1713.0266283285412        3.3313757838691233E-005   1234881084.4226892             4568
   1713.4016752094010        3.3300489723548778E-005   1234882683.2306573             4569
   1713.7767220902615        3.3287482958085696E-005   1234884281.3183007             4570
   1714.1517689711211        3.3274235273853798E-005   1234885878.6981542             4571
   1714.5268158519814        3.3261248918572622E-005   1234887475.3586495             4572
   1714.9018627328419        3.3248021623754664E-005   1234889071.3123198             4573
   1715.2769096137015        3.3235055637211333E-005   1234890666.5475967             4574
   1715.6519564945618        3.3221848690415646E-005   1234892261.0770113             4575
   1716.0270033754223        3.3208903031270737E-005   1234893854.8889959             4576
   1716.4020502562819        3.3195716391210198E-005   1234895447.9960794             4577
   1716.7770971371422        3.3182791018228710E-005   1234897040.3866944             4578
   1717.1521440180022        3.3169624643720321E-005   1234898632.0733674             4579
   1717.5271908988623        3.3156719515771303E-005   1234900223.0445318             4580
   1717.9022377797226        3.3143573365736045E-005   1234901813.3127117             4581
   1718.2772846605824        3.3130688441792278E-005   1234903402.8663411             4582
   1718.6523315414427        3.3117562475254756E-005   1234904991.7179418             4583
   1719.0273784223029        3.3104697714392555E-005   1234906579.8559480             4584
   1719.4024253031628        3.3091591890480657E-005   1234908167.2928801             4585
   1719.7774721840231        3.3078747251879397E-005   1234909754.0171719             4586
   1720.1525190648831        3.3065661529823965E-005   1234911340.0413420             4587
   1720.5275659457432        3.3052836972765916E-005   1234912925.3538249             4588
   1720.9026128266034        3.3039771311900464E-005   1234914509.9671364             4589
   1721.2776597074635        3.3026966795770359E-005   1234916093.8697116             4590
   1721.6527065883236        3.3013921155530784E-005   1234917677.0740647             4591
   1722.0277534691838        3.3001136639815556E-005   1234919259.5686309             4592
   1722.4028003500434        3.2988110979739833E-005   1234920841.3659220             4593
   1722.7778472309039        3.2975346424028348E-005   1234922422.4543741             4594
   1723.1528941117642        3.2962340703756108E-005   1234924002.8464963             4595
   1723.5279409926238        3.2949596067738881E-005   1234925582.5307255             4596
   1723.9029878734843        3.2936610247011314E-005   1234927161.5195687             4597
   1724.2780347543444        3.2923885490480009E-005   1234928739.8014631             4598
   1724.6530816352042        3.2910919529139404E-005   1234930317.3889134             4599
   1725.0281285160647        3.2898214611986781E-005   1234931894.2703574             4600
   1725.4031753969243        3.2885268469976259E-005   1234933470.4582977             4601
   1725.7782222777846        3.2872583352195772E-005   1234935045.9411724             4602
   1726.1532691586451        3.2859656989558979E-005   1234936620.7314823             4603
   1726.5283160395047        3.2846991631244509E-005   1234938194.8176656             4604
   1726.9033629203650        3.2834085008125340E-005   1234939768.2122209             4605
   1727.2784098012255        3.2821439369470727E-005   1234941340.9035871             4606
   1727.6534566820851        3.2808552446113054E-005   1234942912.9042606             4607
   1728.0285035629454        3.2795926487412031E-005   1234944484.2026808             4608
   1728.4035504438054        3.2783059224159310E-005   1234946054.8113420             4609
   1728.7785973246655        3.2770452905805056E-005   1234947624.7186837             4610
   1729.1536442055258        3.2757605263100102E-005   1234949193.9371982             4611
   1729.5286910863856        3.2745018545585002E-005   1234950762.4553258             4612
   1729.9037379672459        3.2732190483969721E-005   1234952330.2855563             4613
   1730.2787848481062        3.2719623327884970E-005   1234953897.4163303             4614
   1730.6538317289660        3.2706814808000024E-005   1234955463.8601363             4615
   1731.0288786098263        3.2694267174035529E-005   1234957029.6054144             4616
   1731.4039254906863        3.2681478156619890E-005   1234958594.6646512             4617
   1731.7789723715464        3.2668950005563907E-005   1234960159.0262880             4618
   1732.1540192524067        3.2656180451454798E-005   1234961722.7028084             4619
   1732.5290661332663        3.2643671744193513E-005   1234963285.6826541             4620
   1732.9041130141268        3.2630921614326051E-005   1234964847.9783072             4621
   1733.2791598949871        3.2618432311843318E-005   1234966409.5782101             4622
   1733.6542067758467        3.2605701567250207E-005   1234967970.4948416             4623
   1734.0292536567072        3.2593231630627430E-005   1234969530.7166452             4624
   1734.4043005375675        3.2580520232438579E-005   1234971090.2560980             4625
   1734.7793474184271        3.2568069622854232E-005   1234972649.1016433             4626
   1735.1543942992876        3.2555377532296653E-005   1234974207.2657564             4627
   1735.5294411801476        3.2542946211026064E-005   1234975764.7368810             4628
   1735.9044880610074        3.2530273389423393E-005   1234977321.5274901             4629
   1736.2795349418680        3.2517861317838498E-005   1234978877.6260285             4630
   1736.6545818227276        3.2505207726610870E-005   1234980433.0449667             4631
   1737.0296287035878        3.2492814866179856E-005   1234981987.7727497             4632
   1737.4046755844483        3.2480180466843462E-005   1234983541.8218458             4633
   1737.7797224653079        3.2467806779130562E-005   1234985095.1807010             4634
   1738.1547693461682        3.2455191533297462E-005   1234986647.8617814             4635
   1738.5298162270283        3.2442836979962502E-005   1234988199.8535333             4636
   1738.9048631078883        3.2430240849340397E-005   1234989751.1684208             4637
   1739.2799099887486        3.2417905392138708E-005   1234991301.7948904             4638
   1739.6549568696087        3.2405328338530490E-005   1234992851.7454045             4639
   1740.0300037504687        3.2393011939312555E-005   1234994401.0084097             4640
   1740.4050506313290        3.2380453924616121E-005   1234995949.5963664             4641
   1740.7800975121888        3.2368156545327271E-005   1234997497.4977221             4642
   1741.1551443930491        3.2355617531535284E-005   1234999044.7249346             4643
   1741.5301912739094        3.2343339134215365E-005   1235000591.2664518             4644
   1741.9052381547692        3.2330819083414860E-005   1235002137.1347299             4645
   1742.2802850356295        3.2318559630198110E-005   1235003682.3182170             4646
   1742.6553319164896        3.2306058504570321E-005   1235005226.8293669             4647
   1743.0303787973496        3.2293817957684953E-005   1235006770.6566286             4648
   1743.4054256782099        3.2281335719504982E-005   1235008313.8124537             4649
   1743.7804725590695        3.2269114041272925E-005   1235009856.2852919             4650
   1744.1555194399300        3.2256650652909498E-005   1235011398.0875924             4651
   1744.5305663207903        3.2244447805746109E-005   1235012939.2078052             4652
   1744.9056132016499        3.2232003229661322E-005   1235014479.6583779             4653
   1745.2806600825104        3.2219819176075224E-005   1235016019.4277608             4654
   1745.6557069633707        3.2207393374824080E-005   1235017558.5283992             4655
   1746.0307538442303        3.2195228077416842E-005   1235019096.9487441             4656
   1746.4058007250908        3.2182821013647222E-005   1235020634.7012386             4657
   1746.7808476059508        3.2170674435112953E-005   1235022171.7743347             4658
   1747.1558944868107        3.2158286071565267E-005   1235023708.1804726             4659
   1747.5309413676712        3.2146158174690475E-005   1235025243.9081051             4660
   1747.9059882485308        3.2133788474197282E-005   1235026778.9696705             4661
   1748.2810351293911        3.2121679221860606E-005   1235028313.3536220             4662
   1748.6560820102516        3.2109328147346393E-005   1235029847.0723958             4663
   1749.0311288911112        3.2097237502518264E-005   1235031380.1144457             4664
   1749.4061757719714        3.2084905016999316E-005   1235032912.4922056             4665
   1749.7812226528315        3.2072832942741636E-005   1235034444.1941297             4666
   1750.1562695336916        3.2060519009325617E-005   1235035975.2326503             4667
   1750.5313164145518        3.2048465468791646E-005   1235037505.5962217             4668
   1750.9063632954119        3.2036170050677312E-005   1235039035.2972741             4669
   1751.2814101762719        3.2024135007111302E-005   1235040564.3242629             4670
   1751.6564570571322        3.2011858067588326E-005   1235042092.6896155             4671
   1752.0315039379921        3.1999841484325318E-005   1235043620.3817880             4672
   1752.4065508188523        3.1987582986773959E-005   1235045147.4132059             4673
   1752.7815976997128        3.1975584827239355E-005   1235046673.7723258             4674
   1753.1566445805724        3.1963344735130279E-005   1235048199.4715710             4675
   1753.5316914614327        3.1951364962839775E-005   1235049724.4993982             4676
   1753.9067383422928        3.1939143239733626E-005   1235051248.8682294             4677
   1754.2817852231528        3.1927181818292899E-005   1235052772.5665219             4678
   1754.6568321040131        3.1914978427840219E-005   1235054295.6066947             4679
   1755.0318789848727        3.1903035320944597E-005   1235055817.9772062             4680
   1755.4069258657332        3.1890850226885378E-005   1235057339.6904733             4681
   1755.7819727465935        3.1878925398319499E-005   1235058860.7349548             4682
   1756.1570196274531        3.1866758564483149E-005   1235060381.1230657             4683
   1756.5320665083136        3.1854851978120943E-005   1235061900.8432653             4684
   1756.9071133891739        3.1842703368425756E-005   1235063419.9079661             4685
   1757.2821602700335        3.1830814988230018E-005   1235064938.3056285             4686
   1757.6572071508940        3.1818684566683138E-005   1235066456.0486627             4687
   1758.0322540317541        3.1806814356705239E-005   1235067973.1255295             4688
   1758.4073009126139        3.1794702087402322E-005   1235069489.5486374             4689
   1758.7823477934744        3.1782850011782066E-005   1235071005.3064475             4690
   1759.1573946743340        3.1770755858907009E-005   1235072520.4113657             4691
   1759.5324415551945        3.1758921881872262E-005   1235074034.8518546             4692
   1759.9074884360548        3.1746845809696869E-005   1235075548.6403177             4693
   1760.2825353169144        3.1735029895563415E-005   1235077061.7652175             4694
   1760.6575821977749        3.1722971868447270E-005   1235078574.2389562             4695
   1761.0326290786347        3.1711173981618461E-005   1235080086.0499969             4696
   1761.4076759594948        3.1699133964008637E-005   1235081597.2107389             4697
   1761.7827228403553        3.1687354068975145E-005   1235083107.7096465             4698
   1762.1577697212151        3.1675332025405898E-005   1235084617.5591171             4699
   1762.5328166020752        3.1663570086745522E-005   1235086126.7476149             4700
   1762.9078634829357        3.1651565981838056E-005   1235087635.2875357             4701
   1763.2829103637953        3.1639821964215408E-005   1235089143.1673441             4702
   1763.6579572446556        3.1627835762677673E-005   1235090650.3994334             4703
   1764.0330041255161        3.1616109630843923E-005   1235092156.9722698             4704
   1764.4080510063757        3.1604141297470344E-005   1235093662.8982437             4705
   1764.7830978872360        3.1592433016263029E-005   1235095168.1658218             4706
   1765.1581447680960        3.1580482515934169E-005   1235096672.7873933             4707
   1765.5331916489561        3.1568792050276901E-005   1235098176.7514248             4708
   1765.9082385298163        3.1556859347959268E-005   1235099680.0703032             4709
   1766.2832854106759        3.1545186662861495E-005   1235101182.7324960             4710
   1766.6583322915365        3.1533271723607357E-005   1235102684.7503879             4711
   1767.0333791723967        3.1521616784164024E-005   1235104186.1124473             4712
   1767.4084260532566        3.1509719573111084E-005   1235105686.8310564             4713
   1767.7834729341168        3.1498082344502523E-005   1235107186.8946843             4714
   1768.1585198149769        3.1486202826873647E-005   1235108686.3157113             4715
   1768.5335666958370        3.1474583274365266E-005   1235110185.0826073             4716
   1768.9086135766972        3.1462721415468295E-005   1235111683.2077498             4717
   1769.2836604575573        3.1451119504410349E-005   1235113180.6796095             4718
   1769.6587073384173        3.1439275269637794E-005   1235114677.5105624             4719
   1770.0337542192776        3.1427690965465030E-005   1235116173.6890793             4720
   1770.4088011001372        3.1415864320293915E-005   1235117669.2275341             4721
   1770.7838479809977        3.1404297588525483E-005   1235119164.1143985             4722
   1771.1588948618580        3.1392488498517021E-005   1235120658.3620439             4723
   1771.5339417427176        3.1380939304756128E-005   1235122151.9589427             4724
   1771.9089886235781        3.1369147735555489E-005   1235123644.9174645             4725
   1772.2840355044380        3.1357616045489142E-005   1235125137.2260823             4726
   1772.6590823852980        3.1345841962825264E-005   1235126628.8971632             4727
   1773.0341292661585        3.1334327742224197E-005   1235128119.9191811             4728
   1773.4091761470181        3.1322571111909456E-005   1235129610.3045011             4729
   1773.7842230278784        3.1311074326627690E-005   1235131100.0415974             4730
   1774.1592699087389        3.1299335114557672E-005   1235132589.1428332             4731
   1774.5343167895985        3.1287855730532401E-005   1235134077.5966837             4732
   1774.9093636704588        3.1276133902685743E-005   1235135565.4155095             4733
   1775.2844105513193        3.1264671885936913E-005   1235137052.5877864             4734
   1775.6594574321789        3.1252967408375004E-005   1235138539.1258729             4735
   1776.0345043130392        3.1241522725005297E-005   1235140025.0182457             4736
   1776.4095511938992        3.1229835563871974E-005   1235141510.2772613             4737
   1776.7845980747593        3.1218408180066493E-005   1235142994.8913965             4738
   1777.1596449556196        3.1206738301587949E-005   1235144478.8730063             4739
   1777.5346918364794        3.1195328183613879E-005   1235145962.2105680             4740
   1777.9097387173397        3.1183675554098301E-005   1235147444.9164340             4741
   1778.2847855982000        3.1172282668304751E-005   1235148926.9790828             4742
   1778.6598324790598        3.1160647254142196E-005   1235150408.4108646             4743
   1779.0348793599201        3.1149271566960044E-005   1235151889.2002583             4744
   1779.4099262407801        3.1137653334622050E-005   1235153369.3596120             4745
   1779.7849731216402        3.1126294812563522E-005   1235154848.8774059             4746
   1780.1600200025005        3.1114693728603019E-005   1235156327.7659853             4747
   1780.5350668833605        3.1103352338261625E-005   1235157806.0138311             4748
   1780.9101137642206        3.1091768369312618E-005   1235159283.6332872             4749
   1781.2851606450809        3.1080444077362780E-005   1235160760.6128345             4750
   1781.6602075259405        3.1068877190140147E-005   1235162236.9648144             4751
   1782.0352544068010        3.1057569963337090E-005   1235163712.6777091             4752
   1782.4103012876612        3.1046020124636238E-005   1235165187.7638581             4753
   1782.7853481685208        3.1034729929815709E-005   1235166662.2117441             4754
   1783.1603950493813        3.1023197106512567E-005   1235168136.0337040             4755
   1783.5354419302412        3.1011923910590535E-005   1235169609.2182217             4756
   1783.9104888111012        3.1000408069641169E-005   1235171081.7776318             4757
   1784.2855356919617        3.0989151839613675E-005   1235172553.7004189             4758
   1784.6605825728213        3.0977652948054029E-005   1235174024.9989154             4759
   1785.0356294536816        3.0966413650996873E-005   1235175495.6616068             4760
   1785.4106763345421        3.0954931675942614E-005   1235176965.7008233             4761
   1785.7857232154017        3.0943709279011255E-005   1235178435.1050510             4762
   1786.1607700962620        3.0932244187657502E-005   1235179903.8866181             4763
   1786.5358169771225        3.0921038658086705E-005   1235181372.0340111             4764
   1786.9108638579821        3.0909590417707866E-005   1235182839.5595567             4765
   1787.2859107388424        3.0898401722811613E-005   1235184306.4517417             4766
   1787.6609576197025        3.0886970300761039E-005   1235185772.7228904             4767
   1788.0360045005625        3.0875798407932146E-005   1235187238.3614907             4768
   1788.4110513814228        3.0864383771642084E-005   1235188703.3798647             4769
   1788.7860982622826        3.0853228648352060E-005   1235190167.7665012             4770
   1789.1611451431429        3.0841830765333240E-005   1235191631.5337198             4771
   1789.5361920240032        3.0830692379131975E-005   1235193094.6700103             4772
   1789.9112389048630        3.0819311216973488E-005   1235194557.1876900             4773
   1790.2862857857233        3.0808189535489131E-005   1235196019.0752494             4774
   1790.6613326665833        3.0796825061858137E-005   1235197480.3450041             4775
   1791.0363795474434        3.0785720052796852E-005   1235198940.9854450             4776
   1791.4114264283037        3.0774372235438444E-005   1235200401.0088851             4777
   1791.7864733091637        3.0763283866584200E-005   1235201860.4038167             4778
   1792.1615201900238        3.0751952673321081E-005   1235203319.1825507             4779
   1792.5365670708841        3.0740880912535334E-005   1235204777.3335798             4780
   1792.9116139517437        3.0729566311267727E-005   1235206234.8692126             4781
   1793.2866608326042        3.0718511126489291E-005   1235207691.7779431             4782
   1793.6617077134645        3.0707213085194586E-005   1235209148.0720775             4783
   1794.0367545943241        3.0696174444439422E-005   1235210603.7401104             4784
   1794.4118014751846        3.0684892931171962E-005   1235212058.7943459             4785
   1794.7868483560444        3.0673870802532807E-005   1235213513.2232797             4786
   1795.1618952369045        3.0662605785423796E-005   1235214967.0392134             4787
   1795.5369421177650        3.0651600137070161E-005   1235216420.2306435             4788
   1795.9119889986246        3.0640351584327296E-005   1235217872.8098698             4789
   1796.2870358794848        3.0629362384505061E-005   1235219324.7653887             4790
   1796.6620827603454        3.0618130264412359E-005   1235220776.1094990             4791
   1797.0371296412050        3.0607157481443718E-005   1235222226.8306973             4792
   1797.4121765220652        3.0595941762361401E-005   1235223676.9412796             4793
   1797.7872234029253        3.0584985364644470E-005   1235225126.4297445             4794
   1798.1622702837853        3.0573786015008608E-005   1235226575.3083854             4795
   1798.5373171646456        3.0562845971017322E-005   1235228023.5657015             4796
   1798.9123640455057        3.0551662959339653E-005   1235229471.2139838             4797
   1799.2874109263657        3.0540739237623564E-005   1235230918.2417326             4798
   1799.6624578072260        3.0529572532491325E-005   1235232364.6612370             4799
   1800.0375046880858        3.0518665101675301E-005   1235233810.4609978             4800
   1800.4125515689461        3.0507514671750968E-005   1235235255.6533017             4801
   1800.7875984498064        3.0496623500534975E-005   1235236700.2266510             4802
   1801.1626453306662        3.0485489314556088E-005   1235238144.1933298             4803
   1801.5376922115265        3.0474614371715062E-005   1235239587.5418408             4804
   1801.9127390923866        3.0463496398493897E-005   1235241030.2844667             4805
   1802.2877859732466        3.0452637652877524E-005   1235242472.4097106             4806
   1802.6628328541069        3.0441535861301030E-005   1235243913.9298532             4807
   1803.0378797349665        3.0430693281833477E-005   1235245354.8333981             4808
   1803.4129266158270        3.0419607640862968E-005   1235246795.1326241             4809
   1803.7879734966873        3.0408781196542663E-005   1235248234.8160357             4810
   1804.1630203775469        3.0397711675213712E-005   1235249673.8959093             4811
   1804.5380672584074        3.0386901335113242E-005   1235251112.3607504             4812
   1804.9131141392677        3.0375847902535327E-005   1235252550.2228332             4813
   1805.2881610201273        3.0365053635801084E-005   1235253987.4706638             4814
   1805.6632079009878        3.0354016261157440E-005   1235255424.1165142             4815
   1806.0382547818476        3.0343238037009507E-005   1235256860.1488919             4816
   1806.4133016627077        3.0332216689556991E-005   1235258295.5800664             4817
   1806.7883485435682        3.0321454477288871E-005   1235259730.3985457             4818
   1807.1633954244278        3.0310449126357615E-005   1235261164.6165977             4819
   1807.5384423052881        3.0299702895336058E-005   1235262598.2227309             4820
   1807.9134891861486        3.0288713510329361E-005   1235264031.2292109             4821
   1808.2885360670082        3.0277983229994162E-005   1235265463.6245472             4822
   1808.6635829478685        3.0267009780388244E-005   1235266895.4210036             4823
   1809.0386298287285        3.0256295420252002E-005   1235268326.6070900             4824
   1809.4136767095886        3.0245337875595814E-005   1235269757.1950679             4825
   1809.7887235904489        3.0234639405243723E-005   1235271187.1734486             4826
   1810.1637704713089        3.0223697735158691E-005   1235272616.5544908             4827
   1810.5388173521690        3.0213015124248425E-005   1235274045.3267071             4828
   1810.9138642330292        3.0202089298428295E-005   1235275473.5023541             4829
   1811.2889111138891        3.0191422516689651E-005   1235276901.0699449             4830
   1811.6639579947494        3.0180512504900320E-005   1235278328.0417337             4831
   1812.0390048756096        3.0169861522135090E-005   1235279754.4062350             4832
   1812.4140517564695        3.0158967294214309E-005   1235281180.1757009             4833
   1812.7890986373297        3.0148332080296201E-005   1235282605.3386464             4834
   1813.1641455181898        3.0137453606153422E-005   1235284029.9073212             4835
   1813.5391923990499        3.0126834131027612E-005   1235285453.8702414             4836
   1813.9142392799101        3.0115971380643774E-005   1235286877.2396553             4837
   1814.2892861607697        3.0105367614326960E-005   1235288300.0040789             4838
   1814.6643330416302        3.0094520557754336E-005   1235289722.1757581             4839
   1815.0393799224905        3.0083932470334271E-005   1235291143.7432108             4840
   1815.4144268033501        3.0073101077696267E-005   1235292564.7186801             4841
   1815.7894736842106        3.0062528639331712E-005   1235293985.0906849             4842
   1816.1645205650709        3.0051712880822449E-005   1235295404.8714662             4843
   1816.5395674459305        3.0041156061743043E-005   1235296824.0495431             4844
   1816.9146143267910        3.0030355907627431E-005   1235298242.6371555             4845
   1817.2896612076511        3.0019814678133326E-005   1235299660.6228230             4846
   1817.6647080885109        3.0009030098746761E-005   1235301078.0187829             4847
   1818.0397549693714        2.9998504429208510E-005   1235302494.8135557             4848
   1818.4148018502310        2.9987735394956637E-005   1235303911.0193770             4849
   1818.7898487310913        2.9977225255815060E-005   1235305326.6247685             4850
   1819.1648956119518        2.9966471737173678E-005   1235306741.6419625             4851
   1819.5399424928114        2.9955977098939519E-005   1235308156.0594823             4852
   1819.9149893736717        2.9945239066454315E-005   1235309569.8895581             4853
   1820.2900362545317        2.9934759899708054E-005   1235310983.1207139             4854
   1820.6650831353918        2.9924037323994342E-005   1235312395.7651777             4855
   1821.0401300162521        2.9913573599386091E-005   1235313807.8114741             4856
   1821.4151768971121        2.9902866451128743E-005   1235315219.2718294             4857
   1821.7902237779722        2.9892418139378046E-005   1235316630.1347692             4858
   1822.1652706588325        2.9881726389331244E-005   1235318040.4125173             4859
   1822.5403175396923        2.9871293461226849E-005   1235319450.0936000             4860
   1822.9153644205526        2.9860617080213851E-005   1235320859.1902392             4861
   1823.2904113014129        2.9850199506613477E-005   1235322267.6909623             4862
   1823.6654581822727        2.9839538465526467E-005   1235323675.6079886             4863
   1824.0405050631330        2.9829136217356715E-005   1235325082.9298468             4864
   1824.4155519439930        2.9818490487156595E-005   1235326489.6687539             4865
   1824.7905988248531        2.9808103535412641E-005   1235327895.8132393             4866
   1825.1656457057134        2.9797473087128824E-005   1235329301.3755178             4867
   1825.5406925865730        2.9787101402874305E-005   1235330706.3441198             4868
   1825.9157394674335        2.9776486207604537E-005   1235332110.7312584             4869
   1826.2907863482938        2.9766129761971265E-005   1235333514.5254645             4870
   1826.6658332291533        2.9755529790881455E-005   1235334917.7389488             4871
   1827.0408801100139        2.9745188555069318E-005   1235336320.3602433             4872
   1827.4159269908741        2.9734603779393304E-005   1235337722.4015567             4873
   1827.7909738717337        2.9724277724670107E-005   1235339123.8514218             4874
   1828.1660207525942        2.9713708115709480E-005   1235340524.7220449             4875
   1828.5410676334543        2.9703397213410601E-005   1235341925.0019600             4876
   1828.9161145143141        2.9692842742534509E-005   1235343324.7033715             4877
   1829.2911613951746        2.9682546964062805E-005   1235344723.8148136             4878
   1829.6662082760342        2.9672007602707844E-005   1235346122.3484890             4879
   1830.0412551568945        2.9661726919533508E-005   1235347520.2929330             4880
   1830.4163020377550        2.9651202639203372E-005   1235348917.6603453             4881
   1830.7913489186146        2.9640937022863687E-005   1235350314.4392629             4882
   1831.1663957994749        2.9630427795129154E-005   1235351710.6418831             4883
   1831.5414426803350        2.9620177217228266E-005   1235353106.2567437             4884
   1831.9164895611950        2.9609683013726913E-005   1235354501.2960403             4885
   1832.2915364420553        2.9599447445935716E-005   1235355895.7483110             4886
   1832.6665833229151        2.9588968238371727E-005   1235357289.6257496             4887
   1833.0416302037754        2.9578747652427680E-005   1235358682.9168952             4888
   1833.4166770846357        2.9568283412571632E-005   1235360075.6339388             4889
   1833.7917239654955        2.9558077780278536E-005   1235361467.7654214             4890
   1834.1667708463558        2.9547628479967335E-005   1235362859.3235312             4891
   1834.5418177272161        2.9537437773195063E-005   1235364250.2968099             4892
   1834.9168646080759        2.9527003384331684E-005   1235365640.6974444             4893
   1835.2919114889362        2.9516827575016193E-005   1235367030.5139768             4894
   1835.6669583697962        2.9506408069569440E-005   1235368419.7585914             4895
   1836.0420052506563        2.9496247129712422E-005   1235369808.4198320             4896
   1836.4170521315166        2.9485842479716835E-005   1235371196.5098803             4897
   1836.7920990123762        2.9475696381385633E-005   1235372584.0172813             4898
   1837.1671458932367        2.9465306558941287E-005   1235373970.9542146             4899
   1837.5421927740970        2.9455175274268591E-005   1235375357.3092256             4900
   1837.9172396549566        2.9444800251540874E-005   1235376743.0944920             4901
   1838.2922865358171        2.9434683752724673E-005   1235378128.2985604             4902
   1838.6673334166771        2.9424323501944093E-005   1235379512.9336064             4903
   1839.0423802975370        2.9414221761247447E-005   1235380896.9881773             4904
   1839.4174271783975        2.9403876254709545E-005   1235382280.4744463             4905
   1839.7924740592575        2.9393789244460373E-005   1235383663.3809617             4906
   1840.1675209401174        2.9383458454525451E-005   1235385045.7198949             4907
   1840.5425678209779        2.9373386147116373E-005   1235386427.4797952             4908
   1840.9176147018375        2.9363070046209349E-005   1235387808.6728313             4909
   1841.2926615826977        2.9353012414097550E-005   1235389189.2875535             4910
   1841.6677084635583        2.9342710974707697E-005   1235390569.3361292             4911
   1842.0427553444179        2.9332667990414684E-005   1235391948.8071089             4912
   1842.4178022252781        2.9322381185095663E-005   1235393327.7126577             4913
   1842.7928491061382        2.9312352821207031E-005   1235394706.0413277             4914
   1843.1678959869982        2.9302080622576481E-005   1235396083.8052812             4915
   1843.5429428678585        2.9292066851741892E-005   1235397460.9930716             4916
   1843.9179897487184        2.9281809232481375E-005   1235398837.6168590             4917
   1844.2930366295786        2.9271810027414252E-005   1235400213.6651978             4918
   1844.6680835104389        2.9261566960269013E-005   1235401589.1502459             4919
   1845.0431303912987        2.9251582293746412E-005   1235402964.0605583             4920
   1845.4181772721590        2.9241353751525258E-005   1235404338.4082913             4921
   1845.7932241530193        2.9231383596387661E-005   1235405712.1820009             4922
   1846.1682710338791        2.9221169551962775E-005   1235407085.3938406             4923
   1846.5433179147394        2.9211213881113966E-005   1235408458.0323677             4924
   1846.9183647955995        2.9201014307420680E-005   1235409830.1097338             4925
   1847.2934116764595        2.9191073093827569E-005   1235411201.6144972             4926
   1847.6684585573198        2.9180887963864240E-005   1235412572.5588067             4927
   1848.0435054381794        2.9170961180556632E-005   1235413942.9312220             4928
   1848.4185523190399        2.9160790467384469E-005   1235415312.7438898             4929
   1848.7935991999002        2.9150878087454873E-005   1235416681.9853706             4930
   1849.1686460807598        2.9140721764197758E-005   1235418050.6678090             4931
   1849.5436929616203        2.9130823760801309E-005   1235419418.7797666             4932
   1849.9187398424804        2.9120681800645566E-005   1235420786.3333857             4933
   1850.2937867233402        2.9110798146999827E-005   1235422153.3172288             4934
   1850.6688336042007        2.9100670523194086E-005   1235423519.7434361             4935
   1851.0438804850608        2.9090801192578787E-005   1235424885.6005712             4936
   1851.4189273659206        2.9080687878433890E-005   1235426250.9007721             4937
   1851.7939742467811        2.9070832844190830E-005   1235427615.6326034             4938
   1852.1690211276407        2.9060733813079545E-005   1235428979.8082008             4939
   1852.5440680085010        2.9050893048612438E-005   1235430343.4161301             4940
   1852.9191148893615        2.9040808273969317E-005   1235431706.4685247             4941
   1853.2941617702211        2.9030981752743603E-005   1235433068.9539514             4942
   1853.6692086510814        2.9020911208064877E-005   1235434430.8845413             4943
   1854.0442555319414        2.9011098903607476E-005   1235435792.2488623             4944
   1854.4193024128015        2.9001042562450799E-005   1235437153.0590436             4945
   1854.7943492936618        2.8991244448350041E-005   1235438513.3036537             4946
   1855.1693961745216        2.8981202284334383E-005   1235439872.9948199             4947
   1855.5444430553819        2.8971418334239805E-005   1235441232.1211116             4948
   1855.9194899362424        2.8961390321045185E-005   1235442590.6946537             4949
   1856.2945368171020        2.8951620508667368E-005   1235443948.7040172             4950
   1856.6695836979623        2.8941606620034830E-005   1235445306.1613247             4951
   1857.0446305788228        2.8931850919145151E-005   1235446663.0551476             4952
   1857.4196774596824        2.8921851128876491E-005   1235448019.3976066             4953
   1857.7947243405426        2.8912109513307081E-005   1235449375.1772742             4954
   1858.1697712214027        2.8902123795264698E-005   1235450730.4062691             4955
   1858.5448181022628        2.8892396238908235E-005   1235452085.0731649             4956
   1858.9198649831230        2.8882424567014984E-005   1235453439.1900778             4957
   1859.2949118639826        2.8872711043824501E-005   1235454792.7455823             4958
   1859.6699587448431        2.8862753392063527E-005   1235456145.7517927             4959
   1860.0450056257034        2.8853053876052192E-005   1235457498.1972847             4960
   1860.4200525065630        2.8843110218466788E-005   1235458850.0941701             4961
   1860.7950993874235        2.8833424683707875E-005   1235460201.4310260             4962
   1861.1701462682836        2.8823494994401216E-005   1235461552.2199614             4963
   1861.5451931491434        2.8813823415027850E-005   1235462902.4495544             4964
   1861.9202400300039        2.8803907668162922E-005   1235464252.1319129             4965
   1862.2952869108640        2.8794250018367912E-005   1235465601.2556152             4966
   1862.6703337917238        2.8784348188167342E-005   1235466949.8327670             4967
   1863.0453806725843        2.8774704442203018E-005   1235468297.8519480             4968
   1863.4204275534439        2.8764816502948848E-005   1235469645.3252614             4969
   1863.7954744343044        2.8755186635126954E-005   1235470992.2412879             4970
   1864.1705213151647        2.8745312561160510E-005   1235472338.6121287             4971
   1864.5455681960243        2.8735696545851998E-005   1235473684.4263659             4972
   1864.9206150768848        2.8725836311573779E-005   1235475029.6960979             4973
   1865.2956619577446        2.8716234123208631E-005   1235476374.4099081             4974
   1865.6707088386047        2.8706387703078093E-005   1235477718.5798929             4975
   1866.0457557194652        2.8696799316145188E-005   1235479062.1946363             4976
   1866.4208026003248        2.8686966684680576E-005   1235480405.2662327             4977
   1866.7958494811851        2.8677392073727512E-005   1235481747.7832677             4978
   1867.1708963620456        2.8667573205505734E-005   1235483089.7578328             4979
   1867.5459432429052        2.8658012345138681E-005   1235484431.1785147             4980
   1867.9209901237655        2.8648207214795128E-005   1235485772.0574031             4981
   1868.2960370046255        2.8638660079678642E-005   1235487112.3830857             4982
   1868.6710838854856        2.8628868661907031E-005   1235488452.1676500             4983
   1869.0461307663459        2.8619335226763894E-005   1235489791.3996844             4984
   1869.4211776472059        2.8609557496316073E-005   1235491130.0912745             4985
   1869.7962245280660        2.8600037735927211E-005   1235492468.2310100             4986
   1870.1712714089263        2.8590273667613069E-005   1235493805.8309739             4987
   1870.5463182897861        2.8580767556817300E-005   1235495142.8797569             4988
   1870.9213651706464        2.8571017125504555E-005   1235496479.3894403             4989
   1871.2964120515066        2.8561524639198428E-005   1235497815.3486159             4990
   1871.6714589323665        2.8551787819812504E-005   1235499150.7693622             4991
   1872.0465058132268        2.8542308932950228E-005   1235500485.6402724             4992
   1872.4215526940868        2.8532585700474022E-005   1235501819.9734228             4993
   1872.7965995749469        2.8523120388067246E-005   1235503153.7574077             4994
   1873.1716464558071        2.8513410717541079E-005   1235504487.0043013             4995
   1873.5466933366667        2.8503958954658748E-005   1235505819.7026989             4996
   1873.9217402175273        2.8494262821180159E-005   1235507151.8646727             4997
   1874.2967870983875        2.8484824582948316E-005   1235508483.4788187             4998
   1874.6718339792471        2.8475141961671894E-005   1235509814.5572069             4999
   1875.0468808601076        2.8465717223273620E-005   1235511145.0884349             5000
   1875.4219277409679        2.8456048089410824E-005   1235512475.0845702             5001
   1875.7969746218275        2.8446636826086017E-005   1235513804.5342112             5002
   1876.1720215026880        2.8436981154905081E-005   1235515133.4494236             5003
   1876.5470683835479        2.8427583341950256E-005   1235516461.8188066             5004
   1876.9221152644079        2.8417941108776015E-005   1235517789.6544240             5005
   1877.2971621452684        2.8408556721544214E-005   1235519116.9448764             5006
   1877.6722090261280        2.8398927901757948E-005   1235520443.7022247             5007
   1878.0472559069883        2.8389556915658635E-005   1235521769.9150710             5008
   1878.4223027878488        2.8379941484697868E-005   1235523095.5954738             5009
   1878.7973496687084        2.8370583875196667E-005   1235524420.7320366             5010
   1879.1723965495687        2.8360981808555093E-005   1235525745.3368154             5011
   1879.5474434304288        2.8351637551173696E-005   1235527069.3984146             5012
   1879.9224903112888        2.8342048824400974E-005   1235528392.9288886             5013
   1880.2975371921491        2.8332717894716979E-005   1235529715.9168427             5014
   1880.6725840730091        2.8323142483418577E-005   1235531038.3743289             5015
   1881.0476309538692        2.8313824857065326E-005   1235532360.2899539             5016
   1881.4226778347295        2.8304262736902413E-005   1235533681.6757672             5017
   1881.7977247155893        2.8294958389568841E-005   1235535002.5203769             5018
   1882.1727715964496        2.8285409536258100E-005   1235536322.8358305             5019
   1882.5478184773099        2.8276118443688575E-005   1235537642.6107364             5020
   1882.9228653581697        2.8266582833002099E-005   1235538961.8571401             5021
   1883.2979122390300        2.8257304970996340E-005   1235540280.5636518             5022
   1883.6729591198900        2.8247782578761355E-005   1235541598.7423146             5023
   1884.0480060007501        2.8238517923174196E-005   1235542916.3817394             5024
   1884.4230528816104        2.8229008725273058E-005   1235544233.4939673             5025
   1884.7980997624700        2.8219757252014344E-005   1235545550.0676107             5026
   1885.1731466433305        2.8210261224384354E-005   1235546866.1147079             5027
   1885.5481935241908        2.8201022909418726E-005   1235548181.6238725             5028
   1885.9232404050504        2.8191540028051948E-005   1235549496.6071410             5029
   1886.2982872859109        2.8182314847398799E-005   1235550811.0531280             5030
   1886.6733341667712        2.8172845088341890E-005   1235552124.9738677             5031
   1887.0483810476308        2.8163633018075171E-005   1235553438.3579760             5032
   1887.4234279284913        2.8154176357429279E-005   1235554751.2174845             5033
   1887.7984748093511        2.8144977373677309E-005   1235556063.5410104             5034
   1888.1735216902111        2.8135533787597935E-005   1235557375.3405833             5035
   1888.5485685710717        2.8126347866543288E-005   1235558686.6048214             5036
   1888.9236154519313        2.8116917331240086E-005   1235559997.3457525             5037
   1889.2986623327915        2.8107744449119460E-005   1235561307.5519953             5038
   1889.6737092136520        2.8098326940856103E-005   1235562617.2355752             5039
   1890.0487560945116        2.8089167073960195E-005   1235563926.3851130             5040
   1890.4238029753719        2.8079762569054296E-005   1235565235.0126317             5041
   1890.7988498562320        2.8070615693727559E-005   1235566543.1067526             5042
   1891.1738967370920        2.8061224168550443E-005   1235567850.6794968             5043
   1891.5489436179523        2.8052090261191006E-005   1235569157.7194867             5044
   1891.9239904988124        2.8042711692167615E-005   1235570464.2387414             5045
   1892.2990373796724        2.8033590729227193E-005   1235571770.2258847             5046
   1892.6740842605327        2.8024225092835878E-005   1235573075.6929328             5047
   1893.0491311413925        2.8015117050819516E-005   1235574380.6285112             5048
   1893.4241780222528        2.8005764323591967E-005   1235575685.0446336             5049
   1893.7992249031131        2.7996669179057918E-005   1235576988.9299266             5050
   1894.1742717839729        2.7987329337579040E-005   1235578292.2964020             5051
   1894.5493186648332        2.7978247067138706E-005   1235579595.1326876             5052
   1894.9243655456933        2.7968920088046348E-005   1235580897.4507928             5053
   1895.2994124265533        2.7959850668364083E-005   1235582199.2393463             5054
   1895.6744593074136        2.7950536528348982E-005   1235583500.5103555             5055
   1896.0495061882732        2.7941479936141907E-005   1235584801.2524502             5056
   1896.4245530691337        2.7932178611947586E-005   1235586101.4776361             5057
   1896.7995999499940        2.7923134823985513E-005   1235587401.1745441             5058
   1897.1746468308536        2.7913846292408062E-005   1235588700.3551767             5059
   1897.5496937117141        2.7904815285513321E-005   1235589999.0081670             5060
   1897.9247405925739        2.7895539523401242E-005   1235591297.1455150             5061
   1898.2997874734340        2.7886521274448564E-005   1235592594.7558546             5062
   1898.6748343542945        2.7877258258702717E-005   1235593891.8511841             5063
   1899.0498812351543        2.7868252744619048E-005   1235595188.4201386             5064
   1899.4249281160144        2.7859002452192480E-005   1235596484.4747140             5065
   1899.7999749968749        2.7850009649956872E-005   1235597780.0035462             5066
   1900.1750218777345        2.7840772057854627E-005   1235599075.0186293             5067
   1900.5500687585948        2.7831791944498073E-005   1235600369.5086005             5068
   1900.9251156394553        2.7822567029777064E-005   1235601663.4854515             5069
   1901.3001625203149        2.7813599582382424E-005   1235602956.9378207             5070
   1901.6752094011752        2.7804387322151369E-005   1235604249.8776975             5071
   1902.0502562820352        2.7795432517853104E-005   1235605542.2937217             5072
   1902.4253031628953        2.7786232889272311E-005   1235606834.1978805             5073
   1902.8003500437555        2.7777290705256520E-005   1235608125.5788145             5074
   1903.1753969246154        2.7768103685537748E-005   1235609416.4485090             5075
   1903.5504438054757        2.7759174099041847E-005   1235610706.7956057             5076
   1903.9254906863359        2.7749999665448200E-005   1235611996.6320877             5077
   1904.3005375671958        2.7741082653760976E-005   1235613285.9465983             5078
   1904.6755844480560        2.7731920783606747E-005   1235614574.7511177             5079
   1905.0506313289163        2.7723016324067988E-005   1235615863.0342908             5080
   1905.4256782097762        2.7713866994718579E-005   1235617150.8080955             5081
   1905.8007250906364        2.7704975064719156E-005   1235618438.0611780             5082
   1906.1757719714965        2.7695838253590806E-005   1235619724.8055136             5083
   1906.5508188523565        2.7686958830572413E-005   1235621011.0297501             5084
   1906.9258657332168        2.7677834515132209E-005   1235622296.7458606             5085
   1907.3009126140764        2.7668967576587262E-005   1235623581.9424939             5086
   1907.6759594949369        2.7659855734352926E-005   1235624866.6316211             5087
   1908.0510063757972        2.7651001257824414E-005   1235626150.8018918             5088
   1908.4260532566568        2.7641901866364180E-005   1235627434.4652753             5089
   1908.8011001375173        2.7633059829445554E-005   1235628717.6104221             5090
   1909.1761470183772        2.7623972866378023E-005   1235630000.2492998             5091
   1909.5511938992372        2.7615143246713007E-005   1235631282.3705597             5092
   1909.9262407800977        2.7606068689707039E-005   1235632563.9861670             5093
   1910.3012876609575        2.7597251464989551E-005   1235633845.0847747             5094
   1910.6763345418176        2.7588189291764129E-005   1235635125.6783452             5095
   1911.0513814226781        2.7579384439738166E-005   1235636405.7555335             5096
   1911.4264283035377        2.7570334628062210E-005   1235637685.3282993             5097
   1911.8014751843980        2.7561542126521655E-005   1235638964.3852985             5098
   1912.1765220652585        2.7552504654213973E-005   1235640242.9384892             5099
   1912.5515689461181        2.7543724481002493E-005   1235641520.9765284             5100
   1912.9266158269784        2.7534699325931566E-005   1235642798.5113716             5101
   1913.3016627078384        2.7525931458942456E-005   1235644075.5316775             5102
   1913.6767095886985        2.7516918599026376E-005   1235645352.0493991             5103
   1914.0517564695588        2.7508163016202433E-005   1235646628.0531962             5104
   1914.4268033504186        2.7499162429408708E-005   1235647903.5550201             5105
   1914.8018502312789        2.7490419108742143E-005   1235649178.5435314             5106
   1915.1768971121392        2.7481430773087577E-005   1235650453.0306792             5107
   1915.5519439929990        2.7472699692619806E-005   1235651727.0051253             5108
   1915.9269908738593        2.7463723586170404E-005   1235653000.4788170             5109
   1916.3020377547195        2.7455004723991954E-005   1235654273.4404168             5110
   1916.6770846355794        2.7446040824862796E-005   1235655545.9018700             5111
   1917.0521315164397        2.7437334159113213E-005   1235656817.8518407             5112
   1917.4271783972997        2.7428382445468258E-005   1235658089.3022711             5113
   1917.8022252781598        2.7419687954335937E-005   1235659360.2418272             5114
   1918.1772721590200        2.7410748404387955E-005   1235660630.6824491             5115
   1918.5523190398796        2.7402066066109997E-005   1235661900.6128039             5116
   1918.9273659207402        2.7393138658120417E-005   1235663170.0448291             5117
   1919.3024128016004        2.7384468450982517E-005   1235664438.9671931             5118
   1919.6774596824600        2.7375553163261295E-005   1235665707.3918316             5119
   1920.0525065633205        2.7366895065597630E-005   1235666975.3074143             5120
   1920.4275534441806        2.7357991876503090E-005   1235668242.7258744             5121
   1920.8026003250404        2.7349345866696189E-005   1235669509.6358826             5122
   1921.1776472059009        2.7340454754634983E-005   1235670776.0493701             5123
   1921.5526940867610        2.7331820811115521E-005   1235672041.9550090             5124
   1921.9277409676208        2.7322941754542388E-005   1235673307.3647282             5125
   1922.3027878484813        2.7314319855789146E-005   1235674572.2672012             5126
   1922.6778347293409        2.7305452833206879E-005   1235675836.6743543             5127
   1923.0528816102012        2.7296842957746592E-005   1235677100.5748625             5128
   1923.4279284910617        2.7287987947705854E-005   1235678363.9806499             5129
   1923.8029753719213        2.7279390074113114E-005   1235679626.8803926             5130
   1924.1780222527816        2.7270547055212343E-005   1235680889.2860126             5131
   1924.5530691336417        2.7261961162109405E-005   1235682151.1861873             5132
   1924.9281160145017        2.7253130112994663E-005   1235683412.5928364             5133
   1925.3031628953620        2.7244556179051326E-005   1235684673.4946384             5134
   1925.6782097762218        2.7235737078416191E-005   1235685933.9035113             5135
   1926.0532566570821        2.7227175082349774E-005   1235687193.8081343             5136
   1926.4283035379424        2.7218367908935148E-005   1235688453.2204232             5137
   1926.8033504188022        2.7209817829510256E-005   1235689712.1290591             5138
   1927.1783972996625        2.7201022562104396E-005   1235690970.5459547             5139
   1927.5534441805228        2.7192484378132788E-005   1235692228.4597929             5140
   1927.9284910613826        2.7183700995571049E-005   1235693485.8824844             5141
   1928.3035379422429        2.7175174685911583E-005   1235694742.8027127             5142
   1928.6785848231029        2.7166403167076279E-005   1235695999.2323866             5143
   1929.0536317039630        2.7157888710634791E-005   1235697255.1601913             5144
   1929.4286785848233        2.7149129034455142E-005   1235698510.5980327             5145
   1929.8037254656829        2.7140626410184226E-005   1235699765.5345976             5146
   1930.1787723465434        2.7131878555636232E-005   1235701019.9817896             5147
   1930.5538192274037        2.7123387742535187E-005   1235702273.9282966             5148
   1930.9288661082633        2.7114651688641482E-005   1235703527.3860204             5149
   1931.3039129891238        2.7106172665756236E-005   1235704780.3436501             5150
   1931.6789598699838        2.7097448391585924E-005   1235706032.8130851             5151
   1932.0540067508437        2.7088981138008815E-005   1235707284.7830155             5152
   1932.4290536317042        2.7080268622677428E-005   1235708536.2653391             5153
   1932.8041005125638        2.7071813117547109E-005   1235709787.2487469             5154
   1933.1791473934240        2.7063112340216433E-005   1235711037.7451341             5155
   1933.5541942742846        2.7054668562717756E-005   1235712287.7431939             5156
   1933.9292411551442        2.7045979502595725E-005   1235713537.2548189             5157
   1934.3042880360044        2.7037547431959642E-005   1235714786.2687032             5158
   1934.6793349168649        2.7028870068300196E-005   1235716034.7967377             5159
   1935.0543817977245        2.7020449683803654E-005   1235717282.8276174             5160
   1935.4294286785848        2.7011783995906619E-005   1235718530.3732312             5161
   1935.8044755594449        2.7003375276872354E-005   1235719777.4222753             5162
   1936.1795224403049        2.6994721244083364E-005   1235721023.9866364             5163
   1936.5545693211652        2.6986324169879859E-005   1235722270.0550122             5164
   1936.9296162020250        2.6977681771590215E-005   1235723515.6392865             5165
   1937.3046630828853        2.6969296321631551E-005   1235724760.7281592             5166
   1937.6797099637456        2.6960665537278042E-005   1235726005.3335111             5167
   1938.0547568446054        2.6952291691023788E-005   1235727249.4440439             5168
   1938.4298037254657        2.6943672500088690E-005   1235728493.0716362             5169
   1938.8048506063258        2.6935310237043736E-005   1235729736.2049904             5170
   1939.1798974871858        2.6926702619054609E-005   1235730978.8559835             5171
   1939.5549443680461        2.6918351918769078E-005   1235732221.0133190             5172
   1939.9299912489062        2.6909755853298627E-005   1235733462.6888716             5173
   1940.3050381297662        2.6901416695367825E-005   1235734703.8713465             5174
   1940.6800850106265        2.6892832162033834E-005   1235735944.5726154             5175
   1941.0551318914861        2.6884504526098019E-005   1235737184.7813852             5176
   1941.4301787723466        2.6875931504563221E-005   1235738424.5095255             5177
   1941.8052256532069        2.6867615370307495E-005   1235739663.7457445             5178
   1942.1802725340665        2.6859053840279469E-005   1235740902.5019095             5179
   1942.5553194149270        2.6850749187433789E-005   1235742140.7667298             5180
   1942.9303662957871        2.6842199128664744E-005   1235743378.5520711             5181
   1943.3054131766469        2.6833905937003711E-005   1235744615.8466434             5182
   1943.6804600575074        2.6825367329290532E-005   1235745852.6623104             5183
   1944.0555069383670        2.6817085578633234E-005   1235747088.9877832             5184
   1944.4305538192273        2.6808558401817253E-005   1235748324.8349233             5185
   1944.8056007000878        2.6800288072027174E-005   1235749560.1924436             5186
   1945.1806475809474        2.6791772305994057E-005   1235750795.0722027             5187
   1945.5556944618077        2.6783513376979024E-005   1235752029.4629152             5188
   1945.9307413426682        2.6775009001658668E-005   1235753263.3764379             5189
   1946.3057882235278        2.6766761453370705E-005   1235754496.8014860             5190
   1946.6808351043881        2.6758268448737144E-005   1235755729.7499142             5191
   1947.0558819852481        2.6750032261172273E-005   1235756962.2104392             5192
   1947.4309288661082        2.6741550607243573E-005   1235758194.1949134             5193
   1947.8059757469684        2.6733325760441801E-005   1235759425.6920547             5194
   1948.1810226278283        2.6724855437279914E-005   1235760656.7137134             5195
   1948.5560695086886        2.6716641911325092E-005   1235761887.2486091             5196
   1948.9311163895488        2.6708182899035732E-005   1235763117.3085892             5197
   1949.3061632704087        2.6699980674055447E-005   1235764346.8823748             5198
   1949.6812101512689        2.6691532952787990E-005   1235765575.9818113             5199
   1950.0562570321290        2.6683342008953386E-005   1235766804.5956211             5200
   1950.4313039129891        2.6674905558900777E-005   1235768032.7356474             5201
   1950.8063507938493        2.6666725876426507E-005   1235769260.3906138             5202
   1951.1813976747094        2.6658300677825074E-005   1235770487.5723612             5203
   1951.5564445555694        2.6650132236969185E-005   1235771714.2696147             5204
   1951.9314914364297        2.6641718270098602E-005   1235772940.4942129             5205
   1952.3065383172893        2.6633561051162418E-005   1235774166.2348821             5206
   1952.6815851981498        2.6625158296345602E-005   1235775391.5034587             5207
   1953.0566320790101        2.6617012279673564E-005   1235776616.2886708             5208
   1953.4316789598697        2.6608620717276532E-005   1235777840.6023524             5209
   1953.8067258407302        2.6600485883256145E-005   1235779064.4332323             5210
   1954.1817727215903        2.6592105493687850E-005   1235780287.7931428             5211
   1954.5568196024501        2.6583981822749559E-005   1235781510.6708140             5212
   1954.9318664833106        2.6575612586461861E-005   1235782733.0780759             5213
   1955.3069133641702        2.6567500059078880E-005   1235783955.0036604             5214
   1955.6819602450305        2.6559141956566383E-005   1235785176.4593945             5215
   1956.0570071258910        2.6551040553254660E-005   1235786397.4340117             5216
   1956.4320540067506        2.6542693565054642E-005   1235787617.9393370             5217
   1956.8071008876109        2.6534603266372719E-005   1235788837.9641051             5218
   1957.1821477684714        2.6526267373064925E-005   1235790057.5201387             5219
   1957.5571946493310        2.6518188159613825E-005   1235791276.5961742             5220
   1957.9322415301913        2.6509863341820478E-005   1235792495.2040315             5221
   1958.3072884110513        2.6501795194243565E-005   1235793713.3324487             5222
   1958.6823352919114        2.6493481432629211E-005   1235794930.9932439             5223
   1959.0573821727717        2.6485424331612116E-005   1235796148.1751556             5224
   1959.4324290536315        2.6477121606883520E-005   1235797364.8900001             5225
   1959.8074759344918        2.6469075533154093E-005   1235798581.1265175             5226
   1960.1825228153523        2.6460783826060048E-005   1235799796.8965216             5227
   1960.5575696962119        2.6452748760388137E-005   1235801012.1887538             5228
   1960.9326165770722        2.6444468051719503E-005   1235802227.0150259             5229
   1961.3076634579322        2.6436443974916830E-005   1235803441.3640809             5230
   1961.6827103387923        2.6428174245506284E-005   1235804655.2477276             5231
   1962.0577572196526        2.6420161138426480E-005   1235805868.6547108             5232
   1962.4328041005122        2.6411902369148511E-005   1235807081.5968370             5233
   1962.8078509813727        2.6403900212686862E-005   1235808294.0628526             5234
   1963.1828978622329        2.6395652384457586E-005   1235809506.0645618             5235
   1963.5579447430925        2.6387661159551051E-005   1235810717.5907121             5236
   1963.9329916239531        2.6379424253328123E-005   1235811928.6531055             5237
   1964.3080385048133        2.6371443940955085E-005   1235813139.2404912             5238
   1964.6830853856729        2.6363217937737672E-005   1235814349.3646686             5239
   1965.0581322665334        2.6355248518917923E-005   1235815559.0143883             5240
   1965.4331791473935        2.6347033399746477E-005   1235816768.2014477             5241
   1965.8082260282533        2.6339074855541121E-005   1235817976.9145987             5242
   1966.1832729091138        2.6330870601497290E-005   1235819185.1656365             5243
   1966.5583197899734        2.6322922913008606E-005   1235820392.9433141             5244
   1966.9333666708339        2.6314729505215217E-005   1235821600.2594247             5245
   1967.3084135516942        2.6306792653586514E-005   1235822807.1027229             5246
   1967.6834604325538        2.6298610073207431E-005   1235824013.4849992             5247
   1968.0585073134143        2.6290684039623000E-005   1235825219.3950098             5248
   1968.4335541942742        2.6282512267862922E-005   1235826424.8445427             5249
   1968.8086010751342        2.6274597033547962E-005   1235827629.8223560             5250
   1969.1836479559947        2.6266436051652447E-005   1235828834.3402352             5251
   1969.5586948368546        2.6258531597872823E-005   1235830038.3869393             5252
   1969.9337417177146        2.6250381387128108E-005   1235831241.9742527             5253
   1970.3087885985751        2.6242487695190385E-005   1235832445.0909350             5254
   1970.6838354794347        2.6234348236923293E-005   1235833647.7487681             5255
   1971.0588823602950        2.6226465288174589E-005   1235834849.9365137             5256
   1971.4339292411555        2.6218336563752435E-005   1235836051.6659510             5257
   1971.8089761220151        2.6210464339580266E-005   1235837252.9258430             5258
   1972.1840230028754        2.6202346330410779E-005   1235838453.7279673             5259
   1972.5590698837354        2.6194484812242998E-005   1235839654.0610876             5260
   1972.9341167645955        2.6186377499774170E-005   1235840853.9369795             5261
   1973.3091636454558        2.6178526669078851E-005   1235842053.3444085             5262
   1973.6842105263156        2.6170430034798832E-005   1235843252.2951472             5263
   1974.0592574071759        2.6162589873084193E-005   1235844450.7779629             5264
   1974.4343042880362        2.6154503898521187E-005   1235845648.8046260             5265
   1974.8093511688960        2.6146674387335465E-005   1235846846.3639054             5266
   1975.1843980497563        2.6138599054057732E-005   1235848043.4675689             5267
   1975.5594449306166        2.6130780174989034E-005   1235849240.1043866             5268
   1975.9344918114764        2.6122715464604626E-005   1235850436.2861242             5269
   1976.3095386923367        2.6114907199280949E-005   1235851632.0015540             5270
   1976.6845855731967        2.6106853093437686E-005   1235852827.2624388             5271
   1977.0596324540568        2.6099055423526718E-005   1235854022.0575516             5272
   1977.4346793349171        2.6091011903912092E-005   1235855216.3986542             5273
   1977.8097262157767        2.6083224811121109E-005   1235856410.2745204             5274
   1978.1847730966372        2.6075191859462176E-005   1235857603.6969099             5275
   1978.5598199774975        2.6067415325537945E-005   1235858796.6545980             5276
   1978.9348668583571        2.6059392923601227E-005   1235859989.1593416             5277
   1979.3099137392176        2.6051626930329955E-005   1235861181.1999180             5278
   1979.6849606200774        2.6043615059921266E-005   1235862372.7880816             5279
   1980.0600075009374        2.6035859589128444E-005   1235863563.9126115             5280
   1980.4350543817980        2.6027858232092900E-005   1235864754.5852594             5281
   1980.8101012626578        2.6020113265643211E-005   1235865944.7948058             5282
   1981.1851481435178        2.6012122403865101E-005   1235867134.5530005             5283
   1981.5601950243783        2.6004387923662360E-005   1235868323.8486252             5284
   1981.9352419052379        2.5996407539064985E-005   1235869512.6934273             5285
   1982.3102887860982        2.5988683527052002E-005   1235870701.0761902             5286
   1982.6853356669587        2.5980713601597611E-005   1235871889.0086591             5287
   1983.0603825478183        2.5973000039756112E-005   1235873076.4796188             5288
   1983.4354294286786        2.5965040555445839E-005   1235874263.5008121             5289
   1983.8104763095387        2.5957337425796325E-005   1235875450.0610251             5290
   1984.1855231903987        2.5949388364670072E-005   1235876636.1719985             5291
   1984.5605700712590        2.5941695649271736E-005   1235877821.8225198             5292
   1984.9356169521188        2.5933756993408015E-005   1235879007.0243275             5293
   1985.3106638329791        2.5926074674358665E-005   1235880191.7662108             5294
   1985.6857107138394        2.5918146405874543E-005   1235881376.0599055             5295
   1986.0607575946992        2.5910474465310517E-005   1235882559.8942022             5296
   1986.4358044755595        2.5902556566361538E-005   1235883743.2808349             5297
   1986.8108513564198        2.5894894986457540E-005   1235884926.2085955             5298
   1987.1858982372796        2.5886987439237604E-005   1235886108.6892152             5299
   1987.5609451181399        2.5879336202206687E-005   1235887290.7114880             5300
   1987.9359919990000        2.5871438988947912E-005   1235888472.2871428             5301
   1988.3110388798600        2.5863798077041291E-005   1235889653.4049747             5302
   1988.6860857607203        2.5855911180013957E-005   1235890834.0767105             5303
   1989.0611326415799        2.5848280575520995E-005   1235892014.2911468             5304
   1989.4361795224404        2.5840403977033496E-005   1235893194.0600083             5305
   1989.8112264033007        2.5832783662281510E-005   1235894373.3720927             5306
   1990.1862732841603        2.5824917344680207E-005   1235895552.2391224             5307
   1990.5613201650208        2.5817307302034514E-005   1235896730.6498966             5308
   1990.9363670458806        2.5809451247703550E-005   1235897908.6161358             5309
   1991.3114139267407        2.5801851459567260E-005   1235899086.1266408             5310
   1991.6864608076012        2.5794005650928626E-005   1235900263.1931291             5311
   1992.0615076884610        2.5786416099742525E-005   1235901439.8044033             5312
   1992.4365545693211        2.5778580519255868E-005   1235902615.9721789             5313
   1992.8116014501816        2.5771001187498404E-005   1235903791.6852596             5314
   1993.1866483310412        2.5763175817660964E-005   1235904966.9553585             5315
   1993.5616952119015        2.5755606687848115E-005   1235906141.7712812             5316
   1993.9367420927620        2.5747791511194582E-005   1235907316.1447384             5317
   1994.3117889736216        2.5740232565879780E-005   1235908490.0645373             5318
   1994.6868358544818        2.5732427564982263E-005   1235909663.5423861             5319
   1995.0618827353419        2.5724878786756265E-005   1235910836.5670931             5320
   1995.4369296162020        2.5717083944224135E-005   1235912009.1503649             5321
   1995.8119764970622        2.5709545315714924E-005   1235913181.2810113             5322
   1996.1870233779221        2.5701760614194783E-005   1235914352.9707363             5323
   1996.5620702587823        2.5694232118067502E-005   1235915524.2083511             5324
   1996.9371171396426        2.5686457540242972E-005   1235916695.0055573             5325
   1997.3121640205025        2.5678939159199845E-005   1235917865.3511682             5326
   1997.6872109013627        2.5671174687791642E-005   1235919035.2568827             5327
   1998.0622577822228        2.5663666404571772E-005   1235920204.7115154             5328
   1998.4373046630828        2.5655912022337518E-005   1235921373.7267635             5329
   1998.8123515439431        2.5648413819716923E-005   1235922542.2914426             5330
   1999.1873984248032        2.5640669509451004E-005   1235923710.4172478             5331
   1999.5624453056632        2.5633181370242491E-005   1235924878.0929964             5332
   1999.9374921865235        2.5625447114776050E-005   1235926045.3303807             5333
   2000.3125390673831        2.5617969021829082E-005   1235927212.1182196             5334
   2000.6875859482436        2.5610244804029889E-005   1235928378.4682035             5335
   2001.0626328291039        2.5602776740230508E-005   1235929544.3691530             5336
   2001.4376797099635        2.5595062543002930E-005   1235930709.8327556             5337
   2001.8127265908240        2.5587604491273685E-005   1235931874.8478334             5338
   2002.1877734716838        2.5579900297558435E-005   1235933039.4260716             5339
   2002.5628203525439        2.5572452240858292E-005   1235934203.5562944             5340
   2002.9378672334044        2.5564758033632508E-005   1235935367.2501845             5341
   2003.3129141142640        2.5557319954956717E-005   1235936530.4965672             5342
   2003.6879609951243        2.5549635717233777E-005   1235937693.3071232             5343
   2004.0630078759848        2.5542207599613780E-005   1235938855.6706793             5344
   2004.4380547568444        2.5534533314443192E-005   1235940017.5989139             5345
   2004.8131016377047        2.5527115140946587E-005   1235941179.0806551             5346
   2005.1881485185652        2.5519450791413960E-005   1235942340.1275792             5347
   2005.5631953994248        2.5512042545144398E-005   1235943500.7285161             5348
   2005.9382422802851        2.5504388114371321E-005   1235944660.8951395             5349
   2006.3132891611451        2.5496989778468317E-005   1235945820.6162806             5350
   2006.6883360420052        2.5489345249612329E-005   1235946979.9036109             5351
   2007.0633829228655        2.5481956807251304E-005   1235948138.7459638             5352
   2007.4384298037253        2.5474322163505658E-005   1235949297.1550078             5353
   2007.8134766845856        2.5466943597897799E-005   1235950455.1195774             5354
   2008.1885235654458        2.5459318822491494E-005   1235951612.6513400             5355
   2008.5635704463057        2.5451950116883621E-005   1235952769.7391310             5356
   2008.9386173271660        2.5444335193081295E-005   1235953926.3946154             5357
   2009.3136642080260        2.5436976330755800E-005   1235955082.6066303             5358
   2009.6887110888861        2.5429371241857642E-005   1235956238.3868384             5359
   2010.0637579697463        2.5422022206132415E-005   1235957393.7240784             5360
   2010.4388048506064        2.5414426935474049E-005   1235958548.6300104             5361
   2010.8138517314665        2.5407087709702408E-005   1235959703.0934746             5362
   2011.1888986123267        2.5399502240654785E-005   1235960857.1261292             5363
   2011.5639454931863        2.5392172808225310E-005   1235962010.7168159             5364
   2011.9389923740468        2.5384597124194643E-005   1235963163.8771901             5365
   2012.3140392549071        2.5377277468531154E-005   1235964316.5960958             5366
   2012.6890861357667        2.5369711552958828E-005   1235965468.8851857             5367
   2013.0641330166272        2.5362401657520295E-005   1235966620.7333050             5368
   2013.4391798974871        2.5354845493882777E-005   1235967772.1521044             5369
   2013.8142267783471        2.5347545342163188E-005   1235968923.1304309             5370
   2014.1892736592076        2.5339998913971941E-005   1235970073.6799326             5371
   2014.5643205400672        2.5332708489500239E-005   1235971223.7894580             5372
   2014.9393674209275        2.5325171780301676E-005   1235972373.4706533             5373
   2015.3144143017880        2.5317891066641617E-005   1235973522.7123680             5374
   2015.6894611826476        2.5310364060016939E-005   1235974671.5262461             5375
   2016.0645080635079        2.5303093040767119E-005   1235975819.9011390             5376
   2016.4395549443684        2.5295575720332238E-005   1235976967.8486881             5377
   2016.8146018252280        2.5288314379125931E-005   1235978115.3577466             5378
   2017.1896487060883        2.5280806728531459E-005   1235979262.4399536             5379
   2017.5646955869483        2.5273555049036531E-005   1235980409.0841632             5380
   2017.9397424678084        2.5266057051967590E-005   1235981555.3020129             5381
   2018.3147893486687        2.5258815017886412E-005   1235982701.0823584             5382
   2018.6898362295285        2.5251326658062591E-005   1235983846.4368343             5383
   2019.0648831103888        2.5244094253131972E-005   1235984991.3542981             5384
   2019.4399299912491        2.5236615514307227E-005   1235986135.8463824             5385
   2019.8149768721089        2.5229392722298358E-005   1235987279.9019458             5386
   2020.1900237529692        2.5221923588261007E-005   1235988423.5326190             5387
   2020.5650706338292        2.5214710392979230E-005   1235989566.7272620             5388
   2020.9401175146893        2.5207250847551794E-005   1235990709.4975030             5389
   2021.3151643955496        2.5200047232836707E-005   1235991851.8322041             5390
   2021.6902112764096        2.5192597259875761E-005   1235992993.7429905             5391
   2022.0652581572697        2.5185403209601030E-005   1235994135.2187262             5392
   2022.4403050381300        2.5177962792997254E-005   1235995276.2710342             5393
   2022.8153519189896        2.5170778291070515E-005   1235996416.8887799             5394
   2023.1903987998501        2.5163347414748506E-005   1235997557.0835841             5395
   2023.5654456807104        2.5156172445111299E-005   1235998696.8443136             5396
   2023.9404925615700        2.5148751093029562E-005   1235999836.1825871             5397
   2024.3155394424305        2.5141585639657268E-005   1236000975.0872729             5398
   2024.6905863232905        2.5134173795808054E-005   1236002113.5699873             5399
   2025.0656332041503        2.5127017842709794E-005   1236003251.6196003             5400
   2025.4406800850109        2.5119615491119054E-005   1236004389.2477257             5401
   2025.8157269658705        2.5112469022337603E-005   1236005526.4432352             5402
   2026.1907738467307        2.5105076147064905E-005   1236006663.2177401             5403
   2026.5658207275912        2.5097939146676595E-005   1236007799.5601139             5404
   2026.9408676084508        2.5090555731815081E-005   1236008935.4819658             5405
   2027.3159144893111        2.5083428183929760E-005   1236010070.9721706             5406
   2027.6909613701712        2.5076054213605937E-005   1236011206.0423353             5407
   2028.0660082510312        2.5068936102366823E-005   1236012340.6813359             5408
   2028.4410551318915        2.5061571560740613E-005   1236013474.9007773             5409
   2028.8161020127516        2.5054462870324302E-005   1236014608.6895375             5410
   2029.1911488936116        2.5047107741588864E-005   1236015742.0592186             5411
   2029.5661957744719        2.5040008456205107E-005   1236016874.9987001             5412
   2029.9412426553317        2.5032662724586841E-005   1236018007.5195823             5413
   2030.3162895361920        2.5025572828478599E-005   1236019139.6107459             5414
   2030.6913364170523        2.5018236478236983E-005   1236020271.2837887             5415
   2031.0663832979121        2.5011155955680290E-005   1236021402.5275936             5416
   2031.4414301787724        2.5003828971107830E-005   1236022533.3537560             5417
   2031.8164770596325        2.4996757806411680E-005   1236023663.7511597             5418
   2032.1915239404925        2.4989440171833855E-005   1236024793.7313981             5419
   2032.5665708213528        2.4982378349340138E-005   1236025923.2833569             5420
   2032.9416177022124        2.4975070049115279E-005   1236027052.4186270             5421
   2033.3166645830729        2.4968017553198728E-005   1236028181.1260960             5422
   2033.6917114639332        2.4960718571717917E-005   1236029309.4173520             5423
   2034.0667583447928        2.4953675386786024E-005   1236030437.2812841             5424
   2034.4418052256533        2.4946385708473086E-005   1236031564.7294784             5425
   2034.8168521065136        2.4939351818965934E-005   1236032691.7508256             5426
   2035.1918989873732        2.4932071428277323E-005   1236033818.3569095             5427
   2035.5669458682337        2.4925046818667659E-005   1236034944.5366223             5428
   2035.9419927490937        2.4917775700092279E-005   1236036070.3015456             5429
   2036.3170396299536        2.4910760354885290E-005   1236037195.6405730             5430
   2036.6920865108141        2.4903498492944577E-005   1236038320.5652840             5431
   2037.0671333916737        2.4896492396677892E-005   1236039445.0645735             5432
   2037.4421802725340        2.4889239775925631E-005   1236040569.1500187             5433
   2037.8172271533945        2.4882242913169173E-005   1236041692.8105168             5434
   2038.1922740342541        2.4874999518191510E-005   1236042816.0576420             5435
   2038.5673209151144        2.4868011873547477E-005   1236043938.8802931             5436
   2038.9423677959744        2.4860777688962679E-005   1236045061.2900422             5437
   2039.3174146768345        2.4853799247065456E-005   1236046183.2757895             5438
   2039.6924615576947        2.4846574257523928E-005   1236047304.8491051             5439
   2040.0675084385548        2.4839605003039973E-005   1236048425.9988906             5440
   2040.4425553194149        2.4832389193224210E-005   1236049546.7367136             5441
   2040.8176022002751        2.4825429110852009E-005   1236050667.0514781             5442
   2041.1926490811350        2.4818222465476459E-005   1236051786.9547486             5443
   2041.5676959619952        2.4811271539946436E-005   1236052906.4354303             5444
   2041.9427428428555        2.4804074043757448E-005   1236054025.5050867             5445
   2042.3177897237154        2.4797132259831850E-005   1236055144.1526237             5446
   2042.6928366045756        2.4789943897607606E-005   1236056262.3896024             5447
   2043.0678834854357        2.4783011240080460E-005   1236057380.2049313             5448
   2043.4429303662957        2.4775831996630833E-005   1236058497.6101680             5449
   2043.8179772471560        2.4768908450327870E-005   1236059614.5942228             5450
   2044.1930241280156        2.4761738310494439E-005   1236060731.1686518             5451
   2044.5680710088761        2.4754823860273033E-005   1236061847.3223662             5452
   2044.9431178897364        2.4747662808928902E-005   1236062963.0669198             5453
   2045.3181647705960        2.4740757439677945E-005   1236064078.3912258             5454
   2045.6932116514565        2.4733605461727770E-005   1236065193.3068354             5455
   2046.0682585323168        2.4726709158367605E-005   1236066307.8026636             5456
   2046.4433054131764        2.4719566238747444E-005   1236067421.8902590             5457
   2046.8183522940369        2.4712678986229796E-005   1236068535.5585382             5458
   2047.1933991748970        2.4705545109907050E-005   1236069648.8190482             5459
   2047.5684460557568        2.4698666893214977E-005   1236070761.6607065             5460
   2047.9434929366173        2.4691542045188310E-005   1236071874.0950580             5461
   2048.3185398174769        2.4684672849336065E-005   1236072986.1110218             5462
   2048.6935866983372        2.4677557014635311E-005   1236074097.7201400             5463
   2049.0686335791975        2.4670696824668323E-005   1236075208.9113343             5464
   2049.4436804600573        2.4663589988354433E-005   1236076319.6961441             5465
   2049.8187273409176        2.4656738789349195E-005   1236077430.0634923             5466
   2050.1937742217779        2.4649640936514146E-005   1236078540.0249162             5467
   2050.5688211026377        2.4642798713578114E-005   1236079649.5693407             5468
   2050.9438679834980        2.4635709829344890E-005   1236080758.7083004             5469
   2051.3189148643582        2.4628876567616458E-005   1236081867.4307218             5470
   2051.6939617452181        2.4621796637138902E-005   1236082975.7481372             5471
   2052.0690086260784        2.4614972321787302E-005   1236084083.6494749             5472
   2052.4440555069382        2.4607901330250033E-005   1236085191.1462650             5473
   2052.8191023877985        2.4601085946475326E-005   1236086298.2274370             5474
   2053.1941492686587        2.4594023879093658E-005   1236087404.9045191             5475
   2053.5691961495186        2.4587217412126531E-005   1236088511.1664424             5476
   2053.9442430303789        2.4580164254146504E-005   1236089617.0247321             5477
   2054.3192899112387        2.4573366689248244E-005   1236090722.4683218             5478
   2054.6943367920990        2.4566322425946461E-005   1236091827.5087345             5479
   2055.0693836729592        2.4559533748408891E-005   1236092932.1349044             5480
   2055.4444305538191        2.4552498365092420E-005   1236094036.3583527             5481
   2055.8194774346794        2.4545718560237888E-005   1236095140.1680155             5482
   2056.1945243155396        2.4538692042244238E-005   1236096243.5754116             5483
   2056.5695711963995        2.4531921095425430E-005   1236097346.5694785             5484
   2056.9446180772597        2.4524903428122515E-005   1236098449.1617327             5485
   2057.3196649581200        2.4518141324722403E-005   1236099551.3411133             5486
   2057.6947118389799        2.4511132493508348E-005   1236100653.1191347             5487
   2058.0697587198401        2.4504379218940214E-005   1236101754.4847381             5488
   2058.4448056007000        2.4497379209243324E-005   1236102855.4494345             5489
   2058.8198524815602        2.4490634748950603E-005   1236103956.0021672             5490
   2059.1948993624205        2.4483643546229337E-005   1236105056.1544449             5491
   2059.5699462432804        2.4476907885685519E-005   1236106155.8952129             5492
   2059.9449931241406        2.4469925475428395E-005   1236107255.2359774             5493
   2060.3200400050009        2.4463198600136966E-005   1236108354.1656847             5494
   2060.6950868858607        2.4456224967862509E-005   1236109452.6958396             5495
   2061.0701337667210        2.4449506863356929E-005   1236110550.8153896             5496
   2061.4451806475809        2.4442541994613491E-005   1236111648.5358369             5497
   2061.8202275284411        2.4435832646457082E-005   1236112745.8461313             5498
   2062.1952744093014        2.4428876526822889E-005   1236113842.7577724             5499
   2062.5703212901608        2.4422175920608756E-005   1236114939.2597115             5500
   2062.9453681710215        2.4415228535691818E-005   1236116035.3634460             5501
   2063.3204150518818        2.4408536657042776E-005   1236117131.0579288             5502
   2063.6954619327412        2.4401597992480765E-005   1236118226.3546548             5503
   2064.0705088136019        2.4394914827049306E-005   1236119321.2425787             5504
   2064.4455556944622        2.4387984868509458E-005   1236120415.7331936             5505
   2064.8206025753216        2.4381310401977663E-005   1236121509.8154554             5506
   2065.1956494561823        2.4374389135156797E-005   1236122603.5008545             5507
   2065.5706963370421        2.4367723353236205E-005   1236123696.7783487             5508
   2065.9457432179020        2.4360810763860640E-005   1236124789.6594265             5509
   2066.3207900987627        2.4354153652292218E-005   1236125882.1330471             5510
   2066.6958369796221        2.4347249726117636E-005   1236126974.2106965             5511
   2067.0708838604824        2.4340601270671738E-005   1236128065.8813357             5512
   2067.4459307413431        2.4333705993483108E-005   1236129157.1564484             5513
   2067.8209776222025        2.4327066179959390E-005   1236130248.0249972             5514
   2068.1960245030627        2.4320179537570931E-005   1236131338.4984634             5515
   2068.5710713839230        2.4313548351798196E-005   1236132428.5658114             5516
   2068.9461182647829        2.4306670330053364E-005   1236133518.2385201             5517
   2069.3211651456431        2.4300047757889597E-005   1236134607.5055559             5518
   2069.6962120265034        2.4293178342660893E-005   1236135696.3783948             5519
   2070.0712589073632        2.4286564369993170E-005   1236136784.8460052             5520
   2070.4463057882235        2.4279703547182134E-005   1236137872.9198608             5521
   2070.8213526690834        2.4273098159926486E-005   1236138960.5889316             5522
   2071.1963995499436        2.4266245915463660E-005   1236140047.8646891             5523
   2071.5714464308039        2.4259649099565031E-005   1236141134.7361045             5524
   2071.9464933116637        2.4252805419409854E-005   1236142221.2146473             5525
   2072.3215401925240        2.4246217160842119E-005   1236143307.2892904             5526
   2072.6965870733843        2.4239382030982779E-005   1236144392.9715011             5527
   2073.0716339542441        2.4232802315748534E-005   1236145478.2502537             5528
   2073.4466808351044        2.4225975722202046E-005   1236146563.1370134             5529
   2073.8217277159642        2.4219404536332665E-005   1236147647.6207561             5530
   2074.1967745968245        2.4212586465144695E-005   1236148731.7129443             5531
   2074.5718214776848        2.4206023794700085E-005   1236149815.4025562             5532
   2074.9468683585446        2.4199214231944908E-005   1236150898.7010515             5533
   2075.3219152394049        2.4192660063013685E-005   1236151981.5974104             5534
   2075.6969621202652        2.4185858994794084E-005   1236153064.1030903             5535
   2076.0720090011250        2.4179313313493307E-005   1236154146.2070727             5536
   2076.4470558819853        2.4172520725940589E-005   1236155227.9208128             5537
   2076.8221027628456        2.4165983518415720E-005   1236156309.2332940             5538
   2077.1971496437054        2.4159199397689573E-005   1236157390.1559689             5539
   2077.5721965245657        2.4152670650114509E-005   1236158470.6778228             5540
   2077.9472434054255        2.4145894982402980E-005   1236159550.8103061             5541
   2078.3222902862858        2.4139374680979880E-005   1236160630.5424051             5542
   2078.6973371671461        2.4132607452499226E-005   1236161709.8855686             5543
   2079.0723840480059        2.4126095583458502E-005   1236162788.8287845             5544
   2079.4474309288662        2.4119336780453216E-005   1236163867.3834989             5545
   2079.8224778097260        2.4112833330053375E-005   1236164945.5387015             5546
   2080.1975246905863        2.4106082938796038E-005   1236166023.3058360             5547
   2080.5725715714466        2.4099587893323704E-005   1236167100.6738942             5548
   2080.9476184523064        2.4092845900114988E-005   1236168177.6543174             5549
   2081.3226653331667        2.4086359245884857E-005   1236169254.2360985             5550
   2081.6977122140270        2.4079625637053413E-005   1236170330.4306769             5551
   2082.0727590948868        2.4073147360408088E-005   1236171406.2270474             5552
   2082.4478059757471        2.4066422122310488E-005   1236172481.6366467             5553
   2082.8228528566074        2.4059952209620457E-005   1236173556.6484714             5554
   2083.1978997374672        2.4053235328641087E-005   1236174631.2739558             5555
   2083.5729466183275        2.4046773766304684E-005   1236175705.5020983             5556
   2083.9479934991873        2.4040065228855747E-005   1236176779.3443308             5557
   2084.3230403800476        2.4033612003299054E-005   1236177852.7896535             5558
   2084.6980872609079        2.4026911795820487E-005   1236178925.8494961             5559
   2085.0731341417672        2.4020466893497257E-005   1236179998.5128601             5560
   2085.4481810226280        2.4013775002456638E-005   1236181070.7911730             5561
   2085.8232279034883        2.4007338409848205E-005   1236182142.6734383             5562
   2086.1982747843476        2.4000654821740702E-005   1236183214.1710808             5563
   2086.5733216652084        2.3994226525355996E-005   1236184285.2731056             5564
   2086.9483685460687        2.3987551226704235E-005   1236185355.9909356             5565
   2087.3234154269280        2.3981131213079643E-005   1236186426.3135774             5566
   2087.6984623077888        2.3974464190433759E-005   1236187496.2524517             5567
   2088.0735091886486        2.3968052446133081E-005   1236188565.7965667             5568
   2088.4485560695084        2.3961393686070570E-005   1236189634.9573405             5569
   2088.8236029503691        2.3954990197685011E-005   1236190703.7237833             5570
   2089.1986498312285        2.3948339686810678E-005   1236191772.1073108             5571
   2089.5736967120888        2.3941944440958656E-005   1236192840.0969350             5572
   2089.9487435929495        2.3935302165904562E-005   1236193907.7040691             5573
   2090.3237904738089        2.3928915149231750E-005   1236194974.9177270             5574
   2090.6988373546692        2.3922281096657102E-005   1236196041.7493196             5575
   2091.0738842355295        2.3915902295836311E-005   1236197108.1878619             5576
   2091.4489311163893        2.3909276452427496E-005   1236198174.2447629             5577
   2091.8239779972496        2.3902905854158593E-005   1236199239.9090397             5578
   2092.1990248781099        2.3896288206629030E-005   1236200305.1920986             5579
   2092.5740717589697        2.3889925797638951E-005   1236201370.0829582             5580
   2092.9491186398300        2.3883316332729035E-005   1236202434.5930228             5581
   2093.3241655206898        2.3876962099771623E-005   1236203498.7113125             5582
   2093.6992124015501        2.3870360804248678E-005   1236204562.4492292             5583
   2094.0742592824104        2.3864014734104687E-005   1236205625.7957952             5584
   2094.4493061632702        2.3857421594762890E-005   1236206688.7624094             5585
   2094.8243530441305        2.3851083674239913E-005   1236207751.3380964             5586
   2095.1993999249908        2.3844498677900190E-005   1236208813.5342524             5587
   2095.5744468058506        2.3838168893832575E-005   1236209875.3399038             5588
   2095.9494936867109        2.3831592027342636E-005   1236210936.7664447             5589
   2096.3245405675707        2.3825270366591419E-005   1236211997.8029029             5590
   2096.6995874484310        2.3818701616825634E-005   1236213058.4606702             5591
   2097.0746343292913        2.3812388066278420E-005   1236214118.7287762             5592
   2097.4496812101511        2.3805827420137722E-005   1236215178.6186104             5593
   2097.8247280910114        2.3799521966708764E-005   1236216238.1192038             5594
   2098.1997749718716        2.3792969411120634E-005   1236217297.2419441             5595
   2098.5748218527315        2.3786672041750644E-005   1236218355.9758637             5596
   2098.9498687335918        2.3780127563669005E-005   1236219414.3323479             5597
   2099.3249156144520        2.3773838265325166E-005   1236220472.3004315             5598
   2099.6999624953119        2.3767301851730390E-005   1236221529.8914964             5599
   2100.0750093761721        2.3761020611406203E-005   1236222587.0945795             5600
   2100.4500562570320        2.3754492249304974E-005   1236223643.9210608             5601
   2100.8251031378923        2.3748219054020247E-005   1236224700.3599784             5602
   2101.2001500187525        2.3741698730445524E-005   1236225756.4227104             5603
   2101.5751968996124        2.3735433567246360E-005   1236226812.0982964             5604
   2101.9502437804726        2.3728921269257347E-005   1236227867.3981121             5605
   2102.3252906613325        2.3722664125215990E-005   1236228922.3111989             5606
   2102.7003375421928        2.3716159839898016E-005   1236229976.8489299             5607
   2103.0753844230530        2.3709910702112873E-005   1236231031.0003488             5608
   2103.4504313039129        2.3703414416577338E-005   1236232084.7768261             5609
   2103.8254781847731        2.3697173272172859E-005   1236233138.1674070             5610
   2104.2005250656334        2.3690684973557192E-005   1236234191.1834600             5611
   2104.5755719464933        2.3684451809683828E-005   1236235243.8140316             5612
   2104.9506188273535        2.3677971485151446E-005   1236236296.0704885             5613
   2105.3256657082138        2.3671746288985509E-005   1236237347.9418788             5614
   2105.7007125890736        2.3665273925725765E-005   1236238399.4395664             5615
   2106.0757594699339        2.3659056684469508E-005   1236239450.5526016             5616
   2106.4508063507938        2.3652592269697509E-005   1236240501.2923458             5617
   2106.8258532316540        2.3646382970579003E-005   1236241551.6478510             5618
   2107.2009001125143        2.3639926491535667E-005   1236242601.6304762             5619
   2107.5759469933737        2.3633725121808690E-005   1236243651.2292757             5620
   2107.9509938742344        2.3627276565760638E-005   1236244700.4556057             5621
   2108.3260407550947        2.3621083112704639E-005   1236245749.2985222             5622
   2108.7010876359541        2.3614642466944159E-005   1236246797.7693791             5623
   2109.0761345168148        2.3608456917864210E-005   1236247845.8572338             5624
   2109.4511813976746        2.3602024169709185E-005   1236248893.5734386             5625
   2109.8262282785345        2.3595846511935923E-005   1236249940.9070523             5626
   2110.2012751593952        2.3589421648729733E-005   1236250987.8694243             5627
   2110.5763220402550        2.3583251869619309E-005   1236252034.4496162             5628
   2110.9513689211149        2.3576834878730866E-005   1236253080.6589746             5629
   2111.3264158019756        2.3570672965664866E-005   1236254126.4865625             5630
   2111.7014626828350        2.3564263834488429E-005   1236255171.9437246             5631
   2112.0765095636953        2.3558109774873789E-005   1236256217.0195253             5632
   2112.4515564445560        2.3551708490828944E-005   1236257261.7253070             5633
   2112.8266033254154        2.3545562272097943E-005   1236258306.0501363             5634
   2113.2016502062756        2.3539168822629598E-005   1236259350.0053530             5635
   2113.5766970871359        2.3533030432239760E-005   1236260393.5800252             5636
   2113.9517439679958        2.3526644804818058E-005   1236261436.7854908             5637
   2114.3267908488560        2.3520514230252074E-005   1236262479.6108191             5638
   2114.7018377297159        2.3514136412372306E-005   1236263522.0673459             5639
   2115.0768846105761        2.3508013641138047E-005   1236264564.1441424             5640
   2115.4519314914369        2.3501643620320618E-005   1236265605.8525419             5641
   2115.8269783722963        2.3495528639951002E-005   1236266647.1816180             5642
   2116.2020252531565        2.3489166403741323E-005   1236267688.1427007             5643
   2116.5770721340173        2.3483059201794277E-005   1236268728.7248654             5644
   2116.9521190148766        2.3476704737762779E-005   1236269768.9394403             5645
   2117.3271658957369        2.3470605301821192E-005   1236270808.7755024             5646
   2117.7022127765972        2.3464258597563208E-005   1236271848.2443776             5647
   2118.0772596574570        2.3458166915234863E-005   1236272887.3351445             5648
   2118.4523065383173        2.3451827958370619E-005   1236273926.0591266             5649
   2118.8273534191771        2.3445744017288171E-005   1236274964.4054046             5650
   2119.2024003000374        2.3439412795462672E-005   1236276002.3852992             5651
   2119.5774471808977        2.3433336583283493E-005   1236277039.9878931             5652
   2119.9524940617575        2.3427013084166486E-005   1236278077.2245047             5653
   2120.3275409426178        2.3420944588572676E-005   1236279114.0842185             5654
   2120.7025878234781        2.3414628799858634E-005   1236280150.5783505             5655
   2121.0776347043379        2.3408568008556944E-005   1236281186.6959867             5656
   2121.4526815851982        2.3402259917964932E-005   1236282222.4484410             5657
   2121.8277284660585        2.3396206818686777E-005   1236283257.8248012             5658
   2122.2027753469183        2.3389906413960442E-005   1236284292.8363791             5659
   2122.5778222277786        2.3383860994461687E-005   1236285327.4722638             5660
   2122.9528691086384        2.3377568263369154E-005   1236286361.7437646             5661
   2123.3279159894987        2.3371530511430186E-005   1236287395.6399729             5662
   2123.7029628703590        2.3365245441764071E-005   1236288429.1721954             5663
   2124.0780097512188        2.3359215345189737E-005   1236289462.3295257             5664
   2124.4530566320791        2.3352937924767034E-005   1236290495.1232674             5665
   2124.8281035129389        2.3346915471386472E-005   1236291527.5425162             5666
   2125.2031503937992        2.3340645688048517E-005   1236292559.5985734             5667
   2125.5781972746595        2.3334630865715191E-005   1236293591.2805364             5668
   2125.9532441555193        2.3328368707327583E-005   1236294622.5997045             5669
   2126.3282910363796        2.3322361503919218E-005   1236295653.5451763             5670
   2126.7033379172399        2.3316106958371777E-005   1236296684.1282492             5671
   2127.0783847980997        2.3310107361790325E-005   1236297714.3380234             5672
   2127.4534316789600        2.3303860416997016E-005   1236298744.1857936             5673
   2127.8284785598198        2.3297868415168495E-005   1236299773.6606624             5674
   2128.2035254406801        2.3291629059067431E-005   1236300802.7739222             5675
   2128.5785723215404        2.3285644639941987E-005   1236301831.5146766             5676
   2128.9536192024002        2.3279412860495302E-005   1236302859.8942161             5677
   2129.3286660832605        2.3273436012047067E-005   1236303887.9016464             5678
   2129.7037129641208        2.3267211797240888E-005   1236304915.5482554             5679
   2130.0787598449806        2.3261242507467954E-005   1236305942.8231504             5680
   2130.4538067258409        2.3255025845312378E-005   1236306969.7376168             5681
   2130.8288536067012        2.3249064102236757E-005   1236307996.2807641             5682
   2131.2039004875610        2.3242854980765712E-005   1236309022.4638753             5683
   2131.5789473684213        2.3236900772433293E-005   1236310048.2760618             5684
   2131.9539942492811        2.3230699179704513E-005   1236311073.7286038             5685
   2132.3290411301414        2.3224752494184927E-005   1236312098.8106146             5686
   2132.7040880110017        2.3218558418279957E-005   1236313123.5333724             5687
   2133.0791348918610        2.3212619243666595E-005   1236314147.8859921             5688
   2133.4541817727218        2.3206432672690652E-005   1236315171.8797493             5689
   2133.8292286535820        2.3200500997100547E-005   1236316195.5037608             5690
   2134.2042755344414        2.3194321919182529E-005   1236317218.7693002             5691
   2134.5793224153022        2.3188397730756372E-005   1236318241.6654859             5692
   2134.9543692961624        2.3182226134048728E-005   1236319264.2035890             5693
   2135.3294161770218        2.3176309420950748E-005   1236320286.3727295             5694
   2135.7044630578825        2.3170145293629494E-005   1236321308.1841767             5695
   2136.0795099387424        2.3164236044047444E-005   1236322329.6270521             5696
   2136.4545568196022        2.3158079374312093E-005   1236323350.7126224             5697
   2136.8296037004629        2.3152177576457209E-005   1236324371.4300113             5698
   2137.2046505813223        2.3146028352530672E-005   1236325391.7904830             5699
   2137.5796974621826        2.3140133994637569E-005   1236326411.7831631             5700
   2137.9547443430433        2.3133992204766106E-005   1236327431.4193130             5701
   2138.3297912239027        2.3128105275092730E-005   1236328450.6880608             5702
   2138.7048381047630        2.3121970907545985E-005   1236329469.6006651             5703
   2139.0798849856233        2.3116091394373566E-005   1236330488.1462557             5704
   2139.4549318664831        2.3109964437444432E-005   1236331506.3360891             5705
   2139.8299787473434        2.3104092329077493E-005   1236332524.1592968             5706
   2140.2050256282037        2.3097972771082029E-005   1236333541.6271331             5707
   2140.5800725090635        2.3092108055848227E-005   1236334558.7287312             5708
   2140.9551193899238        2.3085995885125657E-005   1236335575.4753430             5709
   2141.3301662707836        2.3080138551375785E-005   1236336591.8561032             5710
   2141.7052131516439        2.3074033756288424E-005   1236337607.8822618             5711
   2142.0802600325042        2.3068183792396307E-005   1236338623.5429552             5712
   2142.4553069133640        2.3062086361329536E-005   1236339638.8494308             5713
   2142.8303537942243        2.3056243755692030E-005   1236340653.7908273             5714
   2143.2054006750845        2.3050153677054224E-005   1236341668.3783894             5715
   2143.5804475559444        2.3044318418091172E-005   1236342682.6012576             5716
   2143.9554944368047        2.3038235680313582E-005   1236343696.4706743             5717
   2144.3305413176645        2.3032407756467730E-005   1236344709.9757817             5718
   2144.7055881985248        2.3026332348004548E-005   1236345723.1278200             5719
   2145.0806350793850        2.3020511747741439E-005   1236346735.9159331             5720
   2145.4556819602449        2.3014443657069673E-005   1236347748.3513589             5721
   2145.8307288411052        2.3008630368877743E-005   1236348760.4232433             5722
   2146.2057757219654        2.3002569584497129E-005   1236349772.1428216             5723
   2146.5808226028253        2.2996763596887538E-005   1236350783.4992414             5724
   2146.9558694836855        2.2990710107320552E-005   1236351794.5037355             5725
   2147.3309163645454        2.2984911408827077E-005   1236352805.1454542             5726
   2147.7059632454057        2.2978865202618906E-005   1236353815.4356275             5727
   2148.0810101262659        2.2973073781798015E-005   1236354825.3634069             5728
   2148.4560570071258        2.2967034847516422E-005   1236355834.9400206             5729
   2148.8311038879860        2.2961250692947174E-005   1236356844.1546216             5730
   2149.2061507688463        2.2955219019182473E-005   1236357853.0184362             5731
   2149.5811976497062        2.2949442119466451E-005   1236358861.5206192             5732
   2149.9562445305664        2.2943417694831445E-005   1236359869.6723940             5733
   2150.3312914114263        2.2937648038592715E-005   1236360877.4629176             5734
   2150.7063382922865        2.2931630851722716E-005   1236361884.9034109             5735
   2151.0813851731468        2.2925868427607747E-005   1236362891.9830329             5736
   2151.4564320540067        2.2919858467160445E-005   1236363898.7130022             5737
   2151.8314789348669        2.2914103263838111E-005   1236364905.0824790             5738
   2152.2065258157272        2.2908100518493507E-005   1236365911.1026802             5739
   2152.5815726965870        2.2902352524655004E-005   1236366916.7627680             5740
   2152.9566195774473        2.2896356983115407E-005   1236367922.0739563             5741
   2153.3316664583076        2.2890616187474129E-005   1236368927.0254090             5742
   2153.7067133391674        2.2884627838464109E-005   1236369931.6283383             5743
   2154.0817602200277        2.2878894229755741E-005   1236370935.8719099             5744
   2154.4568071008875        2.2872913062022051E-005   1236371939.7673330             5745
   2154.8318539817478        2.2867186629004422E-005   1236372943.3037755             5746
   2155.2069008626081        2.2861212631315943E-005   1236373946.4924445             5747
   2155.5819477434675        2.2855493362769028E-005   1236374949.3225095             5748
   2155.9569946243282        2.2849526523916735E-005   1236375951.8051751             5749
   2156.3320415051885        2.2843814408642482E-005   1236376953.9296126             5750
   2156.7070883860479        2.2837854717439408E-005   1236377955.7070241             5751
   2157.0821352669086        2.2832149744261852E-005   1236378957.1265836             5752
   2157.4571821477689        2.2826197189542982E-005   1236379958.1994903             5753
   2157.8322290286283        2.2820499347308096E-005   1236380958.9149194             5754
   2158.2072759094890        2.2814553917930338E-005   1236381959.2840686             5755
   2158.5823227903488        2.2808863195505985E-005   1236382959.2961147             5756
   2158.9573696712087        2.2802924880348160E-005   1236383958.9622529             5757
   2159.3324165520694        2.2797241266624025E-005   1236384958.2716618             5758
   2159.7074634329288        2.2791310054586798E-005   1236385957.2355342             5759
   2160.0825103137890        2.2785633538474431E-005   1236386955.8430512             5760
   2160.4575571946498        2.2779709418480191E-005   1236387954.1054025             5761
   2160.8326040755092        2.2774039988912917E-005   1236388952.0117710             5762
   2161.2076509563694        2.2768122949905803E-005   1236389949.5733442             5763
   2161.5826978372297        2.2762460595838552E-005   1236390946.7793071             5764
   2161.9577447180895        2.2756550626784359E-005   1236391943.6408448             5765
   2162.3327915989498        2.2750895337193769E-005   1236392940.1471441             5766
   2162.7078384798097        2.2744992427079983E-005   1236393936.3093874             5767
   2163.0828853606699        2.2739344190964331E-005   1236394932.1167634             5768
   2163.4579322415302        2.2733448328799904E-005   1236395927.5804524             5769
   2163.8329791223900        2.2727807135178996E-005   1236396922.6896448             5770
   2164.2080260032503        2.2721918309994485E-005   1236397917.4555190             5771
   2164.5830728841106        2.2716284147909575E-005   1236398911.8672664             5772
   2164.9581197649704        2.2710402348757021E-005   1236399905.9360635             5773
   2165.3331666458307        2.2704775207270834E-005   1236400899.6511037             5774
   2165.7082135266910        2.2698900423223679E-005   1236401893.0235605             5775
   2166.0832604075508        2.2693280291420344E-005   1236402886.0426302             5776
   2166.4583072884111        2.2687412511573397E-005   1236403878.7194829             5777
   2166.8333541692709        2.2681799378558422E-005   1236404871.0433168             5778
   2167.2084010501312        2.2675938592027835E-005   1236405863.0253005             5779
   2167.5834479309915        2.2670332446927973E-005   1236406854.6546335             5780
   2167.9584948118513        2.2664478642851165E-005   1236407845.9424820             5781
   2168.3335416927116        2.2658879474814463E-005   1236408836.8780472             5782
   2168.7085885735714        2.2653032642350037E-005   1236409827.4724934             5783
   2169.0836354544317        2.2647440440545758E-005   1236410817.7150235             5784
   2169.4586823352920        2.2641600568873545E-005   1236411807.6167991             5785
   2169.8337292161518        2.2636015322492056E-005   1236412797.1670251             5786
   2170.2087760970121        2.2630182400813016E-005   1236413786.3768609             5787
   2170.5838229778724        2.2624604099065776E-005   1236414775.2355132             5788
   2170.9588698587322        2.2618778116601936E-005   1236415763.7541387             5789
   2171.3339167395925        2.2613206748721501E-005   1236416751.9219465             5790
   2171.7089636204528        2.2607387694715896E-005   1236417739.7500908             5791
   2172.0840105013126        2.2601823249955842E-005   1236418727.2277822             5792
   2172.4590573821729        2.2596011113672532E-005   1236419714.3661728             5793
   2172.8341042630327        2.2590453581307326E-005   1236420701.1544752             5794
   2173.2091511438930        2.2584648352031262E-005   1236421687.6038387             5795
   2173.5841980247533        2.2579097721356318E-005   1236422673.7034781             5796
   2173.9592449056131        2.2573299388393334E-005   1236423659.4645402             5797
   2174.3342917864734        2.2567755648724924E-005   1236424644.8762419             5798
   2174.7093386673337        2.2561964201401677E-005   1236425629.9497273             5799
   2175.0843855481935        2.2556427342076895E-005   1236426614.6742151             5800
   2175.4594324290538        2.2550642769740864E-005   1236427599.0608473             5801
   2175.8344793099141        2.2545112780117546E-005   1236428583.0988443             5802
   2176.2095261907739        2.2539335072136956E-005   1236429566.7993457             5803
   2176.5845730716342        2.2533811941593643E-005   1236430550.1515739             5804
   2176.9596199524940        2.2528041087357361E-005   1236431533.1666663             5805
   2177.3346668333543        2.2522524805293297E-005   1236432515.8338468             5806
   2177.7097137142146        2.2516760794210870E-005   1236433498.1642506             5807
   2178.0847605950739        2.2511251350045874E-005   1236434480.1471035             5808
   2178.4598074759347        2.2505494171547448E-005   1236435461.7935383             5809
   2178.8348543567949        2.2499991554721911E-005   1236436443.0927827             5810
   2179.2099012376543        2.2494241198258142E-005   1236437424.0559669             5811
   2179.5849481185151        2.2488745398232998E-005   1236438404.6723204             5812
   2179.9599949993749        2.2483001853275049E-005   1236439384.9529715             5813
   2180.3350418802347        2.2477512859531720E-005   1236440364.8871515             5814
   2180.7100887610954        2.2471776115571227E-005   1236441344.4859860             5815
   2181.0851356419553        2.2466293917611537E-005   1236442323.7387083             5816
   2181.4601825228151        2.2460563964160530E-005   1236443302.6564415             5817
   2181.8352294036758        2.2455088551506698E-005   1236444281.2284210             5818
   2182.2102762845352        2.2449365378097547E-005   1236445259.4657676             5819
   2182.5853231653955        2.2443896740292118E-005   1236446237.3577182             5820
   2182.9603700462562        2.2438180336477540E-005   1236447214.9153914             5821
   2183.3354169271156        2.2432718463083346E-005   1236448192.1280262             5822
   2183.7104638079759        2.2427008818436281E-005   1236449169.0067387             5823
   2184.0855106888362        2.2421553699036376E-005   1236450145.5407696             5824
   2184.4605575696960        2.2415850803150017E-005   1236451121.7412329             5825
   2184.8356044505563        2.2410402427347672E-005   1236452097.5973709             5826
   2185.2106513314161        2.2404706269835355E-005   1236453073.1202950             5827
   2185.5856982122764        2.2399264627253999E-005   1236454048.2992499             5828
   2185.9607450931367        2.2393575197749149E-005   1236455023.1453445             5829
   2186.3357919739965        2.2388140278032320E-005   1236455997.6478255             5830
   2186.7108388548568        2.2382457566188515E-005   1236456971.8177991             5831
   2187.0858857357171        2.2377029358999741E-005   1236457945.6445141             5832
   2187.4609326165769        2.2371353354490575E-005   1236458919.1390741             5833
   2187.8359794974372        2.2365931849513433E-005   1236459892.2907298             5834
   2188.2110263782974        2.2360262542032456E-005   1236460865.1105828             5835
   2188.5860732591573        2.2354847728970490E-005   1236461837.5878854             5836
   2188.9611201400176        2.2349185108231188E-005   1236462809.7337368             5837
   2189.3361670208774        2.2343776976807863E-005   1236463781.5373912             5838
   2189.7112139017377        2.2338121032543646E-005   1236464753.0099454             5839
   2190.0862607825979        2.2332719572502240E-005   1236465724.1406558             5840
   2190.4613076634578        2.2327070294466342E-005   1236466694.9406164             5841
   2190.8363545443181        2.2321675495570038E-005   1236467665.3990855             5842
   2191.2114014251783        2.2316032873535489E-005   1236468635.5271549             5843
   2191.5864483060382        2.2310644725567210E-005   1236469605.3140848             5844
   2191.9614951868984        2.2305008749326798E-005   1236470574.7709649             5845
   2192.3365420677583        2.2299627242089172E-005   1236471543.8870566             5846
   2192.7115889486186        2.2293997901455426E-005   1236472512.6734474             5847
   2193.0866358294788        2.2288623024770789E-005   1236473481.1194012             5848
   2193.4616827103387        2.2283000309575875E-005   1236474449.2360024             5849
   2193.8367295911989        2.2277632053286239E-005   1236475417.0125175             5850
   2194.2117764720592        2.2272015953381912E-005   1236476384.4600279             5851
   2194.5868233529191        2.2266654307348855E-005   1236477351.5678020             5852
   2194.9618702337793        2.2261044812606499E-005   1236478318.3469193             5853
   2195.3369171146392        2.2255689766711145E-005   1236479284.7866497             5854
   2195.7119639954994        2.2250086867021662E-005   1236480250.8980703             5855
   2196.0870108763597        2.2244738411164644E-005   1236481216.6704531             5856
   2196.4620577572196        2.2239142096438404E-005   1236482182.1148727             5857
   2196.8371046380798        2.2233800220539845E-005   1236483147.2206030             5858
   2197.2121515189401        2.2228210480706650E-005   1236484111.9987164             5859
   2197.5871983997999        2.2222875174706084E-005   1236485076.4384885             5860
   2197.9622452806602        2.2217291999715156E-005   1236486040.5509894             5861
   2198.3372921615201        2.2211963253571465E-005   1236487004.3254967             5862
   2198.7123390423803        2.2206386633391390E-005   1236487967.7730777             5863
   2199.0873859232406        2.2201064437082792E-005   1236488930.8830123             5864
   2199.4624328041004        2.2195494361701437E-005   1236489893.6663654             5865
   2199.8374796849607        2.2190178705225452E-005   1236490856.1124187             5866
   2200.2125265658210        2.2184615164649936E-005   1236491818.2322347             5867
   2200.5875734466804        2.2179306038023332E-005   1236492780.0150967             5868
   2200.9626203275411        2.2173749022280048E-005   1236493741.4720654             5869
   2201.3376672084014        2.2168446415538757E-005   1236494702.5924261             5870
   2201.7127140892608        2.2162895914673245E-005   1236495663.3872364             5871
   2202.0877609701215        2.2157599817872388E-005   1236496623.8457835             5872
   2202.4628078509813        2.2152055821949294E-005   1236497583.9791234             5873
   2202.8378547318412        2.2146766225163085E-005   1236498543.7765448             5874
   2203.2129016127019        2.2141228724266161E-005   1236499503.2491012             5875
   2203.5879484935613        2.2135945617587859E-005   1236500462.3860834             5876
   2203.9629953744216        2.2130414601819903E-005   1236501421.1985421             5877
   2204.3380422552823        2.2125137975361790E-005   1236502379.6757705             5878
   2204.7130891361417        2.2119613434844600E-005   1236503337.8288171             5879
   2205.0881360170019        2.2114343278737981E-005   1236504295.6469765             5880
   2205.4631828978627        2.2108825203612296E-005   1236505253.1412947             5881
   2205.8382297787221        2.2103561508007393E-005   1236506210.3010688             5882
   2206.2132766595823        2.2098049888432904E-005   1236507167.1373420             5883
   2206.5883235404426        2.2092792643498809E-005   1236508123.6394131             5884
   2206.9633704213024        2.2087287469654052E-005   1236509079.8183234             5885
   2207.3384173021627        2.2082036665578732E-005   1236510035.6633735             5886
   2207.7134641830226        2.2076537927661074E-005   1236510991.1856022             5887
   2208.0885110638828        2.2071293554651290E-005   1236511946.3743119             5888
   2208.4635579447431        2.2065801242876856E-005   1236512901.2405396             5889
   2208.8386048256029        2.2060563291158152E-005   1236513855.7735889             5890
   2209.2136517064632        2.2055077395761872E-005   1236514809.9844944             5891
   2209.5886985873235        2.2049845855578480E-005   1236515763.8625624             5892
   2209.9637454681833        2.2044366366813949E-005   1236516717.4188244             5893
   2210.3387923490436        2.2039141228428817E-005   1236517670.6425889             5894
   2210.7138392299039        2.2033668136568289E-005   1236518623.5448849             5895
   2211.0888861107637        2.2028449390262981E-005   1236519576.1150229             5896
   2211.4639329916240        2.2022982685597307E-005   1236520528.3640294             5897
   2211.8389798724838        2.2017770321672009E-005   1236521480.2812171             5898
   2212.2140267533441        2.2012309994510640E-005   1236522431.8776097             5899
   2212.5890736342044        2.2007104003284034E-005   1236523383.1425221             5900
   2212.9641205150642        2.2001650043954962E-005   1236524334.0869758             5901
   2213.3391673959245        2.1996450415764260E-005   1236525284.7002869             5902
   2213.7142142767848        2.1991002814613932E-005   1236526234.9934752             5903
   2214.0892611576446        2.1985809539814836E-005   1236527184.9558587             5904
   2214.4643080385049        2.1980368287208150E-005   1236528134.5984542             5905
   2214.8393549193647        2.1975181356174780E-005   1236529083.9105823             5906
   2215.2144018002250        2.1969746442495046E-005   1236530032.9032574             5907
   2215.5894486810853        2.1964565845619917E-005   1236530981.5658014             5908
   2215.9644955619451        2.1959137261268819E-005   1236531929.9092267             5909
   2216.3395424428054        2.1953962988962760E-005   1236532877.9228570             5910
   2216.7145893236657        2.1948540724360290E-005   1236533825.6177025             5911
   2217.0896362045255        2.1943372767052465E-005   1236534772.9830890             5912
   2217.4646830853858        2.1937956812636906E-005   1236535720.0300238             5913
   2217.8397299662456        2.1932795160774701E-005   1236536666.7478347             5914
   2218.2147768471059        2.1927385507002601E-005   1236537613.1475272             5915
   2218.5898237279662        2.1922230151051620E-005   1236538559.2184308             5916
   2218.9648706088260        2.1916826788397679E-005   1236539504.9715478             5917
   2219.3399174896863        2.1911677718841747E-005   1236540450.3962104             5918
   2219.7149643705466        2.1906280637798810E-005   1236541395.5034184             5919
   2220.0900112514064        2.1901137845139860E-005   1236542340.2825060             5920
   2220.4650581322667        2.1895747036218915E-005   1236543284.7444708             5921
   2220.8401050131265        2.1890610510976977E-005   1236544228.8786485             5922
   2221.2151518939868        2.1885225964707111E-005   1236545172.6960342             5923
   2221.5901987748471        2.1880095697420241E-005   1236546116.1859658             5924
   2221.9652456557069        2.1874717404348534E-005   1236547059.3594360             5925
   2222.3402925365672        2.1869593385572866E-005   1236548002.2057846             5926
   2222.7153394174275        2.1864221336264420E-005   1236548944.7360020             5927
   2223.0903862982868        2.1859103556574017E-005   1236549886.9394298             5928
   2223.4654331791476        2.1853737741611889E-005   1236550828.8270562             5929
   2223.8404800600078        2.1848626191598731E-005   1236551770.3882246             5930
   2224.2155269408672        2.1843266601583855E-005   1236552711.6339209             5931
   2224.5905738217280        2.1838161271857844E-005   1236553652.5534902             5932
   2224.9656207025878        2.1832807897409047E-005   1236554593.1579161             5933
   2225.3406675834476        2.1827708778597936E-005   1236555533.4365456             5934
   2225.7157144643083        2.1822361610351884E-005   1236556473.4003601             5935
   2226.0907613451677        2.1817268693101227E-005   1236557413.0387087             5936
   2226.4658082260285        2.1811927721712374E-005   1236558352.3625698             5937
   2226.8408551068887        2.1806840996685504E-005   1236559291.3612950             5938
   2227.2159019877481        2.1801506212826035E-005   1236560230.0458603             5939
   2227.5909488686088        2.1796425670704017E-005   1236561168.4056187             5940
   2227.9659957494687        2.1791097065063854E-005   1236562106.4515443             5941
   2228.3410426303285        2.1786022696545467E-005   1236563044.1729918             5942
   2228.7160895111892        2.1780700259832201E-005   1236563981.5809329             5943
   2229.0911363920491        2.1775632055633838E-005   1236564918.6647246             5944
   2229.4661832729089        2.1770315778572700E-005   1236565855.4353356             5945
   2229.8412301537696        2.1765253729428390E-005   1236566791.8821254             5946
   2230.2162770346290        2.1759943602762183E-005   1236567728.0160601             5947
   2230.5913239154893        2.1754887699423523E-005   1236568663.8265011             5948
   2230.9663707963500        2.1749583713912578E-005   1236569599.3244123             5949
   2231.3414176772094        2.1744533947148696E-005   1236570534.4991570             5950
   2231.7164645580697        2.1739236093570908E-005   1236571469.3616962             5951
   2232.0915114389300        2.1734192454168388E-005   1236572403.9013956             5952
   2232.4665583197898        2.1728900723319131E-005   1236573338.1292140             5953
   2232.8416052006501        2.1723863202082071E-005   1236574272.0345185             5954
   2233.2166520815099        2.1718577584774138E-005   1236575205.6282661             5955
   2233.5916989623702        2.1713546172524024E-005   1236576138.8998253             5956
   2233.9667458432305        2.1708266659587582E-005   1236577071.8601511             5957
   2234.3417927240903        2.1703241347163306E-005   1236578004.4986138             5958
   2234.7168396049506        2.1697967929445903E-005   1236578936.8261659             5959
   2235.0918864858108        2.1692948707703635E-005   1236579868.8321800             5960
   2235.4669333666707        2.1687681376070140E-005   1236580800.5276058             5961
   2235.8419802475310        2.1682668235883416E-005   1236581731.9018178             5962
   2236.2170271283912        2.1677406981215960E-005   1236582662.9657636             5963
   2236.5920740092511        2.1672399913475533E-005   1236583593.7088199             5964
   2236.9671208901113        2.1667144726673497E-005   1236584524.1419313             5965
   2237.3421677709712        2.1662143722287367E-005   1236585454.2544768             5966
   2237.7172146518315        2.1656894594267345E-005   1236586384.0573986             5967
   2238.0922615326917        2.1651899644160665E-005   1236587313.5400774             5968
   2238.4673084135516        2.1646656565856427E-005   1236588242.7134533             5969
   2238.8423552944118        2.1641667660971535E-005   1236589171.5669091             5970
   2239.2174021752717        2.1636430623333938E-005   1236590100.1113820             5971
   2239.5924490561320        2.1631447754630278E-005   1236591028.3362570             5972
   2239.9674959369922        2.1626216748627285E-005   1236591956.2524691             5973
   2240.3425428178521        2.1621239907081345E-005   1236592883.8494048             5974
   2240.7175896987123        2.1616014923697997E-005   1236593811.1379972             5975
   2241.0926365795726        2.1611044100303294E-005   1236594738.1076345             5976
   2241.4676834604325        2.1605825130541608E-005   1236595664.7692473             5977
   2241.8427303412927        2.1600860316308675E-005   1236596591.1122260             5978
   2242.2177772221530        2.1595647351187645E-005   1236597517.1474986             5979
   2242.5928241030128        2.1590688537143962E-005   1236598442.8644576             5980
   2242.9678709838731        2.1585481567699560E-005   1236599368.2740285             5981
   2243.3429178647330        2.1580528744889503E-005   1236600293.3656061             5982
   2243.7179647455932        2.1575327762174554E-005   1236601218.1501131             5983
   2244.0930116264535        2.1570380921659414E-005   1236602142.6169460             5984
   2244.4680585073133        2.1565185916743651E-005   1236603066.7770257             5985
   2244.8431053881736        2.1560245049601532E-005   1236603990.6197507             5986
   2245.2181522690339        2.1555056013571442E-005   1236604914.1560395             5987
   2245.5931991498937        2.1550121110897311E-005   1236605837.3752918             5988
   2245.9682460307540        2.1544938034856231E-005   1236606760.2884240             5989
   2246.3432929116143        2.1540009087761746E-005   1236607682.8848383             5990
   2246.7183397924741        2.1534831962829752E-005   1236608605.1754484             5991
   2247.0933866733344        2.1529908962443345E-005   1236609527.1496587             5992
   2247.4684335541942        2.1524737779757198E-005   1236610448.8183801             5993
   2247.8434804350545        2.1519820717224004E-005   1236611370.1710191             5994
   2248.2185273159148        2.1514655467937161E-005   1236612291.2184842             5995
   2248.5935741967742        2.1509744334418974E-005   1236613211.9501836             5996
   2248.9686210776349        2.1504585009701519E-005   1236614132.3770239             5997
   2249.3436679584952        2.1499679796376727E-005   1236615052.4884152             5998
   2249.7187148393546        2.1494526387415360E-005   1236615972.2952614             5999
   2250.0937617202153        2.1489627085478945E-005   1236616891.7869749             6000
   2250.4688086010751        2.1484479583476921E-005   1236617810.9744570             6001
   2250.8438554819350        2.1479586184140408E-005   1236618729.8471222             6002
   2251.2189023627957        2.1474444580317521E-005   1236619648.4158690             6003
   2251.5939492436555        2.1469557074808955E-005   1236620566.6701140             6004
   2251.9689961245153        2.1464421360401502E-005   1236621484.6207540             6005
   2252.3440430053761        2.1459539739965384E-005   1236622402.2572069             6006
   2252.7190898862355        2.1454409906226090E-005   1236623319.5903671             6007
   2253.0941367670957        2.1449534162123378E-005   1236624236.6096549             6008
   2253.4691836479565        2.1444410200321396E-005   1236625153.3259616             6009
   2253.8442305288158        2.1439540323829457E-005   1236626069.7287102             6010
   2254.2192774096761        2.1434422225250360E-005   1236626985.8287892             6011
   2254.5943242905364        2.1429558207662915E-005   1236627901.6156237             6012
   2254.9693711713962        2.1424445963608592E-005   1236628817.1000998             6013
   2255.3444180522565        2.1419587796235682E-005   1236629732.2716446             6014
   2255.7194649331163        2.1414481398024324E-005   1236630647.1411417             6015
   2256.0945118139766        2.1409629072192312E-005   1236631561.6980200             6016
   2256.4695586948369        2.1404528511158381E-005   1236632475.9531610             6017
   2256.8446055756967        2.1399682018209869E-005   1236633389.8959956             6018
   2257.2196524565570        2.1394587285704103E-005   1236634303.5374029             6019
   2257.5946993374173        2.1389746616997913E-005   1236635216.8668153             6020
   2257.9697462182771        2.1384657704387237E-005   1236636129.8951101             6021
   2258.3447930991374        2.1379822851298366E-005   1236637042.6117218             6022
   2258.7198399799977        2.1374739749965872E-005   1236637955.0275247             6023
   2259.0948868608575        2.1369910703885495E-005   1236638867.1319554             6024
   2259.4699337417178        2.1364833405230407E-005   1236639778.9358859             6025
   2259.8449806225776        2.1360010157565810E-005   1236640690.4287550             6026
   2260.2200275034379        2.1354938653003454E-005   1236641601.6214321             6027
   2260.5950743842982        2.1350121195177989E-005   1236642512.5033579             6028
   2260.9701212651580        2.1345055476139778E-005   1236643423.0853994             6029
   2261.3451681460183        2.1340243799592851E-005   1236644333.3569994             6030
   2261.7202150268781        2.1335183857526177E-005   1236645243.3290226             6031
   2262.0952619077384        2.1330377953713225E-005   1236646152.9909139             6032
   2262.4703087885987        2.1325323780081498E-005   1236647062.3535352             6033
   2262.8453556694585        2.1320523640473910E-005   1236647971.4063332             6034
   2263.2204025503188        2.1315475226756515E-005   1236648880.1601679             6035
   2263.5954494311791        2.1310680842841619E-005   1236649788.6044881             6036
   2263.9704963120389        2.1305638180533850E-005   1236650696.7501509             6037
   2264.3455431928992        2.1300849543814900E-005   1236651604.5866072             6038
   2264.7205900737595        2.1295812624427915E-005   1236652512.1247120             6039
   2265.0956369546193        2.1291029726424030E-005   1236653419.3539181             6040
   2265.4706838354796        2.1285998541484877E-005   1236654326.2850778             6041
   2265.8457307163394        2.1281221373730970E-005   1236655232.9076459             6042
   2266.2207775971997        2.1276195914782523E-005   1236656139.2324729             6043
   2266.5958244780600        2.1271424468829345E-005   1236657045.2490151             6044
   2266.9708713589198        2.1266404727430223E-005   1236657950.9681203             6045
   2267.3459182397801        2.1261638994844324E-005   1236658856.3792474             6046
   2267.7209651206404        2.1256624962568910E-005   1236659761.4932415             6047
   2268.0960120015002        2.1251864934932559E-005   1236660666.2995639             6048
   2268.4710588823605        2.1246856603370968E-005   1236661570.8090568             6049
   2268.8461057632203        2.1242102272282082E-005   1236662475.0111830             6050
   2269.2211526440806        2.1237099633040137E-005   1236663378.9167833             6051
   2269.5961995249409        2.1232350990112347E-005   1236664282.5153224             6052
   2269.9712464058007        2.1227354034811469E-005   1236665185.8176384             6053
   2270.3462932866610        2.1222611071674043E-005   1236666088.8131979             6054
   2270.7213401675212        2.1217619791951289E-005   1236666991.5128362             6055
   2271.0963870483806        2.1212882500249072E-005   1236667893.9060228             6056
   2271.4714339292414        2.1207896887757068E-005   1236668796.0035903             6057
   2271.8464808101016        2.1203165259150443E-005   1236669697.7950101             6058
   2272.2215276909610        2.1198185305557387E-005   1236670599.2911124             6059
   2272.5965745718217        2.1193459331722335E-005   1236671500.4813704             6060
   2272.9716214526816        2.1188485028711904E-005   1236672401.3766122             6061
   2273.3466683335414        2.1183764701339859E-005   1236673301.9663129             6062
   2273.7217152144021        2.1178796040611225E-005   1236674202.2612982             6063
   2274.0967620952615        2.1174081351409107E-005   1236675102.2510450             6064
   2274.4718089761218        2.1169118324676890E-005   1236676001.9463768             6065
   2274.8468558569825        2.1164409265367001E-005   1236676901.3367724             6066
   2275.2219027378419        2.1159451864361265E-005   1236677800.4330533             6067
   2275.5969496187022        2.1154748426681335E-005   1236678699.2246997             6068
   2275.9719964995629        2.1149796643147476E-005   1236679597.7225308             6069
   2276.3470433804223        2.1145098818850633E-005   1236680495.9160292             6070
   2276.7220902612826        2.1140152644549423E-005   1236681393.8160114             6071
   2277.0971371421429        2.1135460425404054E-005   1236682291.4119623             6072
   2277.4721840230027        2.1130519852111573E-005   1236683188.7146955             6073
   2277.8472309038630        2.1125833229901398E-005   1236684085.7136981             6074
   2278.2222777847228        2.1120898249409018E-005   1236684982.4197812             6075
   2278.5973246655831        2.1116217215933045E-005   1236685878.8224342             6076
   2278.9723715464434        2.1111287820047365E-005   1236686774.9324658             6077
   2279.3474184273032        2.1106612367119843E-005   1236687670.7393672             6078
   2279.7224653081635        2.1101688547662697E-005   1236688566.2539446             6079
   2280.0975121890237        2.1097018667113030E-005   1236689461.4656916             6080
   2280.4725590698836        2.1092100415921415E-005   1236690356.3854115             6081
   2280.8476059507439        2.1087436099594187E-005   1236691251.0026000             6082
   2281.2226528316041        2.1082523408520256E-005   1236692145.3280585             6083
   2281.5976997124640        2.1077864648275214E-005   1236693039.3512840             6084
   2281.9727465933242        2.1072957509186266E-005   1236693933.0830760             6085
   2282.3477934741841        2.1068304296898225E-005   1236694826.5129335             6086
   2282.7228403550444        2.1063402701676636E-005   1236695719.6516533             6087
   2283.0978872359046        2.1058755029235491E-005   1236696612.4887364             6088
   2283.4729341167645        2.1053858969778687E-005   1236697505.0349774             6089
   2283.8479809976247        2.1049216829089383E-005   1236698397.2798793             6090
   2284.2230278784850        2.1044326297309790E-005   1236699289.2342341             6091
   2284.5980747593449        2.1039689680292277E-005   1236700180.8875473             6092
   2284.9731216402051        2.1034804668117320E-005   1236701072.2506080             6093
   2285.3481685210650        2.1030173566706502E-005   1236701963.3129237             6094
   2285.7232154019252        2.1025294066078579E-005   1236702854.0852814             6095
   2286.0982622827855        2.1020668472224303E-005   1236703744.5571904             6096
   2286.4733091636454        2.1015794475100733E-005   1236704634.7394352             6097
   2286.8483560445056        2.1011174380767780E-005   1236705524.6215274             6098
   2287.2234029253659        2.1006305879120781E-005   1236706414.2142491             6099
   2287.5984498062257        2.1001691276288786E-005   1236707303.5071137             6100
   2287.9734966870860        2.0996828262105443E-005   1236708192.5109007             6101
   2288.3485435679459        2.0992219142768912E-005   1236709081.2151260             6102
   2288.7235904488061        2.0987361608051114E-005   1236709969.6305666             6103
   2289.0986373296664        2.0982757964219350E-005   1236710857.7467401             6104
   2289.4736842105262        2.0977905900983835E-005   1236711745.5744214             6105
   2289.8487310913865        2.0973307724680956E-005   1236712633.1031299             6106
   2290.2237779722468        2.0968461124959163E-005   1236713520.3436382             6107
   2290.5988248531066        2.0963868408224026E-005   1236714407.2854676             6108
   2290.9738717339669        2.0959027264062187E-005   1236715293.9393883             6109
   2291.3489186148267        2.0954439998948331E-005   1236716180.2949240             6110
   2291.7239654956870        2.0949604302407396E-005   1236717066.3628418             6111
   2292.0990123765473        2.0945022480983092E-005   1236717952.1326683             6112
   2292.4740592574067        2.0940192224138661E-005   1236718837.6151676             6113
   2292.8491061382674        2.0935615838486840E-005   1236719722.7998681             6114
   2293.2241530191277        2.0930791013429116E-005   1236720607.6975322             6115
   2293.5991998999871        2.0926220055647342E-005   1236721492.2976897             6116
   2293.9742467808478        2.0921400654481189E-005   1236722376.6111007             6117
   2294.3492936617081        2.0916835116681619E-005   1236723260.6272974             6118
   2294.7243405425675        2.0912021131526500E-005   1236724144.3570373             6119
   2295.0993874234282        2.0907461005835850E-005   1236725027.7898545             6120
   2295.4744343042880        2.0902652428825765E-005   1236725910.9365041             6121
   2295.8494811851479        2.0898097707385306E-005   1236726793.7865224             6122
   2296.2245280660086        2.0893294530668753E-005   1236727676.3506618             6123
   2296.5995749468680        2.0888745205634238E-005   1236728558.6184607             6124
   2296.9746218277282        2.0883947421374250E-005   1236729440.6006694             6125
   2297.3496687085890        2.0879403484915917E-005   1236730322.2868278             6126
   2297.7247155894484        2.0874611085289948E-005   1236731203.6876845             6127
   2298.0997624703086        2.0870072529592512E-005   1236732084.7927809             6128
   2298.4748093511689        2.0865285506792457E-005   1236732965.6128631             6129
   2298.8498562320287        2.0860752324055020E-005   1236733846.1374750             6130
   2299.2249031128890        2.0855970670287179E-005   1236734726.3773596             6131
   2299.5999499937493        2.0851442852723253E-005   1236735606.3220637             6132
   2299.9749968746091        2.0846666560208345E-005   1236736485.9823277             6133
   2300.3500437554694        2.0842144100045767E-005   1236737365.3476994             6134
   2300.7250906363292        2.0837373161018806E-005   1236738244.4289179             6135
   2301.1001375171895        2.0832856050499757E-005   1236739123.2155328             6136
   2301.4751843980498        2.0828090457210059E-005   1236740001.7182803             6137
   2301.8502312789096        2.0823578688591018E-005   1236740879.9267128             6138
   2302.2252781597699        2.0818818433302212E-005   1236741757.8515635             6139
   2302.6003250406302        2.0814311998853918E-005   1236742635.4823871             6140
   2302.9753719214900        2.0809557073843869E-005   1236743512.8299143             6141
   2303.3504188023503        2.0805055965851329E-005   1236744389.8837018             6142
   2303.7254656832101        2.0800306363412148E-005   1236745266.6544778             6143
   2304.1005125640704        2.0795810574174547E-005   1236746143.1318011             6144
   2304.4755594449307        2.0791066286612512E-005   1236747019.3263979             6145
   2304.8506063257905        2.0786575808443224E-005   1236747895.2278287             6146
   2305.2256532066508        2.0781836828078806E-005   1236748770.8468170             6147
   2305.6007000875111        2.0777351653305363E-005   1236749646.1729259             6148
   2305.9757469683709        2.0772617972473138E-005   1236750521.2168760             6149
   2306.3507938492312        2.0768138093437176E-005   1236751395.9682324             6150
   2306.7258407300915        2.0763409704485837E-005   1236752270.4377136             6151
   2307.1008876109513        2.0758935113543104E-005   1236753144.6148868             6152
   2307.4759344918116        2.0754212008835412E-005   1236754018.5104680             6153
   2307.8509813726714        2.0749742698355711E-005   1236754892.1140263             6154
   2308.2260282535317        2.0745024870268502E-005   1236755765.4362755             6155
   2308.6010751343920        2.0740560832635681E-005   1236756638.4667864             6156
   2308.9761220152518        2.0735848273559790E-005   1236757511.2162704             6157
   2309.3511688961121        2.0731389501171698E-005   1236758383.6743007             6158
   2309.7262157769719        2.0726682203511978E-005   1236759255.8515863             6159
   2310.1012626578322        2.0722228688780409E-005   1236760127.7377021             6160
   2310.4763095386925        2.0717526644955674E-005   1236760999.3433547             6161
   2310.8513564195523        2.0713078380306409E-005   1236761870.6581211             6162
   2311.2264033004126        2.0708381582749402E-005   1236762741.6927056             6163
   2311.6014501812729        2.0703938560622147E-005   1236763612.4366875             6164
   2311.9764970621327        2.0699247001779462E-005   1236764482.9007683             6165
   2312.3515439429930        2.0694809214627807E-005   1236765353.0745294             6166
   2312.7265908238533        2.0690122886959980E-005   1236766222.9686699             6167
   2313.1016377047131        2.0685690327251342E-005   1236767092.5727730             6168
   2313.4766845855734        2.0681009223232754E-005   1236767961.8975356             6169
   2313.8517314664332        2.0676581883448424E-005   1236768830.9325433             6170
   2314.2267783472935        2.0671905995567267E-005   1236769699.6884902             6171
   2314.6018252281538        2.0667483868202356E-005   1236770568.1549640             6172
   2314.9768721090131        2.0662813188960616E-005   1236771436.3426561             6173
   2315.3519189898739        2.0658396266523990E-005   1236772304.2411568             6174
   2315.7269658707341        2.0653730788437404E-005   1236773171.8611550             6175
   2316.1020127515935        2.0649319063451717E-005   1236774039.1922426             6176
   2316.4770596324543        2.0644658779049796E-005   1236774906.2451065             6177
   2316.8521065133145        2.0640252244051383E-005   1236775773.0093405             6178
   2317.2271533941739        2.0635597145877340E-005   1236776639.4956288             6179
   2317.6022002750346        2.0631195793416239E-005   1236777505.6935678             6180
   2317.9772471558945        2.0626545874026955E-005   1236778371.6138389             6181
   2318.3522940367543        2.0622149696666894E-005   1236779237.2460403             6182
   2318.7273409176150        2.0617504948632914E-005   1236780102.6008520             6183
   2319.1023877984744        2.0613113938951258E-005   1236780967.6678736             6184
   2319.4774346793347        2.0608474354856745E-005   1236781832.4577823             6185
   2319.8524815601954        2.0604088505444457E-005   1236782696.9601803             6186
   2320.2275284410548        2.0599454077887196E-005   1236783561.1857419             6187
   2320.6025753219151        2.0595073381348854E-005   1236784425.1240718             6188
   2320.9776222027754        2.0590444102940201E-005   1236785288.7858422             6189
   2321.3526690836352        2.0586068551893931E-005   1236786152.1606591             6190
   2321.7277159644955        2.0581444415258793E-005   1236787015.2591922             6191
   2322.1027628453558        2.0577074002336265E-005   1236787878.0710504             6192
   2322.4778097262156        2.0572455000113052E-005   1236788740.6069005             6193
   2322.8528566070763        2.0568089717959448E-005   1236789602.8563530             6194
   2323.2279034879357        2.0563475842800095E-005   1236790464.8300731             6195
   2323.6029503687960        2.0559115684074032E-005   1236791326.5176730             6196
   2323.9779972496567        2.0554506928643912E-005   1236792187.9298155             6197
   2324.3530441305161        2.0550151886017535E-005   1236793049.0561152             6198
   2324.7280910113764        2.0545548242995450E-005   1236793909.9072316             6199
   2325.1031378922366        2.0541198309154277E-005   1236794770.4727817             6200
   2325.4781847730965        2.0536599771232501E-005   1236795630.7634230             6201
   2325.8532316539568        2.0532254938875484E-005   1236796490.7687743             6202
   2326.2282785348166        2.0527661498759620E-005   1236797350.4994907             6203
   2326.6033254156769        2.0523321760599057E-005   1236798209.9451933             6204
   2326.9783722965371        2.0518733411008095E-005   1236799069.1165342             6205
   2327.3534191773970        2.0514398759769661E-005   1236799928.0031371             6206
   2327.7284660582573        2.0509815493435942E-005   1236800786.6156514             6207
   2328.1035129391175        2.0505485921858623E-005   1236801644.9437029             6208
   2328.4785598199774        2.0500907731527795E-005   1236802502.9979389             6209
   2328.8536067008376        2.0496583232363844E-005   1236803360.7679865             6210
   2329.2286535816979        2.0492010110794817E-005   1236804218.2644911             6211
   2329.6037004625578        2.0487690676809824E-005   1236805075.4770820             6212
   2329.9787473434180        2.0483122616774766E-005   1236805932.4164021             6213
   2330.3537942242779        2.0478808240747519E-005   1236806789.0720828             6214
   2330.7288411051381        2.0474245235031861E-005   1236807645.4547641             6215
   2331.1038879859984        2.0469935909754359E-005   1236808501.5540795             6216
   2331.4789348668583        2.0465377951156728E-005   1236809357.3806674             6217
   2331.8539817477185        2.0461073669434183E-005   1236810212.9241629             6218
   2332.2290286285784        2.0456520750766366E-005   1236811068.1952014             6219
   2332.6040755094386        2.0452221505417178E-005   1236811923.1834209             6220
   2332.9791223902989        2.0447673619504143E-005   1236812777.8994541             6221
   2333.3541692711588        2.0443379403359821E-005   1236813632.3329411             6222
   2333.7292161520190        2.0438836543039643E-005   1236814486.4945118             6223
   2334.1042630328793        2.0434547348944829E-005   1236815340.3738089             6224
   2334.4793099137391        2.0430009507068712E-005   1236816193.9814599             6225
   2334.8543567945994        2.0425725327881180E-005   1236817047.3071086             6226
   2335.2294036754597        2.0421192497313381E-005   1236817900.3613811             6227
   2335.6044505563195        2.0416913325903939E-005   1236818753.1339233             6228
   2335.9794974371798        2.0412385499521804E-005   1236819605.6353581             6229
   2336.3545443180396        2.0408111328774292E-005   1236820457.8553343             6230
   2336.7295911988999        2.0403588499468203E-005   1236821309.8044720             6231
   2337.1046380797602        2.0399319322279467E-005   1236822161.4724214             6232
   2337.4796849606200        2.0394801482952778E-005   1236823012.8698015             6233
   2337.8547318414803        2.0390537292232725E-005   1236823863.9862640             6234
   2338.2297787223406        2.0386024435801778E-005   1236824714.8324246             6235
   2338.6048256032004        2.0381765224473234E-005   1236825565.3979383             6236
   2338.9798724840607        2.0377257343867361E-005   1236826415.6934183             6237
   2339.3549193649205        2.0373003104866102E-005   1236827265.7085211             6238
   2339.7299662457808        2.0368500193027557E-005   1236828115.4538574             6239
   2340.1050131266411        2.0364250919302270E-005   1236828964.9190860             6240
   2340.4800600075009        2.0359752969186204E-005   1236829814.1148152             6241
   2340.8551068883612        2.0355508653698518E-005   1236830663.0307064             6242
   2341.2301537692215        2.0351015658272929E-005   1236831511.6773648             6243
   2341.6052006500809        2.0346776293997300E-005   1236832360.0444539             6244
   2341.9802475309416        2.0342288246243124E-005   1236833208.1425767             6245
   2342.3552944118019        2.0338053826166872E-005   1236834055.9613986             6246
   2342.7303412926613        2.0333570719077849E-005   1236834903.5115204             6247
   2343.1053881735220        2.0329341236201139E-005   1236835750.7826095             6248
   2343.4804350543818        2.0324863062783825E-005   1236836597.7852640             6249
   2343.8554819352416        2.0320638510119616E-005   1236837444.5091536             6250
   2344.2305288161024        2.0316165263393336E-005   1236838290.9648745             6251
   2344.6055756969618        2.0311945633967326E-005   1236839137.1420975             6252
   2344.9806225778220        2.0307477306964207E-005   1236839983.0514166             6253
   2345.3556694586828        2.0303262593814886E-005   1236840828.6825054             6254
   2345.7307163395421        2.0298799179579770E-005   1236841674.0459549             6255
   2346.1057632204024        2.0294589375758358E-005   1236842519.1314406             6256
   2346.4808101012632        2.0290130867348791E-005   1236843363.9495516             6257
   2346.8558569821225        2.0285925965919236E-005   1236844208.4899652             6258
   2347.2309038629828        2.0281472356405496E-005   1236845052.7632680             6259
   2347.6059507438431        2.0277272350444364E-005   1236845896.7591393             6260
   2347.9809976247029        2.0272823632909421E-005   1236846740.4881637             6261
   2348.3560445055632        2.0268628515505998E-005   1236847583.9400227             6262
   2348.7310913864230        2.0264184683045452E-005   1236848427.1252975             6263
   2349.1061382672833        2.0259994447301653E-005   1236849270.0336723             6264
   2349.4811851481436        2.0255555493023689E-005   1236850112.6757262             6265
   2349.8562320290034        2.0251370132054048E-005   1236850955.0411448             6266
   2350.2312789098637        2.0246936049079507E-005   1236851797.1405053             6267
   2350.6063257907240        2.0242755556011131E-005   1236852638.9634955             6268
   2350.9813726715838        2.0238326337473427E-005   1236853480.5206895             6269
   2351.3564195524441        2.0234150705446006E-005   1236854321.8017776             6270
   2351.7314664333044        2.0229726344491090E-005   1236855162.8173318             6271
   2352.1065133141642        2.0225555566656868E-005   1236856003.5570438             6272
   2352.4815601950245        2.0221136056443240E-005   1236856844.0314832             6273
   2352.8566070758843        2.0216970125966970E-005   1236857684.2303445             6274
   2353.2316539567446        2.0212555459665655E-005   1236858524.1641943             6275
   2353.6067008376049        2.0208394369724601E-005   1236859363.8227293             6276
   2353.9817477184647        2.0203984540519118E-005   1236860203.2165141             6277
   2354.3567945993250        2.0199828284303030E-005   1236861042.3352468             6278
   2354.7318414801848        2.0195423285389353E-005   1236861881.1894896             6279
   2355.1068883610451        2.0191271856100437E-005   1236862719.7689431             6280
   2355.4819352419054        2.0186871680686992E-005   1236863558.0841670             6281
   2355.8569821227652        2.0182725071539912E-005   1236864396.1248641             6282
   2356.2320290036255        2.0178329712847579E-005   1236865233.9015915             6283
   2356.6070758844858        2.0174187917069391E-005   1236866071.4040539             6284
   2356.9821227653456        2.0169797368331447E-005   1236866908.6428058             6285
   2357.3571696462059        2.0165660379161610E-005   1236867745.6075549             6286
   2357.7322165270657        2.0161274633623693E-005   1236868582.3088527             6287
   2358.1072634079260        2.0157142444314055E-005   1236869418.7364087             6288
   2358.4823102887863        2.0152761495234175E-005   1236870254.9007726             6289
   2358.8573571696461        2.0148634099048918E-005   1236871090.7916555             6290
   2359.2324040505064        2.0144257939697439E-005   1236871926.4196045             6291
   2359.6074509313667        2.0140135329913088E-005   1236872761.7743337             6292
   2359.9824978122265        2.0135763953572704E-005   1236873596.8663871             6293
   2360.3575446930868        2.0131646123478093E-005   1236874431.6854808             6294
   2360.7325915739470        2.0127279523443761E-005   1236875266.2421567             6295
   2361.1076384548069        2.0123166466339987E-005   1236876100.5261328             6296
   2361.4826853356672        2.0118804635918990E-005   1236876934.5479488             6297
   2361.8577322165270        2.0114696345119459E-005   1236877768.2973244             6298
   2362.2327790973873        2.0110339277631291E-005   1236878601.7847972             6299
   2362.6078259782475        2.0106235746461652E-005   1236879435.0000889             6300
   2362.9828728591069        2.0101883435238080E-005   1236880267.9537346             6301
   2363.3579197399677        2.0097784657036188E-005   1236881100.6354582             6302
   2363.7329666208279        2.0093437095421176E-005   1236881933.0557926             6303
   2364.1080135016873        2.0089343063537116E-005   1236882765.2044632             6304
   2364.4830603825480        2.0085000244886825E-005   1236883597.0920007             6305
   2364.8581072634083        2.0080910952682832E-005   1236884428.7081332             6306
   2365.2331541442677        2.0076572870365608E-005   1236885260.0633881             6307
   2365.6082010251284        2.0072488311216105E-005   1236886091.1474960             6308
   2365.9832479059883        2.0068154958612444E-005   1236886921.9709821             6309
   2366.3582947868481        2.0064075125904012E-005   1236887752.5235786             6310
   2366.7333416677088        2.0059746496406545E-005   1236888582.8158083             6311
   2367.1083885485682        2.0055671383537876E-005   1236889412.8374059             6312
   2367.4834354294285        2.0051347470551364E-005   1236890242.5988917             6313
   2367.8584823102892        2.0047277070933277E-005   1236891072.0900025             6314
   2368.2335291911486        2.0042957867874589E-005   1236891901.3212557             6315
   2368.6085760720089        2.0038892174929966E-005   1236892730.2823906             6316
   2368.9836229528692        2.0034577675228031E-005   1236893558.9839222             6317
   2369.3586698337290        2.0030516682391834E-005   1236894387.4155920             6318
   2369.7337167145893        2.0026206879487622E-005   1236895215.5879123             6319
   2370.1087635954495        2.0022150580206889E-005   1236896043.4906266             6320
   2370.4838104763094        2.0017845467553435E-005   1236896871.1342452             6321
   2370.8588573571697        2.0013793855287181E-005   1236897698.5085132             6322
   2371.2339042380295        2.0009493426349521E-005   1236898525.6239390             6323
   2371.6089511188898        2.0005446494568791E-005   1236899352.4702694             6324
   2371.9839979997500        2.0001150742823958E-005   1236900179.0580106             6325
   2372.3590448806099        1.9997108485011798E-005   1236901005.3769114             6326
   2372.7340917614702        1.9992817403948856E-005   1236901831.4374752             6327
   2373.1091386423304        1.9988779813600255E-005   1236902657.2294538             6328
   2373.4841855231903        1.9984493396720179E-005   1236903482.7633474             6329
   2373.8592324040505        1.9980460467342111E-005   1236904308.0289099             6330
   2374.2342792849104        1.9976178708157837E-005   1236905133.0366399             6331
   2374.6093261657707        1.9972150433269233E-005   1236905957.7762928             6332
   2374.9843730466309        1.9967873325305618E-005   1236906782.2583644             6333
   2375.3594199274908        1.9963849698437298E-005   1236907606.4726131             6334
   2375.7344668083510        1.9959577235231137E-005   1236908430.4295313             6335
   2376.1095136892113        1.9955558249925783E-005   1236909254.1188800             6336
   2376.4845605700712        1.9951290425025747E-005   1236910077.5511498             6337
   2376.8596074509314        1.9947276074838003E-005   1236910900.7161026             6338
   2377.2346543317913        1.9943012881804607E-005   1236911723.6242268             6339
   2377.6097012126515        1.9939003160300936E-005   1236912546.2652874             6340
   2377.9847480935118        1.9934744592706566E-005   1236913368.6497695             6341
   2378.3597949743717        1.9930739493465263E-005   1236914190.7674401             6342
   2378.7348418552319        1.9926485544894173E-005   1236915012.6287827             6343
   2379.1098887360922        1.9922485061505360E-005   1236915834.2235658             6344
   2379.4849356169520        1.9918235725553587E-005   1236916655.5622704             6345
   2379.8599824978123        1.9914239851619244E-005   1236917476.6346672             6346
   2380.2350293786722        1.9909995121894625E-005   1236918297.4512351             6347
   2380.6100762595324        1.9906003851028504E-005   1236919118.0017467             6348
   2380.9851231403927        1.9901763721150653E-005   1236919938.2966781             6349
   2381.3601700212525        1.9897777046978245E-005   1236920758.3258045             6350
   2381.7352169021128        1.9893541510578563E-005   1236921578.0995994             6351
   2382.1102637829731        1.9889559426737131E-005   1236922397.6078401             6352
   2382.4853106638329        1.9885328477458795E-005   1236923216.8609977             6353
   2382.8603575446932        1.9881350977597376E-005   1236924035.8488517             6354
   2383.2354044255535        1.9877124609095255E-005   1236924854.5818706             6355
   2383.6104513064133        1.9873151686874596E-005   1236925673.0498359             6356
   2383.9854981872736        1.9868929892815283E-005   1236926491.2632141             6357
   2384.3605450681334        1.9864961541907824E-005   1236927309.2117887             6358
   2384.7355919489937        1.9860744315969630E-005   1236928126.9060233             6359
   2385.1106388298540        1.9856780530059505E-005   1236928944.3357038             6360
   2385.4856857107134        1.9852567865932414E-005   1236929761.5112915             6361
   2385.8607325915741        1.9848608638715447E-005   1236930578.4225745             6362
   2386.2357794724344        1.9844400530101082E-005   1236931395.0800114             6363
   2386.6108263532938        1.9840445855284729E-005   1236932211.4733922             6364
   2386.9858732341545        1.9836242295896405E-005   1236933027.6131737             6365
   2387.3609201150148        1.9832292167199806E-005   1236933843.4891479             6366
   2387.7359669958742        1.9828093150762447E-005   1236934659.1117687             6367
   2388.1110138767349        1.9824147561916339E-005   1236935474.4708304             6368
   2388.4860607575947        1.9819953082166510E-005   1236936289.5767846             6369
   2388.8611076384545        1.9816012026913284E-005   1236937104.4194279             6370
   2389.2361545193153        1.9811822077599137E-005   1236937919.0092092             6371
   2389.6112014001747        1.9807885549692724E-005   1236938733.3359270             6372
   2389.9862482810349        1.9803700124574011E-005   1236939547.4100280             6373
   2390.3612951618957        1.9799768117779950E-005   1236940361.2213130             6374
   2390.7363420427550        1.9795587210627995E-005   1236941174.7802262             6375
   2391.1113889236153        1.9791659718723383E-005   1236941988.0765703             6376
   2391.4864358044756        1.9787483323321058E-005   1236942801.1207871             6377
   2391.8614826853354        1.9783560340094576E-005   1236943613.9026818             6378
   2392.2365295661957        1.9779388450236307E-005   1236944426.4326932             6379
   2392.6115764470555        1.9775469969488140E-005   1236945238.7006290             6380
   2392.9866233279158        1.9771302578979868E-005   1236946050.7169254             6381
   2393.3616702087761        1.9767388594521716E-005   1236946862.4713922             6382
   2393.7367170896359        1.9763225697180922E-005   1236947673.9744635             6383
   2394.1117639704962        1.9759316202836011E-005   1236948485.2159507             6384
   2394.4868108513565        1.9755157792491655E-005   1236949296.2062860             6385
   2394.8618577322163        1.9751252782094682E-005   1236950106.9352829             6386
   2395.2369046130766        1.9747098852587214E-005   1236950917.4133706             6387
   2395.6119514939369        1.9743198319984391E-005   1236951727.6303651             6388
   2395.9869983747967        1.9739048865165730E-005   1236952537.5966930             6389
   2396.3620452556570        1.9735152804214689E-005   1236953347.3021727             6390
   2396.7370921365168        1.9731007817948245E-005   1236954156.7572284             6391
   2397.1121390173771        1.9727116222518079E-005   1236954965.9516799             6392
   2397.4871858982374        1.9722975698678656E-005   1236955774.8959498             6393
   2397.8622327790972        1.9719088562649925E-005   1236956583.5798602             6394
   2398.2372796599575        1.9714952495123764E-005   1236957392.0138302             6395
   2398.6123265408178        1.9711069812388429E-005   1236958200.1876845             6396
   2398.9873734216776        1.9706938195073216E-005   1236959008.1118405             6397
   2399.3624203025379        1.9703059959534622E-005   1236959815.7761242             6398
   2399.7374671833982        1.9698932786339448E-005   1236960623.1909504             6399
   2400.1125140642580        1.9695058991912392E-005   1236961430.3461480             6400
   2400.4875609451183        1.9690936256757682E-005   1236962237.2521288             6401
   2400.8626078259781        1.9687066897368328E-005   1236963043.8987241             6402
   2401.2376547068384        1.9682948594185964E-005   1236963850.2963433             6403
   2401.6127015876987        1.9679083663771832E-005   1236964656.4348195             6404
   2401.9877484685585        1.9674969786504988E-005   1236965462.3245597             6405
   2402.3627953494188        1.9671109279014953E-005   1236966267.9553995             6406
   2402.7378422302786        1.9666999821618192E-005   1236967073.3377435             6407
   2403.1128891111389        1.9663143731012479E-005   1236967878.4614289             6408
   2403.4879359919992        1.9659038687451710E-005   1236968683.3368583             6409
   2403.8629828728590        1.9655187007701870E-005   1236969487.9538708             6410
   2404.2380297537193        1.9651086371954330E-005   1236970292.3228664             6411
   2404.6130766345796        1.9647239097043261E-005   1236971096.4336870             6412
   2404.9881235154394        1.9643142863097483E-005   1236971900.2967296             6413
   2405.3631703962997        1.9639299987019366E-005   1236972703.9018381             6414
   2405.7382172771599        1.9635208148875188E-005   1236973507.2594075             6415
   2406.1132641580198        1.9631369665635537E-005   1236974310.3592839             6416
   2406.4883110388801        1.9627282217304099E-005   1236975113.2118595             6417
   2406.8633579197399        1.9623448120919676E-005   1236975915.8069828             6418
   2407.2384048006002        1.9619365056423404E-005   1236976718.1550434             6419
   2407.6134516814604        1.9615535340922255E-005   1236977520.2458918             6420
   2407.9884985623198        1.9611456654294832E-005   1236978322.0899153             6421
   2408.3635454431806        1.9607631313716294E-005   1236979123.6769667             6422
   2408.7385923240408        1.9603556999002662E-005   1236979925.0174308             6423
   2409.1136392049002        1.9599736027397311E-005   1236980726.1011622             6424
   2409.4886860857609        1.9595666078653633E-005   1236981526.9385438             6425
   2409.8637329666208        1.9591849470083284E-005   1236982327.5194321             6426
   2410.2387798474806        1.9587783881376998E-005   1236983127.8542073             6427
   2410.6138267283413        1.9583971629914694E-005   1236983927.9327283             6428
   2410.9888736092012        1.9579910395324455E-005   1236984727.7653730             6429
   2411.3639204900610        1.9576102495054457E-005   1236985527.3420024             6430
   2411.7389673709217        1.9572045608670166E-005   1236986326.6729918             6431
   2412.1140142517811        1.9568242053687952E-005   1236987125.7482042             6432
   2412.4890611326414        1.9564189509610676E-005   1236987924.5780125             6433
   2412.8641080135021        1.9560390294022892E-005   1236988723.1522820             6434
   2413.2391548943615        1.9556342086364895E-005   1236989521.4813831             6435
   2413.6142017752218        1.9552547204289407E-005   1236990319.5551836             6436
   2413.9892486560821        1.9548503327174159E-005   1236991117.3840511             6437
   2414.3642955369419        1.9544712772740042E-005   1236991914.9578555             6438
   2414.7393424178022        1.9540673220302174E-005   1236992712.2869620             6439
   2415.1143892986620        1.9536886987649640E-005   1236993509.3612425             6440
   2415.4894361795223        1.9532851754034930E-005   1236994306.1910603             6441
   2415.8644830603826        1.9529069837315373E-005   1236995102.7662890             6442
   2416.2395299412424        1.9525038916680805E-005   1236995899.0972893             6443
   2416.6145768221027        1.9521261310056751E-005   1236996695.1739376             6444
   2416.9896237029629        1.9517234696570429E-005   1236997491.0065913             6445
   2417.3646705838228        1.9513461394215570E-005   1236998286.5851295             6446
   2417.7397174646831        1.9509439082056744E-005   1236999081.9199073             6447
   2418.1147643455433        1.9505670078155893E-005   1236999877.0008056             6448
   2418.4898112264032        1.9501652061514970E-005   1237000671.8381772             6449
   2418.8648581072634        1.9497887350264061E-005   1237001466.4219053             6450
   2419.2399049881233        1.9493873623342550E-005   1237002260.7623398             6451
   2419.6149518689836        1.9490113198948663E-005   1237003054.8493659             6452
   2419.9899987498438        1.9486103755959153E-005   1237003848.6933322             6453
   2420.3650456307037        1.9482347612640482E-005   1237004642.2841253             6454
   2420.7400925115639        1.9478342447806706E-005   1237005435.6320908             6455
   2421.1151393924242        1.9474590579792488E-005   1237006228.7271185             6456
   2421.4901862732841        1.9470589687349296E-005   1237007021.5795512             6457
   2421.8652331541443        1.9466842088879929E-005   1237007814.1792803             6458
   2422.2402800350046        1.9462845463073237E-005   1237008606.5366466             6459
   2422.6153269158644        1.9459102128400200E-005   1237009398.6415439             6460
   2422.9903737967247        1.9455109763487015E-005   1237010190.5043104             6461
   2423.3654206775846        1.9451370686872850E-005   1237010982.1148417             6462
   2423.7404675584448        1.9447382577121271E-005   1237011773.4834740             6463
   2424.1155144393051        1.9443647752839583E-005   1237012564.6001048             6464
   2424.4905613201649        1.9439663892528779E-005   1237013355.4750679             6465
   2424.8656082010252        1.9435933314864310E-005   1237014146.0982630             6466
   2425.2406550818851        1.9431953698284496E-005   1237014936.4800212             6467
   2425.6157019627453        1.9428227361532966E-005   1237015726.6102450             6468
   2425.9907488436056        1.9424251982985437E-005   1237016516.4992626             6469
   2426.3657957244654        1.9420529881453684E-005   1237017306.1369784             6470
   2426.7408426053257        1.9416558735250776E-005   1237018095.5337186             6471
   2427.1158894861860        1.9412840863256651E-005   1237018884.6793897             6472
   2427.4909363670458        1.9408873943721768E-005   1237019673.5843153             6473
   2427.8659832479061        1.9405160295594189E-005   1237020462.2384040             6474
   2428.2410301287659        1.9401197597061739E-005   1237021250.6519773             6475
   2428.6160770096262        1.9397488167140633E-005   1237022038.8149457             6476
   2428.9911238904865        1.9393529683956099E-005   1237022826.7376280             6477
   2429.3661707713463        1.9389824466592471E-005   1237023614.4099374             6478
   2429.7412176522066        1.9385870193112326E-005   1237024401.8421903             6479
   2430.1162645330669        1.9382169182668172E-005   1237025189.0243013             6480
   2430.4913114139263        1.9378219113259949E-005   1237025975.9665849             6481
   2430.8663582947870        1.9374522304108293E-005   1237026762.6589580             6482
   2431.2414051756473        1.9370576433150523E-005   1237027549.1117322             6483
   2431.6164520565067        1.9366883819675439E-005   1237028335.3148270             6484
   2431.9914989373674        1.9362942141557693E-005   1237029121.2785511             6485
   2432.3665458182272        1.9359253718154259E-005   1237029906.9928265             6486
   2432.7415926990871        1.9355316227277129E-005   1237030692.4679594             6487
   2433.1166395799478        1.9351631988351417E-005   1237031477.6938739             6488
   2433.4916864608072        1.9347698679126462E-005   1237032262.6808739             6489
   2433.8667333416679        1.9344018619095560E-005   1237033047.4188855             6490
   2434.2417802225282        1.9340089485945385E-005   1237033831.9182100             6491
   2434.6168271033875        1.9336413599237367E-005   1237034616.1687760             6492
   2434.9918739842483        1.9332488636595559E-005   1237035400.1808822             6493
   2435.3669208651086        1.9328816917649533E-005   1237036183.9444592             6494
   2435.7419677459679        1.9324896119960693E-005   1237036967.4698036             6495
   2436.1170146268287        1.9321228563226756E-005   1237037750.7468481             6496
   2436.4920615076885        1.9317311924946472E-005   1237038533.7858865             6497
   2436.8671083885483        1.9313648524885703E-005   1237039316.5768540             6498
   2437.2421552694091        1.9309736040480553E-005   1237040099.1300421             6499
   2437.6172021502684        1.9306076791565034E-005   1237040881.4353876             6500
   2437.9922490311287        1.9302168455512593E-005   1237041663.5031798             6501
   2438.3672959119895        1.9298513352225353E-005   1237042445.3233581             6502
   2438.7423427928488        1.9294609159014177E-005   1237043226.9062088             6503
   2439.1173896737091        1.9290958195849285E-005   1237044008.2416737             6504
   2439.4924365545694        1.9287058139978919E-005   1237044789.3400366             6505
   2439.8674834354292        1.9283411311441430E-005   1237045570.1912417             6506
   2440.2425303162895        1.9279515387422386E-005   1237046350.8055701             6507
   2440.6175771971498        1.9275872688028305E-005   1237047131.1729677             6508
   2440.9926240780096        1.9271980890382094E-005   1237047911.3037140             6509
   2441.3676709588699        1.9268342314658413E-005   1237048691.1877570             6510
   2441.7427178397297        1.9264454637917537E-005   1237049470.8353732             6511
   2442.1177647205900        1.9260820180402227E-005   1237050250.2365129             6512
   2442.4928116014503        1.9256936619110164E-005   1237051029.4014504             6513
   2442.8678584823101        1.9253306274352210E-005   1237051808.3201382             6514
   2443.2429053631704        1.9249426823063413E-005   1237052587.0028481             6515
   2443.6179522440307        1.9245800585622738E-005   1237053365.4395344             6516
   2443.9929991248905        1.9241925238902649E-005   1237054143.6404669             6517
   2444.3680460057508        1.9238303103350203E-005   1237054921.5956020             6518
   2444.7430928866106        1.9234431855775223E-005   1237055699.3152070             6519
   2445.1181397674709        1.9230813816692909E-005   1237056476.7892406             6520
   2445.4931866483312        1.9226946662850430E-005   1237057254.0279670             6521
   2445.8682335291910        1.9223332714831159E-005   1237058031.0213475             6522
   2446.2432804100513        1.9219469649319563E-005   1237058807.7796443             6523
   2446.6183272909116        1.9215859786967162E-005   1237059584.2928205             6524
   2446.9933741717714        1.9212000804395835E-005   1237060360.5711358             6525
   2447.3684210526317        1.9208395022325187E-005   1237061136.6045554             6526
   2447.7434679334915        1.9204540117314441E-005   1237061912.4033368             6527
   2448.1185148143518        1.9200938410151373E-005   1237062687.9574473             6528
   2448.4935616952121        1.9197087577332528E-005   1237063463.2771413             6529
   2448.8686085760719        1.9193489939713878E-005   1237064238.3523893             6530
   2449.2436554569322        1.9189643173729267E-005   1237065013.1934433             6531
   2449.6187023377925        1.9186049600302807E-005   1237065787.7902749             6532
   2449.9937492186523        1.9182206895805732E-005   1237066562.1531341             6533
   2450.3687960995126        1.9178617381230261E-005   1237067336.2719953             6534
   2450.7438429803724        1.9174778732884996E-005   1237068110.1571054             6535
   2451.1188898612327        1.9171193271830323E-005   1237068883.7984412             6536
   2451.4939367420930        1.9167358674312135E-005   1237069657.2062469             6537
   2451.8689836229528        1.9163777261458994E-005   1237070430.3705018             6538
   2452.2440305038131        1.9159946709454182E-005   1237071203.3014476             6539
   2452.6190773846733        1.9156369339494356E-005   1237071975.9890656             6540
   2452.9941242655332        1.9152542827700188E-005   1237072748.4435952             6541
   2453.3691711463935        1.9148969495336466E-005   1237073520.6550198             6542
   2453.7442180272537        1.9145147018461194E-005   1237074292.6335764             6543
   2454.1192649081136        1.9141577718407349E-005   1237075064.3692503             6544
   2454.4943117889738        1.9137759271170289E-005   1237075835.8722765             6545
   2454.8693586698337        1.9134193998151097E-005   1237076607.1326425             6546
   2455.2444055506940        1.9130379575282533E-005   1237077378.1605804             6547
   2455.6194524315542        1.9126818324033776E-005   1237078148.9460802             6548
   2455.9944993124136        1.9123007920275018E-005   1237078919.4993718             6549
   2456.3695461932743        1.9119450685543523E-005   1237079689.8104467             6550
   2456.7445930741346        1.9115644295646873E-005   1237080459.8895328             6551
   2457.1196399549940        1.9112091072190489E-005   1237081229.7266235             6552
   2457.4946868358547        1.9108288690919295E-005   1237081999.3319445             6553
   2457.8697337167146        1.9104739473506871E-005   1237082768.6954916             6554
   2458.2447805975744        1.9100941095635503E-005   1237083537.8274872             6555
   2458.6198274784351        1.9097395879046917E-005   1237084306.7179303             6556
   2458.9948743592950        1.9093601499360782E-005   1237085075.3770404             6557
   2459.3699212401548        1.9090060278386990E-005   1237085843.7948184             6558
   2459.7449681210155        1.9086269891682530E-005   1237086611.9814820             6559
   2460.1200150018749        1.9082732661125496E-005   1237087379.9270337             6560
   2460.4950618827352        1.9078946262210220E-005   1237088147.6416891             6561
   2460.8701087635959        1.9075413016882941E-005   1237088915.1154528             6562
   2461.2451556444553        1.9071630600575376E-005   1237089682.3585374             6563
   2461.6202025253156        1.9068101335301916E-005   1237090449.3609507             6564
   2461.9952494061758        1.9064322896431668E-005   1237091216.1329024             6565
   2462.3702962870357        1.9060797606047162E-005   1237091982.6644020             6566
   2462.7453431678960        1.9057023139454885E-005   1237092748.9656572             6567
   2463.1203900487558        1.9053501818805536E-005   1237093515.0266800             6568
   2463.4954369296161        1.9049731319342978E-005   1237094280.8576751             6569
   2463.8704838104763        1.9046213963286071E-005   1237095046.4486570             6570
   2464.2455306913362        1.9042447425816064E-005   1237095811.8098278             6571
   2464.6205775721965        1.9038934029219968E-005   1237096576.9312038             6572
   2464.9956244530567        1.9035171448616433E-005   1237097341.8229856             6573
   2465.3706713339166        1.9031662006360630E-005   1237098106.4751914             6574
   2465.7457182147768        1.9027903377508564E-005   1237098870.8980186             6575
   2466.1207650956371        1.9024397884483596E-005   1237099635.0814881             6576
   2466.4958119764970        1.9020643202279132E-005   1237100399.0357952             6577
   2466.8708588573572        1.9017141653386670E-005   1237101162.7509623             6578
   2467.2459057382171        1.9013390912737048E-005   1237101926.2371826             6579
   2467.6209526190773        1.9009893302889912E-005   1237102689.4844809             6580
   2467.9959994999376        1.9006146498713474E-005   1237103452.5030477             6581
   2468.3710463807975        1.9002652822835580E-005   1237104215.2829099             6582
   2468.7460932616577        1.8998909950061851E-005   1237104977.8342555             6583
   2469.1211401425176        1.8995420203088264E-005   1237105740.1471140             6584
   2469.4961870233778        1.8991681256657876E-005   1237106502.2316709             6585
   2469.8712339042381        1.8988195433534805E-005   1237107264.0779574             6586
   2470.2462807850980        1.8984460408399556E-005   1237108025.6961570             6587
   2470.6213276659582        1.8980978504084394E-005   1237108787.0763030             6588
   2470.9963745468185        1.8977247395207251E-005   1237109548.2285759             6589
   2471.3714214276783        1.8973769404668571E-005   1237110309.1430120             6590
   2471.7464683085386        1.8970042207023659E-005   1237111069.8297894             6591
   2472.1215151893989        1.8966568125241185E-005   1237111830.2789457             6592
   2472.4965620702587        1.8962844833813864E-005   1237112590.5006571             6593
   2472.8716089511190        1.8959374655778541E-005   1237113350.4849637             6594
   2473.2466558319788        1.8955655265565326E-005   1237114110.2420385             6595
   2473.6217027128391        1.8952188986279301E-005   1237114869.7619243             6596
   2473.9967495936994        1.8948473492287949E-005   1237115629.0547919             6597
   2474.3717964745592        1.8945011106764585E-005   1237116388.1106858             6598
   2474.7468433554195        1.8941299504014092E-005   1237117146.9397743             6599
   2475.1218902362798        1.8937841007278008E-005   1237117905.5321045             6600
   2475.4969371171396        1.8934133290798614E-005   1237118663.8978419             6601
   2475.8719839979999        1.8930678677885629E-005   1237119422.0270360             6602
   2476.2470308788602        1.8926974842718804E-005   1237120179.9298499             6603
   2476.6220777597200        1.8923524108676067E-005   1237120937.5963349             6604
   2476.9971246405803        1.8919824149874562E-005   1237121695.0366521             6605
   2477.3721715214401        1.8916377289760428E-005   1237122452.2408550             6606
   2477.7472184023004        1.8912681202388288E-005   1237123209.2191017             6607
   2478.1222652831607        1.8909238211272442E-005   1237123965.9614484             6608
   2478.4973121640201        1.8905545990404983E-005   1237124722.4780507             6609
   2478.8723590448808        1.8902106863368401E-005   1237125478.7589667             6610
   2479.2474059257411        1.8898418504092283E-005   1237126234.8143499             6611
   2479.6224528066004        1.8894983236227282E-005   1237126990.6342607             6612
   2479.9974996874612        1.8891298733640482E-005   1237127746.2288496             6613
   2480.3725465683210        1.8887867320050693E-005   1237128501.5881796             6614
   2480.7475934491808        1.8884186669262517E-005   1237129256.7223988             6615
   2481.1226403300416        1.8880759105062956E-005   1237130011.6215720             6616
   2481.4976872109014        1.8877082301194060E-005   1237130766.2958453             6617
   2481.8727340917612        1.8873658581511080E-005   1237131520.7352855             6618
   2482.2477809726220        1.8869985619693525E-005   1237132274.9500360             6619
   2482.6228278534813        1.8866565739664891E-005   1237133028.9301662             6620
   2482.9978747343416        1.8862896615042127E-005   1237133782.6858172             6621
   2483.3729216152024        1.8859480569817000E-005   1237134536.2070601             6622
   2483.7479684960617        1.8855815277543905E-005   1237135289.5040336             6623
   2484.1230153769220        1.8852403062282865E-005   1237136042.5668111             6624
   2484.4980622577823        1.8848741597525711E-005   1237136795.4055290             6625
   2484.8731091386421        1.8845333207400768E-005   1237137548.0102627             6626
   2485.2481560195024        1.8841675565337302E-005   1237138300.3911467             6627
   2485.6232029003622        1.8838270995531924E-005   1237139052.5382578             6628
   2485.9982497812225        1.8834617171351374E-005   1237139804.4617281             6629
   2486.3732966620828        1.8831216417060487E-005   1237140556.1516376             6630
   2486.7483435429426        1.8827566405963552E-005   1237141307.6181149             6631
   2487.1233904238029        1.8824169462393606E-005   1237142058.8512425             6632
   2487.4984373046632        1.8820523259592451E-005   1237142809.8611467             6633
   2487.8734841855230        1.8817130121961410E-005   1237143560.6379120             6634
   2488.2485310663833        1.8813487722679793E-005   1237144311.1916625             6635
   2488.6235779472436        1.8810098386217157E-005   1237145061.5124848             6636
   2488.9986248281034        1.8806459785690328E-005   1237145811.6105003             6637
   2489.3736717089637        1.8803074245637178E-005   1237146561.4757981             6638
   2489.7487185898235        1.8799439439112005E-005   1237147311.1184971             6639
   2490.1237654706838        1.8796057690720962E-005   1237148060.5286884             6640
   2490.4988123515441        1.8792426673455877E-005   1237148809.7164888             6641
   2490.8738592324039        1.8789048711991203E-005   1237149558.6719913             6642
   2491.2489061132642        1.8785421479256245E-005   1237150307.4053106             6643
   2491.6239529941245        1.8782047299993790E-005   1237151055.9065416             6644
   2491.9989998749843        1.8778423847070633E-005   1237151804.1857963             6645
   2492.3740467558446        1.8775053445297903E-005   1237152552.2331722             6646
   2492.7490936367044        1.8771433767479885E-005   1237153300.0587788             6647
   2493.1241405175647        1.8768067138496037E-005   1237154047.6527162             6648
   2493.4991873984250        1.8764451231088175E-005   1237154795.0250909             6649
   2493.8742342792848        1.8761088370204060E-005   1237155542.1660051             6650
   2494.2492811601451        1.8757476228523078E-005   1237156289.0855632             6651
   2494.6243280410054        1.8754117131061276E-005   1237157035.7738693             6652
   2494.9993749218652        1.8750508750435638E-005   1237157782.2410257             6653
   2495.3744218027255        1.8747153411730468E-005   1237158528.4771385             6654
   2495.7494686835853        1.8743548787500327E-005   1237159274.4923077             6655
   2496.1245155644456        1.8740197202897909E-005   1237160020.2766416             6656
   2496.4995624453059        1.8736596330415249E-005   1237160765.8402376             6657
   2496.8746093261657        1.8733248495273436E-005   1237161511.1732063             6658
   2497.2496562070260        1.8729651369902043E-005   1237162256.2856424             6659
   2497.6247030878862        1.8726307279590505E-005   1237163001.1676590             6660
   2497.9997499687461        1.8722713896705976E-005   1237163745.8293483             6661
   2498.3747968496064        1.8719373546606256E-005   1237164490.2608259             6662
   2498.7498437304662        1.8715783901596067E-005   1237165234.4721808             6663
   2499.1248906113265        1.8712447287101552E-005   1237165978.4535313             6664
   2499.4999374921867        1.8708861375365049E-005   1237166722.2149642             6665
   2499.8749843730466        1.8705528491881037E-005   1237167465.7465994             6666
   2500.2500312539069        1.8701946308829473E-005   1237168209.0585217             6667
   2500.6250781347671        1.8698617151773184E-005   1237168952.1408534             6668
   2501.0001250156265        1.8695038692829729E-005   1237169695.0036759             6669
   2501.3751718964872        1.8691713257630344E-005   1237170437.6371145             6670
   2501.7502187773475        1.8688138518230145E-005   1237171180.0512483             6671
   2502.1252656582069        1.8684816800328809E-005   1237171922.2362041             6672
   2502.5003125390676        1.8681245775919025E-005   1237172664.2020593             6673
   2502.8753594199275        1.8677927770768862E-005   1237173405.9389424             6674
   2503.2504063007873        1.8674360456808676E-005   1237174147.4569283             6675
   2503.6254531816480        1.8671046159874894E-005   1237174888.7461481             6676
   2504.0005000625074        1.8667482551835546E-005   1237175629.8166740             6677
   2504.3755469433677        1.8664171958595427E-005   1237176370.6586394             6678
   2504.7505938242284        1.8660612051960211E-005   1237177111.2821143             6679
   2505.1256407050878        1.8657305157903125E-005   1237177851.6772337             6680
   2505.5006875859481        1.8653748948167480E-005   1237178591.8540654             6681
   2505.8757344668088        1.8650445748794906E-005   1237179331.8027472             6682
   2506.2507813476682        1.8646893231466390E-005   1237180071.5333438             6683
   2506.6258282285285        1.8643593722291990E-005   1237180811.0359950             6684
   2507.0008751093887        1.8640044892890354E-005   1237181550.3207633             6685
   2507.3759219902486        1.8636749069439979E-005   1237182289.3777914             6686
   2507.7509688711089        1.8633203923497188E-005   1237183028.2171388             6687
   2508.1260157519687        1.8629911781308923E-005   1237183766.8289502             6688
   2508.5010626328290        1.8626370314369210E-005   1237184505.2232828             6689
   2508.8761095136892        1.8623081848993381E-005   1237185243.3902836             6690
   2509.2511563945491        1.8619544056613206E-005   1237185981.3400073             6691
   2509.6262032754094        1.8616259263612474E-005   1237186719.0626032             6692
   2510.0012501562696        1.8612725141360652E-005   1237187456.5681236             6693
   2510.3762970371295        1.8609444016309981E-005   1237188193.8467197             6694
   2510.7513439179897        1.8605913559767642E-005   1237188930.9084415             6695
   2511.1263907988500        1.8602636098254364E-005   1237189667.7434428             6696
   2511.5014376797099        1.8599109303015064E-005   1237190404.3617706             6697
   2511.8764845605701        1.8595835500638903E-005   1237191140.7535813             6698
   2512.2515314414300        1.8592312362308576E-005   1237191876.9289193             6699
   2512.6265783222902        1.8589042214681713E-005   1237192612.8779428             6700
   2513.0016252031505        1.8585522728878760E-005   1237193348.6106944             6701
   2513.3766720840104        1.8582256231625838E-005   1237194084.1173344             6702
   2513.7517189648706        1.8578740393981151E-005   1237194819.4079027             6703
   2514.1267658457309        1.8575477542739294E-005   1237195554.4725621             6704
   2514.5018127265907        1.8571965348896305E-005   1237196289.3213499             6705
   2514.8768596074510        1.8568706139315226E-005   1237197023.9444311             6706
   2515.2519064883109        1.8565197584929913E-005   1237197758.3518405             6707
   2515.6269533691711        1.8561942012671912E-005   1237198492.5337453             6708
   2516.0020002500314        1.8558437093412863E-005   1237199226.5001781             6709
   2516.3770471308912        1.8555185154152817E-005   1237199960.2413082             6710
   2516.7520940117515        1.8551683865701276E-005   1237200693.7671657             6711
   2517.1271408926118        1.8548435555126768E-005   1237201427.0679216             6712
   2517.5021877734716        1.8544937893176640E-005   1237202160.1536047             6713
   2517.8772346543319        1.8541693206987967E-005   1237202893.0143878             6714
   2518.2522815351917        1.8538199167245905E-005   1237203625.6602967             6715
   2518.6273284160520        1.8534958101156062E-005   1237204358.0815070             6716
   2519.0023752969123        1.8531467679341461E-005   1237205090.2880416             6717
   2519.3774221777721        1.8528230229076275E-005   1237205822.2700784             6718
   2519.7524690586324        1.8524743420921371E-005   1237206554.0376382             6719
   2520.1275159394927        1.8521509582219443E-005   1237207285.5809009             6720
   2520.5025628203525        1.8518026383469263E-005   1237208016.9098852             6721
   2520.8776097012128        1.8514796152082099E-005   1237208748.0147729             6722
   2521.2526565820726        1.8511316558494596E-005   1237209478.9055798             6723
   2521.6277034629329        1.8508089930186646E-005   1237210209.5724907             6724
   2522.0027503437932        1.8504613937532707E-005   1237210940.0255187             6725
   2522.3777972246526        1.8501390908081324E-005   1237211670.2548504             6726
   2522.7528441055133        1.8497918512144821E-005   1237212400.2704968             6727
   2523.1278909863736        1.8494699077340344E-005   1237213130.0626471             6728
   2523.5029378672330        1.8491230273918182E-005   1237213859.6413095             6729
   2523.8779847480937        1.8488014429564060E-005   1237214588.9966755             6730
   2524.2530316289540        1.8484549214466174E-005   1237215318.1387506             6731
   2524.6280785098133        1.8481336956378914E-005   1237216047.0577283             6732
   2525.0031253906741        1.8477875325428391E-005   1237216775.7636123             6733
   2525.3781722715339        1.8474666649437601E-005   1237217504.2465982             6734
   2525.7532191523937        1.8471208598470650E-005   1237218232.5166872             6735
   2526.1282660332545        1.8468003500419179E-005   1237218960.5640769             6736
   2526.5033129141138        1.8464549025285217E-005   1237219688.3987660             6737
   2526.8783597949741        1.8461347501029117E-005   1237220416.0109551             6738
   2527.2534066758349        1.8457896597590825E-005   1237221143.4106395             6739
   2527.6284535566942        1.8454698642999423E-005   1237221870.5880222             6740
   2528.0035004375545        1.8451251307132781E-005   1237222597.5530970             6741
   2528.3785473184148        1.8448056918088708E-005   1237223324.2960680             6742
   2528.7535941992746        1.8444613145683072E-005   1237224050.8269265             6743
   2529.1286410801349        1.8441422318082359E-005   1237224777.1358795             6744
   2529.5036879609952        1.8437982105040481E-005   1237225503.2329161             6745
   2529.8787348418550        1.8434794834792598E-005   1237226229.1082447             6746
   2530.2537817227158        1.8431358177030641E-005   1237226954.7718520             6747
   2530.6288286035751        1.8428174460058549E-005   1237227680.2139494             6748
   2531.0038754844354        1.8424741353506218E-005   1237228405.4445207             6749
   2531.3789223652961        1.8421561185746363E-005   1237229130.4537795             6750
   2531.7539692461555        1.8418131626346899E-005   1237229855.2517071             6751
   2532.1290161270158        1.8414955003749323E-005   1237230579.8285193             6752
   2532.5040630078761        1.8411528987459553E-005   1237231304.1941950             6753
   2532.8791098887359        1.8408355905987919E-005   1237232028.3389525             6754
   2533.2541567695962        1.8404933428778375E-005   1237232752.2727680             6755
   2533.6292036504560        1.8401763884410041E-005   1237233475.9858620             6756
   2534.0042505313163        1.8398344942264919E-005   1237234199.4882085             6757
   2534.3792974121766        1.8395178930990957E-005   1237234922.7700300             6758
   2534.7543442930364        1.8391763519908245E-005   1237235645.8412979             6759
   2535.1293911738967        1.8388601037733544E-005   1237236368.6922371             6760
   2535.5044380547570        1.8385189153725060E-005   1237237091.3328168             6761
   2535.8794849356168        1.8382030196668362E-005   1237237813.7532640             6762
   2536.2545318164771        1.8378621835759760E-005   1237238535.9635453             6763
   2536.6295786973374        1.8375466399853688E-005   1237239257.9538901             6764
   2537.0046255781972        1.8372061558084588E-005   1237239979.7342625             6765
   2537.3796724590575        1.8368909639375733E-005   1237240701.2948937             6766
   2537.7547193399173        1.8365508312799724E-005   1237241422.6457460             6767
   2538.1297662207776        1.8362359907348717E-005   1237242143.7770529             6768
   2538.5048131016379        1.8358962092033441E-005   1237242864.6987736             6769
   2538.8798599824977        1.8355817195914931E-005   1237243585.4011443             6770
   2539.2549068633580        1.8352422887942132E-005   1237244305.8941216             6771
   2539.6299537442178        1.8349281497244958E-005   1237245026.1679440             6772
   2540.0050006250781        1.8345890692710533E-005   1237245746.2325656             6773
   2540.3800475059384        1.8342752803537685E-005   1237246466.0782270             6774
   2540.7550943867982        1.8339365498551775E-005   1237247185.7148805             6775
   2541.1301412676585        1.8336231107020533E-005   1237247905.1327684             6776
   2541.5051881485188        1.8332847297707558E-005   1237248624.3418400             6777
   2541.8802350293786        1.8329716399949498E-005   1237249343.3323407             6778
   2542.2552819102389        1.8326336082448184E-005   1237250062.1142175             6779
   2542.6303287910991        1.8323208674609256E-005   1237250780.6777174             6780
   2543.0053756719590        1.8319831845072796E-005   1237251499.0327852             6781
   2543.3804225528193        1.8316707923313386E-005   1237252217.1696701             6782
   2543.7554694336791        1.8313334577909390E-005   1237252935.0983143             6783
   2544.1305163145394        1.8310214138404419E-005   1237253652.8089695             6784
   2544.5055631953996        1.8306844273315058E-005   1237254370.3115754             6785
   2544.8806100762595        1.8303727312253955E-005   1237255087.5963862             6786
   2545.2556569571198        1.8300360923675987E-005   1237255804.6733389             6787
   2545.6307038379800        1.8297247437262829E-005   1237256521.5326896             6788
   2546.0057507188399        1.8293884521407689E-005   1237257238.1843731             6789
   2546.3807975997001        1.8290774505861249E-005   1237257954.6186478             6790
   2546.7558444805604        1.8287415058955067E-005   1237258670.8454463             6791
   2547.1308913614203        1.8284308510508874E-005   1237259386.8550289             6792
   2547.5059382422805        1.8280952528792591E-005   1237260102.6573257             6793
   2547.8809851231404        1.8277849443695021E-005   1237260818.2426000             6794
   2548.2560320040006        1.8274496923424435E-005   1237261533.6207783             6795
   2548.6310788848609        1.8271397297938714E-005   1237262248.7821267             6796
   2549.0061257657203        1.8268048235384540E-005   1237262963.7365694             6797
   2549.3811726465810        1.8264952065788901E-005   1237263678.4743743             6798
   2549.7562195274413        1.8261606457236840E-005   1237264393.0054638             6799
   2550.1312664083007        1.8258513739824533E-005   1237265107.3201079             6800
   2550.5063132891614        1.8255171581575385E-005   1237265821.4282260             6801
   2550.8813601700213        1.8252082312654730E-005   1237266535.3200905             6802
   2551.2564070508811        1.8248743601024413E-005   1237267249.0056188             6803
   2551.6314539317418        1.8245657776918924E-005   1237267962.4750855             6804
   2552.0065008126016        1.8242322508238586E-005   1237268675.7384050             6805
   2552.3815476934615        1.8239240125287055E-005   1237269388.7858543             6806
   2552.7565945743222        1.8235908295903084E-005   1237270101.6273460             6807
   2553.1316414551816        1.8232829350459582E-005   1237270814.2531590             6808
   2553.5066883360419        1.8229500956733721E-005   1237271526.6732030             6809
   2553.8817352169026        1.8226425445167663E-005   1237272238.8777595             6810
   2554.2567820977620        1.8223100483477097E-005   1237272950.8767359             6811
   2554.6318289786223        1.8220028402173420E-005   1237273662.6604156             6812
   2555.0068758594825        1.8216706868910830E-005   1237274374.2387037             6813
   2555.3819227403424        1.8213638214269986E-005   1237275085.6018860             6814
   2555.7569696212026        1.8210320105843616E-005   1237275796.7598655             6815
   2556.1320165020625        1.8207254874281677E-005   1237276507.7029295             6816
   2556.5070633829228        1.8203940187115439E-005   1237277218.4409785             6817
   2556.8821102637830        1.8200878375064160E-005   1237277928.9643025             6818
   2557.2571571446429        1.8197567105597683E-005   1237278639.2827997             6819
   2557.6322040255031        1.8194508709504573E-005   1237279349.3867621             6820
   2558.0072509063634        1.8191200854193275E-005   1237280059.2860854             6821
   2558.3822977872233        1.8188145870521692E-005   1237280768.9710641             6822
   2558.7573446680835        1.8184841425836864E-005   1237281478.4515910             6823
   2559.1323915489438        1.8181789851066094E-005   1237282187.7179630             6824
   2559.5074384298036        1.8178488813495033E-005   1237282896.7800708             6825
   2559.8824853106639        1.8175440644120331E-005   1237283605.6282132             6826
   2560.2575321915238        1.8172143010166350E-005   1237284314.2722785             6827
   2560.6325790723840        1.8169098242699100E-005   1237285022.7025683             6828
   2561.0076259532443        1.8165804008881607E-005   1237285730.9289677             6829
   2561.3826728341041        1.8162762639849340E-005   1237286438.9417806             6830
   2561.7577197149644        1.8159471802703988E-005   1237287146.7508903             6831
   2562.1327665958243        1.8156433828650433E-005   1237287854.3466022             6832
   2562.5078134766845        1.8153146384729134E-005   1237288561.7387977             6833
   2562.8828603575448        1.8150111802214382E-005   1237289268.9177842             6834
   2563.2579072384046        1.8146827748085385E-005   1237289975.8934405             6835
   2563.6329541192649        1.8143796553685935E-005   1237290682.6560769             6836
   2564.0080010001252        1.8140515885933994E-005   1237291389.2155693             6837
   2564.3830478809850        1.8137488076242853E-005   1237292095.5622301             6838
   2564.7580947618453        1.8134210791469216E-005   1237292801.7059329             6839
   2565.1331416427056        1.8131186363095925E-005   1237293507.6369922             6840
   2565.5081885235654        1.8127912457918523E-005   1237294213.3652794             6841
   2565.8832354044257        1.8124891407489342E-005   1237294918.8811116             6842
   2566.2582822852855        1.8121620878542743E-005   1237295624.1943572             6843
   2566.6333291661458        1.8118603202700654E-005   1237296329.2953353             6844
   2567.0083760470061        1.8115336046636246E-005   1237297034.1939125             6845
   2567.3834229278659        1.8112321742041072E-005   1237297738.8804102             6846
   2567.7584698087262        1.8109057955527173E-005   1237298443.3646922             6847
   2568.1335166895865        1.8106047018855663E-005   1237299147.6370821             6848
   2568.5085635704463        1.8102786598577530E-005   1237299851.7074413             6849
   2568.8836104513066        1.8099779026523473E-005   1237300555.5660958             6850
   2569.2586573321664        1.8096521969183429E-005   1237301259.2229047             6851
   2569.6337042130267        1.8093517758457752E-005   1237301962.6681960             6852
   2570.0087510938870        1.8090264060775265E-005   1237302665.9118261             6853
   2570.3837979747468        1.8087263208106032E-005   1237303368.9441261             6854
   2570.7588448556071        1.8084012866817866E-005   1237304071.7749493             6855
   2571.1338917364674        1.8081015368950482E-005   1237304774.3946290             6856
   2571.5089386173267        1.8077768380810686E-005   1237305476.8130162             6857
   2571.8839854981875        1.8074774234507943E-005   1237306179.0204465             6858
   2572.2590323790478        1.8071530596288024E-005   1237306881.0267689             6859
   2572.6340792599071        1.8068539798330187E-005   1237307582.8223207             6860
   2573.0091261407679        1.8065299506819208E-005   1237308284.4169483             6861
   2573.3841730216277        1.8062312054004108E-005   1237308985.8009918             6862
   2573.7592199024875        1.8059075106008751E-005   1237309686.9842949             6863
   2574.1342667833483        1.8056090995151919E-005   1237310387.9571996             6864
   2574.5093136642076        1.8052857387496571E-005   1237311088.7295477             6865
   2574.8843605450679        1.8049876615431279E-005   1237311789.2916837             6866
   2575.2594074259287        1.8046646344958152E-005   1237312489.6534462             6867
   2575.6344543067880        1.8043668908535570E-005   1237313189.8051822             6868
   2576.0095011876483        1.8040441972104792E-005   1237313889.7567284             6869
   2576.3845480685090        1.8037467868194051E-005   1237314589.4984336             6870
   2576.7595949493684        1.8034244262683780E-005   1237315289.0401316             6871
   2577.1346418302287        1.8031273488172122E-005   1237315988.3721740             6872
   2577.5096887110890        1.8028053210478617E-005   1237316687.5043926             6873
   2577.8847355919488        1.8025085762271411E-005   1237317386.4271407             6874
   2578.2597824728091        1.8021868809309197E-005   1237318085.1502476             6875
   2578.6348293536689        1.8018904684330097E-005   1237318783.6640687             6876
   2579.0098762345292        1.8015691053031984E-005   1237319481.9784312             6877
   2579.3849231153895        1.8012730248222988E-005   1237320180.0836933             6878
   2579.7599699962493        1.8009519935540250E-005   1237320877.9896789             6879
   2580.1350168771096        1.8006562447861868E-005   1237321575.6867485             6880
   2580.5100637579699        1.8003355450764258E-005   1237322273.1847241             6881
   2580.8851106388297        1.8000401277195598E-005   1237322970.4739683             6882
   2581.2601575196900        1.7997197592671541E-005   1237323667.5643001             6883
   2581.6352044005503        1.7994246730210377E-005   1237324364.4460850             6884
   2582.0102512814101        1.7991046355267075E-005   1237325061.1291397             6885
   2582.3852981622704        1.7988098800929977E-005   1237325757.6038311             6886
   2582.7603450431302        1.7984901732593437E-005   1237326453.8799739             6887
   2583.1353919239905        1.7981957483415890E-005   1237327149.9479377             6888
   2583.5104388048508        1.7978763718731081E-005   1237327845.8175347             6889
   2583.8854856857106        1.7975822771767583E-005   1237328541.4791362             6890
   2584.2605325665709        1.7972632307798582E-005   1237329236.9425523             6891
   2584.6355794474307        1.7969694660122759E-005   1237329932.1981564             6892
   2585.0106263282910        1.7966507493952787E-005   1237330627.2557561             6893
   2585.3856732091513        1.7963573142657524E-005   1237331322.1057277             6894
   2585.7607200900111        1.7960389271389114E-005   1237332016.7578757             6895
   2586.1357669708714        1.7957458213586626E-005   1237332711.2025788             6896
   2586.5108138517317        1.7954277634341692E-005   1237333405.4496393             6897
   2586.8858607325915        1.7951349867163644E-005   1237334099.4894378             6898
   2587.2609076134518        1.7948172577083661E-005   1237334793.3317745             6899
   2587.6359544943120        1.7945248097681303E-005   1237335486.9670322             6900
   2588.0110013751719        1.7942074093927339E-005   1237336180.4050086             6901
   2588.3860482560322        1.7939152899471620E-005   1237336873.6360888             6902
   2588.7610951368920        1.7935982179224507E-005   1237337566.6700678             6903
   2589.1361420177523        1.7933064266906164E-005   1237338259.4973335             6904
   2589.5111888986125        1.7929896827366606E-005   1237338952.1276779             6905
   2589.8862357794724        1.7926982194396325E-005   1237339644.5514915             6906
   2590.2612826603327        1.7923818032784988E-005   1237340336.7785642             6907
   2590.6363295411929        1.7920906676393470E-005   1237341028.7992880             6908
   2591.0113764220528        1.7917745789951156E-005   1237341720.6234508             6909
   2591.3864233029130        1.7914837707389291E-005   1237342412.2414467             6910
   2591.7614701837729        1.7911680093376992E-005   1237343103.6630614             6911
   2592.1365170646332        1.7908775281915952E-005   1237343794.8786912             6912
   2592.5115639454934        1.7905620937615015E-005   1237344485.8981194             6913
   2592.8866108263528        1.7902719394546357E-005   1237345176.7117445             6914
   2593.2616577072135        1.7899568317258602E-005   1237345867.3293471             6915
   2593.6367045880738        1.7896670039894424E-005   1237346557.7413282             6916
   2594.0117514689332        1.7893522226942252E-005   1237347247.9574664             6917
   2594.3867983497939        1.7890627212615297E-005   1237347937.9681644             6918
   2594.7618452306542        1.7887482661341812E-005   1237348627.7831984             6919
   2595.1368921115136        1.7884590907405581E-005   1237349317.3929739             6920
   2595.5119389923743        1.7881449615174729E-005   1237350006.8072639             6921
   2595.8869858732342        1.7878561119003652E-005   1237350696.0164764             6922
   2596.2620327540940        1.7875423083200358E-005   1237351385.0303824             6923
   2596.6370796349547        1.7872537842189864E-005   1237352073.8393919             6924
   2597.0121265158141        1.7869403060220133E-005   1237352762.4532733             6925
   2597.3871733966744        1.7866521071786821E-005   1237353450.8624392             6926
   2597.7622202775351        1.7863389541077866E-005   1237354139.0766551             6927
   2598.1372671583945        1.7860510802659629E-005   1237354827.0863364             6928
   2598.5123140392548        1.7857382520660047E-005   1237355514.9012463             6929
   2598.8873609201150        1.7854507029716168E-005   1237356202.5118020             6930
   2599.2624078009749        1.7851381993896010E-005   1237356889.9277639             6931
   2599.6374546818352        1.7848509747907336E-005   1237357577.1395524             6932
   2600.0125015626954        1.7845387955758267E-005   1237358264.1569250             6933
   2600.3875484435553        1.7842518952227348E-005   1237358950.9703040             6934
   2600.7625953244155        1.7839400401262777E-005   1237359637.5894454             6935
   2601.1376422052754        1.7836534637713942E-005   1237360324.0047731             6936
   2601.5126890861357        1.7833419325469144E-005   1237361010.2260408             6937
   2601.8877359669959        1.7830556799448674E-005   1237361696.2436748             6938
   2602.2627828478558        1.7827444723480986E-005   1237362382.0674262             6939
   2602.6378297287160        1.7824585432557240E-005   1237363067.6877236             6940
   2603.0128766095763        1.7821476590446101E-005   1237363753.1143160             6941
   2603.3879234904362        1.7818620532209677E-005   1237364438.3376336             6942
   2603.7629703712964        1.7815514921556845E-005   1237365123.3674235             6943
   2604.1380172521563        1.7812662093620664E-005   1237365808.1941185             6944
   2604.5130641330165        1.7809559712050327E-005   1237366492.8274624             6945
   2604.8881110138768        1.7806710112049836E-005   1237367177.2578907             6946
   2605.2631578947367        1.7803610957208716E-005   1237367861.4951451             6947
   2605.6382047755969        1.7800764582801987E-005   1237368545.5296628             6948
   2606.0132516564572        1.7797668652359524E-005   1237369229.3711832             6949
   2606.3882985373170        1.7794825501227413E-005   1237369913.0101464             6950
   2606.7633454181773        1.7791732792875919E-005   1237370596.4562886             6951
   2607.1383922990376        1.7788892862722210E-005   1237371279.7000523             6952
   2607.5134391798974        1.7785803374176967E-005   1237371962.7511716             6953
   2607.8884860607577        1.7782966662728508E-005   1237372645.6000912             6954
   2608.2635329416175        1.7779880391727975E-005   1237373328.2565427             6955
   2608.6385798224778        1.7777046896734816E-005   1237374010.7109730             6956
   2609.0136267033381        1.7773963841040675E-005   1237374692.9731112             6957
   2609.3886735841979        1.7771133560276242E-005   1237375375.0334067             6958
   2609.7637204650582        1.7768053717673660E-005   1237376056.9015865             6959
   2610.1387673459180        1.7765226648934860E-005   1237376738.5681019             6960
   2610.5138142267783        1.7762150017232568E-005   1237377420.0426772             6961
   2610.8888611076386        1.7759326158339974E-005   1237378101.3157661             6962
   2611.2639079884984        1.7756252735370424E-005   1237378782.3970907             6963
   2611.6389548693587        1.7753432084168420E-005   1237379463.2771070             6964
   2612.0140017502190        1.7750361867787930E-005   1237380143.9655344             6965
   2612.3890486310788        1.7747544422144842E-005   1237380824.4528317             6966
   2612.7640955119391        1.7744477410233787E-005   1237381504.7487156             6967
   2613.1391423927994        1.7741663168042059E-005   1237382184.8436468             6968
   2613.5141892736592        1.7738599358505005E-005   1237382864.7473400             6969
   2613.8892361545195        1.7735788317681314E-005   1237383544.4502583             6970
   2614.2642830353793        1.7732727708447130E-005   1237384223.9621139             6971
   2614.6393299162396        1.7729919866932607E-005   1237384903.2733717             6972
   2615.0143767970999        1.7726862455954678E-005   1237385582.3937418             6973
   2615.3894236779593        1.7724057811715012E-005   1237386261.3136916             6974
   2615.7644705588200        1.7721003596971366E-005   1237386940.0429287             6975
   2616.1395174396803        1.7718202147996972E-005   1237387618.5719225             6976
   2616.5145643205396        1.7715151127490461E-005   1237388296.9103782             6977
   2616.8896112014004        1.7712352871796645E-005   1237388975.0487680             6978
   2617.2646580822607        1.7709305043555051E-005   1237389652.9967945             6979
   2617.6397049631200        1.7706509979182178E-005   1237390330.7449317             6980
   2618.0147518439808        1.7703465341258456E-005   1237391008.3028798             6981
   2618.3897987248406        1.7700673466272055E-005   1237391685.6611159             6982
   2618.7648456057004        1.7697632016744424E-005   1237392362.8293374             6983
   2619.1398924865612        1.7694843329235435E-005   1237393039.7980230             6984
   2619.5149393674205        1.7691805066207571E-005   1237393716.5768683             6985
   2619.8899862482808        1.7689019564292446E-005   1237394393.1563547             6986
   2620.2650331291416        1.7685984485893636E-005   1237395069.5461748             6987
   2620.6400800100009        1.7683202167714559E-005   1237395745.7368121             6988
   2621.0151268908612        1.7680170272099887E-005   1237396421.7379570             6989
   2621.3901737717215        1.7677391135824867E-005   1237397097.5400956             6990
   2621.7652206525813        1.7674362421175336E-005   1237397773.1529160             6991
   2622.1402675334416        1.7671586464998442E-005   1237398448.5669057             6992
   2622.5153144143014        1.7668560929521203E-005   1237399123.7917509             6993
   2622.8903612951617        1.7665788151662693E-005   1237399798.8179419             6994
   2623.2654081760220        1.7662765793591156E-005   1237400473.6551616             6995
   2623.6404550568818        1.7659996192297658E-005   1237401148.2939031             6996
   2624.0155019377421        1.7656977009891719E-005   1237401822.7438471             6997
   2624.3905488186024        1.7654210583436387E-005   1237402496.9954882             6998
   2624.7655956994622        1.7651194574982548E-005   1237403171.0585053             6999
   2625.1406425803225        1.7648431321665261E-005   1237403844.9233952             7000
   2625.5156894611828        1.7645418485476827E-005   1237404518.5998342             7001
   2625.8907363420426        1.7642658403624370E-005   1237405192.0783217             7002
   2626.2657832229029        1.7639648738041621E-005   1237405865.3685312             7003
   2626.6408301037627        1.7636891826007837E-005   1237406538.4609647             7004
   2627.0158769846230        1.7633885329398201E-005   1237407211.3652933             7005
   2627.3909238654833        1.7631131585564159E-005   1237407884.0720210             7006
   2627.7659707463431        1.7628128256322420E-005   1237408556.5908167             7007
   2628.1410176272034        1.7625377679096610E-005   1237409228.9121869             7008
   2628.5160645080637        1.7622377515645011E-005   1237409901.0457976             7009
   2628.8911113889235        1.7619630103463535E-005   1237410572.9821579             7010
   2629.2661582697838        1.7616633104252033E-005   1237411244.7309313             7011
   2629.6412051506441        1.7613888855578749E-005   1237411916.2826290             7012
   2630.0162520315039        1.7610895019085164E-005   1237412587.6469126             7013
   2630.3912989123642        1.7608153932411896E-005   1237413258.8142953             7014
   2630.7663457932240        1.7605163257142097E-005   1237413929.7944362             7015
   2631.1413926740843        1.7602425330988805E-005   1237414600.5778511             7016
   2631.5164395549446        1.7599437815476895E-005   1237415271.1741962             7017
   2631.8914864358044        1.7596703048391868E-005   1237415941.5739901             7018
   2632.2665333166647        1.7593718691200372E-005   1237416611.7868865             7019
   2632.6415801975245        1.7590987081760403E-005   1237417281.8034055             7020
   2633.0166270783848        1.7588005881480441E-005   1237417951.6331995             7021
   2633.3916739592451        1.7585277428291029E-005   1237418621.2667906             7022
   2633.7667208401049        1.7582299383542536E-005   1237419290.7138283             7023
   2634.1417677209652        1.7579574085238056E-005   1237419959.9648378             7024
   2634.5168146018254        1.7576599194669917E-005   1237420629.0294654             7025
   2634.8918614826853        1.7573877049913854E-005   1237421297.8982389             7026
   2635.2669083635456        1.7570905312204122E-005   1237421966.5808024             7027
   2635.6419552444058        1.7568186319689181E-005   1237422635.0676858             7028
   2636.0170021252657        1.7565217733545314E-005   1237423303.3685308             7029
   2636.3920490061259        1.7562501891993693E-005   1237423971.4738693             7030
   2636.7670958869858        1.7559536456152658E-005   1237424639.3933413             7031
   2637.1421427678461        1.7556823764316193E-005   1237425307.1174805             7032
   2637.5171896487063        1.7553861477544739E-005   1237425974.6559246             7033
   2637.8922365295657        1.7551151934205104E-005   1237426641.9992096             7034
   2638.2672834104264        1.7548192795299929E-005   1237427309.1569705             7035
   2638.6423302912867        1.7545486399268866E-005   1237427976.1197462             7036
   2639.0173771721461        1.7542530407056779E-005   1237428642.8971691             7037
   2639.3924240530068        1.7539827157176272E-005   1237429309.4797802             7038
   2639.7674709338667        1.7536874310514459E-005   1237429975.8772097             7039
   2640.1425178147265        1.7534174205656941E-005   1237430642.0800004             7040
   2640.5175646955872        1.7531224503433102E-005   1237431308.0977807             7041
   2640.8926115764471        1.7528527542501622E-005   1237431973.9210958             7042
   2641.2676584573073        1.7525580983634227E-005   1237432639.5595708             7043
   2641.6427053381676        1.7522887165562672E-005   1237433305.0037541             7044
   2642.0177522190270        1.7519943749001131E-005   1237433970.2632685             7045
   2642.3927990998877        1.7517253072754469E-005   1237434635.3286638             7046
   2642.7678459807480        1.7514312797479333E-005   1237435300.2095609             7047
   2643.1428928616074        1.7511625262053778E-005   1237435964.8965118             7048
   2643.5179397424681        1.7508688127076966E-005   1237436629.3991351             7049
   2643.8929866233279        1.7506003731500180E-005   1237437293.7079854             7050
   2644.2680335041878        1.7503069735865186E-005   1237437957.8326786             7051
   2644.6430803850485        1.7500388479196516E-005   1237438621.7637715             7052
   2645.0181272659079        1.7497457621978569E-005   1237439285.5108774             7053
   2645.3931741467682        1.7494779503309230E-005   1237439949.0645561             7054
   2645.7682210276289        1.7491851783615560E-005   1237440612.4344180             7055
   2646.1432679084883        1.7489176802068863E-005   1237441275.6110251             7056
   2646.5183147893486        1.7486252219038916E-005   1237441938.6039860             7057
   2646.8933616702093        1.7483580373770451E-005   1237442601.4038644             7058
   2647.2684085510687        1.7480658926576062E-005   1237443264.0202668             7059
   2647.6434554319289        1.7477990216773963E-005   1237443926.4437592             7060
   2648.0185023127892        1.7475071904619585E-005   1237444588.6839454             7061
   2648.3935491936491        1.7472406329504695E-005   1237445250.7313941             7062
   2648.7685960745093        1.7469491151627603E-005   1237445912.5957065             7063
   2649.1436429553692        1.7466828710453720E-005   1237446574.2674537             7064
   2649.5186898362294        1.7463916666124265E-005   1237447235.7562344             7065
   2649.8937367170897        1.7461257358178315E-005   1237447897.0526221             7066
   2650.2687835979496        1.7458348446700124E-005   1237448558.1662130             7067
   2650.6438304788098        1.7455692271302452E-005   1237449219.0875831             7068
   2651.0188773596701        1.7452786492012628E-005   1237449879.8263261             7069
   2651.3939242405299        1.7450133448517177E-005   1237450540.3730202             7070
   2651.7689711213902        1.7447230800786534E-005   1237451200.7372570             7071
   2652.1440180022505        1.7444580888581059E-005   1237451860.9096165             7072
   2652.5190648831103        1.7441681371814376E-005   1237452520.8996882             7073
   2652.8941117639706        1.7439034590320703E-005   1237453180.6980548             7074
   2653.2691586448304        1.7436138203956902E-005   1237453840.3143027             7075
   2653.6442055256907        1.7433494552631094E-005   1237454499.7390175             7076
   2654.0192524065510        1.7430601296143452E-005   1237455158.9817829             7077
   2654.3942992874108        1.7427960774476112E-005   1237455818.0331869             7078
   2654.7693461682711        1.7425070647372575E-005   1237456476.9028108             7079
   2655.1443930491309        1.7422433254889024E-005   1237457135.5812445             7080
   2655.5194399299912        1.7419546256712346E-005   1237457794.0780678             7081
   2655.8944868108515        1.7416911992972834E-005   1237458452.3838723             7082
   2656.2695336917113        1.7414028123300868E-005   1237459110.5082352             7083
   2656.6445805725716        1.7411396987900869E-005   1237459768.4417508             7084
   2657.0196274534319        1.7408516246346737E-005   1237460426.1939940             7085
   2657.3946743342917        1.7405888238917145E-005   1237461083.7555616             7086
   2657.7697212151520        1.7403010625129522E-005   1237461741.1360254             7087
   2658.1447680960118        1.7400385745336860E-005   1237462398.3259847             7088
   2658.5198149768721        1.7397511259000216E-005   1237463055.3350096             7089
   2658.8948618577324        1.7394889506546897E-005   1237463712.1537011             7090
   2659.2699087385922        1.7392018147381671E-005   1237464368.7916267             7091
   2659.6449556194525        1.7389399522006250E-005   1237465025.2393901             7092
   2660.0200025003128        1.7386531289769153E-005   1237465681.5065567             7093
   2660.3950493811726        1.7383915791246564E-005   1237466337.5837321             7094
   2660.7700962620329        1.7381050685730788E-005   1237466993.4804792             7095
   2661.1451431428932        1.7378438313872555E-005   1237467649.1874061             7096
   2661.5201900237530        1.7375576334908033E-005   1237468304.7140732             7097
   2661.8952369046133        1.7372967089562520E-005   1237468960.0510914             7098
   2662.2702837854731        1.7370108237016139E-005   1237469615.2080185             7099
   2662.6453306663334        1.7367502118068815E-005   1237470270.1754673             7100
   2663.0203775471937        1.7364646391844667E-005   1237470924.9629934             7101
   2663.3954244280530        1.7362043399218336E-005   1237471579.5612121             7102
   2663.7704713089138        1.7359190799257996E-005   1237472233.9796765             7103
   2664.1455181897741        1.7356590932913010E-005   1237472888.2090044             7104
   2664.5205650706334        1.7353741459195746E-005   1237473542.2587461             7105
   2664.8956119514942        1.7351144719130333E-005   1237474196.1195221             7106
   2665.2706588323545        1.7348298371673327E-005   1237474849.8008804             7107
   2665.6457057132138        1.7345704757923783E-005   1237475503.2934434             7108
   2666.0207525940746        1.7342861536782468E-005   1237476156.6067572             7109
   2666.3957994749344        1.7340271049423391E-005   1237476809.7314460             7110
   2666.7708463557942        1.7337430954691634E-005   1237477462.6770539             7111
   2667.1458932366550        1.7334843593836232E-005   1237478115.4342074             7112
   2667.5209401175143        1.7332006625646622E-005   1237478768.0124481             7113
   2667.8959869983746        1.7329422391446909E-005   1237479420.4024045             7114
   2668.2710338792353        1.7326588549970973E-005   1237480072.6136165             7115
   2668.6460807600947        1.7324007442618067E-005   1237480724.6367149             7116
   2669.0211276409550        1.7321176728066577E-005   1237481376.4812365             7117
   2669.3961745218153        1.7318598747790940E-005   1237482028.1378148             7118
   2669.7712214026751        1.7315771160414127E-005   1237482679.6159842             7119
   2670.1462682835354        1.7313196307485819E-005   1237483330.9063811             7120
   2670.5213151643957        1.7310371847573642E-005   1237483982.0185368             7121
   2670.8963620452555        1.7307800122302610E-005   1237484632.9430900             7122
   2671.2714089261158        1.7304978790185033E-005   1237485283.6895702             7123
   2671.6464558069756        1.7302410192921335E-005   1237485934.2486181             7124
   2672.0215026878359        1.7299591988968569E-005   1237486584.6297605             7125
   2672.3965495686962        1.7297026520102643E-005   1237487234.8236411             7126
   2672.7715964495560        1.7294211444725418E-005   1237487884.8397839             7127
   2673.1466433304163        1.7291649104688362E-005   1237488534.6688347             7128
   2673.5216902112766        1.7288837158338201E-005   1237489184.3203156             7129
   2673.8967370921364        1.7286277947602038E-005   1237489833.7848747             7130
   2674.2717839729967        1.7283469130771506E-005   1237490483.0720315             7131
   2674.6468308538565        1.7280913049849418E-005   1237491132.1724365             7132
   2675.0218777347168        1.7278107363072422E-005   1237491781.0956070             7133
   2675.3969246155771        1.7275554412519067E-005   1237492429.8321955             7134
   2675.7719714964369        1.7272751856371093E-005   1237493078.3917170             7135
   2676.1470183772972        1.7270202036782855E-005   1237493726.7648268             7136
   2676.5220652581575        1.7267402611881245E-005   1237494374.9610369             7137
   2676.8971121390173        1.7264855923896503E-005   1237495022.9710050             7138
   2677.2721590198776        1.7262059630900730E-005   1237495670.8042414             7139
   2677.6472059007374        1.7259516075200114E-005   1237496318.4514055             7140
   2678.0222527815977        1.7256722914812080E-005   1237496965.9220052             7141
   2678.3972996624580        1.7254182492118786E-005   1237497613.2067025             7142
   2678.7723465433178        1.7251392465083078E-005   1237498260.3150027             7143
   2679.1473934241781        1.7248855176163148E-005   1237498907.2375705             7144
   2679.5224403050383        1.7246068283267289E-005   1237499553.9839089             7145
   2679.8974871858982        1.7243534128929841E-005   1237500200.5446842             7146
   2680.2725340667585        1.7240750371004608E-005   1237500846.9293973             7147
   2680.6475809476183        1.7238219352102142E-005   1237501493.1287177             7148
   2681.0226278284786        1.7235438730021842E-005   1237502139.1521432             7149
   2681.3976747093388        1.7232910847450544E-005   1237502784.9903452             7150
   2681.7727215901987        1.7230133362133287E-005   1237503430.6528201             7151
   2682.1477684710590        1.7227608616833278E-005   1237504076.1302409             7152
   2682.5228153519192        1.7224834269241251E-005   1237504721.4321015             7153
   2682.8978622327791        1.7222312662196879E-005   1237505366.5490782             7154
   2683.2729091136393        1.7219541453336671E-005   1237506011.4906619             7155
   2683.6479559944996        1.7217022985576788E-005   1237506656.2475312             7156
   2684.0230028753595        1.7214254916499633E-005   1237507300.8291748             7157
   2684.3980497562197        1.7211739589097937E-005   1237507945.2262735             7158
   2684.7730966370796        1.7208974660900015E-005   1237508589.4483140             7159
   2685.1481435179398        1.7206462474975268E-005   1237509233.4859791             7160
   2685.5231903988001        1.7203700688798017E-005   1237509877.3487530             7161
   2685.8982372796595        1.7201191645514383E-005   1237510521.0273213             7162
   2686.2732841605202        1.7198433002544776E-005   1237511164.5311656             7163
   2686.6483310413805        1.7195927103112082E-005   1237511807.8509736             7164
   2687.0233779222399        1.7193171604582916E-005   1237512450.9962249             7165
   2687.3984248031006        1.7190668850257002E-005   1237513093.9576092             7166
   2687.7734716839605        1.7187916497447182E-005   1237513736.7446041             7167
   2688.1485185648203        1.7185416889530122E-005   1237514379.3479018             7168
   2688.5235654456810        1.7182667683764975E-005   1237515021.7769768             7169
   2688.8986123265408        1.7180171223605408E-005   1237515664.0225241             7170
   2689.2736592074007        1.7177425166256997E-005   1237516306.0940161             7171
   2689.6487060882614        1.7174931855250450E-005   1237516947.9821498             7172
   2690.0237529691208        1.7172188947737835E-005   1237517589.6963952             7173
   2690.3987998499811        1.7169698787327015E-005   1237518231.2274518             7174
   2690.7738467308418        1.7166959031116577E-005   1237518872.5847871             7175
   2691.1488936117012        1.7164472022791659E-005   1237519513.7591033             7176
   2691.5239404925615        1.7161735419397401E-005   1237520154.7598655             7177
   2691.8989873734217        1.7159251564696310E-005   1237520795.5777776             7178
   2692.2740342542816        1.7156518115680191E-005   1237521436.2223029             7179
   2692.6490811351418        1.7154037416188937E-005   1237522076.6841476             7180
   2693.0241280160017        1.7151307123161117E-005   1237522716.9727724             7181
   2693.3991748968620        1.7148829580514115E-005   1237523357.0788863             7182
   2693.7742217777222        1.7146102445133304E-005   1237523997.0119474             7183
   2694.1492686585821        1.7143628061013633E-005   1237524636.7626669             7184
   2694.5243155394423        1.7140904084987401E-005   1237525276.3405006             7185
   2694.8993624203026        1.7138432861127158E-005   1237525915.7361622             7186
   2695.2744093011624        1.7135712046212226E-005   1237526554.9591050             7187
   2695.6494561820227        1.7133243984392839E-005   1237527194.0000453             7188
   2696.0245030628830        1.7130526332395392E-005   1237527832.8684340             7189
   2696.3995499437428        1.7128061434447925E-005   1237528471.5549893             7190
   2696.7745968246031        1.7125346947223954E-005   1237529110.0691602             7191
   2697.1496437054629        1.7122885215029408E-005   1237529748.4016676             7192
   2697.5246905863232        1.7120173894485009E-005   1237530386.5619574             7193
   2697.8997374671835        1.7117715329974625E-005   1237531024.5407529             7194
   2698.2747843480433        1.7115007178066340E-005   1237531662.3474979             7195
   2698.6498312289036        1.7112551783221976E-005   1237532299.9729180             7196
   2699.0248781097639        1.7109846801957011E-005   1237532937.4264550             7197
   2699.3999249906237        1.7107394578811432E-005   1237533574.6988366             7198
   2699.7749718714840        1.7104692770248134E-005   1237534211.7995021             7199
   2700.1500187523443        1.7102243720885297E-005   1237534848.7191818             7200
   2700.5250656332041        1.7099545087133369E-005   1237535485.4673123             7201
   2700.9001125140644        1.7097099213688787E-005   1237536122.0346267             7202
   2701.2751593949242        1.7094403756909656E-005   1237536758.4305592             7203
   2701.6502062757845        1.7091961061570732E-005   1237537394.6458445             7204
   2702.0252531566448        1.7089268783977838E-005   1237538030.6899154             7205
   2702.4003000375046        1.7086829268984159E-005   1237538666.5535088             7206
   2702.7753469183649        1.7084140172843325E-005   1237539302.2460546             7207
   2703.1503937992247        1.7081703840487013E-005   1237539937.7582929             7208
   2703.5254406800850        1.7079017928116752E-005   1237540573.0996506             7209
   2703.9004875609453        1.7076584780742778E-005   1237541208.2608702             7210
   2704.2755344418051        1.7073902054514585E-005   1237541843.2513769             7211
   2704.6505813226654        1.7071472094521109E-005   1237542478.0619147             7212
   2705.0256282035257        1.7068792556859873E-005   1237543112.7019067             7213
   2705.4006750843855        1.7066365786698561E-005   1237543747.1620996             7214
   2705.7757219652458        1.7063689440082867E-005   1237544381.4519138             7215
   2706.1507688461061        1.7061265862259255E-005   1237545015.5620987             7216
   2706.5258157269659        1.7058592709221677E-005   1237545649.5020726             7217
   2706.9008626078262        1.7056172326295497E-005   1237546283.2625866             7218
   2707.2759094886860        1.7053502369422975E-005   1237546916.8530564             7219
   2707.6509563695463        1.7051085184008505E-005   1237547550.2642365             7220
   2708.0260032504066        1.7048418425942681E-005   1237548183.5055397             7221
   2708.4010501312659        1.7046004440709033E-005   1237548816.5677228             7222
   2708.7760970121267        1.7043340884146603E-005   1237549449.4601965             7223
   2709.1511438929870        1.7040930101818094E-005   1237550082.1737199             7224
   2709.5261907738463        1.7038269749511114E-005   1237550714.7177012             7225
   2709.9012376547071        1.7035862172867627E-005   1237551347.0829020             7226
   2710.2762845355669        1.7033205027623891E-005   1237551979.2787282             7227
   2710.6513314164267        1.7030800659501214E-005   1237552611.2959437             7228
   2711.0263782972875        1.7028146724184560E-005   1237553243.1439524             7229
   2711.4014251781473        1.7025745567474699E-005   1237553874.8135200             7230
   2711.7764720590071        1.7023094845005425E-005   1237554506.3140481             7231
   2712.1515189398679        1.7020696902656998E-005   1237555137.6363053             7232
   2712.5265658207272        1.7018049396012117E-005   1237555768.7896907             7233
   2712.9016127015875        1.7015654671030659E-005   1237556399.7649751             7234
   2713.2766595824482        1.7013010383244318E-005   1237557030.5715551             7235
   2713.6517064633076        1.7010618878692669E-005   1237557661.2002041             7236
   2714.0267533441679        1.7007977812856473E-005   1237558291.6603169             7237
   2714.4018002250282        1.7005589531855110E-005   1237558921.9426684             7238
   2714.7768471058880        1.7002951691118497E-005   1237559552.0566511             7239
   2715.1518939867483        1.7000566636845873E-005   1237560181.9930429             7240
   2715.5269408676081        1.6997932024416456E-005   1237560811.7612338             7241
   2715.9019877484684        1.6995550200109389E-005   1237561441.3520036             7242
   2716.2770346293287        1.6992918819253276E-005   1237562070.7747402             7243
   2716.6520815101885        1.6990540228207297E-005   1237562700.0202265             7244
   2717.0271283910488        1.6987912082249505E-005   1237563329.0978472             7245
   2717.4021752719091        1.6985536727819193E-005   1237563957.9983878             7246
   2717.7772221527689        1.6982911820143984E-005   1237564586.7312310             7247
   2718.1522690336292        1.6980539705743367E-005   1237565215.2871640             7248
   2718.5273159144895        1.6977918039794595E-005   1237565843.6755676             7249
   2718.9023627953493        1.6975549168897463E-005   1237566471.8872316             7250
   2719.2774096762096        1.6972930748178944E-005   1237567099.9315345             7251
   2719.6524565570694        1.6970565124319267E-005   1237567727.7992680             7252
   2720.0275034379297        1.6967949952395187E-005   1237568355.4998081             7253
   2720.4025503187900        1.6965587579167418E-005   1237568983.0239496             7254
   2720.7775971996498        1.6962975659662637E-005   1237569610.3810661             7255
   2721.1526440805101        1.6960616540722132E-005   1237570237.5619545             7256
   2721.5276909613704        1.6958007877322573E-005   1237570864.5759859             7257
   2721.9027378422302        1.6955652016385950E-005   1237571491.4139600             7258
   2722.2777847230905        1.6953046612838967E-005   1237572118.0852456             7259
   2722.6528316039503        1.6950694013684434E-005   1237572744.5806441             7260
   2723.0278784848106        1.6948091873799215E-005   1237573370.9095228             7261
   2723.4029253656709        1.6945742540266973E-005   1237573997.0626850             7262
   2723.7779722465307        1.6943143667914866E-005   1237574623.0494959             7263
   2724.1530191273910        1.6940797603907489E-005   1237575248.8607614             7264
   2724.5280660082512        1.6938202003022385E-005   1237575874.5058439             7265
   2724.9031128891111        1.6935859212505207E-005   1237576499.9755518             7266
   2725.2781597699714        1.6933266887083927E-005   1237577125.2792454             7267
   2725.6532066508312        1.6930927374085357E-005   1237577750.4077356             7268
   2726.0282535316915        1.6928338328188024E-005   1237578375.3703799             7269
   2726.4033004125517        1.6926002096799995E-005   1237579000.1579919             7270
   2726.7783472934116        1.6923416334550433E-005   1237579624.7799270             7271
   2727.1533941742719        1.6921083388928730E-005   1237580249.2270010             7272
   2727.5284410551321        1.6918500914514786E-005   1237580873.5085666             7273
   2727.9034879359920        1.6916171258879462E-005   1237581497.6154425             7274
   2728.2785348168522        1.6913592076553471E-005   1237582121.5569789             7275
   2728.6535816977121        1.6911265715189202E-005   1237582745.3239970             7276
   2729.0286285785724        1.6908689829268308E-005   1237583368.9258449             7277
   2729.4036754594326        1.6906366766524802E-005   1237583992.3533454             7278
   2729.7787223402925        1.6903794181391356E-005   1237584615.6158450             7279
   2730.1537692211527        1.6901474421683704E-005   1237585238.7041690             7280
   2730.5288161020130        1.6898905141785647E-005   1237585861.6276610             7281
   2730.9038629828724        1.6896588689594737E-005   1237586484.3771489             7282
   2731.2789098637331        1.6894022719446012E-005   1237587106.9619741             7283
   2731.6539567445934        1.6891709579318908E-005   1237587729.3729670             7284
   2732.0290036254528        1.6889146923499829E-005   1237588351.6194668             7285
   2732.4040505063135        1.6886837100050197E-005   1237588973.6923058             7286
   2732.7790973871734        1.6884277763207820E-005   1237589595.6008213             7287
   2733.1541442680332        1.6881971261116255E-005   1237590217.3358481             7288
   2733.5291911488939        1.6879415247964807E-005   1237590838.9067206             7289
   2733.9042380297533        1.6877112071979268E-005   1237591460.3042765             7290
   2734.2792849106136        1.6874559387300544E-005   1237592081.5378478             7291
   2734.6543317914743        1.6872259542236732E-005   1237592702.5982747             7292
   2735.0293786723337        1.6869710190880456E-005   1237593323.4948869             7293
   2735.4044255531940        1.6867413681622228E-005   1237593944.2185268             7294
   2735.7794724340547        1.6864867668506501E-005   1237594564.7785218             7295
   2736.1545193149141        1.6862574500006265E-005   1237595185.1657166             7296
   2736.5295661957744        1.6860031830117888E-005   1237595805.3894370             7297
   2736.9046130766346        1.6857742007396964E-005   1237596425.4405296             7298
   2737.2796599574945        1.6855202685791904E-005   1237597045.3283174             7299
   2737.6547068383552        1.6852916213940986E-005   1237597665.0436504             7300
   2738.0297537192146        1.6850380245744759E-005   1237598284.5958488             7301
   2738.4048006000749        1.6848097129924284E-005   1237598903.9757648             7302
   2738.7798474809356        1.6845564520332321E-005   1237599523.1927166             7303
   2739.1548943617950        1.6843284765772877E-005   1237600142.2375591             7304
   2739.5299412426552        1.6840755520050999E-005   1237600761.1196077             7305
   2739.9049881235155        1.6838479132053728E-005   1237601379.8297198             7306
   2740.2800350043753        1.6835953255538511E-005   1237601998.3772087             7307
   2740.6550818852356        1.6833680239475499E-005   1237602616.7529342             7308
   2741.0301287660959        1.6831157737574679E-005   1237603234.9662070             7309
   2741.4051756469557        1.6828888098889411E-005   1237603853.0078895             7310
   2741.7802225278160        1.6826368977082277E-005   1237604470.8872905             7311
   2742.1552694086758        1.6824102721289997E-005   1237605088.5952742             7312
   2742.5303162895361        1.6821586985127866E-005   1237605706.1411471             7313
   2742.9053631703964        1.6819324117816017E-005   1237606323.5157764             7314
   2743.2804100512562        1.6816811772922601E-005   1237606940.7284663             7315
   2743.6554569321165        1.6814552299751240E-005   1237607557.7700858             7316
   2744.0305038129768        1.6812043351823024E-005   1237608174.6499372             7317
   2744.4055506938366        1.6809787278525223E-005   1237608791.3588920             7318
   2744.7805975746969        1.6807281733331976E-005   1237609407.9062498             7319
   2745.1556444555567        1.6805029065714238E-005   1237610024.2828848             7320
   2745.5306913364170        1.6802526929099325E-005   1237610640.4980946             7321
   2745.9057382172773        1.6800277673042018E-005   1237611256.5427551             7322
   2746.2807850981371        1.6797778950922877E-005   1237611872.4261622             7323
   2746.6558319789974        1.6795533112380644E-005   1237612488.1391945             7324
   2747.0308788598577        1.6793037810749201E-005   1237613103.6911449             7325
   2747.4059257407175        1.6790795395751365E-005   1237613719.0728946             7326
   2747.7809726215778        1.6788303520674468E-005   1237614334.2937346             7327
   2748.1560195024376        1.6786064535325473E-005   1237614949.3445480             7328
   2748.5310663832979        1.6783576092945278E-005   1237615564.2346237             7329
   2748.9061132641582        1.6781340543425108E-005   1237616178.9548478             7330
   2749.2811601450180        1.6778855539959526E-005   1237616793.5145061             7331
   2749.6562070258783        1.6776623432524141E-005   1237617407.9044876             7332
   2750.0312539067386        1.6774141874267267E-005   1237618022.1340756             7333
   2750.4063007875984        1.6771913215248988E-005   1237618636.1941614             7334
   2750.7813476684587        1.6769435108571509E-005   1237619250.0940266             7335
   2751.1563945493185        1.6767209904379479E-005   1237619863.8245645             7336
   2751.5314414301788        1.6764735255729114E-005   1237620477.3950546             7337
   2751.9064883110391        1.6762513512849732E-005   1237621090.7963924             7338
   2752.2815351918989        1.6760042328751678E-005   1237621704.0378554             7339
   2752.6565820727592        1.6757824053749031E-005   1237622317.1103413             7340
   2753.0316289536195        1.6755356340806348E-005   1237622930.0231252             7341
   2753.4066758344793        1.6753141540322628E-005   1237623542.7671080             7342
   2753.7817227153396        1.6750677305216711E-005   1237624155.3515615             7343
   2754.1567695961999        1.6748465985972627E-005   1237624767.7673895             7344
   2754.5318164770597        1.6746005235463656E-005   1237625380.0238621             7345
   2754.9068633579200        1.6743797404258911E-005   1237625992.1118846             7346
   2755.2819102387798        1.6741340145186215E-005   1237626604.0407252             7347
   2755.6569571196401        1.6739135808899927E-005   1237627215.8012919             7348
   2756.0320040005004        1.6736682048182516E-005   1237627827.4028502             7349
   2756.4070508813597        1.6734481213773642E-005   1237628438.8363109             7350
   2756.7820977622205        1.6732030958410577E-005   1237629050.1109371             7351
   2757.1571446430808        1.6729833632918401E-005   1237629661.2176418             7352
   2757.5321915239401        1.6727386889989248E-005   1237630272.1656864             7353
   2757.9072384048009        1.6725193080533739E-005   1237630882.9459858             7354
   2758.2822852856607        1.6722749857199005E-005   1237631493.5677991             7355
   2758.6573321665205        1.6720559570981340E-005   1237632104.0220442             7356
   2759.0323790473813        1.6718119874482954E-005   1237632714.3179777             7357
   2759.4074259282411        1.6715933118785912E-005   1237633324.4465199             7358
   2759.7824728091009        1.6713496956447623E-005   1237633934.4169247             7359
   2760.1575196899616        1.6711313738636023E-005   1237634544.2201154             7360
   2760.5325665708210        1.6708881117863865E-005   1237635153.8653438             7361
   2760.9076134516813        1.6706701445385055E-005   1237635763.3435352             7362
   2761.2826603325420        1.6704272373667767E-005   1237636372.6639392             7363
   2761.6577072134014        1.6702096254052052E-005   1237636981.8174837             7364
   2762.0327540942617        1.6699670738961579E-005   1237637590.8134162             7365
   2762.4078009751220        1.6697498179822627E-005   1237638199.6426666             7366
   2762.7828478559818        1.6695076229014544E-005   1237638808.3144803             7367
   2763.1578947368421        1.6692907238049926E-005   1237639416.8197899             7368
   2763.5329416177019        1.6690488859263865E-005   1237640025.1678383             7369
   2763.9079884985622        1.6688323444255415E-005   1237640633.3495605             7370
   2764.2830353794225        1.6685908645315552E-005   1237641241.3741977             7371
   2764.6580822602823        1.6683746814129891E-005   1237641849.2326868             7372
   2765.0331291411426        1.6681335602945379E-005   1237642456.9342666             7373
   2765.4081760220029        1.6679177363534311E-005   1237643064.4698770             7374
   2765.7832229028627        1.6676769748099751E-005   1237643671.8487542             7375
   2766.1582697837230        1.6674615108500759E-005   1237644279.0618408             7376
   2766.5333166645833        1.6672211096896632E-005   1237644886.1183705             7377
   2766.9083635454431        1.6670060065233330E-005   1237645493.0092885             7378
   2767.2834104263034        1.6667659665626456E-005   1237646099.7438264             7379
   2767.6584573071632        1.6665512250109020E-005   1237646706.3129313             7380
   2768.0335041880235        1.6663115470753052E-005   1237647312.7258332             7381
   2768.4085510688838        1.6660971679678701E-005   1237647918.9734814             7382
   2768.7835979497436        1.6658578528914542E-005   1237648525.0651038             7383
   2769.1586448306039        1.6656438370667987E-005   1237649130.9916518             7384
   2769.5336917114637        1.6654048856924278E-005   1237649736.7623513             7385
   2769.9087385923240        1.6651912339978214E-005   1237650342.3681562             7386
   2770.2837854731843        1.6649526471771793E-005   1237650947.8182898             7387
   2770.6588323540441        1.6647393604687304E-005   1237651553.1037092             7388
   2771.0338792349044        1.6645011390623654E-005   1237652158.2336349             7389
   2771.4089261157646        1.6642882182050738E-005   1237652763.1990266             7390
   2771.7839729966245        1.6640503630824473E-005   1237653368.0091026             7391
   2772.1590198774848        1.6638378089502454E-005   1237653972.6548250             7392
   2772.5340667583450        1.6636003209897776E-005   1237654577.1454101             7393
   2772.9091136392049        1.6633881344655834E-005   1237655181.4718220             7394
   2773.2841605200651        1.6631510145546978E-005   1237655785.6432750             7395
   2773.6592074009250        1.6629391965304574E-005   1237656389.6507359             7396
   2774.0342542817853        1.6627024455656316E-005   1237656993.5034165             7397
   2774.4093011626455        1.6624909969423657E-005   1237657597.1922863             7398
   2774.7843480435054        1.6622546158291770E-005   1237658200.7265546             7399
   2775.1593949243656        1.6620435375170296E-005   1237658804.0971935             7400
   2775.5344418052259        1.6618075271701997E-005   1237659407.3134100             7401
   2775.9094886860858        1.6615968200884835E-005   1237660010.3661788             7402
   2776.2845355669460        1.6613611814319281E-005   1237660613.2647047             7403
   2776.6595824478063        1.6611508465091741E-005   1237661215.9999645             7404
   2777.0346293286661        1.6609155804760542E-005   1237661818.5811613             7405
   2777.4096762095264        1.6607056186500573E-005   1237662420.9992743             7406
   2777.7847230903863        1.6604707261828163E-005   1237663023.2635038             7407
   2778.1597699712465        1.6602611384006835E-005   1237663625.3648322             7408
   2778.5348168521068        1.6600266204511031E-005   1237664227.3124573             7409
   2778.9098637329662        1.6598174076693031E-005   1237664829.0973635             7410
   2779.2849106138269        1.6595832651985473E-005   1237665430.7287474             7411
   2779.6599574946872        1.6593744283829550E-005   1237666032.1975954             7412
   2780.0350043755466        1.6591406623616201E-005   1237666633.5131013             7413
   2780.4100512564073        1.6589322024875654E-005   1237667234.6662548             7414
   2780.7850981372671        1.6586988138957272E-005   1237667835.6662471             7415
   2781.1601450181270        1.6584907319480452E-005   1237668436.5040700             7416
   2781.5351918989877        1.6582577217753055E-005   1237669037.1889136             7417
   2781.9102387798475        1.6580500187483799E-005   1237669637.7117715             7418
   2782.2852856607074        1.6578173879939201E-005   1237670238.0818312             7419
   2782.6603325415681        1.6576100648917340E-005   1237670838.2900894             7420
   2783.0353794224275        1.6573778145643565E-005   1237671438.3457310             7421
   2783.4104263032877        1.6571708724005441E-005   1237672038.2397556             7422
   2783.7854731841485        1.6569390035187226E-005   1237672637.9813459             7423
   2784.1605200650079        1.6567324433166136E-005   1237673237.5615032             7424
   2784.5355669458681        1.6565009569085438E-005   1237673836.9894087             7425
   2784.9106138267284        1.6562947797012100E-005   1237674436.2560663             7426
   2785.2856607075882        1.6560636768048576E-005   1237675035.3706546             7427
   2785.6607075884485        1.6558578836351680E-005   1237675634.3241801             7428
   2786.0357544693084        1.6556271652983154E-005   1237676233.1258192             7429
   2786.4108013501686        1.6554217572189809E-005   1237676831.7665808             7430
   2786.7858482310289        1.6551914244992769E-005   1237677430.2556393             7431
   2787.1608951118887        1.6549864025728975E-005   1237678028.5840061             7432
   2787.5359419927490        1.6547564565379092E-005   1237678626.7608533             7433
   2787.9109888736093        1.6545518218370249E-005   1237679224.7771947             7434
   2788.2860357544691        1.6543222635642819E-005   1237679822.6422002             7435
   2788.6610826353294        1.6541180171714245E-005   1237680420.3468864             7436
   2789.0361295161897        1.6538888477484692E-005   1237681017.9004207             7437
   2789.4111763970495        1.6536849907562092E-005   1237681615.2938221             7438
   2789.7862232779098        1.6534562112806484E-005   1237682212.5362561             7439
   2790.1612701587696        1.6532527447916418E-005   1237682809.6187444             7440
   2790.5363170396299        1.6530243563711957E-005   1237683406.5504498             7441
   2790.9113639204902        1.6528212814982354E-005   1237684003.3223968             7442
   2791.2864108013500        1.6525932852507841E-005   1237684599.9437459             7443
   2791.6614576822103        1.6523906031168501E-005   1237685196.4055240             7444
   2792.0365045630701        1.6521630001704850E-005   1237685792.7168896             7445
   2792.4115514439304        1.6519607119087949E-005   1237686388.8688722             7446
   2792.7865983247907        1.6517335034018694E-005   1237686984.8706276             7447
   2793.1616452056505        1.6515316101559252E-005   1237687580.7131884             7448
   2793.5366920865108        1.6513047972371046E-005   1237688176.4057081             7449
   2793.9117389673711        1.6511033001607443E-005   1237688771.9392211             7450
   2794.2867858482309        1.6508768839890521E-005   1237689367.3228798             7451
   2794.6618327290912        1.6506757842464995E-005   1237689962.5477207             7452
   2795.0368796099515        1.6504497659913719E-005   1237690557.6228936             7453
   2795.4119264908113        1.6502490647572859E-005   1237691152.5394378             7454
   2795.7869733716716        1.6500234455986189E-005   1237691747.3065012             7455
   2796.1620202525314        1.6498231440581425E-005   1237692341.9151251             7456
   2796.5370671333917        1.6495979251863399E-005   1237692936.3744557             7457
   2796.9121140142520        1.6493980245351543E-005   1237693530.6755364             7458
   2797.2871608951118        1.6491732071511828E-005   1237694124.8275115             7459
   2797.6622077759721        1.6489737085955538E-005   1237694718.8214271             7460
   2798.0372546568324        1.6487492939109907E-005   1237695312.6664245             7461
   2798.4123015376922        1.6485501986678203E-005   1237695906.3535533             7462
   2798.7873484185525        1.6483261879049056E-005   1237696499.8919520             7463
   2799.1623952994123        1.6481274972017808E-005   1237697093.2726731             7464
   2799.5374421802726        1.6479038915934659E-005   1237697686.5048528             7465
   2799.9124890611329        1.6477056066687116E-005   1237698279.5795455             7466
   2800.2875359419927        1.6474824074587088E-005   1237698872.5058863             7467
   2800.6625828228530        1.6472845295614393E-005   1237699465.2749317             7468
   2801.0376297037133        1.6470617380042736E-005   1237700057.8958142             7469
   2801.4126765845726        1.6468642683944412E-005   1237700650.3595934             7470
   2801.7877234654334        1.6466418857555036E-005   1237701242.6753993             7471
   2802.1627703462937        1.6464448257039479E-005   1237701834.8342938             7472
   2802.5378172271530        1.6462228532595428E-005   1237702426.8454056             7473
   2802.9128641080138        1.6460262040480455E-005   1237703018.6997986             7474
   2803.2879109888736        1.6458046430854421E-005   1237703610.4065988             7475
   2803.6629578697334        1.6456084060067744E-005   1237704201.9568737             7476
   2804.0380047505942        1.6453872578242595E-005   1237704793.3597465             7477
   2804.4130516314535        1.6451914341822340E-005   1237705384.6062868             7478
   2804.7880985123138        1.6449707000891606E-005   1237705975.7056167             7479
   2805.1631453931745        1.6447752911986843E-005   1237706566.6488075             7480
   2805.5381922740339        1.6445549725155241E-005   1237707157.4449797             7481
   2805.9132391548942        1.6443599797026487E-005   1237707748.0852070             7482
   2806.2882860357549        1.6441400777610430E-005   1237708338.5786071             7483
   2806.6633329166143        1.6439455023630140E-005   1237708928.9162569             7484
   2807.0383797974746        1.6437260185058278E-005   1237709519.1072719             7485
   2807.4134266783349        1.6435318618711372E-005   1237710109.1427314             7486
   2807.7884735591947        1.6433127974525051E-005   1237710699.0317488             7487
   2808.1635204400550        1.6431190609409443E-005   1237711288.7654059             7488
   2808.5385673209148        1.6429004173263245E-005   1237711878.3528140             7489
   2808.9136142017751        1.6427071023090316E-005   1237712467.7850575             7490
   2809.2886610826354        1.6424888808752577E-005   1237713057.0712452             7491
   2809.6637079634952        1.6422959887347748E-005   1237713646.2024643             7492
   2810.0387548443555        1.6420781908701091E-005   1237714235.1878216             7493
   2810.4138017252158        1.6418857230004308E-005   1237714824.0184069             7494
   2810.7888486060756        1.6416683501046129E-005   1237715412.7033243             7495
   2811.1638954869359        1.6414763079112362E-005   1237716001.2336662             7496
   2811.5389423677962        1.6412593613955359E-005   1237716589.6185355             7497
   2811.9139892486560        1.6410677462955170E-005   1237717177.8490262             7498
   2812.2890361295163        1.6408512275827863E-005   1237717765.9342394             7499
   2812.6640830103761        1.6406600410047874E-005   1237718353.8652716             7500
   2813.0391298912364        1.6404439515295101E-005   1237718941.6512215             7501
   2813.4141767720967        1.6402531949138533E-005   1237719529.2831888             7502
   2813.7892236529565        1.6400375361222009E-005   1237720116.7702696             7503
   2814.1642705338168        1.6398472109209194E-005   1237720704.1035662             7504
   2814.5393174146770        1.6396319842708010E-005   1237721291.2921724             7505
   2814.9143642955369        1.6394420919476902E-005   1237721878.3271935             7506
   2815.2894111763972        1.6392272989088056E-005   1237722465.2177210             7507
   2815.6644580572570        1.6390378409394789E-005   1237723051.9548621             7508
   2816.0395049381173        1.6388234829933679E-005   1237723638.5477068             7509
   2816.4145518189775        1.6386344608653068E-005   1237724224.9873655             7510
   2816.7895986998374        1.6384205395054034E-005   1237724811.2829251             7511
   2817.1646455806977        1.6382319547180088E-005   1237725397.4254985             7512
   2817.5396924615579        1.6380184714496912E-005   1237725983.4241710             7513
   2817.9147393424178        1.6378303255143363E-005   1237726569.2700577             7514
   2818.2897862232780        1.6376172818549839E-005   1237727154.9722419             7515
   2818.6648331041379        1.6374295762950653E-005   1237727740.5218415             7516
   2819.0398799849982        1.6372169737741076E-005   1237728325.9279375             7517
   2819.4149268658584        1.6370297101250978E-005   1237728911.1816502             7518
   2819.7899737467183        1.6368175502840654E-005   1237729496.2920585             7519
   2820.1650206275785        1.6366307300935690E-005   1237730081.2502854             7520
   2820.5400675084388        1.6364190144861517E-005   1237730666.0654078             7521
   2820.9151143892987        1.6362326393139536E-005   1237731250.7285509             7522
   2821.2901612701589        1.6360213695060466E-005   1237731835.2487898             7523
   2821.6652081510188        1.6358354409241644E-005   1237732419.6172523             7524
   2822.0402550318790        1.6356246184939226E-005   1237733003.8430111             7525
   2822.4153019127393        1.6354391380866639E-005   1237733587.9171968             7526
   2822.7903487935987        1.6352287646245570E-005   1237734171.8488798             7527
   2823.1653956744594        1.6350437339885661E-005   1237734755.6291935             7528
   2823.5404425553197        1.6348338110974287E-005   1237735339.2672062             7529
   2823.9154894361791        1.6346492318417423E-005   1237735922.7540536             7530
   2824.2905363170398        1.6344397611368263E-005   1237736506.0988019             7531
   2824.6655831979001        1.6342556348829257E-005   1237737089.2925894             7532
   2825.0406300787595        1.6340466179919550E-005   1237737672.3444808             7533
   2825.4156769596202        1.6338629463738195E-005   1237738255.2456162             7534
   2825.7907238404800        1.6336543849370419E-005   1237738838.0050583             7535
   2826.1657707213399        1.6334711696011999E-005   1237739420.6139500             7536
   2826.5408176022006        1.6332630652714379E-005   1237740003.0813520             7537
   2826.9158644830600        1.6330803078770213E-005   1237740585.3984098             7538
   2827.2909113639203        1.6328726623197274E-005   1237741167.5741816             7539
   2827.6659582447810        1.6326903645385234E-005   1237741749.5998158             7540
   2828.0410051256404        1.6324831794318324E-005   1237742331.4843681             7541
   2828.4160520065006        1.6323013429483368E-005   1237742913.2189901             7542
   2828.7910988873609        1.6320946199831197E-005   1237743494.8127351             7543
   2829.1661457682208        1.6319132464945901E-005   1237744076.2567570             7544
   2829.5411926490810        1.6317069873745045E-005   1237744657.5601077             7545
   2829.9162395299413        1.6315260785910125E-005   1237745238.7139432             7546
   2830.2912864108011        1.6313202850325585E-005   1237745819.7273133             7547
   2830.6663332916614        1.6311398426770400E-005   1237746400.5913765             7548
   2831.0413801725213        1.6309345164096089E-005   1237746981.3151808             7549
   2831.4164270533815        1.6307545422179238E-005   1237747561.8898873             7550
   2831.7914739342418        1.6305496849838541E-005   1237748142.3245418             7551
   2832.1665208151016        1.6303701807048348E-005   1237748722.6103077             7552
   2832.5415676959619        1.6301657942594644E-005   1237749302.7562292             7553
   2832.9166145768222        1.6299867616549698E-005   1237749882.7534723             7554
   2833.2916614576820        1.6297828477666905E-005   1237750462.6110785             7555
   2833.6667083385423        1.6296042886116605E-005   1237751042.3202171             7556
   2834.0417552194021        1.6294008490619693E-005   1237751621.8899271             7557
   2834.4168021002624        1.6292227651444742E-005   1237752201.3113806             7558
   2834.7918489811227        1.6290198017280289E-005   1237752780.5936143             7559
   2835.1668958619825        1.6288421948493239E-005   1237753359.7278030             7560
   2835.5419427428428        1.6286397093739936E-005   1237753938.7229815             7561
   2835.9169896237031        1.6284625813485731E-005   1237754517.5703268             7562
   2836.2920365045629        1.6282605756354932E-005   1237755096.2788723             7563
   2836.6670833854232        1.6280839282911466E-005   1237755674.8397970             7564
   2837.0421302662835        1.6278824041747696E-005   1237756253.2621324             7565
   2837.4171771471433        1.6277062393526296E-005   1237756831.5370603             7566
   2837.7922240280036        1.6275051986807822E-005   1237757409.6736097             7567
   2838.1672709088634        1.6273295182353802E-005   1237757987.6629655             7568
   2838.5423177897237        1.6271289628693113E-005   1237758565.5141542             7569
   2838.9173646705840        1.6269537686686275E-005   1237759143.2183635             7570
   2839.2924115514438        1.6267537004830654E-005   1237759720.7846179             7571
   2839.6674584323041        1.6265789944085880E-005   1237760298.2041078             7572
   2840.0425053131639        1.6263794152917919E-005   1237760875.4858553             7573
   2840.4175521940242        1.6262051992385669E-005   1237761452.6210535             7574
   2840.7925990748845        1.6260061110923806E-005   1237762029.6187227             7575
   2841.1676459557443        1.6258323869690631E-005   1237762606.4700584             7576
   2841.5426928366046        1.6256337917089707E-005   1237763183.1840789             7577
   2841.9177397174649        1.6254605614378833E-005   1237763759.7519825             7578
   2842.2927865983247        1.6252624609930580E-005   1237764336.1827850             7579
   2842.6678334791850        1.6250897265102392E-005   1237764912.4676874             7580
   2843.0428803600453        1.6248921228235979E-005   1237765488.6157041             7581
   2843.4179272409051        1.6247198860788587E-005   1237766064.6180379             7582
   2843.7929741217654        1.6245227811071176E-005   1237766640.4837015             7583
   2844.1680210026252        1.6243510440640910E-005   1237767216.2039006             7584
   2844.5430678834855        1.6241544397778199E-005   1237767791.7876451             7585
   2844.9181147643458        1.6239832044140196E-005   1237768367.2261438             7586
   2845.2931616452051        1.6237871027976871E-005   1237768942.5284050             7587
   2845.6682085260659        1.6236163711045576E-005   1237769517.6856394             7588
   2846.0432554069262        1.6234207741565911E-005   1237770092.7068534             7589
   2846.4183022877855        1.6232505481395598E-005   1237770667.5832605             7590
   2846.7933491686463        1.6230554578724007E-005   1237771242.3238652             7591
   2847.1683960495066        1.6228857395509304E-005   1237771816.9198835             7592
   2847.5434429303659        1.6226911579910827E-005   1237772391.3803172             7593
   2847.9184898112267        1.6225219493987294E-005   1237772965.6963859             7594
   2848.2935366920865        1.6223278785868137E-005   1237773539.8770890             7595
   2848.6685835729468        1.6221591817712762E-005   1237774113.9136486             7596
   2849.0436304538071        1.6219656237620825E-005   1237774687.8150623             7597
   2849.4186773346664        1.6217974407852593E-005   1237775261.5725543             7598
   2849.7937242155272        1.6216043976478030E-005   1237775835.1951210             7599
   2850.1687710963874        1.6214367305858395E-005   1237776408.6739888             7600
   2850.5438179772468        1.6212442044034128E-005   1237776982.0181520             7601
   2850.9188648581076        1.6210770553467613E-005   1237777555.2188399             7602
   2851.2939117389674        1.6208850482169880E-005   1237778128.2850442             7603
   2851.6689586198272        1.6207184192704572E-005   1237778701.2079973             7604
   2852.0440055006879        1.6205269333053413E-005   1237779273.9966888             7605
   2852.4190523815473        1.6203608265881498E-005   1237779846.6423538             7606
   2852.7940992624076        1.6201698639141367E-005   1237780419.1539800             7607
   2853.1691461432683        1.6200042815599631E-005   1237780991.5228050             7608
   2853.5441930241277        1.6198138443179866E-005   1237781563.7578144             7609
   2853.9192399049880        1.6196487884750316E-005   1237782135.8502481             7610
   2854.2942867858487        1.6194588788205655E-005   1237782707.8090904             7611
   2854.6693336667081        1.6192943516515958E-005   1237783279.6255836             7612
   2855.0443805475684        1.6191049717547118E-005   1237783851.3087096             7613
   2855.4194274284287        1.6189409754371181E-005   1237784422.8497138             7614
   2855.7944743092885        1.6187521274825394E-005   1237784994.2575760             7615
   2856.1695211901488        1.6185886642083868E-005   1237785565.5235441             7616
   2856.5445680710086        1.6184003503955369E-005   1237786136.6565962             7617
   2856.9196149518689        1.6182374223716199E-005   1237786707.6479824             7618
   2857.2946618327292        1.6180496449146787E-005   1237787278.5066788             7619
   2857.6697087135890        1.6178872543625744E-005   1237787849.2239389             7620
   2858.0447555944493        1.6177000154905298E-005   1237788419.8087361             7621
   2858.4198024753096        1.6175381646466519E-005   1237788990.2523265             7622
   2858.7948493561694        1.6173514666033538E-005   1237789560.5636818             7623
   2859.1698962370297        1.6171901577190002E-005   1237790130.7340608             7624
   2859.5449431178899        1.6170040027632124E-005   1237790700.7724333             7625
   2859.9199899987498        1.6168432381046252E-005   1237791270.6700602             7626
   2860.2950368796101        1.6166576285100783E-005   1237791840.4359095             7627
   2860.6700837604699        1.6164974103584930E-005   1237792410.0612452             7628
   2861.0451306413302        1.6163123484139391E-005   1237792979.5550330             7629
   2861.4201775221904        1.6161526790656361E-005   1237793548.9085395             7630
   2861.7952244030503        1.6159681670749004E-005   1237794118.1307285             7631
   2862.1702712839106        1.6158090488412631E-005   1237794687.2128692             7632
   2862.5453181647704        1.6156250891232973E-005   1237795256.1639235             7633
   2862.9203650456307        1.6154665243308588E-005   1237795824.9751632             7634
   2863.2954119264909        1.6152831192197932E-005   1237796393.6555483             7635
   2863.6704588073508        1.6151251102102925E-005   1237796962.1963534             7636
   2864.0455056882111        1.6149422620554865E-005   1237797530.6065359             7637
   2864.4205525690713        1.6147848111859204E-005   1237798098.8773735             7638
   2864.7955994499312        1.6146025223520220E-005   1237798667.0178220             7639
   2865.1706463307914        1.6144456319946981E-005   1237799235.0191612             7640
   2865.5456932116517        1.6142639048616873E-005   1237799802.8903449             7641
   2865.9207400925116        1.6141075774042782E-005   1237800370.6226559             7642
   2866.2957869733718        1.6139264143675305E-005   1237800938.2250459             7643
   2866.6708338542317        1.6137706522131230E-005   1237801505.6888006             7644
   2867.0458807350919        1.6135900556834536E-005   1237802073.0228693             7645
   2867.4209276159522        1.6134348612506028E-005   1237802640.2185404             7646
   2867.7959744968121        1.6132548336543215E-005   1237803207.2847617             7647
   2868.1710213776723        1.6131002093771061E-005   1237803774.2128239             7648
   2868.5460682585326        1.6129207531560683E-005   1237804341.0116727             7649
   2868.9211151393924        1.6127667014841377E-005   1237804907.6726019             7650
   2869.2961620202527        1.6125878190958012E-005   1237805474.2045553             7651
   2869.6712089011125        1.6124343424944295E-005   1237806040.5988290             7652
   2870.0462557819728        1.6122560364119024E-005   1237806606.8643646             7653
   2870.4213026628331        1.6121031373620458E-005   1237807172.9924614             7654
   2870.7963495436929        1.6119254100741393E-005   1237807738.9920592             7655
   2871.1713964245532        1.6117730910724833E-005   1237808304.8544595             7656
   2871.5464433054135        1.6115959450837708E-005   1237808870.5886002             7657
   2871.9214901862729        1.6114442086427807E-005   1237809436.1857853             7658
   2872.2965370671336        1.6112676464736390E-005   1237810001.6549513             7659
   2872.6715839479939        1.6111164951216191E-005   1237810566.9874048             7660
   2873.0466308288533        1.6109405193082880E-005   1237811132.1920803             7661
   2873.4216777097140        1.6107899555894262E-005   1237811697.2602868             7662
   2873.7967245905738        1.6106145686840583E-005   1237812262.2009568             7663
   2874.1717714714337        1.6104645951584834E-005   1237812827.0054026             7664
   2874.5468183522944        1.6102897997291940E-005   1237813391.6825540             7665
   2874.9218652331538        1.6101404189730250E-005   1237813956.2237265             7666
   2875.2969121140140        1.6099662176039495E-005   1237814520.6378479             7667
   2875.6719589948748        1.6098174322093497E-005   1237815084.9162362             7668
   2876.0470058757342        1.6096438275006927E-005   1237815649.0678174             7669
   2876.4220527565944        1.6094956400759189E-005   1237816213.0839124             7670
   2876.7970996374552        1.6093226346440028E-005   1237816776.9734452             7671
   2877.1721465183145        1.6091750478134575E-005   1237817340.7277389             7672
   2877.5471933991748        1.6090026442907773E-005   1237817904.3557158             7673
   2877.9222402800351        1.6088556606950620E-005   1237818467.8487017             7674
   2878.2972871608949        1.6086838617303399E-005   1237819031.2156177             7675
   2878.6723340417552        1.6085374840263069E-005   1237819594.4477916             7676
   2879.0473809226150        1.6083662922845390E-005   1237820157.5541422             7677
   2879.4224278034753        1.6082205231453427E-005   1237820720.5260007             7678
   2879.7974746843356        1.6080499413078497E-005   1237821283.3722837             7679
   2880.1725215651954        1.6079047834229944E-005   1237821846.0843251             7680
   2880.5475684460557        1.6077348141874790E-005   1237822408.6710398             7681
   2880.9226153269160        1.6075902702628736E-005   1237822971.1237643             7682
   2881.2976622077758        1.6074209163434666E-005   1237823533.4514112             7683
   2881.6727090886361        1.6072769891014765E-005   1237824095.6453202             7684
   2882.0477559694964        1.6071082532287915E-005   1237824657.7144020             7685
   2882.4228028503562        1.6069649454082881E-005   1237825219.6499987             7686
   2882.7978497312165        1.6067968303294690E-005   1237825781.4610193             7687
   2883.1728966120763        1.6066541446858816E-005   1237826343.1388083             7688
   2883.5479434929366        1.6064866531646565E-005   1237826904.6922727             7689
   2883.9229903737969        1.6063445924700254E-005   1237827466.1127605             7690
   2884.2980372546567        1.6061777272867574E-005   1237828027.4091763             7691
   2884.6730841355170        1.6060362943297814E-005   1237828588.5728710             7692
   2885.0481310163768        1.6058700582815174E-005   1237829149.6127472             7693
   2885.4231778972371        1.6057292558676048E-005   1237829710.5201578             7694
   2885.7982247780974        1.6055636517681280E-005   1237830271.3040047             7695
   2886.1732716589572        1.6054234827194503E-005   1237830831.9556429             7696
   2886.5483185398175        1.6052585133993313E-005   1237831392.4839723             7697
   2886.9233654206778        1.6051189805548719E-005   1237831952.8803511             7698
   2887.2984123015376        1.6049546488615172E-005   1237832513.1536767             7699
   2887.6734591823979        1.6048157550771206E-005   1237833073.2953105             7700
   2888.0485060632577        1.6046520638748251E-005   1237833633.3141479             7701
   2888.4235529441180        1.6045138120232499E-005   1237834193.2015529             7702
   2888.7985998249783        1.6043507641932500E-005   1237834752.9664190             7703
   2889.1736467058381        1.6042131571642206E-005   1237835312.6001132             7704
   2889.5486935866984        1.6040507556047388E-005   1237835872.1115270             7705
   2889.9237404675587        1.6039137963049883E-005   1237836431.4920297             7706
   2890.2987873484185        1.6037520439312881E-005   1237836990.7505114             7707
   2890.6738342292788        1.6036157352846187E-005   1237837549.8783441             7708
   2891.0488811101391        1.6034546350290495E-005   1237838108.8844159             7709
   2891.4239279909989        1.6033189799763756E-005   1237838667.7601016             7710
   2891.7989748718592        1.6031585347884281E-005   1237839226.5142872             7711
   2892.1740217527190        1.6030235362878266E-005   1237839785.1383507             7712
   2892.5490686335793        1.6028637491341809E-005   1237840343.6411760             7713
   2892.9241155144396        1.6027294101609464E-005   1237840902.0141435             7714
   2893.2991623952989        1.6025702840255207E-005   1237841460.2661355             7715
   2893.6742092761597        1.6024366075722102E-005   1237842018.3885353             7716
   2894.0492561570200        1.6022781454562101E-005   1237842576.3902233             7717
   2894.4243030378793        1.6021451345326922E-005   1237843134.2625854             7718
   2894.7993499187401        1.6019873394546617E-005   1237843692.0144999             7719
   2895.1743967996003        1.6018549970881683E-005   1237844249.6373558             7720
   2895.5494436804597        1.6016978720840413E-005   1237844807.1400294             7721
   2895.9244905613205        1.6015662013192178E-005   1237845364.5139127             7722
   2896.2995374421803        1.6014097494423653E-005   1237845921.7678800             7723
   2896.6745843230401        1.6012787533413206E-005   1237846478.8933256             7724
   2897.0496312039008        1.6011229776625969E-005   1237847035.8991225             7725
   2897.4246780847602        1.6009926593049473E-005   1237847592.7766676             7726
   2897.7997249656205        1.6008375629127459E-005   1237848149.5348320             7727
   2898.1747718464812        1.6007079253956684E-005   1237848706.1650155             7728
   2898.5498187273406        1.6005535113959650E-005   1237849262.6760871             7729
   2898.9248656082009        1.6004245578342453E-005   1237849819.0594494             7730
   2899.2999124890612        1.6002708293506478E-005   1237850375.3239698             7731
   2899.6749593699210        1.6001425628767289E-005   1237850931.4610536             7732
   2900.0500062507813        1.5999895230505274E-005   1237851487.4795659             7733
   2900.4250531316416        1.5998619468145618E-005   1237852043.3709152             7734
   2900.8001000125014        1.5997095988047788E-005   1237852599.1439648             7735
   2901.1751468933617        1.5995827159746694E-005   1237853154.7901256             7736
   2901.5501937742215        1.5994310629581064E-005   1237853710.3182595             7737
   2901.9252406550818        1.5993048767195625E-005   1237854265.7197802             7738
   2902.3002875359421        1.5991539218908480E-005   1237854821.0035470             7739
   2902.6753344168019        1.5990284354474301E-005   1237855376.1609769             7740
   2903.0503812976622        1.5988781820190659E-005   1237855931.2009275             7741
   2903.4254281785225        1.5987533985922348E-005   1237856486.1148186             7742
   2903.8004750593823        1.5986038497946502E-005   1237857040.9115055             7743
   2904.1755219402426        1.5984797726238136E-005   1237857595.5824108             7744
   2904.5505688211024        1.5983309317054083E-005   1237858150.1363888             7745
   2904.9256157019627        1.5982075640479703E-005   1237858704.5648639             7746
   2905.3006625828230        1.5980594342751646E-005   1237859258.8766890             7747
   2905.6757094636828        1.5979367794065729E-005   1237859813.0632915             7748
   2906.0507563445431        1.5977893640638539E-005   1237860367.1335220             7749
   2906.4258032254033        1.5976674252776476E-005   1237860921.0788112             7750
   2906.8008501062632        1.5975207276676172E-005   1237861474.9080071             7751
   2907.1758969871235        1.5973995082754705E-005   1237862028.6125438             7752
   2907.5509438679837        1.5972535317188918E-005   1237862582.2012675             7753
   2907.9259907488436        1.5971330350506685E-005   1237863135.6656146             7754
   2908.3010376297038        1.5969877828865159E-005   1237863689.0144300             7755
   2908.6760845105637        1.5968680122903133E-005   1237864242.2391529             7756
   2909.0511313914240        1.5967234878758175E-005   1237864795.3486261             7757
   2909.4261782722842        1.5966044467180120E-005   1237865348.3342915             7758
   2909.8012251531441        1.5964606534287078E-005   1237865901.2049901             7759
   2910.1762720340043        1.5963423450940050E-005   1237866453.9521668             7760
   2910.5513189148642        1.5961992863237774E-005   1237867006.5846610             7761
   2910.9263657957245        1.5960817142152567E-005   1237867559.0939200             7762
   2911.3014126765847        1.5959393933763889E-005   1237868111.4887817             7763
   2911.6764595574446        1.5958225609155481E-005   1237868663.7606957             7764
   2912.0515064383048        1.5956809814387692E-005   1237869215.9184983             7765
   2912.4265533191651        1.5955648920655738E-005   1237869767.9536426             7766
   2912.8016002000250        1.5954240574001004E-005   1237870319.8749621             7767
   2913.1766470808852        1.5953087145730310E-005   1237870871.6739130             7768
   2913.5516939617455        1.5951686281866165E-005   1237871423.3593276             7769
   2913.9267408426053        1.5950540353827118E-005   1237871974.9226639             7770
   2914.3017877234656        1.5949147007616932E-005   1237872526.3727529             7771
   2914.6768346043254        1.5948008614765982E-005   1237873077.7010558             7772
   2915.0518814851857        1.5946622821259396E-005   1237873628.9164011             7773
   2915.4269283660460        1.5945491998739506E-005   1237874180.0102534             7774
   2915.8019752469054        1.5944113793172912E-005   1237874730.9914393             7775
   2916.1770221277661        1.5942990576314010E-005   1237875281.8514259             7776
   2916.5520690086264        1.5941619994110991E-005   1237875832.5990381             7777
   2916.9271158894858        1.5940504418430446E-005   1237876383.2257457             7778
   2917.3021627703465        1.5939141495202254E-005   1237876933.7403724             7779
   2917.6772096512068        1.5938033596405313E-005   1237877484.1343904             7780
   2918.0522565320662        1.5936678367951311E-005   1237878034.4166212             7781
   2918.4273034129269        1.5935578181931551E-005   1237878584.5785403             7782
   2918.8023502937867        1.5934230684239648E-005   1237879134.6289678             7783
   2919.1773971746466        1.5933138247079418E-005   1237879684.5593817             7784
   2919.5524440555073        1.5931798516326528E-005   1237880234.3785996             7785
   2919.9274909363667        1.5930713864297426E-005   1237880784.0781035             7786
   2920.3025378172269        1.5929381936849907E-005   1237881333.6667085             7787
   2920.6775846980877        1.5928305106413198E-005   1237881883.1358993             7788
   2921.0526315789471        1.5926981018827354E-005   1237882432.4944899             7789
   2921.4276784598073        1.5925912046634438E-005   1237882981.7339673             7790
   2921.8027253406676        1.5924595835656874E-005   1237883530.8631442             7791
   2922.1777722215274        1.5923534758549704E-005   1237884079.8735096             7792
   2922.5528191023877        1.5922226461117817E-005   1237884628.7738750             7793
   2922.9278659832476        1.5921173316129388E-005   1237885177.5557327             7794
   2923.3029128641078        1.5919872969371833E-005   1237885726.2278914             7795
   2923.6779597449681        1.5918827793726560E-005   1237886274.7818470             7796
   2924.0530066258279        1.5917535434963664E-005   1237886823.2264061             7797
   2924.4280535066882        1.5916498266077833E-005   1237887371.5530674             7798
   2924.8031003875485        1.5915213932822001E-005   1237887919.7706361             7799
   2925.1781472684083        1.5914184808304264E-005   1237888467.8706136             7800
   2925.5531941492686        1.5912908538260463E-005   1237889015.8618031             7801
   2925.9282410301289        1.5911887495912211E-005   1237889563.7357090             7802
   2926.3032879109887        1.5910619326978379E-005   1237890111.5011327             7803
   2926.6783347918490        1.5909606404794204E-005   1237890659.1495817             7804
   2927.0533816727088        1.5908346375061677E-005   1237891206.6898553             7805
   2927.4284285535691        1.5907341611229788E-005   1237891754.1134639             7806
   2927.8034754344294        1.5906089758983767E-005   1237892301.4292054             7807
   2928.1785223152892        1.5905093191886446E-005   1237892848.6285927             7808
   2928.5535691961495        1.5903849555606375E-005   1237893395.7204223             7809
   2928.9286160770098        1.5902861223820342E-005   1237893942.6962092             7810
   2929.3036629578696        1.5901625842180348E-005   1237894489.5647490             7811
   2929.6787098387299        1.5900645784477285E-005   1237895036.3175592             7812
   2930.0537567195902        1.5899418696346651E-005   1237895582.9634335             7813
   2930.4288036004500        1.5898446951693510E-005   1237896129.4938929             7814
   2930.8038504813103        1.5897228196137056E-005   1237896675.9177287             7815
   2931.1788973621701        1.5896264803696577E-005   1237897222.2264647             7816
   2931.5539442430304        1.5895054419975056E-005   1237897768.4288909             7817
   2931.9289911238907        1.5894099419106164E-005   1237898314.5165339             7818
   2932.3040380047505        1.5892897446676713E-005   1237898860.4981818             7819
   2932.6790848856108        1.5891950876934894E-005   1237899406.3653643             7820
   2933.0541317664706        1.5890757355451470E-005   1237899952.1268675             7821
   2933.4291786473309        1.5889819256589204E-005   1237900497.7742240             7822
   2933.8042255281912        1.5888634225902957E-005   1237901043.3162184             7823
   2934.1792724090510        1.5887704637870177E-005   1237901588.7443860             7824
   2934.5543192899113        1.5886528138029888E-005   1237902134.0675094             7825
   2934.9293661707716        1.5885607100974355E-005   1237902679.2771275             7826
   2935.3044130516314        1.5884439172226867E-005   1237903224.3820205             7827
   2935.6794599324917        1.5883526726494557E-005   1237903769.3737307             7828
   2936.0545068133520        1.5882367409285133E-005   1237904314.2610364             7829
   2936.4295536942118        1.5881463595420729E-005   1237904859.0354822             7830
   2936.8046005750721        1.5880312930393499E-005   1237905403.7058454             7831
   2937.1796474559319        1.5879417789140674E-005   1237905948.2636733             7832
   2937.5546943367922        1.5878275817139025E-005   1237906492.7177417             7833
   2937.9297412176525        1.5877389389440949E-005   1237907037.0596004             7834
   2938.3047880985118        1.5876256151507921E-005   1237907581.2980235             7835
   2938.6798349793726        1.5875378478507621E-005   1237908125.4245639             7836
   2939.0548818602329        1.5874254015886329E-005   1237908669.4479938             7837
   2939.4299287410922        1.5873385138927103E-005   1237909213.3598690             7838
   2939.8049756219530        1.5872269493061100E-005   1237909757.1689606             7839
   2940.1800225028128        1.5871409453686882E-005   1237910300.8668265             7840
   2940.5550693836726        1.5870302666220610E-005   1237910844.4622364             7841
   2940.9301162645334        1.5869451506176420E-005   1237911387.9467514             7842
   2941.3051631453932        1.5868353618955571E-005   1237911931.3291388             7843
   2941.6802100262530        1.5867511380187859E-005   1237912474.6009631             7844
   2942.0552569071137        1.5866422435259736E-005   1237913017.7709897             7845
   2942.4303037879731        1.5865589159916804E-005   1237913560.8307862             7846
   2942.8053506688334        1.5864509199530789E-005   1237914103.7891161             7847
   2943.1803975496941        1.5863684929963160E-005   1237914646.6375504             7848
   2943.5554444305535        1.5862613996571046E-005   1237915189.3848503             7849
   2943.9304913114138        1.5861798775331888E-005   1237915732.0225897             7850
   2944.3055381922741        1.5860736911588263E-005   1237916274.5595286             7851
   2944.6805850731339        1.5859930781433738E-005   1237916816.9872432             7852
   2945.0556319539946        1.5858878030196421E-005   1237917359.3144925             7853
   2945.4306788348540        1.5858081034086047E-005   1237917901.5328553             7854
   2945.8057257157143        1.5857037438416419E-005   1237918443.6510887             7855
   2946.1807725965750        1.5856249619513521E-005   1237918985.6607747             7856
   2946.5558194774344        1.5855215222676920E-005   1237919527.5706687             7857
   2946.9308663582947        1.5854436624348958E-005   1237920069.3723555             7858
   2947.3059132391554        1.5853411469815071E-005   1237920611.0745885             7859
   2947.6809601200148        1.5852642135634027E-005   1237921152.6689563             7860
   2948.0560070008751        1.5851626267077220E-005   1237921694.1642101             7861
   2948.4310538817354        1.5850866240819986E-005   1237922235.5519412             7862
   2948.8061007625952        1.5849859702119732E-005   1237922776.8408997             7863
   2949.1811476434555        1.5849109027768466E-005   1237923318.0226793             7864
   2949.5561945243153        1.5848111863009691E-005   1237923859.1060283             7865
   2949.9312414051756        1.5847370584752185E-005   1237924400.0825438             7866
   2950.3062882860359        1.5846382838225650E-005   1237924940.9609728             7867
   2950.6813351668957        1.5845651000455710E-005   1237925481.7329144             7868
   2951.0563820477560        1.5844672716658372E-005   1237926022.4071143             7869
   2951.4314289286162        1.5843950363976162E-005   1237926562.9751749             7870
   2951.8064758094761        1.5842981587611538E-005   1237927103.4458396             7871
   2952.1815226903364        1.5842268764823993E-005   1237927643.8107142             7872
   2952.5565695711962        1.5841309540802491E-005   1237928184.0785403             7873
   2952.9316164520565        1.5840606292923619E-005   1237928724.2409265             7874
   2953.3066633329167        1.5839656666362937E-005   1237929264.3066132             7875
   2953.6817102137766        1.5838963038614224E-005   1237929804.2672117             7876
   2954.0567570946369        1.5838023054839704E-005   1237930344.1314602             7877
   2954.4318039754971        1.5837339092650424E-005   1237930883.8909736             7878
   2954.8068508563570        1.5836408797195387E-005   1237931423.5544882             7879
   2955.1818977372172        1.5835734546202970E-005   1237931963.1136222             7880
   2955.5569446180771        1.5834813984809072E-005   1237932502.5771101             7881
   2955.9319914989374        1.5834149490859505E-005   1237933041.9365726             7882
   2956.3070383797976        1.5833238709477131E-005   1237933581.2007427             7883
   2956.6820852606575        1.5832584018625246E-005   1237934120.3612447             7884
   2957.0571321415177        1.5831683063413785E-005   1237934659.4268095             7885
   2957.4321790223780        1.5831038221923654E-005   1237935198.3890641             7886
   2957.8072259032378        1.5830147139251906E-005   1237935737.2567382             7887
   2958.1822727840981        1.5829512193597143E-005   1237936276.0214612             7888
   2958.5573196649580        1.5828631030043619E-005   1237936814.6919620             7889
   2958.9323665458182        1.5828006026907748E-005   1237937353.2598724             7890
   2959.3074134266785        1.5827134829261067E-005   1237937891.7339194             7891
   2959.6824603075383        1.5826519815537871E-005   1237938430.1057386             7892
   2960.0575071883986        1.5825658630797059E-005   1237938968.3840549             7893
   2960.4325540692589        1.5825053653590870E-005   1237939506.5605063             7894
   2960.8076009501187        1.5824202528965695E-005   1237940044.6438169             7895
   2961.1826478309790        1.5823607635591790E-005   1237940582.6256278             7896
   2961.5576947118393        1.5822766618503093E-005   1237941120.5146608             7897
   2961.9327415926991        1.5822181856487970E-005   1237941658.3025601             7898
   2962.3077884735594        1.5821350994568015E-005   1237942195.9980462             7899
   2962.6828353544192        1.5820776411649797E-005   1237942733.5927660             7900
   2963.0578822352795        1.5819955752742576E-005   1237943271.0954387             7901
   2963.4329291161398        1.5819391396871248E-005   1237943808.4977138             7902
   2963.8079759969992        1.5818580989032854E-005   1237944345.8083088             7903
   2964.1830228778599        1.5818026908370650E-005   1237944883.0188770             7904
   2964.5580697587202        1.5817226799869546E-005   1237945420.1381333             7905
   2964.9331166395796        1.5816683042791241E-005   1237945957.1577346             7906
   2965.3081635204403        1.5815893282108612E-005   1237946494.0863941             7907
   2965.6832104013006        1.5815359897201888E-005   1237947030.9157712             7908
   2966.0582572821600        1.5814580533031957E-005   1237947567.6545780             7909
   2966.4333041630207        1.5814057569097667E-005   1237948104.2944765             7910
   2966.8083510438805        1.5813288650348021E-005   1237948640.8441780             7911
   2967.1833979247403        1.5812776156400541E-005   1237949177.2953467             7912
   2967.5584448056011        1.5812017732192424E-005   1237949713.6566923             7913
   2967.9334916864605        1.5811515757459942E-005   1237950249.9198825             7914
   2968.3085385673207        1.5810767877128584E-005   1237950786.0936251             7915
   2968.6835854481815        1.5810276471053434E-005   1237951322.1695910             7916
   2969.0586323290408        1.5809539184148353E-005   1237951858.1564860             7917
   2969.4336792099011        1.5809058396387312E-005   1237952394.0459840             7918
   2969.8087260907614        1.5808331752672614E-005   1237952929.8467898             7919
   2970.1837729716212        1.5807861633097197E-005   1237953465.5505800             7920
   2970.5588198524815        1.5807145682551898E-005   1237954001.1660573             7921
   2970.9338667333418        1.5806686281248682E-005   1237954536.6849020             7922
   2971.3089136142016        1.5805981074066982E-005   1237955072.1158149             7923
   2971.6839604950619        1.5805532441337915E-005   1237955607.4504795             7924
   2972.0590073759217        1.5804838027929538E-005   1237956142.6975949             7925
   2972.4340542567820        1.5804400214292177E-005   1237956677.8488476             7926
   2972.8091011376423        1.5803716645282655E-005   1237957212.9129350             7927
   2973.1841480185021        1.5803289701470544E-005   1237957747.8815467             7928
   2973.5591948993624        1.5802617027701491E-005   1237958282.7633786             7929
   2973.9342417802227        1.5802201004664399E-005   1237958817.5501232             7930
   2974.3092886610825        1.5801539277193796E-005   1237959352.2504749             7931
   2974.6843355419428        1.5801134226098027E-005   1237959886.8561292             7932
   2975.0593824228026        1.5800483496200573E-005   1237960421.3757789             7933
   2975.4344293036629        1.5800089468429248E-005   1237960955.8011222             7934
   2975.8094761845232        1.5799449787596561E-005   1237961490.1408513             7935
   2976.1845230653830        1.5799066834749912E-005   1237962024.3866665             7936
   2976.5595699462433        1.5798438254690873E-005   1237962558.5472586             7937
   2976.9346168271036        1.5798066428586512E-005   1237963092.6143312             7938
   2977.3096637079634        1.5797449001227533E-005   1237963626.5965734             7939
   2977.6847105888237        1.5797088353900732E-005   1237964160.4856920             7940
   2978.0597574696835        1.5796482131386016E-005   1237964694.2903740             7941
   2978.4348043505438        1.5796132715089995E-005   1237965228.0023298             7942
   2978.8098512314041        1.5795537749781841E-005   1237965761.6302447             7943
   2979.1848981122639        1.5795199616988053E-005   1237966295.1658318             7944
   2979.5599449931242        1.5794615961467119E-005   1237966828.6177750             7945
   2979.9349918739845        1.5794289164865472E-005   1237967361.9777908             7946
   2980.3100387548443        1.5793716871931055E-005   1237967895.2545612             7947
   2980.6850856357046        1.5793401464430259E-005   1237968428.4398057             7948
   2981.0601325165644        1.5792840587100537E-005   1237968961.5422051             7949
   2981.4351793974247        1.5792536621828337E-005   1237969494.5534816             7950
   2981.8102262782850        1.5791987213340638E-005   1237970027.4823143             7951
   2982.1852731591448        1.5791694743644069E-005   1237970560.3204291             7952
   2982.5603200400051        1.5791156857455168E-005   1237971093.0765030             7953
   2982.9353669208654        1.5790875936900802E-005   1237971625.7422650             7954
   2983.3104138017252        1.5790349626687170E-005   1237972158.3263910             7955
   2983.6854606825855        1.5790080309061386E-005   1237972690.8206127             7956
   2984.0605075634458        1.5789565628719424E-005   1237973223.2336040             7957
   2984.4355544443056        1.5789307968028707E-005   1237973755.5571003             7958
   2984.8106013251659        1.5788804971675033E-005   1237974287.7997739             7959
   2985.1856482060257        1.5788559022146169E-005   1237974819.9533629             7960
   2985.5606950868860        1.5788067764117836E-005   1237975352.0265388             7961
   2985.9357419677463        1.5787833580198221E-005   1237975884.0110421             7962
   2986.3107888486056        1.5787354115052988E-005   1237976415.9155426             7963
   2986.6858357294664        1.5787131751410820E-005   1237976947.7317846             7964
   2987.0608826103266        1.5786664133927399E-005   1237977479.4684358             7965
   2987.4359294911860        1.5786453645451961E-005   1237978011.1172435             7966
   2987.8109763720468        1.5785997930630237E-005   1237978542.6868742             7967
   2988.1860232529066        1.5785799372432111E-005   1237979074.1690784             7968
   2988.5610701337664        1.5785355615493455E-005   1237979605.5725207             7969
   2988.9361170146271        1.5785169042904802E-005   1237980136.8889546             7970
   2989.3111638954870        1.5784737299292207E-005   1237980668.1270437             7971
   2989.6862107763468        1.5784562767866965E-005   1237981199.2785444             7972
   2990.0612576572075        1.5784143093245383E-005   1237981730.3521185             7973
   2990.4363045380669        1.5783980658759541E-005   1237982261.3395255             7974
   2990.8113514189272        1.5783573109016046E-005   1237982792.2494256             7975
   2991.1863982997879        1.5783422827467854E-005   1237983323.0735817             7976
   2991.5614451806473        1.5783027458711904E-005   1237983853.8206525             7977
   2991.9364920615076        1.5782889386322082E-005   1237984384.4824038             7978
   2992.3115389423679        1.5782506254885746E-005   1237984915.0674930             7979
   2992.6865858232277        1.5782380448097761E-005   1237985445.5676885             7980
   2993.0616327040880        1.5782009610535948E-005   1237985975.9916468             7981
   2993.4366795849478        1.5781896126016203E-005   1237986506.3311391             7982
   2993.8117264658081        1.5781537639106883E-005   1237987036.5948203             7983
   2994.1867733466684        1.5781436533744953E-005   1237987566.7744646             7984
   2994.5618202275282        1.5781090454489375E-005   1237988096.8787255             7985
   2994.9368671083885        1.5781001785398218E-005   1237988626.8993809             7986
   2995.3119139892488        1.5780668171021094E-005   1237989156.8450820             7987
   2995.6869608701086        1.5780591995537265E-005   1237989686.7076099             7988
   2996.0620077509689        1.5780270903487063E-005   1237990216.4956148             7989
   2996.4370546318291        1.5780207279170957E-005   1237990746.2008803             7990
   2996.8121015126890        1.5779898767120033E-005   1237991275.8320553             7991
   2997.1871483935493        1.5779847751756075E-005   1237991805.3809268             7992
   2997.5621952744091        1.5779551877600953E-005   1237992334.8561420             7993
   2997.9372421552694        1.5779513529197782E-005   1237992864.2494910             7994
   2998.3122890361296        1.5779230351059298E-005   1237993393.5696192             7995
   2998.6873359169895        1.5779204727849988E-005   1237993922.8083200             7996
   2999.0623827978498        1.5778934304073524E-005   1237994451.9742379             7997
   2999.4374296787096        1.5778921464515839E-005   1237994981.0591688             7998
   2999.8124765595699        1.5778688326198052E-005   1237995510.0717556             7999
   3000.1875234404297        1.5778688326198052E-005   1237996039.0046179             8000
