  0.18752344043005376        99.903685898130576        0.0000000000000000                1
  0.56257032129016127        99.903685898130576        61365.452911591492                2
  0.93761720215026889        53.129884764178264        490923.62329273194                3
   1.3126640830103762        33.760469796010298        1065543.9617424824                4
   1.6877109638704837        23.449459517971388        1730073.0661567959                5
   2.0627578447305916        17.199403933271714        2446152.0502807708                6
   2.4378047255906989        13.095228533580574        3187677.3944807486                7
   2.8128516064508062        10.248915703702542        3936969.8356866622                8
   3.1878984873109135        8.1946687079979146        4682119.5216060365                9
   3.5629453681710213        6.6660692470815555        5415188.0550460080               10
   3.9379922490311294        5.5006343369549651        6130987.5695929499               11
   4.3130391298912363        4.5942380690631417        6826244.6632532319               12
   4.6880860107513440        3.8774711124521657        7499022.4943413455               13
   5.0631328916114517        3.3025559567250133        8148317.7637063293               14
   5.4381797724715586        2.8357148762907767        8773777.4399626292               15
   5.8132266533316663        2.4525218575621350        9375498.3261421844               16
   6.1882735341917741        2.1349674755699692        9953884.4941399675               17
   6.5633204150518809        1.8695475195621787        10509545.498218818               18
   6.9383672959119886        1.6459848787932845        11043223.551297862               19
   7.3134141767720964        1.4563549560471905        11555741.413525708               20
   7.6884610576322050        1.2944749691802058        12047965.180406265               21
   8.0635079384923127        1.1554698037015323        12520777.841497738               22
   8.4385548193524187        1.0354583982090177        12975060.654792180               23
   8.8136017002125264       0.93132391882349819        13411680.207899678               24
   9.1886485810726342       0.84054313357957289        13831479.623103902               25
   9.5636954619327419       0.76105823243128068        14235272.782152766               26
   9.9387423427928496       0.69117948903934567        14623840.748101216               27
   10.313789223652957       0.62951060763580013        14997929.779872198               28
   10.688836104513063       0.57489094301736698        15358250.494322019               29
   11.063882985373171       0.52635040067901662        15705477.847121688               30
   11.438929866233279       0.48307395723178886        16040251.689527901               31
   11.813976747093387       0.44437354434971077        16363177.721499376               32
   12.189023627953494       0.40966561544757674        16674828.708597507               33
   12.564070508813602       0.37845313170566669        16975745.865080446               34
   12.939117389673708       0.35031100972273982        17266440.331652250               35
   13.314164270533816       0.32487429896043740        17547394.695795439               36
   13.689211151393923       0.30182852555145240        17819064.517164003               37
   14.064258032254031       0.28090176564773522        18081879.831387799               38
   14.439304913114139       0.26185810737257459        18336246.613767058               39
   14.814351793974245       0.24449223363524628        18582548.190384671               40
   15.189398674834353       0.22862491427492423        18821146.588671371               41
   15.564445555694460       0.21409923948545490        19052383.822779950               42
   15.939492436554570       0.20077746029991383        19276583.111566719               43
   16.314539317414678       0.18853832839173543        19494050.028750587               44
   16.689586198274785       0.17727484827874260        19705073.586091410               45
   17.064633079134893       0.16689237150767383        19909927.251314647               46
   17.439679959995001       0.15730697549751843        20108869.903117944               47
   17.814726840855108       0.14844408019443359        20302146.725984197               48
   18.189773721715216       0.14023726409213733        20489990.047759548               49
   18.564820602575324       0.13262724795447647        20672620.123066839               50
   18.939867483435428       0.12556102004995454        20850245.865661394               51
   19.314914364295536       0.11899108117713243        21023065.532795515               52
   19.689961245155644       0.11287479139271396        21191267.364587966               53
   20.065008126015751       0.10717380332929918        21355030.181289170               54
   20.440055006875859       0.10185356944853667        21514523.941201884               55
   20.815101887735967        9.6882912583101166E-002   21669910.261888430               56
   21.190148768596075        9.2233650801874040E-002   21821342.907144111               57
   21.565195649456182        8.7880269014828719E-002   21968968.242077339               58
   21.940242530316290        8.3799630888085327E-002   22112925.658491571               59
   22.315289411176398        7.9970725611142227E-002   22253347.972619906               60
   22.690336292036505        7.6374444857071830E-002   22390361.797134716               61
   23.065383172896613        7.2993385964289365E-002   22524087.889216986               62
   23.440430053756717        6.9811677932542712E-002   22654641.476353671               63
   23.815476934616825        6.6814827314121431E-002   22782132.561409198               64
   24.190523815476933        6.3989581485971919E-002   22906666.208411638               65
   24.565570696337037        6.1323807137614567E-002   23028342.810388498               66
   24.940617577197152        5.8806382103389759E-002   23147258.340492684               67
   25.315664458057253        5.6427098919325944E-002   23263504.587568946               68
   25.690711338917367        5.4176578699859701E-002   23377169.377227724               69
   26.065758219777468        5.2046194113243453E-002   23488336.779415842               70
   26.440805100637579        5.0028000393557898E-002   23597087.303401049               71
   26.815851981497683        4.8114673460929749E-002   23703498.081022393               72
   27.190898862357795        4.6299454340805901E-002   23807643.038994275               73
   27.565945743217899        4.4576099172103201E-002   23909593.060997110               74
   27.940992624078010        4.2938834182977177E-002   24009416.140232470               75
   28.316039504938111        4.1382315088158955E-002   24107177.523073133               76
   28.691086385798226        3.9901590426490774E-002   24202939.844393421               77
   29.066133266658326        3.8492068416187505E-002   24296763.255121555               78
   29.441180147518441        3.7149486953485578E-002   24388705.542518925               79
   29.816227028378542        3.5869886425648152E-002   24478822.243653726               80
   30.191273909238657        3.4649585044253833E-002   24567166.752505977               81
   30.566320790098757        3.3485156442124325E-002   24653790.421106033               82
   30.941367670958869        3.2373409301516040E-002   24738742.655085847               83
   31.316414551818983        3.1311368811691227E-002   24822071.003990099               84
   31.691461432679084        3.0296259772038411E-002   24903821.246676065               85
   32.066508313539195        2.9325491180105887E-002   24984037.472103469               86
   32.441555194399299        2.8396642159286486E-002   25062762.155798398               87
   32.816602075259411        2.7507449097228787E-002   25140036.232254326               88
   33.191648956119515        2.6655793879750048E-002   25215899.163515888               89
   33.566695836979626        2.5839693116139175E-002   25290389.004175391               90
   33.941742717839730        2.5057288263861926E-002   25363542.462994810               91
   34.316789598699842        2.4306836569102382E-002   25435394.961353868               92
   34.691836479559946        2.3586702748292301E-002   25505980.688710637               93
   35.066883360420057        2.2895351343633605E-002   25575332.655248750               94
   35.441930241280161        2.2231339691682232E-002   25643482.741874661               95
   35.816977122140273        2.1593311450709887E-002   25710461.747716904               96
   36.192024003000377        2.0979990637500039E-002   25776299.435270283               97
   36.567070883860488        2.0390176129016852E-002   25841024.573318791               98
   36.942117764720585        1.9822736588443891E-002   25904664.977762334               99
   37.317164645580704        1.9276605779976620E-002   25967247.550463550              100
   37.692211526440801        1.8750778238210274E-002   26028798.316226389              101
   38.067258407300919        1.8244305263523768E-002   26089342.458007418              102
   38.442305288161016        1.7756291214938352E-002   26148904.350458737              103
   38.817352169021135        1.7285890077078304E-002   26207507.591891117              104
   39.192399049881232        1.6832302277767729E-002   26265175.034744423              105
   39.567445930741343        1.6394771736550490E-002   26321928.814644113              106
   39.942492811601447        1.5972583125145236E-002   26377790.378119774              107
   40.317539692461558        1.5565059323126837E-002   26432780.509056076              108
   40.692586573321663        1.5171559053249052E-002   26486919.353942946              109
   41.067633454181774        1.4791474682338107E-002   26540226.445987482              110
   41.442680335041878        1.4424230174845950E-002   26592720.728146505              111
   41.817727215901989        1.4069279187351175E-002   26644420.575135328              112
   42.192774096762093        1.3726103293083877E-002   26695343.814465187              113
   42.567820977622205        1.3394210326670089E-002   26745507.746558443              114
   42.942867858482309        1.3073132840062902E-002   26794929.163988054              115
   43.317914739342420        1.2762426661287568E-002   26843624.369885340              116
   43.692961620202524        1.2461669548407503E-002   26891609.195557255              117
   44.068008501062636        1.2170459931730654E-002   26938899.017352294              118
   44.443055381922740        1.1888415737739308E-002   26985508.772811998              119
   44.818102262782851        1.1615173288923931E-002   27031452.976142708              120
   45.193149143642948        1.1350386274026899E-002   27076745.733040702              121
   45.568196024503067        1.1093724783583834E-002   27121400.754901852              122
   45.943242905363164        1.0844874406297857E-002   27165431.372444939              123
   46.318289786223282        1.0603535381983826E-002   27208850.548776731              124
   46.693336667083379        1.0369421806858722E-002   27251670.891925517              125
   47.068383547943498        1.0142260887945648E-002   27293904.666867238              126
   47.443430428803595        9.9217922429442468E-003   27335563.807068553              127
   47.818477309663706        9.7077672426244838E-003   27376659.925568953              128
   48.193524190523810        9.4999483926880637E-003   27417204.325623263              129
   48.568571071383921        9.2981087527435127E-003   27457208.010924313              130
   48.943617952244033        9.1020313895520434E-003   27496681.695425536              131
   49.318664833104137        8.9115088626214450E-003   27535635.812780760              132
   49.693711713964248        8.7263427397251455E-003   27574080.525419120              133
   50.068758594824352        8.5463431407038996E-003   27612025.733270716              134
   50.443805475684456        8.3713283073686279E-003   27649481.082159281              135
   50.818852356544568        8.2011241981414292E-003   27686455.971875723              136
   51.193899237404679        8.0355641056567076E-003   27722959.563947123              137
   51.568946118264783        7.8744882959561838E-003   27759000.789114252              138
   51.943992999124887        7.7177436678463052E-003   27794588.354530249              139
   52.319039879984999        7.5651834312916088E-003   27829730.750692360              140
   52.694086760845110        7.4166668034123069E-003   27864436.258118525              141
   53.069133641705214        7.2720587213720381E-003   27898712.953778993              142
   53.444180522565311        7.1312295706799375E-003   27932568.717294272              143
   53.819227403425430        6.9940549283651673E-003   27966011.236908264              144
   54.194274284285541        6.8604153198729024E-003   27999048.015246727              145
   54.569321165145645        6.7301959889610949E-003   28031686.374869667              146
   54.944368046005742        6.6032866797368500E-003   28063933.463626239              147
   55.319414926865861        6.4795814303065802E-003   28095796.259820059              148
   55.694461807725972        6.3589783770699026E-003   28127281.577193242              149
   56.069508688586069        6.2413795692808976E-003   28158396.069735873              150
   56.444555569446173        6.1266907931828507E-003   28189146.236328378              151
   56.819602450306284        6.0148214050978390E-003   28219538.425223511              152
   57.194649331166403        5.9056841731063145E-003   28249578.838374037              153
   57.569696212026500        5.7991951266869604E-003   28279273.535612691              154
   57.944743092886604        5.6952734139378925E-003   28308628.438689914              155
   58.319789973746715        5.5938411659431121E-003   28337649.335175052              156
   58.694836854606827        5.4948233678959865E-003   28366341.882226434              157
   59.069883735466931        5.3981477365352250E-003   28394711.610235445              158
   59.444930616327035        5.3037446036171528E-003   28422763.926349297              159
   59.819977497187146        5.2115468051179949E-003   28450504.117877204              160
   60.195024378047258        5.1214895757065509E-003   28477937.355584752              161
   60.570071258907362        5.0335104483836953E-003   28505068.696880169              162
   60.945118139767466        4.9475491588869963E-003   28531903.088897038              163
   61.320165020627577        4.8635475546455007E-003   28558445.371477172              164
   61.695211901487689        4.7814495080374074E-003   28584700.280057393              165
   62.070258782347793        4.7012008337330678E-003   28610672.448463805              166
   62.445305663207904        4.6227492098934227E-003   28636366.411617041              167
   62.820352544068015        4.5460441030220743E-003   28661786.608151700              168
   63.195399424928119        4.4710366962929142E-003   28686937.382953197              169
   63.570446305788224        4.3976798211697397E-003   28711822.989614960              170
   63.945493186648335        4.3259278921148293E-003   28736447.592818994              171
   64.320540067508446        4.2557368443015197E-003   28760815.270642333              172
   64.695586948368543        4.1870640741127453E-003   28784930.016792361              173
   65.070633829228655        4.1198683822923268E-003   28808795.742773402              174
   65.445680710088766        4.0541099196409608E-003   28832416.279986918              175
   65.820727590948877        3.9897501351472868E-003   28855795.381767787              176
   66.195774471808974        3.9267517263350061E-003   28878936.725359060              177
   66.570821352669086        3.8650785918537445E-003   28901843.913826939              178
   66.945868233529197        3.8046957861006471E-003   28924520.477918554              179
   67.320915114389308        3.7455694757913007E-003   28946969.877864178              180
   67.695961995249405        3.6876668984470650E-003   28969195.505125880              181
   68.071008876109516        3.6309563226140595E-003   28991200.684094626              182
   68.446055756969628        3.5754070097903665E-003   29012988.673737355              183
   68.821102637829739        3.5209891779826772E-003   29034562.669195827              184
   69.196149518689836        3.4676739667756028E-003   29055925.803338971              185
   69.571196399549933        3.4154334038761763E-003   29077081.148270197              186
   69.946243280410059        3.3642403730268764E-003   29098031.716791250              187
   70.321290161270170        3.3140685832931229E-003   29118780.463823866              188
   70.696337042130267        3.2648925395731988E-003   29139330.287791021              189
   71.071383922990364        3.2166875143319509E-003   29159684.031958718              190
   71.446430803850475        3.1694295204960773E-003   29179844.485739809              191
   71.821477684710601        3.1230952854308519E-003   29199814.385961141              192
   72.196524565570698        3.0776622259713121E-003   29219596.418095063              193
   72.571571446430795        3.0331084244599100E-003   29239193.217456549              194
   72.946618327290906        2.9894126057471958E-003   29258607.370367069              195
   73.321665208151018        2.9465541150723064E-003   29277841.415286288              196
   73.696712089011129        2.9045128968648070E-003   29296897.843912490              197
   74.071758969871226        2.8632694743244325E-003   29315779.102252953              198
   74.446805850731337        2.8228049298593370E-003   29334487.591664925              199
   74.821852731591449        2.7831008862255952E-003   29353025.669868540              200
   75.196899612451560        2.7441394884244736E-003   29371395.651932131              201
   75.571946493311657        2.7059033863197687E-003   29389599.811231036              202
   75.946993374171768        2.6683757178640570E-003   29407640.380380824              203
   76.322040255031879        2.6315400930031932E-003   29425519.552145466              204
   76.697087135891991        2.5953805781931171E-003   29443239.480321348              205
   77.072134016752088        2.5598816814769881E-003   29460802.280598048              206
   77.447180897612199        2.5250283381371224E-003   29478210.031396270              207
   77.822227778472310        2.4908058968671548E-003   29495464.774683896              208
   78.197274659332422        2.4572001064954198E-003   29512568.516770583              209
   78.572321540192519        2.4241971031430344E-003   29529523.229081888              210
   78.947368421052630        2.3917833979065881E-003   29546330.848913163              211
   79.322415301912741        2.3599458649587661E-003   29562993.280164134              212
   79.697462182772838        2.3286717300804167E-003   29579512.394054547              213
   80.072509063632950        2.2979485596480854E-003   29595890.029821463              214
   80.447555944493061        2.2677642499629750E-003   29612127.995398950              215
   80.822602825353172        2.2381070170070338E-003   29628228.068080395              216
   81.197649706213269        2.2089653865385384E-003   29644191.995164163              217
   81.572696587073381        2.1803281845525968E-003   29660021.494582985              218
   81.947743467933492        2.1521845280791361E-003   29675718.255517598              219
   82.322790348793603        2.1245238162906528E-003   29691283.938995093              220
   82.697837229653700        2.0973357219494838E-003   29706720.178472344              221
   83.072884110513812        2.0706101831152808E-003   29722028.580405120              222
   83.447930991373923        2.0443373951803761E-003   29737210.724803004              223
   83.822977872234034        2.0185078031502075E-003   29752268.165770877              224
   84.198024753094131        1.9931120942032689E-003   29767202.432037055              225
   84.573071633954243        1.9681411904973584E-003   29782015.027468607              226
   84.948118514814354        1.9435862422421946E-003   29796707.431574125              227
   85.323165395674465        1.9194386209729351E-003   29811281.099994492              228
   85.698212276534562        1.8956899130754782E-003   29825737.464981705              229
   86.073259157394673        1.8723319135330319E-003   29840077.935866270              230
   86.448306038254785        1.8493566198573962E-003   29854303.899513505              231
   86.823352919114896        1.8267562262438250E-003   29868416.720768921              232
   87.198399799974993        1.8045231179125943E-003   29882417.742893074              233
   87.573446680835104        1.7826498656457357E-003   29896308.287986189              234
   87.948493561695216        1.7611292204749247E-003   29910089.657402854              235
   88.323540442555327        1.7399541085895583E-003   29923763.132156853              236
   88.698587323415424        1.7191176263647960E-003   29937329.973316751              237
   89.073634204275535        1.6986130355806002E-003   29950791.422392175              238
   89.448681085135647        1.6784337587884965E-003   29964148.701711163              239
   89.823727965995744        1.6585733748164604E-003   29977403.014788922              240
   90.198774846855855        1.6390256144274283E-003   29990555.546687998              241
   90.573821727715966        1.6197843561272093E-003   30003607.464370236              242
   90.948868608576078        1.6008436220764858E-003   30016559.917040814              243
   91.323915489436175        1.5821975741553702E-003   30029414.036484368              244
   91.698962370296286        1.5638405101515832E-003   30042170.937393516              245
   92.074009251156397        1.5457668600532598E-003   30054831.717690080              246
   92.449056132016509        1.5279711824654912E-003   30067397.458838992              247
   92.824103012876606        1.5104481611523772E-003   30079869.226155214              248
   93.199149893736717        1.4931926016510510E-003   30092248.069103878              249
   93.574196774596828        1.4761994280322334E-003   30104535.021593660              250
   93.949243655456939        1.4594636797299625E-003   30116731.102263756              251
   94.324290536317037        1.4429805084745829E-003   30128837.314764511              252
   94.699337417177148        1.4267451753315937E-003   30140854.648031838              253
   95.074384298037259        1.4107530478176496E-003   30152784.076555699              254
   95.449431178897370        1.3949995971046258E-003   30164626.560642716              255
   95.824478059757467        1.3794803953142019E-003   30176383.046673063              256
   96.199524940617565        1.3641911128878380E-003   30188054.467351809              257
   96.574571821477690        1.3491275160375895E-003   30199641.741954830              258
   96.949618702337801        1.3342854642744248E-003   30211145.776569463              259
   97.324665583197898        1.3196609080077589E-003   30222567.464329991              260
   97.699712464057995        1.3052498862099250E-003   30233907.685648110              261
   98.074759344918121        1.2910485241627401E-003   30245167.308438484              262
   98.449806225778232        1.2770530312581276E-003   30256347.188339524              263
   98.824853106638329        1.2632596988706630E-003   30267448.168929543              264
   99.199899987498426        1.2496648982816194E-003   30278471.081938323              265
   99.574946868358552        1.2362650786787667E-003   30289416.747454233              266
   99.949993749218649        1.2230567651951708E-003   30300285.974127106              267
   100.32504063007876        1.2100365570219631E-003   30311079.559366755              268
   100.70008751093886        1.1972011255658472E-003   30321798.289537501              269
   101.07513439179897        1.1845472126534610E-003   30332442.940148633              270
   101.45018127265908        1.1720716288035836E-003   30343014.276040900              271
   101.82522815351919        1.1597712515283045E-003   30353513.051569238              272
   102.20027503437929        1.1476430237023023E-003   30363940.010781717              273
   102.57532191523941        1.1356839519564904E-003   30374295.887594860              274
   102.95036879609951        1.1238911051340637E-003   30384581.405965388              275
   103.32541567695962        1.1122616127862640E-003   30394797.280058470              276
   103.70046255781972        1.1007926636949755E-003   30404944.214412645              277
   104.07550943867984        1.0894815044602932E-003   30415022.904101294              278
   104.45055631953994        1.0783254381072430E-003   30425034.034891017              279
   104.82560320040005        1.0673218227412453E-003   30434978.283396762              280
   105.20065008126016        1.0564680702314462E-003   30444856.317233883              281
   105.57569696212028        1.0457616449451855E-003   30454668.795167141              282
   105.95074384298037        1.0352000625001251E-003   30464416.367256835              283
   106.32579072384047        1.0247808885606052E-003   30474099.675002005              284
   106.70083760470058        1.0145017376575341E-003   30483719.351480804              285
   107.07588448556071        1.0043602720516433E-003   30493276.021488138              286
   107.45093136642080        9.9435420062176901E-004   30502770.301670585              287
   107.82597824728090        9.8448127777550740E-004   30512202.800658777              288
   108.20102512814103        9.7473930240148717E-004   30521574.119197108              289
   108.57607200900114        9.6512611683804159E-004   30530884.850270987              290
   108.95111888986123        9.5563960587986623E-004   30540135.579231620              291
   109.32616577072133        9.4627769580108562E-004   30549326.883918386              292
   109.70121265158144        9.3703835341030705E-004   30558459.334778909              293
   110.07625953244157        9.2791958512900225E-004   30567533.494986780              294
   110.45130641330167        9.1891943608569016E-004   30576549.920557100              295
   110.82635329416176        9.1003598925261994E-004   30585509.160459727              296
   111.20140017502189        9.0126736458474323E-004   30594411.756730519              297
   111.57644705588199        8.9261171819197233E-004   30603258.244580358              298
   111.95149393674210        8.8406724152695695E-004   30612049.152502198              299
   112.32654081760219        8.7563216060441735E-004   30620785.002376053              300
   112.70158769846229        8.6730473522251455E-004   30629466.309572086              301
   113.07663457932242        8.5908325822028008E-004   30638093.583051704              302
   113.45168146018253        8.5096605474769215E-004   30646667.325466830              303
   113.82672834104262        8.4295148155292935E-004   30655188.033257328              304
   114.20177522190275        8.3503792628475718E-004   30663656.196746606              305
   114.57682210276285        8.2722380682443114E-004   30672072.300235476              306
   114.95186898362296        8.1950757062184299E-004   30680436.822094288              307
   115.32691586448306        8.1188769405093149E-004   30688750.234853391              308
   115.70196274534315        8.0436268178687574E-004   30697013.005291931              309
   116.07700962620328        7.9693106619277106E-004   30705225.594525032              310
   116.45205650706339        7.8959140671994567E-004   30713388.458089411              311
   116.82710338792349        7.8234228933544102E-004   30721502.046027407              312
   117.20215026878361        7.7518232594607755E-004   30729566.802969579              313
   117.57719714964371        7.6811015384677464E-004   30737583.168215726              314
   117.95224403050381        7.6112443518450851E-004   30745551.575814508              315
   118.32729091136392        7.5422385642755945E-004   30753472.454641636              316
   118.70233779222401        7.4740712785158301E-004   30761346.228476670              317
   119.07738467308414        7.4067298304062378E-004   30769173.316078447              318
   119.45243155394424        7.3402017839485699E-004   30776954.131259173              319
   119.82747843480435        7.2744749265234816E-004   30784689.082957231              320
   120.20252531566447        7.2095372642766258E-004   30792378.575308658              321
   120.57757219652457        7.1453770174923718E-004   30800023.007717453              322
   120.95261907738467        7.0819826162006930E-004   30807622.774924539              323
   121.32766595824478        7.0193426958023929E-004   30815178.267075632              324
   121.70271283910488        6.9574460928673520E-004   30822689.869787849              325
   122.07775971996500        6.8962818409775773E-004   30830157.964215204              326
   122.45280660082510        6.8358391666784653E-004   30837582.927112985              327
   122.82785348168520        6.7761074855634510E-004   30844965.130900953              328
   123.20290036254532        6.7170763983743738E-004   30852304.943725545              329
   123.57794724340543        6.6587356872768581E-004   30859602.729520928              330
   123.95299412426553        6.6010753121675532E-004   30866858.848069049              331
   124.32804100512563        6.5440854070859930E-004   30874073.655058675              332
   124.70308788598575        6.4877562767001696E-004   30881247.502143402              333
   125.07813476684586        6.4320783928841787E-004   30888380.736998681              334
   125.45318164770596        6.3770423913641239E-004   30895473.703377899              335
   125.82822852856609        6.3226390684518118E-004   30902526.741167501              336
   126.20327540942618        6.2688593778339281E-004   30909540.186441187              337
   126.57832229028629        6.2156944274763520E-004   30916514.371513203              338
   126.95336917114639        6.1631354764989945E-004   30923449.624990758              339
   127.32841605200649        6.1111739322940498E-004   30930346.271825492              340
   127.70346293286661        6.0598013475002678E-004   30937204.633364230              341
   128.07850981372673        6.0090094172395969E-004   30944025.027398728              342
   128.45355669458681        5.9587899762556743E-004   30950807.768214747              343
   128.82860357544695        5.9091349962459407E-004   30957553.166640192              344
   129.20365045630706        5.8600365831498475E-004   30964261.530092556              345
   129.57869733716714        5.8114869745633062E-004   30970933.162625533              346
   129.95374421802725        5.7634785371833263E-004   30977568.364974882              347
   130.32879109888736        5.7160037643294364E-004   30984167.434603535              348
   130.70383797974748        5.6690552734885375E-004   30990730.665745992              349
   131.07888486060759        5.6226258039219340E-004   30997258.349452000              350
   131.45393174146767        5.5767082143615685E-004   31003750.773629460              351
   131.82897862232781        5.5312954807137135E-004   31010208.223086733              352
   132.20402550318789        5.4863806937949786E-004   31016630.979574222              353
   132.57907238404800        5.4419570572277257E-004   31023019.321825232              354
   132.95411926490812        5.3980178852201127E-004   31029373.525596321              355
   133.32916614576820        5.3545566005166816E-004   31035693.863706842              356
   133.70421302662834        5.3115667323650395E-004   31041980.606077962              357
   134.07925990748845        5.2690419144833832E-004   31048234.019771028              358
   134.45430678834853        5.2269758831169659E-004   31054454.369025335              359
   134.82935366920867        5.1853624751208873E-004   31060641.915295258              360
   135.20440055006875        5.1441956260874031E-004   31066796.917286873              361
   135.57944743092887        5.1034693685119109E-004   31072919.630993914              362
   135.95449431178898        5.0631778299847199E-004   31079010.309733268              363
   136.32954119264906        5.0233152314359860E-004   31085069.204179808              364
   136.70458807350920        4.9838758854194552E-004   31091096.562400769              365
   137.07963495436928        4.9448541944316848E-004   31097092.629889529              366
   137.45468183522939        4.9062446492470491E-004   31103057.649598915              367
   137.82972871608953        4.8680418272957314E-004   31108991.861973967              368
   138.20477559694962        4.8302403911137573E-004   31114895.504984181              369
   138.57982247780973        4.7928350867627162E-004   31120768.814155292              370
   138.95486935866984        4.7558207423267150E-004   31126612.022600550              371
   139.32991623952992        4.7191922664281135E-004   31132425.361051515              372
   139.70496312039006        4.6829446467596254E-004   31138209.057888392              373
   140.08001000125014        4.6470729486732188E-004   31143963.339169886              374
   140.45505688211026        4.6115723137727565E-004   31149688.428662632              375
   140.83010376297037        4.5764379585532672E-004   31155384.547870133              376
   141.20515064383048        4.5416651730665724E-004   31161051.916061319              377
   141.58019752469059        4.5072493196008588E-004   31166690.750298634              378
   141.95524440555067        4.4731858313826022E-004   31172301.265465714              379
   142.33029128641078        4.4394702113575638E-004   31177883.674294621              380
   142.70533816727092        4.4060980309019841E-004   31183438.187392745              381
   143.08038504813101        4.3730649286646855E-004   31188965.013269205              382
   143.45543192899112        4.3403666093470053E-004   31194464.358360946              383
   143.83047880985123        4.3079988425660977E-004   31199936.427058376              384
   144.20552569071134        4.2759574616870263E-004   31205381.421730686              385
   144.58057257157145        4.2442383627400550E-004   31210799.542750731              386
   144.95561945243153        4.2128375033136290E-004   31216190.988519616              387
   145.33066633329167        4.1817509014764782E-004   31221555.955490850              388
   145.70571321415179        4.1509746347387973E-004   31226894.638194200              389
   146.08076009501187        4.1205048390091306E-004   31232207.229259156              390
   146.45580697587201        4.0903377076095338E-004   31237493.919438083              391
   146.83085385673209        4.0604694902587576E-004   31242754.897629011              392
   147.20590073759220        4.0308964921239394E-004   31247990.350898132              393
   147.58094761845231        4.0016150728563224E-004   31253200.464501910              394
   147.95599449931240        3.9726216456598357E-004   31258385.421908934              395
   148.33104138017254        3.9439126763856166E-004   31263545.404821403              396
   148.70608826103262        3.9154846826435034E-004   31268680.593196347              397
   149.08113514189273        3.8873342328815794E-004   31273791.165266529              398
   149.45618202275287        3.8594579455800615E-004   31278877.297561001              399
   149.83122890361295        3.8318524883663877E-004   31283939.164925449              400
   150.20627578447306        3.8045145772004759E-004   31288976.940542184              401
   150.58132266533318        3.7774409755638708E-004   31293990.795949869              402
   150.95636954619326        3.7506284936575281E-004   31298980.901062980              403
   151.33141642705340        3.7240739876082704E-004   31303947.424190965              404
   151.70646330791348        3.6977743587282097E-004   31308890.532057136              405
   152.08151018877359        3.6717265527493552E-004   31313810.389817335              406
   152.45655706963370        3.6459275590657871E-004   31318707.161078274              407
   152.83160395049381        3.6203744100378980E-004   31323581.007915683              408
   153.20665083135393        3.5950641802663674E-004   31328432.090892132              409
   153.58169771221401        3.5699939858965368E-004   31333260.569074675              410
   153.95674459307412        3.5451609839433140E-004   31338066.600052200              411
   154.33179147393426        3.5205623715984380E-004   31342850.339952573              412
   154.70683835479434        3.4961953855910260E-004   31347611.943459500              413
   155.08188523565445        3.4720573015306768E-004   31352351.563829191              414
   155.45693211651457        3.4481454332868021E-004   31357069.352906801              415
   155.83197899737468        3.4244571323470256E-004   31361765.461142611              416
   156.20702587823479        3.4009897872023674E-004   31366440.037608005              417
   156.58207275909487        3.3777408227814057E-004   31371093.230011228              418
   156.95711963995498        3.3547076998226294E-004   31375725.184712932              419
   157.33216652081509        3.3318879143210041E-004   31380336.046741493              420
   157.70721340167520        3.3092789969393281E-004   31384925.959808160              421
   158.08226028253532        3.2868785124807868E-004   31389495.066321928              422
   158.45730716339543        3.2646840593008632E-004   31394043.507404286              423
   158.83235404425554        3.2426932688215136E-004   31398571.422903705              424
   159.20740092511565        3.2209038049497117E-004   31403078.951409977              425
   159.58244780597573        3.1993133636075741E-004   31407566.230268326              426
   159.95749468683584        3.1779196721896935E-004   31412033.395593364              427
   160.33254156769596        3.1567204890840133E-004   31416480.582282808              428
   160.70758844855607        3.1357136031646027E-004   31420907.924031071              429
   161.08263532941618        3.1148968333355074E-004   31425315.553342629              430
   161.45768221027629        3.0942680280287806E-004   31429703.601545248              431
   161.83272909113640        3.0738250647587082E-004   31434072.198802978              432
   162.20777597199651        3.0535658496755704E-004   31438421.474129047              433
   162.58282285285659        3.0334883170790019E-004   31442751.555398546              434
   162.95786973371671        3.0135904290230227E-004   31447062.569360912              435
   163.33291661457682        2.9938701748571711E-004   31451354.641652331              436
   163.70796349543693        2.9743255708077803E-004   31455627.896807894              437
   164.08301037629704        2.9549546595635738E-004   31459882.458273649              438
   164.45805725715715        2.9357555098688429E-004   31464118.448418472              439
   164.83310413801726        2.9167262161160798E-004   31468335.988545787              440
   165.20815101887734        2.8978648979448589E-004   31472535.198905140              441
   165.58319789973746        2.8791696998655829E-004   31476716.198703606              442
   165.95824478059760        2.8606387908822612E-004   31480879.106117055              443
   166.33329166145768        2.8422703640989833E-004   31485024.038301300              444
   166.70833854231779        2.8240626363568893E-004   31489151.111403059              445
   167.08338542317790        2.8060138478881291E-004   31493260.440570783              446
   167.45843230403801        2.7881222619366533E-004   31497352.139965378              447
   167.83347918489812        2.7703861644345445E-004   31501426.322770748              448
   168.20852606575821        2.7528038636331090E-004   31505483.101204239              449
   168.58357294661832        2.7353736897813621E-004   31509522.586526927              450
   168.95861982747843        2.7180939947915020E-004   31513544.889053758              451
   169.33366670833854        2.7009631519080661E-004   31517550.118163615              452
   169.70871358919865        2.6839795553911981E-004   31521538.382309210              453
   170.08376047005876        2.6671416202008044E-004   31525509.789026853              454
   170.45880735091887        2.6504477816926891E-004   31529464.444946110              455
   170.83385423177899        2.6338964952981394E-004   31533402.455799371              456
   171.20890111263907        2.6174862362475396E-004   31537323.926431220              457
   171.58394799349918        2.6012154992531735E-004   31541228.960807752              458
   171.95899487435929        2.5850827982363189E-004   31545117.662025753              459
   172.33404175521940        2.5690866660354951E-004   31548990.132321764              460
   172.70908863607951        2.5532256541331268E-004   31552846.473081023              461
   173.08413551693963        2.5374983323722911E-004   31556686.784846321              462
   173.45918239779974        2.5219032886883566E-004   31560511.167326733              463
   173.83422927865982        2.5064391288534896E-004   31564319.719406210              464
   174.20927615951993        2.4911044762028180E-004   31568112.539152138              465
   174.58432304038004        2.4758979713810215E-004   31571889.723823711              466
   174.95936992124015        2.4608182720947517E-004   31575651.369880259              467
   175.33441680210026        2.4458640528605703E-004   31579397.572989445              468
   175.70946368296038        2.4310340047544387E-004   31583128.428035367              469
   176.08451056382049        2.4163268351910379E-004   31586844.029126562              470
   176.45955744468060        2.4017412676543003E-004   31590544.469603926              471
   176.83460432554068        2.3872760415059478E-004   31594229.842048492              472
   177.20965120640079        2.3729299117195544E-004   31597900.238289185              473
   177.58469808726090        2.3587016486769974E-004   31601555.749410406              474
   177.95974496812102        2.3445900379480997E-004   31605196.465759583              475
   178.33479184898113        2.3305938800594259E-004   31608822.476954602              476
   178.70983872984124        2.3167119902918373E-004   31612433.871891152              477
   179.08488561070135        2.3029431984610867E-004   31616030.738749988              478
   179.45993249156146        2.2892863487214882E-004   31619613.165004093              479
   179.83497937242154        2.2757402993551950E-004   31623181.237425778              480
   180.21002625328165        2.2623039225712750E-004   31626735.042093668              481
   180.58507313414177        2.2489761043104775E-004   31630274.664399631              482
   180.96012001500188        2.2357557440506981E-004   31633800.189055603              483
   181.33516689586199        2.2226417546174120E-004   31637311.700100340              484
   181.71021377672207        2.2096330619893008E-004   31640809.280906104              485
   182.08526065758221        2.1967286051275092E-004   31644293.014185231              486
   182.46030753844232        2.1839273357764560E-004   31647762.981996674              487
   182.83535441930240        2.1712282182984320E-004   31651219.265752416              488
   183.21040130016252        2.1586302294902466E-004   31654661.946223855              489
   183.58544818102263        2.1461323584098940E-004   31658091.103548072              490
   183.96049506188274        2.1337336062098557E-004   31661506.817234062              491
   184.33554194274285        2.1214329859675106E-004   31664909.166168846              492
   184.71058882360293        2.1092295225165949E-004   31668298.228623573              493
   185.08563570446307        2.0971222522948082E-004   31671674.082259495              494
   185.46068258532316        2.0851102231641535E-004   31675036.804133914              495
   185.83572946618327        2.0731924942781334E-004   31678386.470706016              496
   186.21077634704338        2.0613681359014888E-004   31681723.157842673              497
   186.58582322790349        2.0496362292853496E-004   31685046.940824177              498
   186.96087010876360        2.0379958664848064E-004   31688357.894349888              499
   187.33591698962371        2.0264461502371165E-004   31691656.092543814              500
   187.71096387048382        2.0149861938092176E-004   31694941.608960159              501
   188.08601075134393        2.0036151208413489E-004   31698214.516588781              502
   188.46105763220402        1.9923320652295292E-004   31701474.887860581              503
   188.83610451306413        1.9811361709576680E-004   31704722.794652864              504
   189.21115139392424        1.9700265919916527E-004   31707958.308294587              505
   189.58619827478435        1.9590024921208187E-004   31711181.499571607              506
   189.96124515564446        1.9480630448322979E-004   31714392.438731827              507
   190.33629203650455        1.9372074331854968E-004   31717591.195490293              508
   190.71133891736469        1.9264348496798086E-004   31720777.839034241              509
   191.08638579822480        1.9157444961230072E-004   31723952.438028071              510
   191.46143267908488        1.9051355835219522E-004   31727115.060618289              511
   191.83647955994499        1.8946073319333888E-004   31730265.774438377              512
   192.21152644080510        1.8841589703758616E-004   31733404.646613609              513
   192.58657332166521        1.8737897366764950E-004   31736531.743765805              514
   192.96162020252532        1.8634988773856827E-004   31739647.132018052              515
   193.33666708338541        1.8532856476379412E-004   31742750.876999371              516
   193.71171396424555        1.8431493110468536E-004   31745843.043849304              517
   194.08676084510566        1.8330891395941095E-004   31748923.697222468              518
   194.46180772596574        1.8231044135169668E-004   31751992.901293073              519
   194.83685460682585        1.8131944212042953E-004   31755050.719759353              520
   195.21190148768596        1.8033584590770082E-004   31758097.215848010              521
   195.58694836854608        1.7935958315000330E-004   31761132.452318516              522
   195.96199524940619        1.7839058506635241E-004   31764156.491467454              523
   196.33704213026630        1.7742878364886559E-004   31767169.395132780              524
   196.71208901112641        1.7647411165201582E-004   31770171.224698015              525
   197.08713589198649        1.7552650258344929E-004   31773162.041096415              526
   197.46218277284660        1.7458589069371997E-004   31776141.904815108              527
   197.83722965370671        1.7365221096717285E-004   31779110.875899147              528
   198.21227653456680        1.7272539911143608E-004   31782069.013955560              529
   198.58732341542691        1.7180539154903690E-004   31785016.378157325              530
   198.96237029628702        1.7089212540741881E-004   31787953.027247313              531
   199.33741717714716        1.6998553851066094E-004   31790879.019542195              532
   199.71246405800727        1.6908556936993851E-004   31793794.412936281              533
   200.08751093886735        1.6819215717454818E-004   31796699.264905371              534
   200.46255781972746        1.6730524178407586E-004   31799593.632510487              535
   200.83760470058758        1.6642476371866009E-004   31802477.572401647              536
   201.21265158144766        1.6555066415174661E-004   31805351.140821531              537
   201.58769846230777        1.6468288490060644E-004   31808214.393609148              538
   201.96274534316791        1.6382136841886765E-004   31811067.386203442              539
   202.33779222402802        1.6296605778859429E-004   31813910.173646875              540
   202.71283910488813        1.6211689671163330E-004   31816742.810588956              541
   203.08788598574822        1.6127382950190727E-004   31819565.351289764              542
   203.46293286660833        1.6043680107830920E-004   31822377.849623371              543
   203.83797974746844        1.5960575695678379E-004   31825180.359081298              544
   204.21302662832852        1.5878064324192792E-004   31827972.932775907              545
   204.58807350918863        1.5796140662102537E-004   31830755.623443723              546
   204.96312039004874        1.5714799435566875E-004   31833528.483448785              547
   205.33816727090888        1.5634035427525793E-004   31836291.564785909              548
   205.71321415176897        1.5553843476899117E-004   31839044.919083953              549
   206.08826103262908        1.5474218478027084E-004   31841788.597608998              550
   206.46330791348919        1.5395155379848433E-004   31844522.651267573              551
   206.83835479434927        1.5316649185236842E-004   31847247.130609769              552
   207.21340167520938        1.5238694950458269E-004   31849962.085832354              553
   207.58844855606952        1.5161287784347079E-004   31852667.566781871              554
   207.96349543692963        1.5084422847729413E-004   31855363.622957677              555
   208.33854231778975        1.5008095352790984E-004   31858050.303514957              556
   208.71358919864983        1.4932300562441481E-004   31860727.657267712              557
   209.08863607950994        1.4857033789650859E-004   31863395.732691720              558
   209.46368296037005        1.4782290396866152E-004   31866054.577927448              559
   209.83872984123013        1.4708065795428248E-004   31868704.240782958              560
   210.21377672209024        1.4634355444894805E-004   31871344.768736765              561
   210.58882360295036        1.4561154852517870E-004   31873976.208940670              562
   210.96387048381050        1.4488459572670778E-004   31876598.608222559              563
   211.33891736467061        1.4416265206211953E-004   31879212.013089199              564
   211.71396424553069        1.4344567399957996E-004   31881816.469728958              565
   212.08901112639080        1.4273361846152147E-004   31884412.024014555              566
   212.46405800725091        1.4202644281812276E-004   31886998.721505735              567
   212.83910488811100        1.4132410488327095E-004   31889576.607451916              568
   213.21415176897111        1.4062656290846022E-004   31892145.726794865              569
   213.58919864983125        1.3993377557694901E-004   31894706.124171283              570
   213.96424553069136        1.3924570200000912E-004   31897257.843915381              571
   214.33929241155147        1.3856230171038986E-004   31899800.930061463              572
   214.71433929241155        1.3788353465784818E-004   31902335.426346440              573
   215.08938617327166        1.3720936120460730E-004   31904861.376212340              574
   215.46443305413177        1.3653974211918243E-004   31907378.822808791              575
   215.83947993499186        1.3587463857305725E-004   31909887.808995474              576
   216.21452681585197        1.3521401213434844E-004   31912388.377344549              577
   216.58957369671208        1.3455782476464123E-004   31914880.570143074              578
   216.96462057757222        1.3390603881279934E-004   31917364.429395374              579
   217.33966745843230        1.3325861701150794E-004   31919839.996825412              580
   217.71471433929241        1.3261552247211054E-004   31922307.313879121              581
   218.08976122015252        1.3197671868032140E-004   31924766.421726700              582
   218.46480810101261        1.3134216949215954E-004   31927217.361264922              583
   218.83985498187272        1.3071183912891988E-004   31929660.173119396              584
   219.21490186273283        1.3008569217307436E-004   31932094.897646811              585
   219.58994874359297        1.2946369356421411E-004   31934521.574937150              586
   219.96499562445308        1.2884580859520093E-004   31936940.244815882              587
   220.34004250531316        1.2823200290715495E-004   31939350.946846168              588
   220.71508938617328        1.2762224248602370E-004   31941753.720330987              589
   221.09013626703339        1.2701649365840051E-004   31944148.604315303              590
   221.46518314789347        1.2641472308751588E-004   31946535.637588136              591
   221.84023002875358        1.2581689776927524E-004   31948914.858684689              592
   222.21527690961369        1.2522298502863516E-004   31951286.305888411              593
   222.59032379047378        1.2463295251543928E-004   31953650.017233044              594
   222.96537067133394        1.2404676820096960E-004   31956006.030504663              595
   223.34041755219403        1.2346440037410634E-004   31958354.383243691              596
   223.71546443305414        1.2288581763747770E-004   31960695.112746872              597
   224.09051131391425        1.2231098890431953E-004   31963028.256069262              598
   224.46555819477433        1.2173988339449904E-004   31965353.850026190              599
   224.84060507563444        1.2117247063112307E-004   31967671.931195181              600
   225.21565195649455        1.2060872043676892E-004   31969982.535917863              601
   225.59069883735469        1.2004860293057014E-004   31972285.700301889              602
   225.96574571821481        1.1949208852464419E-004   31974581.460222799              603
   226.34079259907489        1.1893914792080265E-004   31976869.851325892              604
   226.71583947993500        1.1838975210663529E-004   31979150.909028061              605
   227.09088636079511        1.1784387235338642E-004   31981424.668519624              606
   227.46593324165519        1.1730148021182693E-004   31983691.164766140              607
   227.84098012251530        1.1676254750917121E-004   31985950.432510186              608
   228.21602700337542        1.1622704634660613E-004   31988202.506273139              609
   228.59107388423556        1.1569494909541205E-004   31990447.420356933              610
   228.96612076509564        1.1516622839451732E-004   31992685.208845802              611
   229.34116764595575        1.1464085714667945E-004   31994915.905608006              612
   229.71621452681586        1.1411880851669142E-004   31997139.544297528              613
   230.09126140767594        1.1360005592746510E-004   31999356.158355765              614
   230.46630828853606        1.1308457305753668E-004   32001565.781013224              615
   230.84135516939617        1.1257233383812352E-004   32003768.445291165              616
   231.21640205025631        1.1206331245044383E-004   32005964.184003241              617
   231.59144893111642        1.1155748332239590E-004   32008153.029757146              618
   231.96649581197650        1.1105482112674963E-004   32010335.014956210              619
   232.34154269283661        1.1055530077764475E-004   32012510.171801001              620
   232.71658957369672        1.1005889742793036E-004   32014678.532290921              621
   233.09163645455681        1.0956558646720812E-004   32016840.128225747              622
   233.46668333541692        1.0907534351830689E-004   32018994.991207231              623
   233.84173021627703        1.0858814443551949E-004   32021143.152640581              624
   234.21677709713711        1.0810396530134563E-004   32023284.643736027              625
   234.59182397799728        1.0762278242442827E-004   32025419.495510332              626
   234.96687085885736        1.0714457233693085E-004   32027547.738788258              627
   235.34191773971747        1.0666931179214870E-004   32029669.404204082              628
   235.71696462057758        1.0619697776201827E-004   32031784.522203039              629
   236.09201150143767        1.0572754743472769E-004   32033893.123042803              630
   236.46705838229778        1.0526099821203468E-004   32035995.236794911              631
   236.84210526315789        1.0479730770787407E-004   32038090.893346190              632
   237.21715214401803        1.0433645374478895E-004   32040180.122400191              633
   237.59219902487811        1.0387841435280463E-004   32042262.953478571              634
   237.96724590573822        1.0342316776615750E-004   32044339.415922504              635
   238.34229278659834        1.0297069242215490E-004   32046409.538894031              636
   238.71733966745842        1.0252096695796570E-004   32048473.351377450              637
   239.09238654831853        1.0207397020906994E-004   32050530.882180661              638
   239.46743342917864        1.0162968120688423E-004   32052582.159936491              639
   239.84248031003875        1.0118807917677005E-004   32054627.213104039              640
   240.21752719089883        1.0074914353596516E-004   32056666.069969993              641
   240.59257407175897        1.0031285389099683E-004   32058698.758649923              642
   240.96762095261909        9.9879190036664028E-005   32060725.307089571              643
   241.34266783347920        9.9448131953125347E-005   32062745.743066147              644
   241.71771471433928        9.9019659804291073E-005   32064760.094189569              645
   242.09276159519939        9.8593753935818232E-005   32066768.387903757              646
   242.46780847605950        9.8170394873123217E-005   32068770.651487850              647
   242.84285535691959        9.7749563319588284E-005   32070766.912057459              648
   243.21790223777975        9.7331240154374774E-005   32072757.196565874              649
   243.59294911863984        9.6915406431077829E-005   32074741.531805284              650
   243.96799599949995        9.6502043375191451E-005   32076719.944407985              651
   244.34304288036006        9.6091132382904686E-005   32078692.460847564              652
   244.71808976122014        9.5682655019037799E-005   32080659.107440080              653
   245.09313664208025        9.5276593015026571E-005   32082619.910345234              654
   245.46818352294036        9.4872928267668362E-005   32084574.895567536              655
   245.84323040380045        9.4471642837035865E-005   32086524.088957429              656
   246.21827728466056        9.4072718944778849E-005   32088467.516212467              657
   246.59332416552070        9.3676138972574323E-005   32090405.202878404              658
   246.96837104638081        9.3281885460347246E-005   32092337.174350347              659
   247.34341792724092        9.2889941104571264E-005   32094263.455873843              660
   247.71846480810100        9.2500288756738679E-005   32096184.072545987              661
   248.09351168896112        9.2112911421708669E-005   32098099.049316499              662
   248.46855856982123        9.1727792256142144E-005   32100008.410988834              663
   248.84360545068137        9.1344914566710868E-005   32101912.182221215              664
   249.21865233154145        9.0964261808877358E-005   32103810.387527719              665
   249.59369921240156        9.0585817585160869E-005   32105703.051279318              666
   249.96874609326167        9.0209565643497471E-005   32107590.197704926              667
   250.34379297412175        8.9835489876095617E-005   32109471.850892436              668
   250.71883985498187        8.9463574317382233E-005   32111348.034789737              669
   251.09388673584198        8.9093803143173978E-005   32113218.773205727              670
   251.46893361670206        8.8726160668894927E-005   32115084.089811336              671
   251.84398049756217        8.8360631347982806E-005   32116944.008140501              672
   252.21902737842231        8.7997199770800276E-005   32118798.551591180              673
   252.59407425928242        8.7635850663047351E-005   32120647.743426308              674
   252.96912114014253        8.7276568884443455E-005   32122491.606774788              675
   253.34416802100262        8.6919339427306316E-005   32124330.164632455              676
   253.71921490186273        8.6564147415028460E-005   32126163.439863011              677
   254.09426178272284        8.6210978101369039E-005   32127991.455198992              678
   254.46930866358292        8.5859816868315278E-005   32129814.233242705              679
   254.84435554444309        8.5510649225291677E-005   32131631.796467155              680
   255.21940242530317        8.5163460807650241E-005   32133444.167216968              681
   255.59444930616328        8.4818237375443656E-005   32135251.367709305              682
   255.96949618702340        8.4474964812442007E-005   32137053.420034774              683
   256.34454306788348        8.4133629124338294E-005   32138850.346158326              684
   256.71958994874359        8.3794216437972380E-005   32140642.167920150              685
   257.09463682960370        8.3456712999869143E-005   32142428.907036562              686
   257.46968371046381        8.3121105175144546E-005   32144210.585100863              687
   257.84473059132387        8.2787379446270877E-005   32145987.223584235              688
   258.21977747218403        8.2455522411896940E-005   32147758.843836579              689
   258.59482435304415        8.2125520785638901E-005   32149525.467087392              690
   258.96987123390426        8.1797361395121243E-005   32151287.114446595              691
   259.34491811476437        8.1471031180494201E-005   32153043.806905378              692
   259.71996499562442        8.1146517193954627E-005   32154795.565337047              693
   260.09501187648453        8.0823806597505918E-005   32156542.410497840              694
   260.47005875734465        8.0502886663199604E-005   32158284.363027744              695
   260.84510563820481        8.0183744770944408E-005   32160021.443451308              696
   261.22015251906492        7.9866368408094623E-005   32161753.672178455              697
   261.59519939992498        7.9550745168358735E-005   32163481.069505278              698
   261.97024628078509        7.9236862749958292E-005   32165203.655614831              699
   262.34529316164520        7.8924708955991453E-005   32166921.450577915              700
   262.72034004250531        7.8614271691901890E-005   32168634.474353869              701
   263.09538692336542        7.8305538965483005E-005   32170342.746791311              702
   263.47043380422554        7.7998498885757542E-005   32172046.287628938              703
   263.84548068508559        7.7693139661478566E-005   32173745.116496272              704
   264.22052756594576        7.7389449600521025E-005   32175439.252914421              705
   264.59557444680587        7.7087417108871411E-005   32177128.716296814              706
   264.97062132766598        7.6787030689622320E-005   32178813.525949940              707
   265.34566820852609        7.6488278942271493E-005   32180493.701074105              708
   265.72071508938615        7.6191150561247663E-005   32182169.260764141              709
   266.09576197024626        7.5895634335436260E-005   32183840.224010143              710
   266.47080885110637        7.5601719147058401E-005   32185506.609698173              711
   266.84585573196654        7.5309393970890247E-005   32187168.436610974              712
   267.22090261282659        7.5018647873119362E-005   32188825.723428685              713
   267.59594949368670        7.4729470011010901E-005   32190478.488729533              714
   267.97099637454681        7.4441849631362648E-005   32192126.750990529              715
   268.34604325540693        7.4155776069936515E-005   32193770.528588153              716
   268.72109013626704        7.3871238750512400E-005   32195409.839799047              717
   269.09613701712715        7.3588227184520437E-005   32197044.702800673              718
   269.47118389798720        7.3306730969303999E-005   32198675.135672007              719
   269.84623077884737        7.3026739787959043E-005   32200301.156394187              720
   270.22127765970748        7.2748243408635697E-005   32201922.782851189              721
   270.59632454056759        7.2471231682906466E-005   32203540.032830466              722
   270.97137142142770        7.2195694545875927E-005   32205152.924023606              723
   271.34641830228776        7.1921622014804387E-005   32206761.474026985              724
   271.72146518314787        7.1649004188522865E-005   32208365.700342398              725
   272.09651206400798        7.1377831246882001E-005   32209965.620377693              726
   272.47155894486815        7.1108093449241669E-005   32211561.251447402              727
   272.84660582572826        7.0839781134759364E-005   32213152.610773366              728
   273.22165270658832        7.0572884720779061E-005   32214739.715485353              729
   273.59669958744843        7.0307394702362296E-005   32216322.582621679              730
   273.97174646830854        7.0043301651855885E-005   32217901.229129806              731
   274.34679334916865        6.9780596217491040E-005   32219475.671866953              732
   274.72184023002876        6.9519269123573032E-005   32221045.927600700              733
   275.09688711088887        6.9259311168792212E-005   32222612.013009574              734
   275.47193399174893        6.9000713226218221E-005   32224173.944683649              735
   275.84698087260909        6.8743466242353552E-005   32225731.739125118              736
   276.22202775346921        6.8487561236526230E-005   32227285.412748892              737
   276.59707463432932        6.8232989299919512E-005   32228834.981883157              738
   276.97212151518937        6.7979741595303254E-005   32230380.462769967              739
   277.34716839604948        6.7727809356292825E-005   32231921.871565789              740
   277.72221527690959        6.7477183886167569E-005   32233459.224342085              741
   278.09726215776971        6.7227856558115464E-005   32234992.537085857              742
   278.47230903862987        6.6979818813764049E-005   32236521.825700209              743
   278.84735591948993        6.6733062162962088E-005   32238047.106004886              744
   279.22240280035004        6.6487578183155909E-005   32239568.393736843              745
   279.59744968121015        6.6243358518505854E-005   32241085.704550758              746
   279.97249656207026        6.6000394879502325E-005   32242599.054019582              747
   280.34754344293037        6.5758679042365810E-005   32244108.457635075              748
   280.72259032379048        6.5518202848138506E-005   32245613.930808321              749
   281.09763720465054        6.5278958202533480E-005   32247115.488870267              750
   281.47268408551065        6.5040937074977917E-005   32248613.147072244              751
   281.84773096637082        6.4804131497998510E-005   32250106.920586467              752
   282.22277784723093        6.4568533567098025E-005   32251596.824506562              753
   282.59782472809104        6.4334135439752429E-005   32253082.873848062              754
   282.97287160895110        6.4100929334888571E-005   32254565.083548926              755
   283.34791848981121        6.3868907532286604E-005   32256043.468470033              756
   283.72296537067132        6.3638062372492645E-005   32257518.043395676              757
   284.09801225153143        6.3408386255600936E-005   32258988.823034044              758
   284.47305913239160        6.3179871641023993E-005   32260455.822017740              759
   284.84810601325165        6.2952511047142704E-005   32261919.054904234              760
   285.22315289411176        6.2726297050252365E-005   32263378.536176372              761
   285.59819977497187        6.2501222284717315E-005   32264834.280242838              762
   285.97324665583199        6.2277279441765124E-005   32266286.301438622              763
   286.34829353669210        6.2054461269416596E-005   32267734.614025511              764
   286.72334041755221        6.1832760571896994E-005   32269179.232192535              765
   287.09838729841226        6.1612170208889970E-005   32270620.170056444              766
   287.47343417927237        6.1392683095312219E-005   32272057.441662163              767
   287.84848106013254        6.1174292200745744E-005   32273491.060983248              768
   288.22352794099265        6.0956990548904006E-005   32274921.041922338              769
   288.59857482185271        6.0740771217158147E-005   32276347.398311604              770
   288.97362170271282        6.0525627335927733E-005   32277770.143913202              771
   289.34866858357293        6.0311552088539042E-005   32279189.292419698              772
   289.72371546443304        6.0098538710362986E-005   32280604.857454535              773
   290.09876234529321        5.9886580488639452E-005   32282016.852572434              774
   290.47380922615326        5.9675670761886342E-005   32283425.291259859              775
   290.84885610701338        5.9465802919426923E-005   32284830.186935432              776
   291.22390298787349        5.9256970400937255E-005   32286231.552950345              777
   291.59894986873360        5.9049166696137020E-005   32287629.402588814              778
   291.97399674959371        5.8842385344078481E-005   32289023.749068473              779
   292.34904363045382        5.8636619932997371E-005   32290414.605540801              780
   292.72409051131388        5.8431864099735074E-005   32291801.985091534              781
   293.09913739217399        5.8228111529313724E-005   32293185.900741074              782
   293.47418427303415        5.8025355954382907E-005   32294566.365444895              783
   293.84923115389427        5.7823591155072124E-005   32295943.392093953              784
   294.22427803475438        5.7622810958391326E-005   32297316.993515082              785
   294.59932491561443        5.7423009237937864E-005   32298687.182471395              786
   294.97437179647454        5.7224179913135665E-005   32300053.971662674              787
   295.34941867733465        5.7026316949432973E-005   32301417.373725768              788
   295.72446555819477        5.6829414357332023E-005   32302777.401234981              789
   296.09951243905488        5.6633466192337655E-005   32304134.066702452              790
   296.47455931991499        5.6438466554513777E-005   32305487.382578552              791
   296.84960620077510        5.6244409587777207E-005   32306837.361252259              792
   297.22465308163521        5.6051289480043854E-005   32308184.015051518              793
   297.59969996249532        5.5859100462454024E-005   32309527.356243655              794
   297.97474684335543        5.5667836809087932E-005   32310867.397035711              795
   298.34979372421554        5.5477492836633575E-005   32312204.149574824              796
   298.72484060507560        5.5288062904111122E-005   32313537.625948612              797
   299.09988748593571        5.5099541412198706E-005   32314867.838185523              798
   299.47493436679588        5.4911922803235752E-005   32316194.798255179              799
   299.84998124765599        5.4725201560524675E-005   32317518.518068779              800
   300.22502812851604        5.4539372208289107E-005   32318839.009479422              801
   300.60007500937616        5.4354429311172273E-005   32320156.284282461              802
   300.97512189023627        5.4170367473751892E-005   32321470.354215864              803
   301.35016877109638        5.3987181340496279E-005   32322781.230960570              804
   301.72521565195649        5.3804865595116690E-005   32324088.926140815              805
   302.10026253281660        5.3623414960520574E-005   32325393.451324485              806
   302.47530941367671        5.3442824198199809E-005   32326694.818023473              807
   302.85035629453682        5.3263088108022358E-005   32327993.037693989              808
   303.22540317539693        5.3084201528075771E-005   32329288.121736914              809
   303.60045005625705        5.2906159334012203E-005   32330580.081498124              810
   303.97549693711716        5.2728956438913902E-005   32331868.928268835              811
   304.35054381797721        5.2552587792918628E-005   32333154.673285916              812
   304.72559069883732        5.2377048383068605E-005   32334437.327732235              813
   305.10063757969743        5.2202333232765288E-005   32335716.902736954              814
   305.47568446055760        5.2028437401478912E-005   32336993.409375880              815
   305.85073134141771        5.1855355984663653E-005   32338266.858671762              816
   306.22577822227777        5.1683084113235575E-005   32339537.261594627              817
   306.60082510313788        5.1511616953329735E-005   32340804.629062090              818
   306.97587198399799        5.1340949705986263E-005   32342068.971939649              819
   307.35091886485810        5.1171077607068689E-005   32343330.301041022              820
   307.72596574571821        5.1001995926555148E-005   32344588.627128433              821
   308.10101262657832        5.0833699968663319E-005   32345843.960912939              822
   308.47605950743844        5.0666185071204603E-005   32347096.313054714              823
   308.85110638829855        5.0499446605565361E-005   32348345.694163360              824
   309.22615326915866        5.0333479976378921E-005   32349592.114798203              825
   309.60120015001877        5.0168280621184694E-005   32350835.585468601              826
   309.97624703087882        5.0003844010052646E-005   32352076.116634231              827
   310.35129391173894        4.9840165645666661E-005   32353313.718705375              828
   310.72634079259905        4.9677241062655554E-005   32354548.402043216              829
   311.10138767345921        4.9515065827447466E-005   32355780.176960152              830
   311.47643455431933        4.9353635538133161E-005   32357009.053720031              831
   311.85148143517938        4.9192945824060700E-005   32358235.042538490              832
   312.22652831603949        4.9032992345739409E-005   32359458.153583195              833
   312.60157519689960        4.8873770794217079E-005   32360678.396974158              834
   312.97662207775971        4.8715276891426776E-005   32361895.782783985              835
   313.35166895861983        4.8557506389343858E-005   32363110.321038175              836
   313.72671583947994        4.8400455069983863E-005   32364322.021715384              837
   314.10176272034005        4.8244118745226408E-005   32365530.894747697              838
   314.47680960120016        4.8088493256416883E-005   32366736.950020917              839
   314.85185648206027        4.7933574474274862E-005   32367940.197374806              840
   315.22690336292038        4.7779358298579057E-005   32369140.646603379              841
   315.60195024378049        4.7625840657712081E-005   32370338.307455152              842
   315.97699712464055        4.7473017508940415E-005   32371533.189633407              843
   316.35204400550066        4.7320884837635089E-005   32372725.302796476              844
   316.72709088636077        4.7169438657386560E-005   32373914.656557962              845
   317.10213776722094        4.7018675009653149E-005   32375101.260487039              846
   317.47718464808105        4.6868589963480344E-005   32376285.124108676              847
   317.85223152894110        4.6719179615422732E-005   32377466.256903917              848
   318.22727840980122        4.6570440089269453E-005   32378644.668310102              849
   318.60232529066133        4.6422367535563382E-005   32379820.367721163              850
   318.97737217152144        4.6274958131872911E-005   32380993.364487831              851
   319.35241905238155        4.6128208082141039E-005   32382163.667917915              852
   319.72746593324166        4.5982113616750273E-005   32383331.287276514              853
   320.10251281410177        4.5836670992016920E-005   32384496.231786307              854
   320.47755969496188        4.5691876490425744E-005   32385658.510627747              855
   320.85260657582199        4.5547726419826461E-005   32386818.132939350              856
   321.22765345668211        4.5404217113829500E-005   32387975.107817896              857
   321.60270033754216        4.5261344931274575E-005   32389129.444318678              858
   321.97774721840227        4.5119106255839813E-005   32390281.151455760              859
   322.35279409926238        4.4977497496447094E-005   32391430.238202166              860
   322.72784098012249        4.4836515086265797E-005   32392576.713490166              861
   323.10288786098266        4.4696155483365895E-005   32393720.586211462              862
   323.47793474184272        4.4556415169816526E-005   32394861.865217455              863
   323.85298162270283        4.4417290651807836E-005   32396000.559319433              864
   324.22802850356294        4.4278778459401140E-005   32397136.677288841              865
   324.60307538442305        4.4140875146539662E-005   32398270.227857478              866
   324.97812226528316        4.4003577290482160E-005   32399401.219717726              867
   325.35316914614327        4.3866881491742673E-005   32400529.661522780              868
   325.72821602700338        4.3730784374231856E-005   32401655.561886847              869
   326.10326290786350        4.3595282584641923E-005   32402778.929385401              870
   326.47830978872361        4.3460372792356603E-005   32403899.772555374              871
   326.85335666958372        4.3326051689512423E-005   32405018.099895373              872
   327.22840355044383        4.3192315990582004E-005   32406133.919865903              873
   327.60345043130388        4.3059162432286590E-005   32407247.240889579              874
   327.97849731216400        4.2926587773300404E-005   32408358.071351342              875
   328.35354419302411        4.2794588794219785E-005   32409466.419598654              876
   328.72859107388422        4.2663162297509682E-005   32410572.293941725              877
   329.10363795474433        4.2532305106999004E-005   32411675.702653710              878
   329.47868483560444        4.2402014067823822E-005   32412776.653970912              879
   329.85373171646455        4.2272286046439781E-005   32413875.156093013              880
   330.22877859732466        4.2143117930411848E-005   32414971.217183232              881
   330.60382547818477        4.2014506627879786E-005   32416064.845368568              882
   330.97887235904489        4.1886449068017891E-005   32417156.048739985              883
   331.35391923990500        4.1758942200282722E-005   32418244.835352603              884
   331.72896612076511        4.1631982994649548E-005   32419331.213225916              885
   332.10401300162522        4.1505568441155742E-005   32420415.190343972              886
   332.47905988248533        4.1379695550163701E-005   32421496.774655573              887
   332.85410676334544        4.1254361351693666E-005   32422575.974074475              888
   333.22915364420550        4.1129562895594880E-005   32423652.796479579              889
   333.60420052506561        4.1005297251361056E-005   32424727.249715112              890
   333.97924740592572        4.0881561507798005E-005   32425799.341590833              891
   334.35429428678583        4.0758352773137557E-005   32426869.079882212              892
   334.72934116764600        4.0635668174728132E-005   32427936.472330622              893
   335.10438804850605        4.0513504858856167E-005   32429001.526643526              894
   335.47943492936616        4.0391859990585242E-005   32430064.250494655              895
   335.85448181022628        4.0270730753927014E-005   32431124.651524212              896
   336.22952869108639        4.0150114351124720E-005   32432182.737339027              897
   336.60457557194650        4.0030008003114679E-005   32433238.515512753              898
   336.97962245280661        3.9910408948929654E-005   32434291.993586067              899
   337.35466933366672        3.9791314445833242E-005   32435343.179066803              900
   337.72971621452683        3.9672721768971063E-005   32436392.079430174              901
   338.10476309538694        3.9554628211467493E-005   32437438.702118926              902
   338.47980997624705        3.9437031084023019E-005   32438483.054543521              903
   338.85485685710717        3.9319927714997489E-005   32439525.144082315              904
   339.22990373796722        3.9203315450239210E-005   32440564.978081722              905
   339.60495061882733        3.9087191652789125E-005   32441602.563856389              906
   339.97999749968744        3.8971553702962675E-005   32442637.908689376              907
   340.35504438054755        3.8856398998060783E-005   32443671.019832328              908
   340.73009126140767        3.8741724952311324E-005   32444701.904505625              909
   341.10513814226778        3.8627528996833298E-005   32445730.569898568              910
   341.48018502312789        3.8513808579214403E-005   32446757.023169532              911
   341.85523190398800        3.8400561163689279E-005   32447781.271446154              912
   342.23027878484811        3.8287784230970583E-005   32448803.321825482              913
   342.60532566570822        3.8175475277899190E-005   32449823.181374129              914
   342.98037254656828        3.8063631817581358E-005   32450840.857128467              915
   343.35541942742844        3.7952251379084830E-005   32451856.356094752              916
   343.73046630828856        3.7841331507546531E-005   32452869.685249306              917
   344.10551318914867        3.7730869763663977E-005   32453880.851538692              918
   344.48056007000878        3.7620863724032125E-005   32454889.861879829              919
   344.85560695086883        3.7511310980705922E-005   32455896.723160192              920
   345.23065383172894        3.7402209141141212E-005   32456901.442237943              921
   345.60570071258906        3.7293555828252142E-005   32457904.025942102              922
   345.98074759344917        3.7185348679952679E-005   32458904.481072690              923
   346.35579447430928        3.7077585349524613E-005   32459902.814400882              924
   346.73084135516939        3.6970263505017163E-005   32460899.032669172              925
   347.10588823602950        3.6863380829454996E-005   32461893.142591525              926
   347.48093511688961        3.6756935020582273E-005   32462885.150853503              927
   347.85598199774972        3.6650923790779878E-005   32463875.064112451              928
   348.23102887860983        3.6545344867056241E-005   32464862.888997622              929
   348.60607575946995        3.6440195990749675E-005   32465848.632110320              930
   348.98112264033000        3.6335474917556789E-005   32466832.300024070              931
   349.35616952119017        3.6231179417489667E-005   32467813.899284743              932
   349.73121640205028        3.6127307274469081E-005   32468793.436410725              933
   350.10626328291039        3.6023856286650470E-005   32469770.917893026              934
   350.48131016377050        3.5920824265914531E-005   32470746.350195456              935
   350.85635704463056        3.5818209038062130E-005   32471719.739754751              936
   351.23140392549067        3.5716008442481640E-005   32472691.092980716              937
   351.60645080635078        3.5614220332332594E-005   32473660.416256379              938
   351.98149768721089        3.5512842574065099E-005   32474627.715938110              939
   352.35654456807100        3.5411873047694906E-005   32475592.998355765              940
   352.73159144893111        3.5311309646435243E-005   32476556.269812841              941
   353.10663832979122        3.5211150276747500E-005   32477517.536586594              942
   353.48168521065134        3.5111392858185527E-005   32478476.804928184              943
   353.85673209151145        3.5012035323360545E-005   32479434.081062812              944
   354.23177897237156        3.4913075617696481E-005   32480389.371189844              945
   354.60682585323161        3.4814511699554361E-005   32481342.681482963              946
   354.98187273409178        3.4716341539855884E-005   32482294.018090282              947
   355.35691961495189        3.4618563122377375E-005   32483243.387134485              948
   355.73196649581200        3.4521174443252097E-005   32484190.794712964              949
   356.10701337667211        3.4424173511131963E-005   32485136.246897943              950
   356.48206025753217        3.4327558347035319E-005   32486079.749736607              951
   356.85710713839228        3.4231326984213514E-005   32487021.309251234              952
   357.23215401925239        3.4135477468183559E-005   32487960.931439325              953
   357.60720090011250        3.4040007856393995E-005   32488898.622273725              954
   357.98224778097261        3.3944916218407742E-005   32489834.387702748              955
   358.35729466183273        3.3850200635762693E-005   32490768.233650316              956
   358.73234154269284        3.3755859201673253E-005   32491700.166016068              957
   359.10738842355295        3.3661890021189095E-005   32492630.190675497              958
   359.48243530441306        3.3568291210987095E-005   32493558.313480075              959
   359.85748218527317        3.3475060899405961E-005   32494484.540257350              960
   360.23252906613328        3.3382197226109894E-005   32495408.876811102              961
   360.60757594699334        3.3289698342316130E-005   32496331.328921445              962
   360.98262282785350        3.3197562410529559E-005   32497251.902344946              963
   361.35766970871362        3.3105787604457377E-005   32498170.602814764              964
   361.73271658957373        3.3014372109029759E-005   32499087.436040737              965
   362.10776347043384        3.2923314120254984E-005   32500002.407709535              966
   362.48281035129389        3.2832611845075500E-005   32500915.523484752              967
   362.85785723215400        3.2742263501415734E-005   32501826.789007034              968
   363.23290411301411        3.2652267318092383E-005   32502736.209894191              969
   363.60795099387423        3.2562621534592467E-005   32503643.791741315              970
   363.98299787473434        3.2473324401176751E-005   32504549.540120900              971
   364.35804475559445        3.2384374178679876E-005   32505453.460582938              972
   364.73309163645456        3.2295769138553975E-005   32506355.558655057              973
   365.10813851731467        3.2207507562593875E-005   32507255.839842614              974
   365.48318539817478        3.2119587743059776E-005   32508154.309628818              975
   365.85823227903489        3.2032007982536291E-005   32509050.973474834              976
   366.23327915989495        3.1944766593832749E-005   32509945.836819902              977
   366.60832604075506        3.1857861899938231E-005   32510838.905081429              978
   366.98337292161523        3.1771292233957842E-005   32511730.183655128              979
   367.35841980247534        3.1685055939052068E-005   32512619.677915100              980
   367.73346668333545        3.1599151368209735E-005   32513507.393213958              981
   368.10851356419550        3.1513576884502768E-005   32514393.334882922              982
   368.48356044505562        3.1428330860660421E-005   32515277.508231938              983
   368.85860732591573        3.1343411679200056E-005   32516159.918549772              984
   369.23365420677584        3.1258817732421921E-005   32517040.571104124              985
   369.60870108763595        3.1174547422121485E-005   32517919.471141733              986
   369.98374796849606        3.1090599159642767E-005   32518796.623888474              987
   370.35879484935617        3.1006971365891593E-005   32519672.034549471              988
   370.73384173021628        3.0923662471167694E-005   32520545.708309185              989
   371.10888861107640        3.0840670915046781E-005   32521417.650331538              990
   371.48393549193651        3.0757995146388563E-005   32522287.865760002              991
   371.85898237279662        3.0675633623413009E-005   32523156.359717693              992
   372.23402925365667        3.0593584813353556E-005   32524023.137307484              993
   372.60907613451684        3.0511847192575610E-005   32524888.203612100              994
   372.98412301537695        3.0430419246418122E-005   32525751.563694224              995
   373.35916989623706        3.0349299469264508E-005   32526613.222596578              996
   373.73421677709712        3.0268486364381314E-005   32527473.185342040              997
   374.10926365795723        3.0187978443848757E-005   32528331.456933737              998
   374.48431053881734        3.0107774228554808E-005   32529188.042355131              999
   374.85935741967745        3.0027872247995778E-005   32530042.946570136             1000
   375.23440430053756        2.9948271040550445E-005   32530896.174523190             1001
   375.60945118139767        2.9868969152929996E-005   32531747.731139366             1002
   375.98449806225779        2.9789965140522951E-005   32532597.621324461             1003
   376.35954494311790        2.9711257567295238E-005   32533445.849965096             1004
   376.73459182397801        2.9632845005388070E-005   32534292.421928804             1005
   377.10963870483812        2.9554726035519095E-005   32535137.342064124             1006
   377.48468558569823        2.9476899246571473E-005   32535980.615200695             1007
   377.85973246655828        2.9399363235779685E-005   32536822.246149346             1008
   378.23477934741840        2.9322116608496403E-005   32537662.239702191             1009
   378.60982622827856        2.9245157978217729E-005   32538500.600632712             1010
   378.98487310913868        2.9168485966617959E-005   32539337.333695862             1011
   379.35991998999879        2.9092099203184511E-005   32540172.443628144             1012
   379.73496687085884        2.9015996325621132E-005   32541005.935147706             1013
   380.11001375171895        2.8940175979361855E-005   32541837.812954430             1014
   380.48506063257906        2.8864636817792323E-005   32542668.081730012             1015
   380.86010751343917        2.8789377502090278E-005   32543496.746138059             1016
   381.23515439429929        2.8714396701142540E-005   32544323.810824174             1017
   381.61020127515940        2.8639693091593508E-005   32545149.280416049             1018
   381.98524815601951        2.8565265357757162E-005   32545973.159523528             1019
   382.36029503687962        2.8491112191427059E-005   32546795.452738732             1020
   382.73534191773973        2.8417232292013488E-005   32547616.164636102             1021
   383.11038879859984        2.8343624366521917E-005   32548435.299772512             1022
   383.48543567945995        2.8270287129210624E-005   32549252.862687346             1023
   383.86048256032001        2.8197219301877762E-005   32550068.857902575             1024
   384.23552944118012        2.8124419613618585E-005   32550883.289922860             1025
   384.61057632204029        2.8051886800770166E-005   32551696.163235601             1026
   384.98562320290040        2.7979619606976252E-005   32552507.482311051             1027
   385.36067008376045        2.7907616783093694E-005   32553317.251602385             1028
   385.73571696462056        2.7835877087094021E-005   32554125.475545783             1029
   386.11076384548068        2.7764399284008716E-005   32554932.158560511             1030
   386.48581072634079        2.7693182145956233E-005   32555737.305048998             1031
   386.86085760720090        2.7622224452151219E-005   32556540.919396922             1032
   387.23590448806101        2.7551524988575762E-005   32557343.005973291             1033
   387.61095136892106        2.7481082548263926E-005   32558143.569130503             1034
   387.98599824978123        2.7410895931107874E-005   32558942.613204461             1035
   388.36104513064134        2.7340963943768372E-005   32559740.142514609             1036
   388.73609201150146        2.7271285399717494E-005   32560536.161364056             1037
   389.11113889236157        2.7201859119093702E-005   32561330.674039606             1038
   389.48618577322162        2.7132683928807445E-005   32562123.684811864             1039
   389.86123265408173        2.7063758662342904E-005   32562915.197935309             1040
   390.23627953494184        2.6995082159829529E-005   32563705.217648357             1041
   390.61132641580201        2.6926653267888578E-005   32564493.748173468             1042
   390.98637329666212        2.6858470839667110E-005   32565280.793717172             1043
   391.36142017752218        2.6790533734813642E-005   32566066.358470198             1044
   391.73646705838229        2.6722840819420026E-005   32566850.446607500             1045
   392.11151393924240        2.6655390965817986E-005   32567633.062288363             1046
   392.48656082010257        2.6588183052865075E-005   32568414.209656470             1047
   392.86160770096262        2.6521215965525068E-005   32569193.892839961             1048
   393.23665458182279        2.6454488595176140E-005   32569972.115951523             1049
   393.61170146268279        2.6387999839350171E-005   32570748.883088455             1050
   393.98674834354301        2.6321748601725003E-005   32571524.198332742             1051
   394.36179522440301        2.6255733792074285E-005   32572298.065751120             1052
   394.73684210526318        2.6189954326429279E-005   32573070.489395153             1053
   395.11188898612323        2.6124409126667016E-005   32573841.473301306             1054
   395.48693586698340        2.6059097120791968E-005   32574611.021491013             1055
   395.86198274784340        2.5994017242767688E-005   32575379.137970738             1056
   396.23702962870362        2.5929168432470366E-005   32576145.826732054             1057
   396.61207650956362        2.5864549635692078E-005   32576911.091751721             1058
   396.98712339042379        2.5800159804082890E-005   32577674.936991729             1059
   397.36217027128384        2.5735997895060672E-005   32578437.366399396             1060
   397.73721715214401        2.5672062871852863E-005   32579198.383907411             1061
   398.11226403300418        2.5608353703471015E-005   32579957.993433915             1062
   398.48731091386423        2.5544869364551571E-005   32580716.198882572             1063
   398.86235779472440        2.5481608835441317E-005   32581473.004142620             1064
   399.23740467558440        2.5418571102161970E-005   32582228.413088948             1065
   399.61245155644463        2.5355755156251371E-005   32582982.429582167             1066
   399.98749843730462        2.5293159994800377E-005   32583735.057468668             1067
   400.36254531816485        2.5230784620544054E-005   32584486.300580677             1068
   400.73759219902485        2.5168628041543966E-005   32585236.162736353             1069
   401.11263907988501        2.5106689271392393E-005   32585984.647739809             1070
   401.48768596074501        2.5044967329123689E-005   32586731.759381223             1071
   401.86273284160524        2.4983461239065345E-005   32587477.501436863             1072
   402.23777972246523        2.4922170031022976E-005   32588221.877669163             1073
   402.61282660332546        2.4861092739931922E-005   32588964.891826797             1074
   402.98787348418546        2.4800228406212245E-005   32589706.547644734             1075
   403.36292036504562        2.4739576075313901E-005   32590446.848844297             1076
   403.73796724590574        2.4679134798106320E-005   32591185.799133226             1077
   404.11301412676585        2.4618903630437143E-005   32591923.402205750             1078
   404.48806100762602        2.4558881633477477E-005   32592659.661742635             1079
   404.86310788848607        2.4499067873374253E-005   32593394.581411246             1080
   405.23815476934624        2.4439461421393367E-005   32594128.164865628             1081
   405.61320165020624        2.4380061353874438E-005   32594860.415746544             1082
   405.98824853106646        2.4320866752155923E-005   32595591.337681536             1083
   406.36329541192646        2.4261876702507286E-005   32596320.934285011             1084
   406.73834229278663        2.4203090296255179E-005   32597049.209158257             1085
   407.11338917364668        2.4144506629491222E-005   32597776.165889546             1086
   407.48843605450685        2.4086124803367645E-005   32598501.808054160             1087
   407.86348293536685        2.4027943923750112E-005   32599226.139214478             1088
   408.23852981622707        2.3969963101360910E-005   32599949.162920009             1089
   408.61357669708707        2.3912181451796809E-005   32600670.882707454             1090
   408.98862357794724        2.3854598095289002E-005   32601391.302100789             1091
   409.36367045880729        2.3797212156926954E-005   32602110.424611285             1092
   409.73871733966746        2.3740022766432978E-005   32602828.253737591             1093
   410.11376422052763        2.3683029058201815E-005   32603544.792965788             1094
   410.48881110138768        2.3626230171302716E-005   32604260.045769434             1095
   410.86385798224785        2.3569625249407741E-005   32604974.015609633             1096
   411.23890486310785        2.3513213440734339E-005   32605686.705935076             1097
   411.61395174396807        2.3456993898106401E-005   32606398.120182108             1098
   411.98899862482807        2.3400965778883932E-005   32607108.261774786             1099
   412.36404550568824        2.3345128244906869E-005   32607817.134124923             1100
   412.73909238654829        2.3289480462464953E-005   32608524.740632150             1101
   413.11413926740846        2.3234021602287309E-005   32609231.084683962             1102
   413.48918614826846        2.3178750839619470E-005   32609936.169655789             1103
   413.86423302912868        2.3123667353929607E-005   32610639.998911027             1104
   414.23927990998868        2.3068770329165016E-005   32611342.575801115             1105
   414.61432679084885        2.3014058953619039E-005   32612043.903665572             1106
   414.98937367170890        2.2959532419772188E-005   32612743.985832054             1107
   415.36442055256907        2.2905189924529373E-005   32613442.825616404             1108
   415.73946743342924        2.2851030668925026E-005   32614140.426322717             1109
   416.11451431428929        2.2797053858295437E-005   32614836.791243367             1110
   416.48956119514946        2.2743258702158290E-005   32615531.923659090             1111
   416.86460807600946        2.2689644414183388E-005   32616225.826839011             1112
   417.23965495686969        2.2636210212208261E-005   32616918.504040714             1113
   417.61470183772968        2.2582955318208944E-005   32617609.958510265             1114
   417.98974871858985        2.2529878958232821E-005   32618300.193482298             1115
   418.36479559944991        2.2476980362371300E-005   32618989.212180041             1116
   418.73984248031007        2.2424258764835118E-005   32619677.017815378             1117
   419.11488936117007        2.2371713403809199E-005   32620363.613588884             1118
   419.48993624203030        2.2319343521436619E-005   32621049.002689898             1119
   419.86498312289029        2.2267148363944735E-005   32621733.188296549             1120
   420.24003000375046        2.2215127181379692E-005   32622416.173575819             1121
   420.61507688461052        2.2163279227811684E-005   32623097.961683594             1122
   420.99012376547068        2.2111603761165109E-005   32623778.555764690             1123
   421.36517064633080        2.2060100043198883E-005   32624457.958952941             1124
   421.74021752719091        2.2008767339601677E-005   32625136.174371213             1125
   422.11526440805108        2.1957604919832870E-005   32625813.205131460             1126
   422.49031128891107        2.1906612057213922E-005   32626489.054334775             1127
   422.86535816977130        2.1855788028771482E-005   32627163.725071445             1128
   423.24040505063130        2.1805132115354195E-005   32627837.220420986             1129
   423.61545193149146        2.1754643601470718E-005   32628509.543452188             1130
   423.99049881235152        2.1704321775440011E-005   32629180.697223179             1131
   424.36554569321169        2.1654165929192034E-005   32629850.684781451             1132
   424.74059257407168        2.1604175358345315E-005   32630519.509163920             1133
   425.11563945493191        2.1554349362164782E-005   32631187.173396964             1134
   425.49068633579191        2.1504687243566627E-005   32631853.680496477             1135
   425.86573321665207        2.1455188308992216E-005   32632519.033467896             1136
   426.24078009751213        2.1405851868545603E-005   32633183.235306278             1137
   426.61582697837230        2.1356677235857685E-005   32633846.288996313             1138
   426.99087385923229        2.1307663728029648E-005   32634508.197512385             1139
   427.36592074009252        2.1258810665779627E-005   32635168.963818606             1140
   427.74096762095269        2.1210117373264403E-005   32635828.590868887             1141
   428.11601450181274        2.1161583178108661E-005   32636487.081606943             1142
   428.49106138267291        2.1113207411393124E-005   32637144.438966371             1143
   428.86610826353291        2.1064989407614151E-005   32637800.665870667             1144
   429.24115514439313        2.1016928504728633E-005   32638455.765233286             1145
   429.61620202525313        2.0969024044012514E-005   32639109.739957683             1146
   429.99124890611330        2.0921275370158555E-005   32639762.592937350             1147
   430.36629578697335        2.0873681831200598E-005   32640414.327055864             1148
   430.74134266783352        2.0826242778484674E-005   32641064.945186928             1149
   431.11638954869352        2.0778957566629007E-005   32641714.450194404             1150
   431.49143642955374        2.0731825553595905E-005   32642362.844932377             1151
   431.86648331041374        2.0684846100626177E-005   32643010.132245172             1152
   432.24153019127391        2.0638018572167839E-005   32643656.314967416             1153
   432.61657707213396        2.0591342335913435E-005   32644301.395924065             1154
   432.99162395299413        2.0544816762728358E-005   32644945.377930451             1155
   433.36667083385424        2.0498441226722259E-005   32645588.263792325             1156
   433.74171771471435        2.0452215105187921E-005   32646230.056305893             1157
   434.11676459557452        2.0406137778482980E-005   32646870.758257855             1158
   434.49181147643452        2.0360208630165181E-005   32647510.372425463             1159
   434.86685835729475        2.0314427046921977E-005   32648148.901576526             1160
   435.24190523815474        2.0268792418483298E-005   32648786.348469492             1161
   435.61695211901491        2.0223304137687040E-005   32649422.715853453             1162
   435.99199899987497        2.0177961600438304E-005   32650058.006468203             1163
   436.36704588073513        2.0132764205630173E-005   32650692.223044276             1164
   436.74209276159513        2.0087711355287564E-005   32651325.368302975             1165
   437.11713964245536        2.0042802454340808E-005   32651957.444956418             1166
   437.49218652331535        1.9998036910762225E-005   32652588.455707587             1167
   437.86723340417552        1.9953414135428550E-005   32653218.403250348             1168
   438.24228028503558        1.9908933542221004E-005   32653847.290269494             1169
   438.61732716589574        1.9864594548007884E-005   32654475.119440790             1170
   438.99237404675586        1.9820396572463805E-005   32655101.893431008             1171
   439.36742092761597        1.9776339038221182E-005   32655727.614897963             1172
   439.74246780847614        1.9732421370775820E-005   32656352.286490556             1173
   440.11751468933613        1.9688642998567475E-005   32656975.910848800             1174
   440.49256157019636        1.9645003352775051E-005   32657598.490603872             1175
   440.86760845105636        1.9601501867460561E-005   32658220.028378133             1176
   441.24265533191652        1.9558137979500572E-005   32658840.526785184             1177
   441.61770221277658        1.9514911128600173E-005   32659459.988429885             1178
   441.99274909363675        1.9471820757198083E-005   32660078.415908396             1179
   442.36779597449674        1.9428866310534530E-005   32660695.811808236             1180
   442.74284285535697        1.9386047236585696E-005   32661312.178708278             1181
   443.11788973621697        1.9343362986072705E-005   32661927.519178811             1182
   443.49293661707713        1.9300813012411064E-005   32662541.835781582             1183
   443.86798349793719        1.9258396771729801E-005   32663155.131069802             1184
   444.24303037879736        1.9216113722884588E-005   32663767.407588217             1185
   444.61807725965735        1.9173963327338812E-005   32664378.667873126             1186
   444.99312414051758        1.9131945049283408E-005   32664988.914452400             1187
   445.36817102137775        1.9090058355489974E-005   32665598.149845548             1188
   445.74321790223775        1.9048302715376103E-005   32666206.376563735             1189
   446.11826478309797        1.9006677600982537E-005   32666813.597109813             1190
   446.49331166395797        1.8965182486945486E-005   32667419.813978363             1191
   446.86835854481814        1.8923816850444488E-005   32668025.029655725             1192
   447.24340542567819        1.8882580171259274E-005   32668629.246620040             1193
   447.61845230653836        1.8841471931693954E-005   32669232.467341270             1194
   447.99349918739836        1.8800491616628513E-005   32669834.694281243             1195
   448.36854606825858        1.8759638713458382E-005   32670435.929893680             1196
   448.74359294911858        1.8718912712022225E-005   32671036.176624231             1197
   449.11863982997875        1.8678313104745462E-005   32671635.436910514             1198
   449.49368671083880        1.8637839386443749E-005   32672233.713182133             1199
   449.86873359169897        1.8597491054461364E-005   32672831.007860731             1200
   450.24378047255897        1.8557267608532114E-005   32673427.323360000             1201
   450.61882735341919        1.8517168550914442E-005   32674022.662085738             1202
   450.99387423427930        1.8477193386197487E-005   32674617.026435856             1203
   451.36892111513936        1.8437341621428482E-005   32675210.418800429             1204
   451.74396799599958        1.8397612766023330E-005   32675802.841561724             1205
   452.11901487685958        1.8358006331782822E-005   32676394.297094222             1206
   452.49406175771981        1.8318521832896338E-005   32676984.787764661             1207
   452.86910863857980        1.8279158785902327E-005   32677574.315932069             1208
   453.24415551943997        1.8239916709618316E-005   32678162.883947786             1209
   453.61920240029997        1.8200795125301408E-005   32678750.494155493             1210
   453.99424928116019        1.8161793556382123E-005   32679337.148891263             1211
   454.36929616202019        1.8122911528739259E-005   32679922.850483567             1212
   454.74434304288042        1.8084148570432641E-005   32680507.601253323             1213
   455.11938992374041        1.8045504211809597E-005   32681091.403513916             1214
   455.49443680460058        1.8006977985538022E-005   32681674.259571236             1215
   455.86948368546064        1.7968569426454642E-005   32682256.171723705             1216
   456.24453056632080        1.7930278071687549E-005   32682837.142262302             1217
   456.61957744718092        1.7892103460576868E-005   32683417.173470609             1218
   456.99462432804103        1.7854045134674835E-005   32683996.267624814             1219
   457.36967120890120        1.7816102637680124E-005   32684574.426993772             1220
   457.74471808976119        1.7778275515561817E-005   32685151.653839011             1221
   458.11976497062142        1.7740563316386619E-005   32685727.950414773             1222
   458.49481185148142        1.7702965590447647E-005   32686303.318968039             1223
   458.86985873234158        1.7665481890104871E-005   32686877.761738565             1224
   459.24490561320164        1.7628111769973862E-005   32687451.280958891             1225
   459.61995249406181        1.7590854786662055E-005   32688023.878854405             1226
   459.99499937492180        1.7553710498979976E-005   32688595.557643335             1227
   460.37004625578203        1.7516678467783673E-005   32689166.319536798             1228
   460.74509313664203        1.7479758256079758E-005   32689736.166738831             1229
   461.12014001750219        1.7442949428914644E-005   32690305.101446405             1230
   461.49518689836225        1.7406251553381162E-005   32690873.125849463             1231
   461.87023377922242        1.7369664198643520E-005   32691440.242130946             1232
   462.24528066008241        1.7333186935918861E-005   32692006.452466827             1233
   462.62032754094264        1.7296819338456363E-005   32692571.759026125             1234
   462.99537442180281        1.7260560981534010E-005   32693136.163970940             1235
   463.37042130266281        1.7224411442381745E-005   32693699.669456489             1236
   463.74546818352303        1.7188370300293947E-005   32694262.277631123             1237
   464.12051506438303        1.7152437136505722E-005   32694823.990636352             1238
   464.49556194524320        1.7116611534256621E-005   32695384.810606878             1239
   464.87060882610325        1.7080893078736651E-005   32695944.739670631             1240
   465.24565570696342        1.7045281357118349E-005   32696503.779948771             1241
   465.62070258782342        1.7009775958422329E-005   32697061.933555741             1242
   465.99574946868364        1.6974376473737754E-005   32697619.202599280             1243
   466.37079634954364        1.6939082495963780E-005   32698175.589180447             1244
   466.74584323040381        1.6903893619962957E-005   32698731.095393654             1245
   467.12089011126386        1.6868809442496037E-005   32699285.723326698             1246
   467.49593699212403        1.6833829562200833E-005   32699839.475060772             1247
   467.87098387298403        1.6798953579575139E-005   32700392.352670506             1248
   468.24603075384425        1.6764181097015233E-005   32700944.358223971             1249
   468.62107763470436        1.6729511718787341E-005   32701495.493782736             1250
   468.99612451556442        1.6694945050966594E-005   32702045.761401869             1251
   469.37117139642464        1.6660480701474075E-005   32702595.163129978             1252
   469.74621827728464        1.6626118280098826E-005   32703143.701009218             1253
   470.12126515814481        1.6591857398398276E-005   32703691.377075333             1254
   470.49631203900486        1.6557697669750501E-005   32704238.193357676             1255
   470.87135891986503        1.6523638709348151E-005   32704784.151879236             1256
   471.24640580072503        1.6489680134139344E-005   32705329.254656658             1257
   471.62145268158525        1.6455821562913628E-005   32705873.503700268             1258
   471.99649956244525        1.6422062616170729E-005   32706416.901014108             1259
   472.37154644330542        1.6388402916148460E-005   32706959.448595937             1260
   472.74659332416547        1.6354842086920515E-005   32707501.148437291             1261
   473.12164020502564        1.6321379754238060E-005   32708042.002523474             1262
   473.49668708588564        1.6288015545562441E-005   32708582.012833606             1263
   473.87173396674586        1.6254749090162892E-005   32709121.181340620             1264
   474.24678084760586        1.6221580018914746E-005   32709659.510011327             1265
   474.62182772846603        1.6188507964484018E-005   32710197.000806399             1266
   474.99687460932626        1.6155532561165307E-005   32710733.655680411             1267
   475.37192149018625        1.6122653444979640E-005   32711269.476581864             1268
   475.74696837104642        1.6089870253581337E-005   32711804.465453215             1269
   476.12201525190648        1.6057182626324337E-005   32712338.624230891             1270
   476.49706213276664        1.6024590204237568E-005   32712871.954845306             1271
   476.87210901362664        1.5992092629926718E-005   32713404.459220905             1272
   477.24715589448687        1.5959689547706553E-005   32713936.139276166             1273
   477.62220277534686        1.5927380603469316E-005   32714466.996923637             1274
   477.99724965620709        1.5895165444774921E-005   32714997.034069959             1275
   478.37229653706709        1.5863043720748580E-005   32715526.252615876             1276
   478.74734341792725        1.5831015082170736E-005   32716054.654456269             1277
   479.12239029878725        1.5799079181344037E-005   32716582.241480172             1278
   479.49743717964748        1.5767235672247861E-005   32717109.015570797             1279
   479.87248406050747        1.5735484210363907E-005   32717634.978605561             1280
   480.24753094136770        1.5703824452776050E-005   32718160.132456116             1281
   480.62257782222787        1.5672256058121404E-005   32718684.478988338             1282
   480.99762470308787        1.5640778686617966E-005   32719208.020062383             1283
   481.37267158394809        1.5609391999959734E-005   32719730.757532697             1284
   481.74771846480809        1.5578095661454316E-005   32720252.693248034             1285
   482.12276534566826        1.5546889335866455E-005   32720773.829051480             1286
   482.49781222652831        1.5515772689547037E-005   32721294.166780483             1287
   482.87285910738848        1.5484745390335209E-005   32721813.708266865             1288
   483.24790598824848        1.5453807107502227E-005   32722332.455336846             1289
   483.62295286910870        1.5422957511944820E-005   32722850.409811065             1290
   483.99799974996870        1.5392196275955918E-005   32723367.573504597             1291
   484.37304663082887        1.5361523073305333E-005   32723883.948226988             1292
   484.74809351168892        1.5330937579283109E-005   32724399.535782266             1293
   485.12314039254909        1.5300439470615643E-005   32724914.337968964             1294
   485.49818727340909        1.5270028425489848E-005   32725428.356580127             1295
   485.87323415426931        1.5239704123543791E-005   32725941.593403362             1296
   486.24828103512937        1.5209466245841166E-005   32726454.050220840             1297
   486.62332791598948        1.5179314474889439E-005   32726965.728809316             1298
   486.99837479684970        1.5149248494621656E-005   32727476.630940147             1299
   487.37342167770970        1.5119267990378389E-005   32727986.758379333             1300
   487.74846855856987        1.5089372648958799E-005   32728496.112887513             1301
   488.12351543942992        1.5059562158478629E-005   32729004.696219996             1302
   488.49856232029009        1.5029836208512970E-005   32729512.510126781             1303
   488.87360920115009        1.5000194489997019E-005   32730019.556352574             1304
   489.24865608201031        1.4970636695270919E-005   32730525.836636811             1305
   489.62370296287031        1.4941162518029778E-005   32731031.352713685             1306
   489.99874984373048        1.4911771653347398E-005   32731536.106312145             1307
   490.37379672459053        1.4882463797629895E-005   32732040.099155933             1308
   490.74884360545070        1.4853238648674578E-005   32732543.332963608             1309
   491.12389048631070        1.4824095905581725E-005   32733045.809448548             1310
   491.49893736717092        1.4795035268814368E-005   32733547.530318979             1311
   491.87398424803092        1.4766056440181659E-005   32734048.497277986             1312
   492.24903112889109        1.4737159122748213E-005   32734548.712023560             1313
   492.62407800975132        1.4708343021003819E-005   32735048.176248580             1314
   492.99912489061131        1.4679607840639931E-005   32735546.891640853             1315
   493.37417177147148        1.4650953288725941E-005   32736044.859883133             1316
   493.74921865233154        1.4622379073594741E-005   32736542.082653131             1317
   494.12426553319170        1.4593884904864163E-005   32737038.561623547             1318
   494.49931241405170        1.4565470493450649E-005   32737534.298462071             1319
   494.87435929491193        1.4537135551538244E-005   32738029.294831414             1320
   495.24940617577192        1.4508879792576088E-005   32738523.552389324             1321
   495.62445305663209        1.4480702931300195E-005   32739017.072788604             1322
   495.99949993749215        1.4452604683684587E-005   32739509.857677136             1323
   496.37454681835231        1.4424584766932159E-005   32740001.908697888             1324
   496.74959369921231        1.4396642899529039E-005   32740493.227488942             1325
   497.12464058007254        1.4368778801172310E-005   32740983.815683506             1326
   497.49968746093253        1.4340992192797987E-005   32741473.674909934             1327
   497.87473434179270        1.4313282796558587E-005   32741962.806791753             1328
   498.24978122265293        1.4285650335835415E-005   32742451.212947659             1329
   498.62482810351293        1.4258094535224599E-005   32742938.894991562             1330
   498.99987498437309        1.4230615120499793E-005   32743425.854532577             1331
   499.37492186523315        1.4203211818668384E-005   32743912.093175065             1332
   499.74996874609332        1.4175884357913088E-005   32744397.612518638             1333
   500.12501562695331        1.4148632467591358E-005   32744882.414158177             1334
   500.50006250781354        1.4121455878263796E-005   32745366.499683853             1335
   500.87510938867354        1.4094354321671169E-005   32745849.870681141             1336
   501.25015626953370        1.4067327530676747E-005   32746332.528730839             1337
   501.62520315039376        1.4040375239354808E-005   32746814.475409094             1338
   502.00025003125393        1.4013497182898576E-005   32747295.712287404             1339
   502.37529691211392        1.3986693097711063E-005   32747776.240932636             1340
   502.75034379297415        1.3959962721269223E-005   32748256.062907059             1341
   503.12539067383415        1.3933305792215533E-005   32748735.179768346             1342
   503.50043755469432        1.3906722050345762E-005   32749213.593069591             1343
   503.87548443555443        1.3880211236562195E-005   32749691.304359339             1344
   504.25053131641454        1.3853773092884709E-005   32750168.315181591             1345
   504.62557819727476        1.3827407362450524E-005   32750644.627075821             1346
   505.00062507813476        1.3801113789547321E-005   32751120.241576996             1347
   505.37567195899493        1.3774892119478157E-005   32751595.160215594             1348
   505.75071883985498        1.3748742098742897E-005   32752069.384517618             1349
   506.12576572071515        1.3722663474855173E-005   32752542.916004602             1350
   506.50081260157515        1.3696655996490504E-005   32753015.756193656             1351
   506.87585948243537        1.3670719413342281E-005   32753487.906597450             1352
   507.25090636329537        1.3644853476199858E-005   32753959.368724246             1353
   507.62595324415554        1.3619057936957418E-005   32754430.144077919             1354
   508.00100012501559        1.3593332548512179E-005   32754900.234157961             1355
   508.37604700587576        1.3567677064863240E-005   32755369.640459508             1356
   508.75109388673576        1.3542091241051256E-005   32755838.364473332             1357
   509.12614076759598        1.3516574833209177E-005   32756306.407685891             1358
   509.50118764845598        1.3491127598436271E-005   32756773.771579333             1359
   509.87623452931615        1.3465749294913101E-005   32757240.457631491             1360
   510.25128141017638        1.3440439681883379E-005   32757706.467315916             1361
   510.62632829103637        1.3415198519549547E-005   32758171.802101910             1362
   511.00137517189654        1.3390025569191979E-005   32758636.463454500             1363
   511.37642205275660        1.3364920593091231E-005   32759100.452834494             1364
   511.75146893361676        1.3339883354558565E-005   32759563.771698460             1365
   512.12651581447676        1.3314913617864623E-005   32760026.421498772             1366
   512.50156269533693        1.3290011148317026E-005   32760488.403683610             1367
   512.87660957619698        1.3265175712259563E-005   32760949.719696973             1368
   513.25165645705715        1.3240407076943137E-005   32761410.370978709             1369
   513.62670333791721        1.3215705010663316E-005   32761870.358964514             1370
   514.00175021877737        1.3191069282708207E-005   32762329.685085945             1371
   514.37679709963743        1.3166499663285034E-005   32762788.350770455             1372
   514.75184398049760        1.3141995923633413E-005   32763246.357441388             1373
   515.12689086135754        1.3117557835953287E-005   32763703.706518006             1374
   515.50193774221782        1.3093185173350296E-005   32764160.399415489             1375
   515.87698462307787        1.3068877709974244E-005   32764616.437544972             1376
   516.25203150393793        1.3044635220855938E-005   32765071.822313540             1377
   516.62707838479821        1.3020457482022627E-005   32765526.555124242             1378
   517.00212526565815        1.2996344270431308E-005   32765980.637376130             1379
   517.37717214651843        1.2972295363968642E-005   32766434.070464242             1380
   517.75221902737837        1.2948310541456894E-005   32766886.855779637             1381
   518.12726590823854        1.2924389582662224E-005   32767338.994709399             1382
   518.50231278909860        1.2900532268252679E-005   32767790.488636654             1383
   518.87735966995876        1.2876738379875145E-005   32768241.338940591             1384
   519.25240655081882        1.2853007700011048E-005   32768691.546996463             1385
   519.62745343167899        1.2829340012104371E-005   32769141.114175607             1386
   520.00250031253904        1.2805735100511236E-005   32769590.041845471             1387
   520.37754719339921        1.2782192750457260E-005   32770038.331369597             1388
   520.75259407425926        1.2758712748096278E-005   32770485.984107669             1389
   521.12764095511943        1.2735294880471934E-005   32770933.001415499             1390
   521.50268783597949        1.2711938935493777E-005   32771379.384645067             1391
   521.87773471683965        1.2688644701984428E-005   32771825.135144509             1392
   522.25278159769982        1.2665411969616380E-005   32772270.254258137             1393
   522.62782847855976        1.2642240529003148E-005   32772714.743326481             1394
   523.00287535942005        1.2619130171550609E-005   32773158.603686251             1395
   523.37792224027999        1.2596080689557079E-005   32773601.836670399             1396
   523.75296912114015        1.2573091876244979E-005   32774044.443608101             1397
   524.12801600200021        1.2550163525592488E-005   32774486.425824784             1398
   524.50306288286038        1.2527295432521848E-005   32774927.784642134             1399
   524.87810976372043        1.2504487392769531E-005   32775368.521378119             1400
   525.25315664458060        1.2481739202912139E-005   32775808.637346987             1401
   525.62820352544065        1.2459050660362340E-005   32776248.133859288             1402
   526.00325040630082        1.2436421563428318E-005   32776687.012221888             1403
   526.37829728716088        1.2413851711181547E-005   32777125.273737978             1404
   526.75334416802104        1.2391340903555211E-005   32777562.919707082             1405
   527.12839104888099        1.2368888941311682E-005   32777999.951425090             1406
   527.50343792974127        1.2346495626038808E-005   32778436.370184250             1407
   527.87848481060144        1.2324160760123681E-005   32778872.177273188             1408
   528.25353169146138        1.2301884146790526E-005   32779307.373976912             1409
   528.62857857232166        1.2279665590056839E-005   32779741.961576853             1410
   529.00362545318160        1.2257504894745100E-005   32780175.941350833             1411
   529.37867233404177        1.2235401866507635E-005   32780609.314573120             1412
   529.75371921490182        1.2213356311771937E-005   32781042.082514420             1413
   530.12876609576199        1.2191368037750385E-005   32781474.246441893             1414
   530.50381297662204        1.2169436852484581E-005   32781905.807619158             1415
   530.87885985748221        1.2147562564745107E-005   32782336.767306313             1416
   531.25390673834227        1.2125744984154349E-005   32782767.126759950             1417
   531.62895361920243        1.2103983921053547E-005   32783196.887233160             1418
   532.00400050006249        1.2082279186578706E-005   32783626.049975555             1419
   532.37904738092266        1.2060630592689702E-005   32784054.616233267             1420
   532.75409426178260        1.2039037952013454E-005   32784482.587248966             1421
   533.12914114264288        1.2017501078051481E-005   32784909.964261875             1422
   533.50418802350293        1.1996019784966891E-005   32785336.748507783             1423
   533.87923490436299        1.1974593887748215E-005   32785762.941219043             1424
   534.25428178522327        1.1953223202122994E-005   32786188.543624606             1425
   534.62932866608321        1.1931907544526139E-005   32786613.556950018             1426
   535.00437554694338        1.1910646732212227E-005   32787037.982417431             1427
   535.37942242780343        1.1889440583126359E-005   32787461.821245618             1428
   535.75446930866360        1.1868288915954912E-005   32787885.074649993             1429
   536.12951618952366        1.1847191550139755E-005   32788307.743842606             1430
   536.50456307038382        1.1826148305846274E-005   32788729.830032170             1431
   536.87960995124388        1.1805159003962157E-005   32789151.334424060             1432
   537.25465683210405        1.1784223466116540E-005   32789572.258220345             1433
   537.62970371296410        1.1763341514658132E-005   32789992.602619763             1434
   538.00475059382427        1.1742512972622645E-005   32790412.368817769             1435
   538.37979747468421        1.1721737663787311E-005   32790831.558006529             1436
   538.75484435554449        1.1701015412650408E-005   32791250.171374928             1437
   539.12989123640455        1.1680346044415282E-005   32791668.210108597             1438
   539.50493811726460        1.1659729384942868E-005   32792085.675389912             1439
   539.87998499812488        1.1639165260857690E-005   32792502.568397995             1440
   540.25503187898482        1.1618653499472265E-005   32792918.890308753             1441
   540.63007875984499        1.1598193928728163E-005   32793334.642294873             1442
   541.00512564070505        1.1577786377367704E-005   32793749.825525820             1443
   541.38017252156521        1.1557430674711031E-005   32794164.441167876             1444
   541.75521940242527        1.1537126650851522E-005   32794578.490384124             1445
   542.13026628328544        1.1516874136494157E-005   32794991.974334486             1446
   542.50531316414549        1.1496672963095121E-005   32795404.894175708             1447
   542.88036004500566        1.1476522962703608E-005   32795817.251061384             1448
   543.25540692586571        1.1456423968097685E-005   32796229.046141971             1449
   543.63045380672588        1.1436375812714063E-005   32796640.280564781             1450
   544.00550068758582        1.1416378330650119E-005   32797050.955474019             1451
   544.38054756844610        1.1396431356673512E-005   32797461.072010770             1452
   544.75559444930605        1.1376534726165091E-005   32797870.631313019             1453
   545.13064133016633        1.1356688275237798E-005   32798279.634515658             1454
   545.50568821102650        1.1336891840613581E-005   32798688.082750507             1455
   545.88073509188644        1.1317145259657383E-005   32799095.977146309             1456
   546.25578197274672        1.1297448370411381E-005   32799503.318828754             1457
   546.63082885360666        1.1277801011515469E-005   32799910.108920485             1458
   547.00587573446683        1.1258203022308513E-005   32800316.348541096             1459
   547.38092261532688        1.1238654242739872E-005   32800722.038807165             1460
   547.75596949618705        1.1219154513365821E-005   32801127.180832244             1461
   548.13101637704710        1.1199703675413869E-005   32801531.775726888             1462
   548.50606325790727        1.1180301570721996E-005   32801935.824598644             1463
   548.88111013876733        1.1160948041787071E-005   32802339.328552071             1464
   549.25615701962749        1.1141642931661256E-005   32802742.288688757             1465
   549.63120390048755        1.1122386084089064E-005   32803144.706107318             1466
   550.00625078134772        1.1103177343385533E-005   32803546.581903424             1467
   550.38129766220766        1.1084016554511489E-005   32803947.917169783             1468
   550.75634454306794        1.1064903563000528E-005   32804348.712996174             1469
   551.13139142392799        1.1045838215035554E-005   32804748.970469449             1470
   551.50643830478805        1.1026820357368702E-005   32805148.690673534             1471
   551.88148518564833        1.1007849837392835E-005   32805547.874689456             1472
   552.25653206650827        1.0988926503069420E-005   32805946.523595352             1473
   552.63157894736844        1.0970050202977844E-005   32806344.638466444             1474
   553.00662582822849        1.0951220786271905E-005   32806742.220375095             1475
   553.38167270908866        1.0932438102739160E-005   32807139.270390794             1476
   553.75671958994872        1.0913702002698638E-005   32807535.789580178             1477
   554.13176647080888        1.0895012337081723E-005   32807931.779007021             1478
   554.50681335166894        1.0876368957433199E-005   32808327.239732262             1479
   554.88186023252911        1.0857771715842955E-005   32808722.172814015             1480
   555.25690711338916        1.0839220464964304E-005   32809116.579307560             1481
   555.63195399424933        1.0820715058072293E-005   32809510.460265379             1482
   556.00700087510927        1.0802255348991567E-005   32809903.816737141             1483
   556.38204775596955        1.0783841192114727E-005   32810296.649769727             1484
   556.75709463682949        1.0765472442415417E-005   32810688.960407231             1485
   557.13214151768966        1.0747148955394084E-005   32811080.749690965             1486
   557.50718839854994        1.0728870587177989E-005   32811472.018659491             1487
   557.88223527940988        1.0710637194401957E-005   32811862.768348604             1488
   558.25728216027005        1.0692448634265333E-005   32812252.999791350             1489
   558.63232904113011        1.0674304764559028E-005   32812642.714018047             1490
   559.00737592199027        1.0656205443576787E-005   32813031.912056275             1491
   559.38242280285033        1.0638150530188275E-005   32813420.594930895             1492
   559.75746968371050        1.0620139883804511E-005   32813808.763664059             1493
   560.13251656457055        1.0602173364399191E-005   32814196.419275217             1494
   560.50756344543072        1.0584250832446492E-005   32814583.562781118             1495
   560.88261032629077        1.0566372149008391E-005   32814970.195195835             1496
   561.25765720715094        1.0548537175661327E-005   32815356.317530770             1497
   561.63270408801088        1.0530745774510495E-005   32815741.930794641             1498
   562.00775096887116        1.0512997808192789E-005   32816127.035993528             1499
   562.38279784973111        1.0495293139906822E-005   32816511.634130850             1500
   562.75784473059127        1.0477631633327567E-005   32816895.726207383             1501
   563.13289161145156        1.0460013152693439E-005   32817279.313221276             1502
   563.50793849231150        1.0442437562754451E-005   32817662.396168057             1503
   563.88298537317166        1.0424904728790897E-005   32818044.976040643             1504
   564.25803225403172        1.0407414516565162E-005   32818427.053829324             1505
   564.63307913489189        1.0389966792419371E-005   32818808.630521823             1506
   565.00812601575194        1.0372561423124004E-005   32819189.707103249             1507
   565.38317289661211        1.0355198276042212E-005   32819570.284556143             1508
   565.75821977747216        1.0337877219001378E-005   32819950.363860469             1509
   566.13326665833233        1.0320598120338303E-005   32820329.945993632             1510
   566.50831353919239        1.0303360848912536E-005   32820709.031930480             1511
   566.88336042005255        1.0286165274063091E-005   32821087.622643311             1512
   567.25840730091249        1.0269011265644416E-005   32821465.719101883             1513
   567.63345418177278        1.0251898693994431E-005   32821843.322273437             1514
   568.00850106263272        1.0234827429955035E-005   32822220.433122672             1515
   568.38354794349289        1.0217797344867229E-005   32822597.052611791             1516
   568.75859482435305        1.0200808310569395E-005   32822973.181700479             1517
   569.13364170521311        1.0183860199340556E-005   32823348.821345929             1518
   569.50868858607339        1.0166952883991446E-005   32823723.972502843             1519
   569.88373546693333        1.0150086237820068E-005   32824098.636123445             1520
   570.25878234779350        1.0133260134572011E-005   32824472.813157484             1521
   570.63382922865355        1.0116474448504612E-005   32824846.504552238             1522
   571.00887610951372        1.0099729054343076E-005   32825219.711252533             1523
   571.38392299037378        1.0083023827262454E-005   32825592.434200753             1524
   571.75896987123394        1.0066358642956717E-005   32825964.674336828             1525
   572.13401675209400        1.0049733377553974E-005   32826336.432598259             1526
   572.50906363295417        1.0033147907663688E-005   32826707.709920123             1527
   572.88411051381422        1.0016602110372097E-005   32827078.507235080             1528
   573.25915739467439        1.0000095863213840E-005   32827448.825473372             1529
   573.63420427553433        9.9836290442020939E-006   32827818.665562849             1530
   574.00925115639461        9.9672015317908194E-006   32828188.028428964             1531
   574.38429803725455        9.9508132049101891E-006   32828556.914994784             1532
   574.75934491811472        9.9344639429493386E-006   32828925.326180991             1533
   575.13439179897500        9.9181536257198459E-006   32829293.262905896             1534
   575.50943867983494        9.9018821335349728E-006   32829660.726085462             1535
   575.88448556069511        9.8856493471153602E-006   32830027.716633279             1536
   576.25953244155517        9.8694551476442356E-006   32830394.235460587             1537
   576.63457932241533        9.8532994167749993E-006   32830760.283476301             1538
   577.00962620327539        9.8371820365738090E-006   32831125.861586981             1539
   577.38467308413556        9.8211028895585230E-006   32831490.970696885             1540
   577.75971996499561        9.8050618586862117E-006   32831855.611707933             1541
   578.13476684585578        9.7890588273672657E-006   32832219.785519745             1542
   578.50981372671583        9.7730936794302539E-006   32832583.493029635             1543
   578.88486060757600        9.7571662991586478E-006   32832946.735132616             1544
   579.25990748843594        9.7412765712308868E-006   32833309.512721412             1545
   579.63495436929622        9.7254243807968912E-006   32833671.826686475             1546
   580.01000125015617        9.7096096134162331E-006   32834033.677915979             1547
   580.38504813101633        9.6938321550870412E-006   32834395.067295820             1548
   580.76009501187661        9.6780918922156245E-006   32834755.995709643             1549
   581.13514189273656        9.6623887116472258E-006   32835116.464038841             1550
   581.51018877359672        9.6467225006352935E-006   32835476.473162565             1551
   581.88523565445678        9.6310931468686885E-006   32835836.023957711             1552
   582.26028253531695        9.6155005384324575E-006   32836195.117298968             1553
   582.63532941617700        9.5999445638525566E-006   32836553.754058778             1554
   583.01037629703717        9.5844251120597968E-006   32836911.935107376             1555
   583.38542317789722        9.5689420723866876E-006   32837269.661312796             1556
   583.76047005875739        9.5534953345764122E-006   32837626.933540847             1557
   584.13551693961745        9.5380847887947419E-006   32837983.752655163             1558
   584.51056382047761        9.5227103256159297E-006   32838340.119517181             1559
   584.88561070133755        9.5073718360086869E-006   32838696.034986146             1560
   585.26065758219784        9.4920692113374278E-006   32839051.499919146             1561
   585.63570446305778        9.4768023433928905E-006   32839406.515171092             1562
   586.01075134391795        9.4615711243347093E-006   32839761.081594728             1563
   586.38579822477811        9.4463754467543226E-006   32840115.200040650             1564
   586.76084510563817        9.4312152036167846E-006   32840468.871357307             1565
   587.13589198649834        9.4160902882796647E-006   32840822.096390996             1566
   587.51093886735839        9.4010005945015431E-006   32841174.875985894             1567
   587.88598574821856        9.3859460164361375E-006   32841527.210984044             1568
   588.26103262907861        9.3709264486298755E-006   32841879.102225367             1569
   588.63607950993878        9.3559417859961242E-006   32842230.550547671             1570
   589.01112639079884        9.3409919238653488E-006   32842581.556786653             1571
   589.38617327165900        9.3260767579118333E-006   32842932.121775918             1572
   589.76122015251906        9.3111961842269257E-006   32843282.246346965             1573
   590.13626703337923        9.2963500992793675E-006   32843631.931329213             1574
   590.51131391423917        9.2815383998951758E-006   32843981.177549999             1575
   590.88636079509945        9.2667609832967736E-006   32844329.985834584             1576
   591.26140767595939        9.2520177470768833E-006   32844678.357006151             1577
   591.63645455681956        9.2373085892215264E-006   32845026.291885845             1578
   592.01150143767961        9.2226334080552601E-006   32845373.791292727             1579
   592.38654831853978        9.2079921022883276E-006   32845720.856043834             1580
   592.76159519940006        9.1933845710145071E-006   32846067.486954145             1581
   593.13664208026000        9.1788107136782111E-006   32846413.684836604             1582
   593.51168896112017        9.1642704300989811E-006   32846759.450502139             1583
   593.88673584198023        9.1497636204638079E-006   32847104.784759633             1584
   594.26178272284039        9.1352901853054196E-006   32847449.688415967             1585
   594.63682960370045        9.1208500255486542E-006   32847794.162276007             1586
   595.01187648456062        9.1064430424562329E-006   32848138.207142618             1587
   595.38692336542067        9.0920691376433392E-006   32848481.823816657             1588
   595.76197024628084        9.0777282131022912E-006   32848825.013096999             1589
   596.13701712714078        9.0634201711802019E-006   32849167.775780529             1590
   596.51206400800106        9.0491449145539481E-006   32849510.112662155             1591
   596.88711088886100        9.0349023462836192E-006   32849852.024534799             1592
   597.26215776972128        9.0206923697566355E-006   32850193.512189433             1593
   597.63720465058122        9.0065148887219701E-006   32850534.576415058             1594
   598.01225153144139        8.9923698072827167E-006   32850875.217998721             1595
   598.38729841230156        8.9782570298662927E-006   32851215.437725518             1596
   598.76234529316162        8.9641764612789700E-006   32851555.236378603             1597
   599.13739217402178        8.9501280066276593E-006   32851894.614739195             1598
   599.51243905488184        8.9361115714014272E-006   32852233.573586576             1599
   599.88748593574201        8.9221270614085988E-006   32852572.113698117             1600
   600.26253281660206        8.9081743827947627E-006   32852910.235849250             1601
   600.63757969746223        8.8942534420611287E-006   32853247.940813504             1602
   601.01262657832228        8.8803641460190717E-006   32853585.229362503             1603
   601.38767345918245        8.8665064018497303E-006   32853922.102265961             1604
   601.76272034004251        8.8526801170356056E-006   32854258.560291704             1605
   602.13776722090267        8.8388851994057063E-006   32854594.604205664             1606
   602.51281410176261        8.8251215571218522E-006   32854930.234771889             1607
   602.88786098262290        8.8113890986586893E-006   32855265.452752545             1608
   603.26290786348284        8.7976877328498328E-006   32855600.258907933             1609
   603.63795474434301        8.7840173688196945E-006   32855934.653996486             1610
   604.01300162520317        8.7703779160352923E-006   32856268.638774768             1611
   604.38804850606323        8.7567692843101383E-006   32856602.213997494             1612
   604.76309538692340        8.7431913837321949E-006   32856935.380417533             1613
   605.13814226778345        8.7296441247452295E-006   32857268.138785899             1614
   605.51318914864362        8.7161274180927844E-006   32857600.489851780             1615
   605.88823602950367        8.7026411748652399E-006   32857932.434362520             1616
   606.26328291036384        8.6891853064347926E-006   32858263.973063640             1617
   606.63832979122390        8.6757597245229488E-006   32858595.106698845             1618
   607.01337667208406        8.6623643411217910E-006   32858925.836010017             1619
   607.38842355294412        8.6489990685899315E-006   32859256.161737226             1620
   607.76347043380429        8.6356638195532653E-006   32859586.084618740             1621
   608.13851731466423        8.6223585069713323E-006   32859915.605391029             1622
   608.51356419552451        8.6090830441005693E-006   32860244.724788770             1623
   608.88861107638445        8.5958373445268764E-006   32860573.443544846             1624
   609.26365795724462        8.5826213221102014E-006   32860901.762390364             1625
   609.63870483810467        8.5694348910483089E-006   32861229.682054643             1626
   610.01375171896484        8.5562779658149932E-006   32861557.203265235             1627
   610.38879859982501        8.5431504612023718E-006   32861884.326747935             1628
   610.76384548068506        8.5300522923083971E-006   32862211.053226762             1629
   611.13889236154523        8.5169833745091464E-006   32862537.383423977             1630
   611.51393924240529        8.5039436235035488E-006   32862863.318060108             1631
   611.88898612326545        8.4909329552652142E-006   32863188.857853923             1632
   612.26403300412551        8.4779512861004976E-006   32863514.003522445             1633
   612.63907988498568        8.4649985325636213E-006   32863838.755780980             1634
   613.01412676584573        8.4520746115421149E-006   32864163.115343090             1635
   613.38917364670590        8.4391794402010437E-006   32864487.082920615             1636
   613.76422052756584        8.4263129359753137E-006   32864810.659223683             1637
   614.13926740842612        8.4134750166426778E-006   32865133.844960697             1638
   614.51431428928606        8.4006656002089101E-006   32865456.640838355             1639
   614.88936117014623        8.3878846050143696E-006   32865779.047561657             1640
   615.26440805100628        8.3751319496758699E-006   32866101.065833893             1641
   615.63945493186645        8.3624075530621895E-006   32866422.696356669             1642
   616.01450181272662        8.3497113343772563E-006   32866743.939829897             1643
   616.38954869358668        8.3370432130776813E-006   32867064.796951808             1644
   616.76459557444684        8.3244031088963168E-006   32867385.268418957             1645
   617.13964245530690        8.3117909418718043E-006   32867705.354926221             1646
   617.51468933616707        8.2992066323049077E-006   32868025.057166807             1647
   617.88973621702712        8.2866501007681569E-006   32868344.375832263             1648
   618.26478309788729        8.2741212681496180E-006   32868663.311612479             1649
   618.63982997874734        8.2616200555596883E-006   32868981.865195695             1650
   619.01487685960751        8.2491463844122044E-006   32869300.037268490             1651
   619.38992374046745        8.2367001764038662E-006   32869617.828515805             1652
   619.76497062132773        8.2242813534898914E-006   32869935.239620954             1653
   620.14001750218767        8.2118898379063451E-006   32870252.271265600             1654
   620.51506438304796        8.1995255521368445E-006   32870568.924129788             1655
   620.89011126390790        8.1871884189585493E-006   32870885.198891938             1656
   621.26515814476807        8.1748783614178202E-006   32871201.096228845             1657
   621.64020502562823        8.1625953028043193E-006   32871516.616815697             1658
   622.01525190648829        8.1503391667092949E-006   32871831.761326067             1659
   622.39029878734846        8.1381098769425756E-006   32872146.530431930             1660
   622.76534566820851        8.1259073576364147E-006   32872460.924803648             1661
   623.14039254906868        8.1137315331192773E-006   32872774.945110004             1662
   623.51543942992873        8.1015823280457143E-006   32873088.592018180             1663
   623.89048631078890        8.0894596672822396E-006   32873401.866193775             1664
   624.26553319164896        8.0773634759796805E-006   32873714.768300805             1665
   624.64058007250912        8.0652936795369606E-006   32874027.299001716             1666
   625.01562695336918        8.0532502036199421E-006   32874339.458957374             1667
   625.39067383422935        8.0412329741602253E-006   32874651.248827089             1668
   625.76572071508929        8.0292419173045825E-006   32874962.669268597             1669
   626.14076759594957        8.0172769594888713E-006   32875273.720938083             1670
   626.51581447680951        8.0053380273906722E-006   32875584.404490177             1671
   626.89086135766968        7.9934250479544438E-006   32875894.720577959             1672
   627.26590823852973        7.9815379483669878E-006   32876204.669852968             1673
   627.64095511938990        7.9696766560402503E-006   32876514.252965204             1674
   628.01600200025007        7.9578410986757528E-006   32876823.470563132             1675
   628.39104888111012        7.9460312041880150E-006   32877132.323293686             1676
   628.76609576197029        7.9342469007735847E-006   32877440.811802268             1677
   629.14114264283035        7.9224881168517031E-006   32877748.936732765             1678
   629.51618952369051        7.9107547810922215E-006   32878056.698727552             1679
   629.89123640455057        7.8990468224055059E-006   32878364.098427482             1680
   630.26628328541074        7.8873641699589057E-006   32878671.136471909             1681
   630.64133016627079        7.8757067531279774E-006   32878977.813498672             1682
   631.01637704713096        7.8640745015926321E-006   32879284.130144123             1683
   631.39142392799090        7.8524673451979518E-006   32879590.087043114             1684
   631.76647080885118        7.8408852140826413E-006   32879895.684829008             1685
   632.14151768971112        7.8293280385968482E-006   32880200.924133673             1686
   632.51656457057129        7.8177957493455772E-006   32880505.805587515             1687
   632.89161145143134        7.8062882771513867E-006   32880810.329819441             1688
   633.26665833229151        7.7948055530873346E-006   32881114.497456901             1689
   633.64170521315168        7.7833475084602333E-006   32881418.309125874             1690
   634.01675209401174        7.7719140748134473E-006   32881721.765450865             1691
   634.39179897487190        7.7605051838968109E-006   32882024.867054928             1692
   634.76684585573196        7.7491207677138528E-006   32882327.614559662             1693
   635.14189273659213        7.7377607584936178E-006   32882630.008585203             1694
   635.51693961745218        7.7264250887131143E-006   32882932.049750257             1695
   635.89198649831235        7.7151136910621915E-006   32883233.738672081             1696
   636.26703337917240        7.7038264984332684E-006   32883535.075966481             1697
   636.64208026003257        7.6925634440030906E-006   32883836.062247843             1698
   637.01712714089251        7.6813244611199790E-006   32884136.698129117             1699
   637.39217402175279        7.6701094833878719E-006   32884436.984221827             1700
   637.76722090261273        7.6589184446248851E-006   32884736.921136074             1701
   638.14226778347290        7.6477512788763288E-006   32885036.509480540             1702
   638.51731466433296        7.6366079204217587E-006   32885335.749862500             1703
   638.89236154519313        7.6254883037317684E-006   32885634.642887812             1704
   639.26740842605318        7.6143923635172515E-006   32885933.189160928             1705
   639.64245530691335        7.6033200347262250E-006   32886231.389284909             1706
   640.01750218777352        7.5922712524799183E-006   32886529.243861396             1707
   640.39254906863357        7.5812459521695304E-006   32886826.753490664             1708
   640.76759594949374        7.5702440693636546E-006   32887123.918771584             1709
   641.14264283035379        7.5592655398600284E-006   32887420.740301631             1710
   641.51768971121396        7.5483102996880800E-006   32887717.218676928             1711
   641.89273659207402        7.5373782850726677E-006   32888013.354492191             1712
   642.26778347293418        7.5264694324553928E-006   32888309.148340780             1713
   642.64283035379412        7.5155836785044377E-006   32888604.600814678             1714
   643.01787723465441        7.5047209600668378E-006   32888899.712504502             1715
   643.39292411551435        7.4938812142425896E-006   32889194.483999513             1716
   643.76797099637452        7.4830643783147292E-006   32889488.915887609             1717
   644.14301787723457        7.4722703897943717E-006   32889783.008755337             1718
   644.51806475809474        7.4614991863854566E-006   32890076.763187896             1719
   644.89311163895479        7.4507507060003596E-006   32890370.179769129             1720
   645.26815851981496        7.4400248867654922E-006   32890663.259081554             1721
   645.64320540067513        7.4293216670172262E-006   32890956.001706328             1722
   646.01825228153518        7.4186409852975825E-006   32891248.408223297             1723
   646.39329916239535        7.4079827803394102E-006   32891540.479210962             1724
   646.76834604325541        7.3973469910858622E-006   32891832.215246499             1725
   647.14339292411557        7.3867335566992038E-006   32892123.616905767             1726
   647.51843980497563        7.3761424165139407E-006   32892414.684763301             1727
   647.89348668583580        7.3655735101046341E-006   32892705.419392314             1728
   648.26853356669585        7.3550267772046871E-006   32892995.821364719             1729
   648.64358044755602        7.3445021577770823E-006   32893285.891251117             1730
   649.01862732841596        7.3339995919602036E-006   32893575.629620802             1731
   649.39367420927624        7.3235190201304552E-006   32893865.037041768             1732
   649.76872109013618        7.3130603828269777E-006   32894154.114080723             1733
   650.14376797099635        7.3026236207793566E-006   32894442.861303065             1734
   650.51881485185640        7.2922086749483806E-006   32894731.279272906             1735
   650.89386173271657        7.2818154864699753E-006   32895019.368553087             1736
   651.26890861357674        7.2714439966669659E-006   32895307.129705150             1737
   651.64395549443680        7.2610941470647589E-006   32895594.563289367             1738
   652.01900237529696        7.2507658793808138E-006   32895881.669864729             1739
   652.39404925615702        7.2404591355375721E-006   32896168.449988969             1740
   652.76909613701719        7.2301738576315412E-006   32896454.904218536             1741
   653.14414301787724        7.2199099879475343E-006   32896741.033108622             1742
   653.51918989873741        7.2096674689701991E-006   32897026.837213166             1743
   653.89423677959746        7.1994462433773601E-006   32897312.317084841             1744
   654.26928366045763        7.1892462540389915E-006   32897597.473275065             1745
   654.64433054131757        7.1790674439871290E-006   32897882.306334015             1746
   655.01937742217785        7.1689097564610454E-006   32898166.816810619             1747
   655.39442430303779        7.1587731348797861E-006   32898451.005252555             1748
   655.76947118389796        7.1486575228549710E-006   32898734.872206271             1749
   656.14451806475802        7.1385628641942455E-006   32899018.418216974             1750
   656.51956494561819        7.1284891028508625E-006   32899301.643828645             1751
   656.89461182647824        7.1184361829960816E-006   32899584.549584031             1752
   657.26965870733841        7.1084040489665076E-006   32899867.136024654             1753
   657.64470558819858        7.0983926452967783E-006   32900149.403690815             1754
   658.01975246905863        7.0884019166825437E-006   32900431.353121601             1755
   658.39479934991880        7.0784318080224422E-006   32900712.984854873             1756
   658.76984623077885        7.0684822643753383E-006   32900994.299427293             1757
   659.14489311163902        7.0585532309933905E-006   32901275.297374312             1758
   659.51993999249908        7.0486446532924134E-006   32901555.979230169             1759
   659.89498687335924        7.0387564768831584E-006   32901836.345527910             1760
   660.27003375421918        7.0288886475431410E-006   32902116.396799382             1761
   660.64508063507947        7.0190411112281566E-006   32902396.133575235             1762
   661.02012751593941        7.0092138140688986E-006   32902675.556384929             1763
   661.39517439679958        6.9994067023742651E-006   32902954.665756736             1764
   661.77022127765963        6.9896197226282309E-006   32903233.462217741             1765
   662.14526815851980        6.9798528214950574E-006   32903511.946293849             1766
   662.52031503937985        6.9701059457785074E-006   32903790.118509792             1767
   662.89536192024002        6.9603790425024120E-006   32904067.979389127             1768
   663.27040880110019        6.9506720588380674E-006   32904345.529454228             1769
   663.64545568196024        6.9409849421170082E-006   32904622.769226316             1770
   664.02050256282041        6.9313176398570942E-006   32904899.699225441             1771
   664.39554944368047        6.9216700997599175E-006   32905176.319970489             1772
   664.77059632454063        6.9120422696550461E-006   32905452.631979194             1773
   665.14564320540069        6.9024340975819189E-006   32905728.635768127             1774
   665.52069008626086        6.8928455317321206E-006   32906004.331852708             1775
   665.89573696712080        6.8832765204478807E-006   32906279.720747221             1776
   666.27078384798108        6.8737270122645691E-006   32906554.802964792             1777
   666.64583072884102        6.8641969558662093E-006   32906829.579017408             1778
   667.02087760970119        6.8546863001137011E-006   32907104.049415916             1779
   667.39592449056124        6.8451949940289325E-006   32907378.214670036             1780
   667.77097137142141        6.8357229867982064E-006   32907652.075288333             1781
   668.14601825228146        6.8262702277611352E-006   32907925.631778270             1782
   668.52106513314163        6.8168366664231746E-006   32908198.884646170             1783
   668.89611201400180        6.8074222524766543E-006   32908471.834397227             1784
   669.27115889486186        6.7980269357341810E-006   32908744.481535520             1785
   669.64620577572202        6.7886506662116459E-006   32909016.826564025             1786
   670.02125265658208        6.7792933940556916E-006   32909288.869984582             1787
   670.39629953744225        6.7699550695804860E-006   32909560.612297930             1788
   670.77134641830230        6.7606356432575361E-006   32909832.054003701             1789
   671.14639329916247        6.7513350657279432E-006   32910103.195600417             1790
   671.52144018002241        6.7420532877835960E-006   32910374.037585508             1791
   671.89648706088269        6.7327902603708344E-006   32910644.580455292             1792
   672.27153394174263        6.7235459345916814E-006   32910914.824705008             1793
   672.64658082260291        6.7143202617063306E-006   32911184.770828787             1794
   673.02162770346285        6.7051131931459585E-006   32911454.419319686             1795
   673.39667458432302        6.6959246804638550E-006   32911723.770669650             1796
   673.77172146518308        6.6867546754015488E-006   32911992.825369570             1797
   674.14676834604325        6.6776031298386940E-006   32912261.583909236             1798
   674.52181522690330        6.6684699958007039E-006   32912530.046777368             1799
   674.89686210776347        6.6593552254758655E-006   32912798.214461613             1800
   675.27190898862364        6.6502587712090902E-006   32913066.087448541             1801
   675.64695586948369        6.6411805854839737E-006   32913333.666223660             1802
   676.02200275034386        6.6321206209432816E-006   32913600.951271400             1803
   676.39704963120391        6.6230788303824352E-006   32913867.943075139             1804
   676.77209651206408        6.6140551667457228E-006   32914134.642117195             1805
   677.14714339292414        6.6050495831082536E-006   32914401.048878830             1806
   677.52219027378430        6.5960620327258494E-006   32914667.163840238             1807
   677.89723715464424        6.5870924689748377E-006   32914932.987480577             1808
   678.27228403550453        6.5781408453951464E-006   32915198.520277951             1809
   678.64733091636447        6.5692071156654174E-006   32915463.762709416             1810
   679.02237779722464        6.5602912336247134E-006   32915728.715250988             1811
   679.39742467808469        6.5513931532343644E-006   32915993.378377639             1812
   679.77247155894486        6.5425128286252662E-006   32916257.752563313             1813
   680.14751843980491        6.5336502140568501E-006   32916521.838280916             1814
   680.52256532066508        6.5248052639320335E-006   32916785.636002313             1815
   680.89761220152513        6.5159779328127289E-006   32917049.146198358             1816
   681.27265908238530        6.5071681753884828E-006   32917312.369338863             1817
   681.64770596324547        6.4983759465081453E-006   32917575.305892620             1818
   682.02275284410553        6.4896012011412098E-006   32917837.956327412             1819
   682.39779972496569        6.4808438944218123E-006   32918100.321109992             1820
   682.77284660582575        6.4721039816047241E-006   32918362.400706101             1821
   683.14789348668592        6.4633814180906410E-006   32918624.195580479             1822
   683.52294036754586        6.4546761594380022E-006   32918885.706196841             1823
   683.89798724840614        6.4459881613159784E-006   32919146.933017902             1824
   684.27303412926608        6.4373173795618317E-006   32919407.876505382             1825
   684.64808101012625        6.4286637701169291E-006   32919668.537119981             1826
   685.02312789098630        6.4200272891054926E-006   32919928.915321421             1827
   685.39817477184647        6.4114078927387190E-006   32920189.011568408             1828
   685.77322165270652        6.4028055374171044E-006   32920448.826318674             1829
   686.14826853356669        6.3942201796268723E-006   32920708.360028952             1830
   686.52331541442686        6.3856517760260641E-006   32920967.613154989             1831
   686.89836229528692        6.3771002833964501E-006   32921226.586151548             1832
   687.27340917614708        6.3685656586606036E-006   32921485.279472403             1833
   687.64845605700714        6.3600478588478959E-006   32921743.693570349             1834
   688.02350293786731        6.3515468411664175E-006   32922001.828897219             1835
   688.39854981872736        6.3430625629327669E-006   32922259.685903858             1836
   688.77359669958753        6.3345949815779507E-006   32922517.265040141             1837
   689.14864358044747        6.3261440547089592E-006   32922774.566754978             1838
   689.52369046130775        6.3177097400306387E-006   32923031.591496311             1839
   689.89873734216769        6.3092919953912968E-006   32923288.339711115             1840
   690.27378422302786        6.3008907787722199E-006   32923544.811845407             1841
   690.64883110388791        6.2925060482752410E-006   32923801.008344244             1842
   691.02387798474808        6.2841377621531547E-006   32924056.929651730             1843
   691.39892486560814        6.2757858787572728E-006   32924312.576211017             1844
   691.77397174646831        6.2674503566066201E-006   32924567.948464293             1845
   692.14901862732836        6.2591311543094288E-006   32924823.046852808             1846
   692.52406550818853        6.2508282306311967E-006   32925077.871816866             1847
   692.89911238904870        6.2425415444409906E-006   32925332.423795830             1848
   693.27415926990875        6.2342710547617266E-006   32925586.703228116             1849
   693.64920615076892        6.2260167207255564E-006   32925840.710551202             1850
   694.02425303162897        6.2177785015942460E-006   32926094.446201637             1851
   694.39929991248914        6.2095563567563838E-006   32926347.910615031             1852
   694.77434679334908        6.2013502457317233E-006   32926601.104226060             1853
   695.14939367420936        6.1931601281462051E-006   32926854.027468480             1854
   695.52444055506930        6.1849859637708941E-006   32927106.680775117             1855
   695.89948743592947        6.1768277124923197E-006   32927359.064577878             1856
   696.27453431678953        6.1686853343275987E-006   32927611.179307736             1857
   696.64958119764970        6.1605587893985631E-006   32927863.025394764             1858
   697.02462807850975        6.1524480379644735E-006   32928114.603268106             1859
   697.39967495936992        6.1443530404071780E-006   32928365.913355991             1860
   697.77472184022997        6.1362737572300681E-006   32928616.956085745             1861
   698.14976872109014        6.1282101490447084E-006   32928867.731883783             1862
   698.52481560195019        6.1201621766062353E-006   32929118.241175611             1863
   698.89986248281036        6.1121298007710549E-006   32929368.484385837             1864
   699.27490936367053        6.1041129825261341E-006   32929618.461938161             1865
   699.64995624453059        6.0961116829720201E-006   32929868.174255390             1866
   700.02500312539075        6.0881258633198317E-006   32930117.621759430             1867
   700.40005000625081        6.0801554849229717E-006   32930366.804871283             1868
   700.77509688711098        6.0722005092391260E-006   32930615.724011078             1869
   701.15014376797092        6.0642608978486936E-006   32930864.379598048             1870
   701.52519064883120        6.0563366124288013E-006   32931112.772050533             1871
   701.90023752969114        6.0484276148037055E-006   32931360.901785992             1872
   702.27528441055131        6.0405338669062438E-006   32931608.769221000             1873
   702.65033129141136        6.0326553307669928E-006   32931856.374771252             1874
   703.02537817227153        6.0247919685504621E-006   32932103.718851570             1875
   703.40042505313158        6.0169437425329781E-006   32932350.801875889             1876
   703.77547193399175        6.0091106150995465E-006   32932597.624257285             1877
   704.15051881485181        6.0012925487619816E-006   32932844.186407954             1878
   704.52556569571198        5.9934895061287559E-006   32933090.488739226             1879
   704.90061257657214        5.9857014499430143E-006   32933336.531661563             1880
   705.27565945743220        5.9779283430436290E-006   32933582.315584559             1881
   705.65070633829237        5.9701701483881348E-006   32933827.840916954             1882
   706.02575321915242        5.9624268290424013E-006   32934073.108066626             1883
   706.40080010001259        5.9546983481983618E-006   32934318.117440596             1884
   706.77584698087253        5.9469846691397140E-006   32934562.869445030             1885
   707.15089386173281        5.9392857552901750E-006   32934807.364485234             1886
   707.52594074259275        5.9316015701467566E-006   32935051.602965675             1887
   707.90098762345292        5.9239320773367586E-006   32935295.585289963             1888
   708.27603450431297        5.9162772406069322E-006   32935539.311860863             1889
   708.65108138517314        5.9086370237998073E-006   32935782.783080302             1890
   709.02612826603320        5.9010113908680808E-006   32936025.999349359             1891
   709.40117514689337        5.8934003058798452E-006   32936268.961068280             1892
   709.77622202775342        5.8858037330013573E-006   32936511.668636460             1893
   710.15126890861359        5.8782216365213912E-006   32936754.122452475             1894
   710.52631578947376        5.8706539808205461E-006   32936996.322914060             1895
   710.90136267033381        5.8631007304029104E-006   32937238.270418119             1896
   711.27640955119398        5.8555618498681803E-006   32937479.965360735             1897
   711.65145643205403        5.8480373039212187E-006   32937721.408137150             1898
   712.02650331291420        5.8405270573807841E-006   32937962.599141791             1899
   712.40155019377414        5.8330310751750225E-006   32938203.538768269             1900
   712.77659707463442        5.8255493223190701E-006   32938444.227409363             1901
   713.15164395549436        5.8180817639495183E-006   32938684.665457036             1902
   713.52669083635453        5.8106283653021004E-006   32938924.853302438             1903
   713.90173771721459        5.8031890917243929E-006   32939164.791335914             1904
   714.27678459807476        5.7957639086451219E-006   32939404.479946986             1905
   714.65183147893481        5.7883527816310913E-006   32939643.919524364             1906
   715.02687835979498        5.7809556763157111E-006   32939883.110455960             1907
   715.40192524065503        5.7735725584682998E-006   32940122.053128880             1908
   715.77697212151520        5.7662033939393526E-006   32940360.747929424             1909
   716.15201900237525        5.7588481486867027E-006   32940599.195243087             1910
   716.52706588323542        5.7515067887661823E-006   32940837.395454574             1911
   716.90211276409559        5.7441792803482256E-006   32941075.348947782             1912
   717.27715964495565        5.7368655896943600E-006   32941313.056105822             1913
   717.65220652581581        5.7295656831654944E-006   32941550.517311011             1914
   718.02725340667575        5.7222795272246444E-006   32941787.732944872             1915
   718.40230028753604        5.7150070884329861E-006   32942024.703388147             1916
   718.77734716839598        5.7077483334629428E-006   32942261.429020781             1917
   719.15239404925615        5.7005032290738601E-006   32942497.910221934             1918
   719.52744093011620        5.6932717421203392E-006   32942734.147369996             1919
   719.90248781097637        5.6860538395700316E-006   32942970.140842568             1920
   720.27753469183642        5.6788494884700937E-006   32943205.891016468             1921
   720.65258157269659        5.6716586559918077E-006   32943441.398267746             1922
   721.02762845355664        5.6644813093827805E-006   32943676.662971675             1923
   721.40267533441681        5.6573174159869418E-006   32943911.685502749             1924
   721.77772221527687        5.6501669432661019E-006   32944146.466234706             1925
   722.15276909613704        5.6430298587445603E-006   32944381.005540498             1926
   722.52781597699720        5.6359061300780538E-006   32944615.303792324             1927
   722.90286285785726        5.6287957250026511E-006   32944849.361361612             1928
   723.27790973871743        5.6216986113368854E-006   32945083.178619027             1929
   723.65295661957737        5.6146147570199235E-006   32945316.755934477             1930
   724.02800350043765        5.6075441300656627E-006   32945550.093677107             1931
   724.40305038129759        5.6004866985944645E-006   32945783.192215309             1932
   724.77809726215787        5.5934424308191644E-006   32946016.051916715             1933
   725.15314414301781        5.5864112950348474E-006   32946248.673148204             1934
   725.52819102387798        5.5793932596475640E-006   32946481.056275915             1935
   725.90323790473803        5.5723882931343437E-006   32946713.201665230             1936
   726.27828478559820        5.5653963640936040E-006   32946945.109680776             1937
   726.65333166645826        5.5584174411976662E-006   32947176.780686442             1938
   727.02837854731843        5.5514514932065679E-006   32947408.215045389             1939
   727.40342542817848        5.5444984889905572E-006   32947639.413120005             1940
   727.77847230903865        5.5375583974929832E-006   32947870.375271965             1941
   728.15351918989882        5.5306311877596308E-006   32948101.101862192             1942
   728.52856607075887        5.5237168289270469E-006   32948331.593250878             1943
   728.90361295161904        5.5168152902175372E-006   32948561.849797480             1944
   729.27865983247909        5.5099265409387477E-006   32948791.871860724             1945
   729.65370671333926        5.5030505504999666E-006   32949021.659798607             1946
   730.02875359419920        5.4961872884043952E-006   32949251.213968396             1947
   730.40380047505948        5.4893367242150717E-006   32949480.534726627             1948
   730.77884735591942        5.4824988276249008E-006   32949709.622429118             1949
   731.15389423677959        5.4756735683871201E-006   32949938.477430966             1950
   731.52894111763965        5.4688609163462158E-006   32950167.100086536             1951
   731.90398799849982        5.4620608414513351E-006   32950395.490749486             1952
   732.27903487935987        5.4552733137109895E-006   32950623.649772745             1953
   732.65408176022004        5.4484983032525783E-006   32950851.577508535             1954
   733.02912864108009        5.4417357802761087E-006   32951079.274308369             1955
   733.40417552194026        5.4349857150559419E-006   32951306.740523029             1956
   733.77922240280031        5.4282480779806420E-006   32951533.976502609             1957
   734.15426928366048        5.4215228395069628E-006   32951760.982596483             1958
   734.52931616452065        5.4148099701718636E-006   32951987.759153314             1959
   734.90436304538071        5.4081094406105315E-006   32952214.306521069             1960
   735.27940992624087        5.4014212215453616E-006   32952440.625047009             1961
   735.65445680710081        5.3947452837816507E-006   32952666.715077702             1962
   736.02950368796110        5.3880815981934222E-006   32952892.576958999             1963
   736.40455056882104        5.3814301357585828E-006   32953118.211036067             1964
   736.77959744968121        5.3747908675446233E-006   32953343.617653374             1965
   737.15464433054126        5.3681637646710381E-006   32953568.797154695             1966
   737.52969121140143        5.3615487983698608E-006   32953793.749883104             1967
   737.90473809226148        5.3549459399566967E-006   32954018.476180997             1968
   738.27978497312165        5.3483551608058861E-006   32954242.976390071             1969
   738.65483185398170        5.3417764324006732E-006   32954467.250851341             1970
   739.02987873484187        5.3352097262939121E-006   32954691.299905136             1971
   739.40492561570193        5.3286550141220591E-006   32954915.123891104             1972
   739.77997249656210        5.3221122676059665E-006   32955138.723148204             1973
   740.15501937742226        5.3155814585397733E-006   32955362.098014720             1974
   740.53006625828232        5.3090625588253146E-006   32955585.248828255             1975
   740.90511313914249        5.3025555404062208E-006   32955808.175925739             1976
   741.28016002000243        5.2960603753328127E-006   32956030.879643414             1977
   741.65520690086271        5.2895770357318220E-006   32956253.360316873             1978
   742.03025378172265        5.2831054938076432E-006   32956475.618281014             1979
   742.40530066258282        5.2766457218452048E-006   32956697.653870072             1980
   742.78034754344287        5.2701976922197683E-006   32956919.467417616             1981
   743.15539442430304        5.2637613773570179E-006   32957141.059256550             1982
   743.53044130516309        5.2573367497903121E-006   32957362.429719102             1983
   743.90548818602326        5.2509237821313817E-006   32957583.579136856             1984
   744.28053506688332        5.2445224470448429E-006   32957804.507840708             1985
   744.65558194774349        5.2381327173034850E-006   32958025.216160923             1986
   745.03062882860354        5.2317545657339116E-006   32958245.704427086             1987
   745.40567570946371        5.2253879652655341E-006   32958465.972968131             1988
   745.78072259032388        5.2190328888800327E-006   32958686.022112340             1989
   746.15576947118393        5.2126893096591595E-006   32958905.852187335             1990
   746.53081635204410        5.2063572007377187E-006   32959125.463520095             1991
   746.90586323290404        5.2000365353455956E-006   32959344.856436942             1992
   747.28091011376432        5.1937272867851437E-006   32959564.031263549             1993
   747.65595699462426        5.1874294284417193E-006   32959782.988324944             1994
   748.03100387548443        5.1811429337581420E-006   32960001.727945507             1995
   748.40605075634448        5.1748677762654451E-006   32960220.250448987             1996
   748.78109763720465        5.1686039295697704E-006   32960438.556158472             1997
   749.15614451806471        5.1623513673463037E-006   32960656.645396415             1998
   749.53119139892488        5.1561100633613174E-006   32960874.518484637             1999
   749.90623827978493        5.1498799914414748E-006   32961092.175744314             2000
   750.28128516064510        5.1436611254802718E-006   32961309.617495991             2001
   750.65633204150515        5.1374534394694584E-006   32961526.844059575             2002
   751.03137892236532        5.1312569074554021E-006   32961743.855754338             2003
   751.40642580322537        5.1250715035700175E-006   32961960.652898926             2004
   751.78147268408554        5.1188972020016297E-006   32962177.235811353             2005
   752.15651956494571        5.1127339770353680E-006   32962393.604809005             2006
   752.53156644580577        5.1065818030114719E-006   32962609.760208640             2007
   752.90661332666593        5.1004406543514236E-006   32962825.702326395             2008
   753.28166020752587        5.0943105055459627E-006   32963041.431477781             2009
   753.65670708838616        5.0881913311590277E-006   32963256.947977681             2010
   754.03175396924610        5.0820831058246179E-006   32963472.252140373             2011
   754.40680085010626        5.0759858042546265E-006   32963687.344279498             2012
   754.78184773096632        5.0698994012309725E-006   32963902.224708091             2013
   755.15689461182649        5.0638238715902901E-006   32964116.893738568             2014
   755.53194149268654        5.0577591902627577E-006   32964331.351682730             2015
   755.90698837354671        5.0517053322460712E-006   32964545.598851763             2016
   756.28203525440676        5.0456622725907650E-006   32964759.635556251             2017
   756.65708213526693        5.0396299864483440E-006   32964973.462106157             2018
   757.03212901612699        5.0336084490018881E-006   32965187.078810837             2019
   757.40717589698716        5.0275976355392796E-006   32965400.485979050             2020
   757.78222277784732        5.0215975213984859E-006   32965613.683918942             2021
   758.15726965870738        5.0156080819947884E-006   32965826.672938049             2022
   758.53231653956755        5.0096292928057225E-006   32966039.453343321             2023
   758.90736342042749        5.0036611293858853E-006   32966252.025441092             2024
   759.28241030128777        4.9977035673540407E-006   32966464.389537096             2025
   759.65745718214771        4.9917565823948695E-006   32966676.545936488             2026
   760.03250406300788        4.9858201502691797E-006   32966888.494943805             2027
   760.40755094386793        4.9798942468043603E-006   32967100.236862998             2028
   760.78259782472810        4.9739788478803800E-006   32967311.771997426             2029
   761.15764470558815        4.9680739294702834E-006   32967523.100649849             2030
   761.53269158644832        4.9621794675933922E-006   32967734.223122444             2031
   761.90773846730838        4.9562954383460105E-006   32967945.139716800             2032
   762.28278534816855        4.9504218178855466E-006   32968155.850733902             2033
   762.65783222902860        4.9445585824489859E-006   32968366.356474172             2034
   763.03287910988877        4.9387057083267648E-006   32968576.657237425             2035
   763.40792599074882        4.9328631718824408E-006   32968786.753322907             2036
   763.78297287160899        4.9270309495367249E-006   32968996.645029277             2037
   764.15801975246916        4.9212090177822370E-006   32969206.332654618             2038
   764.53306663332910        4.9153973531833195E-006   32969415.816496417             2039
   764.90811351418938        4.9095959323567961E-006   32969625.096851606             2040
   765.28316039504932        4.9038047319988626E-006   32969834.174016528             2041
   765.65820727590949        4.8980237288586111E-006   32970043.048286948             2042
   766.03325415676954        4.8922528997526829E-006   32970251.719958063             2043
   766.40830103762971        4.8864922215718999E-006   32970460.189324502             2044
   766.78334791848977        4.8807416712640471E-006   32970668.456680309             2045
   767.15839479934994        4.8750012258260990E-006   32970876.522318970             2046
   767.53344168020999        4.8692708623545363E-006   32971084.386533402             2047
   767.90848856107016        4.8635505579671122E-006   32971292.049615946             2048
   768.28353544193021        4.8578402898811779E-006   32971499.511858393             2049
   768.65858232279038        4.8521400353611733E-006   32971706.773551952             2050
   769.03362920365043        4.8464497717335832E-006   32971913.834987283             2051
   769.40867608451060        4.8407694763894676E-006   32972120.696454480             2052
   769.78372296537077        4.8350991267849091E-006   32972327.358243082             2053
   770.15876984623071        4.8294387004383345E-006   32972533.820642054             2054
   770.53381672709099        4.8237881749234395E-006   32972740.083939821             2055
   770.90886360795093        4.8181475278923693E-006   32972946.148424242             2056
   771.28391048881110        4.8125167370348073E-006   32973152.014382619             2057
   771.65895736967116        4.8068957801233594E-006   32973357.682101715             2058
   772.03400425053132        4.8012846349901316E-006   32973563.151867732             2059
   772.40905113139138        4.7956832795031720E-006   32973768.423966318             2060
   772.78409801225155        4.7900916916324877E-006   32973973.498682570             2061
   773.15914489311160        4.7845098493748182E-006   32974178.376301050             2062
   773.53419177397177        4.7789377308106558E-006   32974383.057105761             2063
   773.90923865483182        4.7733753140590051E-006   32974587.541380171             2064
   774.28428553569199        4.7678225773098772E-006   32974791.829407185             2065
   774.65933241655193        4.7622794988266204E-006   32974995.921469189             2066
   775.03437929741222        4.7567460569060270E-006   32975199.817848016             2067
   775.40942617827238        4.7512222299314656E-006   32975403.518824954             2068
   775.78447305913232        4.7457079963231938E-006   32975607.024680763             2069
   776.15951993999261        4.7402033345683798E-006   32975810.335695654             2070
   776.53456682085255        4.7347082232228370E-006   32976013.452149313             2071
   776.90961370171283        4.7292226408963967E-006   32976216.374320880             2072
   777.28466058257277        4.7237465662408715E-006   32976419.102488972             2073
   777.65970746343294        4.7182799779905804E-006   32976621.636931669             2074
   778.03475434429299        4.7128228549232448E-006   32976823.977926511             2075
   778.40980122515316        4.7073751758863313E-006   32977026.125750523             2076
   778.78484810601321        4.7019369197690928E-006   32977228.080680192             2077
   779.15989498687338        4.6965080655332646E-006   32977429.842991486             2078
   779.53494186773344        4.6910885921951208E-006   32977631.412959833             2079
   779.90998874859361        4.6856784788158672E-006   32977832.790860150             2080
   780.28503562945366        4.6802777045309900E-006   32978033.976966821             2081
   780.66008251031383        4.6748862485270552E-006   32978234.971553713             2082
   781.03512939117388        4.6695040900451148E-006   32978435.774894170             2083
   781.41017627203405        4.6641312083819988E-006   32978636.387261014             2084
   781.78522315289422        4.6587675828927656E-006   32978836.808926549             2085
   782.16027003375416        4.6534131929969872E-006   32979037.040162567             2086
   782.53531691461444        4.6480680181505892E-006   32979237.081240341             2087
   782.91036379547438        4.6427320378784991E-006   32979436.932430625             2088
   783.28541067633455        4.6374052317608227E-006   32979636.594003659             2089
   783.66045755719460        4.6320875794435912E-006   32979836.066229176             2090
   784.03550443805477        4.6267790606015901E-006   32980035.349376395             2091
   784.41055131891494        4.6214796549887100E-006   32980234.443714026             2092
   784.78559819977500        4.6161893424024131E-006   32980433.349510271             2093
   785.16064508063505        4.6109081026958496E-006   32980632.067032814             2094
   785.53569196149522        4.6056359157816127E-006   32980830.596548844             2095
   785.91073884235539        4.6003727616308386E-006   32981028.938325051             2096
   786.28578572321544        4.5951186202494034E-006   32981227.092627600             2097
   786.66083260407538        4.5898734717155742E-006   32981425.059722163             2098
   787.03587948493566        4.5846372961535805E-006   32981622.839873921             2099
   787.41092636579583        4.5794100737488290E-006   32981820.433347542             2100
   787.78597324665577        4.5741917847379284E-006   32982017.840407193             2101
   788.16102012751583        4.5689824093957946E-006   32982215.061316550             2102
   788.53606700837599        4.5637819280786368E-006   32982412.096338790             2103
   788.91111388923616        4.5585903211668670E-006   32982608.945736598             2104
   789.28616077009622        4.5534075691162723E-006   32982805.609772153             2105
   789.66120765095627        4.5482336524190776E-006   32983002.088707149             2106
   790.03625453181655        4.5430685516347611E-006   32983198.382802788             2107
   790.41130141267661        4.5379122473628794E-006   32983394.492319778             2108
   790.78634829353666        4.5327647202626149E-006   32983590.417518333             2109
   791.16139517439683        4.5276259510470547E-006   32983786.158658192             2110
   791.53644205525700        4.5224959204673647E-006   32983981.715998590             2111
   791.91148893611705        4.5173746093381210E-006   32984177.089798279             2112
   792.28653581697699        4.5122619985343054E-006   32984372.280315541             2113
   792.66158269783728        4.5071580689564787E-006   32984567.287808154             2114
   793.03662957869744        4.5020628015882133E-006   32984762.112533420             2115
   793.41167645955738        4.4969761774287077E-006   32984956.754748162             2116
   793.78672334041744        4.4918981775641339E-006   32985151.214708716             2117
   794.16177022127761        4.4868287831016057E-006   32985345.492670942             2118
   794.53681710213777        4.4817679752160497E-006   32985539.588890228             2119
   794.91186398299783        4.4767157351311112E-006   32985733.503621470             2120
   795.28691086385788        4.4716720441156578E-006   32985927.237119097             2121
   795.66195774471817        4.4666368834933634E-006   32986120.789637059             2122
   796.03700462557822        4.4616102346269673E-006   32986314.161428835             2123
   796.41205150643827        4.4565920789473116E-006   32986507.352747429             2124
   796.78709838729844        4.4515823979248916E-006   32986700.363845374             2125
   797.16214526815861        4.4465811730719183E-006   32986893.194974724             2126
   797.53719214901867        4.4415883859614744E-006   32987085.846387081             2127
   797.91223902987861        4.4366040182159790E-006   32987278.318333562             2128
   798.28728591073889        4.4316280514970689E-006   32987470.611064821             2129
   798.66233279159906        4.4266604675285936E-006   32987662.724831052             2130
   799.03737967245900        4.4217012480705246E-006   32987854.659881972             2131
   799.41242655331905        4.4167503749375219E-006   32988046.416466843             2132
   799.78747343417922        4.4118078299936994E-006   32988237.994834460             2133
   800.16252031503950        4.4068735951487739E-006   32988429.395233151             2134
   800.53756719589944        4.4019476523590079E-006   32988620.617910795             2135
   800.91261407675950        4.3970299836369320E-006   32988811.663114797             2136
   801.28766095761966        4.3921205710353391E-006   32989002.531092118             2137
   801.66270783847983        4.3872193966520059E-006   32989193.222089246             2138
   802.03775471933989        4.3823264426459850E-006   32989383.736352220             2139
   802.41280160020005        4.3774416912018339E-006   32989574.074126624             2140
   802.78784848106022        4.3725651245722804E-006   32989764.235657584             2141
   803.16289536192028        4.3676967250478163E-006   32989954.221189778             2142
   803.53794224278022        4.3628364749656954E-006   32990144.030967418             2143
   803.91298912364050        4.3579843567047687E-006   32990333.665234279             2144
   804.28803600450067        4.3531403527077644E-006   32990523.124233678             2145
   804.66308288536072        4.3483044454495317E-006   32990712.408208486             2146
   805.03812976622066        4.3434766174525292E-006   32990901.517401125             2147
   805.41317664708083        4.3386568512860760E-006   32991090.452053566             2148
   805.78822352794111        4.3338451295741406E-006   32991279.212407328             2149
   806.16327040880105        4.3290414349706351E-006   32991467.798703503             2150
   806.53831728966111        4.3242457501876146E-006   32991656.211182728             2151
   806.91336417052128        4.3194580579754801E-006   32991844.450085185             2152
   807.28841105138144        4.3146783411418641E-006   32992032.515650637             2153
   807.66345793224150        4.3099065825243172E-006   32992220.408118390             2154
   808.03850481310167        4.3051427650192790E-006   32992408.127727311             2155
   808.41355169396184        4.3003868715549962E-006   32992595.674715832             2156
   808.78859857482189        4.2956388851147183E-006   32992783.049321949             2157
   809.16364545568194        4.2908987887214808E-006   32992970.251783211             2158
   809.53869233654211        4.2861665654501018E-006   32993157.282336734             2159
   809.91373921740228        4.2814421984037935E-006   32993344.141219206             2160
   810.28878609826234        4.2767256707540806E-006   32993530.828666873             2161
   810.66383297912228        4.2720169656961691E-006   32993717.344915554             2162
   811.03887985998244        4.2673160664721068E-006   32993903.690200631             2163
   811.41392674084273        4.2626229563824213E-006   32994089.864757050             2164
   811.78897362170267        4.2579376187532565E-006   32994275.868819341             2165
   812.16402050256272        4.2532600369667542E-006   32994461.702621594             2166
   812.53906738342289        4.2485901944381728E-006   32994647.366397470             2167
   812.91411426428306        4.2439280746420985E-006   32994832.860380206             2168
   813.28916114514311        4.2392736610817889E-006   32995018.184802610             2169
   813.66420802600328        4.2346269373085604E-006   32995203.339897074             2170
   814.03925490686345        4.2299878869179970E-006   32995388.325895548             2171
   814.41430178772350        4.2253564935395031E-006   32995573.143029578             2172
   814.78934866858356        4.2207327408643868E-006   32995757.791530278             2173
   815.16439554944373        4.2161166126086617E-006   32995942.271628335             2174
   815.53944243030389        4.2115080925379095E-006   32996126.583554022             2175
   815.91448931116395        4.2069071644575228E-006   32996310.727537196             2176
   816.28953619202389        4.2023138122191258E-006   32996494.703807279             2177
   816.66458307288406        4.1977280197140121E-006   32996678.512593303             2178
   817.03962995374434        4.1931497708767024E-006   32996862.154123854             2179
   817.41467683460428        4.1885790496811480E-006   32997045.628627121             2180
   817.78972371546433        4.1840158401453466E-006   32997228.936330874             2181
   818.16477059632450        4.1794601263255325E-006   32997412.077462468             2182
   818.53981747718467        4.1749118923186521E-006   32997595.052248839             2183
   818.91486435804472        4.1703711222735052E-006   32997777.860916521             2184
   819.28991123890478        4.1658378003730374E-006   32997960.503691632             2185
   819.66495811976506        4.1613119108294948E-006   32998142.980799880             2186
   820.04000500062511        4.1567934379176454E-006   32998325.292466562             2187
   820.41505188148517        4.1522823659417256E-006   32998507.438916575             2188
   820.79009876234534        4.1477786792428814E-006   32998689.420374393             2189
   821.16514564320551        4.1432823622040875E-006   32998871.237064101             2190
   821.54019252406556        4.1387933992611161E-006   32999052.889209364             2191
   821.91523940492550        4.1343117748797429E-006   32999234.377033446             2192
   822.29028628578567        4.1298374735636857E-006   32999415.700759221             2193
   822.66533316664595        4.1253704798608215E-006   32999596.860609137             2194
   823.04038004750589        4.1209107783573866E-006   32999777.856805261             2195
   823.41542692836595        4.1164583536840362E-006   32999958.689569242             2196
   823.79047380922611        4.1120131905066608E-006   33000139.359122347             2197
   824.16552069008628        4.1075752735275379E-006   33000319.865685422             2198
   824.54056757094634        4.1031445874974326E-006   33000500.209478937             2199
   824.91561445180639        4.0987211171937974E-006   33000680.390722945             2200
   825.29066133266667        4.0943048474470566E-006   33000860.409637120             2201
   825.66570821352673        4.0898957631258644E-006   33001040.266440719             2202
   826.04075509438678        4.0854938491203051E-006   33001219.961352631             2203
   826.41580197524695        4.0810990903738419E-006   33001399.494591329             2204
   826.79084885610712        4.0767114718751537E-006   33001578.866374902             2205
   827.16589573696717        4.0723309786413355E-006   33001758.076921050             2206
   827.54094261782711        4.0679575957152603E-006   33001937.126447078             2207
   827.91598949868740        4.0635913082049114E-006   33002116.015169900             2208
   828.29103637954756        4.0592321012437874E-006   33002294.743306037             2209
   828.66608326040750        4.0548799600022117E-006   33002473.311071627             2210
   829.04113014126756        4.0505348696828201E-006   33002651.718682423             2211
   829.41617702212773        4.0461968155422471E-006   33002829.966353785             2212
   829.79122390298789        4.0418657828635619E-006   33003008.054300692             2213
   830.16627078384795        4.0375417569705830E-006   33003185.982737724             2214
   830.54131766470800        4.0332247232180057E-006   33003363.751879103             2215
   830.91636454556829        4.0289146670083107E-006   33003541.361938640             2216
   831.29141142642834        4.0246115737769231E-006   33003718.813129786             2217
   831.66645830728839        4.0203154289970678E-006   33003896.105665594             2218
   832.04150518814856        4.0160262181787750E-006   33004073.239758749             2219
   832.41655206900873        4.0117439268679703E-006   33004250.215621538             2220
   832.79159894986878        4.0074685406469129E-006   33004427.033465892             2221
   833.16664583072873        4.0032000451370187E-006   33004603.693503350             2222
   833.54169271158901        3.9989384259985518E-006   33004780.195945069             2223
   833.91673959244918        3.9946836689230581E-006   33004956.541001845             2224
   834.29178647330912        3.9904357596385279E-006   33005132.728884082             2225
   834.66683335416917        3.9861946839120685E-006   33005308.759801824             2226
   835.04188023502934        3.9819604275447844E-006   33005484.633964725             2227
   835.41692711588951        3.9777329763816902E-006   33005660.351582076             2228
   835.79197399674956        3.9735123162927341E-006   33005835.912862804             2229
   836.16702087760962        3.9692984331916725E-006   33006011.318015445             2230
   836.54206775846978        3.9650913130199736E-006   33006186.567248173             2231
   836.91711463932995        3.9608909417649611E-006   33006361.660768796             2232
   837.29216152019001        3.9566973054404339E-006   33006536.598784748             2233
   837.66720840105017        3.9525103901009228E-006   33006711.381503101             2234
   838.04225528191034        3.9483301818420948E-006   33006886.009130549             2235
   838.41730216277040        3.9441566667732382E-006   33007060.481873427             2236
   838.79234904363034        3.9399898310647222E-006   33007234.799937703             2237
   839.16739592449062        3.9358296609068962E-006   33007408.963528976             2238
   839.54244280535079        3.9316761425312032E-006   33007582.972852487             2239
   839.91748968621073        3.9275292621988356E-006   33007756.828113113             2240
   840.29253656707078        3.9233890062039949E-006   33007930.529515356             2241
   840.66758344793095        3.9192553608899400E-006   33008104.077263381             2242
   841.04263032879112        3.9151283126201952E-006   33008277.471560962             2243
   841.41767720965117        3.9110078477897910E-006   33008450.712611537             2244
   841.79272409051123        3.9068939528456276E-006   33008623.800618175             2245
   842.16777097137140        3.9027866142491574E-006   33008796.735783584             2246
   842.54281785223156        3.8986858185183745E-006   33008969.518310122             2247
   842.91786473309162        3.8945915521738558E-006   33009142.148399778             2248
   843.29291161395179        3.8905038018033557E-006   33009314.626254197             2249
   843.66795849481196        3.8864225540082586E-006   33009486.952074662             2250
   844.04300537567201        3.8823477954280531E-006   33009659.126062103             2251
   844.41805225653195        3.8782795127370627E-006   33009831.148417097             2252
   844.79309913739223        3.8742176926407748E-006   33010003.019339863             2253
   845.16814601825240        3.8701623218802983E-006   33010174.739030275             2254
   845.54319289911234        3.8661133872376051E-006   33010346.307687849             2255
   845.91823977997240        3.8620708755085122E-006   33010517.725511748             2256
   846.29328666083256        3.8580347735373043E-006   33010688.992700800             2257
   846.66833354169273        3.8540050681985971E-006   33010860.109453470             2258
   847.04338042255279        3.8499817463992355E-006   33011031.075967874             2259
   847.41842730341284        3.8459647950792666E-006   33011201.892441791             2260
   847.79347418427301        3.8419542012069225E-006   33011372.559072640             2261
   848.16852106513318        3.8379499517867519E-006   33011543.076057501             2262
   848.54356794599323        3.8339520338596317E-006   33011713.443593111             2263
   848.91861482685340        3.8299604344879012E-006   33011883.661875855             2264
   849.29366170771357        3.8259751407846874E-006   33012053.731101785             2265
   849.66870858857362        3.8219961398727451E-006   33012223.651466593             2266
   850.04375546943356        3.8180234189237222E-006   33012393.423165645             2267
   850.41880235029384        3.8140569651323825E-006   33012563.046393961             2268
   850.79384923115401        3.8100967657355632E-006   33012732.521346211             2269
   851.16889611201395        3.8061428079873400E-006   33012901.848216731             2270
   851.54394299287401        3.8021950791870209E-006   33013071.027199522             2271
   851.91898987373418        3.7982535666561990E-006   33013240.058488246             2272
   852.29403675459446        3.7943182577559374E-006   33013408.942276221             2273
   852.66908363545440        3.7903891398690980E-006   33013577.678756423             2274
   853.04413051631445        3.7864662004188979E-006   33013746.268121503             2275
   853.41917739717462        3.7825494268569358E-006   33013914.710563775             2276
   853.79422427803479        3.7786388066606659E-006   33014083.006275214             2277
   854.16927115889484        3.7747343273533925E-006   33014251.155447464             2278
   854.54431803975478        3.7708359764715750E-006   33014419.158271827             2279
   854.91936492061518        3.7669437415937786E-006   33014587.014939278             2280
   855.29441180147523        3.7630576103235172E-006   33014754.725640465             2281
   855.66945868233529        3.7591775703019902E-006   33014922.290565696             2282
   856.04450556319546        3.7553036091915566E-006   33015089.709904958             2283
   856.41955244405563        3.7514357146976256E-006   33015256.983847894             2284
   856.79459932491568        3.7475738745363741E-006   33015424.112583824             2285
   857.16964620577562        3.7437180764814541E-006   33015591.096301746             2286
   857.54469308663579        3.7398683083153891E-006   33015757.935190327             2287
   857.91973996749607        3.7360245578588791E-006   33015924.629437901             2288
   858.29478684835601        3.7321868129591641E-006   33016091.179232489             2289
   858.66983372921607        3.7283550614967680E-006   33016257.584761765             2290
   859.04488061007623        3.7245292913862777E-006   33016423.846213095             2291
   859.41992749093640        3.7207094905614182E-006   33016589.963773515             2292
   859.79497437179646        3.7168956469927298E-006   33016755.937629737             2293
   860.17002125265651        3.7130877486811387E-006   33016921.767968155             2294
   860.54506813351679        3.7092857836498881E-006   33017087.454974838             2295
   860.92011501437685        3.7054897399668776E-006   33017252.998835526             2296
   861.29516189523690        3.7016996057111166E-006   33017418.399735648             2297
   861.67020877609707        3.6979153690074111E-006   33017583.657860316             2298
   862.04525565695724        3.6941370179936906E-006   33017748.773394305             2299
   862.42030253781729        3.6903645408470693E-006   33017913.746522088             2300
   862.79534941867723        3.6865979257757572E-006   33018078.577427812             2301
   863.17039629953740        3.6828371610147118E-006   33018243.266295310             2302
   863.54544318039768        3.6790822348173366E-006   33018407.813308105             2303
   863.92049006125762        3.6753331354774858E-006   33018572.218649384             2304
   864.29553694211768        3.6715898513225619E-006   33018736.482502040             2305
   864.67058382297785        3.6678523706958230E-006   33018900.605048638             2306
   865.04563070383801        3.6641206819765804E-006   33019064.586471435             2307
   865.42067758469807        3.6603947735649864E-006   33019228.426952370             2308
   865.79572446555812        3.6566746339006436E-006   33019392.126673076             2309
   866.17077134641829        3.6529602514394436E-006   33019555.685814872             2310
   866.54581822727846        3.6492516146816751E-006   33019719.104558762             2311
   866.92086510813851        3.6455487121397615E-006   33019882.383085441             2312
   867.29591198899868        3.6418515323631088E-006   33020045.521575291             2313
   867.67095886985885        3.6381600639230531E-006   33020208.520208396             2314
   868.04600575071890        3.6344742954310510E-006   33020371.379164517             2315
   868.42105263157885        3.6307942155062719E-006   33020534.098623119             2316
   868.79609951243901        3.6271198128143712E-006   33020696.678763356             2317
   869.17114639329930        3.6234510760344701E-006   33020859.119764067             2318
   869.54619327415924        3.6197879938926605E-006   33021021.421803795             2319
   869.92124015501929        3.6161305551195282E-006   33021183.585060783             2320
   870.29628703587946        3.6124787484895945E-006   33021345.609712947             2321
   870.67133391673963        3.6088325627950347E-006   33021507.495937925             2322
   871.04638079759968        3.6051919868577248E-006   33021669.243913032             2323
   871.42142767845974        3.6015570095348295E-006   33021830.853815287             2324
   871.79647455931990        3.5979276196990620E-006   33021992.325821415             2325
   872.17152144018007        3.5943038062595145E-006   33022153.660107821             2326
   872.54656832104013        3.5906855581409434E-006   33022314.856850628             2327
   872.92161520190029        3.5870728643120539E-006   33022475.916225653             2328
   873.29666208276046        3.5834657137462590E-006   33022636.838408407             2329
   873.67170896362052        3.5798640954609868E-006   33022797.623574112             2330
   874.04675584448046        3.5762679985023618E-006   33022958.271897685             2331
   874.42180272534063        3.5726774119212064E-006   33023118.783553742             2332
   874.79684960620091        3.5690923248240021E-006   33023279.158716612             2333
   875.17189648706085        3.5655127263198238E-006   33023439.397560325             2334
   875.54694336792090        3.5619386055515230E-006   33023599.500258606             2335
   875.92199024878107        3.5583699516994760E-006   33023759.466984894             2336
   876.29703712964124        3.5548067539545067E-006   33023919.297912341             2337
   876.67208401050129        3.5512490015432769E-006   33024078.993213784             2338
   877.04713089136135        3.5476966837133253E-006   33024238.553061783             2339
   877.42217777222152        3.5441497897424771E-006   33024397.977628600             2340
   877.79722465308168        3.5406083089239873E-006   33024557.267086204             2341
   878.17227153394174        3.5370722305951696E-006   33024716.421606276             2342
   878.54731841480191        3.5335415441032572E-006   33024875.441360209             2343
   878.92236529566208        3.5300162388269294E-006   33025034.326519094             2344
   879.29741217652213        3.5264963041673904E-006   33025193.077253744             2345
   879.67245905738207        3.5229817295618078E-006   33025351.693734683             2346
   880.04750593824235        3.5194725044656777E-006   33025510.176132135             2347
   880.42255281910252        3.5159686183548147E-006   33025668.524616051             2348
   880.79759969996246        3.5124700607353272E-006   33025826.739356082             2349
   881.17264658082252        3.5089768211394143E-006   33025984.820521604             2350
   881.54769346168268        3.5054888891176490E-006   33026142.768281706             2351
   881.92274034254285        3.5020062542663395E-006   33026300.582805179             2352
   882.29778722340291        3.4985289061788854E-006   33026458.264260538             2353
   882.67283410426296        3.4950568344897109E-006   33026615.812816016             2354
   883.04788098512313        3.4915900288547104E-006   33026773.228639562             2355
   883.42292786598330        3.4881284789626587E-006   33026930.511898838             2356
   883.79797474684335        3.4846721745065142E-006   33027087.662761234             2357
   884.17302162770329        3.4812211052310732E-006   33027244.681393843             2358
   884.54806850856369        3.4777752608750757E-006   33027401.567963481             2359
   884.92311538942374        3.4743346312379081E-006   33027558.322636697             2360
   885.29816227028368        3.4708992061021492E-006   33027714.945579745             2361
   885.67320915114396        3.4674689753186636E-006   33027871.436958600             2362
   886.04825603200413        3.4640439287199080E-006   33028027.796938971             2363
   886.42330291286407        3.4606240561983065E-006   33028184.025686283             2364
   886.79834979372413        3.4572093476515659E-006   33028340.123365674             2365
   887.17339667458430        3.4537997929978018E-006   33028496.090142012             2366
   887.54844355544446        3.4503953821969216E-006   33028651.926179893             2367
   887.92349043630452        3.4469961052123884E-006   33028807.631643634             2368
   888.29853731716457        3.4436019520507989E-006   33028963.206697278             2369
   888.67358419802474        3.4402129127298162E-006   33029118.651504587             2370
   889.04863107888491        3.4368289772990114E-006   33029273.966229051             2371
   889.42367795974496        3.4334501358175171E-006   33029429.151033897             2372
   889.79872484060490        3.4300763783827239E-006   33029584.206082061             2373
   890.17377172146530        3.4267076951128860E-006   33029739.131536223             2374
   890.54881860232535        3.4233440761509067E-006   33029893.927558783             2375
   890.92386548318530        3.4199855116511967E-006   33030048.594311871             2376
   891.29891236404558        3.4166319918008939E-006   33030203.131957345             2377
   891.67395924490575        3.4132835068197196E-006   33030357.540656794             2378
   892.04900612576569        3.4099400469326743E-006   33030511.820571542             2379
   892.42405300662574        3.4066016023997117E-006   33030665.971862640             2380
   892.79909988748591        3.4032681634962003E-006   33030819.994690865             2381
   893.17414676834608        3.3999397205278903E-006   33030973.889216740             2382
   893.54919364920613        3.3966162638162264E-006   33031127.655600507             2383
   893.92424053006619        3.3932977837178417E-006   33031281.294002149             2384
   894.29928741092635        3.3899842705943563E-006   33031434.804581378             2385
   894.67433429178652        3.3866757148482970E-006   33031588.187497642             2386
   895.04938117264658        3.3833721068901417E-006   33031741.442910131             2387
   895.42442805350652        3.3800734371654049E-006   33031894.570977759             2388
   895.79947493436691        3.3767796961281460E-006   33032047.571859181             2389
   896.17452181522697        3.3734908742748297E-006   33032200.445712790             2390
   896.54956869608691        3.3702069620969463E-006   33032353.192696717             2391
   896.92461557694719        3.3669279501391407E-006   33032505.812968828             2392
   897.29966245780736        3.3636538289420356E-006   33032658.306686725             2393
   897.67470933866730        3.3603845890903068E-006   33032810.674007755             2394
   898.04975621952735        3.3571202211736722E-006   33032962.915088996             2395
   898.42480310038752        3.3538607158065186E-006   33033115.030087277             2396
   898.79984998124769        3.3506060636392979E-006   33033267.019159157             2397
   899.17489686210774        3.3473562553315039E-006   33033418.882460937             2398
   899.54994374296780        3.3441112815696682E-006   33033570.620148670             2399
   899.92499062382797        3.3408711330518150E-006   33033722.232378136             2400
   900.30003750468813        3.3376358005167577E-006   33033873.719304867             2401
   900.67508438554819        3.3344052747128935E-006   33034025.081084140             2402
   901.05013126640813        3.3311795464070625E-006   33034176.317870971             2403
   901.42517814726841        3.3279586063969562E-006   33034327.429820117             2404
   901.80022502812858        3.3247424455000661E-006   33034478.417086083             2405
   902.17527190898852        3.3215310545523321E-006   33034629.279823121             2406
   902.55031878984880        3.3183244244084953E-006   33034780.018185221             2407
   902.92536567070897        3.3151225459508565E-006   33034930.632326134             2408
   903.30041255156891        3.3119254100810954E-006   33035081.122399341             2409
   903.67545943242897        3.3087330077278327E-006   33035231.488558080             2410
   904.05050631328913        3.3055453298230115E-006   33035381.730955336             2411
   904.42555319414942        3.3023623673396842E-006   33035531.849743843             2412
   904.80060007500936        3.2991841112645167E-006   33035681.845076084             2413
   905.17564695586941        3.2960105526036961E-006   33035831.717104282             2414
   905.55069383672958        3.2928416823825707E-006   33035981.465980422             2415
   905.92574071758975        3.2896774916557875E-006   33036131.091856234             2416
   906.30078759844980        3.2865179714867732E-006   33036280.594883196             2417
   906.67583447930974        3.2833631129758203E-006   33036429.975212540             2418
   907.05088136017002        3.2802129072252691E-006   33036579.232995253             2419
   907.42592824103019        3.2770673453790527E-006   33036728.368382070             2420
   907.80097512189025        3.2739264185779785E-006   33036877.381523486             2421
   908.17602200275041        3.2707901180058077E-006   33037026.272569738             2422
   908.55106888361058        3.2676584348547476E-006   33037175.041670825             2423
   908.92611576447064        3.2645313603416851E-006   33037323.688976504             2424
   909.30116264533058        3.2614088856976949E-006   33037472.214636266             2425
   909.67620952619075        3.2582910021780649E-006   33037620.618799388             2426
   910.05125640705103        3.2551777010655291E-006   33037768.901614882             2427
   910.42630328791097        3.2520689736510716E-006   33037917.063231520             2428
   910.80135016877102        3.2489648112529271E-006   33038065.103797834             2429
   911.17639704963119        3.2458652052091917E-006   33038213.023462117             2430
   911.55144393049136        3.2427701468838908E-006   33038360.822372407             2431
   911.92649081135141        3.2396796276417329E-006   33038508.500676516             2432
   912.30153769221147        3.2365936388854976E-006   33038656.058522001             2433
   912.67658457307164        3.2335121720302418E-006   33038803.496056192             2434
   913.05163145393180        3.2304352185211155E-006   33038950.813426163             2435
   913.42667833479186        3.2273627698058639E-006   33039098.010778766             2436
   913.80172521565203        3.2242948173665318E-006   33039245.088260598             2437
   914.17677209651220        3.2212313526985879E-006   33039392.046018030             2438
   914.55181897737225        3.2181723673157211E-006   33039538.884197183             2439
   914.92686585823219        3.2151178527573181E-006   33039685.602943953             2440
   915.30191273909236        3.2120678005742242E-006   33039832.202403989             2441
   915.67695961995264        3.2090222023455924E-006   33039978.682722699             2442
   916.05200650081258        3.2059810496662609E-006   33040125.044045269             2443
   916.42705338167264        3.2029443341522601E-006   33040271.286516648             2444
   916.80210026253280        3.1999120474278899E-006   33040417.410281532             2445
   917.17714714339297        3.1968841811492603E-006   33040563.415484402             2446
   917.55219402425303        3.1938607269932690E-006   33040709.302269496             2447
   917.92724090511308        3.1908416766489276E-006   33040855.070780821             2448
   918.30228778597325        3.1878270218196999E-006   33041000.721162144             2449
   918.67733466683342        3.1848167542466255E-006   33041146.253557000             2450
   919.05238154769347        3.1818108656670572E-006   33041291.668108702             2451
   919.42742842855341        3.1788093478532600E-006   33041436.964960326             2452
   919.80247530941381        3.1758121925891842E-006   33041582.144254707             2453
   920.17752219027386        3.1728193916834400E-006   33041727.206134465             2454
   920.55256907113380        3.1698309369573807E-006   33041872.150741976             2455
   920.92761595199397        3.1668468202513735E-006   33042016.978219394             2456
   921.30266283285425        3.1638670334344564E-006   33042161.688708629             2457
   921.67770971371419        3.1608915683822719E-006   33042306.282351390             2458
   922.05275659457425        3.1579204169920016E-006   33042450.759289127             2459
   922.42780347543442        3.1549535711868306E-006   33042595.119663086             2460
   922.80285035629458        3.1519910228921407E-006   33042739.363614269             2461
   923.17789723715464        3.1490327640765702E-006   33042883.491283454             2462
   923.55294411801469        3.1460787866996634E-006   33043027.502811197             2463
   923.92799099887486        3.1431290827631422E-006   33043171.398337826             2464
   924.30303787973503        3.1401836442687131E-006   33043315.178003434             2465
   924.67808476059508        3.1372424632489254E-006   33043458.841947909             2466
   925.05313164145502        3.1343055317439902E-006   33043602.390310891             2467
   925.42817852231542        3.1313728418285759E-006   33043745.823231805             2468
   925.80322540317547        3.1284443855752950E-006   33043889.140849855             2469
   926.17827228403542        3.1255201550931867E-006   33044032.343304019             2470
   926.55331916489558        3.1226001424917181E-006   33044175.430733055             2471
   926.92836604575587        3.1196843399163520E-006   33044318.403275490             2472
   927.30341292661581        3.1167727395147346E-006   33044461.261069633             2473
   927.67845980747586        3.1138653334610357E-006   33044604.004253574             2474
   928.05350668833603        3.1109621139508149E-006   33044746.632965177             2475
   928.42855356919620        3.1080630731814719E-006   33044889.147342093             2476
   928.80360045005625        3.1051682033887203E-006   33045031.547521736             2477
   929.17864733091631        3.1022774968128010E-006   33045173.833641313             2478
   929.55369421177647        3.0993909457156103E-006   33045316.005837813             2479
   929.92874109263664        3.0965085423727701E-006   33045458.064247999             2480
   930.30378797349670        3.0936302790858575E-006   33045600.009008415             2481
   930.67883485435664        3.0907561481611504E-006   33045741.840255387             2482
   931.05388173521703        3.0878861419377905E-006   33045883.558125030             2483
   931.42892861607709        3.0850202527643891E-006   33046025.162753232             2484
   931.80397549693703        3.0821584729975770E-006   33046166.654275671             2485
   932.17902237779731        3.0793007950297943E-006   33046308.032827806             2486
   932.55406925865748        3.0764472112615381E-006   33046449.298544884             2487
   932.92911613951742        3.0735977141056670E-006   33046590.451561924             2488
   933.30416302037747        3.0707522960000678E-006   33046731.492013734             2489
   933.67920990123764        3.0679109493978981E-006   33046872.420034919             2490
   934.05425678209781        3.0650736667694262E-006   33047013.235759862             2491
   934.42930366295786        3.0622404405958985E-006   33047153.939322725             2492
   934.80435054381792        3.0594112633877706E-006   33047294.530857462             2493
   935.17939742467809        3.0565861276582436E-006   33047435.010497816             2494
   935.55444430553825        3.0537650259511057E-006   33047575.378377318             2495
   935.92949118639831        3.0509479508163534E-006   33047715.634629279             2496
   936.30453806725825        3.0481348948264706E-006   33047855.779386807             2497
   936.67958494811853        3.0453258505701754E-006   33047995.812782791             2498
   937.05463182897870        3.0425208106504539E-006   33048135.734949909             2499
   937.42967870983864        3.0397197676924885E-006   33048275.546020638             2500
   937.80472559069892        3.0369227143275592E-006   33048415.246127237             2501
   938.17977247155909        3.0341296432115151E-006   33048554.835401751             2502
   938.55481935241903        3.0313405470189235E-006   33048694.313976027             2503
   938.92986623327909        3.0285554184324658E-006   33048833.681981694             2504
   939.30491311413925        3.0257742501610390E-006   33048972.939550176             2505
   939.67995999499942        3.0229970349261727E-006   33049112.086812690             2506
   940.05500687585948        3.0202237654559473E-006   33049251.123900238             2507
   940.43005375671953        3.0174544345122563E-006   33049390.050943628             2508
   940.80510063757970        3.0146890348616400E-006   33049528.868073449             2509
   941.18014751843987        3.0119275592895913E-006   33049667.575420082             2510
   941.55519439929992        3.0091700005969612E-006   33049806.173113711             2511
   941.93024128015986        3.0064163516026096E-006   33049944.661284313             2512
   942.30528816102014        3.0036666051373612E-006   33050083.040061656             2513
   942.68033504188031        3.0009207540591149E-006   33050221.309575301             2514
   943.05538192274025        2.9981787912266213E-006   33050359.469954614             2515
   943.43042880360053        2.9954407095259510E-006   33050497.521328747             2516
   943.80547568446070        2.9927065018569618E-006   33050635.463826653             2517
   944.18052256532064        2.9899761611290785E-006   33050773.297577079             2518
   944.55556944618070        2.9872496802710448E-006   33050911.022708572             2519
   944.93061632704087        2.9845270522392384E-006   33051048.639349476             2520
   945.30566320790103        2.9818082699834296E-006   33051186.147627927             2521
   945.68071008876109        2.9790933264863758E-006   33051323.547671869             2522
   946.05575696962114        2.9763822147379932E-006   33051460.839609038             2523
   946.43080385048131        2.9736749277506450E-006   33051598.023566972             2524
   946.80585073134148        2.9709714585493992E-006   33051735.099673007             2525
   947.18089761220153        2.9682718001697079E-006   33051872.068054281             2526
   947.55594449306147        2.9655759456676105E-006   33052008.928837728             2527
   947.93099137392176        2.9628838881155646E-006   33052145.682150088             2528
   948.30603825478192        2.9601956206024258E-006   33052282.328117900             2529
   948.68108513564187        2.9575111362243992E-006   33052418.866867501             2530
   949.05613201650192        2.9548304281029576E-006   33052555.298525032             2531
   949.43117889736232        2.9521534893684327E-006   33052691.623216439             2532
   949.80622577822226        2.9494803131690148E-006   33052827.841067467             2533
   950.18127265908231        2.9468108926659720E-006   33052963.952203665             2534
   950.55631953994248        2.9441452210389321E-006   33053099.956750385             2535
   950.93136642080265        2.9414832914808714E-006   33053235.854832787             2536
   951.30641330166270        2.9388250972034302E-006   33053371.646575827             2537
   951.68146018252276        2.9361706314243011E-006   33053507.332104273             2538
   952.05650706338292        2.9335198873881818E-006   33053642.911542695             2539
   952.43155394424309        2.9308728583424014E-006   33053778.385015469             2540
   952.80660082510315        2.9282295375611734E-006   33053913.752646774             2541
   953.18164770596309        2.9255899183207922E-006   33054049.014560599             2542
   953.55669458682337        2.9229539939295900E-006   33054184.170880731             2543
   953.93174146768354        2.9203217576933192E-006   33054319.221730776             2544
   954.30678834854348        2.9176932029395426E-006   33054454.167234145             2545
   954.68183522940353        2.9150683230188565E-006   33054589.007514048             2546
   955.05688211026393        2.9124471112795422E-006   33054723.742693506             2547
   955.43192899112387        2.9098295611017588E-006   33054858.372895356             2548
   955.80697587198392        2.9072156658629596E-006   33054992.898242235             2549
   956.18202275284409        2.9046054189749621E-006   33055127.318856589             2550
   956.55706963370437        2.9019988138461619E-006   33055261.634860676             2551
   956.93211651456431        2.8993958439125446E-006   33055395.846376572             2552
   957.30716339542437        2.8967965026184028E-006   33055529.953526147             2553
   957.68221027628454        2.8942007834185653E-006   33055663.956431091             2554
   958.05725715714470        2.8916086797913569E-006   33055797.855212908             2555
   958.43230403800476        2.8890201852222992E-006   33055931.649992906             2556
   958.80735091886470        2.8864352932197259E-006   33056065.340892207             2557
   959.18239779972498        2.8838539972925990E-006   33056198.928031746             2558
   959.55744468058515        2.8812762909807956E-006   33056332.411532268             2559
   959.93249156144520        2.8787021678232097E-006   33056465.791514341             2560
   960.30753844230514        2.8761316213859079E-006   33056599.068098329             2561
   960.68258532316554        2.8735646452333464E-006   33056732.241404422             2562
   961.05763220402559        2.8710012329640933E-006   33056865.311552618             2563
   961.43267908488554        2.8684413781755767E-006   33056998.278662730             2564
   961.80772596574570        2.8658850744871615E-006   33057131.142854393             2565
   962.18277284660599        2.8633323155196532E-006   33057263.904247042             2566
   962.55781972746593        2.8607830949278226E-006   33057396.562959939             2567
   962.93286660832598        2.8582374063677478E-006   33057529.119112160             2568
   963.30791348918615        2.8556952435086728E-006   33057661.572822589             2569
   963.68296037004632        2.8531566000371684E-006   33057793.924209941             2570
   964.05800725090637        2.8506214696525175E-006   33057926.173392739             2571
   964.43305413176643        2.8480898460720038E-006   33058058.320489321             2572
   964.80810101262659        2.8455617230219018E-006   33058190.365617838             2573
   965.18314789348676        2.8430370942372715E-006   33058322.308896273             2574
   965.55819477434682        2.8405159534823140E-006   33058454.150442418             2575
   965.93324165520676        2.8379982945191136E-006   33058585.890373886             2576
   966.30828853606693        2.8354841111341106E-006   33058717.528808109             2577
   966.68333541692721        2.8329733971198473E-006   33058849.065862335             2578
   967.05838229778715        2.8304661462872641E-006   33058980.501653630             2579
   967.43342917864732        2.8279623524567486E-006   33059111.836298890             2580
   967.80847605950760        2.8254620094658864E-006   33059243.069914814             2581
   968.18352294036754        2.8229651111678342E-006   33059374.202617943             2582
   968.55856982122759        2.8204716514198981E-006   33059505.234524623             2583
   968.93361670208776        2.8179816241025463E-006   33059636.165751021             2584
   969.30866358294793        2.8154950231056765E-006   33059766.996413138             2585
   969.68371046380798        2.8130118423315443E-006   33059897.726626784             2586
   970.05875734466804        2.8105320756951312E-006   33060028.356507603             2587
   970.43380422552821        2.8080557171279575E-006   33060158.886171050             2588
   970.80885110638837        2.8055827605745556E-006   33060289.315732405             2589
   971.18389798724843        2.8031131999858579E-006   33060419.645306781             2590
   971.55894486810837        2.8006470293380353E-006   33060549.875009101             2591
   971.93399174896854        2.7981842426053837E-006   33060680.004954126             2592
   972.30903862982882        2.7957248337925742E-006   33060810.035256431             2593
   972.68408551068876        2.7932687969007076E-006   33060939.966030415             2594
   973.05913239154893        2.7908161259553130E-006   33061069.797390312             2595
   973.43417927240921        2.7883668149893920E-006   33061199.529450171             2596
   973.80922615326915        2.7859208580465825E-006   33061329.162323873             2597
   974.18427303412921        2.7834782491953045E-006   33061458.696125120             2598
   974.55931991498937        2.7810389825036368E-006   33061588.130967442             2599
   974.93436679584954        2.7786030520572857E-006   33061717.466964200             2600
   975.30941367670960        2.7761704519576337E-006   33061846.704228573             2601
   975.68446055756965        2.7737411763134247E-006   33061975.842873573             2602
   976.05950743842982        2.7713152192513340E-006   33062104.883012049             2603
   976.43455431928999        2.7688925749088522E-006   33062233.824756656             2604
   976.80960120015004        2.7664732374339281E-006   33062362.668219894             2605
   977.18464808100998        2.7640572009878362E-006   33062491.413514089             2606
   977.55969496187015        2.7616444597479576E-006   33062620.060751390             2607
   977.93474184273043        2.7592350079008998E-006   33062748.610043775             2608
   978.30978872359037        2.7568288396479553E-006   33062877.061503068             2609
   978.68483560445054        2.7544259492008610E-006   33063005.415240899             2610
   979.05988248531082        2.7520263307834586E-006   33063133.671368744             2611
   979.43492936617076        2.7496299786374745E-006   33063261.829997905             2612
   979.80997624703082        2.7472368870080775E-006   33063389.891239513             2613
   980.18502312789099        2.7448470501599403E-006   33063517.855204534             2614
   980.56007000875115        2.7424604623667860E-006   33063645.722003762             2615
   980.93511688961121        2.7400771179191973E-006   33063773.491747830             2616
   981.31016377047126        2.7376970111098745E-006   33063901.164547190             2617
   981.68521065133143        2.7353201362591447E-006   33064028.740512136             2618
   982.06025753219160        2.7329464876834699E-006   33064156.219752796             2619
   982.43530441305165        2.7305760597219633E-006   33064283.602379121             2620
   982.81035129391159        2.7282088467227725E-006   33064410.888500910             2621
   983.18539817477176        2.7258448430456233E-006   33064538.078227788             2622
   983.56044505563204        2.7234840430628097E-006   33064665.171669208             2623
   983.93549193649199        2.7211264411594766E-006   33064792.168934464             2624
   984.31053881735204        2.7187720317341319E-006   33064919.070132688             2625
   984.68558569821244        2.7164208091923302E-006   33065045.875372838             2626
   985.06063257907238        2.7140727679581747E-006   33065172.584763721             2627
   985.43567945993243        2.7117279024581534E-006   33065299.198413957             2628
   985.81072634079260        2.7093862071454071E-006   33065425.716432031             2629
   986.18577322165277        2.7070476764675637E-006   33065552.138926238             2630
   986.56082010251282        2.7047123048998229E-006   33065678.466004726             2631
   986.93586698337288        2.7023800869183380E-006   33065804.697775472             2632
   987.31091386423304        2.7000510170142135E-006   33065930.834346291             2633
   987.68596074509321        2.6977250896958285E-006   33066056.875824839             2634
   988.06100762595327        2.6954022994750487E-006   33066182.822318602             2635
   988.43605450681321        2.6930826408793233E-006   33066308.673934918             2636
   988.81110138767349        2.6907661084480076E-006   33066434.430780951             2637
   989.18614826853366        2.6884526967312708E-006   33066560.092963707             2638
   989.56119514939360        2.6861424002918902E-006   33066685.660590030             2639
   989.93624203025365        2.6838352137016954E-006   33066811.133766606             2640
   990.31128891111405        2.6815311315495885E-006   33066936.512599967             2641
   990.68633579197399        2.6792301484276633E-006   33067061.797196466             2642
   991.06138267283404        2.6769322589491335E-006   33067186.987662315             2643
   991.43642955369421        2.6746374577310153E-006   33067312.084103558             2644
   991.81147643455438        2.6723457394035754E-006   33067437.086626075             2645
   992.18652331541443        2.6700570986141608E-006   33067561.995335594             2646
   992.56157019627449        2.6677715300093758E-006   33067686.810337689             2647
   992.93661707713466        2.6654890282609049E-006   33067811.531737767             2648
   993.31166395799482        2.6632095880448252E-006   33067936.159641076             2649
   993.68671083885488        2.6609332040458295E-006   33068060.694152717             2650
   994.06175771971482        2.6586598709682497E-006   33068185.135377619             2651
   994.43680460057510        2.6563895835165043E-006   33068309.483420569             2652
   994.81185148143527        2.6541223364183943E-006   33068433.738386184             2653
   995.18689836229521        2.6518581244006154E-006   33068557.900378931             2654
   995.56194524315526        2.6495969422171070E-006   33068681.969503120             2655
   995.93699212401566        2.6473387846133083E-006   33068805.945862908             2656
   996.31203900487560        2.6450836463591657E-006   33068929.829562284             2657
   996.68708588573566        2.6428315222345804E-006   33069053.620705102             2658
   997.06213276659582        2.6405824070276222E-006   33069177.319395043             2659
   997.43717964745599        2.6383362955355042E-006   33069300.925735641             2660
   997.81222652831605        2.6360931825681678E-006   33069424.439830273             2661
   998.18727340917610        2.6338530629479803E-006   33069547.861782163             2662
   998.56232029003627        2.6316159315131027E-006   33069671.191694386             2663
   998.93736717089644        2.6293817830986000E-006   33069794.429669853             2664
   999.31241405175649        2.6271506125641515E-006   33069917.575811334             2665
   999.68746093261643        2.6249224147750155E-006   33070040.630221426             2666
   1000.0625078134767        2.6226971846018108E-006   33070163.593002595             2667
   1000.4375546943369        2.6204749169403961E-006   33070286.464257151             2668
   1000.8126015751968        2.6182556066801786E-006   33070409.244087234             2669
   1001.1876484560569        2.6160392487331905E-006   33070531.932594851             2670
   1001.5626953369170        2.6138258380173216E-006   33070654.529881850             2671
   1001.9377422177772        2.6116153694655033E-006   33070777.036049925             2672
   1002.3127890986373        2.6094078380157326E-006   33070899.451200631             2673
   1002.6878359794974        2.6072032386203757E-006   33071021.775435351             2674
   1003.0628828603576        2.6050015662378769E-006   33071144.008855335             2675
   1003.4379297412177        2.6028028158431205E-006   33071266.151561677             2676
   1003.8129766220777        2.6006069824188542E-006   33071388.203655332             2677
   1004.1880235029379        2.5984140609616134E-006   33071510.165237080             2678
   1004.5630703837980        2.5962240464702100E-006   33071632.036407575             2679
   1004.9381172646581        2.5940369339618043E-006   33071753.817267306             2680
   1005.3131641455180        2.5918527184620399E-006   33071875.507916626             2681
   1005.6882110263783        2.5896713950051437E-006   33071997.108455736             2682
   1006.0632579072385        2.5874929586375345E-006   33072118.618984677             2683
   1006.4383047880984        2.5853174044117051E-006   33072240.039603360             2684
   1006.8133516689585        2.5831447274014674E-006   33072361.370411534             2685
   1007.1883985498187        2.5809749226797844E-006   33072482.611508813             2686
   1007.5634454306789        2.5788079853322468E-006   33072603.762994647             2687
   1007.9384923115389        2.5766439104589583E-006   33072724.824968357             2688
   1008.3135391923990        2.5744826931699642E-006   33072845.797529109             2689
   1008.6885860732593        2.5723243285754446E-006   33072966.680775914             2690
   1009.0636329541193        2.5701688118080322E-006   33073087.474807654             2691
   1009.4386798349793        2.5680161380101798E-006   33073208.179723054             2692
   1009.8137267158395        2.5658663023256416E-006   33073328.795620698             2693
   1010.1887735966997        2.5637192999120312E-006   33073449.322599016             2694
   1010.5638204775597        2.5615751259426939E-006   33073569.760756306             2695
   1010.9388673584197        2.5594337755946648E-006   33073690.110190716             2696
   1011.3139142392799        2.5572952440532180E-006   33073810.371000245             2697
   1011.6889611201401        2.5551595265221112E-006   33073930.543282747             2698
   1012.0640080010002        2.5530266182080230E-006   33074050.627135940             2699
   1012.4390548818601        2.5508965143328563E-006   33074170.622657396             2700
   1012.8141017627203        2.5487692101216157E-006   33074290.529944539             2701
   1013.1891486435806        2.5466447008139193E-006   33074410.349094655             2702
   1013.5641955244405        2.5445229816590672E-006   33074530.080204885             2703
   1013.9392424053005        2.5424040479191756E-006   33074649.723372221             2704
   1014.3142892861609        2.5402878948558950E-006   33074769.278693523             2705
   1014.6893361670209        2.5381745177539706E-006   33074888.746265501             2706
   1015.0643830478809        2.5360639118987708E-006   33075008.126184732             2707
   1015.4394299287411        2.5339560725861401E-006   33075127.418547638             2708
   1015.8144768096013        2.5318509951270067E-006   33075246.623450514             2709
   1016.1895236904613        2.5297486748387615E-006   33075365.740989503             2710
   1016.5645705713214        2.5276491070504151E-006   33075484.771260612             2711
   1016.9396174521816        2.5255522870899941E-006   33075603.714359708             2712
   1017.3146643330417        2.5234582103140500E-006   33075722.570382513             2713
   1017.6897112139018        2.5213668720761947E-006   33075841.339424614             2714
   1018.0647580947617        2.5192782677395388E-006   33075960.021581460             2715
   1018.4398049756219        2.5171923926812772E-006   33076078.616948351             2716
   1018.8148518564822        2.5151092422855116E-006   33076197.125620458             2717
   1019.1898987373421        2.5130288119469857E-006   33076315.547692806             2718
   1019.5649456182022        2.5109510970710747E-006   33076433.883260284             2719
   1019.9399924990626        2.5088760930695378E-006   33076552.132417634             2720
   1020.3150393799225        2.5068037953633701E-006   33076670.295259479             2721
   1020.6900862607826        2.5047341993910645E-006   33076788.371880285             2722
   1021.0651331416427        2.5026673005931862E-006   33076906.362374399             2723
   1021.4401800225029        2.5006030944191232E-006   33077024.266836002             2724
   1021.8152269033629        2.4985415763286038E-006   33077142.085359167             2725
   1022.1902737842230        2.4964827417926569E-006   33077259.818037815             2726
   1022.5653206650832        2.4944265862894031E-006   33077377.464965731             2727
   1022.9403675459433        2.4923731053138869E-006   33077495.026236568             2728
   1023.3154144268034        2.4903222943580047E-006   33077612.501943838             2729
   1023.6904613076633        2.4882741489304638E-006   33077729.892180920             2730
   1024.0655081885236        2.4862286645453988E-006   33077847.197041057             2731
   1024.4405550693837        2.4841858367347775E-006   33077964.416617349             2732
   1024.8156019502437        2.4821456610283721E-006   33078081.551002778             2733
   1025.1906488311038        2.4801081329758836E-006   33078198.600290172             2734
   1025.5656957119641        2.4780732481236071E-006   33078315.564572230             2735
   1025.9407425928241        2.4760410020396403E-006   33078432.443941530             2736
   1026.3157894736842        2.4740113902924491E-006   33078549.238490492             2737
   1026.6908363545444        2.4719844084656500E-006   33078665.948311422             2738
   1027.0658832354045        2.4699600521457913E-006   33078782.573496483             2739
   1027.4409301162646        2.4679383169323925E-006   33078899.114137702             2740
   1027.8159769971246        2.4659191984352826E-006   33079015.570326984             2741
   1028.1910238779847        2.4639026922701991E-006   33079131.942156088             2742
   1028.5660707588449        2.4618887940665276E-006   33079248.229716644             2743
   1028.9411176397050        2.4598774994517885E-006   33079364.433100153             2744
   1029.3161645205651        2.4578688040751167E-006   33079480.552397974             2745
   1029.6912114014251        2.4558627035901088E-006   33079596.587701354             2746
   1030.0662582822854        2.4538591936558572E-006   33079712.539101388             2747
   1030.4413051631454        2.4518582699412115E-006   33079828.406689044             2748
   1030.8163520440053        2.4498599281286388E-006   33079944.190555166             2749
   1031.1913989248656        2.4478641639033632E-006   33080059.890790459             2750
   1031.5664458057258        2.4458709729679388E-006   33080175.507485498             2751
   1031.9414926865857        2.4438803510228983E-006   33080291.040730733             2752
   1032.3165395674459        2.4418922937837318E-006   33080406.490616482             2753
   1032.6915864483062        2.4399067969753790E-006   33080521.857232921             2754
   1033.0666333291661        2.4379238563297318E-006   33080637.140670113             2755
   1033.4416802100261        2.4359434675875728E-006   33080752.341017980             2756
   1033.8167270908864        2.4339656264975543E-006   33080867.458366316             2757
   1034.1917739717467        2.4319903288164591E-006   33080982.492804792             2758
   1034.5668208526065        2.4300175703126937E-006   33081097.444422945             2759
   1034.9418677334666        2.4280473467625815E-006   33081212.313310176             2760
   1035.3169146143268        2.4260796539490205E-006   33081327.099555772             2761
   1035.6919614951869        2.4241144876637112E-006   33081441.803248879             2762
   1036.0670083760469        2.4221518437087766E-006   33081556.424478527             2763
   1036.4420552569070        2.4201917178949742E-006   33081670.963333607             2764
   1036.8171021377673        2.4182341060380901E-006   33081785.419902887             2765
   1037.1921490186273        2.4162790039666855E-006   33081899.794275008             2766
   1037.5671958994874        2.4143264075164560E-006   33082014.086538482             2767
   1037.9422427803477        2.4123763125283313E-006   33082128.296781693             2768
   1038.3172896612077        2.4104287148563114E-006   33082242.425092902             2769
   1038.6923365420678        2.4084836103629684E-006   33082356.471560244             2770
   1039.0673834229278        2.4065409949129906E-006   33082470.436271720             2771
   1039.4424303037879        2.4046008643835069E-006   33082584.319315210             2772
   1039.8174771846482        2.4026632146663922E-006   33082698.120778471             2773
   1040.1925240655082        2.4007280416493110E-006   33082811.840749130             2774
   1040.5675709463683        2.3987953412335479E-006   33082925.479314689             2775
   1040.9426178272283        2.3968651093356400E-006   33083039.036562528             2776
   1041.3176647080886        2.3949373418706778E-006   33083152.512579896             2777
   1041.6927115889487        2.3930120347705548E-006   33083265.907453924             2778
   1042.0677584698087        2.3910891839637775E-006   33083379.221271612             2779
   1042.4428053506688        2.3891687853947615E-006   33083492.454119842             2780
   1042.8178522315291        2.3872508350196889E-006   33083605.606085364             2781
   1043.1928991123891        2.3853353287958083E-006   33083718.677254815             2782
   1043.5679459932492        2.3834222626926879E-006   33083831.667714700             2783
   1043.9429928741094        2.3815116326859318E-006   33083944.577551402             2784
   1044.3180397549695        2.3796034347591359E-006   33084057.406851176             2785
   1044.6930866358293        2.3776976649079864E-006   33084170.155700173             2786
   1045.0681335166896        2.3757943191254668E-006   33084282.824184395             2787
   1045.4431803975499        2.3738933934288802E-006   33084395.412389744             2788
   1045.8182272784097        2.3719948838301351E-006   33084507.920401979             2789
   1046.1932741592698        2.3700987863552452E-006   33084620.348306753             2790
   1046.5683210401301        2.3682050970342237E-006   33084732.696189597             2791
   1046.9433679209901        2.3663138119136431E-006   33084844.964135904             2792
   1047.3184148018502        2.3644249270362311E-006   33084957.152230967             2793
   1047.6934616827102        2.3625384384626860E-006   33085069.260559939             2794
   1048.0685085635705        2.3606543422567838E-006   33085181.289207865             2795
   1048.4435554444306        2.3587726344901231E-006   33085293.238259662             2796
   1048.8186023252906        2.3568933112420060E-006   33085405.107800134             2797
   1049.1936492061507        2.3550163686002008E-006   33085516.897913951             2798
   1049.5686960870109        2.3531418026656449E-006   33085628.608685680             2799
   1049.9437429678710        2.3512696095364925E-006   33085740.240199748             2800
   1050.3187898487311        2.3493997853287596E-006   33085851.792540487             2801
   1050.6938367295911        2.3475323261634068E-006   33085963.265792087             2802
   1051.0688836104514        2.3456672281586971E-006   33086074.660038631             2803
   1051.4439304913114        2.3438044874598014E-006   33086185.975364074             2804
   1051.8189773721715        2.3419441002022485E-006   33086297.211852264             2805
   1052.1940242530316        2.3400860625434427E-006   33086408.369586915             2806
   1052.5690711338918        2.3382303706338866E-006   33086519.448651638             2807
   1052.9441180147519        2.3363770206459899E-006   33086630.449129924             2808
   1053.3191648956119        2.3345260087522916E-006   33086741.371105127             2809
   1053.6942117764720        2.3326773311290969E-006   33086852.214660507             2810
   1054.0692586573323        2.3308309839730359E-006   33086962.979879193             2811
   1054.4443055381923        2.3289869634741351E-006   33087073.666844204             2812
   1054.8193524190522        2.3271452658410968E-006   33087184.275638431             2813
   1055.1943992999127        2.3253058872803097E-006   33087294.806344658             2814
   1055.5694461807727        2.3234688240182356E-006   33087405.259045545             2815
   1055.9444930616326        2.3216340722729092E-006   33087515.633823644             2816
   1056.3195399424928        2.3198016282871795E-006   33087625.930761386             2817
   1056.6945868233531        2.3179714882979044E-006   33087736.149941079             2818
   1057.0696337042129        2.3161436485562538E-006   33087846.291444927             2819
   1057.4446805850730        2.3143181053177529E-006   33087956.355355009             2820
   1057.8197274659333        2.3124948548505507E-006   33088066.341753293             2821
   1058.1947743467933        2.3106738934206626E-006   33088176.250721633             2822
   1058.5698212276534        2.3088552173079152E-006   33088286.082341760             2823
   1058.9448681085134        2.3070388228031144E-006   33088395.836695299             2824
   1059.3199149893737        2.3052247061985606E-006   33088505.513863761             2825
   1059.6949618702338        2.3034128637911542E-006   33088615.113928530             2826
   1060.0700087510938        2.3016032918957254E-006   33088724.636970889             2827
   1060.4450556319539        2.2997959868261032E-006   33088834.083071996             2828
   1060.8201025128142        2.2979909449067391E-006   33088943.452312905             2829
   1061.1951493936742        2.2961881624616014E-006   33089052.744774546             2830
   1061.5701962745343        2.2943876358378538E-006   33089161.960537750             2831
   1061.9452431553946        2.2925893613747339E-006   33089271.099683218             2832
   1062.3202900362546        2.2907933354266338E-006   33089380.162291549             2833
   1062.6953369171147        2.2889995543542337E-006   33089489.148443226             2834
   1063.0703837979747        2.2872080145214783E-006   33089598.058218610             2835
   1063.4454306788348        2.2854187123062573E-006   33089706.891697969             2836
   1063.8204775596951        2.2836316440864364E-006   33089815.648961440             2837
   1064.1955244405551        2.2818468062502970E-006   33089924.330089059             2838
   1064.5705713214152        2.2800641951926875E-006   33090032.935160745             2839
   1064.9456182022752        2.2782838073205991E-006   33090141.464256309             2840
   1065.3206650831355        2.2765056390417506E-006   33090249.917455446             2841
   1065.6957119639956        2.2747296867723360E-006   33090358.294837743             2842
   1066.0707588448554        2.2729559469381590E-006   33090466.596482668             2843
   1066.4458057257157        2.2711844159645734E-006   33090574.822469588             2844
   1066.8208526065760        2.2694150902969487E-006   33090682.972877756             2845
   1067.1958994874358        2.2676479663780781E-006   33090791.047786314             2846
   1067.5709463682961        2.2658830406546375E-006   33090899.047274295             2847
   1067.9459932491563        2.2641203095936298E-006   33091006.971420616             2848
   1068.3210401300162        2.2623597696598020E-006   33091114.820304088             2849
   1068.6960870108762        2.2606014173188956E-006   33091222.594003417             2850
   1069.0711338917365        2.2588452490613510E-006   33091330.292597186             2851
   1069.4461807725966        2.2570912613650715E-006   33091437.916163884             2852
   1069.8212276534566        2.2553394507318589E-006   33091545.464781880             2853
   1070.1962745343167        2.2535898136550336E-006   33091652.938529436             2854
   1070.5713214151770        2.2518423466455804E-006   33091760.337484710             2855
   1070.9463682960370        2.2500970462192188E-006   33091867.661725748             2856
   1071.3214151768971        2.2483539088962426E-006   33091974.911330484             2857
   1071.6964620577571        2.2466129312072912E-006   33092082.086376753             2858
   1072.0715089386174        2.2448741096809339E-006   33092189.186942268             2859
   1072.4465558194775        2.2431374408638237E-006   33092296.213104643             2860
   1072.8216027003375        2.2414029213037953E-006   33092403.164941385             2861
   1073.1966495811978        2.2396705475597540E-006   33092510.042529892             2862
   1073.5716964620578        2.2379403161852956E-006   33092616.845947452             2863
   1073.9467433429179        2.2362122237589566E-006   33092723.575271249             2864
   1074.3217902237780        2.2344862668494177E-006   33092830.230578355             2865
   1074.6968371046380        2.2327624420404242E-006   33092936.811945744             2866
   1075.0718839854983        2.2310407459249530E-006   33093043.319450274             2867
   1075.4469308663583        2.2293211750930837E-006   33093149.753168698             2868
   1075.8219777472184        2.2276037261514375E-006   33093256.113177676             2869
   1076.1970246280785        2.2258883957054218E-006   33093362.399553739             2870
   1076.5720715089387        2.2241751803736847E-006   33093468.612373330             2871
   1076.9471183897988        2.2224640767800551E-006   33093574.751712784             2872
   1077.3221652706586        2.2207550815485470E-006   33093680.817648318             2873
   1077.6972121515189        2.2190481913167948E-006   33093786.810256060             2874
   1078.0722590323792        2.2173434027287461E-006   33093892.729612019             2875
   1078.4473059132390        2.2156407124283224E-006   33093998.575792108             2876
   1078.8223527940993        2.2139401170775614E-006   33094104.348872133             2877
   1079.1973996749596        2.2122416133326686E-006   33094210.048927791             2878
   1079.5724465558194        2.2105451978630090E-006   33094315.676034685             2879
   1079.9474934366795        2.2088508673429868E-006   33094421.230268300             2880
   1080.3225403175397        2.2071586184547917E-006   33094526.711704023             2881
   1080.6975871983998        2.2054684478870797E-006   33094632.120417148             2882
   1081.0726340792598        2.2037803523320118E-006   33094737.456482846             2883
   1081.4476809601199        2.2020943284902760E-006   33094842.719976198             2884
   1081.8227278409802        2.2004103730709059E-006   33094947.910972167             2885
   1082.1977747218402        2.1987284827837066E-006   33095053.029545631             2886
   1082.5728216027003        2.1970486543519274E-006   33095158.075771358             2887
   1082.9478684835603        2.1953708844979351E-006   33095263.049724013             2888
   1083.3229153644206        2.1936951699568326E-006   33095367.951478150             2889
   1083.6979622452807        2.1920215074702156E-006   33095472.781108230             2890
   1084.0730091261407        2.1903498937757543E-006   33095577.538688611             2891
   1084.4480560070008        2.1886803256309663E-006   33095682.224293549             2892
   1084.8231028878611        2.1870127997947282E-006   33095786.837997191             2893
   1085.1981497687211        2.1853473130244365E-006   33095891.379873589             2894
   1085.5731966495812        2.1836838620977786E-006   33095995.849996697             2895
   1085.9482435304412        2.1820224437849037E-006   33096100.248440355             2896
   1086.3232904113015        2.1803630548742065E-006   33096204.575278308             2897
   1086.6983372921616        2.1787056921492907E-006   33096308.830584209             2898
   1087.0733841730216        2.1770503524119648E-006   33096413.014431592             2899
   1087.4484310538817        2.1753970324590662E-006   33096517.126893904             2900
   1087.8234779347420        2.1737457290982912E-006   33096621.168044493             2901
   1088.1985248156020        2.1720964391480116E-006   33096725.137956589             2902
   1088.5735716964618        2.1704491594216057E-006   33096829.036703344             2903
   1088.9486185773221        2.1688038867506552E-006   33096932.864357796             2904
   1089.3236654581824        2.1671606179678228E-006   33097036.620992884             2905
   1089.6987123390425        2.1655193499077902E-006   33097140.306681454             2906
   1090.0737592199023        2.1638800794176474E-006   33097243.921496246             2907
   1090.4488061007628        2.1622428033456116E-006   33097347.465509903             2908
   1090.8238529816228        2.1606075185496694E-006   33097450.938794971             2909
   1091.1988998624827        2.1589742218947488E-006   33097554.341423884             2910
   1091.5739467433430        2.1573429102503538E-006   33097657.673469003             2911
   1091.9489936242032        2.1557135804855067E-006   33097760.935002569             2912
   1092.3240405050631        2.1540862294858968E-006   33097864.126096725             2913
   1092.6990873859231        2.1524608541361409E-006   33097967.246823527             2914
   1093.0741342667834        2.1508374513321604E-006   33098070.297254924             2915
   1093.4491811476435        2.1492160179705829E-006   33098173.277462773             2916
   1093.8242280285035        2.1475965509563921E-006   33098276.187518820             2917
   1094.1992749093636        2.1459790472034833E-006   33098379.027494736             2918
   1094.5743217902238        2.1443635036223499E-006   33098481.797462080             2919
   1094.9493686710839        2.1427499171404706E-006   33098584.497492302             2920
   1095.3244155519440        2.1411382846876892E-006   33098687.127656784             2921
   1095.6994624328040        2.1395286031926150E-006   33098789.688026786             2922
   1096.0745093136641        2.1379208696027504E-006   33098892.178673480             2923
   1096.4495561945243        2.1363150808570693E-006   33098994.599667944             2924
   1096.8246030753844        2.1347112339143027E-006   33099096.951081157             2925
   1097.1996499562445        2.1331093257305564E-006   33099199.232983995             2926
   1097.5746968371047        2.1315093532676685E-006   33099301.445447251             2927
   1097.9497437179648        2.1299113134964388E-006   33099403.588541612             2928
   1098.3247905988248        2.1283152033918046E-006   33099505.662337672             2929
   1098.6998374796849        2.1267210199339894E-006   33099607.666905932             2930
   1099.0748843605452        2.1251287601145772E-006   33099709.602316789             2931
   1099.4499312414052        2.1235384209215588E-006   33099811.468640555             2932
   1099.8249781222653        2.1219499993559306E-006   33099913.265947439             2933
   1100.2000250031253        2.1203634924234807E-006   33100014.994307555             2934
   1100.5750718839856        2.1187788971307611E-006   33100116.653790928             2935
   1100.9501187648457        2.1171962104934935E-006   33100218.244467493             2936
   1101.3251656457055        2.1156154295354359E-006   33100319.766407069             2937
   1101.7002125265658        2.1140365512859500E-006   33100421.219679404             2938
   1102.0752594074261        2.1124595727720438E-006   33100522.604354136             2939
   1102.4503062882859        2.1108844910337756E-006   33100623.920500819             2940
   1102.8253531691462        2.1093113031200702E-006   33100725.168188903             2941
   1103.2004000500065        2.1077400060752676E-006   33100826.347487751             2942
   1103.5754469308663        2.1061705969555348E-006   33100927.458466634             2943
   1103.9504938117263        2.1046030728241629E-006   33101028.501194727             2944
   1104.3255406925866        2.1030374307491558E-006   33101129.475741107             2945
   1104.7005875734467        2.1014736677952585E-006   33101230.382174764             2946
   1105.0756344543067        2.0999117810501146E-006   33101331.220564589             2947
   1105.4506813351668        2.0983517675915870E-006   33101431.990979392             2948
   1105.8257282160271        2.0967936245072657E-006   33101532.693487875             2949
   1106.2007750968871        2.0952373488931626E-006   33101633.328158662             2950
   1106.5758219777472        2.0936829378509884E-006   33101733.895060271             2951
   1106.9508688586072        2.0921303884862884E-006   33101834.394261133             2952
   1107.3259157394673        2.0905796979073094E-006   33101934.825829595             2953
   1107.7009626203276        2.0890308632318995E-006   33102035.189833902             2954
   1108.0760095011876        2.0874838815814447E-006   33102135.486342210             2955
   1108.4510563820477        2.0859387500862499E-006   33102235.715422578             2956
   1108.8261032629080        2.0843954658738257E-006   33102335.877142988             2957
   1109.2011501437680        2.0828540260873518E-006   33102435.971571319             2958
   1109.5761970246281        2.0813144278680451E-006   33102535.998775356             2959
   1109.9512439054881        2.0797766683670753E-006   33102635.958822809             2960
   1110.3262907863484        2.0782407447387883E-006   33102735.851781275             2961
   1110.7013376672085        2.0767066541391198E-006   33102835.677718285             2962
   1111.0763845480685        2.0751743937391385E-006   33102935.436701253             2963
   1111.4514314289286        2.0736439607040544E-006   33103035.128797524             2964
   1111.8264783097889        2.0721153522154562E-006   33103134.754074339             2965
   1112.2015251906489        2.0705885654529581E-006   33103234.312598862             2966
   1112.5765720715087        2.0690635975987928E-006   33103333.804438155             2967
   1112.9516189523690        2.0675404458510286E-006   33103433.229659196             2968
   1113.3266658332293        2.0660191074036512E-006   33103532.588328872             2969
   1113.7017127140891        2.0644995794599234E-006   33103631.880513985             2970
   1114.0767595949492        2.0629818592287793E-006   33103731.106281232             2971
   1114.4518064758097        2.0614659439209119E-006   33103830.265697245             2972
   1114.8268533566695        2.0599518307585652E-006   33103929.358828545             2973
   1115.2019002375296        2.0584395169643350E-006   33104028.385741577             2974
   1115.5769471183899        2.0569289997630941E-006   33104127.346502692             2975
   1115.9519939992499        2.0554202763952117E-006   33104226.241178151             2976
   1116.3270408801100        2.0539133440982864E-006   33104325.069834135             2977
   1116.7020877609700        2.0524082001141497E-006   33104423.832536731             2978
   1117.0771346418303        2.0509048416922798E-006   33104522.529351931             2979
   1117.4521815226904        2.0494032660909773E-006   33104621.160345651             2980
   1117.8272284035504        2.0479034705713364E-006   33104719.725583717             2981
   1118.2022752844105        2.0464054523937359E-006   33104818.225131854             2982
   1118.5773221652707        2.0449092088339485E-006   33104916.659055714             2983
   1118.9523690461308        2.0434147371624819E-006   33105015.027420860             2984
   1119.3274159269909        2.0419220346624606E-006   33105113.330292761             2985
   1119.7024628078509        2.0404310986209881E-006   33105211.567736808             2986
   1120.0775096887112        2.0389419263258662E-006   33105309.739818294             2987
   1120.4525565695712        2.0374545150764911E-006   33105407.846602432             2988
   1120.8276034504313        2.0359688621692304E-006   33105505.888154346             2989
   1121.2026503312914        2.0344849649161126E-006   33105603.864539083             2990
   1121.5776972121516        2.0330028206260576E-006   33105701.775821581             2991
   1121.9527440930117        2.0315224266136163E-006   33105799.622066718             2992
   1122.3277909738717        2.0300437802000756E-006   33105897.403339267             2993
   1122.7028378547318        2.0285668787146204E-006   33105995.119703922             2994
   1123.0778847355921        2.0270917194845517E-006   33106092.771225296             2995
   1123.4529316164521        2.0256182998496102E-006   33106190.357967902             2996
   1123.8279784973120        2.0241466171488532E-006   33106287.879996181             2997
   1124.2030253781722        2.0226766687299630E-006   33106385.337374486             2998
   1124.5780722590325        2.0212084519426957E-006   33106482.730167080             2999
   1124.9531191398924        2.0197419641465025E-006   33106580.058438141             3000
   1125.3281660207524        2.0182772026990316E-006   33106677.322251774             3001
   1125.7032129016129        2.0168141649658302E-006   33106774.521671981             3002
   1126.0782597824727        2.0153528483221108E-006   33106871.656762693             3003
   1126.4533066633328        2.0138932501391652E-006   33106968.727587745             3004
   1126.8283535441931        2.0124353678010603E-006   33107065.734210894             3005
   1127.2034004250531        2.0109791986912895E-006   33107162.676695824             3006
   1127.5784473059132        2.0095247402001246E-006   33107259.555106111             3007
   1127.9534941867732        2.0080719897261074E-006   33107356.369505268             3008
   1128.3285410676335        2.0066209446658968E-006   33107453.119956709             3009
   1128.7035879484936        2.0051716024254452E-006   33107549.806523778             3010
   1129.0786348293536        2.0037239604186203E-006   33107646.429269716             3011
   1129.4536817102137        2.0022780160528139E-006   33107742.988257706             3012
   1129.8287285910740        2.0008337667567065E-006   33107839.483550828             3013
   1130.2037754719340        1.9993912099459838E-006   33107935.915212084             3014
   1130.5788223527941        1.9979503430535420E-006   33108032.283304393             3015
   1130.9538692336541        1.9965111635140518E-006   33108128.587890599             3016
   1131.3289161145142        1.9950736687660371E-006   33108224.829033453             3017
   1131.7039629953745        1.9936378562522913E-006   33108321.006795622             3018
   1132.0790098762345        1.9922037234206067E-006   33108417.121239703             3019
   1132.4540567570946        1.9907712677268353E-006   33108513.172428202             3020
   1132.8291036379549        1.9893404866234500E-006   33108609.160423532             3021
   1133.2041505188149        1.9879113775798814E-006   33108705.085288052             3022
   1133.5791973996750        1.9864839380542985E-006   33108800.947084010             3023
   1133.9542442805350        1.9850581655279451E-006   33108896.745873589             3024
   1134.3292911613953        1.9836340574703643E-006   33108992.481718887             3025
   1134.7043380422554        1.9822116113655097E-006   33109088.154681914             3026
   1135.0793849231152        1.9807908246999367E-006   33109183.764824614             3027
   1135.4544318039755        1.9793716949636915E-006   33109279.312208828             3028
   1135.8294786848357        1.9779542196519714E-006   33109374.796896335             3029
   1136.2045255656956        1.9765383962640295E-006   33109470.218948826             3030
   1136.5795724465556        1.9751242223024665E-006   33109565.578427903             3031
   1136.9546193274159        1.9737116952801367E-006   33109660.875395104             3032
   1137.3296662082762        1.9723008127089159E-006   33109756.109911870             3033
   1137.7047130891360        1.9708915721050537E-006   33109851.282039575             3034
   1138.0797599699963        1.9694839709957338E-006   33109946.391839497             3035
   1138.4548068508566        1.9680780069057610E-006   33110041.439372852             3036
   1138.8298537317164        1.9666736773680276E-006   33110136.424700763             3037
   1139.2049006125765        1.9652709799184814E-006   33110231.347884279             3038
   1139.5799474934367        1.9638699120978209E-006   33110326.208984360             3039
   1139.9549943742968        1.9624704714514249E-006   33110421.008061904             3040
   1140.3300412551569        1.9610726555299103E-006   33110515.745177709             3041
   1140.7050881360169        1.9596764618898476E-006   33110610.420392506             3042
   1141.0801350168772        1.9582818880873764E-006   33110705.033766948             3043
   1141.4551818977372        1.9568889316869039E-006   33110799.585361596             3044
   1141.8302287785973        1.9554975902582206E-006   33110894.075236946             3045
   1142.2052756594574        1.9541078613743844E-006   33110988.503453415             3046
   1142.5803225403174        1.9527197426079073E-006   33111082.870071329             3047
   1142.9553694211777        1.9513332315474194E-006   33111177.175150946             3048
   1143.3304163020377        1.9499483257725864E-006   33111271.418752432             3049
   1143.7054631828978        1.9485650228776640E-006   33111365.600935895             3050
   1144.0805100637581        1.9471833204549014E-006   33111459.721761350             3051
   1144.4555569446181        1.9458032161066744E-006   33111553.781288739             3052
   1144.8306038254782        1.9444247074350911E-006   33111647.779577922             3053
   1145.2056507063382        1.9430477920474283E-006   33111741.716688685             3054
   1145.5806975871985        1.9416724675553954E-006   33111835.592680734             3055
   1145.9557444680586        1.9402987315811430E-006   33111929.407613702             3056
   1146.3307913489186        1.9389265817389477E-006   33112023.161547136             3057
   1146.7058382297787        1.9375560156593632E-006   33112116.854540508             3058
   1147.0808851106390        1.9361870309712579E-006   33112210.486653227             3059
   1147.4559319914990        1.9348196253070359E-006   33112304.057944603             3060
   1147.8309788723589        1.9334537963065263E-006   33112397.568473883             3061
   1148.2060257532191        1.9320895416161734E-006   33112491.018300224             3062
   1148.5810726340794        1.9307268588763130E-006   33112584.407482725             3063
   1148.9561195149392        1.9293657457436143E-006   33112677.736080393             3064
   1149.3311663957993        1.9280061998733394E-006   33112771.004152168             3065
   1149.7062132766598        1.9266482189245590E-006   33112864.211756907             3066
   1150.0812601575196        1.9252918005626746E-006   33112957.358953398             3067
   1150.4563070383797        1.9239369424563071E-006   33113050.445800338             3068
   1150.8313539192400        1.9225836422774852E-006   33113143.472356360             3069
   1151.2064008001000        1.9212318977059739E-006   33113236.438680027             3070
   1151.5814476809601        1.9198817064175334E-006   33113329.344829813             3071
   1151.9564945618201        1.9185330661037770E-006   33113422.190864120             3072
   1152.3315414426804        1.9171859744532217E-006   33113514.976841282             3073
   1152.7065883235405        1.9158404291598520E-006   33113607.702819545             3074
   1153.0816352044005        1.9144964279205409E-006   33113700.368857089             3075
   1153.4566820852606        1.9131539684389575E-006   33113792.975012019             3076
   1153.8317289661206        1.9118130484224399E-006   33113885.521342352             3077
   1154.2067758469809        1.9104736655803118E-006   33113978.007906049             3078
   1154.5818227278410        1.9091358176307963E-006   33114070.434760988             3079
   1154.9568696087010        1.9077995022882380E-006   33114162.801964965             3080
   1155.3319164895613        1.9064647172798189E-006   33114255.109575715             3081
   1155.7069633704214        1.9051314603336030E-006   33114347.357650887             3082
   1156.0820102512814        1.9037997291769429E-006   33114439.546248060             3083
   1156.4570571321415        1.9024695215516110E-006   33114531.675424736             3084
   1156.8321040130018        1.9011408351915640E-006   33114623.745238356             3085
   1157.2071508938618        1.8998136678449585E-006   33114715.755746268             3086
   1157.5821977747219        1.8984880172585576E-006   33114807.707005754             3087
   1157.9572446555819        1.8971638811838885E-006   33114899.599074028             3088
   1158.3322915364422        1.8958412573808520E-006   33114991.432008225             3089
   1158.7073384173023        1.8945201436046997E-006   33115083.205865405             3090
   1159.0823852981621        1.8932005376210059E-006   33115174.920702562             3091
   1159.4574321790224        1.8918824372016228E-006   33115266.576576605             3092
   1159.8324790598826        1.8905658401145978E-006   33115358.173544377             3093
   1160.2075259407425        1.8892507441407833E-006   33115449.711662650             3094
   1160.5825728216025        1.8879371470561370E-006   33115541.190988120             3095
   1160.9576197024630        1.8866250466492926E-006   33115632.611577407             3096
   1161.3326665833229        1.8853144407077592E-006   33115723.973487061             3097
   1161.7077134641829        1.8840053270240109E-006   33115815.276773568             3098
   1162.0827603450432        1.8826977033929577E-006   33115906.521493331             3099
   1162.4578072259033        1.8813915676188263E-006   33115997.707702674             3100
   1162.8328541067633        1.8800869175016797E-006   33116088.835457869             3101
   1163.2079009876234        1.8787837508552763E-006   33116179.904815096             3102
   1163.5829478684836        1.8774820654874385E-006   33116270.915830482             3103
   1163.9579947493437        1.8761818592159325E-006   33116361.868560068             3104
   1164.3330416302038        1.8748831298635481E-006   33116452.763059825             3105
   1164.7080885110638        1.8735858752514229E-006   33116543.599385656             3106
   1165.0831353919241        1.8722900932086450E-006   33116634.377593391             3107
   1165.4581822727841        1.8709957815685251E-006   33116725.097738795             3108
   1165.8332291536442        1.8697029381669836E-006   33116815.759877544             3109
   1166.2082760345043        1.8684115608450293E-006   33116906.364065260             3110
   1166.5833229153643        1.8671216474429520E-006   33116996.910357490             3111
   1166.9583697962246        1.8658331958099198E-006   33117087.398809709             3112
   1167.3334166770846        1.8645462038004200E-006   33117177.829477318             3113
   1167.7084635579447        1.8632606692675603E-006   33117268.202415649             3114
   1168.0835104388050        1.8619765900704100E-006   33117358.517679967             3115
   1168.4585573196650        1.8606939640722256E-006   33117448.775325458             3116
   1168.8336042005251        1.8594127891428215E-006   33117538.975407254             3117
   1169.2086510813851        1.8581330631497377E-006   33117629.117980395             3118
   1169.5836979622454        1.8568547839669732E-006   33117719.203099865             3119
   1169.9587448431055        1.8555779494769935E-006   33117809.230820578             3120
   1170.3337917239653        1.8543025575596815E-006   33117899.201197367             3121
   1170.7088386048256        1.8530286061020712E-006   33117989.114285007             3122
   1171.0838854856859        1.8517560929928937E-006   33118078.970138203             3123
   1171.4589323665457        1.8504850161275057E-006   33118168.768811584             3124
   1171.8339792474058        1.8492153734017615E-006   33118258.510359712             3125
   1172.2090261282660        1.8479471627179971E-006   33118348.194837075             3126
   1172.5840730091261        1.8466803819795147E-006   33118437.822298106             3127
   1172.9591198899861        1.8454150290993603E-006   33118527.392797150             3128
   1173.3341667708464        1.8441511019850729E-006   33118616.906388499             3129
   1173.7092136517065        1.8428885985576639E-006   33118706.363126364             3130
   1174.0842605325665        1.8416275167327559E-006   33118795.763064891             3131
   1174.4593074134266        1.8403678544371660E-006   33118885.106258161             3132
   1174.8343542942869        1.8391096095959750E-006   33118974.392760187             3133
   1175.2094011751469        1.8378527801411663E-006   33119063.622624908             3134
   1175.5844480560070        1.8365973640094602E-006   33119152.795906197             3135
   1175.9594949368670        1.8353433591385363E-006   33119241.912657857             3136
   1176.3345418177273        1.8340907634688630E-006   33119330.972933628             3137
   1176.7095886985874        1.8328395749467396E-006   33119419.976787176             3138
   1177.0846355794474        1.8315897915248217E-006   33119508.924272101             3139
   1177.4596824603075        1.8303414111520564E-006   33119597.815441936             3140
   1177.8347293411675        1.8290944317888553E-006   33119686.650350146             3141
   1178.2097762220278        1.8278488513926194E-006   33119775.429050125             3142
   1178.5848231028879        1.8266046679302640E-006   33119864.151595213             3143
   1178.9598699837479        1.8253618793678099E-006   33119952.818038661             3144
   1179.3349168646082        1.8241204836784026E-006   33120041.428433668             3145
   1179.7099637454683        1.8228804788361666E-006   33120129.982833359             3146
   1180.0850106263283        1.8216418628183694E-006   33120218.481290799             3147
   1180.4600575071884        1.8204046336075352E-006   33120306.923858974             3148
   1180.8351043880486        1.8191687891919644E-006   33120395.310590819             3149
   1181.2101512689087        1.8179343275600530E-006   33120483.641539186             3150
   1181.5851981497685        1.8167012467037751E-006   33120571.916756876             3151
   1181.9602450306288        1.8154695446207268E-006   33120660.136296615             3152
   1182.3352919114891        1.8142392193104382E-006   33120748.300211053             3153
   1182.7103387923489        1.8130102687740115E-006   33120836.408552796             3154
   1183.0853856732090        1.8117826910246457E-006   33120924.461374361             3155
   1183.4604325540693        1.8105564840683826E-006   33121012.458728213             3156
   1183.8354794349293        1.8093316459207658E-006   33121100.400666747             3157
   1184.2105263157894        1.8081081745999315E-006   33121188.287242297             3158
   1184.5855731966494        1.8068860681274948E-006   33121276.118507117             3159
   1184.9606200775097        1.8056653245277840E-006   33121363.894513413             3160
   1185.3356669583698        1.8044459418294675E-006   33121451.615313310             3161
   1185.7107138392298        1.8032279180636647E-006   33121539.280958880             3162
   1186.0857607200901        1.8020112512655227E-006   33121626.891502116             3163
   1186.4608076009501        1.8007959394766817E-006   33121714.446994960             3164
   1186.8358544818102        1.7995819807346553E-006   33121801.947489280             3165
   1187.2109013626703        1.7983693730887292E-006   33121889.393036880             3166
   1187.5859482435305        1.7971581145888935E-006   33121976.783689499             3167
   1187.9609951243906        1.7959482032853651E-006   33122064.119498815             3168
   1188.3360420052506        1.7947396372334241E-006   33122151.400516443             3169
   1188.7110888861107        1.7935324144946608E-006   33122238.626793914             3170
   1189.0861357669708        1.7923265331321369E-006   33122325.798382722             3171
   1189.4611826478310        1.7911219912113622E-006   33122412.915334277             3172
   1189.8362295286911        1.7899187868022412E-006   33122499.977699935             3173
   1190.2112764095511        1.7887169179782396E-006   33122586.985530984             3174
   1190.5863232904114        1.7875163828148944E-006   33122673.938878641             3175
   1190.9613701712715        1.7863171793960770E-006   33122760.837794065             3176
   1191.3364170521315        1.7851193057989942E-006   33122847.682328358             3177
   1191.7114639329916        1.7839227601161976E-006   33122934.472532548             3178
   1192.0865108138519        1.7827275404335939E-006   33123021.208457604             3179
   1192.4615576947119        1.7815336448449800E-006   33123107.890154421             3180
   1192.8366045755720        1.7803410714509586E-006   33123194.517673850             3181
   1193.2116514564320        1.7791498183499270E-006   33123281.091066662             3182
   1193.5866983372923        1.7779598836447803E-006   33123367.610383570             3183
   1193.9617452181524        1.7767712654422574E-006   33123454.075675230             3184
   1194.3367920990122        1.7755839618527823E-006   33123540.486992225             3185
   1194.7118389798725        1.7743979709894551E-006   33123626.844385073             3186
   1195.0868858607328        1.7732132909716141E-006   33123713.147904236             3187
   1195.4619327415926        1.7720299199160445E-006   33123799.397600118             3188
   1195.8369796224526        1.7708478559479727E-006   33123885.593523048             3189
   1196.2120265033129        1.7696670971940992E-006   33123971.735723294             3190
   1196.5870733841730        1.7684876417851539E-006   33124057.824251074             3191
   1196.9621202650330        1.7673094878515468E-006   33124143.859156530             3192
   1197.3371671458933        1.7661326335344084E-006   33124229.840489745             3193
   1197.7122140267534        1.7649570769718473E-006   33124315.768300746             3194
   1198.0872609076134        1.7637828163051850E-006   33124401.642639488             3195
   1198.4623077884735        1.7626098496809905E-006   33124487.463555869             3196
   1198.8373546693338        1.7614381752515352E-006   33124573.231099721             3197
   1199.2124015501938        1.7602677911690304E-006   33124658.945320822             3198
   1199.5874484310539        1.7590986955873291E-006   33124744.606268883             3199
   1199.9624953119139        1.7579308866681724E-006   33124830.213993553             3200
   1200.3375421927740        1.7567643625721157E-006   33124915.768544421             3201
   1200.7125890736343        1.7555991214678157E-006   33125001.269971009             3202
   1201.0876359544943        1.7544351615202191E-006   33125086.718322787             3203
   1201.4626828353544        1.7532724809059245E-006   33125172.113649156             3204
   1201.8377297162144        1.7521110777998953E-006   33125257.455999460             3205
   1202.2127765970747        1.7509509503762937E-006   33125342.745422982             3206
   1202.5878234779348        1.7497920968193160E-006   33125427.981968932             3207
   1202.9628703587948        1.7486345153166588E-006   33125513.165686481             3208
   1203.3379172396551        1.7474782040542833E-006   33125598.296624724             3209
   1203.7129641205152        1.7463231612217068E-006   33125683.374832693             3210
   1204.0880110013752        1.7451693850156668E-006   33125768.400359370             3211
   1204.4630578822353        1.7440168736327396E-006   33125853.373253666             3212
   1204.8381047630955        1.7428656252751068E-006   33125938.293564439             3213
   1205.2131516439556        1.7417156381450620E-006   33126023.161340486             3214
   1205.5881985248154        1.7405669104507544E-006   33126107.976630539             3215
   1205.9632454056757        1.7394194404022634E-006   33126192.739483271             3216
   1206.3382922865360        1.7382732262118929E-006   33126277.449947298             3217
   1206.7133391673958        1.7371282660958059E-006   33126362.108071171             3218
   1207.0883860482559        1.7359845582730657E-006   33126446.713903390             3219
   1207.4634329291162        1.7348421009683354E-006   33126531.267492387             3220
   1207.8384798099762        1.7337008924051961E-006   33126615.768886536             3221
   1208.2135266908363        1.7325609308146992E-006   33126700.218134146             3222
   1208.5885735716965        1.7314222144268529E-006   33126784.615283478             3223
   1208.9636204525566        1.7302847414772165E-006   33126868.960382726             3224
   1209.3386673334167        1.7291485102025989E-006   33126953.253480028             3225
   1209.7137142142767        1.7280135188449509E-006   33127037.494623456             3226
   1210.0887610951370        1.7268797656479973E-006   33127121.683861036             3227
   1210.4638079759970        1.7257472488604687E-006   33127205.821240716             3228
   1210.8388548568571        1.7246159667300826E-006   33127289.906810399             3229
   1211.2139017377172        1.7234859175123007E-006   33127373.940617926             3230
   1211.5889486185772        1.7223570994617919E-006   33127457.922711082             3231
   1211.9639954994375        1.7212295108374130E-006   33127541.853137586             3232
   1212.3390423802975        1.7201031499030842E-006   33127625.731945105             3233
   1212.7140892611576        1.7189780149224378E-006   33127709.559181239             3234
   1213.0891361420177        1.7178541041629923E-006   33127793.334893536             3235
   1213.4641830228779        1.7167314159003750E-006   33127877.059129488             3236
   1213.8392299037380        1.7156099484042018E-006   33127960.731936522             3237
   1214.2142767845980        1.7144896999544861E-006   33128044.353362009             3238
   1214.5893236654583        1.7133706688306023E-006   33128127.923453264             3239
   1214.9643705463184        1.7122528533151294E-006   33128211.442257550             3240
   1215.3394174271784        1.7111362516940045E-006   33128294.909822054             3241
   1215.7144643080385        1.7100208622570652E-006   33128378.326193918             3242
   1216.0895111888988        1.7089066832975543E-006   33128461.691420220             3243
   1216.4645580697588        1.7077937131066230E-006   33128545.005547997             3244
   1216.8396049506187        1.7066819499888091E-006   33128628.268624205             3245
   1217.2146518314789        1.7055713922379705E-006   33128711.480695754             3246
   1217.5896987123392        1.7044620381633822E-006   33128794.641809497             3247
   1217.9647455931990        1.7033538860686189E-006   33128877.752012227             3248
   1218.3397924740591        1.7022469342626547E-006   33128960.811350685             3249
   1218.7148393549194        1.7011411810609899E-006   33129043.819871541             3250
   1219.0898862357794        1.7000366247796850E-006   33129126.777621433             3251
   1219.4649331166395        1.6989332637319034E-006   33129209.684646912             3252
   1219.8399799974995        1.6978310962448218E-006   33129292.540994495             3253
   1220.2150268783598        1.6967301206401489E-006   33129375.346710633             3254
   1220.5900737592199        1.6956303352439649E-006   33129458.101841718             3255
   1220.9651206400799        1.6945317383863853E-006   33129540.806434091             3256
   1221.3401675209402        1.6934343284017636E-006   33129623.460534032             3257
   1221.7152144018003        1.6923381036270821E-006   33129706.064187765             3258
   1222.0902612826603        1.6912430623966826E-006   33129788.617441460             3259
   1222.4653081635204        1.6901492030543945E-006   33129871.120341234             3260
   1222.8403550443807        1.6890565239462722E-006   33129953.572933137             3261
   1223.2154019252407        1.6879650234150424E-006   33130035.975263171             3262
   1223.5904488061008        1.6868746998144121E-006   33130118.327377286             3263
   1223.9654956869608        1.6857855514957849E-006   33130200.629321359             3264
   1224.3405425678209        1.6846975768122619E-006   33130282.881141230             3265
   1224.7155894486812        1.6836107741270388E-006   33130365.082882676             3266
   1225.0906363295412        1.6825251417982856E-006   33130447.234591413             3267
   1225.4656832104013        1.6814406781918890E-006   33130529.336313114             3268
   1225.8407300912615        1.6803573816723423E-006   33130611.388093382             3269
   1226.2157769721216        1.6792752506116729E-006   33130693.389977768             3270
   1226.5908238529817        1.6781942833809149E-006   33130775.342011776             3271
   1226.9658707338417        1.6771144783535869E-006   33130857.244240846             3272
   1227.3409176147020        1.6760358339115495E-006   33130939.096710369             3273
   1227.7159644955620        1.6749583484321369E-006   33131020.899465680             3274
   1228.0910113764219        1.6738820203025462E-006   33131102.652552053             3275
   1228.4660582572822        1.6728068479046272E-006   33131184.356014710             3276
   1228.8411051381424        1.6717328296319516E-006   33131266.009898826             3277
   1229.2161520190023        1.6706599638723377E-006   33131347.614249509             3278
   1229.5911988998623        1.6695882490233431E-006   33131429.169111818             3279
   1229.9662457807226        1.6685176834798874E-006   33131510.674530759             3280
   1230.3412926615827        1.6674482656426862E-006   33131592.130551279             3281
   1230.7163395424427        1.6663799939161218E-006   33131673.537218276             3282
   1231.0913864233028        1.6653128667046535E-006   33131754.894576583             3283
   1231.4664333041630        1.6642468824139623E-006   33131836.202670995             3284
   1231.8414801850231        1.6631820394604558E-006   33131917.461546242             3285
   1232.2165270658832        1.6621183362538138E-006   33131998.671247002             3286
   1232.5915739467434        1.6610557712088254E-006   33132079.831817895             3287
   1232.9666208276035        1.6599943427497430E-006   33132160.943303492             3288
   1233.3416677084635        1.6589340492937350E-006   33132242.005748309             3289
   1233.7167145893236        1.6578748892671022E-006   33132323.019196816             3290
   1234.0917614701839        1.6568168610971613E-006   33132403.983693410             3291
   1234.4668083510439        1.6557599632129310E-006   33132484.899282452             3292
   1234.8418552319040        1.6547041940492588E-006   33132565.766008239             3293
   1235.2169021127640        1.6536495520371594E-006   33132646.583915021             3294
   1235.5919489936241        1.6525960356163026E-006   33132727.353046998             3295
   1235.9669958744844        1.6515436432259408E-006   33132808.073448304             3296
   1236.3420427553444        1.6504923733129750E-006   33132888.745163031             3297
   1236.7170896362045        1.6494422243187100E-006   33132969.368235212             3298
   1237.0921365170645        1.6483931946932893E-006   33133049.942708828             3299
   1237.4671833979248        1.6473452828877702E-006   33133130.468627807             3300
   1237.8422302787849        1.6462984873570531E-006   33133210.946036018             3301
   1238.2172771596449        1.6452528065555285E-006   33133291.374977294             3302
   1238.5923240405052        1.6442082389426501E-006   33133371.755495403             3303
   1238.9673709213653        1.6431647829774014E-006   33133452.087634057             3304
   1239.3424178022251        1.6421224371273375E-006   33133532.371436927             3305
   1239.7174646830854        1.6410811998601022E-006   33133612.606947619             3306
   1240.0925115639457        1.6400410696395700E-006   33133692.794209700             3307
   1240.4675584448055        1.6390020449440647E-006   33133772.933266673             3308
   1240.8426053256655        1.6379641242424866E-006   33133853.024161991             3309
   1241.2176522065258        1.6369273060125245E-006   33133933.066939060             3310
   1241.5926990873861        1.6358915887378674E-006   33134013.061641231             3311
   1241.9677459682459        1.6348569708978363E-006   33134093.008311804             3312
   1242.3427928491060        1.6338234509778272E-006   33134172.906994019             3313
   1242.7178397299663        1.6327910274634842E-006   33134252.757731076             3314
   1243.0928866108263        1.6317596988486119E-006   33134332.560566116             3315
   1243.4679334916864        1.6307294636210252E-006   33134412.315542236             3316
   1243.8429803725467        1.6297003202758906E-006   33134492.022702467             3317
   1244.2180272534067        1.6286722673151334E-006   33134571.682089802             3318
   1244.5930741342668        1.6276453032346434E-006   33134651.293747172             3319
   1244.9681210151268        1.6266194265386697E-006   33134730.857717466             3320
   1245.3431678959871        1.6255946357312220E-006   33134810.374043513             3321
   1245.7182147768472        1.6245709293213651E-006   33134889.842768103             3322
   1246.0932616577072        1.6235483058181305E-006   33134969.263933964             3323
   1246.4683085385673        1.6225267637346348E-006   33135048.637583774             3324
   1246.8433554194273        1.6215063015856851E-006   33135127.963760164             3325
   1247.2184023002876        1.6204869178907770E-006   33135207.242505707             3326
   1247.5934491811477        1.6194686111673964E-006   33135286.473862939             3327
   1247.9684960620077        1.6184513799362888E-006   33135365.657874327             3328
   1248.3435429428678        1.6174352227288854E-006   33135444.794582307             3329
   1248.7185898237281        1.6164201380654832E-006   33135523.884029243             3330
   1249.0936367045881        1.6154061244818368E-006   33135602.926257461             3331
   1249.4686835854482        1.6143931805081336E-006   33135681.921309244             3332
   1249.8437304663084        1.6133813046795650E-006   33135760.869226802             3333
   1250.2187773471685        1.6123704955346356E-006   33135839.770052321             3334
   1250.5938242280286        1.6113607516115281E-006   33135918.623827912             3335
   1250.9688711088886        1.6103520714514728E-006   33135997.430595659             3336
   1251.3439179897489        1.6093444536036152E-006   33136076.190397572             3337
   1251.7189648706089        1.6083378966094302E-006   33136154.903275628             3338
   1252.0940117514688        1.6073323990240417E-006   33136233.569271747             3339
   1252.4690586323291        1.6063279593965773E-006   33136312.188427810             3340
   1252.8441055131893        1.6053245762839700E-006   33136390.760785628             3341
   1253.2191523940492        1.6043222482387263E-006   33136469.286386978             3342
   1253.5941992749092        1.6033209738246945E-006   33136547.765273582             3343
   1253.9692461557695        1.6023207516005291E-006   33136626.197487116             3344
   1254.3442930366296        1.6013215801319105E-006   33136704.583069205             3345
   1254.7193399174896        1.6003234579844543E-006   33136782.922061417             3346
   1255.0943867983497        1.5993263837290436E-006   33136861.214505281             3347
   1255.4694336792099        1.5983303559366157E-006   33136939.460442275             3348
   1255.8444805600700        1.5973353731789461E-006   33137017.659913819             3349
   1256.2195274409301        1.5963414340324045E-006   33137095.812961295             3350
   1256.5945743217903        1.5953485370778821E-006   33137173.919626027             3351
   1256.9696212026504        1.5943566808948900E-006   33137251.979949296             3352
   1257.3446680835104        1.5933658640665303E-006   33137329.993972331             3353
   1257.7197149643705        1.5923760851788236E-006   33137407.961736310             3354
   1258.0947618452306        1.5913873428203446E-006   33137485.883282375             3355
   1258.4698087260908        1.5903996355776706E-006   33137563.758651603             3356
   1258.8448556069509        1.5894129620485303E-006   33137641.587885026             3357
   1259.2199024878109        1.5884273208252326E-006   33137719.371023636             3358
   1259.5949493686710        1.5874427105079821E-006   33137797.108108364             3359
   1259.9699962495313        1.5864591296923502E-006   33137874.799180102             3360
   1260.3450431303913        1.5854765769824003E-006   33137952.444279693             3361
   1260.7200900112514        1.5844950509822735E-006   33138030.043447930             3362
   1261.0951368921114        1.5835145502994103E-006   33138107.596725553             3363
   1261.4701837729717        1.5825350735403365E-006   33138185.104153261             3364
   1261.8452306538318        1.5815566193197860E-006   33138262.565771703             3365
   1262.2202775346918        1.5805791862498775E-006   33138339.981621474             3366
   1262.5953244155521        1.5796027729473379E-006   33138417.351743128             3367
   1262.9703712964122        1.5786273780294058E-006   33138494.676177170             3368
   1263.3454181772720        1.5776530001149959E-006   33138571.954964053             3369
   1263.7204650581323        1.5766796378309628E-006   33138649.188144192             3370
   1264.0955119389926        1.5757072897994565E-006   33138726.375757944             3371
   1264.4705588198524        1.5747359546495715E-006   33138803.517845623             3372
   1264.8456057007124        1.5737656310081220E-006   33138880.614447493             3373
   1265.2206525815727        1.5727963175099849E-006   33138957.665603772             3374
   1265.5956994624328        1.5718280127881821E-006   33139034.671354633             3375
   1265.9707463432928        1.5708607154808405E-006   33139111.631740201             3376
   1266.3457932241529        1.5698944242233913E-006   33139188.546800543             3377
   1266.7208401050132        1.5689291376616755E-006   33139265.416575700             3378
   1267.0958869858732        1.5679648544342296E-006   33139342.241105642             3379
   1267.4709338667333        1.5670015731875296E-006   33139419.020430315             3380
   1267.8459807475936        1.5660392925721161E-006   33139495.754589599             3381
   1268.2210276284536        1.5650780112346275E-006   33139572.443623338             3382
   1268.5960745093137        1.5641177278285388E-006   33139649.087571327             3383
   1268.9711213901737        1.5631584410079854E-006   33139725.686473314             3384
   1269.3461682710340        1.5622001494308167E-006   33139802.240368992             3385
   1269.7212151518941        1.5612428517545940E-006   33139878.749298021             3386
   1270.0962620327541        1.5602865466417463E-006   33139955.213300008             3387
   1270.4713089136142        1.5593312327556885E-006   33140031.632414520             3388
   1270.8463557944742        1.5583769087597825E-006   33140108.006681059             3389
   1271.2214026753345        1.5574235733223312E-006   33140184.336139102             3390
   1271.5964495561946        1.5564712251156769E-006   33140260.620828066             3391
   1271.9714964370546        1.5555198628101258E-006   33140336.860787328             3392
   1272.3465433179147        1.5545694850789891E-006   33140413.056056220             3393
   1272.7215901987749        1.5536200905996407E-006   33140489.206674021             3394
   1273.0966370796350        1.5526716780523625E-006   33140565.312679972             3395
   1273.4716839604951        1.5517242461159111E-006   33140641.374113258             3396
   1273.8467308413553        1.5507777934730379E-006   33140717.391013034             3397
   1274.2217777222154        1.5498323188106549E-006   33140793.363418397             3398
   1274.5968246030752        1.5488878208166825E-006   33140869.291368391             3399
   1274.9718714839355        1.5479442981790990E-006   33140945.174902037             3400
   1275.3469183647958        1.5470017495875364E-006   33141021.014058288             3401
   1275.7219652456556        1.5460601737410041E-006   33141096.808876067             3402
   1276.0970121265157        1.5451195693306418E-006   33141172.559394240             3403
   1276.4720590073759        1.5441799350572746E-006   33141248.265651640             3404
   1276.8471058882360        1.5432412696203394E-006   33141323.927687041             3405
   1277.2221527690961        1.5423035717237017E-006   33141399.545539185             3406
   1277.5971996499561        1.5413668400694601E-006   33141475.119246759             3407
   1277.9722465308164        1.5404310733647151E-006   33141550.648848400             3408
   1278.3472934116764        1.5394962703204830E-006   33141626.134382721             3409
   1278.7223402925365        1.5385624296434640E-006   33141701.575888272             3410
   1279.0973871733966        1.5376295500518839E-006   33141776.973403558             3411
   1279.4724340542568        1.5366976302552472E-006   33141852.326967053             3412
   1279.8474809351169        1.5357666689762362E-006   33141927.636617169             3413
   1280.2225278159769        1.5348366649313201E-006   33142002.902392287             3414
   1280.5975746968372        1.5339076168426444E-006   33142078.124330733             3415
   1280.9726215776973        1.5329795234343497E-006   33142153.302470796             3416
   1281.3476684585573        1.5320523834293266E-006   33142228.436850719             3417
   1281.7227153394174        1.5311261955580796E-006   33142303.527508695             3418
   1282.0977622202774        1.5302009585476875E-006   33142378.574482881             3419
   1282.4728091011377        1.5292766711347192E-006   33142453.577811383             3420
   1282.8478559819978        1.5283533320483895E-006   33142528.537532259             3421
   1283.2229028628578        1.5274309400252466E-006   33142603.453683540             3422
   1283.5979497437179        1.5265094938075876E-006   33142678.326303191             3423
   1283.9729966245782        1.5255889921316236E-006   33142753.155429151             3424
   1284.3480435054382        1.5246694337394178E-006   33142827.941099301             3425
   1284.7230903862981        1.5237508173761677E-006   33142902.683351491             3426
   1285.0981372671586        1.5228331417889281E-006   33142977.382223517             3427
   1285.4731841480186        1.5219164057249589E-006   33143052.037753131             3428
   1285.8482310288784        1.5210006079365140E-006   33143126.649978049             3429
   1286.2232779097387        1.5200857471724793E-006   33143201.218935937             3430
   1286.5983247905990        1.5191718221905782E-006   33143275.744664419             3431
   1286.9733716714588        1.5182588317463345E-006   33143350.227201082             3432
   1287.3484185523189        1.5173467745992224E-006   33143424.666583452             3433
   1287.7234654331792        1.5164356495081895E-006   33143499.062849030             3434
   1288.0985123140392        1.5155254552349700E-006   33143573.416035268             3435
   1288.4735591948993        1.5146161905452806E-006   33143647.726179566             3436
   1288.8486060757593        1.5137078542070565E-006   33143721.993319292             3437
   1289.2236529566196        1.5128004449882061E-006   33143796.217491768             3438
   1289.5986998374797        1.5118939616576733E-006   33143870.398734260             3439
   1289.9737467183397        1.5109884029901742E-006   33143944.537084013             3440
   1290.3487935991998        1.5100837677592234E-006   33144018.632578220             3441
   1290.7238404800601        1.5091800547433840E-006   33144092.685254019             3442
   1291.0988873609201        1.5082772627157294E-006   33144166.695148520             3443
   1291.4739342417802        1.5073753904626782E-006   33144240.662298787             3444
   1291.8489811226405        1.5064744367645575E-006   33144314.586741842             3445
   1292.2240280035005        1.5055744004070643E-006   33144388.468514655             3446
   1292.5990748843606        1.5046752801735531E-006   33144462.307654161             3447
   1292.9741217652206        1.5037770748549393E-006   33144536.104197253             3448
   1293.3491686460807        1.5028797832414026E-006   33144609.858180784             3449
   1293.7242155269410        1.5019834041259965E-006   33144683.569641553             3450
   1294.0992624078010        1.5010879363017400E-006   33144757.238616325             3451
   1294.4743092886611        1.5001933785652577E-006   33144830.865141828             3452
   1294.8493561695211        1.4992997297149786E-006   33144904.449254736             3453
   1295.2244030503814        1.4984069885522080E-006   33144977.990991689             3454
   1295.5994499312415        1.4975151538779046E-006   33145051.490389276             3455
   1295.9744968121013        1.4966242244945114E-006   33145124.947484054             3456
   1296.3495436929616        1.4957341992116030E-006   33145198.362312533             3457
   1296.7245905738218        1.4948450768343417E-006   33145271.734911181             3458
   1297.0996374546819        1.4939568561724972E-006   33145345.065316424             3459
   1297.4746843355420        1.4930695360408932E-006   33145418.353564654             3460
   1297.8497312164022        1.4921831152502725E-006   33145491.599692207             3461
   1298.2247780972623        1.4912975926168481E-006   33145564.803735383             3462
   1298.5998249781221        1.4904129669591081E-006   33145637.965730447             3463
   1298.9748718589824        1.4895292370961962E-006   33145711.085713610             3464
   1299.3499187398427        1.4886464018492324E-006   33145784.163721055             3465
   1299.7249656207025        1.4877644600416287E-006   33145857.199788913             3466
   1300.1000125015626        1.4868834104988690E-006   33145930.193953276             3467
   1300.4750593824228        1.4860032520471105E-006   33146003.146250203             3468
   1300.8501062632829        1.4851239835151111E-006   33146076.056715697             3469
   1301.2251531441430        1.4842456037363203E-006   33146148.925385728             3470
   1301.6002000250030        1.4833681115410390E-006   33146221.752296232             3471
   1301.9752469058633        1.4824915057638909E-006   33146294.537483081             3472
   1302.3502937867233        1.4816157852404942E-006   33146367.280982137             3473
   1302.7253406675834        1.4807409488121351E-006   33146439.982829195             3474
   1303.1003875484437        1.4798669953177636E-006   33146512.643060021             3475
   1303.4754344293037        1.4789939235997296E-006   33146585.261710338             3476
   1303.8504813101638        1.4781217324994159E-006   33146657.838815827             3477
   1304.2255281910238        1.4772504208664761E-006   33146730.374412131             3478
   1304.6005750718839        1.4763799875479967E-006   33146802.868534844             3479
   1304.9756219527442        1.4755104313891663E-006   33146875.321219537             3480
   1305.3506688336042        1.4746417512475307E-006   33146947.732501723             3481
   1305.7257157144643        1.4737739459716154E-006   33147020.102416877             3482
   1306.1007625953243        1.4729070144175262E-006   33147092.431000441             3483
   1306.4758094761846        1.4720409554451349E-006   33147164.718287814             3484
   1306.8508563570447        1.4711757679090077E-006   33147236.964314345             3485
   1307.2259032379047        1.4703114506717267E-006   33147309.169115365             3486
   1307.6009501187648        1.4694480025955263E-006   33147381.332726140             3487
   1307.9759969996251        1.4685854225463863E-006   33147453.455181904             3488
   1308.3510438804851        1.4677237093866056E-006   33147525.536517859             3489
   1308.7260907613452        1.4668628619875813E-006   33147597.576769158             3490
   1309.1011376422055        1.4660028792162551E-006   33147669.575970918             3491
   1309.4761845230655        1.4651437599444343E-006   33147741.534158215             3492
   1309.8512314039253        1.4642855030480081E-006   33147813.451366082             3493
   1310.2262782847856        1.4634281074002242E-006   33147885.327629518             3494
   1310.6013251656459        1.4625715718787991E-006   33147957.162983481             3495
   1310.9763720465057        1.4617158953606197E-006   33148028.957462881             3496
   1311.3514189273658        1.4608610767276374E-006   33148100.711102601             3497
   1311.7264658082261        1.4600071148623430E-006   33148172.423937473             3498
   1312.1015126890861        1.4591540086466721E-006   33148244.096002296             3499
   1312.4765595699462        1.4583017569694395E-006   33148315.727331832             3500
   1312.8516064508062        1.4574503587151225E-006   33148387.317960791             3501
   1313.2266533316665        1.4565998127763079E-006   33148458.867923860             3502
   1313.6017002125266        1.4557501180426197E-006   33148530.377255671             3503
   1313.9767470933866        1.4549012734084074E-006   33148601.845990833             3504
   1314.3517939742467        1.4540532777662976E-006   33148673.274163894             3505
   1314.7268408551070        1.4532061300130813E-006   33148744.661809389             3506
   1315.1018877359670        1.4523598290466526E-006   33148816.008961789             3507
   1315.4769346168271        1.4515143737696448E-006   33148887.315655548             3508
   1315.8519814976871        1.4506697630811896E-006   33148958.581925064             3509
   1316.2270283785474        1.4498259958855169E-006   33149029.807804707             3510
   1316.6020752594075        1.4489830710871024E-006   33149100.993328795             3511
   1316.9771221402675        1.4481409875958564E-006   33149172.138531625             3512
   1317.3521690211276        1.4472997443178593E-006   33149243.243447442             3513
   1317.7272159019878        1.4464593401635340E-006   33149314.308110446             3514
   1318.1022627828479        1.4456197740446275E-006   33149385.332554825             3515
   1318.4773096637080        1.4447810448792879E-006   33149456.316814702             3516
   1318.8523565445680        1.4439431515765525E-006   33149527.260924172             3517
   1319.2274034254283        1.4431060930604091E-006   33149598.164917290             3518
   1319.6024503062883        1.4422698682457199E-006   33149669.028828070             3519
   1319.9774971871482        1.4414344760545123E-006   33149739.852690496             3520
   1320.3525440680087        1.4405999154078197E-006   33149810.636538506             3521
   1320.7275909488687        1.4397661852337870E-006   33149881.380406003             3522
   1321.1026378297286        1.4389332844546893E-006   33149952.084326848             3523
   1321.4776847105888        1.4381012119980641E-006   33150022.748334870             3524
   1321.8527315914491        1.4372699667974814E-006   33150093.372463848             3525
   1322.2277784723090        1.4364395477780746E-006   33150163.956747539             3526
   1322.6028253531690        1.4356099538782089E-006   33150234.501219649             3527
   1322.9778722340293        1.4347811840276602E-006   33150305.005913854             3528
   1323.3529191148893        1.4339532371667425E-006   33150375.470863782             3529
   1323.7279659957494        1.4331261122302315E-006   33150445.896103039             3530
   1324.1030128766095        1.4322998081592760E-006   33150516.281665176             3531
   1324.4780597574697        1.4314743238930896E-006   33150586.627583716             3532
   1324.8531066383298        1.4306496583764933E-006   33150656.933892149             3533
   1325.2281535191898        1.4298258105535963E-006   33150727.200623915             3534
   1325.6032004000499        1.4290027793698123E-006   33150797.427812424             3535
   1325.9782472809102        1.4281805637744791E-006   33150867.615491044             3536
   1326.3532941617702        1.4273591627155577E-006   33150937.763693105             3537
   1326.7283410426303        1.4265385751452300E-006   33151007.872451909             3538
   1327.1033879234906        1.4257188000170745E-006   33151077.941800717             3539
   1327.4784348043506        1.4248998362816215E-006   33151147.971772742             3540
   1327.8534816852107        1.4240816829016235E-006   33151217.962401170             3541
   1328.2285285660707        1.4232643388281471E-006   33151287.913719147             3542
   1328.6035754469308        1.4224478030240943E-006   33151357.825759780             3543
   1328.9786223277911        1.4216320744519892E-006   33151427.698556144             3544
   1329.3536692086511        1.4208171520710578E-006   33151497.532141272             3545
   1329.7287160895112        1.4200030348474113E-006   33151567.326548163             3546
   1330.1037629703712        1.4191897217484836E-006   33151637.081809774             3547
   1330.4788098512315        1.4183772117387528E-006   33151706.797959030             3548
   1330.8538567320916        1.4175655037903286E-006   33151776.475028820             3549
   1331.2289036129514        1.4167545968719634E-006   33151846.113051996             3550
   1331.6039504938117        1.4159444899576633E-006   33151915.712061360             3551
   1331.9789973746720        1.4151351820190796E-006   33151985.272089694             3552
   1332.3540442555318        1.4143266720347399E-006   33152054.793169744             3553
   1332.7290911363921        1.4135189589815613E-006   33152124.275334202             3554
   1333.1041380172524        1.4127120418400062E-006   33152193.718615741             3555
   1333.4791848981122        1.4119059195852908E-006   33152263.123046990             3556
   1333.8542317789722        1.4111005912037841E-006   33152332.488660540             3557
   1334.2292786598325        1.4102960556804341E-006   33152401.815488953             3558
   1334.6043255406926        1.4094923119957039E-006   33152471.103564739             3559
   1334.9793724215526        1.4086893591418871E-006   33152540.352920394             3560
   1335.3544193024127        1.4078871961036644E-006   33152609.563588358             3561
   1335.7294661832730        1.4070858218723014E-006   33152678.735601045             3562
   1336.1045130641330        1.4062852354403037E-006   33152747.868990831             3563
   1336.4795599449931        1.4054854357999796E-006   33152816.963790052             3564
   1336.8546068258531        1.4046864219450997E-006   33152886.020031013             3565
   1337.2296537067134        1.4038881928754267E-006   33152955.037745979             3566
   1337.6047005875735        1.4030907475873464E-006   33153024.016967185             3567
   1337.9797474684335        1.4022940850797760E-006   33153092.957726825             3568
   1338.3547943492938        1.4014982043552372E-006   33153161.860057056             3569
   1338.7298412301539        1.4007031044142991E-006   33153230.723990001             3570
   1339.1048881110139        1.3999087842619532E-006   33153299.549557749             3571
   1339.4799349918740        1.3991152429055592E-006   33153368.336792354             3572
   1339.8549818727340        1.3983224793530541E-006   33153437.085725829             3573
   1340.2300287535943        1.3975304926109704E-006   33153505.796390153             3574
   1340.6050756344544        1.3967392816900752E-006   33153574.468817275             3575
   1340.9801225153144        1.3959488456026264E-006   33153643.103039101             3576
   1341.3551693961745        1.3951591833637829E-006   33153711.699087508             3577
   1341.7302162770347        1.3943702939881155E-006   33153780.256994326             3578
   1342.1052631578948        1.3935821764915025E-006   33153848.776791371             3579
   1342.4803100387546        1.3927948298928164E-006   33153917.258510400             3580
   1342.8553569196149        1.3920082532109522E-006   33153985.702183150             3581
   1343.2304038004752        1.3912224454678452E-006   33154054.107841317             3582
   1343.6054506813350        1.3904374056850977E-006   33154122.475516561             3583
   1343.9804975621951        1.3896531328904752E-006   33154190.805240512             3584
   1344.3555444430556        1.3888696261057793E-006   33154259.097044762             3585
   1344.7305913239156        1.3880868843600417E-006   33154327.350960866             3586
   1345.1056382047755        1.3873049066819588E-006   33154395.567020345             3587
   1345.4806850856357        1.3865236921026298E-006   33154463.745254684             3588
   1345.8557319664960        1.3857432396525349E-006   33154531.885695338             3589
   1346.2307788473559        1.3849635483670253E-006   33154599.988373723             3590
   1346.6058257282159        1.3841846172805200E-006   33154668.053321220             3591
   1346.9808726090762        1.3834064454281999E-006   33154736.080569174             3592
   1347.3559194899362        1.3826290318487722E-006   33154804.070148904             3593
   1347.7309663707963        1.3818523755817094E-006   33154872.022091683             3594
   1348.1060132516563        1.3810764756680793E-006   33154939.936428752             3595
   1348.4810601325166        1.3803013311497628E-006   33155007.813191328             3596
   1348.8561070133767        1.3795269410717112E-006   33155075.652410578             3597
   1349.2311538942367        1.3787533044776701E-006   33155143.454117641             3598
   1349.6062007750968        1.3779804204154359E-006   33155211.218343627             3599
   1349.9812476559571        1.3772082879344574E-006   33155278.945119604             3600
   1350.3562945368171        1.3764369060807910E-006   33155346.634476610             3601
   1350.7313414176772        1.3756662739120073E-006   33155414.286445647             3602
   1351.1063882985372        1.3748963904749636E-006   33155481.901057683             3603
   1351.4814351793975        1.3741272548258138E-006   33155549.478343651             3604
   1351.8564820602576        1.3733588660202908E-006   33155617.018334456             3605
   1352.2315289411176        1.3725912231167294E-006   33155684.521060955             3606
   1352.6065758219777        1.3718243251725351E-006   33155751.986553982             3607
   1352.9816227028380        1.3710581712488429E-006   33155819.414844338             3608
   1353.3566695836980        1.3702927604056272E-006   33155886.805962782             3609
   1353.7317164645581        1.3695280917071695E-006   33155954.159940049             3610
   1354.1067633454181        1.3687641642182200E-006   33156021.476806827             3611
   1354.4818102262784        1.3680009770022255E-006   33156088.756593786             3612
   1354.8568571071385        1.3672385291298251E-006   33156155.999331553             3613
   1355.2319039879983        1.3664768196685492E-006   33156223.205050714             3614
   1355.6069508688588        1.3657158476870410E-006   33156290.373781841             3615
   1355.9819977497189        1.3649556122599675E-006   33156357.505555455             3616
   1356.3570446305787        1.3641961124561146E-006   33156424.600402053             3617
   1356.7320915114390        1.3634373473540926E-006   33156491.658352092             3618
   1357.1071383922992        1.3626793160285277E-006   33156558.679436002             3619
   1357.4821852731591        1.3619220175564449E-006   33156625.663684171             3620
   1357.8572321540191        1.3611654510173179E-006   33156692.611126959             3621
   1358.2322790348794        1.3604096154888805E-006   33156759.521794699             3622
   1358.6073259157395        1.3596545100575381E-006   33156826.395717677             3623
   1358.9823727965995        1.3589001338011932E-006   33156893.232926160             3624
   1359.3574196774596        1.3581464858089168E-006   33156960.033450369             3625
   1359.7324665583199        1.3573935651641922E-006   33157026.797320496             3626
   1360.1075134391799        1.3566413709528907E-006   33157093.524566703             3627
   1360.4825603200400        1.3558899022677605E-006   33157160.215219118             3628
   1360.8576072009000        1.3551391581941121E-006   33157226.869307835             3629
   1361.2326540817601        1.3543891378285212E-006   33157293.486862920             3630
   1361.6077009626204        1.3536398402599927E-006   33157360.067914397             3631
   1361.9827478434804        1.3528912645841436E-006   33157426.612492260             3632
   1362.3577947243405        1.3521434098965691E-006   33157493.120626472             3633
   1362.7328416052007        1.3513962752946318E-006   33157559.592346959             3634
   1363.1078884860608        1.3506498598761132E-006   33157626.027683627             3635
   1363.4829353669209        1.3499041627418444E-006   33157692.426666334             3636
   1363.8579822477809        1.3491591829934838E-006   33157758.789324913             3637
   1364.2330291286412        1.3484149197322876E-006   33157825.115689166             3638
   1364.6080760095012        1.3476713720630175E-006   33157891.405788850             3639
   1364.9831228903613        1.3469285390907628E-006   33157957.659653712             3640
   1365.3581697712214        1.3461864199224681E-006   33158023.877313439             3641
   1365.7332166520816        1.3454450136644471E-006   33158090.058797713             3642
   1366.1082635329417        1.3447043194300341E-006   33158156.204136159             3643
   1366.4833104138015        1.3439643363285910E-006   33158222.313358389             3644
   1366.8583572946618        1.3432250634704418E-006   33158288.386493973             3645
   1367.2334041755221        1.3424864999707534E-006   33158354.423572447             3646
   1367.6084510563819        1.3417486449445917E-006   33158420.424623318             3647
   1367.9834979372422        1.3410114975064832E-006   33158486.389676072             3648
   1368.3585448181025        1.3402750567767786E-006   33158552.318760138             3649
   1368.7335916989623        1.3395393218726814E-006   33158618.211904932             3650
   1369.1086385798224        1.3388042919159471E-006   33158684.069139834             3651
   1369.4836854606826        1.3380699660267089E-006   33158749.890494190             3652
   1369.8587323415427        1.3373363433294864E-006   33158815.675997321             3653
   1370.2337792224027        1.3366034229477341E-006   33158881.425678495             3654
   1370.6088261032628        1.3358712040064742E-006   33158947.139566973             3655
   1370.9838729841231        1.3351396856344512E-006   33159012.817691974             3656
   1371.3589198649831        1.3344088669587332E-006   33159078.460082684             3657
   1371.7339667458432        1.3336787471102823E-006   33159144.066768259             3658
   1372.1090136267032        1.3329493252188857E-006   33159209.637777820             3659
   1372.4840605075635        1.3322206004186925E-006   33159275.173140459             3660
   1372.8591073884236        1.3314925718408828E-006   33159340.672885243             3661
   1373.2341542692836        1.3307652386231182E-006   33159406.137041193             3662
   1373.6092011501439        1.3300385998985602E-006   33159471.565637313             3663
   1373.9842480310040        1.3293126548086698E-006   33159536.958702564             3664
   1374.3592949118640        1.3285874024904189E-006   33159602.316265881             3665
   1374.7343417927241        1.3278628420837397E-006   33159667.638356175             3666
   1375.1093886735841        1.3271389727312017E-006   33159732.925002307             3667
   1375.4844355544444        1.3264157935743821E-006   33159798.176233124             3668
   1375.8594824353045        1.3256933037596522E-006   33159863.392077435             3669
   1376.2345293161645        1.3249715024296875E-006   33159928.572564013             3670
   1376.6095761970246        1.3242503887342867E-006   33159993.717721611             3671
   1376.9846230778849        1.3235299618211850E-006   33160058.827578939             3672
   1377.3596699587449        1.3228102208371460E-006   33160123.902164683             3673
   1377.7347168396047        1.3220911649358617E-006   33160188.941507500             3674
   1378.1097637204650        1.3213727932665164E-006   33160253.945636004             3675
   1378.4848106013253        1.3206551049857982E-006   33160318.914578795             3676
   1378.8598574821851        1.3199380992447422E-006   33160383.848364428             3677
   1379.2349043630452        1.3192217752028063E-006   33160448.747021437             3678
   1379.6099512439057        1.3185061320140289E-006   33160513.610578317             3679
   1379.9849981247655        1.3177911688389999E-006   33160578.439063538             3680
   1380.3600450056256        1.3170768848346792E-006   33160643.232505534             3681
   1380.7350918864859        1.3163632791651000E-006   33160707.990932714             3682
   1381.1101387673459        1.3156503509924741E-006   33160772.714373451             3683
   1381.4851856482060        1.3149380994777979E-006   33160837.402856097             3684
   1381.8602325290660        1.3142265237882538E-006   33160902.056408957             3685
   1382.2352794099263        1.3135156230885673E-006   33160966.675060321             3686
   1382.6103262907864        1.3128053965464047E-006   33161031.258838441             3687
   1382.9853731716464        1.3120958433305228E-006   33161095.807771537             3688
   1383.3604200525065        1.3113869626102101E-006   33161160.321887802             3689
   1383.7354669333668        1.3106787535585768E-006   33161224.801215403             3690
   1384.1105138142268        1.3099712153441334E-006   33161289.245782468             3691
   1384.4855606950869        1.3092643471439417E-006   33161353.655617096             3692
   1384.8606075759469        1.3085581481330715E-006   33161418.030747361             3693
   1385.2356544568072        1.3078526174842512E-006   33161482.371201299             3694
   1385.6107013376673        1.3071477543782163E-006   33161546.677006923             3695
   1385.9857482185273        1.3064435579913043E-006   33161610.948192220             3696
   1386.3607950993874        1.3057400275048834E-006   33161675.184785131             3697
   1386.7358419802476        1.3050371620987172E-006   33161739.386813581             3698
   1387.1108888611077        1.3043349609553703E-006   33161803.554305460             3699
   1387.4859357419678        1.3036334232608975E-006   33161867.687288627             3700
   1387.8609826228278        1.3029325481974421E-006   33161931.785790913             3701
   1388.2360295036881        1.3022323349513927E-006   33161995.849840116             3702
   1388.6110763845481        1.3015327827104562E-006   33162059.879464008             3703
   1388.9861232654080        1.3008338906616454E-006   33162123.874690332             3704
   1389.3611701462683        1.3001356579987070E-006   33162187.835546795             3705
   1389.7362170271285        1.2994380839066537E-006   33162251.762061074             3706
   1390.1112639079884        1.2987411675834741E-006   33162315.654260829             3707
   1390.4863107888484        1.2980449082182568E-006   33162379.512173679             3708
   1390.8613576697089        1.2973493050074381E-006   33162443.335827213             3709
   1391.2364045505687        1.2966543571470362E-006   33162507.125248995             3710
   1391.6114514314288        1.2959600638343332E-006   33162570.880466554             3711
   1391.9864983122891        1.2952664242645571E-006   33162634.601507403             3712
   1392.3615451931491        1.2945734376405125E-006   33162698.288399003             3713
   1392.7365920740092        1.2938811031626517E-006   33162761.941168811             3714
   1393.1116389548692        1.2931894200304207E-006   33162825.559844233             3715
   1393.4866858357295        1.2924983874477404E-006   33162889.144452658             3716
   1393.8617327165896        1.2918080046211700E-006   33162952.695021443             3717
   1394.2367795974496        1.2911182707538576E-006   33163016.211577911             3718
   1394.6118264783097        1.2904291850515340E-006   33163079.694149368             3719
   1394.9868733591700        1.2897407467226706E-006   33163143.142763074             3720
   1395.3619202400300        1.2890529549786901E-006   33163206.557446271             3721
   1395.7369671208901        1.2883658090280275E-006   33163269.938226171             3722
   1396.1120140017501        1.2876793080819156E-006   33163333.285129953             3723
   1396.4870608826102        1.2869934513521931E-006   33163396.598184772             3724
   1396.8621077634705        1.2863082380540215E-006   33163459.877417747             3725
   1397.2371546443305        1.2856236674005587E-006   33163523.122855976             3726
   1397.6122015251906        1.2849397386098547E-006   33163586.334526524             3727
   1397.9872484060509        1.2842564508981174E-006   33163649.512456421             3728
   1398.3622952869109        1.2835738034847794E-006   33163712.656672683             3729
   1398.7373421677710        1.2828917955870099E-006   33163775.767202284             3730
   1399.1123890486310        1.2822104264282310E-006   33163838.844072174             3731
   1399.4874359294913        1.2815296952292475E-006   33163901.887309276             3732
   1399.8624828103514        1.2808496012133692E-006   33163964.896940477             3733
   1400.2375296912114        1.2801701436052004E-006   33164027.872992650             3734
   1400.6125765720715        1.2794913216284857E-006   33164090.815492623             3735
   1400.9876234529318        1.2788131345116199E-006   33164153.724467203             3736
   1401.3626703337918        1.2781355814823972E-006   33164216.599943172             3737
   1401.7377172146516        1.2774586617677508E-006   33164279.441947274             3738
   1402.1127640955119        1.2767823746004269E-006   33164342.250506237             3739
   1402.4878109763722        1.2761067192110112E-006   33164405.025646746             3740
   1402.8628578572320        1.2754316948290118E-006   33164467.767395474             3741
   1403.2379047380923        1.2747573006918427E-006   33164530.475779053             3742
   1403.6129516189526        1.2740835360316564E-006   33164593.150824085             3743
   1403.9879984998124        1.2734104000838247E-006   33164655.792557158             3744
   1404.3630453806725        1.2727378920887671E-006   33164718.401004814             3745
   1404.7380922615328        1.2720660112796472E-006   33164780.976193581             3746
   1405.1131391423928        1.2713947569001240E-006   33164843.518149950             3747
   1405.4881860232529        1.2707241281871020E-006   33164906.026900396             3748
   1405.8632329041129        1.2700541243848731E-006   33164968.502471350             3749
   1406.2382797849732        1.2693847447337821E-006   33165030.944889221             3750
   1406.6133266658333        1.2687159884788146E-006   33165093.354180396             3751
   1406.9883735466933        1.2680478548640059E-006   33165155.730371222             3752
   1407.3634204275534        1.2673803431352721E-006   33165218.073488034             3753
   1407.7384673084134        1.2667134525416945E-006   33165280.383557130             3754
   1408.1135141892737        1.2660471823294440E-006   33165342.660604775             3755
   1408.4885610701338        1.2653815317488665E-006   33165404.904657215             3756
   1408.8636079509938        1.2647165000487843E-006   33165467.115740664             3757
   1409.2386548318541        1.2640520864819316E-006   33165529.293881308             3758
   1409.6137017127141        1.2633882903008722E-006   33165591.439105310             3759
   1409.9887485935742        1.2627251107608628E-006   33165653.551438797             3760
   1410.3637954744343        1.2620625471138227E-006   33165715.630907878             3761
   1410.7388423552945        1.2614005986183327E-006   33165777.677538630             3762
   1411.1138892361546        1.2607392645300855E-006   33165839.691357099             3763
   1411.4889361170146        1.2600785441076008E-006   33165901.672389302             3764
   1411.8639829978747        1.2594184366110156E-006   33165963.620661240             3765
   1412.2390298787350        1.2587589412994346E-006   33166025.536198877             3766
   1412.6140767595950        1.2581000574353347E-006   33166087.419028152             3767
   1412.9891236404549        1.2574417842803456E-006   33166149.269174974             3768
   1413.3641705213151        1.2567841210990947E-006   33166211.086665235             3769
   1413.7392174021754        1.2561270671565969E-006   33166272.871524777             3770
   1414.1142642830353        1.2554706217177136E-006   33166334.623779446             3771
   1414.4893111638953        1.2548147840494613E-006   33166396.343455032             3772
   1414.8643580447558        1.2541595534201037E-006   33166458.030577317             3773
   1415.2394049256156        1.2535049290996671E-006   33166519.685172044             3774
   1415.6144518064757        1.2528509103565796E-006   33166581.307264939             3775
   1415.9894986873360        1.2521974964638072E-006   33166642.896881692             3776
   1416.3645455681960        1.2515446866933656E-006   33166704.454047974             3777
   1416.7395924490561        1.2508924803182159E-006   33166765.978789419             3778
   1417.1146393299161        1.2502408766123101E-006   33166827.471131641             3779
   1417.4896862107764        1.2495898748523495E-006   33166888.931100227             3780
   1417.8647330916365        1.2489394743155330E-006   33166950.358720738             3781
   1418.2397799724965        1.2482896742780032E-006   33167011.754018702             3782
   1418.6148268533566        1.2476404740200357E-006   33167073.117019627             3783
   1418.9898737342166        1.2469918728186798E-006   33167134.447748989             3784
   1419.3649206150769        1.2463438699589027E-006   33167195.746232238             3785
   1419.7399674959370        1.2456964647202709E-006   33167257.012494799             3786
   1420.1150143767970        1.2450496563860963E-006   33167318.246562071             3787
   1420.4900612576573        1.2444034442400492E-006   33167379.448459424             3788
   1420.8651081385174        1.2437578275681544E-006   33167440.618212204             3789
   1421.2401550193774        1.2431128056564524E-006   33167501.755845726             3790
   1421.6152019002375        1.2424683777927311E-006   33167562.861385286             3791
   1421.9902487810978        1.2418245432633096E-006   33167623.934856143             3792
   1422.3652956619578        1.2411813013596048E-006   33167684.976283539             3793
   1422.7403425428179        1.2405386513713983E-006   33167745.985692684             3794
   1423.1153894236779        1.2398965925897629E-006   33167806.963108763             3795
   1423.4904363045382        1.2392551243075187E-006   33167867.908556938             3796
   1423.8654831853983        1.2386142458177415E-006   33167928.822062336             3797
   1424.2405300662581        1.2379739564153221E-006   33167989.703650065             3798
   1424.6155769471184        1.2373342553961836E-006   33168050.553345211             3799
   1424.9906238279787        1.2366951420573275E-006   33168111.371172819             3800
   1425.3656707088385        1.2360566156960213E-006   33168172.157157924             3801
   1425.7407175896985        1.2354186756096697E-006   33168232.911325518             3802
   1426.1157644705588        1.2347813210990030E-006   33168293.633700583             3803
   1426.4908113514189        1.2341445514668258E-006   33168354.324308071             3804
   1426.8658582322789        1.2335083660106303E-006   33168414.983172897             3805
   1427.2409051131392        1.2328727640377262E-006   33168475.610319957             3806
   1427.6159519939993        1.2322377448500388E-006   33168536.205774132             3807
   1427.9909988748593        1.2316033077497862E-006   33168596.769560255             3808
   1428.3660457557194        1.2309694520469221E-006   33168657.301703148             3809
   1428.7410926365797        1.2303361770470295E-006   33168717.802227609             3810
   1429.1161395174397        1.2297034820570451E-006   33168778.271158397             3811
   1429.4911863982998        1.2290713663881049E-006   33168838.708520260             3812
   1429.8662332791598        1.2284398293466058E-006   33168899.114337910             3813
   1430.2412801600201        1.2278088702466652E-006   33168959.488636039             3814
   1430.6163270408802        1.2271784883983771E-006   33169019.831439309             3815
   1430.9913739217402        1.2265486831163981E-006   33169080.142772358             3816
   1431.3664208026003        1.2259194537130223E-006   33169140.422659796             3817
   1431.7414676834603        1.2252907995048773E-006   33169200.671126209             3818
   1432.1165145643206        1.2246627198065821E-006   33169260.888196163             3819
   1432.4915614451807        1.2240352139355494E-006   33169321.073894184             3820
   1432.8666083260407        1.2234082812099535E-006   33169381.228244793             3821
   1433.2416552069010        1.2227819209488152E-006   33169441.351272468             3822
   1433.6167020877610        1.2221561324709633E-006   33169501.443001669             3823
   1433.9917489686211        1.2215309150989825E-006   33169561.503456831             3824
   1434.3667958494812        1.2209062681544924E-006   33169621.532662358             3825
   1434.7418427303414        1.2202821909590426E-006   33169681.530642636             3826
   1435.1168896112015        1.2196586828383894E-006   33169741.497422021             3827
   1435.4919364920613        1.2190357431166496E-006   33169801.433024850             3828
   1435.8669833729216        1.2184133711199208E-006   33169861.337475419             3829
   1436.2420302537819        1.2177915661739011E-006   33169921.210798014             3830
   1436.6170771346417        1.2171703276097636E-006   33169981.053016894             3831
   1436.9921240155018        1.2165496547524429E-006   33170040.864156287             3832
   1437.3671708963620        1.2159295469331454E-006   33170100.644240402             3833
   1437.7422177772221        1.2153100034831512E-006   33170160.393293414             3834
   1438.1172646580821        1.2146910237340920E-006   33170220.111339480             3835
   1438.4923115389424        1.2140726070191478E-006   33170279.798402734             3836
   1438.8673584198025        1.2134547526718952E-006   33170339.454507276             3837
   1439.2424053006625        1.2128374600246525E-006   33170399.079677194             3838
   1439.6174521815226        1.2122207284164802E-006   33170458.673936538             3839
   1439.9924990623829        1.2116045571837198E-006   33170518.237309337             3840
   1440.3675459432429        1.2109889456613491E-006   33170577.769819599             3841
   1440.7425928241030        1.2103738931903164E-006   33170637.271491304             3842
   1441.1176397049630        1.2097593991090174E-006   33170696.742348410             3843
   1441.4926865858233        1.2091454627576536E-006   33170756.182414845             3844
   1441.8677334666834        1.2085320834775087E-006   33170815.591714513             3845
   1442.2427803475434        1.2079192606125438E-006   33170874.970271301             3846
   1442.6178272284035        1.2073069935059293E-006   33170934.318109065             3847
   1442.9928741092635        1.2066952815008645E-006   33170993.635251638             3848
   1443.3679209901238        1.2060841239425739E-006   33171052.921722822             3849
   1443.7429678709839        1.2054735201773984E-006   33171112.177546404             3850
   1444.1180147518439        1.2048634695529434E-006   33171171.402746141             3851
   1444.4930616327042        1.2042539714170050E-006   33171230.597345769             3852
   1444.8681085135643        1.2036450251191728E-006   33171289.761368994             3853
   1445.2431553944243        1.2030366300095902E-006   33171348.894839499             3854
   1445.6182022752844        1.2024287854377789E-006   33171407.997780949             3855
   1445.9932491561447        1.2018214907559368E-006   33171467.070216980             3856
   1446.3682960370047        1.2012147453171544E-006   33171526.112171199             3857
   1446.7433429178645        1.2006085484748595E-006   33171585.123667199             3858
   1447.1183897987248        1.2000028995862150E-006   33171644.104728539             3859
   1447.4934366795851        1.1993977980032945E-006   33171703.055378761             3860
   1447.8684835604449        1.1987932430846275E-006   33171761.975641374             3861
   1448.2435304413050        1.1981892341877228E-006   33171820.865539867             3862
   1448.6185773221653        1.1975857706683499E-006   33171879.725097712             3863
   1448.9936242030255        1.1969828518907611E-006   33171938.554338347             3864
   1449.3686710838854        1.1963804772099440E-006   33171997.353285190             3865
   1449.7437179647454        1.1957786459901375E-006   33172056.121961635             3866
   1450.1187648456059        1.1951773575943500E-006   33172114.860391054             3867
   1450.4938117264658        1.1945766113822615E-006   33172173.568596788             3868
   1450.8688586073258        1.1939764067199264E-006   33172232.246602155             3869
   1451.2439054881861        1.1933767429729609E-006   33172290.894430462             3870
   1451.6189523690462        1.1927776195039580E-006   33172349.512104973             3871
   1451.9939992499062        1.1921790356829464E-006   33172408.099648941             3872
   1452.3690461307663        1.1915809908770493E-006   33172466.657085590             3873
   1452.7440930116265        1.1909834844526194E-006   33172525.184438128             3874
   1453.1191398924866        1.1903865157806929E-006   33172583.681729723             3875
   1453.4941867733467        1.1897900842319005E-006   33172642.148983538             3876
   1453.8692336542067        1.1891941891764274E-006   33172700.586222697             3877
   1454.2442805350668        1.1885988299869304E-006   33172758.993470311             3878
   1454.6193274159270        1.1880040060368131E-006   33172817.370749459             3879
   1454.9943742967871        1.1874097166994795E-006   33172875.718083195             3880
   1455.3694211776472        1.1868159613513639E-006   33172934.035494562             3881
   1455.7444680585074        1.1862227393653094E-006   33172992.323006574             3882
   1456.1195149393675        1.1856300501193123E-006   33173050.580642216             3883
   1456.4945618202275        1.1850378929910392E-006   33173108.808424447             3884
   1456.8696087010876        1.1844462673597309E-006   33173167.006376211             3885
   1457.2446555819479        1.1838551726030254E-006   33173225.174520433             3886
   1457.6197024628079        1.1832646081028589E-006   33173283.312879995             3887
   1457.9947493436680        1.1826745732392884E-006   33173341.421477780             3888
   1458.3697962245280        1.1820850673932524E-006   33173399.500336628             3889
   1458.7448431053883        1.1814960899514297E-006   33173457.549479362             3890
   1459.1198899862484        1.1809076402926825E-006   33173515.568928789             3891
   1459.4949368671082        1.1803197178051415E-006   33173573.558707677             3892
   1459.8699837479685        1.1797323218731628E-006   33173631.518838789             3893
   1460.2450306288288        1.1791454518832183E-006   33173689.449344851             3894
   1460.6200775096886        1.1785591072243867E-006   33173747.350248568             3895
   1460.9951243905487        1.1779732872808731E-006   33173805.221572626             3896
   1461.3701712714089        1.1773879914457167E-006   33173863.063339692             3897
   1461.7452181522690        1.1768032191052555E-006   33173920.875572398             3898
   1462.1202650331290        1.1762189696538929E-006   33173978.658293355             3899
   1462.4953119139893        1.1756352424795019E-006   33174036.411525164             3900
   1462.8703587948494        1.1750520369782172E-006   33174094.135290392             3901
   1463.2454056757094        1.1744693525427594E-006   33174151.829611577             3902
   1463.6204525565695        1.1738871885651033E-006   33174209.494511250             3903
   1463.9954994374298        1.1733055444412769E-006   33174267.130011905             3904
   1464.3705463182898        1.1727244195703678E-006   33174324.736136027             3905
   1464.7455931991499        1.1721438133447909E-006   33174382.312906060             3906
   1465.1206400800099        1.1715637251647900E-006   33174439.860344440             3907
   1465.4956869608700        1.1709841544296484E-006   33174497.378473569             3908
   1465.8707338417303        1.1704051005355958E-006   33174554.867315844             3909
   1466.2457807225903        1.1698265628857155E-006   33174612.326893616             3910
   1466.6208276034504        1.1692485408807047E-006   33174669.757229228             3911
   1466.9958744843104        1.1686710339220669E-006   33174727.158345003             3912
   1467.3709213651707        1.1680940414141493E-006   33174784.530263230             3913
   1467.7459682460308        1.1675175627570914E-006   33174841.873006176             3914
   1468.1210151268908        1.1669415973595301E-006   33174899.186596103             3915
   1468.4960620077511        1.1663661446248632E-006   33174956.471055225             3916
   1468.8711088886112        1.1657912039609427E-006   33175013.726405751             3917
   1469.2461557694712        1.1652167747716345E-006   33175070.952669863             3918
   1469.6212026503313        1.1646428564677198E-006   33175128.149869718             3919
   1469.9962495311916        1.1640694484578581E-006   33175185.318027455             3920
   1470.3712964120516        1.1634965501516080E-006   33175242.457165182             3921
   1470.7463432929114        1.1629241609570789E-006   33175299.567304995             3922
   1471.1213901737717        1.1623522802890565E-006   33175356.648468956             3923
   1471.4964370546320        1.1617809075571763E-006   33175413.700679123             3924
   1471.8714839354918        1.1612100421753921E-006   33175470.723957513             3925
   1472.2465308163519        1.1606396835593090E-006   33175527.718326125             3926
   1472.6215776972122        1.1600698311190594E-006   33175584.683806948             3927
   1472.9966245780722        1.1595004842755283E-006   33175641.620421927             3928
   1473.3716714589323        1.1589316424400476E-006   33175698.528193004             3929
   1473.7467183397926        1.1583633050336407E-006   33175755.407142095             3930
   1474.1217652206526        1.1577954714727972E-006   33175812.257291090             3931
   1474.4968121015127        1.1572281411755953E-006   33175869.078661848             3932
   1474.8718589823727        1.1566613135634305E-006   33175925.871276222             3933
   1475.2469058632330        1.1560949880557545E-006   33175982.635156035             3934
   1475.6219527440931        1.1555291640746248E-006   33176039.370323092             3935
   1475.9969996249531        1.1549638410404013E-006   33176096.076799165             3936
   1476.3720465058132        1.1543990183762611E-006   33176152.754606023             3937
   1476.7470933866734        1.1538346955075458E-006   33176209.403765399             3938
   1477.1221402675335        1.1532708718599167E-006   33176266.024298996             3939
   1477.4971871483936        1.1527075468543223E-006   33176322.616228521             3940
   1477.8722340292536        1.1521447199197667E-006   33176379.179575633             3941
   1478.2472809101137        1.1515823904832177E-006   33176435.714361988             3942
   1478.6223277909739        1.1510205579729893E-006   33176492.220609207             3943
   1478.9973746718340        1.1504592218177858E-006   33176548.698338900             3944
   1479.3724215526940        1.1498983814440930E-006   33176605.147572644             3945
   1479.7474684335543        1.1493380362858260E-006   33176661.568332005             3946
   1480.1225153144144        1.1487781857713364E-006   33176717.960638519             3947
   1480.4975621952744        1.1482188293356763E-006   33176774.324513707             3948
   1480.8726090761345        1.1476599664079250E-006   33176830.659979064             3949
   1481.2476559569948        1.1471015964225333E-006   33176886.967056062             3950
   1481.6227028378548        1.1465437188152293E-006   33176943.245766152             3951
   1481.9977497187147        1.1459863330217715E-006   33176999.496130768             3952
   1482.3727965995749        1.1454294384734318E-006   33177055.718171317             3953
   1482.7478434804352        1.1448730346123784E-006   33177111.911909189             3954
   1483.1228903612950        1.1443171208724258E-006   33177168.077365752             3955
   1483.4979372421551        1.1437616966915816E-006   33177224.214562349             3956
   1483.8729841230154        1.1432067615132253E-006   33177280.323520299             3957
   1484.2480310038754        1.1426523147716499E-006   33177336.404260911             3958
   1484.6230778847355        1.1420983559119027E-006   33177392.456805460             3959
   1484.9981247655955        1.1415448843729361E-006   33177448.481175207             3960
   1485.3731716464558        1.1409918995963742E-006   33177504.477391388             3961
   1485.7482185273159        1.1404394010274214E-006   33177560.445475224             3962
   1486.1232654081759        1.1398873881086513E-006   33177616.385447908             3963
   1486.4983122890362        1.1393358602832807E-006   33177672.297330614             3964
   1486.8733591698963        1.1387848169995806E-006   33177728.181144491             3965
   1487.2484060507563        1.1382342577013759E-006   33177784.036910675             3966
   1487.6234529316164        1.1376841818381048E-006   33177839.864650276             3967
   1487.9984998124767        1.1371345888527009E-006   33177895.664384380             3968
   1488.3735466933367        1.1365854781995725E-006   33177951.436134052             3969
   1488.7485935741968        1.1360368493230024E-006   33178007.179920342             3970
   1489.1236404550568        1.1354887016750126E-006   33178062.895764276             3971
   1489.4986873359169        1.1349410347065302E-006   33178118.583686858             3972
   1489.8737342167772        1.1343938478702896E-006   33178174.243709072             3973
   1490.2487810976372        1.1338471406153283E-006   33178229.875851881             3974
   1490.6238279784973        1.1333009123970187E-006   33178285.480136223             3975
   1490.9988748593576        1.1327551626676328E-006   33178341.056583025             3976
   1491.3739217402176        1.1322098908845889E-006   33178396.605213176             3977
   1491.7489686210777        1.1316650964994878E-006   33178452.126047563             3978
   1492.1240155019377        1.1311207789719341E-006   33178507.619107038             3979
   1492.4990623827980        1.1305769377574477E-006   33178563.084412441             3980
   1492.8741092636581        1.1300335723137887E-006   33178618.521984592             3981
   1493.2491561445179        1.1294906820979312E-006   33178673.931844279             3982
   1493.6242030253782        1.1289482665715646E-006   33178729.314012285             3983
   1493.9992499062384        1.1284063251940574E-006   33178784.668509353             3984
   1494.3742967870983        1.1278648574241212E-006   33178839.995356221             3985
   1494.7493436679583        1.1273238627239395E-006   33178895.294573601             3986
   1495.1243905488186        1.1267833405574564E-006   33178950.566182185             3987
   1495.4994374296787        1.1262432903860516E-006   33179005.810202647             3988
   1495.8744843105387        1.1257037116751169E-006   33179061.026655633             3989
   1496.2495311913988        1.1251646038862841E-006   33179116.215561770             3990
   1496.6245780722591        1.1246259664870558E-006   33179171.376941673             3991
   1496.9996249531191        1.1240877989430979E-006   33179226.510815922             3992
   1497.3746718339792        1.1235501007210442E-006   33179281.617205098             3993
   1497.7497187148394        1.1230128712864245E-006   33179336.696129736             3994
   1498.1247655956995        1.1224761101093916E-006   33179391.747610368             3995
   1498.4998124765596        1.1219398166584762E-006   33179446.771667499             3996
   1498.8748593574196        1.1214039904052001E-006   33179501.768321615             3997
   1499.2499062382799        1.1208686308164598E-006   33179556.737593185             3998
   1499.6249531191399        1.1203337373656302E-006   33179611.679502655             3999
   1500.0000000000000        1.1197993095227860E-006   33179666.594070442             4000
   1500.3750468808601        1.1192653467637744E-006   33179721.481316961             4001
   1500.7500937617201        1.1187318485582450E-006   33179776.341262590             4002
   1501.1251406425804        1.1181988143832967E-006   33179831.173927691             4003
   1501.5001875234404        1.1176662437128010E-006   33179885.979332615             4004
   1501.8752344043005        1.1171341360211276E-006   33179940.757497679             4005
   1502.2502812851606        1.1166024907867841E-006   33179995.508443195             4006
   1502.6253281660208        1.1160713074845941E-006   33180050.232189436             4007
   1503.0003750468809        1.1155405855926606E-006   33180104.928756669             4008
   1503.3754219277409        1.1150103245901608E-006   33180159.598165136             4009
   1503.7504688086012        1.1144805239572949E-006   33180214.240435064             4010
   1504.1255156894613        1.1139511831731235E-006   33180268.855586652             4011
   1504.5005625703213        1.1134223017160498E-006   33180323.443640083             4012
   1504.8756094511814        1.1128938790722141E-006   33180378.004615519             4013
   1505.2506563320417        1.1123659147192012E-006   33180432.538533106             4014
   1505.6257032129017        1.1118384081413938E-006   33180487.045412961             4015
   1506.0007500937616        1.1113113588234668E-006   33180541.525275193             4016
   1506.3757969746218        1.1107847662473104E-006   33180595.978139885             4017
   1506.7508438554821        1.1102586299013349E-006   33180650.404027093             4018
   1507.1258907363419        1.1097329492665000E-006   33180704.802956864             4019
   1507.5009376172020        1.1092077238348512E-006   33180759.174949225             4020
   1507.8759844980623        1.1086829530880855E-006   33180813.520024177             4021
   1508.2510313789223        1.1081586365186664E-006   33180867.838201698             4022
   1508.6260782597824        1.1076347736117675E-006   33180922.129501760             4023
   1509.0011251406424        1.1071113638569305E-006   33180976.393944304             4024
   1509.3761720215027        1.1065884067472976E-006   33181030.631549250             4025
   1509.7512189023628        1.1060659017698964E-006   33181084.842336509             4026
   1510.1262657832228        1.1055438484173072E-006   33181139.026325967             4027
   1510.5013126640831        1.1050222461811245E-006   33181193.183537483             4028
   1510.8763595449432        1.1045010945560029E-006   33181247.313990902             4029
   1511.2514064258032        1.1039803930331983E-006   33181301.417706054             4030
   1511.6264533066633        1.1034601411075550E-006   33181355.494702749             4031
   1512.0015001875233        1.1029403382752709E-006   33181409.545000769             4032
   1512.3765470683836        1.1024209840307389E-006   33181463.568619881             4033
   1512.7515939492437        1.1019020778696921E-006   33181517.565579835             4034
   1513.1266408301037        1.1013836192890448E-006   33181571.535900358             4035
   1513.5016877109638        1.1008656077891395E-006   33181625.479601163             4036
   1513.8767345918241        1.1003480428652665E-006   33181679.396701936             4037
   1514.2517814726841        1.0998309240162404E-006   33181733.287222341             4038
   1514.6268283535442        1.0993142507445047E-006   33181787.151182041             4039
   1515.0018752344045        1.0987980225501104E-006   33181840.988600660             4040
   1515.3769221152645        1.0982822389315779E-006   33181894.799497813             4041
   1515.7519689961246        1.0977668993920528E-006   33181948.583893087             4042
   1516.1270158769846        1.0972520034361317E-006   33182002.341806062             4043
   1516.5020627578449        1.0967375505633621E-006   33182056.073256291             4044
   1516.8771096387050        1.0962235402811866E-006   33182109.778263308             4045
   1517.2521565195648        1.0957099720911227E-006   33182163.456846625             4046
   1517.6272034004251        1.0951968455002725E-006   33182217.109025743             4047
   1518.0022502812853        1.0946841600131923E-006   33182270.734820135             4048
   1518.3772971621452        1.0941719151370884E-006   33182324.334249265             4049
   1518.7523440430052        1.0936601103800113E-006   33182377.907332569             4050
   1519.1273909238655        1.0931487452492088E-006   33182431.454089466             4051
   1519.5024378047256        1.0926378192539727E-006   33182484.974539354             4052
   1519.8774846855856        1.0921273319032091E-006   33182538.468701623             4053
   1520.2525315664457        1.0916172827054936E-006   33182591.936595630             4054
   1520.6275784473060        1.0911076711742563E-006   33182645.378240723             4055
   1521.0026253281660        1.0905984968181930E-006   33182698.793656219             4056
   1521.3776722090261        1.0900897591507733E-006   33182752.182861432             4057
   1521.7527190898863        1.0895814576848684E-006   33182805.545875642             4058
   1522.1277659707464        1.0890735919341910E-006   33182858.882718123             4059
   1522.5028128516064        1.0885661614103138E-006   33182912.193408120             4060
   1522.8778597324665        1.0880591656290577E-006   33182965.477964863             4061
   1523.2529066133266        1.0875526041073182E-006   33183018.736407563             4062
   1523.6279534941868        1.0870464763595150E-006   33183071.968755417             4063
   1524.0030003750469        1.0865407819041286E-006   33183125.175027594             4064
   1524.3780472559069        1.0860355202561880E-006   33183178.355243251             4065
   1524.7530941367670        1.0855306909344135E-006   33183231.509421520             4066
   1525.1281410176273        1.0850262934588007E-006   33183284.637581524             4067
   1525.5031878984873        1.0845223273468879E-006   33183337.739742361             4068
   1525.8782347793474        1.0840187921194298E-006   33183390.815923110             4069
   1526.2532816602074        1.0835156872971734E-006   33183443.866142832             4070
   1526.6283285410677        1.0830130124011796E-006   33183496.890420571             4071
   1527.0033754219278        1.0825107669533619E-006   33183549.888775349             4072
   1527.3784223027878        1.0820089504786272E-006   33183602.861226168             4073
   1527.7534691836481        1.0815075624961949E-006   33183655.807792019             4074
   1528.1285160645082        1.0810066025312835E-006   33183708.728491873             4075
   1528.5035629453680        1.0805060701101158E-006   33183761.623344675             4076
   1528.8786098262283        1.0800059647572367E-006   33183814.492369361             4077
   1529.2536567070886        1.0795062859989405E-006   33183867.335584842             4078
   1529.6287035879484        1.0790070333591375E-006   33183920.153010011             4079
   1530.0037504688084        1.0785082063677557E-006   33183972.944663741             4080
   1530.3787973496687        1.0780098045516839E-006   33184025.710564896             4081
   1530.7538442305288        1.0775118274406588E-006   33184078.450732313             4082
   1531.1288911113888        1.0770142745611588E-006   33184131.165184811             4083
   1531.5039379922489        1.0765171454442146E-006   33184183.853941195             4084
   1531.8789848731092        1.0760204396204441E-006   33184236.517020244             4085
   1532.2540317539692        1.0755241566214309E-006   33184289.154440731             4086
   1532.6290786348293        1.0750282959778177E-006   33184341.766221397             4087
   1533.0041255156896        1.0745328572225858E-006   33184394.352380976             4088
   1533.3791723965496        1.0740378398881358E-006   33184446.912938174             4089
   1533.7542192774097        1.0735432435088314E-006   33184499.447911683             4090
   1534.1292661582697        1.0730490676180672E-006   33184551.957320187             4091
   1534.5043130391300        1.0725553117509505E-006   33184604.441182330             4092
   1534.8793599199901        1.0720619754412947E-006   33184656.899516765             4093
   1535.2544068008501        1.0715690582298204E-006   33184709.332342099             4094
   1535.6294536817102        1.0710765596476329E-006   33184761.739676937             4095
   1536.0045005625702        1.0705844792369694E-006   33184814.121539868             4096
   1536.3795474434305        1.0700928165340838E-006   33184866.477949459             4097
   1536.7545943242906        1.0696015710765256E-006   33184918.808924247             4098
   1537.1296412051506        1.0691107424039833E-006   33184971.114482772             4099
   1537.5046880860107        1.0686203300569315E-006   33185023.394643541             4100
   1537.8797349668710        1.0681303335755852E-006   33185075.649425048             4101
   1538.2547818477310        1.0676407525004668E-006   33185127.878845774             4102
   1538.6298287285911        1.0671515863757557E-006   33185180.082924169             4103
   1539.0048756094513        1.0666628347407713E-006   33185232.261678677             4104
   1539.3799224903114        1.0661744971397680E-006   33185284.415127721             4105
   1539.7549693711712        1.0656865731189699E-006   33185336.543289702             4106
   1540.1300162520315        1.0651990622173465E-006   33185388.646183014             4107
   1540.5050631328918        1.0647119639843374E-006   33185440.723826017             4108
   1540.8801100137516        1.0642252779638420E-006   33185492.776237067             4109
   1541.2551568946117        1.0637390037007580E-006   33185544.803434495             4110
   1541.6302037754720        1.0632531407431248E-006   33185596.805436615             4111
   1542.0052506563320        1.0627676886383112E-006   33185648.782261729             4112
   1542.3802975371921        1.0622826469342190E-006   33185700.733928114             4113
   1542.7553444180521        1.0617980151792100E-006   33185752.660454031             4114
   1543.1303912989124        1.0613137929236826E-006   33185804.561857730             4115
   1543.5054381797725        1.0608299797143053E-006   33185856.438157436             4116
   1543.8804850606325        1.0603465751039433E-006   33185908.289371353             4117
   1544.2555319414926        1.0598635786447537E-006   33185960.115517676             4118
   1544.6305788223528        1.0593809898854562E-006   33186011.916614577             4119
   1545.0056257032129        1.0588988083796620E-006   33186063.692680217             4120
   1545.3806725840730        1.0584170336793206E-006   33186115.443732731             4121
   1545.7557194649332        1.0579356653401112E-006   33186167.169790238             4122
   1546.1307663457933        1.0574547029125379E-006   33186218.870870847             4123
   1546.5058132266533        1.0569741459559782E-006   33186270.546992645             4124
   1546.8808601075134        1.0564939940202057E-006   33186322.198173694             4125
   1547.2559069883735        1.0560142466653206E-006   33186373.824432056             4126
   1547.6309538692337        1.0555349034462095E-006   33186425.425785761             4127
   1548.0060007500938        1.0550559639203706E-006   33186477.002252821             4128
   1548.3810476309538        1.0545774276456864E-006   33186528.553851239             4129
   1548.7560945118139        1.0540992941793016E-006   33186580.080598999             4130
   1549.1311413926742        1.0536215630799442E-006   33186631.582514059             4131
   1549.5061882735342        1.0531442339074262E-006   33186683.059614375             4132
   1549.8812351543941        1.0526673062236496E-006   33186734.511917870             4133
   1550.2562820352546        1.0521907795859261E-006   33186785.939442459             4134
   1550.6313289161146        1.0517146535574558E-006   33186837.342206039             4135
   1551.0063757969745        1.0512389277006579E-006   33186888.720226489             4136
   1551.3814226778347        1.0507636015773973E-006   33186940.073521670             4137
   1551.7564695586950        1.0502886747497460E-006   33186991.402109422             4138
   1552.1315164395551        1.0498141467814503E-006   33187042.706007574             4139
   1552.5065633204149        1.0493400172365285E-006   33187093.985233933             4140
   1552.8816102012752        1.0488662856810079E-006   33187145.239806298             4141
   1553.2566570821355        1.0483929516798760E-006   33187196.469742440             4142
   1553.6317039629953        1.0479200147984030E-006   33187247.675060123             4143
   1554.0067508438553        1.0474474746043648E-006   33187298.855777081             4144
   1554.3817977247156        1.0469753306618734E-006   33187350.011911038             4145
   1554.7568446055757        1.0465035825431615E-006   33187401.143479705             4146
   1555.1318914864357        1.0460322298109463E-006   33187452.250500768             4147
   1555.5069383672958        1.0455612720388880E-006   33187503.332991906             4148
   1555.8819852481561        1.0450907087951570E-006   33187554.390970770             4149
   1556.2570321290161        1.0446205396470199E-006   33187605.424455006             4150
   1556.6320790098762        1.0441507641695932E-006   33187656.433462229             4151
   1557.0071258907365        1.0436813819306082E-006   33187707.418010045             4152
   1557.3821727715965        1.0432123925014756E-006   33187758.378116049             4153
   1557.7572196524566        1.0427437954571279E-006   33187809.313797809             4154
   1558.1322665333166        1.0422755903693707E-006   33187860.225072876             4155
   1558.5073134141767        1.0418077768108915E-006   33187911.111958794             4156
   1558.8823602950370        1.0413403543559609E-006   33187961.974473082             4157
   1559.2574071758970        1.0408733225807148E-006   33188012.812633246             4158
   1559.6324540567571        1.0404066810587784E-006   33188063.626456771             4159
   1560.0075009376171        1.0399404293651944E-006   33188114.415961128             4160
   1560.3825478184774        1.0394745670767911E-006   33188165.181163773             4161
   1560.7575946993375        1.0390090937717308E-006   33188215.922082145             4162
   1561.1326415801975        1.0385440090271406E-006   33188266.638733659             4163
   1561.5076884610576        1.0380793124193281E-006   33188317.331135720             4164
   1561.8827353419179        1.0376150035292875E-006   33188367.999305725             4165
   1562.2577822227779        1.0371510819333127E-006   33188418.643261034             4166
   1562.6328291036380        1.0366875472143353E-006   33188469.263019007             4167
   1563.0078759844982        1.0362243989495488E-006   33188519.858596984             4168
   1563.3829228653583        1.0357616367209649E-006   33188570.430012282             4169
   1563.7579697462181        1.0352992601107531E-006   33188620.977282204             4170
   1564.1330166270784        1.0348372687001489E-006   33188671.500424042             4171
   1564.5080635079387        1.0343756620726200E-006   33188721.999455068             4172
   1564.8831103887985        1.0339144398090083E-006   33188772.474392537             4173
   1565.2581572696586        1.0334536014945420E-006   33188822.925253689             4174
   1565.6332041505188        1.0329931467141068E-006   33188873.352055740             4175
   1566.0082510313789        1.0325330750505220E-006   33188923.754815899             4176
   1566.3832979122390        1.0320733860894323E-006   33188974.133551355             4177
   1566.7583447930990        1.0316140794175205E-006   33189024.488279283             4178
   1567.1333916739593        1.0311551546209608E-006   33189074.819016844             4179
   1567.5084385548193        1.0306966112871080E-006   33189125.125781171             4180
   1567.8834854356794        1.0302384490022064E-006   33189175.408589389             4181
   1568.2585323165395        1.0297806673557061E-006   33189225.667458609             4182
   1568.6335791973997        1.0293232659352697E-006   33189275.902405918             4183
   1569.0086260782598        1.0288662443287360E-006   33189326.113448396             4184
   1569.3836729591198        1.0284096021293081E-006   33189376.300603095             4185
   1569.7587198399801        1.0279533389232582E-006   33189426.463887069             4186
   1570.1337667208400        1.0274974543056317E-006   33189476.603317335             4187
   1570.5088136017002        1.0270419478629958E-006   33189526.718910906             4188
   1570.8838604825605        1.0265868191917435E-006   33189576.810684774             4189
   1571.2589073634203        1.0261320678813483E-006   33189626.878655922             4190
   1571.6339542442806        1.0256776935242709E-006   33189676.922841314             4191
   1572.0090011251407        1.0252236957162316E-006   33189726.943257887             4192
   1572.3840480060007        1.0247700740509327E-006   33189776.939922575             4193
   1572.7590948868610        1.0243168281225012E-006   33189826.912852291             4194
   1573.1341417677206        1.0238639575242396E-006   33189876.862063933             4195
   1573.5091886485811        1.0234114618552043E-006   33189926.787574381             4196
   1573.8842355294414        1.0229593407084394E-006   33189976.689400502             4197
   1574.2592824103010        1.0225075936825250E-006   33190026.567559145             4198
   1574.6343292911615        1.0220562203752707E-006   33190076.422067147             4199
   1575.0093761720218        1.0216052203817836E-006   33190126.252941322             4200
   1575.3844230528814        1.0211545933030508E-006   33190176.060198471             4201
   1575.7594699337419        1.0207043387357763E-006   33190225.843855381             4202
   1576.1345168146017        1.0202544562822474E-006   33190275.603928827             4203
   1576.5095636954618        1.0198049455394554E-006   33190325.340435553             4204
   1576.8846105763223        1.0193558061087621E-006   33190375.053392302             4205
   1577.2596574571819        1.0189070375914934E-006   33190424.742815796             4206
   1577.6347043380422        1.0184586395885516E-006   33190474.408722740             4207
   1578.0097512189027        1.0180106117031668E-006   33190524.051129825             4208
   1578.3847980997623        1.0175629535379502E-006   33190573.670053732             4209
   1578.7598449806226        1.0171156646938530E-006   33190623.265511107             4210
   1579.1348918614826        1.0166687447770842E-006   33190672.837518603             4211
   1579.5099387423427        1.0162221933890912E-006   33190722.386092849             4212
   1579.8849856232030        1.0157760101377351E-006   33190771.911250446             4213
   1580.2600325040630        1.0153301946257931E-006   33190821.413008004             4214
   1580.6350793849231        1.0148847464597567E-006   33190870.891382091             4215
   1581.0101262657834        1.0144396652452802E-006   33190920.346389279             4216
   1581.3851731466432        1.0139949505890126E-006   33190969.778046120             4217
   1581.7602200275035        1.0135506020996597E-006   33191019.186369136             4218
   1582.1352669083637        1.0131066193854748E-006   33191068.571374852             4219
   1582.5103137892236        1.0126630020522381E-006   33191117.933079772             4220
   1582.8853606700839        1.0122197497091639E-006   33191167.271500383             4221
   1583.2604075509439        1.0117768619679780E-006   33191216.586653151             4222
   1583.6354544318040        1.0113343384365402E-006   33191265.878554534             4223
   1584.0105013126642        1.0108921787245919E-006   33191315.147220969             4224
   1584.3855481935238        1.0104503824459549E-006   33191364.392668888             4225
   1584.7605950743844        1.0100089492083991E-006   33191413.614914700             4226
   1585.1356419552446        1.0095678786264274E-006   33191462.813974790             4227
   1585.5106888361042        1.0091271703116629E-006   33191511.989865541             4228
   1585.8857357169647        1.0086868238769338E-006   33191561.142603319             4229
   1586.2607825978250        1.0082468389358384E-006   33191610.272204466             4230
   1586.6358294786846        1.0078072151032988E-006   33191659.378685318             4231
   1587.0108763595451        1.0073679519917773E-006   33191708.462062191             4232
   1587.3859232404050        1.0069290492164574E-006   33191757.522351384             4233
   1587.7609701212650        1.0064905063948761E-006   33191806.559569184             4234
   1588.1360170021255        1.0060523231417151E-006   33191855.573731862             4235
   1588.5110638829851        1.0056144990721809E-006   33191904.564855676             4236
   1588.8861107638454        1.0051770338066161E-006   33191953.532956861             4237
   1589.2611576447059        1.0047399269579556E-006   33192002.478051644             4238
   1589.6362045255655        1.0043031781482318E-006   33192051.400156241             4239
   1590.0112514064258        1.0038667869951382E-006   33192100.299286835             4240
   1590.3862982872859        1.0034307531158689E-006   33192149.175459612             4241
   1590.7613451681459        1.0029950761308822E-006   33192198.028690737             4242
   1591.1363920490062        1.0025597556616752E-006   33192246.858996354             4243
   1591.5114389298662        1.0021247913259448E-006   33192295.666392602             4244
   1591.8864858107263        1.0016901827472523E-006   33192344.450895593             4245
   1592.2615326915866        1.0012559295453854E-006   33192393.212521438             4246
   1592.6365795724464        1.0008220313424618E-006   33192441.951286219             4247
   1593.0116264533067        1.0003884877621719E-006   33192490.667206008             4248
   1593.3866733341670        9.9995529842637246E-007   33192539.360296872             4249
   1593.7617202150268        9.9952246295978074E-007   33192588.030574843             4250
   1594.1367670958871        9.9908998098546626E-007   33192636.678055961             4251
   1594.5118139767471        9.9865785212750987E-007   33192685.302756231             4252
   1594.8868608576072        9.9822607601276136E-007   33192733.904691655             4253
   1595.2619077384675        9.9779465226299661E-007   33192782.483878214             4254
   1595.6369546193271        9.9736358050883556E-007   33192831.040331878             4255
   1596.0120015001876        9.9693286037288012E-007   33192879.574068591             4256
   1596.3870483810479        9.9650249148265138E-007   33192928.085104302             4257
   1596.7620952619075        9.9607247346904055E-007   33192976.573454935             4258
   1597.1371421427680        9.9564280595463006E-007   33193025.039136395             4259
   1597.5121890236283        9.9521348857286726E-007   33193073.482164573             4260
   1597.8872359044879        9.9478452094814470E-007   33193121.902555350             4261
   1598.2622827853484        9.9435590271262775E-007   33193170.300324589             4262
   1598.6373296662082        9.9392763349648275E-007   33193218.675488140             4263
   1599.0123765470682        9.9349971292883294E-007   33193267.028061837             4264
   1599.3874234279288        9.9307214064013140E-007   33193315.358061500             4265
   1599.7624703087884        9.9264491626266314E-007   33193363.665502932             4266
   1600.1375171896486        9.9221803942590840E-007   33193411.950401928             4267
   1600.5125640705091        9.9179150976665099E-007   33193460.212774258             4268
   1600.8876109513687        9.9136532691338734E-007   33193508.452635687             4269
   1601.2626578322290        9.9093949050043173E-007   33193556.670001958             4270
   1601.6377047130891        9.9051400016310747E-007   33193604.864888802             4271
   1602.0127515939491        9.9008885553422238E-007   33193653.037311934             4272
   1602.3877984748094        9.8966405624786522E-007   33193701.187287059             4273
   1602.7628453556692        9.8923960194172823E-007   33193749.314829864             4274
   1603.1378922365295        9.8881549224784739E-007   33193797.419956017             4275
   1603.5129391173898        9.8839172680519141E-007   33193845.502681185             4276
   1603.8879859982496        9.8796830524861859E-007   33193893.563021000             4277
   1604.2630328791099        9.8754522721533560E-007   33193941.600991100             4278
   1604.6380797599702        9.8712249234325237E-007   33193989.616607100             4279
   1605.0131266408300        9.8670010026997964E-007   33194037.609884594             4280
   1605.3881735216903        9.8627805063562494E-007   33194085.580839168             4281
   1605.7632204025504        9.8585634307608864E-007   33194133.529486395             4282
   1606.1382672834104        9.8543497723403441E-007   33194181.455841836             4283
   1606.5133141642707        9.8501395274767269E-007   33194229.359921023             4284
   1606.8883610451303        9.8459326925601751E-007   33194277.241739485             4285
   1607.2634079259908        9.8417292640182616E-007   33194325.101312745             4286
   1607.6384548068511        9.8375292382547810E-007   33194372.938656289             4287
   1608.0135016877107        9.8333326116957560E-007   33194420.753785606             4288
   1608.3885485685712        9.8291393807433868E-007   33194468.546716169             4289
   1608.7635954494313        9.8249495418372359E-007   33194516.317463428             4290
   1609.1386423302911        9.8207630914252200E-007   33194564.066042829             4291
   1609.5136892111516        9.8165800259097782E-007   33194611.792469792             4292
   1609.8887360920116        9.8124003417574873E-007   33194659.496759739             4293
   1610.2637829728715        9.8082240353965110E-007   33194707.178928062             4294
   1610.6388298537320        9.8040511032946667E-007   33194754.838990144             4295
   1611.0138767345916        9.7998815418840485E-007   33194802.476961359             4296
   1611.3889236154519        9.7957153476390067E-007   33194850.092857063             4297
   1611.7639704963124        9.7915525170194835E-007   33194897.686692592             4298
   1612.1390173771720        9.7873930464851331E-007   33194945.258483276             4299
   1612.5140642580322        9.7832369325170462E-007   33194992.808244426             4300
   1612.8891111388923        9.7790841715990407E-007   33195040.335991338             4301
   1613.2641580197524        9.7749347602064580E-007   33195087.841739304             4302
   1613.6392049006126        9.7707886948232855E-007   33195135.325503588             4303
   1614.0142517814725        9.7666459719311241E-007   33195182.787299450             4304
   1614.3892986623327        9.7625065880367484E-007   33195230.227142125             4305
   1614.7643455431930        9.7583705396460989E-007   33195277.645046856             4306
   1615.1393924240529        9.7542378232476883E-007   33195325.041028842             4307
   1615.5144393049131        9.7501084353729929E-007   33195372.415103287             4308
   1615.8894861857734        9.7459823725127509E-007   33195419.767285377             4309
   1616.2645330666332        9.7418596311940320E-007   33195467.097590286             4310
   1616.6395799474935        9.7377402079355625E-007   33195514.406033169             4311
   1617.0146268283536        9.7336240992733673E-007   33195561.692629173             4312
   1617.3896737092136        9.7295113017313778E-007   33195608.957393423             4313
   1617.7647205900739        9.7254018118357763E-007   33195656.200341038             4314
   1618.1397674709335        9.7212956261600414E-007   33195703.421487119             4315
   1618.5148143517940        9.7171927412094401E-007   33195750.620846752             4316
   1618.8898612326543        9.7130931535693856E-007   33195797.798435014             4317
   1619.2649081135139        9.7089968597549493E-007   33195844.954266962             4318
   1619.6399549943744        9.7049038563610271E-007   33195892.088357646             4319
   1620.0150018752345        9.7008141399342126E-007   33195939.200722098             4320
   1620.3900487560943        9.6967277070369413E-007   33195986.291375332             4321
   1620.7650956369548        9.6926445542380118E-007   33196033.360332355             4322
   1621.1401425178149        9.6885646781244891E-007   33196080.407608159             4323
   1621.5151893986747        9.6844880752914427E-007   33196127.433217719             4324
   1621.8902362795352        9.6804147422844709E-007   33196174.437176004             4325
   1622.2652831603948        9.6763446757183559E-007   33196221.419497952             4326
   1622.6403300412551        9.6722778721847302E-007   33196268.380198509             4327
   1623.0153769221156        9.6682143282854754E-007   33196315.319292590             4328
   1623.3904238029752        9.6641540406085990E-007   33196362.236795105             4329
   1623.7654706838355        9.6600970057677923E-007   33196409.132720951             4330
   1624.1405175646955        9.6560432203789024E-007   33196456.007085007             4331
   1624.5155644455556        9.6519926810542636E-007   33196502.859902140             4332
   1624.8906113264159        9.6479453844091659E-007   33196549.691187203             4333
   1625.2656582072757        9.6439013270724268E-007   33196596.500955034             4334
   1625.6407050881360        9.6398605056647320E-007   33196643.289220467             4335
   1626.0157519689963        9.6358229168326231E-007   33196690.055998303             4336
   1626.3907988498561        9.6317885572146857E-007   33196736.801303349             4337
   1626.7658457307164        9.6277574234269450E-007   33196783.525150392             4338
   1627.1408926115766        9.6237295121486888E-007   33196830.227554191             4339
   1627.5159394924365        9.6197048200051556E-007   33196876.908529516             4340
   1627.8909863732968        9.6156833436531339E-007   33196923.568091113             4341
   1628.2660332541568        9.6116650797581134E-007   33196970.206253707             4342
   1628.6410801350169        9.6076500249865959E-007   33197016.823032014             4343
   1629.0161270158771        9.6036381760119549E-007   33197063.418440744             4344
   1629.3911738967367        9.5996295294817269E-007   33197109.992494587             4345
   1629.7662207775973        9.5956240820844602E-007   33197156.545208212             4346
   1630.1412676584575        9.5916218305130605E-007   33197203.076596294             4347
   1630.5163145393171        9.5876227714216844E-007   33197249.586673480             4348
   1630.8913614201776        9.5836269015328859E-007   33197296.075454403             4349
   1631.2664083010377        9.5796342175144311E-007   33197342.542953689             4350
   1631.6414551818975        9.5756447160694138E-007   33197388.989185948             4351
   1632.0165020627580        9.5716583939028799E-007   33197435.414165772             4352
   1632.3915489436176        9.5676752477287736E-007   33197481.817907754             4353
   1632.7665958244779        9.5636952742417839E-007   33197528.200426459             4354
   1633.1416427053384        9.5597184701549846E-007   33197574.561736438             4355
   1633.5166895861980        9.5557448321942948E-007   33197620.901852243             4356
   1633.8917364670583        9.5517743570839819E-007   33197667.220788404             4357
   1634.2667833479188        9.5478070415436100E-007   33197713.518559430             4358
   1634.6418302287784        9.5438428823164116E-007   33197759.795179829             4359
   1635.0168771096387        9.5398818761242718E-007   33197806.050664093             4360
   1635.3919239904988        9.5359240197007489E-007   33197852.285026699             4361
   1635.7669708713588        9.5319693098136318E-007   33197898.498282112             4362
   1636.1420177522191        9.5280177431860910E-007   33197944.690444779             4363
   1636.5170646330789        9.5240693165802890E-007   33197990.861529138             4364
   1636.8921115139392        9.5201240267485999E-007   33198037.011549611             4365
   1637.2671583947995        9.5161818704440087E-007   33198083.140520614             4366
   1637.6422052756593        9.5122428444459806E-007   33198129.248456541             4367
   1638.0172521565196        9.5083069455161912E-007   33198175.335371785             4368
   1638.3922990373796        9.5043741704259256E-007   33198221.401280705             4369
   1638.7673459182397        9.5004445159501534E-007   33198267.446197666             4370
   1639.1423927991000        9.4965179788611424E-007   33198313.470137015             4371
   1639.5174396799600        9.4925945559581457E-007   33198359.473113082             4372
   1639.8924865608201        9.4886742440363399E-007   33198405.455140188             4373
   1640.2675334416804        9.4847570398625219E-007   33198451.416232642             4374
   1640.6425803225400        9.4808429402513810E-007   33198497.356404733             4375
   1641.0176272034005        9.4769319419965745E-007   33198543.275670741             4376
   1641.3926740842608        9.4730240419144930E-007   33198589.174044933             4377
   1641.7677209651204        9.4691192367982498E-007   33198635.051541571             4378
   1642.1427678459809        9.4652175234692784E-007   33198680.908174887             4379
   1642.5178147268409        9.4613188987436224E-007   33198726.743959118             4380
   1642.8928616077008        9.4574233594408656E-007   33198772.558908474             4381
   1643.2679084885613        9.4535309023862047E-007   33198818.353037160             4382
   1643.6429553694209        9.4496415244231133E-007   33198864.126359362             4383
   1644.0180022502811        9.4457552223594078E-007   33198909.878889263             4384
   1644.3930491311417        9.4418719930487134E-007   33198955.610641021             4385
   1644.7680960120013        9.4379918333235600E-007   33199001.321628790             4386
   1645.1431428928615        9.4341147400372287E-007   33199047.011866704             4387
   1645.5181897737220        9.4302407100420550E-007   33199092.681368895             4388
   1645.8932366545816        9.4263697401704438E-007   33199138.330149475             4389
   1646.2682835354419        9.4225018273145952E-007   33199183.958222538             4390
   1646.6433304163020        9.4186369682948100E-007   33199229.565602172             4391
   1647.0183772971620        9.4147751600134485E-007   33199275.152302459             4392
   1647.3934241780223        9.4109163993123716E-007   33199320.718337454             4393
   1647.7684710588821        9.4070606830801118E-007   33199366.263721205             4394
   1648.1435179397424        9.4032080081934215E-007   33199411.788467746             4395
   1648.5185648206029        9.3993583715277803E-007   33199457.292591110             4396
   1648.8936117014625        9.3955117699647190E-007   33199502.776105300             4397
   1649.2686585823228        9.3916682004064431E-007   33199548.239024319             4398
   1649.6437054631829        9.3878276597339498E-007   33199593.681362145             4399
   1650.0187523440429        9.3839901448470350E-007   33199639.103132755             4400
   1650.3937992249032        9.3801556526457147E-007   33199684.504350107             4401
   1650.7688461057633        9.3763241800439218E-007   33199729.885028150             4402
   1651.1438929866233        9.3724957239373357E-007   33199775.245180819             4403
   1651.5189398674836        9.3686702812496565E-007   33199820.584822033             4404
   1651.8939867483432        9.3648478488834817E-007   33199865.903965704             4405
   1652.2690336292037        9.3610284237725583E-007   33199911.202625729             4406
   1652.6440805100640        9.3572120028343377E-007   33199956.480815992             4407
   1653.0191273909236        9.3533985829978267E-007   33200001.738550369             4408
   1653.3941742717841        9.3495881612038969E-007   33200046.975842711             4409
   1653.7692211526441        9.3457807343814515E-007   33200092.192706868             4410
   1654.1442680335040        9.3419762994573173E-007   33200137.389156673             4411
   1654.5193149143645        9.3381748533927213E-007   33200182.565205954             4412
   1654.8943617952241        9.3343763931312668E-007   33200227.720868513             4413
   1655.2694086760844        9.3305809156160871E-007   33200272.856158148             4414
   1655.6444555569449        9.3267884178204709E-007   33200317.971088648             4415
   1656.0195024378045        9.3229988966805697E-007   33200363.065673780             4416
   1656.3945493186650        9.3192123491860731E-007   33200408.139927305             4417
   1656.7695961995253        9.3154287722762284E-007   33200453.193862971             4418
   1657.1446430803849        9.3116481629400009E-007   33200498.227494512             4419
   1657.5196899612454        9.3078705181384131E-007   33200543.240835652             4420
   1657.8947368421052        9.3040958348516200E-007   33200588.233900100             4421
   1658.2697837229653        9.3003241100741475E-007   33200633.206701554             4422
   1658.6448306038258        9.2965553407864100E-007   33200678.159253698             4423
   1659.0198774846854        9.2927895239722862E-007   33200723.091570206             4424
   1659.3949243655456        9.2890266566358175E-007   33200768.003664736             4425
   1659.7699712464062        9.2852667357484819E-007   33200812.895550940             4426
   1660.1450181272658        9.2815097583423269E-007   33200857.767242454             4427
   1660.5200650081260        9.2777557214074314E-007   33200902.618752901             4428
   1660.8951118889861        9.2740046219532610E-007   33200947.450095888             4429
   1661.2701587698461        9.2702564569973523E-007   33200992.261285018             4430
   1661.6452056507064        9.2665112235426899E-007   33201037.052333884             4431
   1662.0202525315665        9.2627689186180473E-007   33201081.823256053             4432
   1662.3952994124265        9.2590295392471732E-007   33201126.574065093             4433
   1662.7703462932868        9.2552930824613812E-007   33201171.304774545             4434
   1663.1453931741466        9.2515595452899828E-007   33201216.015397958             4435
   1663.5204400550069        9.2478289247507400E-007   33201260.705948852             4436
   1663.8954869358672        9.2441012179057753E-007   33201305.376440745             4437
   1664.2705338167270        9.2403764217849147E-007   33201350.026887137             4438
   1664.6455806975873        9.2366545334281550E-007   33201394.657301519             4439
   1665.0206275784474        9.2329355498968053E-007   33201439.267697368             4440
   1665.3956744593074        9.2292194682384042E-007   33201483.858088147             4441
   1665.7707213401677        9.2255062855183277E-007   33201528.428487312             4442
   1666.1457682210273        9.2217959987886068E-007   33201572.978908304             4443
   1666.5208151018878        9.2180886051077406E-007   33201617.509364557             4444
   1666.8958619827481        9.2143841015512855E-007   33201662.019869477             4445
   1667.2709088636077        9.2106824851971588E-007   33201706.510436483             4446
   1667.6459557444682        9.2069837531032096E-007   33201750.981078960             4447
   1668.0210026253280        9.2032879023682759E-007   33201795.431810290             4448
   1668.3960495061881        9.1995949300589376E-007   33201839.862643845             4449
   1668.7710963870486        9.1959048332687949E-007   33201884.273592982             4450
   1669.1461432679084        9.1922176090984698E-007   33201928.664671041             4451
   1669.5211901487685        9.1885332546269714E-007   33201973.035891369             4452
   1669.8962370296290        9.1848517669400087E-007   33202017.387267277             4453
   1670.2712839104886        9.1811731431708717E-007   33202061.718812075             4454
   1670.6463307913489        9.1774973803979723E-007   33202106.030539058             4455
   1671.0213776722094        9.1738244757425039E-007   33202150.322461519             4456
   1671.3964245530690        9.1701544263089986E-007   33202194.594592731             4457
   1671.7714714339293        9.1664872292105628E-007   33202238.846945956             4458
   1672.1465183147893        9.1628228815783160E-007   33202283.079534441             4459
   1672.5215651956494        9.1591613805113483E-007   33202327.292371426             4460
   1672.8966120765097        9.1555027231624388E-007   33202371.485470135             4461
   1673.2716589573695        9.1518469066558683E-007   33202415.658843789             4462
   1673.6467058382298        9.1481939281152771E-007   33202459.812505592             4463
   1674.0217527190900        9.1445437846776758E-007   33202503.946468730             4464
   1674.3967995999499        9.1408964734882574E-007   33202548.060746379             4465
   1674.7718464808102        9.1372519916942170E-007   33202592.155351713             4466
   1675.1468933616704        9.1336103364318368E-007   33202636.230297890             4467
   1675.5219402425303        9.1299715048550332E-007   33202680.285598047             4468
   1675.8969871233905        9.1263354941372043E-007   33202724.321265325             4469
   1676.2720340042506        9.1227023014051233E-007   33202768.337312836             4470
   1676.6470808851107        9.1190719238480998E-007   33202812.333753698             4471
   1677.0221277659709        9.1154443586108524E-007   33202856.310601000             4472
   1677.3971746468305        9.1118196028761020E-007   33202900.267867833             4473
   1677.7722215276910        9.1081976538241012E-007   33202944.205567274             4474
   1678.1472684085513        9.1045785085933673E-007   33202988.123712379             4475
   1678.5223152894109        9.1009621644074450E-007   33203032.022316206             4476
   1678.8973621702714        9.0973486184233433E-007   33203075.901391789             4477
   1679.2724090511313        9.0937378678392393E-007   33203119.760952156             4478
   1679.6474559319913        9.0901299098288168E-007   33203163.601010323             4479
   1680.0225028128518        9.0865247415952315E-007   33203207.421579301             4480
   1680.3975496937117        9.0829223603447493E-007   33203251.222672071             4481
   1680.7725965745717        9.0793227632614347E-007   33203295.004301626             4482
   1681.1476434554322        9.0757259475636506E-007   33203338.766480926             4483
   1681.5226903362918        9.0721319104529569E-007   33203382.509222936             4484
   1681.8977372171521        9.0685406491348053E-007   33203426.232540604             4485
   1682.2727840980126        9.0649521608220966E-007   33203469.936446864             4486
   1682.6478309788722        9.0613664427449155E-007   33203513.620954640             4487
   1683.0228778597325        9.0577834921108304E-007   33203557.286076836             4488
   1683.3979247405925        9.0542033061539326E-007   33203600.931826368             4489
   1683.7729716214526        9.0506258820987629E-007   33203644.558216117             4490
   1684.1480185023129        9.0470512171744680E-007   33203688.165258963             4491
   1684.5230653831727        9.0434793086157214E-007   33203731.752967764             4492
   1684.8981122640330        9.0399101536707916E-007   33203775.321355388             4493
   1685.2731591448933        9.0363437495697813E-007   33203818.870434675             4494
   1685.6482060257531        9.0327800935564780E-007   33203862.400218453             4495
   1686.0232529066134        9.0292191828981122E-007   33203905.910719547             4496
   1686.3982997874737        9.0256610148163533E-007   33203949.401950773             4497
   1686.7733466683335        9.0221055865891645E-007   33203992.873924915             4498
   1687.1483935491938        9.0185528954753598E-007   33204036.326654777             4499
   1687.5234404300538        9.0150029387201245E-007   33204079.760153119             4500
   1687.8984873109139        9.0114557136121261E-007   33204123.174432714             4501
   1688.2735341917742        9.0079112173989503E-007   33204166.569506317             4502
   1688.6485810726338        9.0043694473642862E-007   33204209.945386663             4503
   1689.0236279534943        9.0008304007815368E-007   33204253.302086487             4504
   1689.3986748343546        8.9972940749272922E-007   33204296.639618509             4505
   1689.7737217152142        8.9937604670934705E-007   33204339.957995433             4506
   1690.1487685960747        8.9902295745481777E-007   33204383.257229961             4507
   1690.5238154769345        8.9867013945965107E-007   33204426.537334777             4508
   1690.8988623577945        8.9831759245177255E-007   33204469.798322555             4509
   1691.2739092386551        8.9796531616170536E-007   33204513.040205959             4510
   1691.6489561195149        8.9761331031970961E-007   33204556.262997642             4511
   1692.0240030003749        8.9726157465476750E-007   33204599.466710240             4512
   1692.3990498812354        8.9691010889918929E-007   33204642.651356388             4513
   1692.7740967620950        8.9655891278129213E-007   33204685.816948704             4514
   1693.1491436429553        8.9620798603426307E-007   33204728.963499792             4515
   1693.5241905238158        8.9585732839047051E-007   33204772.091022253             4516
   1693.8992374046754        8.9550693957986130E-007   33204815.199528668             4517
   1694.2742842855357        8.9515681933460722E-007   33204858.289031614             4518
   1694.6493311663958        8.9480696738913664E-007   33204901.359543655             4519
   1695.0243780472558        8.9445738347440691E-007   33204944.411077339             4520
   1695.3994249281161        8.9410806732490625E-007   33204987.443645209             4521
   1695.7744718089759        8.9375901867412156E-007   33205030.457259797             4522
   1696.1495186898362        8.9341023725476672E-007   33205073.451933622             4523
   1696.5245655706965        8.9306172280277582E-007   33205116.427679189             4524
   1696.8996124515563        8.9271347505139225E-007   33205159.384508993             4525
   1697.2746593324166        8.9236549373545923E-007   33205202.322435528             4526
   1697.6497062132769        8.9201777859037604E-007   33205245.241471261             4527
   1698.0247530941367        8.9167032935224714E-007   33205288.141628657             4528
   1698.3997999749970        8.9132314575586525E-007   33205331.022920173             4529
   1698.7748468558570        8.9097622753869620E-007   33205373.885358248             4530
   1699.1498937367171        8.9062957443642972E-007   33205416.728955314             4531
   1699.5249406175774        8.9028318618587976E-007   33205459.553723790             4532
   1699.8999874984370        8.8993706252426683E-007   33205502.359676089             4533
   1700.2750343792975        8.8959120318905880E-007   33205545.146824609             4534
   1700.6500812601578        8.8924560791689109E-007   33205587.915181730             4535
   1701.0251281410174        8.8890027644860836E-007   33205630.664759833             4536
   1701.4001750218779        8.8855520851971664E-007   33205673.395571284             4537
   1701.7752219027377        8.8821040387037142E-007   33205716.107628439             4538
   1702.1502687835978        8.8786586224047958E-007   33205758.800943643             4539
   1702.5253156644583        8.8752158336812626E-007   33205801.475529227             4540
   1702.9003625453179        8.8717756699247813E-007   33205844.131397512             4541
   1703.2754094261782        8.8683381285403703E-007   33205886.768560812             4542
   1703.6504563070387        8.8649032069557058E-007   33205929.387031429             4543
   1704.0255031878983        8.8614709025422583E-007   33205971.986821644             4544
   1704.4005500687585        8.8580412127181570E-007   33206014.567943748             4545
   1704.7755969496191        8.8546141349108919E-007   33206057.130410001             4546
   1705.1506438304787        8.8511896665158654E-007   33206099.674232665             4547
   1705.5256907113389        8.8477678049716898E-007   33206142.199423984             4548
   1705.9007375921990        8.8443485477009638E-007   33206184.705996197             4549
   1706.2757844730590        8.8409318921061336E-007   33206227.193961527             4550
   1706.6508313539193        8.8375178356475246E-007   33206269.663332190             4551
   1707.0258782347792        8.8341063757238275E-007   33206312.114120398             4552
   1707.4009251156394        8.8306975098001598E-007   33206354.546338331             4553
   1707.7759719964997        8.8272912352852274E-007   33206396.959998176             4554
   1708.1510188773595        8.8238875496480016E-007   33206439.355112109             4555
   1708.5260657582198        8.8204864503195172E-007   33206481.731692288             4556
   1708.9011126390799        8.8170879347505577E-007   33206524.089750871             4557
   1709.2761595199399        8.8136920003796234E-007   33206566.429299988             4558
   1709.6512064008002        8.8102986446791289E-007   33206608.750351772             4559
   1710.0262532816603        8.8069078650900870E-007   33206651.052918345             4560
   1710.4013001625203        8.8035196590892861E-007   33206693.337011810             4561
   1710.7763470433806        8.8001340241156659E-007   33206735.602644276             4562
   1711.1513939242402        8.7967509576616279E-007   33206777.849827819             4563
   1711.5264408051007        8.7933704571821471E-007   33206820.078574520             4564
   1711.9014876859610        8.7899925201469084E-007   33206862.288896441             4565
   1712.2765345668206        8.7866171440409240E-007   33206904.480805643             4566
   1712.6515814476811        8.7832443263326145E-007   33206946.654314172             4567
   1713.0266283285412        8.7798740645132314E-007   33206988.809434056             4568
   1713.4016752094010        8.7765063560594731E-007   33207030.946177322             4569
   1713.7767220902615        8.7731411984613808E-007   33207073.064555991             4570
   1714.1517689711211        8.7697785892091822E-007   33207115.164582055             4571
   1714.5268158519814        8.7664185258034832E-007   33207157.246267512             4572
   1714.9018627328419        8.7630610057337945E-007   33207199.309624344             4573
   1715.2769096137015        8.7597060264963122E-007   33207241.354664527             4574
   1715.6519564945618        8.7563535856100026E-007   33207283.381400015             4575
   1716.0270033754223        8.7530036805565628E-007   33207325.389842764             4576
   1716.4020502562819        8.7496563088687307E-007   33207367.380004711             4577
   1716.7770971371422        8.7463114680364841E-007   33207409.351897795             4578
   1717.1521440180022        8.7429691555976582E-007   33207451.305533923             4579
   1717.5271908988623        8.7396293690559864E-007   33207493.240925014             4580
   1717.9022377797226        8.7362921059343347E-007   33207535.158082962             4581
   1718.2772846605824        8.7329573637618222E-007   33207577.057019658             4582
   1718.6523315414427        8.7296251400507798E-007   33207618.937746983             4583
   1719.0273784223029        8.7262954323500054E-007   33207660.800276801             4584
   1719.4024253031628        8.7229682381792435E-007   33207702.644620974             4585
   1719.7774721840231        8.7196435550911546E-007   33207744.470791344             4586
   1720.1525190648831        8.7163213806050817E-007   33207786.278799754             4587
   1720.5275659457432        8.7130017122690606E-007   33207828.068658024             4588
   1720.9026128266034        8.7096845476391797E-007   33207869.840377972             4589
   1721.2776597074635        8.7063698842506506E-007   33207911.593971409             4590
   1721.6527065883236        8.7030577196659485E-007   33207953.329450134             4591
   1722.0277534691838        8.6997480514106721E-007   33207995.046825923             4592
   1722.4028003500434        8.6964408770788126E-007   33208036.746110559             4593
   1722.7778472309039        8.6931361942108373E-007   33208078.427315805             4594
   1723.1528941117642        8.6898340003813733E-007   33208120.090453420             4595
   1723.5279409926238        8.6865342931270581E-007   33208161.735535145             4596
   1723.9029878734843        8.6832370700616464E-007   33208203.362572711             4597
   1724.2780347543444        8.6799423287158857E-007   33208244.971577853             4598
   1724.6530816352042        8.6766500666882926E-007   33208286.562562283             4599
   1725.0281285160647        8.6733602815410565E-007   33208328.135537699             4600
   1725.4031753969243        8.6700729708691301E-007   33208369.690515801             4601
   1725.7782222777846        8.6667881322457523E-007   33208411.227508273             4602
   1726.1532691586451        8.6635057632584918E-007   33208452.746526789             4603
   1726.5283160395047        8.6602258615024451E-007   33208494.247583006             4604
   1726.9033629203650        8.6569484245642874E-007   33208535.730688587             4605
   1727.2784098012255        8.6536734500389437E-007   33208577.195855174             4606
   1727.6534566820851        8.6504009355226658E-007   33208618.643094398             4607
   1728.0285035629454        8.6471308786253936E-007   33208660.072417885             4608
   1728.4035504438054        8.6438632769495177E-007   33208701.483837247             4609
   1728.7785973246655        8.6405981280863115E-007   33208742.877364088             4610
   1729.1536442055258        8.6373354296611234E-007   33208784.253009997             4611
   1729.5286910863856        8.6340751792853914E-007   33208825.610786572             4612
   1729.9037379672459        8.6308173745653157E-007   33208866.950705372             4613
   1730.2787848481062        8.6275620131321146E-007   33208908.272777971             4614
   1730.6538317289660        8.6243090925911287E-007   33208949.577015918             4615
   1731.0288786098263        8.6210586105737796E-007   33208990.863430753             4616
   1731.4039254906863        8.6178105647129596E-007   33209032.132034015             4617
   1731.7789723715464        8.6145649526224191E-007   33209073.382837225             4618
   1732.1540192524067        8.6113217719551399E-007   33209114.615851898             4619
   1732.5290661332663        8.6080810203271965E-007   33209155.831089534             4620
   1732.9041130141268        8.6048426953892256E-007   33209197.028561633             4621
   1733.2791598949871        8.6016067947778516E-007   33209238.208279673             4622
   1733.6542067758467        8.5983733161385347E-007   33209279.370255139             4623
   1734.0292536567072        8.5951422571171141E-007   33209320.514499482             4624
   1734.4043005375675        8.5919136153570013E-007   33209361.641024165             4625
   1734.7793474184271        8.5886873885209761E-007   33209402.749840628             4626
   1735.1543942992876        8.5854635742614581E-007   33209443.840960309             4627
   1735.5294411801476        8.5822421702306107E-007   33209484.914394628             4628
   1735.9044880610074        8.5790231740988392E-007   33209525.970155008             4629
   1736.2795349418680        8.5758065835195986E-007   33209567.008252848             4630
   1736.6545818227276        8.5725923961561919E-007   33209608.028699543             4631
   1737.0296287035878        8.5693806097017798E-007   33209649.031506486             4632
   1737.4046755844483        8.5661712217982779E-007   33209690.016685046             4633
   1737.7797224653079        8.5629642301426616E-007   33209730.984246589             4634
   1738.1547693461682        8.5597596324035130E-007   33209771.934202474             4635
   1738.5298162270283        8.5565574262535372E-007   33209812.866564050             4636
   1738.9048631078883        8.5533576093876260E-007   33209853.781342644             4637
   1739.2799099887486        8.5501601795015004E-007   33209894.678549595             4638
   1739.6549568696087        8.5469651342537190E-007   33209935.558196209             4639
   1740.0300037504687        8.5437724713661230E-007   33209976.420293801             4640
   1740.4050506313290        8.5405821885083491E-007   33210017.264853667             4641
   1740.7800975121888        8.5373942833921569E-007   33210058.091887094             4642
   1741.1551443930491        8.5342087537161641E-007   33210098.901405357             4643
   1741.5301912739094        8.5310255971702408E-007   33210139.693419736             4644
   1741.9052381547692        8.5278448114851065E-007   33210180.467941478             4645
   1742.2802850356295        8.5246663943441132E-007   33210221.224981841             4646
   1742.6553319164896        8.5214903434763943E-007   33210261.964552060             4647
   1743.0303787973496        8.5183166565768575E-007   33210302.686663367             4648
   1743.4054256782099        8.5151453313803155E-007   33210343.391326983             4649
   1743.7804725590695        8.5119763655893650E-007   33210384.078554120             4650
   1744.1555194399300        8.5088097569380617E-007   33210424.748355974             4651
   1744.5305663207903        8.5056455031476602E-007   33210465.400743742             4652
   1744.9056132016499        8.5024836019414039E-007   33210506.035728607             4653
   1745.2806600825104        8.4993240510474127E-007   33210546.653321739             4654
   1745.6557069633707        8.4961668482039370E-007   33210587.253534302             4655
   1746.0307538442303        8.4930119911427604E-007   33210627.836377446             4656
   1746.4058007250908        8.4898594776120648E-007   33210668.401862316             4657
   1746.7808476059508        8.4867093053461292E-007   33210708.950000051             4658
   1747.1558944868107        8.4835614720840235E-007   33210749.480801769             4659
   1747.5309413676712        8.4804159755625584E-007   33210789.994278595             4660
   1747.9059882485308        8.4772728135591246E-007   33210830.490441632             4661
   1748.2810351293911        8.4741319837994536E-007   33210870.969301969             4662
   1748.6560820102516        8.4709934840444126E-007   33210911.430870701             4663
   1749.0311288911112        8.4678573120656571E-007   33210951.875158899             4664
   1749.4061757719714        8.4647234656053149E-007   33210992.302177634             4665
   1749.7812226528315        8.4615919424250917E-007   33211032.711937964             4666
   1750.1562695336916        8.4584627402953991E-007   33211073.104450941             4667
   1750.5313164145518        8.4553358569891215E-007   33211113.479727603             4668
   1750.9063632954119        8.4522112902691115E-007   33211153.837778978             4669
   1751.2814101762719        8.4490890379018439E-007   33211194.178616095             4670
   1751.6564570571322        8.4459690976801424E-007   33211234.502249952             4671
   1752.0315039379921        8.4428514673627737E-007   33211274.808691565             4672
   1752.4065508188523        8.4397361447609603E-007   33211315.097951911             4673
   1752.7815976997128        8.4366231276122125E-007   33211355.370041989             4674
   1753.1566445805724        8.4335124137452810E-007   33211395.624972764             4675
   1753.5316914614327        8.4304040009337874E-007   33211435.862755202             4676
   1753.9067383422928        8.4272978869646548E-007   33211476.083400257             4677
   1754.2817852231528        8.4241940696322518E-007   33211516.286918882             4678
   1754.6568321040131        8.4210925467324271E-007   33211556.473322000             4679
   1755.0318789848727        8.4179933160623920E-007   33211596.642620552             4680
   1755.4069258657332        8.4148963754355958E-007   33211636.794825450             4681
   1755.7819727465935        8.4118017226517347E-007   33211676.929947603             4682
   1756.1570196274531        8.4087093555092366E-007   33211717.047997911             4683
   1756.5320665083136        8.4056192718362849E-007   33211757.148987263             4684
   1756.9071133891739        8.4025314694225957E-007   33211797.232926548             4685
   1757.2821602700335        8.3994459460928655E-007   33211837.299826622             4686
   1757.6572071508940        8.3963626996641391E-007   33211877.349698361             4687
   1758.0322540317541        8.3932817279641688E-007   33211917.382552613             4688
   1758.4073009126139        8.3902030288070345E-007   33211957.398400221             4689
   1758.7823477934744        8.3871266000085041E-007   33211997.397252023             4690
   1759.1573946743340        8.3840524394205358E-007   33212037.379118841             4691
   1759.5324415551945        8.3809805448493198E-007   33212077.344011497             4692
   1759.9074884360548        8.3779109141460053E-007   33212117.291940790             4693
   1760.2825353169144        8.3748435451396829E-007   33212157.222917523             4694
   1760.6575821977749        8.3717784356621907E-007   33212197.136952486             4695
   1761.0326290786347        8.3687155835738579E-007   33212237.034056451             4696
   1761.4076759594948        8.3656549866825929E-007   33212276.914240196             4697
   1761.7827228403553        8.3625966428684776E-007   33212316.777514484             4698
   1762.1577697212151        8.3595405499576612E-007   33212356.623890057             4699
   1762.5328166020752        8.3564867058133051E-007   33212396.453377672             4700
   1762.9078634829357        8.3534351082918188E-007   33212436.265988056             4701
   1763.2829103637953        8.3503857552345102E-007   33212476.061731931             4702
   1763.6579572446556        8.3473386444993262E-007   33212515.840620015             4703
   1764.0330041255161        8.3442937739765016E-007   33212555.602663018             4704
   1764.4080510063757        8.3412511414951606E-007   33212595.347871635             4705
   1764.7830978872360        8.3382107449252146E-007   33212635.076256558             4706
   1765.1581447680960        8.3351725821513405E-007   33212674.787828460             4707
   1765.5331916489561        8.3321366510507003E-007   33212714.482598014             4708
   1765.9082385298163        8.3291029494663605E-007   33212754.160575889             4709
   1766.2832854106759        8.3260714752962171E-007   33212793.821772728             4710
   1766.6583322915365        8.3230422264160016E-007   33212833.466199178             4711
   1767.0333791723967        8.3200152007060067E-007   33212873.093865871             4712
   1767.4084260532566        8.3169903960583240E-007   33212912.704783436             4713
   1767.7834729341168        8.3139678103293695E-007   33212952.298962489             4714
   1768.1585198149769        8.3109474414484355E-007   33212991.876413636             4715
   1768.5335666958370        8.3079292872745871E-007   33213031.437147480             4716
   1768.9086135766972        8.3049133457043427E-007   33213070.981174607             4717
   1769.2836604575573        8.3018996146594416E-007   33213110.508505598             4718
   1769.6587073384173        8.2988880920078307E-007   33213150.019151025             4719
   1770.0337542192776        8.2958787756797342E-007   33213189.513121452             4720
   1770.4088011001372        8.2928716635514278E-007   33213228.990427431             4721
   1770.7838479809977        8.2898667535330694E-007   33213268.451079510             4722
   1771.1588948618580        8.2868640435535650E-007   33213307.895088222             4723
   1771.5339417427176        8.2838635315095496E-007   33213347.322464097             4724
   1771.9089886235781        8.2808652153060291E-007   33213386.733217653             4725
   1772.2840355044380        8.2778690928722409E-007   33213426.127359398             4726
   1772.6590823852980        8.2748751621180561E-007   33213465.504899833             4727
   1773.0341292661585        8.2718834209769440E-007   33213504.865849450             4728
   1773.4091761470181        8.2688938673594607E-007   33213544.210218731             4729
   1773.7842230278784        8.2659064991823847E-007   33213583.538018152             4730
   1774.1592699087389        8.2629213143947804E-007   33213622.849258181             4731
   1774.5343167895985        8.2599383109312616E-007   33213662.143949267             4732
   1774.9093636704588        8.2569574866903990E-007   33213701.422101866             4733
   1775.2844105513193        8.2539788396420335E-007   33213740.683726411             4734
   1775.6594574321789        8.2510023677050877E-007   33213779.928833336             4735
   1776.0345043130392        8.2480280688292739E-007   33213819.157433059             4736
   1776.4095511938992        8.2450559409611724E-007   33213858.369535998             4737
   1776.7845980747593        8.2420859820198521E-007   33213897.565152548             4738
   1777.1596449556196        8.2391181899749856E-007   33213936.744293112             4739
   1777.5346918364794        8.2361525627859095E-007   33213975.906968068             4740
   1777.9097387173397        8.2331890983776832E-007   33214015.053187806             4741
   1778.2847855982000        8.2302277947162598E-007   33214054.182962686             4742
   1778.6598324790598        8.2272686497675627E-007   33214093.296303071             4743
   1779.0348793599201        8.2243116614850460E-007   33214132.393219311             4744
   1779.4099262407801        8.2213568278223639E-007   33214171.473721750             4745
   1779.7849731216402        8.2184041467524289E-007   33214210.537820723             4746
   1780.1600200025005        8.2154536162373770E-007   33214249.585526552             4747
   1780.5350668833605        8.2125052342539431E-007   33214288.616849557             4748
   1780.9101137642206        8.2095589987620790E-007   33214327.631800044             4749
   1781.2851606450809        8.2066149077413941E-007   33214366.630388316             4750
   1781.6602075259405        8.2036729591789876E-007   33214405.612624660             4751
   1782.0352544068010        8.2007331510265326E-007   33214444.578519359             4752
   1782.4103012876612        8.1977954812976979E-007   33214483.528082695             4753
   1782.7853481685208        8.1948599479489210E-007   33214522.461324915             4754
   1783.1603950493813        8.1919265489679450E-007   33214561.378256295             4755
   1783.5354419302412        8.1889952823599734E-007   33214600.278887071             4756
   1783.9104888111012        8.1860661460967298E-007   33214639.163227484             4757
   1784.2855356919617        8.1831391381901112E-007   33214678.031287767             4758
   1784.6605825728213        8.1802142566209595E-007   33214716.883078147             4759
   1785.0356294536816        8.1772914993807426E-007   33214755.718608826             4760
   1785.4106763345421        8.1743708644903277E-007   33214794.537890017             4761
   1785.7857232154017        8.1714523499298165E-007   33214833.340931911             4762
   1786.1607700962620        8.1685359537088638E-007   33214872.127744697             4763
   1786.5358169771225        8.1656216738471456E-007   33214910.898338556             4764
   1786.9108638579821        8.1627095083494165E-007   33214949.652723663             4765
   1787.2859107388424        8.1597994552063567E-007   33214988.390910178             4766
   1787.6609576197025        8.1568915124615583E-007   33215027.112908252             4767
   1788.0360045005625        8.1539856780993603E-007   33215065.818728030             4768
   1788.4110513814228        8.1510819501641318E-007   33215104.508379653             4769
   1788.7860982622826        8.1481803266682869E-007   33215143.181873251             4770
   1789.1611451431429        8.1452808056332350E-007   33215181.839218937             4771
   1789.5361920240032        8.1423833850839047E-007   33215220.480426826             4772
   1789.9112389048630        8.1394880630537249E-007   33215259.105507020             4773
   1790.2862857857233        8.1365948375530375E-007   33215297.714469619             4774
   1790.6613326665833        8.1337037066438258E-007   33215336.307324700             4775
   1791.0363795474434        8.1308146683351716E-007   33215374.884082347             4776
   1791.4114264283037        8.1279277206663758E-007   33215413.444752634             4777
   1791.7864733091637        8.1250428616940419E-007   33215451.989345610             4778
   1792.1615201900238        8.1221600894418559E-007   33215490.517871339             4779
   1792.5365670708841        8.1192794019602601E-007   33215529.030339856             4780
   1792.9116139517437        8.1164007972883045E-007   33215567.526761208             4781
   1793.2866608326042        8.1135242734793719E-007   33215606.007145412             4782
   1793.6617077134645        8.1106498285870843E-007   33215644.471502490             4783
   1794.0367545943241        8.1077774606606962E-007   33215682.919842456             4784
   1794.4118014751846        8.1049071677525019E-007   33215721.352175307             4785
   1794.7868483560444        8.1020389479282255E-007   33215759.768511046             4786
   1795.1618952369045        8.0991727992307307E-007   33215798.168859653             4787
   1795.5369421177650        8.0963087197348577E-007   33215836.553231109             4788
   1795.9119889986246        8.0934467075033923E-007   33215874.921635374             4789
   1796.2870358794848        8.0905867606064823E-007   33215913.274082419             4790
   1796.6620827603454        8.0877288770960312E-007   33215951.610582195             4791
   1797.0371296412050        8.0848730550501976E-007   33215989.931144644             4792
   1797.4121765220652        8.0820192925435707E-007   33216028.235779703             4793
   1797.7872234029253        8.0791675876613097E-007   33216066.524497300             4794
   1798.1622702837853        8.0763179384591511E-007   33216104.797307353             4795
   1798.5373171646456        8.0734703430326577E-007   33216143.054219775             4796
   1798.9123640455057        8.0706247994649147E-007   33216181.295244470             4797
   1799.2874109263657        8.0677813058241066E-007   33216219.520391334             4798
   1799.6624578072260        8.0649398602038715E-007   33216257.729670249             4799
   1800.0375046880858        8.0621004607090282E-007   33216295.923091095             4800
   1800.4125515689461        8.0592631053999708E-007   33216334.100663744             4801
   1800.7875984498064        8.0564277923871636E-007   33216372.262398060             4802
   1801.1626453306662        8.0535945197689382E-007   33216410.408303894             4803
   1801.5376922115265        8.0507632856328742E-007   33216448.538391095             4804
   1801.9127390923866        8.0479340880962397E-007   33216486.652669497             4805
   1802.2877859732466        8.0451069252332725E-007   33216524.751148932             4806
   1802.6628328541069        8.0422817951582253E-007   33216562.833839219             4807
   1803.0378797349665        8.0394586959825248E-007   33216600.900750171             4808
   1803.4129266158270        8.0366376258221845E-007   33216638.951891594             4809
   1803.7879734966873        8.0338185827589256E-007   33216676.987273283             4810
   1804.1630203775469        8.0310015649345431E-007   33216715.006905030             4811
   1804.5380672584074        8.0281865704462051E-007   33216753.010796618             4812
   1804.9131141392677        8.0253735974304138E-007   33216790.998957813             4813
   1805.2881610201273        8.0225626439836837E-007   33216828.971398383             4814
   1805.6632079009878        8.0197537082297374E-007   33216866.928128086             4815
   1806.0382547818476        8.0169467883003517E-007   33216904.869156670             4816
   1806.4133016627077        8.0141418823278908E-007   33216942.794493873             4817
   1806.7883485435682        8.0113389884260993E-007   33216980.704149425             4818
   1807.1633954244278        8.0085381047329827E-007   33217018.598133057             4819
   1807.5384423052881        8.0057392293793077E-007   33217056.476454481             4820
   1807.9134891861486        8.0029423604881360E-007   33217094.339123406             4821
   1808.2885360670082        8.0001474962194495E-007   33217132.186149534             4822
   1808.6635829478685        7.9973546346778310E-007   33217170.017542552             4823
   1809.0386298287285        7.9945637740365617E-007   33217207.833312150             4824
   1809.4136767095886        7.9917749124232606E-007   33217245.633468002             4825
   1809.7887235904489        7.9889880479877546E-007   33217283.418019772             4826
   1810.1637704713089        7.9862031788628496E-007   33217321.186977126             4827
   1810.5388173521690        7.9834203032256078E-007   33217358.940349709             4828
   1810.9138642330292        7.9806394191998884E-007   33217396.678147174             4829
   1811.2889111138891        7.9778605249490560E-007   33217434.400379155             4830
   1811.6639579947494        7.9750836186305186E-007   33217472.107055280             4831
   1812.0390048756096        7.9723086984102677E-007   33217509.798185162             4832
   1812.4140517564695        7.9695357624290883E-007   33217547.473778423             4833
   1812.7890986373297        7.9667648088614845E-007   33217585.133844662             4834
   1813.1641455181898        7.9639958358580140E-007   33217622.778393477             4835
   1813.5391923990499        7.9612288416032967E-007   33217660.407434460             4836
   1813.9142392799101        7.9584638242593621E-007   33217698.020977184             4837
   1814.2892861607697        7.9557007819920525E-007   33217735.619031232             4838
   1814.6643330416302        7.9529397129843679E-007   33217773.201606162             4839
   1815.0393799224905        7.9501806153964775E-007   33217810.768711533             4840
   1815.4144268033501        7.9474234874114216E-007   33217848.320356894             4841
   1815.7894736842106        7.9446683272005470E-007   33217885.856551789             4842
   1816.1645205650709        7.9419151329552734E-007   33217923.377305746             4843
   1816.5395674459305        7.9391639028635123E-007   33217960.882628296             4844
   1816.9146143267910        7.9364146350941966E-007   33217998.372528952             4845
   1817.2896612076511        7.9336673278444634E-007   33218035.847017229             4846
   1817.6647080885109        7.9309219792972098E-007   33218073.306102626             4847
   1818.0397549693714        7.9281785876586944E-007   33218110.749794640             4848
   1818.4148018502310        7.9254371510959908E-007   33218148.178102754             4849
   1818.7898487310913        7.9226976678326559E-007   33218185.591036450             4850
   1819.1648956119518        7.9199601360405248E-007   33218222.988605201             4851
   1819.5399424928114        7.9172245539402153E-007   33218260.370818466             4852
   1819.9149893736717        7.9144909197175013E-007   33218297.737685699             4853
   1820.2900362545317        7.9117592315863821E-007   33218335.089216352             4854
   1820.6650831353918        7.9090294877494083E-007   33218372.425419863             4855
   1821.0401300162521        7.9063016864174822E-007   33218409.746305667             4856
   1821.4151768971121        7.9035758257889605E-007   33218447.051883180             4857
   1821.7902237779722        7.9008519040803348E-007   33218484.342161831             4858
   1822.1652706588325        7.8981299195220982E-007   33218521.617151022             4859
   1822.5403175396923        7.8954098703020821E-007   33218558.876860153             4860
   1822.9153644205526        7.8926917546670287E-007   33218596.121298626             4861
   1823.2904113014129        7.8899755708071114E-007   33218633.350475818             4862
   1823.6654581822727        7.8872613169700360E-007   33218670.564401112             4863
   1824.0405050631330        7.8845489913633740E-007   33218707.763083875             4864
   1824.4155519439930        7.8818385922298018E-007   33218744.946533471             4865
   1824.7905988248531        7.8791301177830499E-007   33218782.114759259             4866
   1825.1656457057134        7.8764235662525061E-007   33218819.267770585             4867
   1825.5406925865730        7.8737189358734850E-007   33218856.405576784             4868
   1825.9157394674335        7.8710162248807934E-007   33218893.528187197             4869
   1826.2907863482938        7.8683154315207936E-007   33218930.635611139             4870
   1826.6658332291533        7.8656165540184603E-007   33218967.727857929             4871
   1827.0408801100139        7.8629195906152174E-007   33219004.804936886             4872
   1827.4159269908741        7.8602245395456928E-007   33219041.866857298             4873
   1827.7909738717337        7.8575313990772933E-007   33219078.913628466             4874
   1828.1660207525942        7.8548401674471505E-007   33219115.945259675             4875
   1828.5410676334543        7.8521508428839735E-007   33219152.961760212             4876
   1828.9161145143141        7.8494634236612424E-007   33219189.963139340             4877
   1829.2911613951746        7.8467779080265698E-007   33219226.949406326             4878
   1829.6662082760342        7.8440942942288211E-007   33219263.920570422             4879
   1830.0412551568945        7.8414125805298010E-007   33219300.876640879             4880
   1830.4163020377550        7.8387327651668911E-007   33219337.817626942             4881
   1830.7913489186146        7.8360548464337265E-007   33219374.743537840             4882
   1831.1663957994749        7.8333788225734763E-007   33219411.654382799             4883
   1831.5414426803350        7.8307046918430398E-007   33219448.550171036             4884
   1831.9164895611950        7.8280324525371449E-007   33219485.430911768             4885
   1832.2915364420553        7.8253621028814280E-007   33219522.296614196             4886
   1832.6665833229151        7.8226936411844173E-007   33219559.147287518             4887
   1833.0416302037754        7.8200270656987525E-007   33219595.982940920             4888
   1833.4166770846357        7.8173623747011929E-007   33219632.803583577             4889
   1833.7917239654955        7.8146995664754485E-007   33219669.609224677             4890
   1834.1667708463558        7.8120386392862823E-007   33219706.399873372             4891
   1834.5418177272161        7.8093795914202547E-007   33219743.175538827             4892
   1834.9168646080759        7.8067224211573360E-007   33219779.936230190             4893
   1835.2919114889362        7.8040671267933098E-007   33219816.681956615             4894
   1835.6669583697962        7.8014137065962054E-007   33219853.412727226             4895
   1836.0420052506563        7.7987621588544658E-007   33219890.128551155             4896
   1836.4170521315166        7.7961124818751124E-007   33219926.829437528             4897
   1836.7920990123762        7.7934646739346078E-007   33219963.515395455             4898
   1837.1671458932367        7.7908187333267450E-007   33220000.186434045             4899
   1837.5421927740970        7.7881746583447166E-007   33220036.842562392             4900
   1837.9172396549566        7.7855324472971100E-007   33220073.483789593             4901
   1838.2922865358171        7.7828920984859208E-007   33220110.110124733             4902
   1838.6673334166771        7.7802536101881132E-007   33220146.721576888             4903
   1839.0423802975370        7.7776169807352867E-007   33220183.318155121             4904
   1839.4174271783975        7.7749822084159708E-007   33220219.899868503             4905
   1839.7924740592575        7.7723492915315247E-007   33220256.466726083             4906
   1840.1675209401174        7.7697182284095040E-007   33220293.018736910             4907
   1840.5425678209779        7.7670890173533504E-007   33220329.555910025             4908
   1840.9176147018375        7.7644616566609279E-007   33220366.078254465             4909
   1841.2926615826977        7.7618361446739356E-007   33220402.585779250             4910
   1841.6677084635583        7.7592124796837110E-007   33220439.078493398             4911
   1842.0427553444179        7.7565906600205109E-007   33220475.556405928             4912
   1842.4178022252781        7.7539706840052024E-007   33220512.019525830             4913
   1842.7928491061382        7.7513525499615530E-007   33220548.467862114             4914
   1843.1678959869982        7.7487362561990109E-007   33220584.901423760             4915
   1843.5429428678585        7.7461218010559101E-007   33220621.320219748             4916
   1843.9179897487184        7.7435091828738599E-007   33220657.724259056             4917
   1844.2930366295786        7.7408983999551636E-007   33220694.113550659             4918
   1844.6680835104389        7.7382894506363195E-007   33220730.488103509             4919
   1845.0431303912987        7.7356823332668373E-007   33220766.847926557             4920
   1845.4181772721590        7.7330770461714827E-007   33220803.193028748             4921
   1845.7932241530193        7.7304735876977846E-007   33220839.523419023             4922
   1846.1682710338791        7.7278719561705457E-007   33220875.839106314             4923
   1846.5433179147394        7.7252721499369210E-007   33220912.140099540             4924
   1846.9183647955995        7.7226741673365723E-007   33220948.426407628             4925
   1847.2934116764595        7.7200780067182906E-007   33220984.698039476             4926
   1847.6684585573198        7.7174836664215607E-007   33221020.955003988             4927
   1848.0435054381794        7.7148911448160064E-007   33221057.197310064             4928
   1848.4185523190399        7.7123004402203774E-007   33221093.424966585             4929
   1848.7935991999002        7.7097115510109591E-007   33221129.637982439             4930
   1849.1686460807598        7.7071244755443688E-007   33221165.836366493             4931
   1849.5436929616203        7.7045392121467330E-007   33221202.020127617             4932
   1849.9187398424804        7.7019557592072946E-007   33221238.189274665             4933
   1850.2937867233402        7.6993741150698914E-007   33221274.343816493             4934
   1850.6688336042007        7.6967942781082677E-007   33221310.483761948             4935
   1851.0438804850608        7.6942162466677976E-007   33221346.609119862             4936
   1851.4189273659206        7.6916400191279621E-007   33221382.719899066             4937
   1851.7939742467811        7.6890655938492696E-007   33221418.816108387             4938
   1852.1690211276407        7.6864929692035342E-007   33221454.897756640             4939
   1852.5440680085010        7.6839221435562885E-007   33221490.964852631             4940
   1852.9191148893615        7.6813531152816399E-007   33221527.017405163             4941
   1853.2941617702211        7.6787858827614399E-007   33221563.055423036             4942
   1853.6692086510814        7.6762204443694405E-007   33221599.078915030             4943
   1854.0442555319414        7.6736567984736378E-007   33221635.087889932             4944
   1854.4193024128015        7.6710949434613722E-007   33221671.082356513             4945
   1854.7943492936618        7.6685348777174248E-007   33221707.062323537             4946
   1855.1693961745216        7.6659765996185999E-007   33221743.027799767             4947
   1855.5444430553819        7.6634201075546340E-007   33221778.978793953             4948
   1855.9194899362424        7.6608653999098232E-007   33221814.915314846             4949
   1856.2945368171020        7.6583124750742450E-007   33221850.837371171             4950
   1856.6695836979623        7.6557613314322835E-007   33221886.744971674             4951
   1857.0446305788228        7.6532119673855621E-007   33221922.638125073             4952
   1857.4196774596824        7.6506643813299593E-007   33221958.516840085             4953
   1857.7947243405426        7.6481185716508459E-007   33221994.381125420             4954
   1858.1697712214027        7.6455745367565826E-007   33222030.230989784             4955
   1858.5448181022628        7.6430322750433410E-007   33222066.066441868             4956
   1858.9198649831230        7.6404917849164238E-007   33222101.887490366             4957
   1859.2949118639826        7.6379530647701318E-007   33222137.694143958             4958
   1859.6699587448431        7.6354161130032309E-007   33222173.486411326             4959
   1860.0450056257034        7.6328809280445934E-007   33222209.264301125             4960
   1860.4200525065630        7.6303475082896001E-007   33222245.027822025             4961
   1860.7950993874235        7.6278158521457593E-007   33222280.776982680             4962
   1861.1701462682836        7.6252859580308207E-007   33222316.511791736             4963
   1861.5451931491434        7.6227578243539655E-007   33222352.232257836             4964
   1861.9202400300039        7.6202314495354052E-007   33222387.938389603             4965
   1862.2952869108640        7.6177068319941539E-007   33222423.630195677             4966
   1862.6703337917238        7.6151839701460609E-007   33222459.307684675             4967
   1863.0453806725843        7.6126628624159192E-007   33222494.970865205             4968
   1863.4204275534439        7.6101435072269376E-007   33222530.619745877             4969
   1863.7954744343044        7.6076259029971119E-007   33222566.254335284             4970
   1864.1705213151647        7.6051100481527838E-007   33222601.874642026             4971
   1864.5455681960243        7.6025959411247371E-007   33222637.480674684             4972
   1864.9206150768848        7.6000835803431792E-007   33222673.072441839             4973
   1865.2956619577446        7.5975729642342892E-007   33222708.649952058             4974
   1865.6707088386047        7.5950640912544743E-007   33222744.213213906             4975
   1866.0457557194652        7.5925569598004230E-007   33222779.762235943             4976
   1866.4208026003248        7.5900515683468810E-007   33222815.297026720             4977
   1866.7958494811851        7.5875479153073481E-007   33222850.817594785             4978
   1867.1708963620456        7.5850459991303807E-007   33222886.323948666             4979
   1867.5459432429052        7.5825458182552043E-007   33222921.816096902             4980
   1867.9209901237655        7.5800473711259960E-007   33222957.294048011             4981
   1868.2960370046255        7.5775506561988817E-007   33222992.757810511             4982
   1868.6710838854856        7.5750556719072792E-007   33223028.207392909             4983
   1869.0461307663459        7.5725624166993542E-007   33223063.642803714             4984
   1869.4211776472059        7.5700708890466401E-007   33223099.064051419             4985
   1869.7962245280660        7.5675810873691229E-007   33223134.471144516             4986
   1870.1712714089263        7.5650930101527660E-007   33223169.864091486             4987
   1870.5463182897861        7.5626066558272320E-007   33223205.242900800             4988
   1870.9213651706464        7.5601220228728260E-007   33223240.607580937             4989
   1871.2964120515066        7.5576391097357510E-007   33223275.958140355             4990
   1871.6714589323665        7.5551579148708493E-007   33223311.294587504             4991
   1872.0465058132268        7.5526784367625472E-007   33223346.616930842             4992
   1872.4215526940868        7.5502006738556212E-007   33223381.925178807             4993
   1872.7965995749469        7.5477246246205659E-007   33223417.219339836             4994
   1873.1716464558071        7.5452502875302943E-007   33223452.499422356             4995
   1873.5466933366667        7.5427776610428844E-007   33223487.765434787             4996
   1873.9217402175273        7.5403067436434677E-007   33223523.017385550             4997
   1874.2967870983875        7.5378375338052757E-007   33223558.255283047             4998
   1874.6718339792471        7.5353700299904936E-007   33223593.479135681             4999
   1875.0468808601076        7.5329042306841542E-007   33223628.688951854             5000
   1875.4219277409679        7.5304401343612247E-007   33223663.884739947             5001
   1875.7969746218275        7.5279777394977602E-007   33223699.066508345             5002
   1876.1720215026880        7.5255170445935405E-007   33223734.234265421             5003
   1876.5470683835479        7.5230580481068461E-007   33223769.388019547             5004
   1876.9221152644079        7.5206007485391475E-007   33223804.527779084             5005
   1877.2971621452684        7.5181451443696108E-007   33223839.653552383             5006
   1877.6722090261280        7.5156912340819867E-007   33223874.765347794             5007
   1878.0472559069883        7.5132390161800127E-007   33223909.863173664             5008
   1878.4223027878488        7.5107884891422259E-007   33223944.947038319             5009
   1878.7973496687084        7.5083396514744148E-007   33223980.016950097             5010
   1879.1723965495687        7.5058925016581150E-007   33224015.072917320             5011
   1879.5474434304288        7.5034470381884157E-007   33224050.114948295             5012
   1879.9224903112888        7.5010032595808113E-007   33224085.143051334             5013
   1880.2975371921491        7.4985611643273702E-007   33224120.157234743             5014
   1880.6725840730091        7.4961207509244556E-007   33224155.157506812             5015
   1881.0476309538692        7.4936820178683138E-007   33224190.143875834             5016
   1881.4226778347295        7.4912449636807582E-007   33224225.116350088             5017
   1881.7977247155893        7.4888095868658511E-007   33224260.074937850             5018
   1882.1727715964496        7.4863758859184394E-007   33224295.019647390             5019
   1882.5478184773099        7.4839438593548645E-007   33224329.950486973             5020
   1882.9228653581697        7.4815135056988399E-007   33224364.867464855             5021
   1883.2979122390300        7.4790848234436922E-007   33224399.770589285             5022
   1883.6729591198900        7.4766578111121132E-007   33224434.659868501             5023
   1884.0480060007501        7.4742324672225004E-007   33224469.535310745             5024
   1884.4230528816104        7.4718087902990324E-007   33224504.396924246             5025
   1884.7980997624700        7.4693867788504314E-007   33224539.244717229             5026
   1885.1731466433305        7.4669664313928619E-007   33224574.078697901             5027
   1885.5481935241908        7.4645477464691551E-007   33224608.898874484             5028
   1885.9232404050504        7.4621307225796636E-007   33224643.705255177             5029
   1886.2982872859109        7.4597153582744585E-007   33224678.497848179             5030
   1886.6733341667712        7.4573016520697923E-007   33224713.276661683             5031
   1887.0483810476308        7.4548896024883157E-007   33224748.041703865             5032
   1887.4234279284913        7.4524792080750484E-007   33224782.792982906             5033
   1887.7984748093511        7.4500704673499654E-007   33224817.530506983             5034
   1888.1735216902111        7.4476633788533876E-007   33224852.254284263             5035
   1888.5485685710717        7.4452579411188691E-007   33224886.964322891             5036
   1888.9236154519313        7.4428541526895535E-007   33224921.660631027             5037
   1889.2986623327915        7.4404520121046858E-007   33224956.343216822             5038
   1889.6737092136520        7.4380515178936761E-007   33224991.012088407             5039
   1890.0487560945116        7.4356526686042545E-007   33225025.667253915             5040
   1890.4238029753719        7.4332554627888185E-007   33225060.308721479             5041
   1890.7988498562320        7.4308598989814400E-007   33225094.936499212             5042
   1891.1738967370920        7.4284659757417108E-007   33225129.550595231             5043
   1891.5489436179523        7.4260736916036921E-007   33225164.151017644             5044
   1891.9239904988124        7.4236830451249558E-007   33225198.737774547             5045
   1892.2990373796724        7.4212940348497538E-007   33225233.310874037             5046
   1892.6740842605327        7.4189066593524493E-007   33225267.870324202             5047
   1893.0491311413925        7.4165209171604670E-007   33225302.416133124             5048
   1893.4241780222528        7.4141368068530384E-007   33225336.948308874             5049
   1893.7992249031131        7.4117543269867716E-007   33225371.466859527             5050
   1894.1742717839729        7.4093734761037779E-007   33225405.971793137             5051
   1894.5493186648332        7.4069942527815047E-007   33225440.463117771             5052
   1894.9243655456933        7.4046166555724583E-007   33225474.940841466             5053
   1895.2994124265533        7.4022406830463845E-007   33225509.404972278             5054
   1895.6744593074136        7.3998663337696154E-007   33225543.855518233             5055
   1896.0495061882732        7.3974936063073260E-007   33225578.292487368             5056
   1896.4245530691337        7.3951224992352218E-007   33225612.715887707             5057
   1896.7995999499940        7.3927530111250550E-007   33225647.125727266             5058
   1897.1746468308536        7.3903851405382353E-007   33225681.522014059             5059
   1897.5496937117141        7.3880188860552489E-007   33225715.904756088             5060
   1897.9247405925739        7.3856542462450209E-007   33225750.273961354             5061
   1898.2997874734340        7.3832912196947406E-007   33225784.629637849             5062
   1898.6748343542945        7.3809298049887564E-007   33225818.971793558             5063
   1899.0498812351543        7.3785700006819297E-007   33225853.300436463             5064
   1899.4249281160144        7.3762118053881026E-007   33225887.615574539             5065
   1899.7999749968749        7.3738552176669814E-007   33225921.917215750             5066
   1900.1750218777345        7.3715002361058474E-007   33225956.205368061             5067
   1900.5500687585948        7.3691468592985858E-007   33225990.480039425             5068
   1900.9251156394553        7.3667950858301952E-007   33226024.741237793             5069
   1901.3001625203149        7.3644449142981002E-007   33226058.988971103             5070
   1901.6752094011752        7.3620963432774717E-007   33226093.223247297             5071
   1902.0502562820352        7.3597493713697471E-007   33226127.444074307             5072
   1902.4253031628953        7.3574039971738567E-007   33226161.651460044             5073
   1902.8003500437555        7.3550602192743174E-007   33226195.845412441             5074
   1903.1753969246154        7.3527180362756086E-007   33226230.025939398             5075
   1903.5504438054757        7.3503774467827833E-007   33226264.193048824             5076
   1903.9254906863359        7.3480384493790286E-007   33226298.346748620             5077
   1904.3005375671958        7.3457010426813781E-007   33226332.487046678             5078
   1904.6755844480560        7.3433652252872361E-007   33226366.613950882             5079
   1905.0506313289163        7.3410309958024638E-007   33226400.727469116             5080
   1905.4256782097762        7.3386983528249748E-007   33226434.827609252             5081
   1905.8007250906364        7.3363672949737615E-007   33226468.914379157             5082
   1906.1757719714965        7.3340378208655554E-007   33226502.987786699             5083
   1906.5508188523565        7.3317099290849233E-007   33226537.047839724             5084
   1906.9258657332168        7.3293836182738933E-007   33226571.094546087             5085
   1907.3009126140764        7.3270588870273598E-007   33226605.127913631             5086
   1907.6759594949369        7.3247357339660776E-007   33226639.147950191             5087
   1908.0510063757972        7.3224141577096944E-007   33226673.154663607             5088
   1908.4260532566568        7.3200941568632369E-007   33226707.148061696             5089
   1908.8011001375173        7.3177757300748617E-007   33226741.128152277             5090
   1909.1761470183772        7.3154588759334077E-007   33226775.094943166             5091
   1909.5511938992372        7.3131435930847922E-007   33226809.048442170             5092
   1909.9262407800977        7.3108298801497299E-007   33226842.988657083             5093
   1910.3012876609575        7.3085177357428435E-007   33226876.915595703             5094
   1910.6763345418176        7.3062071585075715E-007   33226910.829265818             5095
   1911.0513814226781        7.3038981470596631E-007   33226944.729675218             5096
   1911.4264283035377        7.3015907000382423E-007   33226978.616831668             5097
   1911.8014751843980        7.2992848160763938E-007   33227012.490742944             5098
   1912.1765220652585        7.2969804937882298E-007   33227046.351416808             5099
   1912.5515689461181        7.2946777318368074E-007   33227080.198861018             5100
   1912.9266158269784        7.2923765288389968E-007   33227114.033083323             5101
   1913.3016627078384        7.2900768834478049E-007   33227147.854091480             5102
   1913.6767095886985        7.2877787942832352E-007   33227181.661893219             5103
   1914.0517564695588        7.2854822599984745E-007   33227215.456496276             5104
   1914.4268033504186        7.2831872792406026E-007   33227249.237908378             5105
   1914.8018502312789        7.2808938506431870E-007   33227283.006137248             5106
   1915.1768971121392        7.2786019728555554E-007   33227316.761190597             5107
   1915.5519439929990        7.2763116445306596E-007   33227350.503076140             5108
   1915.9269908738593        7.2740228643076691E-007   33227384.231801581             5109
   1916.3020377547195        7.2717356308339762E-007   33227417.947374616             5110
   1916.6770846355794        7.2694499427727510E-007   33227451.649802934             5111
   1917.0521315164397        7.2671657987656641E-007   33227485.339094225             5112
   1917.4271783972997        7.2648831974820382E-007   33227519.015256166             5113
   1917.8022252781598        7.2626021375566797E-007   33227552.678296432             5114
   1918.1772721590200        7.2603226176509060E-007   33227586.328222688             5115
   1918.5523190398796        7.2580446364435606E-007   33227619.965042599             5116
   1918.9273659207402        7.2557681925747024E-007   33227653.588763814             5117
   1919.3024128016004        7.2534932847030855E-007   33227687.199393991             5118
   1919.6774596824600        7.2512199115118849E-007   33227720.796940770             5119
   1920.0525065633205        7.2489480716409563E-007   33227754.381411795             5120
   1920.4275534441806        7.2466777637757269E-007   33227787.952814687             5121
   1920.8026003250404        7.2444089865806860E-007   33227821.511157081             5122
   1921.1776472059009        7.2421417387056781E-007   33227855.056446590             5123
   1921.5526940867610        7.2398760188467815E-007   33227888.588690829             5124
   1921.9277409676208        7.2376118256597806E-007   33227922.107897412             5125
   1922.3027878484813        7.2353491578258841E-007   33227955.614073936             5126
   1922.6778347293409        7.2330880140112545E-007   33227989.107228000             5127
   1923.0528816102012        7.2308283928886768E-007   33228022.587367196             5128
   1923.4279284910617        7.2285702931489612E-007   33228056.054499101             5129
   1923.8029753719213        7.2263137134681981E-007   33228089.508631304             5130
   1924.1780222527816        7.2240586525132574E-007   33228122.949771371             5131
   1924.5530691336417        7.2218051089772900E-007   33228156.377926871             5132
   1924.9281160145017        7.2195530815502504E-007   33228189.793105364             5133
   1925.3031628953620        7.2173025688991512E-007   33228223.195314407             5134
   1925.6782097762218        7.2150535697143990E-007   33228256.584561545             5135
   1926.0532566570821        7.2128060826909490E-007   33228289.960854329             5136
   1926.4283035379424        7.2105601065178651E-007   33228323.324200287             5137
   1926.8033504188022        7.2083156398767873E-007   33228356.674606960             5138
   1927.1783972996625        7.2060726814524067E-007   33228390.012081869             5139
   1927.5534441805228        7.2038312299649233E-007   33228423.336632531             5140
   1927.9284910613826        7.2015912840829145E-007   33228456.648266464             5141
   1928.3035379422429        7.1993528425109717E-007   33228489.946991179             5142
   1928.6785848231029        7.1971159039419217E-007   33228523.232814174             5143
   1929.0536317039630        7.1948804670889415E-007   33228556.505742949             5144
   1929.4286785848233        7.1926465306346695E-007   33228589.765784994             5145
   1929.8037254656829        7.1904140932887451E-007   33228623.012947794             5146
   1930.1787723465434        7.1881831537500716E-007   33228656.247238830             5147
   1930.5538192274037        7.1859537107354811E-007   33228689.468665570             5148
   1930.9288661082633        7.1837257629308126E-007   33228722.677235484             5149
   1931.3039129891238        7.1814993090555236E-007   33228755.872956038             5150
   1931.6789598699838        7.1792743478136643E-007   33228789.055834688             5151
   1932.0540067508437        7.1770508779107007E-007   33228822.225878876             5152
   1932.4290536317042        7.1748288980706336E-007   33228855.383096054             5153
   1932.8041005125638        7.1726084069990590E-007   33228888.527493663             5154
   1933.1791473934240        7.1703894034036324E-007   33228921.659079134             5155
   1933.5541942742846        7.1681718860143347E-007   33228954.777859893             5156
   1933.9292411551442        7.1659558535312584E-007   33228987.883843359             5157
   1934.3042880360044        7.1637413046754567E-007   33229020.977036953             5158
   1934.6793349168649        7.1615282381848877E-007   33229054.057448085             5159
   1935.0543817977245        7.1593166527587078E-007   33229087.125084154             5160
   1935.4294286785848        7.1571065471208481E-007   33229120.179952566             5161
   1935.8044755594449        7.1548979200020413E-007   33229153.222060710             5162
   1936.1795224403049        7.1526907701318535E-007   33229186.251415975             5163
   1936.5545693211652        7.1504850962282039E-007   33229219.268025745             5164
   1936.9296162020250        7.1482808970192176E-007   33229252.271897387             5165
   1937.3046630828853        7.1460781712358400E-007   33229285.263038281             5166
   1937.6797099637456        7.1438769176087193E-007   33229318.241455786             5167
   1938.0547568446054        7.1416771348639126E-007   33229351.207157262             5168
   1938.4298037254657        7.1394788217414352E-007   33229384.160150062             5169
   1938.8048506063258        7.1372819769748255E-007   33229417.100441534             5170
   1939.1798974871858        7.1350865992998965E-007   33229450.028039020             5171
   1939.5549443680461        7.1328926874536850E-007   33229482.942949858             5172
   1939.9299912489062        7.1307002401674997E-007   33229515.845181379             5173
   1940.3050381297662        7.1285092561969201E-007   33229548.734740905             5174
   1940.6800850106265        7.1263197342664097E-007   33229581.611635759             5175
   1941.0551318914861        7.1241316731224182E-007   33229614.475873251             5176
   1941.4301787723466        7.1219450715203015E-007   33229647.327460688             5177
   1941.8052256532069        7.1197599281920725E-007   33229680.166405372             5178
   1942.1802725340665        7.1175762418935170E-007   33229712.992714606             5179
   1942.5553194149270        7.1153940113683624E-007   33229745.806395676             5180
   1942.9303662957871        7.1132132353630264E-007   33229778.607455876             5181
   1943.3054131766469        7.1110339126330662E-007   33229811.395902477             5182
   1943.6804600575074        7.1088560419205701E-007   33229844.171742756             5183
   1944.0555069383670        7.1066796219908098E-007   33229876.934983980             5184
   1944.4305538192273        7.1045046515990278E-007   33229909.685633417             5185
   1944.8056007000878        7.1023311294936579E-007   33229942.423698321             5186
   1945.1806475809474        7.1001590544335904E-007   33229975.149185941             5187
   1945.5556944618077        7.0979884251747074E-007   33230007.862103533             5188
   1945.9307413426682        7.0958192404860479E-007   33230040.562458329             5189
   1946.3057882235278        7.0936514991159098E-007   33230073.250257567             5190
   1946.6808351043881        7.0914851998468390E-007   33230105.925508477             5191
   1947.0558819852481        7.0893203414229248E-007   33230138.588218283             5192
   1947.4309288661082        7.0871569226149755E-007   33230171.238394205             5193
   1947.8059757469684        7.0849949421907950E-007   33230203.876043450             5194
   1948.1810226278283        7.0828343989224007E-007   33230236.501173235             5195
   1948.5560695086886        7.0806752915746533E-007   33230269.113790758             5196
   1948.9311163895488        7.0785176189230449E-007   33230301.713903215             5197
   1949.3061632704087        7.0763613797306321E-007   33230334.301517799             5198
   1949.6812101512689        7.0742065727714989E-007   33230366.876641694             5199
   1950.0562570321290        7.0720531968212517E-007   33230399.439282078             5200
   1950.4313039129891        7.0699012506687149E-007   33230431.989446133             5201
   1950.8063507938493        7.0677507330703827E-007   33230464.527141020             5202
   1951.1813976747094        7.0656016428180877E-007   33230497.052373905             5203
   1951.5564445555694        7.0634539786883955E-007   33230529.565151948             5204
   1951.9314914364297        7.0613077394595489E-007   33230562.065482300             5205
   1952.3065383172893        7.0591629239156312E-007   33230594.553372107             5206
   1952.6815851981498        7.0570195308401451E-007   33230627.028828513             5207
   1953.0566320790101        7.0548775590156218E-007   33230659.491858650             5208
   1953.4316789598697        7.0527370072302546E-007   33230691.942469656             5209
   1953.8067258407302        7.0505978742746837E-007   33230724.380668651             5210
   1954.1817727215903        7.0484601589334020E-007   33230756.806462757             5211
   1954.5568196024501        7.0463238599965690E-007   33230789.219859086             5212
   1954.9318664833106        7.0441889762563434E-007   33230821.620864753             5213
   1955.3069133641702        7.0420555065104539E-007   33230854.009486850             5214
   1955.6819602450305        7.0399234495410768E-007   33230886.385732487             5215
   1956.0570071258910        7.0377928041504599E-007   33230918.749608748             5216
   1956.4320540067506        7.0356635691375792E-007   33230951.101122722             5217
   1956.8071008876109        7.0335357432958873E-007   33230983.440281499             5218
   1957.1821477684714        7.0314093254178242E-007   33231015.767092142             5219
   1957.5571946493310        7.0292843143241242E-007   33231048.081561729             5220
   1957.9322415301913        7.0271607087965475E-007   33231080.383697331             5221
   1958.3072884110513        7.0250385076394350E-007   33231112.673505999             5222
   1958.6823352919114        7.0229177096689355E-007   33231144.950994793             5223
   1959.0573821727717        7.0207983136842018E-007   33231177.216170762             5224
   1959.4324290536315        7.0186803184893134E-007   33231209.469040945             5225
   1959.8074759344918        7.0165637228853480E-007   33231241.709612388             5226
   1960.1825228153523        7.0144485257038895E-007   33231273.937892117             5227
   1960.5575696962119        7.0123347257268737E-007   33231306.153887168             5228
   1960.9326165770722        7.0102223217880591E-007   33231338.357604560             5229
   1961.3076634579322        7.0081113126947248E-007   33231370.549051311             5230
   1961.6827103387923        7.0060016972563120E-007   33231402.728234429             5231
   1962.0577572196526        7.0038934742872954E-007   33231434.895160925             5232
   1962.4328041005122        7.0017866426164296E-007   33231467.049837798             5233
   1962.8078509813727        6.9996812010420162E-007   33231499.192272045             5234
   1963.1828978622329        6.9975771484022596E-007   33231531.322470654             5235
   1963.5579447430925        6.9954744835085110E-007   33231563.440440618             5236
   1963.9329916239531        6.9933732051775406E-007   33231595.546188910             5237
   1964.3080385048133        6.9912733122413767E-007   33231627.639722504             5238
   1964.6830853856729        6.9891748035204836E-007   33231659.721048370             5239
   1965.0581322665334        6.9870776778484187E-007   33231691.790173475             5240
   1965.4331791473935        6.9849819340389270E-007   33231723.847104777             5241
   1965.8082260282533        6.9828875709196303E-007   33231755.891849227             5242
   1966.1832729091138        6.9807945873372001E-007   33231787.924413774             5243
   1966.5583197899734        6.9787029820936723E-007   33231819.944805361             5244
   1966.9333666708339        6.9766127540534236E-007   33231851.953030925             5245
   1967.3084135516942        6.9745239020214206E-007   33231883.949097402             5246
   1967.6834604325538        6.9724364248499708E-007   33231915.933011718             5247
   1968.0585073134143        6.9703503213568724E-007   33231947.904780794             5248
   1968.4335541942742        6.9682655903962636E-007   33231979.864411540             5249
   1968.8086010751342        6.9661822308048228E-007   33232011.811910875             5250
   1969.1836479559947        6.9641002414038868E-007   33232043.747285701             5251
   1969.5586948368546        6.9620196210525647E-007   33232075.670542926             5252
   1969.9337417177146        6.9599403685882730E-007   33232107.581689436             5253
   1970.3087885985751        6.9578624828420905E-007   33232139.480732128             5254
   1970.6838354794347        6.9557859626705162E-007   33232171.367677886             5255
   1971.0588823602950        6.9537108069113014E-007   33232203.242533587             5256
   1971.4339292411555        6.9516370144200960E-007   33232235.105306111             5257
   1971.8089761220151        6.9495645840315384E-007   33232266.956002321             5258
   1972.1840230028754        6.9474935146083926E-007   33232298.794629086             5259
   1972.5590698837354        6.9454238049847950E-007   33232330.621193264             5260
   1972.9341167645955        6.9433554540228818E-007   33232362.435701702             5261
   1973.3091636454558        6.9412884605733818E-007   33232394.238161255             5262
   1973.6842105263156        6.9392228234896855E-007   33232426.028578773             5263
   1974.0592574071759        6.9371585416280655E-007   33232457.806961086             5264
   1974.4343042880362        6.9350956138366544E-007   33232489.573315028             5265
   1974.8093511688960        6.9330340389883553E-007   33232521.327647425             5266
   1975.1843980497563        6.9309738159206238E-007   33232553.069965102             5267
   1975.5594449306166        6.9289149435024709E-007   33232584.800274879             5268
   1975.9344918114764        6.9268574206086927E-007   33232616.518583562             5269
   1976.3095386923367        6.9248012460790384E-007   33232648.224897970             5270
   1976.6845855731967        6.9227464187877238E-007   33232679.919224892             5271
   1977.0596324540568        6.9206929376010493E-007   33232711.601571135             5272
   1977.4346793349171        6.9186408013768291E-007   33232743.271943484             5273
   1977.8097262157767        6.9165900089909065E-007   33232774.930348732             5274
   1978.1847730966372        6.9145405592987039E-007   33232806.576793652             5275
   1978.5598199774975        6.9124924511865170E-007   33232838.211285032             5276
   1978.9348668583571        6.9104456835115045E-007   33232869.833829634             5277
   1979.3099137392176        6.9084002551503917E-007   33232901.444434229             5278
   1979.6849606200774        6.9063561649744713E-007   33232933.043105572             5279
   1980.0600075009374        6.9043134118601062E-007   33232964.629850429             5280
   1980.4350543817980        6.9022719946747681E-007   33232996.204675540             5281
   1980.8101012626578        6.9002319123018408E-007   33233027.767587658             5282
   1981.1851481435178        6.8981931636166255E-007   33233059.318593524             5283
   1981.5601950243783        6.8961557474995883E-007   33233090.857699871             5284
   1981.9352419052379        6.8941196628271484E-007   33233122.384913430             5285
   1982.3102887860982        6.8920849084855707E-007   33233153.900240932             5286
   1982.6853356669587        6.8900514833594325E-007   33233185.403689086             5287
   1983.0603825478183        6.8880193863113168E-007   33233216.895264618             5288
   1983.4354294286786        6.8859886162530996E-007   33233248.374974232             5289
   1983.8104763095387        6.8839591720509607E-007   33233279.842824638             5290
   1984.1855231903987        6.8819310526030689E-007   33233311.298822530             5291
   1984.5605700712590        6.8799042567867606E-007   33233342.742974609             5292
   1984.9356169521188        6.8778787835080280E-007   33233374.175287563             5293
   1985.3106638329791        6.8758546316363023E-007   33233405.595768075             5294
   1985.6857107138394        6.8738318000782272E-007   33233437.004422829             5295
   1986.0607575946992        6.8718102877209357E-007   33233468.401258495             5296
   1986.4358044755595        6.8697900934569101E-007   33233499.786281750             5297
   1986.8108513564198        6.8677712161870521E-007   33233531.159499250             5298
   1987.1858982372796        6.8657536548004101E-007   33233562.520917665             5299
   1987.5609451181399        6.8637374081999781E-007   33233593.870543644             5300
   1987.9359919990000        6.8617224752767358E-007   33233625.208383836             5301
   1988.3110388798600        6.8597088549393459E-007   33233656.534444891             5302
   1988.6860857607203        6.8576965460797536E-007   33233687.848733444             5303
   1989.0611326415799        6.8556855476063676E-007   33233719.151256133             5304
   1989.4361795224404        6.8536758584232268E-007   33233750.442019586             5305
   1989.8112264033007        6.8516674774270082E-007   33233781.721030433             5306
   1990.1862732841603        6.8496604035286361E-007   33233812.988295287             5307
   1990.5613201650208        6.8476546356274758E-007   33233844.243820768             5308
   1990.9363670458806        6.8456501726464837E-007   33233875.487613484             5309
   1991.3114139267407        6.8436470134741790E-007   33233906.719680037             5310
   1991.6864608076012        6.8416451570359731E-007   33233937.940027036             5311
   1992.0615076884610        6.8396446022455899E-007   33233969.148661070             5312
   1992.4365545693211        6.8376453480016790E-007   33234000.345588729             5313
   1992.8116014501816        6.8356473932194568E-007   33234031.530816600             5314
   1993.1866483310412        6.8336507368178511E-007   33234062.704351261             5315
   1993.5616952119015        6.8316553777077373E-007   33234093.866199289             5316
   1993.9367420927620        6.8296613148189475E-007   33234125.016367260             5317
   1994.3117889736216        6.8276685470555525E-007   33234156.154861730             5318
   1994.6868358544818        6.8256770733413882E-007   33234187.281689264             5319
   1995.0618827353419        6.8236868925953486E-007   33234218.396856423             5320
   1995.4369296162020        6.8216980037403952E-007   33234249.500369754             5321
   1995.8119764970622        6.8197104056925153E-007   33234280.592235800             5322
   1996.1870233779221        6.8177240973829938E-007   33234311.672461107             5323
   1996.5620702587823        6.8157390777334126E-007   33234342.741052207             5324
   1996.9371171396426        6.8137553456688085E-007   33234373.798015632             5325
   1997.3121640205025        6.8117729001199158E-007   33234404.843357906             5326
   1997.6872109013627        6.8097917400086595E-007   33234435.877085552             5327
   1998.0622577822228        6.8078118642647087E-007   33234466.899205092             5328
   1998.4373046630828        6.8058332718253642E-007   33234497.909723032             5329
   1998.8123515439431        6.8038559616149142E-007   33234528.908645879             5330
   1999.1873984248032        6.8018799325572955E-007   33234559.895980142             5331
   1999.5624453056632        6.7999051836075362E-007   33234590.871732313             5332
   1999.9374921865235        6.7979317136871433E-007   33234621.835908886             5333
   2000.3125390673831        6.7959595217341142E-007   33234652.788516346             5334
   2000.6875859482436        6.7939886066816024E-007   33234683.729561172             5335
   2001.0626328291039        6.7920189674679876E-007   33234714.659049846             5336
   2001.4376797099635        6.7900506030423361E-007   33234745.576988846             5337
   2001.8127265908240        6.7880835123330302E-007   33234776.483384632             5338
   2002.1877734716838        6.7861176942818497E-007   33234807.378243670             5339
   2002.5628203525439        6.7841531478314877E-007   33234838.261572417             5340
   2002.9378672334044        6.7821898719365637E-007   33234869.133377332             5341
   2003.3129141142640        6.7802278655259167E-007   33234899.993664861             5342
   2003.6879609951243        6.7782671275533931E-007   33234930.842441447             5343
   2004.0630078759848        6.7763076569699184E-007   33234961.679713525             5344
   2004.4380547568444        6.7743494527136161E-007   33234992.505487539             5345
   2004.8131016377047        6.7723925137400933E-007   33235023.319769915             5346
   2005.1881485185652        6.7704368389919514E-007   33235054.122567073             5347
   2005.5631953994248        6.7684824274272582E-007   33235084.913885437             5348
   2005.9382422802851        6.7665292779906488E-007   33235115.693731423             5349
   2006.3132891611451        6.7645773896473041E-007   33235146.462111440             5350
   2006.6883360420052        6.7626267613452970E-007   33235177.219031893             5351
   2007.0633829228655        6.7606773920339701E-007   33235207.964499187             5352
   2007.4384298037253        6.7587292806777525E-007   33235238.698519707             5353
   2007.8134766845856        6.7567824262310359E-007   33235269.421099856             5354
   2008.1885235654458        6.7548368276523310E-007   33235300.132246017             5355
   2008.5635704463057        6.7528924839069213E-007   33235330.831964567             5356
   2008.9386173271660        6.7509493939362941E-007   33235361.520261891             5357
   2009.3136642080260        6.7490075567284716E-007   33235392.197144356             5358
   2009.6887110888861        6.7470669712255817E-007   33235422.862618335             5359
   2010.0637579697463        6.7451276364077999E-007   33235453.516690191             5360
   2010.4388048506064        6.7431895512300770E-007   33235484.159366272             5361
   2010.8138517314665        6.7412527146559825E-007   33235514.790652942             5362
   2011.1888986123267        6.7393171256663557E-007   33235545.410556547             5363
   2011.5639454931863        6.7373827832107128E-007   33235576.019083425             5364
   2011.9389923740468        6.7354496862748323E-007   33235606.616239924             5365
   2012.3140392549071        6.7335178338208459E-007   33235637.202032376             5366
   2012.6890861357667        6.7315872248234201E-007   33235667.776467104             5367
   2013.0641330166272        6.7296578582491981E-007   33235698.339550443             5368
   2013.4391798974871        6.7277297330706537E-007   33235728.891288709             5369
   2013.8142267783471        6.7258028482810756E-007   33235759.431688219             5370
   2014.1892736592076        6.7238772028357428E-007   33235789.960755281             5371
   2014.5643205400672        6.7219527957122073E-007   33235820.478496205             5372
   2014.9393674209275        6.7200296259014949E-007   33235850.984917291             5373
   2015.3144143017880        6.7181076923755543E-007   33235881.480024833             5374
   2015.6894611826476        6.7161869941133838E-007   33235911.963825133             5375
   2016.0645080635079        6.7142675300915738E-007   33235942.436324466             5376
   2016.4395549443684        6.7123492993031460E-007   33235972.897529125             5377
   2016.8146018252280        6.7104323007191164E-007   33236003.347445384             5378
   2017.1896487060883        6.7085165333316364E-007   33236033.786079518             5379
   2017.5646955869483        6.7066019961255891E-007   33236064.213437799             5380
   2017.9397424678084        6.7046886880865178E-007   33236094.629526488             5381
   2018.3147893486687        6.7027766081972463E-007   33236125.034351844             5382
   2018.6898362295285        6.7008657554447538E-007   33236155.427920122             5383
   2019.0648831103888        6.6989561288249377E-007   33236185.810237575             5384
   2019.4399299912491        6.6970477273267373E-007   33236216.181310445             5385
   2019.8149768721089        6.6951405499364033E-007   33236246.541144978             5386
   2020.1900237529692        6.6932345956554501E-007   33236276.889747411             5387
   2020.5650706338292        6.6913298634645965E-007   33236307.227123976             5388
   2020.9401175146893        6.6894263523731516E-007   33236337.553280894             5389
   2021.3151643955496        6.6875240613636986E-007   33236367.868224397             5390
   2021.6902112764096        6.6856229894418971E-007   33236398.171960697             5391
   2022.0652581572697        6.6837231356039432E-007   33236428.464496005             5392
   2022.4403050381300        6.6818244988446744E-007   33236458.745836537             5393
   2022.8153519189896        6.6799270781579650E-007   33236489.015988495             5394
   2023.1903987998501        6.6780308725556483E-007   33236519.274958078             5395
   2023.5654456807104        6.6761358810430493E-007   33236549.522751480             5396
   2023.9404925615700        6.6742421026017062E-007   33236579.759374894             5397
   2024.3155394424305        6.6723495362580975E-007   33236609.984834507             5398
   2024.6905863232905        6.6704581810053318E-007   33236640.199136499             5399
   2025.0656332041503        6.6685680358516416E-007   33236670.402287051             5400
   2025.4406800850109        6.6666790998046770E-007   33236700.594292328             5401
   2025.8157269658705        6.6647913718742247E-007   33236730.775158502             5402
   2026.1907738467307        6.6629048510569370E-007   33236760.944891736             5403
   2026.5658207275912        6.6610195363775276E-007   33236791.103498191             5404
   2026.9408676084508        6.6591354268409943E-007   33236821.250984021             5405
   2027.3159144893111        6.6572525214541317E-007   33236851.387355369             5406
   2027.6909613701712        6.6553708192434902E-007   33236881.512618393             5407
   2028.0660082510312        6.6534903192057710E-007   33236911.626779225             5408
   2028.4410551318915        6.6516110203731882E-007   33236941.729844000             5409
   2028.8161020127516        6.6497329217456659E-007   33236971.821818855             5410
   2029.1911488936116        6.6478560223522470E-007   33237001.902709909             5411
   2029.5661957744719        6.6459803212001739E-007   33237031.972523291             5412
   2029.9412426553317        6.6441058173174985E-007   33237062.031265121             5413
   2030.3162895361920        6.6422325097198893E-007   33237092.078941509             5414
   2030.6913364170523        6.6403603974272676E-007   33237122.115558565             5415
   2031.0663832979121        6.6384894794724922E-007   33237152.141122386             5416
   2031.4414301787724        6.6366197548603197E-007   33237182.155639086             5417
   2031.8164770596325        6.6347512226240959E-007   33237212.159114756             5418
   2032.1915239404925        6.6328838817863965E-007   33237242.151555479             5419
   2032.5665708213528        6.6310177313832781E-007   33237272.132967345             5420
   2032.9416177022124        6.6291527704294169E-007   33237302.103356447             5421
   2033.3166645830729        6.6272889979511907E-007   33237332.062728852             5422
   2033.6917114639332        6.6254264129843332E-007   33237362.011090636             5423
   2034.0667583447928        6.6235650145634935E-007   33237391.948447868             5424
   2034.4418052256533        6.6217048017122702E-007   33237421.874806609             5425
   2034.8168521065136        6.6198457734623174E-007   33237451.790172923             5426
   2035.1918989873732        6.6179879288423339E-007   33237481.694552865             5427
   2035.5669458682337        6.6161312668983117E-007   33237511.587952483             5428
   2035.9419927490937        6.6142757866591456E-007   33237541.470377825             5429
   2036.3170396299536        6.6124214871519028E-007   33237571.341834936             5430
   2036.6920865108141        6.6105683674268010E-007   33237601.202329852             5431
   2037.0671333916737        6.6087164265138310E-007   33237631.051868606             5432
   2037.4421802725340        6.6068656634549485E-007   33237660.890457228             5433
   2037.8172271533945        6.6050160772939381E-007   33237690.718101740             5434
   2038.1922740342541        6.6031676670627057E-007   33237720.534808159             5435
   2038.5673209151144        6.6013204318066654E-007   33237750.340582505             5436
   2038.9423677959744        6.5994743705663341E-007   33237780.135430790             5437
   2039.3174146768345        6.5976294823933750E-007   33237809.919359021             5438
   2039.6924615576947        6.5957857663118937E-007   33237839.692373194             5439
   2040.0675084385548        6.5939432213954321E-007   33237869.454479314             5440
   2040.4425553194149        6.5921018466756294E-007   33237899.205683373             5441
   2040.8176022002751        6.5902616411940189E-007   33237928.945991360             5442
   2041.1926490811350        6.5884226040154458E-007   33237958.675409257             5443
   2041.5676959619952        6.5865847341780193E-007   33237988.393943045             5444
   2041.9427428428555        6.5847480307273906E-007   33238018.101598706             5445
   2042.3177897237154        6.5829124927317303E-007   33238047.798382204             5446
   2042.6928366045756        6.5810781192318307E-007   33238077.484299507             5447
   2043.0678834854357        6.5792449092854058E-007   33238107.159356579             5448
   2043.4429303662957        6.5774128619370703E-007   33238136.823559385             5449
   2043.8179772471560        6.5755819762534276E-007   33238166.476913869             5450
   2044.1930241280156        6.5737522512857755E-007   33238196.119425990             5451
   2044.5680710088761        6.5719236860881466E-007   33238225.751101688             5452
   2044.9431178897364        6.5700962797243861E-007   33238255.371946905             5453
   2045.3181647705960        6.5682700312606266E-007   33238284.981967576             5454
   2045.6932116514565        6.5664449397337641E-007   33238314.581169639             5455
   2046.0682585323168        6.5646210042311237E-007   33238344.169559017             5456
   2046.4433054131764        6.5627982237942093E-007   33238373.747141637             5457
   2046.8183522940369        6.5609765974919136E-007   33238403.313923411             5458
   2047.1933991748970        6.5591561243992607E-007   33238432.869910266             5459
   2047.5684460557568        6.5573368035681053E-007   33238462.415108103             5460
   2047.9434929366173        6.5555186340656036E-007   33238491.949522834             5461
   2048.3185398174769        6.5537016149629786E-007   33238521.473160360             5462
   2048.6935866983372        6.5518857453261278E-007   33238550.986026574             5463
   2049.0686335791975        6.5500710242249306E-007   33238580.488127373             5464
   2049.4436804600573        6.5482574507185875E-007   33238609.979468651             5465
   2049.8187273409176        6.5464450238941304E-007   33238639.460056286             5466
   2050.1937742217779        6.5446337428148573E-007   33238668.929896161             5467
   2050.5688211026377        6.5428236065492512E-007   33238698.388994154             5468
   2050.9438679834980        6.5410146141747736E-007   33238727.837356139             5469
   2051.3189148643582        6.5392067647698706E-007   33238757.274987977             5470
   2051.6939617452181        6.5374000573992811E-007   33238786.701895539             5471
   2052.0690086260784        6.5355944911475205E-007   33238816.118084680             5472
   2052.4440555069382        6.5337900650909024E-007   33238845.523561254             5473
   2052.8191023877985        6.5319867782990818E-007   33238874.918331113             5474
   2053.1941492686587        6.5301846298639717E-007   33238904.302400108             5475
   2053.5691961495186        6.5283836188588344E-007   33238933.675774075             5476
   2053.9442430303789        6.5265837443602736E-007   33238963.038458858             5477
   2054.3192899112387        6.5247850054531223E-007   33238992.390460283             5478
   2054.6943367920990        6.5229874012233005E-007   33239021.731784187             5479
   2055.0693836729592        6.5211909307473296E-007   33239051.062436391             5480
   2055.4444305538191        6.5193955931198054E-007   33239080.382422712             5481
   2055.8194774346794        6.5176013874174324E-007   33239109.691748977             5482
   2056.1945243155396        6.5158083127314289E-007   33239138.990420993             5483
   2056.5695711963995        6.5140163681423946E-007   33239168.278444570             5484
   2056.9446180772597        6.5122255527490082E-007   33239197.555825509             5485
   2057.3196649581200        6.5104358656286062E-007   33239226.822569612             5486
   2057.6947118389799        6.5086473058831780E-007   33239256.078682672             5487
   2058.0697587198401        6.5068598725880516E-007   33239285.324170485             5488
   2058.4448056007000        6.5050735648493267E-007   33239314.559038833             5489
   2058.8198524815602        6.5032883817519558E-007   33239343.783293504             5490
   2059.1948993624205        6.5015043223962839E-007   33239372.996940274             5491
   2059.5699462432804        6.4997213858754828E-007   33239402.199984919             5492
   2059.9449931241406        6.4979395712779748E-007   33239431.392433211             5493
   2060.3200400050009        6.4961588777072166E-007   33239460.574290909             5494
   2060.6950868858607        6.4943793042494185E-007   33239489.745563783             5495
   2061.0701337667210        6.4926008500184825E-007   33239518.906257588             5496
   2061.4451806475809        6.4908235141051218E-007   33239548.056378078             5497
   2061.8202275284411        6.4890472956076296E-007   33239577.195931006             5498
   2062.1952744093014        6.4872721936329548E-007   33239606.324922115             5499
   2062.5703212901608        6.4854982072794605E-007   33239635.443357140             5500
   2062.9453681710215        6.4837253356450172E-007   33239664.551241826             5501
   2063.3204150518818        6.4819535778412591E-007   33239693.648581903             5502
   2063.6954619327412        6.4801829329651474E-007   33239722.735383101             5503
   2064.0705088136019        6.4784134001327269E-007   33239751.811651144             5504
   2064.4455556944622        6.4766449784430997E-007   33239780.877391748             5505
   2064.8206025753216        6.4748776670012327E-007   33239809.932610635             5506
   2065.1956494561823        6.4731114649226994E-007   33239838.977313519             5507
   2065.5706963370421        6.4713463713081131E-007   33239868.011506103             5508
   2065.9457432179020        6.4695823852792930E-007   33239897.035194095             5509
   2066.3207900987627        6.4678195059266541E-007   33239926.048383191             5510
   2066.6958369796221        6.4660577323816709E-007   33239955.051079087             5511
   2067.0708838604824        6.4642970637548943E-007   33239984.043287478             5512
   2067.4459307413431        6.4625374991471840E-007   33240013.025014047             5513
   2067.8209776222025        6.4607790376777050E-007   33240041.996264480             5514
   2068.1960245030627        6.4590216784702909E-007   33240070.957044456             5515
   2068.5710713839230        6.4572654206335748E-007   33240099.907359656             5516
   2068.9461182647829        6.4555102632855002E-007   33240128.847215738             5517
   2069.3211651456431        6.4537562055472407E-007   33240157.776618380             5518
   2069.6962120265034        6.4520032465302290E-007   33240186.695573244             5519
   2070.0712589073632        6.4502513853609784E-007   33240215.604085982             5520
   2070.4463057882235        6.4485006211647070E-007   33240244.502162252             5521
   2070.8213526690834        6.4467509530455294E-007   33240273.389807705             5522
   2071.1963995499436        6.4450023801430442E-007   33240302.267027989             5523
   2071.5714464308039        6.4432549015702609E-007   33240331.133828744             5524
   2071.9464933116637        6.4415085164543511E-007   33240359.990215611             5525
   2072.3215401925240        6.4397632239209523E-007   33240388.836194221             5526
   2072.6965870733843        6.4380190230944676E-007   33240417.671770204             5527
   2073.0716339542441        6.4362759130988213E-007   33240446.496949188             5528
   2073.4466808351044        6.4345338930750363E-007   33240475.311736796             5529
   2073.8217277159642        6.4327929621331234E-007   33240504.116138648             5530
   2074.1967745968245        6.4310531194185313E-007   33240532.910160352             5531
   2074.5718214776848        6.4293143640485181E-007   33240561.693807520             5532
   2074.9468683585446        6.4275766951577073E-007   33240590.467085764             5533
   2075.3219152394049        6.4258401118862060E-007   33240619.230000678             5534
   2075.6969621202652        6.4241046133573667E-007   33240647.982557863             5535
   2076.0720090011250        6.4223701987082060E-007   33240676.724762913             5536
   2076.4470558819853        6.4206368670774436E-007   33240705.456621416             5537
   2076.8221027628456        6.4189046175882608E-007   33240734.178138964             5538
   2077.1971496437054        6.4171734493957083E-007   33240762.889321130             5539
   2077.5721965245657        6.4154433616181508E-007   33240791.590173498             5540
   2077.9472434054255        6.4137143534010231E-007   33240820.280701634             5541
   2078.3222902862858        6.4119864238786003E-007   33240848.960911117             5542
   2078.6973371671461        6.4102595722083792E-007   33240877.630807508             5543
   2079.0723840480059        6.4085337975059332E-007   33240906.290396370             5544
   2079.4474309288662        6.4068090989347307E-007   33240934.939683262             5545
   2079.8224778097260        6.4050854756163656E-007   33240963.578673732             5546
   2080.1975246905863        6.4033629267175480E-007   33240992.207373336             5547
   2080.5725715714466        6.4016414513595290E-007   33241020.825787615             5548
   2080.9476184523064        6.3999210486974069E-007   33241049.433922116             5549
   2081.3226653331667        6.3982017178835019E-007   33241078.031782370             5550
   2081.6977122140270        6.3964834580542004E-007   33241106.619373918             5551
   2082.0727590948868        6.3947662683587445E-007   33241135.196702287             5552
   2082.4478059757471        6.3930501479360363E-007   33241163.763772998             5553
   2082.8228528566074        6.3913350959645112E-007   33241192.320591580             5554
   2083.1978997374672        6.3896211115592027E-007   33241220.867163550             5555
   2083.5729466183275        6.3879081938967695E-007   33241249.403494421             5556
   2083.9479934991873        6.3861963421178956E-007   33241277.929589696             5557
   2084.3230403800476        6.3844855553718104E-007   33241306.445454892             5558
   2084.6980872609079        6.3827758328212125E-007   33241334.951095507             5559
   2085.0731341417672        6.3810671736099019E-007   33241363.446517035             5560
   2085.4481810226280        6.3793595769069243E-007   33241391.931724973             5561
   2085.8232279034883        6.3776530418445422E-007   33241420.406724814             5562
   2086.1982747843476        6.3759475676044858E-007   33241448.871522043             5563
   2086.5733216652084        6.3742431533414098E-007   33241477.326122139             5564
   2086.9483685460687        6.3725397981902194E-007   33241505.770530589             5565
   2087.3234154269280        6.3708375013377798E-007   33241534.204752855             5566
   2087.6984623077888        6.3691362619223633E-007   33241562.628794421             5567
   2088.0735091886486        6.3674360791187340E-007   33241591.042660743             5568
   2088.4485560695084        6.3657369520869732E-007   33241619.446357287             5569
   2088.8236029503691        6.3640388799890730E-007   33241647.839889519             5570
   2089.1986498312285        6.3623418619819350E-007   33241676.223262884             5571
   2089.5736967120888        6.3606458972455909E-007   33241704.596482836             5572
   2089.9487435929495        6.3589509849237700E-007   33241732.959554821             5573
   2090.3237904738089        6.3572571241938740E-007   33241761.312484290             5574
   2090.6988373546692        6.3555643142229244E-007   33241789.655276675             5575
   2091.0738842355295        6.3538725541658311E-007   33241817.987937409             5576
   2091.4489311163893        6.3521818432214132E-007   33241846.310471933             5577
   2091.8239779972496        6.3504921805261269E-007   33241874.622885671             5578
   2092.1990248781099        6.3488035652653638E-007   33241902.925184041             5579
   2092.5740717589697        6.3471159966019312E-007   33241931.217372470             5580
   2092.9491186398300        6.3454294737245496E-007   33241959.499456372             5581
   2093.3241655206898        6.3437439957873887E-007   33241987.771441158             5582
   2093.6992124015501        6.3420595619707228E-007   33242016.033332236             5583
   2094.0742592824104        6.3403761714465201E-007   33242044.285135020             5584
   2094.4493061632702        6.3386938233863856E-007   33242072.526854891             5585
   2094.8243530441305        6.3370125169873585E-007   33242100.758497264             5586
   2095.1993999249908        6.3353322513910937E-007   33242128.980067525             5587
   2095.5744468058506        6.3336530258101936E-007   33242157.191571061             5588
   2095.9494936867109        6.3319748393905430E-007   33242185.393013261             5589
   2096.3245405675707        6.3302976913333072E-007   33242213.584399503             5590
   2096.6995874484310        6.3286215808125922E-007   33242241.765735172             5591
   2097.0746343292913        6.3269465070086012E-007   33242269.937025629             5592
   2097.4496812101511        6.3252724691069237E-007   33242298.098276258             5593
   2097.8247280910114        6.3235994662731794E-007   33242326.249492414             5594
   2098.1997749718716        6.3219274977094622E-007   33242354.390679467             5595
   2098.5748218527315        6.3202565625884961E-007   33242382.521842778             5596
   2098.9498687335918        6.3185866601000041E-007   33242410.642987687             5597
   2099.3249156144520        6.3169177894297145E-007   33242438.754119560             5598
   2099.6999624953119        6.3152499497696382E-007   33242466.855243735             5599
   2100.0750093761721        6.3135831402837781E-007   33242494.946365558             5600
   2100.4500562570320        6.3119173601893698E-007   33242523.027490370             5601
   2100.8251031378923        6.3102526086484808E-007   33242551.098623507             5602
   2101.2001500187525        6.3085888848754191E-007   33242579.159770295             5603
   2101.5751968996124        6.3069261880373375E-007   33242607.210936069             5604
   2101.9502437804726        6.3052645173400335E-007   33242635.252126150             5605
   2102.3252906613325        6.3036038719728712E-007   33242663.283345859             5606
   2102.7003375421928        6.3019442511257673E-007   33242691.304600511             5607
   2103.0753844230530        6.3002856539935726E-007   33242719.315895420             5608
   2103.4504313039129        6.2986280797783598E-007   33242747.317235898             5609
   2103.8254781847731        6.2969715276596843E-007   33242775.308627244             5610
   2104.2005250656334        6.2953159968408321E-007   33242803.290074766             5611
   2104.5755719464933        6.2936614865155731E-007   33242831.261583760             5612
   2104.9506188273535        6.2920079958859915E-007   33242859.223159518             5613
   2105.3256657082138        6.2903555241500203E-007   33242887.174807332             5614
   2105.7007125890736        6.2887040705056939E-007   33242915.116532486             5615
   2106.0757594699339        6.2870536341538791E-007   33242943.048340268             5616
   2106.4508063507938        6.2854042142861019E-007   33242970.970235951             5617
   2106.8258532316540        6.2837558101155811E-007   33242998.882224813             5618
   2107.2009001125143        6.2821084208400642E-007   33243026.784312125             5619
   2107.5759469933737        6.2804620456634884E-007   33243054.676503155             5620
   2107.9509938742344        6.2788166837908732E-007   33243082.558803167             5621
   2108.3260407550947        6.2771723344150288E-007   33243110.431217425             5622
   2108.7010876359541        6.2755289967641474E-007   33243138.293751184             5623
   2109.0761345168148        6.2738866700131183E-007   33243166.146409690             5624
   2109.4511813976746        6.2722453533939939E-007   33243193.989198197             5625
   2109.8262282785345        6.2706050461100275E-007   33243221.822121955             5626
   2110.2012751593952        6.2689657473673258E-007   33243249.645186201             5627
   2110.5763220402550        6.2673274563705566E-007   33243277.458396174             5628
   2110.9513689211149        6.2656901723305213E-007   33243305.261757106             5629
   2111.3264158019756        6.2640538944553691E-007   33243333.055274226             5630
   2111.7014626828350        6.2624186219672473E-007   33243360.838952772             5631
   2112.0765095636953        6.2607843540741749E-007   33243388.612797957             5632
   2112.4515564445560        6.2591510899909556E-007   33243416.376815002             5633
   2112.8266033254154        6.2575188289162431E-007   33243444.131009124             5634
   2113.2016502062756        6.2558875700832345E-007   33243471.875385530             5635
   2113.5766970871359        6.2542573127063670E-007   33243499.609949440             5636
   2113.9517439679958        6.2526280559886790E-007   33243527.334706049             5637
   2114.3267908488560        6.2509997991553206E-007   33243555.049660563             5638
   2114.7018377297159        6.2493725414168519E-007   33243582.754818179             5639
   2115.0768846105761        6.2477462820057339E-007   33243610.450184084             5640
   2115.4519314914369        6.2461210201277356E-007   33243638.135763474             5641
   2115.8269783722963        6.2444967550143439E-007   33243665.811561540             5642
   2116.2020252531565        6.2428734858784611E-007   33243693.477583457             5643
   2116.5770721340173        6.2412512119334263E-007   33243721.133834407             5644
   2116.9521190148766        6.2396299324261828E-007   33243748.780319560             5645
   2117.3271658957369        6.2380096465533697E-007   33243776.417044096             5646
   2117.7022127765972        6.2363903535600147E-007   33243804.044013180             5647
   2118.0772596574570        6.2347720526522120E-007   33243831.661231972             5648
   2118.4523065383173        6.2331547430636117E-007   33243859.268705640             5649
   2118.8273534191771        6.2315384240175194E-007   33243886.866439339             5650
   2119.2024003000374        6.2299230947510486E-007   33243914.454438221             5651
   2119.5774471808977        6.2283087544797410E-007   33243942.032707434             5652
   2119.9524940617575        6.2266954024372889E-007   33243969.601252127             5653
   2120.3275409426178        6.2250830378566299E-007   33243997.160077441             5654
   2120.7025878234781        6.2234716599535768E-007   33244024.709188517             5655
   2121.0776347043379        6.2218612679797927E-007   33244052.248590492             5656
   2121.4526815851982        6.2202518611415699E-007   33244079.778288491             5657
   2121.8277284660585        6.2186434386952248E-007   33244107.298287649             5658
   2122.2027753469183        6.2170359998522981E-007   33244134.808593087             5659
   2122.5778222277786        6.2154295438590214E-007   33244162.309209924             5660
   2122.9528691086384        6.2138240699529147E-007   33244189.800143283             5661
   2123.3279159894987        6.2122195773577539E-007   33244217.281398278             5662
   2123.7029628703590        6.2106160653188040E-007   33244244.752980012             5663
   2124.0780097512188        6.2090135330619838E-007   33244272.214893598             5664
   2124.4530566320791        6.2074119798356321E-007   33244299.667144135             5665
   2124.8281035129389        6.2058114048769502E-007   33244327.109736722             5666
   2125.2031503937992        6.2042118074191784E-007   33244354.542676456             5667
   2125.5781972746595        6.2026131867002211E-007   33244381.965968430             5668
   2125.9532441555193        6.2010155419689146E-007   33244409.379617732             5669
   2126.3282910363796        6.1994188724524631E-007   33244436.783629451             5670
   2126.7033379172399        6.1978231774056450E-007   33244464.178008657             5671
   2127.0783847980997        6.1962284560733198E-007   33244491.562760442             5672
   2127.4534316789600        6.1946347076864619E-007   33244518.937889870             5673
   2127.8284785598198        6.1930419314877574E-007   33244546.303402018             5674
   2128.2035254406801        6.1914501267436575E-007   33244573.659301948             5675
   2128.5785723215404        6.1898592926736109E-007   33244601.005594723             5676
   2128.9536192024002        6.1882694285375279E-007   33244628.342285406             5677
   2129.3286660832605        6.1866805335748141E-007   33244655.669379056             5678
   2129.7037129641208        6.1850926070451522E-007   33244682.986880720             5679
   2130.0787598449806        6.1835056481884518E-007   33244710.294795454             5680
   2130.4538067258409        6.1819196562559814E-007   33244737.593128297             5681
   2130.8288536067012        6.1803346304949732E-007   33244764.881884303             5682
   2131.2039004875610        6.1787505701587561E-007   33244792.161068495             5683
   2131.5789473684213        6.1771674744906331E-007   33244819.430685919             5684
   2131.9539942492811        6.1755853427563401E-007   33244846.690741602             5685
   2132.3290411301414        6.1740041742031272E-007   33244873.941240575             5686
   2132.7040880110017        6.1724239680701694E-007   33244901.182187859             5687
   2133.0791348918610        6.1708447236408461E-007   33244928.413588479             5688
   2133.4541817727218        6.1692664401420629E-007   33244955.635447450             5689
   2133.8292286535820        6.1676891168461549E-007   33244982.847769786             5690
   2134.2042755344414        6.1661127530094359E-007   33245010.050560504             5691
   2134.5793224153022        6.1645373478791993E-007   33245037.243824601             5692
   2134.9543692961624        6.1629629007145350E-007   33245064.427567087             5693
   2135.3294161770218        6.1613894107818244E-007   33245091.601792961             5694
   2135.7044630578825        6.1598168773337570E-007   33245118.766507220             5695
   2136.0795099387424        6.1582452996313378E-007   33245145.921714853             5696
   2136.4545568196022        6.1566746769396534E-007   33245173.067420855             5697
   2136.8296037004629        6.1551050085092099E-007   33245200.203630209             5698
   2137.2046505813223        6.1535362936168179E-007   33245227.330347896             5699
   2137.5796974621826        6.1519685315176794E-007   33245254.447578900             5700
   2137.9547443430433        6.1504017214801622E-007   33245281.555328194             5701
   2138.3297912239027        6.1488358627533970E-007   33245308.653600749             5702
   2138.7048381047630        6.1472709546234324E-007   33245335.742401533             5703
   2139.0798849856233        6.1457069963417116E-007   33245362.821735516             5704
   2139.4549318664831        6.1441439871740792E-007   33245389.891607653             5705
   2139.8299787473434        6.1425819263899663E-007   33245416.952022903             5706
   2140.2050256282037        6.1410208132742472E-007   33245444.002986226             5707
   2140.5800725090635        6.1394606470705586E-007   33245471.044502571             5708
   2140.9551193899238        6.1379014270507910E-007   33245498.076576885             5709
   2141.3301662707836        6.1363431525002391E-007   33245525.099214118             5710
   2141.7052131516439        6.1347858226831669E-007   33245552.112419203             5711
   2142.0802600325042        6.1332294368724518E-007   33245579.116197076             5712
   2142.4553069133640        6.1316739943248562E-007   33245606.110552680             5713
   2142.8303537942243        6.1301194943336105E-007   33245633.095490940             5714
   2143.2054006750845        6.1285659361664155E-007   33245660.071016785             5715
   2143.5804475559444        6.1270133190864595E-007   33245687.037135139             5716
   2143.9554944368047        6.1254616423837129E-007   33245713.993850917             5717
   2144.3305413176645        6.1239109053193841E-007   33245740.941169046             5718
   2144.7055881985248        6.1223611071777228E-007   33245767.879094433             5719
   2145.0806350793850        6.1208122472383646E-007   33245794.807631988             5720
   2145.4556819602449        6.1192643247742914E-007   33245821.726786617             5721
   2145.8307288411052        6.1177173390715775E-007   33245848.636563227             5722
   2146.2057757219654        6.1161712893980537E-007   33245875.536966715             5723
   2146.5808226028253        6.1146261750347142E-007   33245902.428001978             5724
   2146.9558694836855        6.1130819952752615E-007   33245929.309673909             5725
   2147.3309163645454        6.1115387493845887E-007   33245956.181987397             5726
   2147.7059632454057        6.1099964366509496E-007   33245983.044947326             5727
   2148.0810101262659        6.1084550563532124E-007   33246009.898558587             5728
   2148.4560570071258        6.1069146077822462E-007   33246036.742826048             5729
   2148.8311038879860        6.1053750902188620E-007   33246063.577754591             5730
   2149.2061507688463        6.1038365029464199E-007   33246090.403349090             5731
   2149.5811976497062        6.1022988452525464E-007   33246117.219614413             5732
   2149.9562445305664        6.1007621164248136E-007   33246144.026555423             5733
   2150.3312914114263        6.0992263157375377E-007   33246170.824176982             5734
   2150.7063382922865        6.0976914424885442E-007   33246197.612483960             5735
   2151.0813851731468        6.0961574959732511E-007   33246224.391481195             5736
   2151.4564320540067        6.0946244754593358E-007   33246251.161173552             5737
   2151.8314789348669        6.0930923802524771E-007   33246277.921565879             5738
   2152.2065258157272        6.0915612096405509E-007   33246304.672663014             5739
   2152.5815726965870        6.0900309629131795E-007   33246331.414469808             5740
   2152.9566195774473        6.0885016393621150E-007   33246358.146991093             5741
   2153.3316664583076        6.0869732382734401E-007   33246384.870231710             5742
   2153.7067133391674        6.0854457589499565E-007   33246411.584196482             5743
   2154.0817602200277        6.0839192006746351E-007   33246438.288890250             5744
   2154.4568071008875        6.0823935627432824E-007   33246464.984317828             5745
   2154.8318539817478        6.0808688444676627E-007   33246491.670484051             5746
   2155.2069008626081        6.0793450451223624E-007   33246518.347393721             5747
   2155.5819477434675        6.0778221640101356E-007   33246545.015051670             5748
   2155.9569946243282        6.0763002004265485E-007   33246571.673462696             5749
   2156.3320415051885        6.0747791536800992E-007   33246598.322631620             5750
   2156.7070883860479        6.0732590230548702E-007   33246624.962563243             5751
   2157.0821352669086        6.0717398078503865E-007   33246651.593262359             5752
   2157.4571821477689        6.0702215073821977E-007   33246678.214733772             5753
   2157.8322290286283        6.0687041209342180E-007   33246704.826982282             5754
   2158.2072759094890        6.0671876478108406E-007   33246731.430012681             5755
   2158.5823227903488        6.0656720873224558E-007   33246758.023829751             5756
   2158.9573696712087        6.0641574387598121E-007   33246784.608438279             5757
   2159.3324165520694        6.0626437014306402E-007   33246811.183843050             5758
   2159.7074634329288        6.0611308746395091E-007   33246837.750048839             5759
   2160.0825103137890        6.0596189576857700E-007   33246864.307060424             5760
   2160.4575571946498        6.0581079498780799E-007   33246890.854882579             5761
   2160.8326040755092        6.0565978505233721E-007   33246917.393520068             5762
   2161.2076509563694        6.0550886589291740E-007   33246943.922977664             5763
   2161.5826978372297        6.0535803744024229E-007   33246970.443260122             5764
   2161.9577447180895        6.0520729962442586E-007   33246996.954372205             5765
   2162.3327915989498        6.0505665237682730E-007   33247023.456318665             5766
   2162.7078384798097        6.0490609562800675E-007   33247049.949104253             5767
   2163.0828853606699        6.0475562930917073E-007   33247076.432733726             5768
   2163.4579322415302        6.0460525335076947E-007   33247102.907211825             5769
   2163.8329791223900        6.0445496768491837E-007   33247129.372543290             5770
   2164.2080260032503        6.0430477224219830E-007   33247155.828732867             5771
   2164.5830728841106        6.0415466695433122E-007   33247182.275785286             5772
   2164.9581197649704        6.0400465175131790E-007   33247208.713705283             5773
   2165.3331666458307        6.0385472656624654E-007   33247235.142497588             5774
   2165.7082135266910        6.0370489132850086E-007   33247261.562166926             5775
   2166.0832604075508        6.0355514597209583E-007   33247287.972718019             5776
   2166.4583072884111        6.0340549042590609E-007   33247314.374155588             5777
   2166.8333541692709        6.0325592462405650E-007   33247340.766484346             5778
   2167.2084010501312        6.0310644849590061E-007   33247367.149709009             5779
   2167.5834479309915        6.0295706197456432E-007   33247393.523834288             5780
   2167.9584948118513        6.0280776499189313E-007   33247419.888864886             5781
   2168.3335416927116        6.0265855748006194E-007   33247446.244805511             5782
   2168.7085885735714        6.0250943936952828E-007   33247472.591660861             5783
   2169.0836354544317        6.0236041059258860E-007   33247498.929435633             5784
   2169.4586823352920        6.0221147108326189E-007   33247525.258134518             5785
   2169.8337292161518        6.0206262077160621E-007   33247551.577762209             5786
   2170.2087760970121        6.0191385959093126E-007   33247577.888323396             5787
   2170.5838229778724        6.0176518747250074E-007   33247604.189822759             5788
   2170.9588698587322        6.0161660434900232E-007   33247630.482264981             5789
   2171.3339167395925        6.0146811015431768E-007   33247656.765654739             5790
   2171.7089636204528        6.0131970481860258E-007   33247683.039996702             5791
   2172.0840105013126        6.0117138827563017E-007   33247709.305295553             5792
   2172.4590573821729        6.0102316045784311E-007   33247735.561555948             5793
   2172.8341042630327        6.0087502129799801E-007   33247761.808782559             5794
   2173.2091511438930        6.0072697072939005E-007   33247788.046980046             5795
   2173.5841980247533        6.0057900868282502E-007   33247814.276153062             5796
   2173.9592449056131        6.0043113509274320E-007   33247840.496306267             5797
   2174.3342917864734        6.0028334989203946E-007   33247866.707444318             5798
   2174.7093386673337        6.0013565301330777E-007   33247892.909571853             5799
   2175.0843855481935        5.9998804438941653E-007   33247919.102693520             5800
   2175.4594324290538        5.9984052395417223E-007   33247945.286813967             5801
   2175.8344793099141        5.9969309163928868E-007   33247971.461937826             5802
   2176.2095261907739        5.9954574737937798E-007   33247997.628069740             5803
   2176.5845730716342        5.9939849110756181E-007   33248023.785214338             5804
   2176.9596199524940        5.9925132275716016E-007   33248049.933376249             5805
   2177.3346668333543        5.9910424226053362E-007   33248076.072560102             5806
   2177.7097137142146        5.9895724955241597E-007   33248102.202770513             5807
   2178.0847605950739        5.9881034456640228E-007   33248128.324012112             5808
   2178.4598074759347        5.9866352723442762E-007   33248154.436289512             5809
   2178.8348543567949        5.9851679749221573E-007   33248180.539607320             5810
   2179.2099012376543        5.9837015527233529E-007   33248206.633970156             5811
   2179.5849481185151        5.9822360050900052E-007   33248232.719382625             5812
   2179.9599949993749        5.9807713313657262E-007   33248258.795849327             5813
   2180.3350418802347        5.9793075308762247E-007   33248284.863374863             5814
   2180.7100887610954        5.9778446029696348E-007   33248310.921963837             5815
   2181.0851356419553        5.9763825469860966E-007   33248336.971620843             5816
   2181.4601825228151        5.9749213622606966E-007   33248363.012350470             5817
   2181.8352294036758        5.9734610481422317E-007   33248389.044157304             5818
   2182.2102762845352        5.9720016039801001E-007   33248415.067045931             5819
   2182.5853231653955        5.9705430290980540E-007   33248441.081020936             5820
   2182.9603700462562        5.9690853228593756E-007   33248467.086086895             5821
   2183.3354169271156        5.9676284845928018E-007   33248493.082248390             5822
   2183.7104638079759        5.9661725136454354E-007   33248519.069509987             5823
   2184.0855106888362        5.9647174093785246E-007   33248545.047876257             5824
   2184.4605575696960        5.9632631711166157E-007   33248571.017351769             5825
   2184.8356044505563        5.9618097982155773E-007   33248596.977941085             5826
   2185.2106513314161        5.9603572900327791E-007   33248622.929648764             5827
   2185.5856982122764        5.9589056458955405E-007   33248648.872479364             5828
   2185.9607450931367        5.9574548651668735E-007   33248674.806437440             5829
   2186.3357919739965        5.9560049471972385E-007   33248700.731527541             5830
   2186.7108388548568        5.9545558913236266E-007   33248726.647754211             5831
   2187.0858857357171        5.9531076969129073E-007   33248752.555121999             5832
   2187.4609326165769        5.9516603633048247E-007   33248778.453635450             5833
   2187.8359794974372        5.9502138898503685E-007   33248804.343299102             5834
   2188.2110263782974        5.9487682759035192E-007   33248830.224117484             5835
   2188.5860732591573        5.9473235208275495E-007   33248856.096095130             5836
   2188.9611201400176        5.9458796239571987E-007   33248881.959236577             5837
   2189.3361670208774        5.9444365846600042E-007   33248907.813546337             5838
   2189.7112139017377        5.9429944022940950E-007   33248933.659028947             5839
   2190.0862607825979        5.9415530762013965E-007   33248959.495688919             5840
   2190.4613076634578        5.9401126057468414E-007   33248985.323530771             5841
   2190.8363545443181        5.9386729902757167E-007   33249011.142559014             5842
   2191.2114014251783        5.9372342291590993E-007   33249036.952778161             5843
   2191.5864483060382        5.9357963217532771E-007   33249062.754192721             5844
   2191.9614951868984        5.9343592674132365E-007   33249088.546807200             5845
   2192.3365420677583        5.9329230654949329E-007   33249114.330626097             5846
   2192.7115889486186        5.9314877153526625E-007   33249140.105653908             5847
   2193.0866358294788        5.9300532163630471E-007   33249165.871895134             5848
   2193.4616827103387        5.9286195678808563E-007   33249191.629354265             5849
   2193.8367295911989        5.9271867692614100E-007   33249217.378035787             5850
   2194.2117764720592        5.9257548198633392E-007   33249243.117944192             5851
   2194.5868233529191        5.9243237190629110E-007   33249268.849083953             5852
   2194.9618702337793        5.9228934662145773E-007   33249294.571459558             5853
   2195.3369171146392        5.9214640606780552E-007   33249320.285075486             5854
   2195.7119639954994        5.9200355018282229E-007   33249345.989936199             5855
   2196.0870108763597        5.9186077890245158E-007   33249371.686046183             5856
   2196.4620577572196        5.9171809216323243E-007   33249397.373409893             5857
   2196.8371046380798        5.9157548990230090E-007   33249423.052031804             5858
   2197.2121515189401        5.9143297205572220E-007   33249448.721916370             5859
   2197.5871983997999        5.9129053855986299E-007   33249474.383068055             5860
   2197.9622452806602        5.9114818935221371E-007   33249500.035491310             5861
   2198.3372921615201        5.9100592437021156E-007   33249525.679190591             5862
   2198.7123390423803        5.9086374354969475E-007   33249551.314170342             5863
   2199.0873859232406        5.9072164682675887E-007   33249576.940435015             5864
   2199.4624328041004        5.9057963414097152E-007   33249602.557989053             5865
   2199.8374796849607        5.9043770542747061E-007   33249628.166836899             5866
   2200.2125265658210        5.9029586062493869E-007   33249653.766982980             5867
   2200.5875734466804        5.9015409966881649E-007   33249679.358431742             5868
   2200.9626203275411        5.9001242249751573E-007   33249704.941187613             5869
   2201.3376672084014        5.8987082904732258E-007   33249730.515255015             5870
   2201.7127140892608        5.8972931925710424E-007   33249756.080638383             5871
   2202.0877609701215        5.8958789306328623E-007   33249781.637342140             5872
   2202.4628078509813        5.8944655040396336E-007   33249807.185370695             5873
   2202.8378547318412        5.8930529121652432E-007   33249832.724728473             5874
   2203.2129016127019        5.8916411543780112E-007   33249858.255419880             5875
   2203.5879484935613        5.8902302300633567E-007   33249883.777449340             5876
   2203.9629953744216        5.8888201386003010E-007   33249909.290821247             5877
   2204.3380422552823        5.8874108793657316E-007   33249934.795540012             5878
   2204.7130891361417        5.8860024517305424E-007   33249960.291610032             5879
   2205.0881360170019        5.8845948550757745E-007   33249985.779035706             5880
   2205.4631828978627        5.8831880887927185E-007   33250011.257821437             5881
   2205.8382297787221        5.8817821522426807E-007   33250036.727971610             5882
   2206.2132766595823        5.8803770448234556E-007   33250062.189490616             5883
   2206.5883235404426        5.8789727659129875E-007   33250087.642382845             5884
   2206.9633704213024        5.8775693148897428E-007   33250113.086652674             5885
   2207.3384173021627        5.8761666911314010E-007   33250138.522304490             5886
   2207.7134641830226        5.8747648940257860E-007   33250163.949342668             5887
   2208.0885110638828        5.8733639229626772E-007   33250189.367771577             5888
   2208.4635579447431        5.8719637773261971E-007   33250214.777595598             5889
   2208.8386048256029        5.8705644564891749E-007   33250240.178819098             5890
   2209.2136517064632        5.8691659598422846E-007   33250265.571446437             5891
   2209.5886985873235        5.8677682867823024E-007   33250290.955481987             5892
   2209.9637454681833        5.8663714366776168E-007   33250316.330930099             5893
   2210.3387923490436        5.8649754089335145E-007   33250341.697795134             5894
   2210.7138392299039        5.8635802029266511E-007   33250367.056081451             5895
   2211.0888861107637        5.8621858180485807E-007   33250392.405793391             5896
   2211.4639329916240        5.8607922536859138E-007   33250417.746935308             5897
   2211.8389798724838        5.8593995092329010E-007   33250443.079511546             5898
   2212.2140267533441        5.8580075840750508E-007   33250468.403526448             5899
   2212.5890736342044        5.8566164776043956E-007   33250493.718984351             5900
   2212.9641205150642        5.8552261892089394E-007   33250519.025889594             5901
   2213.3391673959245        5.8538367182933567E-007   33250544.324246511             5902
   2213.7142142767848        5.8524480642356902E-007   33250569.614059430             5903
   2214.0892611576446        5.8510602264298721E-007   33250594.895332679             5904
   2214.4643080385049        5.8496732042774533E-007   33250620.168070585             5905
   2214.8393549193647        5.8482869971737711E-007   33250645.432277467             5906
   2215.2144018002250        5.8469016045035405E-007   33250670.687957648             5907
   2215.5894486810853        5.8455170256645456E-007   33250695.935115438             5908
   2215.9644955619451        5.8441332600511409E-007   33250721.173755154             5909
   2216.3395424428054        5.8427503070723568E-007   33250746.403881103             5910
   2216.7145893236657        5.8413681661108798E-007   33250771.625497598             5911
   2217.0896362045255        5.8399868365706180E-007   33250796.838608939             5912
   2217.4646830853858        5.8386063178487772E-007   33250822.043219421             5913
   2217.8397299662456        5.8372266093438243E-007   33250847.239333358             5914
   2218.2147768471059        5.8358477104557359E-007   33250872.426955029             5915
   2218.5898237279662        5.8344696205813271E-007   33250897.606088743             5916
   2218.9648706088260        5.8330923391159562E-007   33250922.776738774             5917
   2219.3399174896863        5.8317158654694043E-007   33250947.938909423             5918
   2219.7149643705466        5.8303401990498304E-007   33250973.092604958             5919
   2220.0900112514064        5.8289653392355590E-007   33250998.237829678             5920
   2220.4650581322667        5.8275912854545102E-007   33251023.374587849             5921
   2220.8401050131265        5.8262180370938082E-007   33251048.502883751             5922
   2221.2151518939868        5.8248455935622810E-007   33251073.622721653             5923
   2221.5901987748471        5.8234739542652894E-007   33251098.734105829             5924
   2221.9652456557069        5.8221031186032569E-007   33251123.837040544             5925
   2222.3402925365672        5.8207330859857686E-007   33251148.931530062             5926
   2222.7153394174275        5.8193638558186933E-007   33251174.017578643             5927
   2223.0903862982868        5.8179954275032287E-007   33251199.095190547             5928
   2223.4654331791476        5.8166278004524666E-007   33251224.164370030             5929
   2223.8404800600078        5.8152609740738385E-007   33251249.225121342             5930
   2224.2155269408672        5.8138949477618612E-007   33251274.277448736             5931
   2224.5905738217280        5.8125297209450603E-007   33251299.321356449             5932
   2224.9656207025878        5.8111652930215260E-007   33251324.356848735             5933
   2225.3406675834476        5.8098016634013262E-007   33251349.383929834             5934
   2225.7157144643083        5.8084388314979593E-007   33251374.402603976             5935
   2226.0907613451677        5.8070767967236566E-007   33251399.412875410             5936
   2226.4658082260285        5.8057155584825748E-007   33251424.414748356             5937
   2226.8408551068887        5.8043551161875349E-007   33251449.408227053             5938
   2227.2159019877481        5.8029954692529691E-007   33251474.393315718             5939
   2227.5909488686088        5.8016366170978224E-007   33251499.370018587             5940
   2227.9659957494687        5.8002785591311050E-007   33251524.338339865             5941
   2228.3410426303285        5.7989212947662256E-007   33251549.298283786             5942
   2228.7160895111892        5.7975648234106337E-007   33251574.249854553             5943
   2229.0911363920491        5.7962091444974927E-007   33251599.193056393             5944
   2229.4661832729089        5.7948542574229233E-007   33251624.127893504             5945
   2229.8412301537696        5.7935001616129547E-007   33251649.054370094             5946
   2230.2162770346290        5.7921468564878606E-007   33251673.972490374             5947
   2230.5913239154893        5.7907943414551193E-007   33251698.882258538             5948
   2230.9663707963500        5.7894426159440465E-007   33251723.783678785             5949
   2231.3414176772094        5.7880916793560028E-007   33251748.676755320             5950
   2231.7164645580697        5.7867415311301506E-007   33251773.561492324             5951
   2232.0915114389300        5.7853921706752664E-007   33251798.437893990             5952
   2232.4665583197898        5.7840435974075707E-007   33251823.305964511             5953
   2232.8416052006501        5.7826958107591270E-007   33251848.165708065             5954
   2233.2166520815099        5.7813488101376008E-007   33251873.017128840             5955
   2233.5916989623702        5.7800025949771201E-007   33251897.860231005             5956
   2233.9667458432305        5.7786571646938897E-007   33251922.695018750             5957
   2234.3417927240903        5.7773125187116837E-007   33251947.521496236             5958
   2234.7168396049506        5.7759686564424505E-007   33251972.339667637             5959
   2235.0918864858108        5.7746255773291251E-007   33251997.149537124             5960
   2235.4669333666707        5.7732832807860118E-007   33252021.951108862             5961
   2235.8419802475310        5.7719417662418811E-007   33252046.744387012             5962
   2236.2170271283912        5.7706010331184985E-007   33252071.529375728             5963
   2236.5920740092511        5.7692610808353098E-007   33252096.306079175             5964
   2236.9671208901113        5.7679219088346116E-007   33252121.074501496             5965
   2237.3421677709712        5.7665835165254098E-007   33252145.834646851             5966
   2237.7172146518315        5.7652459033510715E-007   33252170.586519387             5967
   2238.0922615326917        5.7639090687350182E-007   33252195.330123246             5968
   2238.4673084135516        5.7625730121004776E-007   33252220.065462574             5969
   2238.8423552944118        5.7612377328786089E-007   33252244.792541511             5970
   2239.2174021752717        5.7599032305009238E-007   33252269.511364192             5971
   2239.5924490561320        5.7585695043897734E-007   33252294.221934754             5972
   2239.9674959369922        5.7572365539961161E-007   33252318.924257327             5973
   2240.3425428178521        5.7559043787278167E-007   33252343.618336037             5974
   2240.7175896987123        5.7545729780285958E-007   33252368.304175012             5975
   2241.0926365795726        5.7532423513318572E-007   33252392.981778380             5976
   2241.4676834604325        5.7519124980614861E-007   33252417.651150256             5977
   2241.8427303412927        5.7505834176541304E-007   33252442.312294759             5978
   2242.2177772221530        5.7492551095531382E-007   33252466.965216007             5979
   2242.5928241030128        5.7479275731823692E-007   33252491.609918106             5980
   2242.9678709838731        5.7466008079738402E-007   33252516.246405173             5981
   2243.3429178647330        5.7452748133732062E-007   33252540.874681313             5982
   2243.7179647455932        5.7439495888127942E-007   33252565.494750630             5983
   2244.0930116264535        5.7426251337237730E-007   33252590.106617223             5984
   2244.4680585073133        5.7413014475517086E-007   33252614.710285190             5985
   2244.8431053881736        5.7399785297298915E-007   33252639.305758633             5986
   2245.2181522690339        5.7386563796948701E-007   33252663.893041637             5987
   2245.5931991498937        5.7373349968803658E-007   33252688.472138297             5988
   2245.9682460307540        5.7360143807337648E-007   33252713.043052703             5989
   2246.3432929116143        5.7346945306952429E-007   33252737.605788939             5990
   2246.7183397924741        5.7333754461971959E-007   33252762.160351086             5991
   2247.0933866733344        5.7320571266840677E-007   33252786.706743222             5992
   2247.4684335541942        5.7307395716008991E-007   33252811.244969428             5993
   2247.8434804350545        5.7294227803862301E-007   33252835.775033768             5994
   2248.2185273159148        5.7281067524720944E-007   33252860.296940327             5995
   2248.5935741967742        5.7267914873174488E-007   33252884.810693163             5996
   2248.9686210776349        5.7254769843560717E-007   33252909.316296350             5997
   2249.3436679584952        5.7241632430353684E-007   33252933.813753948             5998
   2249.7187148393546        5.7228502627926592E-007   33252958.303070020             5999
   2250.0937617202153        5.7215380430802547E-007   33252982.784248620             6000
   2250.4688086010751        5.7202265833407849E-007   33253007.257293809             6001
   2250.8438554819350        5.7189158830230337E-007   33253031.722209629             6002
   2251.2189023627957        5.7176059415655865E-007   33253056.179000143             6003
   2251.5939492436555        5.7162967584192526E-007   33253080.627669390             6004
   2251.9689961245153        5.7149883330337793E-007   33253105.068221416             6005
   2252.3440430053761        5.7136806648525812E-007   33253129.500660267             6006
   2252.7190898862355        5.7123737533268392E-007   33253153.924989976             6007
   2253.0941367670957        5.7110675979010903E-007   33253178.341214582             6008
   2253.4691836479565        5.7097621980259288E-007   33253202.749338120             6009
   2253.8442305288158        5.7084575531587220E-007   33253227.149364620             6010
   2254.2192774096761        5.7071536627402198E-007   33253251.541298106             6011
   2254.5943242905364        5.7058505262219734E-007   33253275.925142612             6012
   2254.9693711713962        5.7045481430596119E-007   33253300.300902158             6013
   2255.3444180522565        5.7032465126967446E-007   33253324.668580759             6014
   2255.7194649331163        5.7019456345967994E-007   33253349.028182443             6015
   2256.0945118139766        5.7006455082124460E-007   33253373.379711218             6016
   2256.4695586948369        5.6993461329835065E-007   33253397.723171096             6017
   2256.8446055756967        5.6980475083737614E-007   33253422.058566090             6018
   2257.2196524565570        5.6967496338370206E-007   33253446.385900207             6019
   2257.5946993374173        5.6954525088260996E-007   33253470.705177449             6020
   2257.9697462182771        5.6941561327886982E-007   33253495.016401820             6021
   2258.3447930991374        5.6928605052007029E-007   33253519.319577318             6022
   2258.7198399799977        5.6915656254960174E-007   33253543.614707936             6023
   2259.0948868608575        5.6902714931478358E-007   33253567.901797675             6024
   2259.4699337417178        5.6889781076009641E-007   33253592.180850521             6025
   2259.8449806225776        5.6876854683246578E-007   33253616.451870464             6026
   2260.2200275034379        5.6863935747665137E-007   33253640.714861494             6027
   2260.5950743842982        5.6851024263969361E-007   33253664.969827585             6028
   2260.9701212651580        5.6838120226624080E-007   33253689.216772731             6029
   2261.3451681460183        5.6825223630268075E-007   33253713.455700900             6030
   2261.7202150268781        5.6812334469533346E-007   33253737.686616067             6031
   2262.0952619077384        5.6799452739029198E-007   33253761.909522213             6032
   2262.4703087885987        5.6786578433362189E-007   33253786.124423303             6033
   2262.8453556694585        5.6773711547084649E-007   33253810.331323300             6034
   2263.2204025503188        5.6760852074952364E-007   33253834.530226175             6035
   2263.5954494311791        5.6748000011439863E-007   33253858.721135888             6036
   2263.9704963120389        5.6735155351306880E-007   33253882.904056400             6037
   2264.3455431928992        5.6722318089046516E-007   33253907.078991666             6038
   2264.7205900737595        5.6709488219454494E-007   33253931.245945644             6039
   2265.0956369546193        5.6696665737073467E-007   33253955.404922284             6040
   2265.4706838354796        5.6683850636630241E-007   33253979.555925533             6041
   2265.8457307163394        5.6671042912643136E-007   33254003.698959336             6042
   2266.2207775971997        5.6658242559995629E-007   33254027.834027648             6043
   2266.5958244780600        5.6645449573085655E-007   33254051.961134404             6044
   2266.9708713589198        5.6632663946829736E-007   33254076.080283534             6045
   2267.3459182397801        5.6619885675753074E-007   33254100.191478986             6046
   2267.7209651206404        5.6607114754583737E-007   33254124.294724688             6047
   2268.0960120015002        5.6594351177965955E-007   33254148.390024573             6048
   2268.4710588823605        5.6581594940680429E-007   33254172.477382571             6049
   2268.8461057632203        5.6568846037314639E-007   33254196.556802608             6050
   2269.2211526440806        5.6556104462648660E-007   33254220.628288601             6051
   2269.5961995249409        5.6543370211338265E-007   33254244.691844475             6052
   2269.9712464058007        5.6530643278047082E-007   33254268.747474153             6053
   2270.3462932866610        5.6517923657654554E-007   33254292.795181543             6054
   2270.7213401675212        5.6505211344748172E-007   33254316.834970560             6055
   2271.0963870483806        5.6492506334010125E-007   33254340.866845112             6056
   2271.4714339292414        5.6479808620356332E-007   33254364.890809111             6057
   2271.8464808101016        5.6467118198294355E-007   33254388.906866461             6058
   2272.2215276909610        5.6454435062703467E-007   33254412.915021066             6059
   2272.5965745718217        5.6441759208352446E-007   33254436.915276825             6060
   2272.9716214526816        5.6429090629874395E-007   33254460.907637633             6061
   2273.3466683335414        5.6416429322024762E-007   33254484.892107394             6062
   2273.7217152144021        5.6403775279686738E-007   33254508.868689988             6063
   2274.0967620952615        5.6391128497516116E-007   33254532.837389309             6064
   2274.4718089761218        5.6378488970346312E-007   33254556.798209250             6065
   2274.8468558569825        5.6365856692892689E-007   33254580.751153689             6066
   2275.2219027378419        5.6353231659935967E-007   33254604.696226515             6067
   2275.5969496187022        5.6340613866208193E-007   33254628.633431599             6068
   2275.9719964995629        5.6328003306630940E-007   33254652.562772822             6069
   2276.3470433804223        5.6315399975881051E-007   33254676.484254058             6070
   2276.7220902612826        5.6302803868865336E-007   33254700.397879183             6071
   2277.0971371421429        5.6290214980255684E-007   33254724.303652059             6072
   2277.4721840230027        5.6277633304919117E-007   33254748.201576557             6073
   2277.8472309038630        5.6265058837584698E-007   33254772.091656543             6074
   2278.2222777847228        5.6252491573245753E-007   33254795.973895878             6075
   2278.5973246655831        5.6239931506581124E-007   33254819.848298423             6076
   2278.9723715464434        5.6227378632415791E-007   33254843.714868028             6077
   2279.3474184273032        5.6214832945583074E-007   33254867.573608555             6078
   2279.7224653081635        5.6202294440990136E-007   33254891.424523849             6079
   2280.0975121890237        5.6189763113446929E-007   33254915.267617766             6080
   2280.4725590698836        5.6177238957700262E-007   33254939.102894146             6081
   2280.8476059507439        5.6164721968687355E-007   33254962.930356834             6082
   2281.2226528316041        5.6152212141295411E-007   33254986.750009678             6083
   2281.5976997124640        5.6139709470253249E-007   33255010.561856508             6084
   2281.9727465933242        5.6127213950532427E-007   33255034.365901168             6085
   2282.3477934741841        5.6114725576974237E-007   33255058.162147488             6086
   2282.7228403550444        5.6102244344416375E-007   33255081.950599305             6087
   2283.0978872359046        5.6089770247693051E-007   33255105.731260438             6088
   2283.4729341167645        5.6077303281798204E-007   33255129.504134726             6089
   2283.8479809976247        5.6064843441545570E-007   33255153.269225977             6090
   2284.2230278784850        5.6052390721890728E-007   33255177.026538029             6091
   2284.5980747593449        5.6039945117606997E-007   33255200.776074689             6092
   2284.9731216402051        5.6027506623603095E-007   33255224.517839782             6093
   2285.3481685210650        5.6015075234930328E-007   33255248.251837116             6094
   2285.7232154019252        5.6002650946323222E-007   33255271.978070509             6095
   2286.0982622827855        5.5990233752846220E-007   33255295.696543764             6096
   2286.4733091636454        5.5977823649297588E-007   33255319.407260690             6097
   2286.8483560445056        5.5965420630649837E-007   33255343.110225089             6098
   2287.2234029253659        5.5953024691808326E-007   33255366.805440765             6099
   2287.5984498062257        5.5940635827670520E-007   33255390.492911518             6100
   2287.9734966870860        5.5928254033252107E-007   33255414.172641139             6101
   2288.3485435679459        5.5915879303474942E-007   33255437.844633430             6102
   2288.7235904488061        5.5903511633209226E-007   33255461.508892175             6103
   2289.0986373296664        5.5891151017440609E-007   33255485.165421166             6104
   2289.4736842105262        5.5878797451210294E-007   33255508.814224191             6105
   2289.8487310913865        5.5866450929367463E-007   33255532.455305032             6106
   2290.2237779722468        5.5854111446876454E-007   33255556.088667475             6107
   2290.5988248531066        5.5841778998740576E-007   33255579.714315295             6108
   2290.9738717339669        5.5829453579924249E-007   33255603.332252271             6109
   2291.3489186148267        5.5817135185350476E-007   33255626.942482181             6110
   2291.7239654956870        5.5804823810095443E-007   33255650.545008790             6111
   2292.0990123765473        5.5792519449138849E-007   33255674.139835868             6112
   2292.4740592574067        5.5780222097400402E-007   33255697.726967189             6113
   2292.8491061382674        5.5767931749846048E-007   33255721.306406505             6114
   2293.2241530191277        5.5755648401591795E-007   33255744.878157593             6115
   2293.5991998999871        5.5743372047520960E-007   33255768.442224201             6116
   2293.9742467808478        5.5731102682676167E-007   33255791.998610090             6117
   2294.3492936617081        5.5718840302138314E-007   33255815.547319017             6118
   2294.7243405425675        5.5706584900892500E-007   33255839.088354733             6119
   2295.0993874234282        5.5694336473911140E-007   33255862.621720981             6120
   2295.4744343042880        5.5682095016240182E-007   33255886.147421516             6121
   2295.8494811851479        5.5669860522918300E-007   33255909.665460084             6122
   2296.2245280660086        5.5657632989029833E-007   33255933.175840423             6123
   2296.5995749468680        5.5645412409488359E-007   33255956.678566277             6124
   2296.9746218277282        5.5633198779435731E-007   33255980.173641380             6125
   2297.3496687085890        5.5620992093884809E-007   33256003.661069471             6126
   2297.7247155894484        5.5608792347865322E-007   33256027.140854273             6127
   2298.0997624703086        5.5596599536517755E-007   33256050.612999529             6128
   2298.4748093511689        5.5584413654843705E-007   33256074.077508956             6129
   2298.8498562320287        5.5572234697877705E-007   33256097.534386288             6130
   2299.2249031128890        5.5560062660733466E-007   33256120.983635243             6131
   2299.5999499937493        5.5547897538440482E-007   33256144.425259545             6132
   2299.9749968746091        5.5535739326185371E-007   33256167.859262913             6133
   2300.3500437554694        5.5523588018923777E-007   33256191.285649057             6134
   2300.7250906363292        5.5511443611824479E-007   33256214.704421692             6135
   2301.1001375171895        5.5499306099859023E-007   33256238.115584534             6136
   2301.4751843980498        5.5487175478335566E-007   33256261.519141287             6137
   2301.8502312789096        5.5475051742170079E-007   33256284.915095657             6138
   2302.2252781597699        5.5462934886546068E-007   33256308.303451348             6139
   2302.6003250406302        5.5450824906522112E-007   33256331.684212066             6140
   2302.9753719214900        5.5438721797277525E-007   33256355.057381507             6141
   2303.3504188023503        5.5426625553835351E-007   33256378.422963366             6142
   2303.7254656832101        5.5414536171433447E-007   33256401.780961338             6143
   2304.1005125640704        5.5402453645198342E-007   33256425.131379113             6144
   2304.4755594449307        5.5390377970118081E-007   33256448.474220384             6145
   2304.8506063257905        5.5378309141473186E-007   33256471.809488837             6146
   2305.2256532066508        5.5366247154266596E-007   33256495.137188151             6147
   2305.6007000875111        5.5354192003770927E-007   33256518.457322016             6148
   2305.9757469683709        5.5342143685098045E-007   33256541.769894108             6149
   2306.3507938492312        5.5330102193401493E-007   33256565.074908104             6150
   2306.7258407300915        5.5318067523812907E-007   33256588.372367676             6151
   2307.1008876109513        5.5306039671473991E-007   33256611.662276503             6152
   2307.4759344918116        5.5294018631666677E-007   33256634.944638256             6153
   2307.8509813726714        5.5282004399379654E-007   33256658.219456594             6154
   2308.2260282535317        5.5269996969922582E-007   33256681.486735191             6155
   2308.6010751343920        5.5257996338462640E-007   33256704.746477704             6156
   2308.9761220152518        5.5246002500134080E-007   33256727.998687796             6157
   2309.3511688961121        5.5234015450078151E-007   33256751.243369132             6158
   2309.7262157769719        5.5222035183602343E-007   33256774.480525356             6159
   2310.1012626578322        5.5210061695882593E-007   33256797.710160129             6160
   2310.4763095386925        5.5198094982124132E-007   33256820.932277098             6161
   2310.8513564195523        5.5186135037406949E-007   33256844.146879919             6162
   2311.2264033004126        5.5174181857087513E-007   33256867.353972234             6163
   2311.6014501812729        5.5162235436353206E-007   33256890.553557683             6164
   2311.9764970621327        5.5150295770332932E-007   33256913.745639917             6165
   2312.3515439429930        5.5138362854299813E-007   33256936.930222567             6166
   2312.7265908238533        5.5126436683517929E-007   33256960.107309271             6167
   2313.1016377047131        5.5114517253131017E-007   33256983.276903670             6168
   2313.4766845855734        5.5102604558503436E-007   33257006.439009394             6169
   2313.8517314664332        5.5090698594745413E-007   33257029.593630068             6170
   2314.2267783472935        5.5078799357134537E-007   33257052.740769323             6171
   2314.6018252281538        5.5066906840992276E-007   33257075.880430788             6172
   2314.9768721090131        5.5055021041442208E-007   33257099.012618084             6173
   2315.3519189898739        5.5043141953854175E-007   33257122.137334827             6174
   2315.7269658707341        5.5031269573461097E-007   33257145.254584644             6175
   2316.1020127515935        5.5019403895486873E-007   33257168.364371143             6176
   2316.4770596324543        5.5007544915229189E-007   33257191.466697939             6177
   2316.8521065133145        5.4995692627915914E-007   33257214.561568644             6178
   2317.2271533941739        5.4983847028915345E-007   33257237.648986869             6179
   2317.6022002750346        5.4972008113410279E-007   33257260.728956219             6180
   2317.9772471558945        5.4960175876743813E-007   33257283.801480301             6181
   2318.3522940367543        5.4948350314260866E-007   33257306.866562717             6182
   2318.7273409176150        5.4936531421078579E-007   33257329.924207058             6183
   2319.1023877984744        5.4924719192656855E-007   33257352.974416930             6184
   2319.4774346793347        5.4912913624225839E-007   33257376.017195929             6185
   2319.8524815601954        5.4901114711092770E-007   33257399.052547641             6186
   2320.2275284410548        5.4889322448592071E-007   33257422.080475662             6187
   2320.6025753219151        5.4877536832093554E-007   33257445.100983579             6188
   2320.9776222027754        5.4865757856763446E-007   33257468.114074975             6189
   2321.3526690836352        5.4853985518060115E-007   33257491.119753439             6190
   2321.7277159644955        5.4842219811185776E-007   33257514.118022546             6191
   2322.1027628453558        5.4830460731621539E-007   33257537.108885881             6192
   2322.4778097262156        5.4818708274646233E-007   33257560.092347015             6193
   2322.8528566070763        5.4806962435548705E-007   33257583.068409525             6194
   2323.2279034879357        5.4795223209649932E-007   33257606.037076980             6195
   2323.6029503687960        5.4783490592434118E-007   33257628.998352952             6196
   2323.9779972496567        5.4771764579112434E-007   33257651.952241015             6197
   2324.3530441305161        5.4760045165166935E-007   33257674.898744725             6198
   2324.7280910113764        5.4748332345774466E-007   33257697.837867644             6199
   2325.1031378922366        5.4736626116492552E-007   33257720.769613333             6200
   2325.4781847730965        5.4724926472659641E-007   33257743.693985362             6201
   2325.8532316539568        5.4713233409498786E-007   33257766.610987272             6202
   2326.2282785348166        5.4701546922513893E-007   33257789.520622622             6203
   2326.6033254156769        5.4689867007108518E-007   33257812.422894970             6204
   2326.9783722965371        5.4678193658548771E-007   33257835.317807857             6205
   2327.3534191773970        5.4666526872374095E-007   33257858.205364831             6206
   2327.7284660582573        5.4654866643808323E-007   33257881.085569434             6207
   2328.1035129391175        5.4643212968380477E-007   33257903.958425213             6208
   2328.4785598199774        5.4631565841439817E-007   33257926.823935706             6209
   2328.8536067008376        5.4619925258411455E-007   33257949.682104453             6210
   2329.2286535816979        5.4608291214643760E-007   33257972.532934986             6211
   2329.6037004625578        5.4596663705633546E-007   33257995.376430839             6212
   2329.9787473434180        5.4585042726735123E-007   33258018.212595545             6213
   2330.3537942242779        5.4573428273409971E-007   33258041.041432627             6214
   2330.7288411051381        5.4561820341086421E-007   33258063.862945624             6215
   2331.1038879859984        5.4550218925141082E-007   33258086.677138045             6216
   2331.4789348668583        5.4538624021047515E-007   33258109.484013423             6217
   2331.8539817477185        5.4527035624272357E-007   33258132.283575270             6218
   2332.2290286285784        5.4515453730184763E-007   33258155.075827107             6219
   2332.6040755094386        5.4503878334282742E-007   33258177.860772450             6220
   2332.9791223902989        5.4492309432020787E-007   33258200.638414808             6221
   2333.3541692711588        5.4480747018776375E-007   33258223.408757690             6222
   2333.7292161520190        5.4469191090079681E-007   33258246.171804611             6223
   2334.1042630328793        5.4457641641378771E-007   33258268.927559074             6224
   2334.4793099137391        5.4446098668151199E-007   33258291.676024579             6225
   2334.8543567945994        5.4434562165854527E-007   33258314.417204633             6226
   2335.2294036754597        5.4423032129940857E-007   33258337.151102737             6227
   2335.6044505563195        5.4411508555946462E-007   33258359.877722386             6228
   2335.9794974371798        5.4399991439263440E-007   33258382.597067069             6229
   2336.3545443180396        5.4388480775446881E-007   33258405.309140284             6230
   2336.7295911988999        5.4376976559959853E-007   33258428.013945524             6231
   2337.1046380797602        5.4365478788283658E-007   33258450.711486269             6232
   2337.4796849606200        5.4353987455982734E-007   33258473.401766013             6233
   2337.8547318414803        5.4342502558456560E-007   33258496.084788233             6234
   2338.2297787223406        5.4331024091271753E-007   33258518.760556415             6235
   2338.6048256032004        5.4319552049981730E-007   33258541.429074034             6236
   2338.9798724840607        5.4308086430023154E-007   33258564.090344571             6237
   2339.3549193649205        5.4296627226924877E-007   33258586.744371500             6238
   2339.7299662457808        5.4285174436200049E-007   33258609.391158294             6239
   2340.1050131266411        5.4273728053411381E-007   33258632.030708421             6240
   2340.4800600075009        5.4262288074053252E-007   33258654.663025349             6241
   2340.8551068883612        5.4250854493704964E-007   33258677.288112547             6242
   2341.2301537692215        5.4239427307890818E-007   33258699.905973479             6243
   2341.6052006500809        5.4228006512105624E-007   33258722.516611602             6244
   2341.9802475309416        5.4216592101991800E-007   33258745.120030377             6245
   2342.3552944118019        5.4205184072935558E-007   33258767.716233261             6246
   2342.7303412926613        5.4193782420659794E-007   33258790.305223711             6247
   2343.1053881735220        5.4182387140547396E-007   33258812.887005184             6248
   2343.4804350543818        5.4170998228379483E-007   33258835.461581118             6249
   2343.8554819352416        5.4159615679544945E-007   33258858.028954972             6250
   2344.2305288161024        5.4148239489658088E-007   33258880.589130182             6251
   2344.6055756969618        5.4136869654262272E-007   33258903.142110199             6252
   2344.9806225778220        5.4125506169016969E-007   33258925.687898468             6253
   2345.3556694586828        5.4114149029476052E-007   33258948.226498421             6254
   2345.7307163395421        5.4102798231215531E-007   33258970.757913496             6255
   2346.1057632204024        5.4091453769778192E-007   33258993.282147132             6256
   2346.4808101012632        5.4080115640768483E-007   33259015.799202759             6257
   2346.8558569821225        5.4068783839876320E-007   33259038.309083808             6258
   2347.2309038629828        5.4057458362549283E-007   33259060.811793711             6259
   2347.6059507438431        5.4046139204509823E-007   33259083.307335891             6260
   2347.9809976247029        5.4034826361311050E-007   33259105.795713771             6261
   2348.3560445055632        5.4023519828583426E-007   33259128.276930772             6262
   2348.7310913864230        5.4012219601915975E-007   33259150.750990316             6263
   2349.1061382672833        5.4000925677026966E-007   33259173.217895828             6264
   2349.4811851481436        5.3989638049366944E-007   33259195.677650712             6265
   2349.8562320290034        5.3978356714665793E-007   33259218.130258385             6266
   2350.2312789098637        5.3967081668593618E-007   33259240.575722259             6267
   2350.6063257907240        5.3955812906675460E-007   33259263.014045745             6268
   2350.9813726715838        5.3944550424690764E-007   33259285.445232246             6269
   2351.3564195524441        5.3933294218074490E-007   33259307.869285166             6270
   2351.7314664333044        5.3922044282670129E-007   33259330.286207911             6271
   2352.1065133141642        5.3910800614082906E-007   33259352.696003877             6272
   2352.4815601950245        5.3899563207889697E-007   33259375.098676462             6273
   2352.8566070758843        5.3888332059786147E-007   33259397.494229067             6274
   2353.2316539567446        5.3877107165515544E-007   33259419.882665083             6275
   2353.6067008376049        5.3865888520614152E-007   33259442.263987903             6276
   2353.9817477184647        5.3854676120792956E-007   33259464.638200913             6277
   2354.3567945993250        5.3843469961748076E-007   33259487.005307503             6278
   2354.7318414801848        5.3832270039112876E-007   33259509.365311056             6279
   2355.1068883610451        5.3821076348601296E-007   33259531.718214955             6280
   2355.4819352419054        5.3809888885924480E-007   33259554.064022586             6281
   2355.8569821227652        5.3798707646744921E-007   33259576.402737323             6282
   2356.2320290036255        5.3787532626693008E-007   33259598.734362543             6283
   2356.6070758844858        5.3776363821600905E-007   33259621.058901619             6284
   2356.9821227653456        5.3765201226979942E-007   33259643.376357928             6285
   2357.3571696462059        5.3754044838697814E-007   33259665.686734840             6286
   2357.7322165270657        5.3742894652401524E-007   33259687.990035720             6287
   2358.1072634079260        5.3731750663825775E-007   33259710.286263932             6288
   2358.4823102887863        5.3720612868641804E-007   33259732.575422842             6289
   2358.8573571696461        5.3709481262573578E-007   33259754.857515812             6290
   2359.2324040505064        5.3698355841326777E-007   33259777.132546198             6291
   2359.6074509313667        5.3687236600628427E-007   33259799.400517359             6292
   2359.9824978122265        5.3676123536296185E-007   33259821.661432654             6293
   2360.3575446930868        5.3665016643990915E-007   33259843.915295433             6294
   2360.7325915739470        5.3653915919365188E-007   33259866.162109051             6295
   2361.1076384548069        5.3642821358348312E-007   33259888.401876852             6296
   2361.4826853356672        5.3631732956551861E-007   33259910.634602182             6297
   2361.8577322165270        5.3620650709783902E-007   33259932.860288389             6298
   2362.2327790973873        5.3609574613710442E-007   33259955.078938812             6299
   2362.6078259782475        5.3598504664138203E-007   33259977.290556792             6300
   2362.9828728591069        5.3587440856872762E-007   33259999.495145671             6301
   2363.3579197399677        5.3576383187615871E-007   33260021.692708783             6302
   2363.7329666208279        5.3565331652138316E-007   33260043.883249458             6303
   2364.1080135016873        5.3554286246268777E-007   33260066.066771038             6304
   2364.4830603825480        5.3543246965662664E-007   33260088.243276846             6305
   2364.8581072634083        5.3532213806228554E-007   33260110.412770208             6306
   2365.2331541442677        5.3521186763648007E-007   33260132.575254448             6307
   2365.6082010251284        5.3510165833766540E-007   33260154.730732895             6308
   2365.9832479059883        5.3499151012295284E-007   33260176.879208874             6309
   2366.3582947868481        5.3488142295132632E-007   33260199.020685691             6310
   2366.7333416677088        5.3477139678009993E-007   33260221.155166674             6311
   2367.1083885485682        5.3466143156736109E-007   33260243.282655135             6312
   2367.4834354294285        5.3455152727113764E-007   33260265.403154384             6313
   2367.8584823102892        5.3444168384906660E-007   33260287.516667742             6314
   2368.2335291911486        5.3433190126014903E-007   33260309.623198505             6315
   2368.6085760720089        5.3422217946205339E-007   33260331.722749986             6316
   2368.9836229528692        5.3411251841314655E-007   33260353.815325487             6317
   2369.3586698337290        5.3400291807106478E-007   33260375.900928315             6318
   2369.7337167145893        5.3389337839454911E-007   33260397.979561768             6319
   2370.1087635954495        5.3378389934143391E-007   33260420.051229145             6320
   2370.4838104763094        5.3367448087090047E-007   33260442.115933742             6321
   2370.8588573571697        5.3356512294061555E-007   33260464.173678853             6322
   2371.2339042380295        5.3345582550869962E-007   33260486.224467773             6323
   2371.6089511188898        5.3334658853388556E-007   33260508.268303789             6324
   2371.9839979997500        5.3323741197536766E-007   33260530.305190187             6325
   2372.3590448806099        5.3312829579056027E-007   33260552.335130256             6326
   2372.7340917614702        5.3301923993886523E-007   33260574.358127277             6327
   2373.1091386423304        5.3291024437807063E-007   33260596.374184538             6328
   2373.4841855231903        5.3280130906756569E-007   33260618.383305315             6329
   2373.8592324040505        5.3269243396511641E-007   33260640.385492884             6330
   2374.2342792849104        5.3258361902997382E-007   33260662.380750518             6331
   2374.6093261657707        5.3247486422112745E-007   33260684.369081493             6332
   2374.9843730466309        5.3236616949662661E-007   33260706.350489084             6333
   2375.3594199274908        5.3225753481575920E-007   33260728.324976556             6334
   2375.7344668083510        5.3214896013674531E-007   33260750.292547181             6335
   2376.1095136892113        5.3204044541895712E-007   33260772.253204223             6336
   2376.4845605700712        5.3193199062153472E-007   33260794.206950944             6337
   2376.8596074509314        5.3182359570302885E-007   33260816.153790604             6338
   2377.2346543317913        5.3171526062171775E-007   33260838.093726467             6339
   2377.6097012126515        5.3160698533788753E-007   33260860.026761781             6340
   2377.9847480935118        5.3149876980999156E-007   33260881.952899806             6341
   2378.3597949743717        5.3139061399692310E-007   33260903.872143798             6342
   2378.7348418552319        5.3128251785843814E-007   33260925.784497000             6343
   2379.1098887360922        5.3117448135244857E-007   33260947.689962670             6344
   2379.4849356169520        5.3106650443936735E-007   33260969.588544048             6345
   2379.8599824978123        5.3095858707797488E-007   33260991.480244387             6346
   2380.2350293786722        5.3085072922755452E-007   33261013.365066919             6347
   2380.6100762595324        5.3074293084650613E-007   33261035.243014894             6348
   2380.9851231403927        5.3063519189563508E-007   33261057.114091549             6349
   2381.3601700212525        5.3052751233412909E-007   33261078.978300117             6350
   2381.7352169021128        5.3041989212025124E-007   33261100.835643832             6351
   2382.1102637829731        5.3031233121374440E-007   33261122.686125930             6352
   2382.4853106638329        5.3020482957446269E-007   33261144.529749643             6353
   2382.8603575446932        5.3009738716212842E-007   33261166.366518192             6354
   2383.2354044255535        5.2999000393592382E-007   33261188.196434811             6355
   2383.6104513064133        5.2988267985523271E-007   33261210.019502722             6356
   2383.9854981872736        5.2977541487984326E-007   33261231.835725147             6357
   2384.3605450681334        5.2966820896955432E-007   33261253.645105302             6358
   2384.7355919489937        5.2956106208355628E-007   33261275.447646417             6359
   2385.1106388298540        5.2945397418225384E-007   33261297.243351694             6360
   2385.4856857107134        5.2934694522521261E-007   33261319.032224365             6361
   2385.8607325915741        5.2923997517111464E-007   33261340.814267628             6362
   2386.2357794724344        5.2913306398110304E-007   33261362.589484695             6363
   2386.6108263532938        5.2902621161480175E-007   33261384.357878778             6364
   2386.9858732341545        5.2891941803184522E-007   33261406.119453087             6365
   2387.3609201150148        5.2881268319187634E-007   33261427.874210820             6366
   2387.7359669958742        5.2870600705494649E-007   33261449.622155178             6367
   2388.1110138767349        5.2859938958168634E-007   33261471.363289364             6368
   2388.4860607575947        5.2849283073069290E-007   33261493.097616576             6369
   2388.8611076384545        5.2838633046428720E-007   33261514.825140014             6370
   2389.2361545193153        5.2827988874040440E-007   33261536.545862872             6371
   2389.6112014001747        5.2817350552006077E-007   33261558.259788338             6372
   2389.9862482810349        5.2806718076333045E-007   33261579.966919597             6373
   2390.3612951618957        5.2796091443041720E-007   33261601.667259850             6374
   2390.7363420427550        5.2785470648157294E-007   33261623.360812277             6375
   2391.1113889236153        5.2774855687642531E-007   33261645.047580063             6376
   2391.4864358044756        5.2764246557649383E-007   33261666.727566391             6377
   2391.8614826853354        5.2753643254163950E-007   33261688.400774438             6378
   2392.2365295661957        5.2743045773158889E-007   33261710.067207385             6379
   2392.6115764470555        5.2732454110705310E-007   33261731.726868410             6380
   2392.9866233279158        5.2721868262901547E-007   33261753.379760683             6381
   2393.3616702087761        5.2711288225740986E-007   33261775.025887378             6382
   2393.7367170896359        5.2700713995272906E-007   33261796.665251669             6383
   2394.1117639704962        5.2690145567548122E-007   33261818.297856726             6384
   2394.4868108513565        5.2679582938617269E-007   33261839.923705708             6385
   2394.8618577322163        5.2669026104598998E-007   33261861.542801782             6386
   2395.2369046130766        5.2658475061511100E-007   33261883.155148111             6387
   2395.6119514939369        5.2647929805396217E-007   33261904.760747857             6388
   2395.9869983747967        5.2637390332381110E-007   33261926.359604176             6389
   2396.3620452556570        5.2626856638472993E-007   33261947.951720227             6390
   2396.7370921365168        5.2616328719811789E-007   33261969.537099164             6391
   2397.1121390173771        5.2605806572465464E-007   33261991.115744140             6392
   2397.4871858982374        5.2595290192470932E-007   33262012.687658306             6393
   2397.8622327790972        5.2584779575979719E-007   33262034.252844807             6394
   2398.2372796599575        5.2574274718998394E-007   33262055.811306793             6395
   2398.6123265408178        5.2563775617691739E-007   33262077.363047410             6396
   2398.9873734216776        5.2553282268149353E-007   33262098.908069801             6397
   2399.3624203025379        5.2542794666476758E-007   33262120.446377099             6398
   2399.7374671833982        5.2532312808704398E-007   33262141.977972455             6399
   2400.1125140642580        5.2521836691021789E-007   33262163.502858996             6400
   2400.4875609451183        5.2511366309545825E-007   33262185.021039862             6401
   2400.8626078259781        5.2500901660304515E-007   33262206.532518186             6402
   2401.2376547068384        5.2490442739469556E-007   33262228.037297100             6403
   2401.6127015876987        5.2479989543170165E-007   33262249.535379726             6404
   2401.9877484685585        5.2469542067498800E-007   33262271.026769198             6405
   2402.3627953494188        5.2459100308614156E-007   33262292.511468641             6406
   2402.7378422302786        5.2448664262586370E-007   33262313.989481177             6407
   2403.1128891111389        5.2438233925669238E-007   33262335.460809924             6408
   2403.4879359919992        5.2427809293847719E-007   33262356.925458010             6409
   2403.8629828728590        5.2417390363380880E-007   33262378.383428544             6410
   2404.2380297537193        5.2406977130377367E-007   33262399.834724646             6411
   2404.6130766345796        5.2396569590973017E-007   33262421.279349428             6412
   2404.9881235154394        5.2386167741286861E-007   33262442.717305999             6413
   2405.3631703962997        5.2375771577552409E-007   33262464.148597475             6414
   2405.7382172771599        5.2365381095890155E-007   33262485.573226959             6415
   2406.1132641580198        5.2354996292424299E-007   33262506.991197556             6416
   2406.4883110388801        5.2344617163308198E-007   33262528.402512375             6417
   2406.8633579197399        5.2334243704795617E-007   33262549.807174515             6418
   2407.2384048006002        5.2323875912973582E-007   33262571.205187075             6419
   2407.6134516814604        5.2313513784056426E-007   33262592.596553154             6420
   2407.9884985623198        5.2303157314187631E-007   33262613.981275853             6421
   2408.3635454431806        5.2292806499619995E-007   33262635.359358259             6422
   2408.7385923240408        5.2282461336444918E-007   33262656.730803467             6423
   2409.1136392049002        5.2272121820886317E-007   33262678.095614571             6424
   2409.4886860857609        5.2261787949192279E-007   33262699.453794651             6425
   2409.8637329666208        5.2251459717414276E-007   33262720.805346806             6426
   2410.2387798474806        5.2241137121876926E-007   33262742.150274105             6427
   2410.6138267283413        5.2230820158715462E-007   33262763.488579646             6428
   2410.9888736092012        5.2220508824209164E-007   33262784.820266504             6429
   2411.3639204900610        5.2210203114494894E-007   33262806.145337757             6430
   2411.7389673709217        5.2199903025731857E-007   33262827.463796481             6431
   2412.1140142517811        5.2189608554250122E-007   33262848.775645755             6432
   2412.4890611326414        5.2179319696214993E-007   33262870.080888651             6433
   2412.8641080135021        5.2169036447768244E-007   33262891.379528236             6434
   2413.2391548943615        5.2158758805297046E-007   33262912.671567585             6435
   2413.6142017752218        5.2148486764829536E-007   33262933.957009763             6436
   2413.9892486560821        5.2138220322775533E-007   33262955.235857833             6437
   2414.3642955369419        5.2127959475236831E-007   33262976.508114863             6438
   2414.7393424178022        5.2117704218510616E-007   33262997.773783915             6439
   2415.1143892986620        5.2107454548831668E-007   33263019.032868046             6440
   2415.4894361795223        5.2097210462418789E-007   33263040.285370316             6441
   2415.8644830603826        5.2086971955605777E-007   33263061.531293787             6442
   2416.2395299412424        5.2076739024456057E-007   33263082.770641498             6443
   2416.6145768221027        5.2066511665402678E-007   33263104.003416516             6444
   2416.9896237029629        5.2056289874597591E-007   33263125.229621880             6445
   2417.3646705838228        5.2046073648292717E-007   33263146.449260648             6446
   2417.7397174646831        5.2035862982788385E-007   33263167.662335861             6447
   2418.1147643455433        5.2025657874369350E-007   33263188.868850570             6448
   2418.4898112264032        5.2015458319257412E-007   33263210.068807811             6449
   2418.8648581072634        5.2005264313732951E-007   33263231.262210630             6450
   2419.2399049881233        5.1995075854036508E-007   33263252.449062064             6451
   2419.6149518689836        5.1984892936566435E-007   33263273.629365150             6452
   2419.9899987498438        5.1974715557489898E-007   33263294.803122927             6453
   2420.3650456307037        5.1964543713060585E-007   33263315.970338419             6454
   2420.7400925115639        5.1954377399681350E-007   33263337.131014667             6455
   2421.1151393924242        5.1944216613526239E-007   33263358.285154700             6456
   2421.4901862732841        5.1934061351017016E-007   33263379.432761542             6457
   2421.8652331541443        5.1923911608350120E-007   33263400.573838226             6458
   2422.2402800350046        5.1913767381805172E-007   33263421.708387770             6459
   2422.6153269158644        5.1903628667721739E-007   33263442.836413193             6460
   2422.9903737967247        5.1893495462452361E-007   33263463.957917519             6461
   2423.3654206775846        5.1883367762215586E-007   33263485.072903771             6462
   2423.7404675584448        5.1873245563414731E-007   33263506.181374963             6463
   2424.1155144393051        5.1863128862286038E-007   33263527.283334106             6464
   2424.4905613201649        5.1853017655176073E-007   33263548.378784221             6465
   2424.8656082010252        5.1842911938391297E-007   33263569.467728309             6466
   2425.2406550818851        5.1832811708268948E-007   33263590.550169390             6467
   2425.6157019627453        5.1822716961135985E-007   33263611.626110468             6468
   2425.9907488436056        5.1812627693348376E-007   33263632.695554543             6469
   2426.3657957244654        5.1802543901191787E-007   33263653.758504618             6470
   2426.7408426053257        5.1792465581006030E-007   33263674.814963706             6471
   2427.1158894861860        5.1782392729190907E-007   33263695.864934798             6472
   2427.4909363670458        5.1772325342033587E-007   33263716.908420898             6473
   2427.8659832479061        5.1762263415876899E-007   33263737.945424993             6474
   2428.2410301287659        5.1752206947066310E-007   33263758.975950088             6475
   2428.6160770096262        5.1742155931962637E-007   33263779.999999173             6476
   2428.9911238904865        5.1732110366911580E-007   33263801.017575234             6477
   2429.3661707713463        5.1722070248356076E-007   33263822.028681260             6478
   2429.7412176522066        5.1712035572548312E-007   33263843.033320244             6479
   2430.1162645330669        5.1702006335839396E-007   33263864.031495173             6480
   2430.4913114139263        5.1691982534678577E-007   33263885.023209020             6481
   2430.8663582947870        5.1681964165441200E-007   33263906.008464776             6482
   2431.2414051756473        5.1671951224396880E-007   33263926.987265412             6483
   2431.6164520565067        5.1661943708044139E-007   33263947.959613916             6484
   2431.9914989373674        5.1651941612665225E-007   33263968.925513256             6485
   2432.3665458182272        5.1641944934668601E-007   33263989.884966414             6486
   2432.7415926990871        5.1631953670482444E-007   33264010.837976355             6487
   2433.1166395799478        5.1621967816491916E-007   33264031.784546051             6488
   2433.4916864608072        5.1611987368987986E-007   33264052.724678475             6489
   2433.8667333416679        5.1602012324515501E-007   33264073.658376593             6490
   2434.2417802225282        5.1592042679328044E-007   33264094.585643370             6491
   2434.6168271033875        5.1582078429923409E-007   33264115.506481767             6492
   2434.9918739842483        5.1572119572647603E-007   33264136.420894746             6493
   2435.3669208651086        5.1562166103992490E-007   33264157.328885261             6494
   2435.7419677459679        5.1552218020239732E-007   33264178.230456281             6495
   2436.1170146268287        5.1542275317901112E-007   33264199.125610758             6496
   2436.4920615076885        5.1532337993400509E-007   33264220.014351640             6497
   2436.8671083885483        5.1522406043057055E-007   33264240.896681890             6498
   2437.2421552694091        5.1512479463364226E-007   33264261.772604451             6499
   2437.6172021502684        5.1502558250718553E-007   33264282.642122276             6500
   2437.9922490311287        5.1492642401641705E-007   33264303.505238310             6501
   2438.3672959119895        5.1482731912386684E-007   33264324.361955497             6502
   2438.7423427928488        5.1472826779546512E-007   33264345.212276783             6503
   2439.1173896737091        5.1462926999508519E-007   33264366.056205112             6504
   2439.4924365545694        5.1453032568641592E-007   33264386.893743414             6505
   2439.8674834354292        5.1443143483522223E-007   33264407.724894639             6506
   2440.2425303162895        5.1433259740475657E-007   33264428.549661715             6507
   2440.6175771971498        5.1423381336010021E-007   33264449.368047580             6508
   2440.9926240780096        5.1413508266622664E-007   33264470.180055168             6509
   2441.3676709588699        5.1403640528608156E-007   33264490.985687401             6510
   2441.7427178397297        5.1393778118631104E-007   33264511.784947217             6511
   2442.1177647205900        5.1383921032924678E-007   33264532.577837538             6512
   2442.4928116014503        5.1374069268221639E-007   33264553.364361294             6513
   2442.8678584823101        5.1364222820759943E-007   33264574.144521408             6514
   2443.2429053631704        5.1354381687051900E-007   33264594.918320801             6515
   2443.6179522440307        5.1344545863690448E-007   33264615.685762390             6516
   2443.9929991248905        5.1334715347004100E-007   33264636.446849093             6517
   2444.3680460057508        5.1324890133616774E-007   33264657.201583836             6518
   2444.7430928866106        5.1315070219935632E-007   33264677.949969523             6519
   2445.1181397674709        5.1305255602403473E-007   33264698.692009073             6520
   2445.4931866483312        5.1295446277502200E-007   33264719.427705389             6521
   2445.8682335291910        5.1285642241830277E-007   33264740.157061387             6522
   2446.2432804100513        5.1275843491739426E-007   33264760.880079970             6523
   2446.6183272909116        5.1266050023901221E-007   33264781.596764054             6524
   2446.9933741717714        5.1256261834662430E-007   33264802.307116535             6525
   2447.3684210526317        5.1246478920583645E-007   33264823.011140317             6526
   2447.7434679334915        5.1236701278183993E-007   33264843.708838299             6527
   2448.1185148143518        5.1226928903969962E-007   33264864.400213379             6528
   2448.4935616952121        5.1217161794404946E-007   33264885.085268456             6529
   2448.8686085760719        5.1207399946024166E-007   33264905.764006428             6530
   2449.2436554569322        5.1197643355408363E-007   33264926.436430186             6531
   2449.6187023377925        5.1187892018987419E-007   33264947.102542616             6532
   2449.9937492186523        5.1178145933297701E-007   33264967.762346614             6533
   2450.3687960995126        5.1168405094887062E-007   33264988.415845066             6534
   2450.7438429803724        5.1158669500297882E-007   33265009.063040864             6535
   2451.1188898612327        5.1148939146073113E-007   33265029.703936879             6536
   2451.4939367420930        5.1139214028721443E-007   33265050.338536009             6537
   2451.8689836229528        5.1129494144739745E-007   33265070.966841124             6538
   2452.2440305038131        5.1119779490762705E-007   33265091.588855110             6539
   2452.6190773846733        5.1110070063234224E-007   33265112.204580843             6540
   2452.9941242655332        5.1100365858763598E-007   33265132.814021196             6541
   2453.3691711463935        5.1090666873895525E-007   33265153.417179044             6542
   2453.7442180272537        5.1080973105188425E-007   33265174.014057264             6543
   2454.1192649081136        5.1071284549128403E-007   33265194.604658719             6544
   2454.4943117889738        5.1061601202367922E-007   33265215.188986279             6545
   2454.8693586698337        5.1051923061392430E-007   33265235.767042816             6546
   2455.2444055506940        5.1042250122791370E-007   33265256.338831194             6547
   2455.6194524315542        5.1032582383095338E-007   33265276.904354274             6548
   2455.9944993124136        5.1022919839018111E-007   33265297.463614922             6549
   2456.3695461932743        5.1013262486901659E-007   33265318.016615994             6550
   2456.7445930741346        5.1003610323495802E-007   33265338.563360348             6551
   2457.1196399549940        5.0993963345361745E-007   33265359.103850845             6552
   2457.4946868358547        5.0984321549040384E-007   33265379.638090331             6553
   2457.8697337167146        5.0974684931055889E-007   33265400.166081671             6554
   2458.2447805975744        5.0965053488147192E-007   33265420.687827703             6555
   2458.6198274784351        5.0955427216745301E-007   33265441.203331292             6556
   2458.9948743592950        5.0945806113518314E-007   33265461.712595273             6557
   2459.3699212401548        5.0936190175079075E-007   33265482.215622500             6558
   2459.7449681210155        5.0926579397995300E-007   33265502.712415811             6559
   2460.1200150018749        5.0916973778859376E-007   33265523.202978052             6560
   2460.4950618827352        5.0907373314312626E-007   33265543.687312067             6561
   2460.8701087635959        5.0897778000915917E-007   33265564.165420689             6562
   2461.2451556444553        5.0888187835308952E-007   33265584.637306757             6563
   2461.6202025253156        5.0878602814116157E-007   33265605.102973111             6564
   2461.9952494061758        5.0869022933938855E-007   33265625.562422581             6565
   2462.3702962870357        5.0859448191330394E-007   33265646.015658002             6566
   2462.7453431678960        5.0849878582950500E-007   33265666.462682202             6567
   2463.1203900487558        5.0840314105490133E-007   33265686.903498016             6568
   2463.4954369296161        5.0830754755527173E-007   33265707.338108260             6569
   2463.8704838104763        5.0821200529716339E-007   33265727.766515769             6570
   2464.2455306913362        5.0811651424623039E-007   33265748.188723363             6571
   2464.6205775721965        5.0802107436900688E-007   33265768.604733862             6572
   2464.9956244530567        5.0792568563190419E-007   33265789.014550094             6573
   2465.3706713339166        5.0783034800188211E-007   33265809.418174867             6574
   2465.7457182147768        5.0773506144508908E-007   33265829.815611009             6575
   2466.1207650956371        5.0763982592705910E-007   33265850.206861328             6576
   2466.4958119764970        5.0754464141582611E-007   33265870.591928639             6577
   2466.8708588573572        5.0744950787692031E-007   33265890.970815752             6578
   2467.2459057382171        5.0735442527684707E-007   33265911.343525480             6579
   2467.6209526190773        5.0725939358298649E-007   33265931.710060630             6580
   2467.9959994999376        5.0716441276111984E-007   33265952.070424013             6581
   2468.3710463807975        5.0706948277765621E-007   33265972.424618427             6582
   2468.7460932616577        5.0697460360059545E-007   33265992.772646677             6583
   2469.1211401425176        5.0687977519529941E-007   33266013.114511568             6584
   2469.4961870233778        5.0678499752901841E-007   33266033.450215895             6585
   2469.8712339042381        5.0669027056789961E-007   33266053.779762462             6586
   2470.2462807850980        5.0659559428001348E-007   33266074.103154059             6587
   2470.6213276659582        5.0650096863083865E-007   33266094.420393486             6588
   2470.9963745468185        5.0640639358796965E-007   33266114.731483538             6589
   2471.3714214276783        5.0631186911701314E-007   33266135.036426999             6590
   2471.7464683085386        5.0621739518705443E-007   33266155.335226659             6591
   2472.1215151893989        5.0612297176286160E-007   33266175.627885312             6592
   2472.4965620702587        5.0602859881324860E-007   33266195.914405741             6593
   2472.8716089511190        5.0593427630299505E-007   33266216.194790736             6594
   2473.2466558319788        5.0584000420077957E-007   33266236.469043069             6595
   2473.6217027128391        5.0574578247355710E-007   33266256.737165529             6596
   2473.9967495936994        5.0565161108749998E-007   33266276.999160893             6597
   2474.3717964745592        5.0555749001001006E-007   33266297.255031943             6598
   2474.7468433554195        5.0546341920793075E-007   33266317.504781455             6599
   2475.1218902362798        5.0536939864960917E-007   33266337.748412199             6600
   2475.4969371171396        5.0527542830067464E-007   33266357.985926952             6601
   2475.8719839979999        5.0518150812855746E-007   33266378.217328481             6602
   2476.2470308788602        5.0508763810116537E-007   33266398.442619555             6603
   2476.6220777597200        5.0499381818599039E-007   33266418.661802948             6604
   2476.9971246405803        5.0490004834919864E-007   33266438.874881424             6605
   2477.3721715214401        5.0480632855831414E-007   33266459.081857741             6606
   2477.7472184023004        5.0471265878126219E-007   33266479.282734670             6607
   2478.1222652831607        5.0461903898429382E-007   33266499.477514971             6608
   2478.4973121640201        5.0452546913635553E-007   33266519.666201398             6609
   2478.8723590448808        5.0443194920335022E-007   33266539.848796714             6610
   2479.2474059257411        5.0433847915379537E-007   33266560.025303677             6611
   2479.6224528066004        5.0424505895399261E-007   33266580.195725035             6612
   2479.9974996874612        5.0415168857295580E-007   33266600.360063545             6613
   2480.3725465683210        5.0405836797693999E-007   33266620.518321957             6614
   2480.7475934491808        5.0396509713345870E-007   33266640.670503024             6615
   2481.1226403300416        5.0387187601063545E-007   33266660.816609491             6616
   2481.4976872109014        5.0377870457612977E-007   33266680.956644099             6617
   2481.8727340917612        5.0368558279710390E-007   33266701.090609603             6618
   2482.2477809726220        5.0359251064145823E-007   33266721.218508739             6619
   2482.6228278534813        5.0349948807674243E-007   33266741.340344246             6620
   2482.9978747343416        5.0340651507130486E-007   33266761.456118871             6621
   2483.3729216152024        5.0331359159163375E-007   33266781.565835346             6622
   2483.7479684960617        5.0322071760590446E-007   33266801.669496413             6623
   2484.1230153769220        5.0312789308238387E-007   33266821.767104808             6624
   2484.4980622577823        5.0303511798807516E-007   33266841.858663253             6625
   2484.8731091386421        5.0294239229172029E-007   33266861.944174491             6626
   2485.2481560195024        5.0284971596049905E-007   33266882.023641244             6627
   2485.6232029003622        5.0275708896302178E-007   33266902.097066242             6628
   2485.9982497812225        5.0266451126605134E-007   33266922.164452214             6629
   2486.3732966620828        5.0257198283831081E-007   33266942.225801878             6630
   2486.7483435429426        5.0247950364774095E-007   33266962.281117968             6631
   2487.1233904238029        5.0238707366140225E-007   33266982.330403198             6632
   2487.4984373046632        5.0229469284896848E-007   33267002.373660289             6633
   2487.8734841855230        5.0220236117705776E-007   33267022.410891961             6634
   2488.2485310663833        5.0211007861427587E-007   33267042.442100927             6635
   2488.6235779472436        5.0201784512921399E-007   33267062.467289910             6636
   2488.9986248281034        5.0192566068925022E-007   33267082.486461613             6637
   2489.3736717089637        5.0183352526250214E-007   33267102.499618758             6638
   2489.7487185898235        5.0174143881676557E-007   33267122.506764047             6639
   2490.1237654706838        5.0164940132207469E-007   33267142.507900193             6640
   2490.4988123515441        5.0155741274462654E-007   33267162.503029898             6641
   2490.8738592324039        5.0146547305331352E-007   33267182.492155872             6642
   2491.2489061132642        5.0137358221689874E-007   33267202.475280818             6643
   2491.6239529941245        5.0128174020314615E-007   33267222.452407438             6644
   2491.9989998749843        5.0118994698119780E-007   33267242.423538432             6645
   2492.3740467558446        5.0109820251749573E-007   33267262.388676498             6646
   2492.7490936367044        5.0100650678280587E-007   33267282.347824331             6647
   2493.1241405175647        5.0091485974380510E-007   33267302.300984628             6648
   2493.4991873984250        5.0082326136946299E-007   33267322.248160087             6649
   2493.8742342792848        5.0073171162894089E-007   33267342.189353395             6650
   2494.2492811601451        5.0064021048933589E-007   33267362.124567244             6651
   2494.6243280410054        5.0054875792013651E-007   33267382.053804323             6652
   2494.9993749218652        5.0045735388920005E-007   33267401.977067325             6653
   2495.3744218027255        5.0036599836625240E-007   33267421.894358929             6654
   2495.7494686835853        5.0027469131823715E-007   33267441.805681821             6655
   2496.1245155644456        5.0018343271527626E-007   33267461.711038683             6656
   2496.4995624453059        5.0009222252535825E-007   33267481.610432196             6657
   2496.8746093261657        5.0000106071719880E-007   33267501.503865045             6658
   2497.2496562070260        4.9990994725982646E-007   33267521.391339894             6659
   2497.6247030878862        4.9981888212095065E-007   33267541.272859439             6660
   2497.9997499687461        4.9972786527014604E-007   33267561.148426339             6661
   2498.3747968496064        4.9963689667584892E-007   33267581.018043272             6662
   2498.7498437304662        4.9954597630661233E-007   33267600.881712910             6663
   2499.1248906113265        4.9945510413258091E-007   33267620.739437915             6664
   2499.4999374921867        4.9936428012109920E-007   33267640.591220971             6665
   2499.8749843730466        4.9927350424145029E-007   33267660.437064733             6666
   2500.2500312539069        4.9918277646243204E-007   33267680.276971869             6667
   2500.6250781347671        4.9909209675396100E-007   33267700.110945038             6668
   2501.0001250156265        4.9900146508312297E-007   33267719.938986912             6669
   2501.3751718964872        4.9891088142053447E-007   33267739.761100143             6670
   2501.7502187773475        4.9882034573479441E-007   33267759.577287387             6671
   2502.1252656582069        4.9872985799478681E-007   33267779.387551308             6672
   2502.5003125390676        4.9863941816970806E-007   33267799.191894565             6673
   2502.8753594199275        4.9854902622735755E-007   33267818.990319803             6674
   2503.2504063007873        4.9845868213854792E-007   33267838.782829676             6675
   2503.6254531816480        4.9836838587167541E-007   33267858.569426835             6676
   2504.0005000625074        4.9827813739676511E-007   33267878.350113932             6677
   2504.3755469433677        4.9818793668121790E-007   33267898.124893613             6678
   2504.7505938242284        4.9809778369567043E-007   33267917.893768523             6679
   2505.1256407050878        4.9800767840887217E-007   33267937.656741306             6680
   2505.5006875859481        4.9791762078987167E-007   33267957.413814604             6681
   2505.8757344668088        4.9782761080815934E-007   33267977.164991066             6682
   2506.2507813476682        4.9773764843260344E-007   33267996.910273321             6683
   2506.6258282285285        4.9764773363395826E-007   33268016.649664011             6684
   2507.0008751093887        4.9755786637952831E-007   33268036.383165773             6685
   2507.3759219902486        4.9746804664067817E-007   33268056.110781241             6686
   2507.7509688711089        4.9737827438533875E-007   33268075.832513053             6687
   2508.1260157519687        4.9728854958357929E-007   33268095.548363838             6688
   2508.5010626328290        4.9719887220413602E-007   33268115.258336220             6689
   2508.8761095136892        4.9710924221783627E-007   33268134.962432835             6690
   2509.2511563945491        4.9701965959305437E-007   33268154.660656307             6691
   2509.6262032754094        4.9693012429991135E-007   33268174.353009265             6692
   2510.0012501562696        4.9684063630749273E-007   33268194.039494324             6693
   2510.3762970371295        4.9675119558628639E-007   33268213.720114119             6694
   2510.7513439179897        4.9666180210396522E-007   33268233.394871265             6695
   2511.1263907988500        4.9657245583246447E-007   33268253.063768376             6696
   2511.5014376797099        4.9648315674034462E-007   33268272.726808075             6697
   2511.8764845605701        4.9639390479691977E-007   33268292.383992977             6698
   2512.2515314414300        4.9630469997221660E-007   33268312.035325702             6699
   2512.6265783222902        4.9621554223550984E-007   33268331.680808853             6700
   2513.0016252031505        4.9612643155810192E-007   33268351.320445050             6701
   2513.3766720840104        4.9603736790765289E-007   33268370.954236902             6702
   2513.7517189648706        4.9594835125616187E-007   33268390.582187008             6703
   2514.1267658457309        4.9585938157111612E-007   33268410.204297982             6704
   2514.5018127265907        4.9577045882437859E-007   33268429.820572432             6705
   2514.8768596074510        4.9568158298494195E-007   33268449.431012955             6706
   2515.2519064883109        4.9559275402285522E-007   33268469.035622161             6707
   2515.6269533691711        4.9550397190696028E-007   33268488.634402644             6708
   2516.0020002500314        4.9541523660898106E-007   33268508.227357008             6709
   2516.3770471308912        4.9532654809808906E-007   33268527.814487848             6710
   2516.7520940117515        4.9523790634461346E-007   33268547.395797759             6711
   2517.1271408926118        4.9514931131763352E-007   33268566.971289337             6712
   2517.5021877734716        4.9506076298760738E-007   33268586.540965173             6713
   2517.8772346543319        4.9497226132558675E-007   33268606.104827859             6714
   2518.2522815351917        4.9488380630032203E-007   33268625.662879981             6715
   2518.6273284160520        4.9479539788255427E-007   33268645.215124138             6716
   2519.0023752969123        4.9470703604249311E-007   33268664.761562906             6717
   2519.3774221777721        4.9461872074955717E-007   33268684.302198872             6718
   2519.7524690586324        4.9453045197552278E-007   33268703.837034628             6719
   2520.1275159394927        4.9444222968917212E-007   33268723.366072748             6720
   2520.5025628203525        4.9435405386106486E-007   33268742.889315818             6721
   2520.8776097012128        4.9426592446129322E-007   33268762.406766407             6722
   2521.2526565820726        4.9417784146087470E-007   33268781.918427106             6723
   2521.6277034629329        4.9408980483012112E-007   33268801.424300477             6724
   2522.0027503437932        4.9400181453791374E-007   33268820.924389105             6725
   2522.3777972246526        4.9391387055616677E-007   33268840.418695562             6726
   2522.7528441055133        4.9382597285472159E-007   33268859.907222413             6727
   2523.1278909863736        4.9373812140455600E-007   33268879.389972236             6728
   2523.5029378672330        4.9365031617469791E-007   33268898.866947591             6729
   2523.8779847480937        4.9356255713685420E-007   33268918.338151056             6730
   2524.2530316289540        4.9347484426103536E-007   33268937.803585187             6731
   2524.6280785098133        4.9338717751783960E-007   33268957.263252545             6732
   2525.0031253906741        4.9329955687738794E-007   33268976.717155706             6733
   2525.3781722715339        4.9321198231063064E-007   33268996.165297218             6734
   2525.7532191523937        4.9312445378835629E-007   33269015.607679646             6735
   2526.1282660332545        4.9303697128142781E-007   33269035.044305544             6736
   2526.5033129141138        4.9294953475926062E-007   33269054.475177471             6737
   2526.8783597949741        4.9286214419310390E-007   33269073.900297984             6738
   2527.2534066758349        4.9277479955454212E-007   33269093.319669634             6739
   2527.6284535566942        4.9268750081235821E-007   33269112.733294968             6740
   2528.0035004375545        4.9260024793967040E-007   33269132.141176540             6741
   2528.3785473184148        4.9251304090453677E-007   33269151.543316901             6742
   2528.7535941992746        4.9242587968034978E-007   33269170.939718597             6743
   2529.1286410801349        4.9233876423611725E-007   33269190.330384172             6744
   2529.5036879609952        4.9225169454265889E-007   33269209.715316169             6745
   2529.8787348418550        4.9216467057204612E-007   33269229.094517138             6746
   2530.2537817227158        4.9207769229433282E-007   33269248.467989612             6747
   2530.6288286035751        4.9199075968086409E-007   33269267.835736133             6748
   2531.0038754844354        4.9190387270130132E-007   33269287.197759237             6749
   2531.3789223652961        4.9181703132848154E-007   33269306.554061461             6750
   2531.7539692461555        4.9173023553180982E-007   33269325.904645350             6751
   2532.1290161270158        4.9164348528243558E-007   33269345.249513425             6752
   2532.5040630078761        4.9155678055265417E-007   33269364.588668223             6753
   2532.8791098887359        4.9147012131213588E-007   33269383.922112279             6754
   2533.2541567695962        4.9138350753197583E-007   33269403.249848116             6755
   2533.6292036504560        4.9129693918370088E-007   33269422.571878262             6756
   2534.0042505313163        4.9121041623896582E-007   33269441.888205245             6757
   2534.3792974121766        4.9112393866826237E-007   33269461.198831592             6758
   2534.7543442930364        4.9103750644221477E-007   33269480.503759824             6759
   2535.1293911738967        4.9095111953296062E-007   33269499.802992459             6760
   2535.5044380547570        4.9086477791105843E-007   33269519.096532024             6761
   2535.8794849356168        4.9077848154746058E-007   33269538.384381033             6762
   2536.2545318164771        4.9069223041437963E-007   33269557.666542005             6763
   2536.6295786973374        4.9060602448289640E-007   33269576.943017453             6764
   2537.0046255781972        4.9051986372301807E-007   33269596.213809893             6765
   2537.3796724590575        4.9043374810763832E-007   33269615.478921834             6766
   2537.7547193399173        4.9034767760736893E-007   33269634.738355797             6767
   2538.1297662207776        4.9026165219390025E-007   33269653.992114283             6768
   2538.5048131016379        4.9017567183755034E-007   33269673.240199808             6769
   2538.8798599824977        4.9008973651086411E-007   33269692.482614871             6770
   2539.2549068633580        4.9000384618504763E-007   33269711.719361980             6771
   2539.6299537442178        4.8991800083191651E-007   33269730.950443644             6772
   2540.0050006250781        4.8983220042145223E-007   33269750.175862361             6773
   2540.3800475059384        4.8974644492711840E-007   33269769.395620633             6774
   2540.7550943867982        4.8966073431877272E-007   33269788.609720953             6775
   2541.1301412676585        4.8957506856871001E-007   33269807.818165831             6776
   2541.5051881485188        4.8948944764809241E-007   33269827.020957757             6777
   2541.8802350293786        4.8940387152949214E-007   33269846.218099225             6778
   2542.2552819102389        4.8931834018369207E-007   33269865.409592729             6779
   2542.6303287910991        4.8923285358186512E-007   33269884.595440764             6780
   2543.0053756719590        4.8914741169693441E-007   33269903.775645815             6781
   2543.3804225528193        4.8906201449935331E-007   33269922.950210378             6782
   2543.7554694336791        4.8897666196168906E-007   33269942.119136937             6783
   2544.1305163145394        4.8889135405520905E-007   33269961.282427981             6784
   2544.5055631953996        4.8880609075185275E-007   33269980.440085996             6785
   2544.8806100762595        4.8872087202389171E-007   33269999.592113461             6786
   2545.2556569571198        4.8863569784222018E-007   33270018.738512859             6787
   2545.6307038379800        4.8855056817883800E-007   33270037.879286665             6788
   2546.0057507188399        4.8846548300569005E-007   33270057.014437366             6789
   2546.3807975997001        4.8838044229433479E-007   33270076.143967438             6790
   2546.7558444805604        4.8829544601731457E-007   33270095.267879356             6791
   2547.1308913614203        4.8821049414677503E-007   33270114.386175591             6792
   2547.5059382422805        4.8812558665304757E-007   33270133.498858627             6793
   2547.8809851231404        4.8804072351006423E-007   33270152.605930932             6794
   2548.2560320040006        4.8795590468805402E-007   33270171.707394965             6795
   2548.6310788848609        4.8787113015998569E-007   33270190.803253204             6796
   2549.0061257657203        4.8778639989836252E-007   33270209.893508118             6797
   2549.3811726465810        4.8770171387416286E-007   33270228.978162166             6798
   2549.7562195274413        4.8761707205951845E-007   33270248.057217818             6799
   2550.1312664083007        4.8753247442664335E-007   33270267.130677540             6800
   2550.5063132891614        4.8744792094815848E-007   33270286.198543787             6801
   2550.8813601700213        4.8736341159651674E-007   33270305.260819022             6802
   2551.2564070508811        4.8727894634215011E-007   33270324.317505702             6803
   2551.6314539317418        4.8719452515871281E-007   33270343.368606288             6804
   2552.0065008126016        4.8711014801878352E-007   33270362.414123233             6805
   2552.3815476934615        4.8702581489236445E-007   33270381.454058990             6806
   2552.7565945743222        4.8694152575392033E-007   33270400.488416012             6807
   2553.1316414551816        4.8685728057533833E-007   33270419.517196756             6808
   2553.5066883360419        4.8677307932743277E-007   33270438.540403668             6809
   2553.8817352169026        4.8668892198423723E-007   33270457.558039196             6810
   2554.2567820977620        4.8660480851771067E-007   33270476.570105791             6811
   2554.6318289786223        4.8652073889954335E-007   33270495.576605890             6812
   2555.0068758594825        4.8643671310188768E-007   33270514.577541944             6813
   2555.3819227403424        4.8635273109851180E-007   33270533.572916392             6814
   2555.7569696212026        4.8626879286040769E-007   33270552.562731683             6815
   2556.1320165020625        4.8618489836143209E-007   33270571.546990249             6816
   2556.5070633829228        4.8610104757269971E-007   33270590.525694538             6817
   2556.8821102637830        4.8601724046692400E-007   33270609.498846978             6818
   2557.2571571446429        4.8593347701727965E-007   33270628.466450009             6819
   2557.6322040255031        4.8584975719672016E-007   33270647.428506065             6820
   2558.0072509063634        4.8576608097594761E-007   33270666.385017574             6821
   2558.3822977872233        4.8568244832909308E-007   33270685.335986976             6822
   2558.7573446680835        4.8559885922839719E-007   33270704.281416699             6823
   2559.1323915489438        4.8551531364634735E-007   33270723.221309170             6824
   2559.5074384298036        4.8543181155595762E-007   33270742.155666813             6825
   2559.8824853106639        4.8534835292899577E-007   33270761.084492058             6826
   2560.2575321915238        4.8526493773855694E-007   33270780.007787324             6827
   2560.6325790723840        4.8518156595749035E-007   33270798.925555039             6828
   2561.0076259532443        4.8509823755873468E-007   33270817.837797627             6829
   2561.3826728341041        4.8501495251516220E-007   33270836.744517501             6830
   2561.7577197149644        4.8493171079855158E-007   33270855.645717084             6831
   2562.1327665958243        4.8484851238256350E-007   33270874.541398793             6832
   2562.5078134766845        4.8476535723986450E-007   33270893.431565046             6833
   2562.8828603575448        4.8468224534339781E-007   33270912.316218253             6834
   2563.2579072384046        4.8459917666543751E-007   33270931.195360832             6835
   2563.6329541192649        4.8451615117988493E-007   33270950.068995189             6836
   2564.0080010001252        4.8443316885837229E-007   33270968.937123742             6837
   2564.3830478809850        4.8435022967523767E-007   33270987.799748894             6838
   2564.7580947618453        4.8426733360191977E-007   33271006.656873055             6839
   2565.1331416427056        4.8418448061243360E-007   33271025.508498628             6840
   2565.5081885235654        4.8410167067935629E-007   33271044.354628019             6841
   2565.8832354044257        4.8401890377595069E-007   33271063.195263632             6842
   2566.2582822852855        4.8393617987492276E-007   33271082.030407868             6843
   2566.6333291661458        4.8385349894960993E-007   33271100.860063128             6844
   2567.0083760470061        4.8377086097267577E-007   33271119.684231810             6845
   2567.3834229278659        4.8368826591749298E-007   33271138.502916317             6846
   2567.7584698087262        4.8360571375737693E-007   33271157.316119034             6847
   2568.1335166895865        4.8352320446574668E-007   33271176.123842366             6848
   2568.5085635704463        4.8344073801487292E-007   33271194.926088702             6849
   2568.8836104513066        4.8335831437856971E-007   33271213.722860437             6850
   2569.2586573321664        4.8327593352936503E-007   33271232.514159959             6851
   2569.6337042130267        4.8319359544132729E-007   33271251.299989659             6852
   2570.0087510938870        4.8311130008747414E-007   33271270.080351923             6853
   2570.3837979747468        4.8302904744079752E-007   33271288.855249140             6854
   2570.7588448556071        4.8294683747458571E-007   33271307.624683693             6855
   2571.1338917364674        4.8286467016245258E-007   33271326.388657972             6856
   2571.5089386173267        4.8278254547795619E-007   33271345.147174351             6857
   2571.8839854981875        4.8270046339322852E-007   33271363.900235213             6858
   2572.2590323790478        4.8261842388292233E-007   33271382.647842936             6859
   2572.6340792599071        4.8253642692038223E-007   33271401.389999900             6860
   2573.0091261407679        4.8245447247816498E-007   33271420.126708485             6861
   2573.3841730216277        4.8237256052977307E-007   33271438.857971065             6862
   2573.7592199024875        4.8229069104979138E-007   33271457.583790015             6863
   2574.1342667833483        4.8220886401072014E-007   33271476.304167699             6864
   2574.5093136642076        4.8212707938592100E-007   33271495.019106504             6865
   2574.8843605450679        4.8204533714955111E-007   33271513.728608787             6866
   2575.2594074259287        4.8196363727523596E-007   33271532.432676919             6867
   2575.6344543067880        4.8188197973583759E-007   33271551.131313268             6868
   2576.0095011876483        4.8180036450529595E-007   33271569.824520200             6869
   2576.3845480685090        4.8171879155747077E-007   33271588.512300085             6870
   2576.7595949493684        4.8163726086598026E-007   33271607.194655277             6871
   2577.1346418302287        4.8155577240340319E-007   33271625.871588144             6872
   2577.5096887110890        4.8147432614506594E-007   33271644.543101043             6873
   2577.8847355919488        4.8139292206385020E-007   33271663.209196333             6874
   2578.2597824728091        4.8131156013277967E-007   33271681.869876370             6875
   2578.6348293536689        4.8123024032659785E-007   33271700.525143515             6876
   2579.0098762345292        4.8114896261924608E-007   33271719.175000124             6877
   2579.3849231153895        4.8106772698339801E-007   33271737.819448546             6878
   2579.7599699962493        4.8098653339328099E-007   33271756.458491132             6879
   2580.1350168771096        4.8090538182321582E-007   33271775.092130233             6880
   2580.5100637579699        4.8082427224652055E-007   33271793.720368199             6881
   2580.8851106388297        4.8074320463775168E-007   33271812.343207385             6882
   2581.2601575196900        4.8066217896948726E-007   33271830.960650127             6883
   2581.6352044005503        4.8058119521705322E-007   33271849.572698779             6884
   2582.0102512814101        4.8050025335312132E-007   33271868.179355673             6885
   2582.3852981622704        4.8041935335286397E-007   33271886.780623168             6886
   2582.7603450431302        4.8033849518865453E-007   33271905.376503594             6887
   2583.1353919239905        4.8025767883661379E-007   33271923.966999296             6888
   2583.5104388048508        4.8017690426893100E-007   33271942.552112609             6889
   2583.8854856857106        4.8009617146006081E-007   33271961.131845869             6890
   2584.2605325665709        4.8001548038421732E-007   33271979.706201419             6891
   2584.6355794474307        4.7993483101549783E-007   33271998.275181584             6892
   2585.0106263282910        4.7985422332870841E-007   33272016.838788703             6893
   2585.3856732091513        4.7977365729606119E-007   33272035.397025101             6894
   2585.7607200900111        4.7969313289356842E-007   33272053.949893117             6895
   2586.1357669708714        4.7961265009459311E-007   33272072.497395080             6896
   2586.5108138517317        4.7953220887360445E-007   33272091.039533313             6897
   2586.8858607325915        4.7945180920370213E-007   33272109.576310147             6898
   2587.2609076134518        4.7937145106047826E-007   33272128.107727900             6899
   2587.6359544943120        4.7929113441799068E-007   33272146.633788902             6900
   2588.0110013751719        4.7921085924953718E-007   33272165.154495470             6901
   2588.3860482560322        4.7913062553014905E-007   33272183.669849928             6902
   2588.7610951368920        4.7905043323405191E-007   33272202.179854598             6903
   2589.1361420177523        4.7897028233479048E-007   33272220.684511796             6904
   2589.5111888986125        4.7889017280822074E-007   33272239.183823835             6905
   2589.8862357794724        4.7881010462746336E-007   33272257.677793037             6906
   2590.2612826603327        4.7873007776705844E-007   33272276.166421715             6907
   2590.6363295411929        4.7865009220182792E-007   33272294.649712179             6908
   2591.0113764220528        4.7857014790530636E-007   33272313.127666742             6909
   2591.3864233029130        4.7849024485292557E-007   33272331.600287713             6910
   2591.7614701837729        4.7841038301901697E-007   33272350.067577407             6911
   2592.1365170646332        4.7833056237762047E-007   33272368.529538125             6912
   2592.5115639454934        4.7825078290333207E-007   33272386.986172173             6913
   2592.8866108263528        4.7817104457144032E-007   33272405.437481858             6914
   2593.2616577072135        4.7809134735474680E-007   33272423.883469488             6915
   2593.6367045880738        4.7801169122913096E-007   33272442.324137356             6916
   2594.0117514689332        4.7793207616911670E-007   33272460.759487770             6917
   2594.3867983497939        4.7785250214934269E-007   33272479.189523030             6918
   2594.7618452306542        4.7777296914327339E-007   33272497.614245430             6919
   2595.1368921115136        4.7769347712711323E-007   33272516.033657268             6920
   2595.5119389923743        4.7761402607430220E-007   33272534.447760843             6921
   2595.8869858732342        4.7753461596073217E-007   33272552.856558446             6922
   2596.2620327540940        4.7745524675938235E-007   33272571.260052372             6923
   2596.6370796349547        4.7737591844685389E-007   33272589.658244912             6924
   2597.0121265158141        4.7729663099658924E-007   33272608.051138356             6925
   2597.3871733966744        4.7721738438373940E-007   33272626.438734993             6926
   2597.7622202775351        4.7713817858265285E-007   33272644.821037110             6927
   2598.1372671583945        4.7705901356951767E-007   33272663.198046993             6928
   2598.5123140392548        4.7697988931697841E-007   33272681.569766931             6929
   2598.8873609201150        4.7690080580237049E-007   33272699.936199203             6930
   2599.2624078009749        4.7682176299857783E-007   33272718.297346096             6931
   2599.6374546818352        4.7674276088066135E-007   33272736.653209891             6932
   2600.0125015626954        4.7666379942465086E-007   33272755.003792863             6933
   2600.3875484435553        4.7658487860471605E-007   33272773.349097297             6934
   2600.7625953244155        4.7650599839577939E-007   33272791.689125460             6935
   2601.1376422052754        4.7642715877296510E-007   33272810.023879636             6936
   2601.5126890861357        4.7634835971082055E-007   33272828.353362098             6937
   2601.8877359669959        4.7626960118516283E-007   33272846.677575123             6938
   2602.2627828478558        4.7619088317019809E-007   33272864.996520981             6939
   2602.6378297287160        4.7611220564097032E-007   33272883.310201939             6940
   2603.0128766095763        4.7603356857371075E-007   33272901.618620269             6941
   2603.3879234904362        4.7595497194160878E-007   33272919.921778236             6942
   2603.7629703712964        4.7587641572174276E-007   33272938.219678108             6943
   2604.1380172521563        4.7579789988717883E-007   33272956.512322154             6944
   2604.5130641330165        4.7571942441521349E-007   33272974.799712639             6945
   2604.8881110138768        4.7564098927944668E-007   33272993.081851818             6946
   2605.2631578947367        4.7556259445558921E-007   33273011.358741961             6947
   2605.6382047755969        4.7548423991800403E-007   33273029.630385321             6948
   2606.0132516564572        4.7540592564347191E-007   33273047.896784164             6949
   2606.3882985373170        4.7532765160576023E-007   33273066.157940745             6950
   2606.7633454181773        4.7524941778137431E-007   33273084.413857322             6951
   2607.1383922990376        4.7517122414429850E-007   33273102.664536141             6952
   2607.5134391798974        4.7509307067119343E-007   33273120.909979470             6953
   2607.8884860607577        4.7501495733580129E-007   33273139.150189549             6954
   2608.2635329416175        4.7493688411450701E-007   33273157.385168634             6955
   2608.6385798224778        4.7485885098256019E-007   33273175.614918977             6956
   2609.0136267033381        4.7478085791523435E-007   33273193.839442823             6957
   2609.3886735841979        4.7470290488816125E-007   33273212.058742423             6958
   2609.7637204650582        4.7462499187571740E-007   33273230.272820022             6959
   2610.1387673459180        4.7454711885465534E-007   33273248.481677860             6960
   2610.5138142267783        4.7446928579952217E-007   33273266.685318191             6961
   2610.8888611076386        4.7439149268613619E-007   33273284.883743245             6962
   2611.2639079884984        4.7431373948974198E-007   33273303.076955274             6963
   2611.6389548693587        4.7423602618583069E-007   33273321.264956508             6964
   2612.0140017502190        4.7415835275032011E-007   33273339.447749194             6965
   2612.3890486310788        4.7408071915866397E-007   33273357.625335559             6966
   2612.7640955119391        4.7400312538581148E-007   33273375.797717847             6967
   2613.1391423927994        4.7392557140771691E-007   33273393.964898288             6968
   2613.5141892736592        4.7384805720030081E-007   33273412.126879118             6969
   2613.8892361545195        4.7377058273954005E-007   33273430.283662573             6970
   2614.2642830353793        4.7369314799938615E-007   33273448.435250875             6971
   2614.6393299162396        4.7361575295767670E-007   33273466.581646256             6972
   2615.0143767970999        4.7353839758773816E-007   33273484.722850945             6973
   2615.3894236779593        4.7346108186690483E-007   33273502.858867168             6974
   2615.7644705588200        4.7338380577058040E-007   33273520.989697158             6975
   2616.1395174396803        4.7330656927463301E-007   33273539.115343127             6976
   2616.5145643205396        4.7322937235408837E-007   33273557.235807307             6977
   2616.8896112014004        4.7315221498591708E-007   33273575.351091918             6978
   2617.2646580822607        4.7307509714455120E-007   33273593.461199176             6979
   2617.6397049631200        4.7299801880593880E-007   33273611.566131305             6980
   2618.0147518439808        4.7292097994726255E-007   33273629.665890522             6981
   2618.3897987248406        4.7284398054287064E-007   33273647.760479040             6982
   2618.7648456057004        4.7276702056960865E-007   33273665.849899080             6983
   2619.1398924865612        4.7269010000244049E-007   33273683.934152849             6984
   2619.5149393674205        4.7261321881851776E-007   33273702.013242569             6985
   2619.8899862482808        4.7253637699193795E-007   33273720.087170444             6986
   2620.2650331291416        4.7245957450053477E-007   33273738.155938689             6987
   2620.6400800100009        4.7238281131961648E-007   33273756.219549511             6988
   2621.0151268908612        4.7230608742426876E-007   33273774.278005119             6989
   2621.3901737717215        4.7222940279156689E-007   33273792.331307720             6990
   2621.7652206525813        4.7215275739725178E-007   33273810.379459519             6991
   2622.1402675334416        4.7207615121741466E-007   33273828.422462720             6992
   2622.5153144143014        4.7199958422784579E-007   33273846.460319519             6993
   2622.8903612951617        4.7192305640441384E-007   33273864.493032131             6994
   2623.2654081760220        4.7184656772367734E-007   33273882.520602744             6995
   2623.6404550568818        4.7177011816178255E-007   33273900.543033566             6996
   2624.0155019377421        4.7169370769424293E-007   33273918.560326789             6997
   2624.3905488186024        4.7161733629749217E-007   33273936.572484609             6998
   2624.7655956994622        4.7154100394802568E-007   33273954.579509225             6999
   2625.1406425803225        4.7146471062190054E-007   33273972.581402831             7000
   2625.5156894611828        4.7138845629544922E-007   33273990.578167614             7001
   2625.8907363420426        4.7131224094395959E-007   33274008.569805775             7002
   2626.2657832229029        4.7123606454476463E-007   33274026.556319494             7003
   2626.6408301037627        4.7115992707395994E-007   33274044.537710968             7004
   2627.0158769846230        4.7108382850710107E-007   33274062.513982382             7005
   2627.3909238654833        4.7100776882100710E-007   33274080.485135924             7006
   2627.7659707463431        4.7093174799180023E-007   33274098.451173775             7007
   2628.1410176272034        4.7085576599660638E-007   33274116.412098125             7008
   2628.5160645080637        4.7077982281029583E-007   33274134.367911156             7009
   2628.8911113889235        4.7070391841073414E-007   33274152.318615042             7010
   2629.2661582697838        4.7062805277324833E-007   33274170.264211968             7011
   2629.6412051506441        4.7055222587436782E-007   33274188.204704113             7012
   2630.0162520315039        4.7047643769061519E-007   33274206.140093654             7013
   2630.3912989123642        4.7040068819937042E-007   33274224.070382770             7014
   2630.7663457932240        4.7032497737540277E-007   33274241.995573640             7015
   2631.1413926740843        4.7024930519619902E-007   33274259.915668428             7016
   2631.5164395549446        4.7017367163832510E-007   33274277.830669317             7017
   2631.8914864358044        4.7009807667807408E-007   33274295.740578473             7018
   2632.2665333166647        4.7002252029194892E-007   33274313.645398062             7019
   2632.6415801975245        4.6994700245627989E-007   33274331.545130264             7020
   2633.0166270783848        4.6987152314848866E-007   33274349.439777240             7021
   2633.3916739592451        4.6979608234391339E-007   33274367.329341158             7022
   2633.7667208401049        4.6972068002028774E-007   33274385.213824186             7023
   2634.1417677209652        4.6964531615345439E-007   33274403.093228485             7024
   2634.5168146018254        4.6956999072020824E-007   33274420.967556220             7025
   2634.8918614826853        4.6949470369761508E-007   33274438.836809549             7026
   2635.2669083635456        4.6941945506192749E-007   33274456.700990636             7027
   2635.6419552444058        4.6934424478982215E-007   33274474.560101639             7028
   2636.0170021252657        4.6926907285816009E-007   33274492.414144717             7029
   2636.3920490061259        4.6919393924350120E-007   33274510.263122033             7030
   2636.7670958869858        4.6911884392348370E-007   33274528.107035730             7031
   2637.1421427678461        4.6904378687323384E-007   33274545.945887972             7032
   2637.5171896487063        4.6896876807093067E-007   33274563.779680908             7033
   2637.8922365295657        4.6889378749288581E-007   33274581.608416695             7034
   2638.2672834104264        4.6881884511592623E-007   33274599.432097472             7035
   2638.6423302912867        4.6874394091682094E-007   33274617.250725403             7036
   2639.0173771721461        4.6866907487292638E-007   33274635.064302627             7037
   2639.3924240530068        4.6859424696056346E-007   33274652.872831292             7038
   2639.7674709338667        4.6851945715625895E-007   33274670.676313553             7039
   2640.1425178147265        4.6844470543730945E-007   33274688.474751543             7040
   2640.5175646955872        4.6836999178144112E-007   33274706.268147409             7041
   2640.8926115764471        4.6829531616433729E-007   33274724.056503296             7042
   2641.2676584573073        4.6822067856363750E-007   33274741.839821342             7043
   2641.6427053381676        4.6814607895652840E-007   33274759.618103690             7044
   2642.0177522190270        4.6807151731976921E-007   33274777.391352475             7045
   2642.3927990998877        4.6799699362964809E-007   33274795.159569841             7046
   2642.7678459807480        4.6792250786474219E-007   33274812.922757916             7047
   2643.1428928616074        4.6784806000074666E-007   33274830.680918843             7048
   2643.5179397424681        4.6777365001450159E-007   33274848.434054743             7049
   2643.8929866233279        4.6769927788467420E-007   33274866.182167761             7050
   2644.2680335041878        4.6762494358755694E-007   33274883.925260026             7051
   2644.6430803850485        4.6755064709987015E-007   33274901.663333666             7052
   2645.0181272659079        4.6747638839882126E-007   33274919.396390807             7053
   2645.3931741467682        4.6740216746271884E-007   33274937.124433581             7054
   2645.7682210276289        4.6732798426722723E-007   33274954.847464114             7055
   2646.1432679084883        4.6725383879011599E-007   33274972.565484535             7056
   2646.5183147893486        4.6717973100844466E-007   33274990.278496962             7057
   2646.8933616702093        4.6710566090031967E-007   33275007.986503519             7058
   2647.2684085510687        4.6703162844172519E-007   33275025.689506330             7059
   2647.6434554319289        4.6695763361107030E-007   33275043.387507513             7060
   2648.0185023127892        4.6688367638480527E-007   33275061.080509190             7061
   2648.3935491936491        4.6680975674060527E-007   33275078.768513478             7062
   2648.7685960745093        4.6673587465510748E-007   33275096.451522499             7063
   2649.1436429553692        4.6666203010716648E-007   33275114.129538357             7064
   2649.5186898362294        4.6658822307228559E-007   33275131.802563179             7065
   2649.8937367170897        4.6651445352962976E-007   33275149.470599070             7066
   2650.2687835979496        4.6644072145538366E-007   33275167.133648146             7067
   2650.6438304788098        4.6636702682681530E-007   33275184.791712515             7068
   2651.0188773596701        4.6629336962198632E-007   33275202.444794290             7069
   2651.3939242405299        4.6621974981868624E-007   33275220.092895579             7070
   2651.7689711213902        4.6614616739330365E-007   33275237.736018490             7071
   2652.1440180022505        4.6607262232405630E-007   33275255.374165125             7072
   2652.5190648831103        4.6599911458835431E-007   33275273.007337596             7073
   2652.8941117639706        4.6592564416356939E-007   33275290.635538001             7074
   2653.2691586448304        4.6585221102742606E-007   33275308.258768443             7075
   2653.6442055256907        4.6577881515697444E-007   33275325.877031028             7076
   2654.0192524065510        4.6570545653011423E-007   33275343.490327854             7077
   2654.3942992874108        4.6563213512446888E-007   33275361.098661017             7078
   2654.7693461682711        4.6555885091711445E-007   33275378.702032614             7079
   2655.1443930491309        4.6548560388646340E-007   33275396.300444752             7080
   2655.5194399299912        4.6541239400985611E-007   33275413.893899519             7081
   2655.8944868108515        4.6533922126515926E-007   33275431.482399009             7082
   2656.2695336917113        4.6526608562951867E-007   33275449.065945312             7083
   2656.6445805725716        4.6519298708067325E-007   33275466.644540530             7084
   2657.0196274534319        4.6511992559690826E-007   33275484.218186744             7085
   2657.3946743342917        4.6504690115556129E-007   33275501.786886051             7086
   2657.7697212151520        4.6497391373393295E-007   33275519.350640535             7087
   2658.1447680960118        4.6490096331056827E-007   33275536.909452286             7088
   2658.5198149768721        4.6482804986213081E-007   33275554.463323392             7089
   2658.8948618577324        4.6475517336783248E-007   33275572.012255929             7090
   2659.2699087385922        4.6468233380497516E-007   33275589.556251995             7091
   2659.6449556194525        4.6460953115077543E-007   33275607.095313661             7092
   2660.0200025003128        4.6453676538329529E-007   33275624.629443012             7093
   2660.3950493811726        4.6446403648060559E-007   33275642.158642128             7094
   2660.7700962620329        4.6439134442114838E-007   33275659.682913087             7095
   2661.1451431428932        4.6431868918125825E-007   33275677.202257968             7096
   2661.5201900237530        4.6424607074086873E-007   33275694.716678850             7097
   2661.8952369046133        4.6417348907633023E-007   33275712.226177808             7098
   2662.2702837854731        4.6410094416567638E-007   33275729.730756916             7099
   2662.6453306663334        4.6402843598736190E-007   33275747.230418243             7100
   2663.0203775471937        4.6395596451938361E-007   33275764.725163866             7101
   2663.3954244280530        4.6388352974010905E-007   33275782.214995857             7102
   2663.7704713089138        4.6381113162627477E-007   33275799.699916277             7103
   2664.1455181897741        4.6373877015729797E-007   33275817.179927204             7104
   2664.5205650706334        4.6366644531033947E-007   33275834.655030701             7105
   2664.8956119514942        4.6359415706377325E-007   33275852.125228837             7106
   2665.2706588323545        4.6352190539521434E-007   33275869.590523675             7107
   2665.6457057132138        4.6344969028354166E-007   33275887.050917279             7108
   2666.0207525940746        4.6337751170641863E-007   33275904.506411716             7109
   2666.3957994749344        4.6330536964152176E-007   33275921.957009044             7110
   2666.7708463557942        4.6323326406782360E-007   33275939.402711321             7111
   2667.1458932366550        4.6316119496388846E-007   33275956.843520615             7112
   2667.5209401175143        4.6308916230605707E-007   33275974.279438976             7113
   2667.8959869983746        4.6301716607411852E-007   33275991.710468464             7114
   2668.2710338792353        4.6294520624601206E-007   33276009.136611134             7115
   2668.6460807600947        4.6287328279926861E-007   33276026.557869039             7116
   2669.0211276409550        4.6280139571297534E-007   33276043.974244237             7117
   2669.3961745218153        4.6272954496461261E-007   33276061.385738775             7118
   2669.7712214026751        4.6265773053267532E-007   33276078.792354710             7119
   2670.1462682835354        4.6258595239634339E-007   33276096.194094095             7120
   2670.5213151643957        4.6251421053285954E-007   33276113.590958968             7121
   2670.8963620452555        4.6244250492100103E-007   33276130.982951380             7122
   2671.2714089261158        4.6237083553850711E-007   33276148.370073382             7123
   2671.6464558069756        4.6229920236466528E-007   33276165.752327021             7124
   2672.0215026878359        4.6222760537760827E-007   33276183.129714336             7125
   2672.3965495686962        4.6215604455515688E-007   33276200.502237372             7126
   2672.7715964495560        4.6208451987591772E-007   33276217.869898174             7127
   2673.1466433304163        4.6201303131890989E-007   33276235.232698783             7128
   2673.5216902112766        4.6194157886246904E-007   33276252.590641230             7129
   2673.8967370921364        4.6187016248414709E-007   33276269.943727564             7130
   2674.2717839729967        4.6179878216351224E-007   33276287.291959822             7131
   2674.6468308538565        4.6172743787825915E-007   33276304.635340035             7132
   2675.0218777347168        4.6165612960713332E-007   33276321.973870240             7133
   2675.3969246155771        4.6158485732905999E-007   33276339.307552468             7134
   2675.7719714964369        4.6151362102185008E-007   33276356.636388760             7135
   2676.1470183772972        4.6144242066470738E-007   33276373.960381139             7136
   2676.5220652581575        4.6137125623541154E-007   33276391.279531647             7137
   2676.8971121390173        4.6130012771404170E-007   33276408.593842302             7138
   2677.2721590198776        4.6122903507778685E-007   33276425.903315138             7139
   2677.6472059007374        4.6115797830537820E-007   33276443.207952183             7140
   2678.0222527815977        4.6108695737600786E-007   33276460.507755462             7141
   2678.3972996624580        4.6101597226872510E-007   33276477.802726999             7142
   2678.7723465433178        4.6094502296092759E-007   33276495.092868816             7143
   2679.1473934241781        4.6087410943266766E-007   33276512.378182944             7144
   2679.5224403050383        4.6080323166106709E-007   33276529.658671394             7145
   2679.8974871858982        4.6073238962659046E-007   33276546.934336193             7146
   2680.2725340667585        4.6066158330693051E-007   33276564.205179360             7147
   2680.6475809476183        4.6059081268034290E-007   33276581.471202914             7148
   2681.0226278284786        4.6052007772708986E-007   33276598.732408870             7149
   2681.3976747093388        4.6044937842461295E-007   33276615.988799244             7150
   2681.7727215901987        4.6037871475292112E-007   33276633.240376052             7151
   2682.1477684710590        4.6030808668942491E-007   33276650.487141307             7152
   2682.5228153519192        4.6023749421389701E-007   33276667.729097024             7153
   2682.8978622327791        4.6016693730570894E-007   33276684.966245208             7154
   2683.2729091136393        4.6009641594211718E-007   33276702.198587880             7155
   2683.6479559944996        4.6002593010366119E-007   33276719.426127039             7156
   2684.0230028753595        4.5995547976772436E-007   33276736.648864698             7157
   2684.3980497562197        4.5988506491408933E-007   33276753.866802864             7158
   2684.7730966370796        4.5981468552168488E-007   33276771.079943545             7159
   2685.1481435179398        4.5974434156940724E-007   33276788.288288742             7160
   2685.5231903988001        4.5967403303679729E-007   33276805.491840459             7161
   2685.8982372796595        4.5960375990152675E-007   33276822.690600704             7162
   2686.2732841605202        4.5953352214301813E-007   33276839.884571474             7163
   2686.6483310413805        4.5946331974083459E-007   33276857.073754761             7164
   2687.0233779222399        4.5939315267347218E-007   33276874.258152578             7165
   2687.3984248031006        4.5932302092016684E-007   33276891.437766921             7166
   2687.7734716839605        4.5925292446053357E-007   33276908.612599779             7167
   2688.1485185648203        4.5918286327287227E-007   33276925.782653153             7168
   2688.5235654456810        4.5911283733585662E-007   33276942.947929043             7169
   2688.8986123265408        4.5904284663024870E-007   33276960.108429436             7170
   2689.2736592074007        4.5897289113318687E-007   33276977.264156323             7171
   2689.6487060882614        4.5890297082531713E-007   33276994.415111702             7172
   2690.0237529691208        4.5883308568520313E-007   33277011.561297555             7173
   2690.3987998499811        4.5876323569188753E-007   33277028.702715881             7174
   2690.7738467308418        4.5869342082540545E-007   33277045.839368660             7175
   2691.1488936117012        4.5862364106382381E-007   33277062.971257880             7176
   2691.5239404925615        4.5855389638676312E-007   33277080.098385531             7177
   2691.8989873734217        4.5848418677323775E-007   33277097.220753599             7178
   2692.2740342542816        4.5841451220335402E-007   33277114.338364061             7179
   2692.6490811351418        4.5834487265528523E-007   33277131.451218903             7180
   2693.0241280160017        4.5827526810906204E-007   33277148.559320111             7181
   2693.3991748968620        4.5820569854390361E-007   33277165.662669659             7182
   2693.7742217777222        4.5813616393915652E-007   33277182.761269528             7183
   2694.1492686585821        4.5806666427323985E-007   33277199.855121702             7184
   2694.5243155394423        4.5799719952699738E-007   33277216.944228150             7185
   2694.8993624203026        4.5792776967869032E-007   33277234.028590851             7186
   2695.2744093011624        4.5785837470759971E-007   33277251.108211778             7187
   2695.6494561820227        4.5778901459398746E-007   33277268.183092911             7188
   2696.0245030628830        4.5771968931663127E-007   33277285.253236216             7189
   2696.3995499437428        4.5765039885481934E-007   33277302.318643671             7190
   2696.7745968246031        4.5758114318912394E-007   33277319.379317239             7191
   2697.1496437054629        4.5751192229760419E-007   33277336.435258891             7192
   2697.5246905863232        4.5744273616015103E-007   33277353.486470602             7193
   2697.8997374671835        4.5737358475631080E-007   33277370.532954335             7194
   2698.2747843480433        4.5730446806568344E-007   33277387.574712057             7195
   2698.6498312289036        4.5723538606831816E-007   33277404.611745734             7196
   2699.0248781097639        4.5716633874234403E-007   33277421.644057326             7197
   2699.3999249906237        4.5709732606901992E-007   33277438.671648797             7198
   2699.7749718714840        4.5702834802647460E-007   33277455.694522109             7199
   2700.1500187523443        4.5695940459500326E-007   33277472.712679226             7200
   2700.5250656332041        4.5689049575389988E-007   33277489.726122104             7201
   2700.9001125140644        4.5682162148313821E-007   33277506.734852701             7202
   2701.2751593949242        4.5675278176169124E-007   33277523.738872979             7203
   2701.6502062757845        4.5668397656975285E-007   33277540.738184892             7204
   2702.0252531566448        4.5661520588739586E-007   33277557.732790396             7205
   2702.4003000375046        4.5654646969322145E-007   33277574.722691447             7206
   2702.7753469183649        4.5647776796754458E-007   33277591.707889989             7207
   2703.1503937992247        4.5640910068983630E-007   33277608.688387986             7208
   2703.5254406800850        4.5634046783954197E-007   33277625.664187383             7209
   2703.9004875609453        4.5627186939742923E-007   33277642.635290131             7210
   2704.2755344418051        4.5620330534213915E-007   33277659.601698179             7211
   2704.6505813226654        4.5613477565416244E-007   33277676.563413471             7212
   2705.0256282035257        4.5606628031332398E-007   33277693.520437960             7213
   2705.4006750843855        4.5599781929862595E-007   33277710.472773589             7214
   2705.7757219652458        4.5592939259006523E-007   33277727.420422301             7215
   2706.1507688461061        4.5586100016831363E-007   33277744.363386042             7216
   2706.5258157269659        4.5579264201204537E-007   33277761.301666752             7217
   2706.9008626078262        4.5572431810245774E-007   33277778.235266373             7218
   2707.2759094886860        4.5565602841796776E-007   33277795.164186846             7219
   2707.6509563695463        4.5558777293954709E-007   33277812.088430107             7220
   2708.0260032504066        4.5551955164668769E-007   33277829.007998098             7221
   2708.4010501312659        4.5545136451897258E-007   33277845.922892757             7222
   2708.7760970121267        4.5538321153712661E-007   33277862.833116017             7223
   2709.1511438929870        4.5531509268023354E-007   33277879.738669816             7224
   2709.5261907738463        4.5524700792856548E-007   33277896.639556080             7225
   2709.9012376547071        4.5517895726262781E-007   33277913.535776753             7226
   2710.2762845355669        4.5511094066169507E-007   33277930.427333757             7227
   2710.6513314164267        4.5504295810649413E-007   33277947.314229026             7228
   2711.0263782972875        4.5497500957637655E-007   33277964.196464494             7229
   2711.4014251781473        4.5490709505125024E-007   33277981.074042082             7230
   2711.7764720590071        4.5483921451145953E-007   33277997.946963720             7231
   2712.1515189398679        4.5477136793770107E-007   33278014.815231338             7232
   2712.5265658207272        4.5470355530914568E-007   33278031.678846855             7233
   2712.9016127015875        4.5463577660606666E-007   33278048.537812203             7234
   2713.2766595824482        4.5456803180894021E-007   33278065.392129298             7235
   2713.6517064633076        4.5450032089804233E-007   33278082.241800070             7236
   2714.0267533441679        4.5443264385244340E-007   33278099.086826436             7237
   2714.4018002250282        4.5436500065355594E-007   33278115.927210312             7238
   2714.7768471058880        4.5429739128057760E-007   33278132.762953620             7239
   2715.1518939867483        4.5422981571446544E-007   33278149.594058283             7240
   2715.5269408676081        4.5416227393521117E-007   33278166.420526206             7241
   2715.9019877484684        4.5409476592264354E-007   33278183.242359314             7242
   2716.2770346293287        4.5402729165710986E-007   33278200.059559520             7243
   2716.6520815101885        4.5395985111880898E-007   33278216.872128740             7244
   2717.0271283910488        4.5389244428870453E-007   33278233.680068877             7245
   2717.4021752719091        4.5382507114590798E-007   33278250.483381853             7246
   2717.7772221527689        4.5375773167228373E-007   33278267.282069575             7247
   2718.1522690336292        4.5369042584664161E-007   33278284.076133955             7248
   2718.5273159144895        4.5362315364934373E-007   33278300.865576893             7249
   2718.9023627953493        4.5355591506219667E-007   33278317.650400303             7250
   2719.2774096762096        4.5348871006396809E-007   33278334.430606093             7251
   2719.6524565570694        4.5342153863602456E-007   33278351.206196167             7252
   2720.0275034379297        4.5335440075772856E-007   33278367.977172423             7253
   2720.4025503187900        4.5328729641097842E-007   33278384.743536770             7254
   2720.7775971996498        4.5322022557457014E-007   33278401.505291108             7255
   2721.1526440805101        4.5315318822955824E-007   33278418.262437344             7256
   2721.5276909613704        4.5308618435694457E-007   33278435.014977369             7257
   2721.9027378422302        4.5301921393699978E-007   33278451.762913089             7258
   2722.2777847230905        4.5295227694926769E-007   33278468.506246395             7259
   2722.6528316039503        4.5288537337490750E-007   33278485.244979188             7260
   2723.0278784848106        4.5281850319520136E-007   33278501.979113363             7261
   2723.4029253656709        4.5275166638926832E-007   33278518.708650816             7262
   2723.7779722465307        4.5268486293761974E-007   33278535.433593441             7263
   2724.1530191273910        4.5261809282221298E-007   33278552.153943125             7264
   2724.5280660082512        4.5255135602240890E-007   33278568.869701769             7265
   2724.9031128891111        4.5248465251904969E-007   33278585.580871258             7266
   2725.2781597699714        4.5241798229309538E-007   33278602.287453488             7267
   2725.6532066508312        4.5235134532495276E-007   33278618.989450336             7268
   2726.0282535316915        4.5228474159478862E-007   33278635.686863694             7269
   2726.4033004125517        4.5221817108321134E-007   33278652.379695453             7270
   2726.7783472934116        4.5215163377165229E-007   33278669.067947496             7271
   2727.1533941742719        4.5208512964073826E-007   33278685.751621708             7272
   2727.5284410551321        4.5201865867037056E-007   33278702.430719972             7273
   2727.9034879359920        4.5195222084147035E-007   33278719.105244171             7274
   2728.2785348168522        4.5188581613535615E-007   33278735.775196183             7275
   2728.6535816977121        4.5181944453178446E-007   33278752.440577894             7276
   2729.0286285785724        4.5175310601187476E-007   33278769.101391178             7277
   2729.4036754594326        4.5168680055696628E-007   33278785.757637918             7278
   2729.7787223402925        4.5162052814696019E-007   33278802.409319986             7279
   2730.1537692211527        4.5155428876311489E-007   33278819.056439262             7280
   2730.5288161020130        4.5148808238585035E-007   33278835.698997617             7281
   2730.9038629828724        4.5142190899592799E-007   33278852.336996932             7282
   2731.2789098637331        4.5135576857522435E-007   33278868.970439073             7283
   2731.6539567445934        4.5128966110342701E-007   33278885.599325914             7284
   2732.0290036254528        4.5122358656134078E-007   33278902.223659325             7285
   2732.4040505063135        4.5115754493033918E-007   33278918.843441177             7286
   2732.7790973871734        4.5109153619124766E-007   33278935.458673343             7287
   2733.1541442680332        4.5102556032534289E-007   33278952.069357689             7288
   2733.5291911488939        4.5095961731238024E-007   33278968.675496075             7289
   2733.9042380297533        4.5089370713434724E-007   33278985.277090378             7290
   2734.2792849106136        4.5082782977141401E-007   33279001.874142457             7291
   2734.6543317914743        4.5076198520509494E-007   33279018.466654174             7292
   2735.0293786723337        4.5069617341566296E-007   33279035.054627396             7293
   2735.4044255531940        4.5063039438509289E-007   33279051.638063986             7294
   2735.7794724340547        4.5056464809425640E-007   33279068.216965802             7295
   2736.1545193149141        4.5049893452302640E-007   33279084.791334704             7296
   2736.5295661957744        4.5043325365312369E-007   33279101.361172549             7297
   2736.9046130766346        4.5036760546609435E-007   33279117.926481195             7298
   2737.2796599574945        4.5030198994166433E-007   33279134.487262502             7299
   2737.6547068383552        4.5023640706214467E-007   33279151.043518323             7300
   2738.0297537192146        4.5017085680856934E-007   33279167.595250513             7301
   2738.4048006000749        4.5010533916114307E-007   33279184.142460931             7302
   2738.7798474809356        4.5003985410102522E-007   33279200.685151421             7303
   2739.1548943617950        4.4997440161070951E-007   33279217.223323841             7304
   2739.5299412426552        4.4990898166966128E-007   33279233.756980035             7305
   2739.9049881235155        4.4984359425986539E-007   33279250.286121864             7306
   2740.2800350043753        4.4977823936194577E-007   33279266.810751162             7307
   2740.6550818852356        4.4971291695791767E-007   33279283.330869790             7308
   2741.0301287660959        4.4964762702853477E-007   33279299.846479587             7309
   2741.4051756469557        4.4958236955496847E-007   33279316.357582405             7310
   2741.7802225278160        4.4951714451843841E-007   33279332.864180081             7311
   2742.1552694086758        4.4945195189996142E-007   33279349.366274461             7312
   2742.5303162895361        4.4938679168077434E-007   33279365.863867391             7313
   2742.9053631703964        4.4932166384298847E-007   33279382.356960710             7314
   2743.2804100512562        4.4925656836666741E-007   33279398.845556255             7315
   2743.6554569321165        4.4919150523349185E-007   33279415.329655871             7316
   2744.0305038129768        4.4912647442516482E-007   33279431.809261397             7317
   2744.4055506938366        4.4906147592276471E-007   33279448.284374665             7318
   2744.7805975746969        4.4899650970746124E-007   33279464.754997518             7319
   2745.1556444555567        4.4893157576071048E-007   33279481.221131790             7320
   2745.5306913364170        4.4886667406421217E-007   33279497.682779312             7321
   2745.9057382172773        4.4880180459869345E-007   33279514.139941920             7322
   2746.2807850981371        4.4873696734545761E-007   33279530.592621446             7323
   2746.6558319789974        4.4867216228709050E-007   33279547.040819727             7324
   2747.0308788598577        4.4860738940368235E-007   33279563.484538585             7325
   2747.4059257407175        4.4854264867702596E-007   33279579.923779856             7326
   2747.7809726215778        4.4847794008883618E-007   33279596.358545363             7327
   2748.1560195024376        4.4841326362059966E-007   33279612.788836941             7328
   2748.5310663832979        4.4834861925301523E-007   33279629.214656409             7329
   2748.9061132641582        4.4828400696879739E-007   33279645.636005595             7330
   2749.2811601450180        4.4821942674849735E-007   33279662.052886322             7331
   2749.6562070258783        4.4815487857381269E-007   33279678.465300426             7332
   2750.0312539067386        4.4809036242661071E-007   33279694.873249713             7333
   2750.4063007875984        4.4802587828794509E-007   33279711.276736014             7334
   2750.7813476684587        4.4796142613942314E-007   33279727.675761141             7335
   2751.1563945493185        4.4789700596270882E-007   33279744.070326928             7336
   2751.5314414301788        4.4783261773956027E-007   33279760.460435182             7337
   2751.9064883110391        4.4776826145152328E-007   33279776.846087720             7338
   2752.2815351918989        4.4770393707989512E-007   33279793.227286369             7339
   2752.6565820727592        4.4763964460690793E-007   33279809.604032934             7340
   2753.0316289536195        4.4757538401331459E-007   33279825.976329237             7341
   2753.4066758344793        4.4751115528121914E-007   33279842.344177086             7342
   2753.7817227153396        4.4744695839251086E-007   33279858.707578298             7343
   2754.1567695961999        4.4738279332841653E-007   33279875.066534683             7344
   2754.5318164770597        4.4731866007055940E-007   33279891.421048056             7345
   2754.9068633579200        4.4725455860103325E-007   33279907.771120224             7346
   2755.2819102387798        4.4719048890156339E-007   33279924.116752993             7347
   2755.6569571196401        4.4712645095380070E-007   33279940.457948174             7348
   2756.0320040005004        4.4706244473947179E-007   33279956.794707574             7349
   2756.4070508813597        4.4699847024003953E-007   33279973.127032995             7350
   2756.7820977622205        4.4693452743746478E-007   33279989.454926241             7351
   2757.1571446430808        4.4687061631339577E-007   33280005.778389122             7352
   2757.5321915239401        4.4680673684951288E-007   33280022.097423442             7353
   2757.9072384048009        4.4674288902822863E-007   33280038.412030995             7354
   2758.2822852856607        4.4667907283121926E-007   33280054.722213589             7355
   2758.6573321665205        4.4661528823968387E-007   33280071.027973015             7356
   2759.0323790473813        4.4655153523611758E-007   33280087.329311084             7357
   2759.4074259282411        4.4648781380160930E-007   33280103.626229588             7358
   2759.7824728091009        4.4642412391925682E-007   33280119.918730326             7359
   2760.1575196899616        4.4636046557016077E-007   33280136.206815094             7360
   2760.5325665708210        4.4629683873544328E-007   33280152.490485679             7361
   2760.9076134516813        4.4623324339859836E-007   33280168.769743882             7362
   2761.2826603325420        4.4616967954111279E-007   33280185.044591498             7363
   2761.6577072134014        4.4610614714395723E-007   33280201.315030318             7364
   2762.0327540942617        4.4604264619012020E-007   33280217.581062134             7365
   2762.4078009751220        4.4597917666073134E-007   33280233.842688732             7366
   2762.7828478559818        4.4591573853854896E-007   33280250.099911906             7367
   2763.1578947368421        4.4585233180509002E-007   33280266.352733444             7368
   2763.5329416177019        4.4578895644299796E-007   33280282.601155132             7369
   2763.9079884985622        4.4572561243372589E-007   33280298.845178753             7370
   2764.2830353794225        4.4566229975926732E-007   33280315.084806096             7371
   2764.6580822602823        4.4559901840117424E-007   33280331.320038944             7372
   2765.0331291411426        4.4553576834310986E-007   33280347.550879080             7373
   2765.4081760220029        4.4547254956535443E-007   33280363.777328294             7374
   2765.7832229028627        4.4540936205142795E-007   33280379.999388359             7375
   2766.1582697837230        4.4534620578214064E-007   33280396.217061061             7376
   2766.5333166645833        4.4528308074070149E-007   33280412.430348173             7377
   2766.9083635454431        4.4521998690894445E-007   33280428.639251482             7378
   2767.2834104263034        4.4515692426838441E-007   33280444.843772754             7379
   2767.6584573071632        4.4509389280201231E-007   33280461.043913778             7380
   2768.0335041880235        4.4503089249146298E-007   33280477.239676327             7381
   2768.4085510688838        4.4496792331907379E-007   33280493.431062173             7382
   2768.7835979497436        4.4490498526684195E-007   33280509.618073091             7383
   2769.1586448306039        4.4484207831737517E-007   33280525.800710853             7384
   2769.5336917114637        4.4477920245255288E-007   33280541.978977229             7385
   2769.9087385923240        4.4471635765497976E-007   33280558.152873993             7386
   2770.2837854731843        4.4465354390626187E-007   33280574.322402917             7387
   2770.6588323540441        4.4459076118908570E-007   33280590.487565767             7388
   2771.0338792349044        4.4452800948615811E-007   33280606.648364309             7389
   2771.4089261157646        4.4446528877856242E-007   33280622.804800320             7390
   2771.7839729966245        4.4440259905002713E-007   33280638.956875555             7391
   2772.1590198774848        4.4433994028156647E-007   33280655.104591783             7392
   2772.5340667583450        4.4427731245602914E-007   33280671.247950770             7393
   2772.9091136392049        4.4421471555593428E-007   33280687.386954274             7394
   2773.2841605200651        4.4415214956352247E-007   33280703.521604069             7395
   2773.6592074009250        4.4408961446104456E-007   33280719.651901901             7396
   2774.0342542817853        4.4402711023092774E-007   33280735.777849544             7397
   2774.4093011626455        4.4396463685599010E-007   33280751.899448752             7398
   2774.7843480435054        4.4390219431763202E-007   33280768.016701281             7399
   2775.1593949243656        4.4383978259901147E-007   33280784.129608896             7400
   2775.5344418052259        4.4377740168235181E-007   33280800.238173347             7401
   2775.9094886860858        4.4371505155032948E-007   33280816.342396393             7402
   2776.2845355669460        4.4365273218514154E-007   33280832.442279790             7403
   2776.6595824478063        4.4359044356898462E-007   33280848.537825283             7404
   2777.0346293286661        4.4352818568492035E-007   33280864.629034638             7405
   2777.4096762095264        4.4346595851498199E-007   33280880.715909597             7406
   2777.7847230903863        4.4340376204230496E-007   33280896.798451919             7407
   2778.1597699712465        4.4334159624825489E-007   33280912.876663346             7408
   2778.5348168521068        4.4327946111639714E-007   33280928.950545631             7409
   2778.9098637329662        4.4321735662890143E-007   33280945.020100523             7410
   2779.2849106138269        4.4315528276831144E-007   33280961.085329771             7411
   2779.6599574946872        4.4309323951758867E-007   33280977.146235116             7412
   2780.0350043755466        4.4303122685827966E-007   33280993.202818304             7413
   2780.4100512564073        4.4296924477414810E-007   33281009.255081087             7414
   2780.7850981372671        4.4290729324714030E-007   33281025.303025201             7415
   2781.1601450181270        4.4284537226021876E-007   33281041.346652392             7416
   2781.5351918989877        4.4278348179526597E-007   33281057.385964401             7417
   2781.9102387798475        4.4272162183640209E-007   33281073.420962967             7418
   2782.2852856607074        4.4265979236466257E-007   33281089.451649830             7419
   2782.6603325415681        4.4259799336335551E-007   33281105.478026733             7420
   2783.0353794224275        4.4253622481560702E-007   33281121.500095408             7421
   2783.4104263032877        4.4247448670328636E-007   33281137.517857596             7422
   2783.7854731841485        4.4241277900996600E-007   33281153.531315032             7423
   2784.1605200650079        4.4235110171813117E-007   33281169.540469453             7424
   2784.5355669458681        4.4228945480941447E-007   33281185.545322586             7425
   2784.9106138267284        4.4222783826831722E-007   33281201.545876175             7426
   2785.2856607075882        4.4216625207634912E-007   33281217.542131945             7427
   2785.6607075884485        4.4210469621671709E-007   33281233.534091629             7428
   2786.0357544693084        4.4204317067259781E-007   33281249.521756954             7429
   2786.4108013501686        4.4198167542556648E-007   33281265.505129654             7430
   2786.7858482310289        4.4192021045979553E-007   33281281.484211456             7431
   2787.1608951118887        4.4185877575751111E-007   33281297.459004093             7432
   2787.5359419927490        4.4179737130134276E-007   33281313.429509286             7433
   2787.9109888736093        4.4173599707455851E-007   33281329.395728759             7434
   2788.2860357544691        4.4167465305962985E-007   33281345.357664242             7435
   2788.6610826353294        4.4161333923961650E-007   33281361.315317459             7436
   2789.0361295161897        4.4155205559772920E-007   33281377.268690128             7437
   2789.4111763970495        4.4149080211610420E-007   33281393.217783973             7438
   2789.7862232779098        4.4142957877787557E-007   33281409.162600715             7439
   2790.1612701587696        4.4136838556676637E-007   33281425.103142079             7440
   2790.5363170396299        4.4130722246499902E-007   33281441.039409775             7441
   2790.9113639204902        4.4124608945526301E-007   33281456.971405532             7442
   2791.2864108013500        4.4118498652110141E-007   33281472.899131063             7443
   2791.6614576822103        4.4112391364537423E-007   33281488.822588082             7444
   2792.0365045630701        4.4106287081060660E-007   33281504.741778307             7445
   2792.4115514439304        4.4100185800024020E-007   33281520.656703454             7446
   2792.7865983247907        4.4094087519746416E-007   33281536.567365233             7447
   2793.1616452056505        4.4087992238462448E-007   33281552.473765362             7448
   2793.5366920865108        4.4081899954532057E-007   33281568.375905551             7449
   2793.9117389673711        4.4075810666233349E-007   33281584.273787510             7450
   2794.2867858482309        4.4069724371895937E-007   33281600.167412948             7451
   2794.6618327290912        4.4063641069797443E-007   33281616.056783579             7452
   2795.0368796099515        4.4057560758274505E-007   33281631.941901103             7453
   2795.4119264908113        4.4051483435611333E-007   33281647.822767235             7454
   2795.7869733716716        4.4045409100132266E-007   33281663.699383680             7455
   2796.1620202525314        4.4039337750183368E-007   33281679.571752142             7456
   2796.5370671333917        4.4033269383979526E-007   33281695.439874329             7457
   2796.9121140142520        4.4027203999923693E-007   33281711.303751938             7458
   2797.2871608951118        4.4021141596285120E-007   33281727.163386676             7459
   2797.6622077759721        4.4015082171462157E-007   33281743.018780246             7460
   2798.0372546568324        4.4009025723649837E-007   33281758.869934347             7461
   2798.4123015376922        4.4002972251242381E-007   33281774.716850683             7462
   2798.7873484185525        4.3996921752523143E-007   33281790.559530947             7463
   2799.1623952994123        4.3990874225874513E-007   33281806.397976842             7464
   2799.5374421802726        4.3984829669550174E-007   33281822.232190061             7465
   2799.9124890611329        4.3978788081890715E-007   33281838.062172309             7466
   2800.2875359419927        4.3972749461294565E-007   33281853.887925271             7467
   2800.6625828228530        4.3966713806010044E-007   33281869.709450647             7468
   2801.0376297037133        4.3960681114399394E-007   33281885.526750132             7469
   2801.4126765845726        4.3954651384742845E-007   33281901.339825418             7470
   2801.7877234654334        4.3948624615425615E-007   33281917.148678191             7471
   2802.1627703462937        4.3942600804743663E-007   33281932.953310151             7472
   2802.5378172271530        4.3936579951021628E-007   33281948.753722984             7473
   2802.9128641080138        4.3930562052702377E-007   33281964.549918376             7474
   2803.2879109888736        4.3924547107972915E-007   33281980.341898024             7475
   2803.6629578697334        4.3918535115231969E-007   33281996.129663609             7476
   2804.0380047505942        4.3912526072789956E-007   33282011.913216818             7477
   2804.4130516314535        4.3906519979073202E-007   33282027.692559335             7478
   2804.7880985123138        4.3900516832335102E-007   33282043.467692852             7479
   2805.1631453931745        4.3894516630947628E-007   33282059.238619048             7480
   2805.5381922740339        4.3888519373243660E-007   33282075.005339608             7481
   2805.9132391548942        4.3882525057596196E-007   33282090.767856210             7482
   2806.2882860357549        4.3876533682280492E-007   33282106.526170537             7483
   2806.6633329166143        4.3870545245690933E-007   33282122.280284271             7484
   2807.0383797974746        4.3864559746237246E-007   33282138.030199088             7485
   2807.4134266783349        4.3858577182157360E-007   33282153.775916666             7486
   2807.7884735591947        4.3852597551812609E-007   33282169.517438691             7487
   2808.1635204400550        4.3846620853624464E-007   33282185.254766829             7488
   2808.5385673209148        4.3840647085886893E-007   33282200.987902761             7489
   2808.9136142017751        4.3834676247003426E-007   33282216.716848165             7490
   2809.2886610826354        4.3828708335308282E-007   33282232.441604711             7491
   2809.6637079634952        4.3822743349113679E-007   33282248.162174072             7492
   2810.0387548443555        4.3816781286785065E-007   33282263.878557917             7493
   2810.4138017252158        4.3810822146796278E-007   33282279.590757921             7494
   2810.7888486060756        4.3804865927327780E-007   33282295.298775759             7495
   2811.1638954869359        4.3798912626838707E-007   33282311.002613094             7496
   2811.5389423677962        4.3792962243721957E-007   33282326.702271596             7497
   2811.9139892486560        4.3787014776264384E-007   33282342.397752937             7498
   2812.2890361295163        4.3781070222890412E-007   33282358.089058775             7499
   2812.6640830103761        4.3775128581950677E-007   33282373.776190784             7500
   2813.0391298912364        4.3769189851779802E-007   33282389.459150627             7501
   2813.4141767720967        4.3763254030706547E-007   33282405.137939967             7502
   2813.7892236529565        4.3757321117242406E-007   33282420.812560469             7503
   2814.1642705338168        4.3751391109634196E-007   33282436.483013790             7504
   2814.5393174146770        4.3745464006318409E-007   33282452.149301603             7505
   2814.9143642955369        4.3739539805572770E-007   33282467.811425559             7506
   2815.2894111763972        4.3733618505925790E-007   33282483.469387323             7507
   2815.6644580572570        4.3727700105648877E-007   33282499.123188544             7508
   2816.0395049381173        4.3721784603070162E-007   33282514.772830892             7509
   2816.4145518189775        4.3715871996666972E-007   33282530.418316022             7510
   2816.7895986998374        4.3709962284779588E-007   33282546.059645582             7511
   2817.1646455806977        4.3704055465818965E-007   33282561.696821243             7512
   2817.5396924615579        4.3698151538071090E-007   33282577.329844642             7513
   2817.9147393424178        4.3692250500041330E-007   33282592.958717443             7514
   2818.2897862232780        4.3686352350010803E-007   33282608.583441298             7515
   2818.6648331041379        4.3680457086454726E-007   33282624.204017855             7516
   2819.0398799849982        4.3674564707670071E-007   33282639.820448767             7517
   2819.4149268658584        4.3668675212094392E-007   33282655.432735685             7518
   2819.7899737467183        4.3662788598088397E-007   33282671.040880263             7519
   2820.1650206275785        4.3656904864060862E-007   33282686.644884136             7520
   2820.5400675084388        4.3651024008413732E-007   33282702.244748961             7521
   2820.9151143892987        4.3645146029518513E-007   33282717.840476386             7522
   2821.2901612701589        4.3639270925740986E-007   33282733.432068054             7523
   2821.6652081510188        4.3633398695528450E-007   33282749.019525606             7524
   2822.0402550318790        4.3627529337231186E-007   33282764.602850690             7525
   2822.4153019127393        4.3621662849256027E-007   33282780.182044953             7526
   2822.7903487935987        4.3615799230020471E-007   33282795.757110033             7527
   2823.1653956744594        4.3609938477901836E-007   33282811.328047566             7528
   2823.5404425553197        4.3604080591303777E-007   33282826.894859206             7529
   2823.9154894361791        4.3598225568615571E-007   33282842.457546581             7530
   2824.2905363170398        4.3592373408308609E-007   33282858.016111333             7531
   2824.6655831979001        4.3586524108722877E-007   33282873.570555106             7532
   2825.0406300787595        4.3580677668202043E-007   33282889.120879527             7533
   2825.4156769596202        4.3574834085248327E-007   33282904.667086236             7534
   2825.7907238404800        4.3568993358277950E-007   33282920.209176868             7535
   2826.1657707213399        4.3563155485591135E-007   33282935.747153066             7536
   2826.5408176022006        4.3557320465702102E-007   33282951.281016454             7537
   2826.9158644830600        4.3551488296943507E-007   33282966.810768668             7538
   2827.2909113639203        4.3545658977786654E-007   33282982.336411335             7539
   2827.6659582447810        4.3539832506602739E-007   33282997.857946090             7540
   2828.0410051256404        4.3534008881861984E-007   33283013.375374563             7541
   2828.4160520065006        4.3528188101934688E-007   33283028.888698384             7542
   2828.7910988873609        4.3522370165205526E-007   33283044.397919185             7543
   2829.1661457682208        4.3516555070139410E-007   33283059.903038584             7544
   2829.5411926490810        4.3510742815119699E-007   33283075.404058214             7545
   2829.9162395299413        4.3504933398642353E-007   33283090.900979701             7546
   2830.2912864108011        4.3499126819002131E-007   33283106.393804673             7547
   2830.6663332916614        4.3493323074695792E-007   33283121.882534746             7548
   2831.0413801725213        4.3487522164165701E-007   33283137.367171545             7549
   2831.4164270533815        4.3481724085804545E-007   33283152.847716697             7550
   2831.7914739342418        4.3475928838018637E-007   33283168.324171823             7551
   2832.1665208151016        4.3470136419281945E-007   33283183.796538539             7552
   2832.5415676959619        4.3464346827993011E-007   33283199.264818463             7553
   2832.9166145768222        4.3458560062516294E-007   33283214.729013227             7554
   2833.2916614576820        4.3452776121368274E-007   33283230.189124439             7555
   2833.6667083385423        4.3446995002975000E-007   33283245.645153716             7556
   2834.0417552194021        4.3441216705719459E-007   33283261.097102679             7557
   2834.4168021002624        4.3435441228122313E-007   33283276.544972938             7558
   2834.7918489811227        4.3429668568474335E-007   33283291.988766111             7559
   2835.1668958619825        4.3423898725362054E-007   33283307.428483814             7560
   2835.5419427428428        4.3418131697109929E-007   33283322.864127655             7561
   2835.9169896237031        4.3412367482199774E-007   33283338.295699250             7562
   2836.2920365045629        4.3406606079070364E-007   33283353.723200206             7563
   2836.6670833854232        4.3400847486164668E-007   33283369.146632139             7564
   2837.0421302662835        4.3395091701872984E-007   33283384.565996658             7565
   2837.4171771471433        4.3389338724688076E-007   33283399.981295370             7566
   2837.7922240280036        4.3383588553108264E-007   33283415.392529879             7567
   2838.1672709088634        4.3377841185427499E-007   33283430.799701799             7568
   2838.5423177897237        4.3372096620195812E-007   33283446.202812731             7569
   2838.9173646705840        4.3366354855860016E-007   33283461.601864282             7570
   2839.2924115514438        4.3360615890814687E-007   33283476.996858057             7571
   2839.6674584323041        4.3354879723528160E-007   33283492.387795664             7572
   2840.0425053131639        4.3349146352494752E-007   33283507.774678700             7573
   2840.4175521940242        4.3343415776098766E-007   33283523.157508768             7574
   2840.7925990748845        4.3337687992817377E-007   33283538.536287472             7575
   2841.1676459557443        4.3331963001121143E-007   33283553.911016408             7576
   2841.5426928366046        4.3326240799456401E-007   33283569.281697176             7577
   2841.9177397174649        4.3320521386263762E-007   33283584.648331374             7578
   2842.2927865983247        4.3314804759955072E-007   33283600.010920607             7579
   2842.6678334791850        4.3309090919100157E-007   33283615.369466461             7580
   2843.0428803600453        4.3303379862063557E-007   33283630.723970544             7581
   2843.4179272409051        4.3297671587361205E-007   33283646.074434441             7582
   2843.7929741217654        4.3291966093404295E-007   33283661.420859750             7583
   2844.1680210026252        4.3286263378673150E-007   33283676.763248067             7584
   2844.5430678834855        4.3280563441632317E-007   33283692.101600982             7585
   2844.9181147643458        4.3274866280743609E-007   33283707.435920086             7586
   2845.2931616452051        4.3269171894481695E-007   33283722.766206976             7587
   2845.6682085260659        4.3263480281312466E-007   33283738.092463233             7588
   2846.0432554069262        4.3257791439684666E-007   33283753.414690450             7589
   2846.4183022877855        4.3252105368069862E-007   33283768.732890222             7590
   2846.7933491686463        4.3246422064951625E-007   33283784.047064126             7591
   2847.1683960495066        4.3240741528833117E-007   33283799.357213754             7592
   2847.5434429303659        4.3235063758077466E-007   33283814.663340695             7593
   2847.9184898112267        4.3229388751231065E-007   33283829.965446535             7594
   2848.2935366920865        4.3223716506797921E-007   33283845.263532851             7595
   2848.6685835729468        4.3218047023224104E-007   33283860.557601232             7596
   2849.0436304538071        4.3212380298926043E-007   33283875.847653259             7597
   2849.4186773346664        4.3206716332444783E-007   33283891.133690517             7598
   2849.7937242155272        4.3201055122256167E-007   33283906.415714581             7599
   2850.1687710963874        4.3195396666853848E-007   33283921.693727035             7600
   2850.5438179772468        4.3189740964628526E-007   33283936.967729457             7601
   2850.9188648581076        4.3184088014140770E-007   33283952.237723425             7602
   2851.2939117389674        4.3178437813907833E-007   33283967.503710520             7603
   2851.6689586198272        4.3172790362275591E-007   33283982.765692320             7604
   2852.0440055006879        4.3167145657886347E-007   33283998.023670394             7605
   2852.4190523815473        4.3161503699088332E-007   33284013.277646326             7606
   2852.7940992624076        4.3155864484510477E-007   33284028.527621683             7607
   2853.1691461432683        4.3150228012489943E-007   33284043.773598041             7608
   2853.5441930241277        4.3144594281635475E-007   33284059.015576974             7609
   2853.9192399049880        4.3138963290339345E-007   33284074.253560051             7610
   2854.2942867858487        4.3133335037138320E-007   33284089.487548847             7611
   2854.6693336667081        4.3127709520579828E-007   33284104.717544928             7612
   2855.0443805475684        4.3122086739035375E-007   33284119.943549868             7613
   2855.4194274284287        4.3116466691161068E-007   33284135.165565234             7614
   2855.7944743092885        4.3110849375280544E-007   33284150.383592594             7615
   2856.1695211901488        4.3105234789992812E-007   33284165.597633515             7616
   2856.5445680710086        4.3099622933736159E-007   33284180.807689559             7617
   2856.9196149518689        4.3094013805118683E-007   33284196.013762299             7618
   2857.2946618327292        4.3088407402492142E-007   33284211.215853292             7619
   2857.6697087135890        4.3082803724483273E-007   33284226.413964111             7620
   2858.0447555944493        4.3077202769504456E-007   33284241.608096309             7621
   2858.4198024753096        4.3071604536115905E-007   33284256.798251458             7622
   2858.7948493561694        4.3066009022763542E-007   33284271.984431110             7623
   2859.1698962370297        4.3060416227962925E-007   33284287.166636828             7624
   2859.5449431178899        4.3054826150304682E-007   33284302.344870176             7625
   2859.9199899987498        4.3049238788207884E-007   33284317.519132704             7626
   2860.2950368796101        4.3043654140217535E-007   33284332.689425983             7627
   2860.6700837604699        4.3038072204821147E-007   33284347.855751559             7628
   2861.0451306413302        4.3032492980536183E-007   33284363.018110994             7629
   2861.4201775221904        4.3026916465884572E-007   33284378.176505838             7630
   2861.7952244030503        4.3021342659377176E-007   33284393.330937654             7631
   2862.1702712839106        4.3015771559529301E-007   33284408.481407989             7632
   2862.5453181647704        4.3010203164835505E-007   33284423.627918400             7633
   2862.9203650456307        4.3004637473787903E-007   33284438.770470437             7634
   2863.2954119264909        4.2999074484989888E-007   33284453.909065649             7635
   2863.6704588073508        4.2993514196895683E-007   33284469.043705594             7636
   2864.0455056882111        4.2987956607983862E-007   33284484.174391821             7637
   2864.4205525690713        4.2982401716902091E-007   33284499.301125873             7638
   2864.7955994499312        4.2976849522055617E-007   33284514.423909303             7639
   2865.1706463307914        4.2971300021974187E-007   33284529.542743653             7640
   2865.5456932116517        4.2965753215218201E-007   33284544.657630477             7641
   2865.9207400925116        4.2960209100305016E-007   33284559.768571317             7642
   2866.2957869733718        4.2954667675815102E-007   33284574.875567719             7643
   2866.6708338542317        4.2949128940181367E-007   33284589.978621222             7644
   2867.0458807350919        4.2943592891951426E-007   33284605.077733379             7645
   2867.4209276159522        4.2938059529678201E-007   33284620.172905728             7646
   2867.7959744968121        4.2932528851883463E-007   33284635.264139812             7647
   2868.1710213776723        4.2927000857057839E-007   33284650.351437166             7648
   2868.5460682585326        4.2921475543835486E-007   33284665.434799340             7649
   2868.9211151393924        4.2915952910616224E-007   33284680.514227863             7650
   2869.2961620202527        4.2910432956043716E-007   33284695.589724284             7651
   2869.6712089011125        4.2904915678588538E-007   33284710.661290135             7652
   2870.0462557819728        4.2899401076797891E-007   33284725.728926949             7653
   2870.4213026628331        4.2893889149243873E-007   33284740.792636268             7654
   2870.7963495436929        4.2888379894427813E-007   33284755.852419626             7655
   2871.1713964245532        4.2882873310882485E-007   33284770.908278558             7656
   2871.5464433054135        4.2877369397137664E-007   33284785.960214600             7657
   2871.9214901862729        4.2871868151754261E-007   33284801.008229285             7658
   2872.2965370671336        4.2866369573322410E-007   33284816.052324139             7659
   2872.6715839479939        4.2860873660299581E-007   33284831.092500698             7660
   2873.0466308288533        4.2855380411278963E-007   33284846.128760494             7661
   2873.4216777097140        4.2849889824823479E-007   33284861.161105052             7662
   2873.7967245905738        4.2844401899419159E-007   33284876.189535905             7663
   2874.1717714714337        4.2838916633613267E-007   33284891.214054581             7664
   2874.5468183522944        4.2833434026035330E-007   33284906.234662604             7665
   2874.9218652331538        4.2827954075148466E-007   33284921.251361500             7666
   2875.2969121140140        4.2822476779572561E-007   33284936.264152799             7667
   2875.6719589948748        4.2817002137762028E-007   33284951.273038026             7668
   2876.0470058757342        4.2811530148361330E-007   33284966.278018702             7669
   2876.4220527565944        4.2806060809924756E-007   33284981.279096358             7670
   2876.7970996374552        4.2800594120884966E-007   33284996.276272506             7671
   2877.1721465183145        4.2795130079971469E-007   33285011.269548677             7672
   2877.5471933991748        4.2789668685580975E-007   33285026.258926384             7673
   2877.9222402800351        4.2784209936366967E-007   33285041.244407151             7674
   2878.2972871608949        4.2778753830886750E-007   33285056.225992505             7675
   2878.6723340417552        4.2773300367636335E-007   33285071.203683954             7676
   2879.0473809226150        4.2767849545231011E-007   33285086.177483018             7677
   2879.4224278034753        4.2762401362195074E-007   33285101.147391219             7678
   2879.7974746843356        4.2756955817164418E-007   33285116.113410067             7679
   2880.1725215651954        4.2751512908587349E-007   33285131.075541079             7680
   2880.5475684460557        4.2746072635110646E-007   33285146.033785772             7681
   2880.9226153269160        4.2740634995285476E-007   33285160.988145661             7682
   2881.2976622077758        4.2735199987640913E-007   33285175.938622255             7683
   2881.6727090886361        4.2729767610823345E-007   33285190.885217067             7684
   2882.0477559694964        4.2724337863273565E-007   33285205.827931616             7685
   2882.4228028503562        4.2718910743723025E-007   33285220.766767405             7686
   2882.7978497312165        4.2713486250603876E-007   33285235.701725945             7687
   2883.1728966120763        4.2708064382525646E-007   33285250.632808749             7688
   2883.5479434929366        4.2702645138096638E-007   33285265.560017318             7689
   2883.9229903737969        4.2697228515866097E-007   33285280.483353168             7690
   2884.2980372546567        4.2691814514374303E-007   33285295.402817797             7691
   2884.6730841355170        4.2686403132258758E-007   33285310.318412725             7692
   2885.0481310163768        4.2680994368085985E-007   33285325.230139446             7693
   2885.4231778972371        4.2675588220383163E-007   33285340.137999468             7694
   2885.7982247780974        4.2670184687796453E-007   33285355.041994296             7695
   2886.1732716589572        4.2664783768847041E-007   33285369.942125428             7696
   2886.5483185398175        4.2659385462139630E-007   33285384.838394374             7697
   2886.9233654206778        4.2653989766279037E-007   33285399.730802625             7698
   2887.2984123015376        4.2648596679779316E-007   33285414.619351689             7699
   2887.6734591823979        4.2643206201257114E-007   33285429.504043069             7700
   2888.0485060632577        4.2637818329345510E-007   33285444.384878255             7701
   2888.4235529441180        4.2632433062605476E-007   33285459.261858754             7702
   2888.7985998249783        4.2627050399555418E-007   33285474.134986058             7703
   2889.1736467058381        4.2621670338857649E-007   33285489.004261665             7704
   2889.5486935866984        4.2616292879077750E-007   33285503.869687073             7705
   2889.9237404675587        4.2610918018783145E-007   33285518.731263775             7706
   2890.2987873484185        4.2605545756607527E-007   33285533.588993266             7707
   2890.6738342292788        4.2600176091110258E-007   33285548.442877039             7708
   2891.0488811101391        4.2594809020902198E-007   33285563.292916592             7709
   2891.4239279909989        4.2589444544545112E-007   33285578.139113408             7710
   2891.7989748718592        4.2584082660677130E-007   33285592.981468987             7711
   2892.1740217527190        4.2578723367888407E-007   33285607.819984816             7712
   2892.5490686335793        4.2573366664710082E-007   33285622.654662386             7713
   2892.9241155144396        4.2568012549804316E-007   33285637.485503186             7714
   2893.2991623952989        4.2562661021761242E-007   33285652.312508699             7715
   2893.6742092761597        4.2557312079160333E-007   33285667.135680415             7716
   2894.0492561570200        4.2551965720610354E-007   33285681.955019824             7717
   2894.4243030378793        4.2546621944712975E-007   33285696.770528413             7718
   2894.7993499187401        4.2541280750116273E-007   33285711.582207665             7719
   2895.1743967996003        4.2535942135321450E-007   33285726.390059065             7720
   2895.5494436804597        4.2530606099050528E-007   33285741.194084089             7721
   2895.9244905613205        4.2525272639799772E-007   33285755.994284235             7722
   2896.2995374421803        4.2519941756209659E-007   33285770.790660970             7723
   2896.6745843230401        4.2514613446921048E-007   33285785.583215788             7724
   2897.0496312039008        4.2509287710539431E-007   33285800.371950161             7725
   2897.4246780847602        4.2503964545640770E-007   33285815.156865571             7726
   2897.7997249656205        4.2498643950853004E-007   33285829.937963501             7727
   2898.1747718464812        4.2493325924751139E-007   33285844.715245426             7728
   2898.5498187273406        4.2488010466000091E-007   33285859.488712825             7729
   2898.9248656082009        4.2482697573243152E-007   33285874.258367170             7730
   2899.2999124890612        4.2477387244973921E-007   33285889.024209939             7731
   2899.6749593699210        4.2472079479898477E-007   33285903.786242612             7732
   2900.0500062507813        4.2466774276623566E-007   33285918.544466659             7733
   2900.4250531316416        4.2461471633746946E-007   33285933.298883554             7734
   2900.8001000125014        4.2456171549869744E-007   33285948.049494773             7735
   2901.1751468933617        4.2450874023637547E-007   33285962.796301786             7736
   2901.5501937742215        4.2445579053691773E-007   33285977.539306063             7737
   2901.9252406550818        4.2440286638595303E-007   33285992.278509077             7738
   2902.3002875359421        4.2434996777021844E-007   33286007.013912298             7739
   2902.6753344168019        4.2429709467570005E-007   33286021.745517194             7740
   2903.0503812976622        4.2424424708854289E-007   33286036.473325238             7741
   2903.4254281785225        4.2419142499519258E-007   33286051.197337892             7742
   2903.8004750593823        4.2413862838218691E-007   33286065.917556625             7743
   2904.1755219402426        4.2408585723505126E-007   33286080.633982904             7744
   2904.5505688211024        4.2403311154011376E-007   33286095.346618190             7745
   2904.9256157019627        4.2398039128444664E-007   33286110.055463951             7746
   2905.3006625828230        4.2392769645375128E-007   33286124.760521654             7747
   2905.6757094636828        4.2387502703462149E-007   33286139.461792760             7748
   2906.0507563445431        4.2382238301285061E-007   33286154.159278728             7749
   2906.4258032254033        4.2376976437516014E-007   33286168.852981023             7750
   2906.8008501062632        4.2371717110834107E-007   33286183.542901102             7751
   2907.1758969871235        4.2366460319791930E-007   33286198.229040429             7752
   2907.5509438679837        4.2361206063006474E-007   33286212.911400463             7753
   2907.9259907488436        4.2355954339219161E-007   33286227.589982666             7754
   2908.3010376297038        4.2350705147005327E-007   33286242.264788486             7755
   2908.6760845105637        4.2345458484981037E-007   33286256.935819391             7756
   2909.0511313914240        4.2340214351841649E-007   33286271.603076831             7757
   2909.4261782722842        4.2334972746155482E-007   33286286.266562264             7758
   2909.8012251531441        4.2329733666669970E-007   33286300.926277142             7759
   2910.1762720340043        4.2324497111921343E-007   33286315.582222920             7760
   2910.5513189148642        4.2319263080562275E-007   33286330.234401055             7761
   2910.9263657957245        4.2314031571299495E-007   33286344.882812999             7762
   2911.3014126765847        4.2308802582770598E-007   33286359.527460199             7763
   2911.6764595574446        4.2303576113552308E-007   33286374.168344110             7764
   2912.0515064383048        4.2298352162355289E-007   33286388.805466183             7765
   2912.4265533191651        4.2293130727829444E-007   33286403.438827869             7766
   2912.8016002000250        4.2287911808563616E-007   33286418.068430610             7767
   2913.1766470808852        4.2282695403241653E-007   33286432.694275860             7768
   2913.5516939617455        4.2277481510486365E-007   33286447.316365067             7769
   2913.9267408426053        4.2272270129061379E-007   33286461.934699677             7770
   2914.3017877234656        4.2267061257466930E-007   33286476.549281131             7771
   2914.6768346043254        4.2261854894450821E-007   33286491.160110880             7772
   2915.0518814851857        4.2256651038648599E-007   33286505.767190363             7773
   2915.4269283660460        4.2251449688719665E-007   33286520.370521028             7774
   2915.8019752469054        4.2246250843241871E-007   33286534.970104318             7775
   2916.1770221277661        4.2241054500978471E-007   33286549.565941673             7776
   2916.5520690086264        4.2235860660541770E-007   33286564.158034537             7777
   2916.9271158894858        4.2230669320583753E-007   33286578.746384349             7778
   2917.3021627703465        4.2225480479787425E-007   33286593.330992550             7779
   2917.6772096512068        4.2220294136818514E-007   33286607.911860578             7780
   2918.0522565320662        4.2215110290337983E-007   33286622.488989875             7781
   2918.4273034129269        4.2209928938915072E-007   33286637.062381875             7782
   2918.8023502937867        4.2204750081324965E-007   33286651.632038016             7783
   2919.1773971746466        4.2199573716200240E-007   33286666.197959732             7784
   2919.5524440555073        4.2194399842243421E-007   33286680.760148466             7785
   2919.9274909363667        4.2189228458054183E-007   33286695.318605646             7786
   2920.3025378172269        4.2184059562282620E-007   33286709.873332705             7787
   2920.6775846980877        4.2178893153687755E-007   33286724.424331084             7788
   2921.0526315789471        4.2173729230842395E-007   33286738.971602209             7789
   2921.4276784598073        4.2168567792505284E-007   33286753.515147518             7790
   2921.8027253406676        4.2163408837333390E-007   33286768.054968432             7791
   2922.1777722215274        4.2158252363885728E-007   33286782.591066390             7792
   2922.5528191023877        4.2153098371009176E-007   33286797.123442821             7793
   2922.9278659832476        4.2147946857205753E-007   33286811.652099151             7794
   2923.3029128641078        4.2142797821262936E-007   33286826.177036811             7795
   2923.6779597449681        4.2137651261828824E-007   33286840.698257226             7796
   2924.0530066258279        4.2132507177634242E-007   33286855.215761825             7797
   2924.4280535066882        4.2127365567207642E-007   33286869.729552038             7798
   2924.8031003875485        4.2122226429405089E-007   33286884.239629276             7799
   2925.1781472684083        4.2117089762716239E-007   33286898.745994978             7800
   2925.5531941492686        4.2111955566021218E-007   33286913.248650566             7801
   2925.9282410301289        4.2106823837865360E-007   33286927.747597456             7802
   2926.3032879109887        4.2101694576950426E-007   33286942.242837075             7803
   2926.6783347918490        4.2096567781985640E-007   33286956.734370846             7804
   2927.0533816727088        4.2091443451673257E-007   33286971.222200185             7805
   2927.4284285535691        4.2086321584625403E-007   33286985.706326518             7806
   2927.8034754344294        4.2081202179603346E-007   33287000.186751261             7807
   2928.1785223152892        4.2076085235297434E-007   33287014.663475838             7808
   2928.5535691961495        4.2070970750316045E-007   33287029.136501659             7809
   2928.9286160770098        4.2065858723408530E-007   33287043.605830144             7810
   2929.3036629578696        4.2060749153183543E-007   33287058.071462717             7811
   2929.6787098387299        4.2055642038498985E-007   33287072.533400781             7812
   2930.0537567195902        4.2050537377910143E-007   33287086.991645761             7813
   2930.4288036004500        4.2045435170073208E-007   33287101.446199067             7814
   2930.8038504813103        4.2040335413835211E-007   33287115.897062119             7815
   2931.1788973621701        4.2035238107798144E-007   33287130.344236322             7816
   2931.5539442430304        4.2030143250624187E-007   33287144.787723087             7817
   2931.9289911238907        4.2025050841070051E-007   33287159.227523834             7818
   2932.3040380047505        4.2019960877814474E-007   33287173.663639966             7819
   2932.6790848856108        4.2014873359487169E-007   33287188.096072901             7820
   2933.0541317664706        4.2009788284905259E-007   33287202.524824042             7821
   2933.4291786473309        4.2004705652735220E-007   33287216.949894801             7822
   2933.8042255281912        4.1999625461600399E-007   33287231.371286586             7823
   2934.1792724090510        4.1994547710262524E-007   33287245.789000805             7824
   2934.5543192899113        4.1989472397461238E-007   33287260.203038864             7825
   2934.9293661707716        4.1984399521794567E-007   33287274.613402165             7826
   2935.3044130516314        4.1979329082103666E-007   33287289.020092115             7827
   2935.6794599324917        4.1974261076958218E-007   33287303.423110120             7828
   2936.0545068133520        4.1969195505099326E-007   33287317.822457582             7829
   2936.4295536942118        4.1964132365281756E-007   33287332.218135908             7830
   2936.8046005750721        4.1959071656214984E-007   33287346.610146496             7831
   2937.1796474559319        4.1954013376514224E-007   33287360.998490747             7832
   2937.5546943367922        4.1948957524980606E-007   33287375.383170065             7833
   2937.9297412176525        4.1943904100337947E-007   33287389.764185846             7834
   2938.3047880985118        4.1938853101235521E-007   33287404.141539492             7835
   2938.6798349793726        4.1933804526352746E-007   33287418.515232399             7836
   2939.0548818602329        4.1928758374509842E-007   33287432.885265972             7837
   2939.4299287410922        4.1923714644359942E-007   33287447.251641601             7838
   2939.8049756219530        4.1918673334556445E-007   33287461.614360686             7839
   2940.1800225028128        4.1913634443943345E-007   33287475.973424625             7840
   2940.5550693836726        4.1908597971152536E-007   33287490.328834806             7841
   2940.9301162645334        4.1903563914929637E-007   33287504.680592626             7842
   2941.3051631453932        4.1898532274002520E-007   33287519.028699484             7843
   2941.6802100262530        4.1893503047036564E-007   33287533.373156764             7844
   2942.0552569071137        4.1888476232807843E-007   33287547.713965870             7845
   2942.4303037879731        4.1883451830000555E-007   33287562.051128183             7846
   2942.8053506688334        4.1878429837348374E-007   33287576.384645101             7847
   2943.1803975496941        4.1873410253604787E-007   33287590.714518007             7848
   2943.5554444305535        4.1868393077453815E-007   33287605.040748298             7849
   2943.9304913114138        4.1863378307625281E-007   33287619.363337357             7850
   2944.3055381922741        4.1858365942864655E-007   33287633.682286575             7851
   2944.6805850731339        4.1853355981901947E-007   33287647.997597340             7852
   2945.0556319539946        4.1848348423385527E-007   33287662.309271034             7853
   2945.4306788348540        4.1843343266176930E-007   33287676.617309045             7854
   2945.8057257157143        4.1838340508883346E-007   33287690.921712764             7855
   2946.1807725965750        4.1833340150263238E-007   33287705.222483568             7856
   2946.5558194774344        4.1828342189126679E-007   33287719.519622844             7857
   2946.9308663582947        4.1823346624111135E-007   33287733.813131981             7858
   2947.3059132391554        4.1818353453972210E-007   33287748.103012346             7859
   2947.6809601200148        4.1813362677418210E-007   33287762.389265336             7860
   2948.0560070008751        4.1808374293249515E-007   33287776.671892323             7861
   2948.4310538817354        4.1803388300196712E-007   33287790.950894691             7862
   2948.8061007625952        4.1798404696972657E-007   33287805.226273820             7863
   2949.1811476434555        4.1793423482269588E-007   33287819.498031083             7864
   2949.5561945243153        4.1788444654890537E-007   33287833.766167868             7865
   2949.9312414051756        4.1783468213477773E-007   33287848.030685544             7866
   2950.3062882860359        4.1778494156897744E-007   33287862.291585490             7867
   2950.6813351668957        4.1773522483821175E-007   33287876.548869085             7868
   2951.0563820477560        4.1768553193016051E-007   33287890.802537706             7869
   2951.4314289286162        4.1763586283209165E-007   33287905.052592721             7870
   2951.8064758094761        4.1758621753123366E-007   33287919.299035512             7871
   2952.1815226903364        4.1753659601483611E-007   33287933.541867442             7872
   2952.5565695711962        4.1748699827118589E-007   33287947.781089891             7873
   2952.9316164520565        4.1743742428742574E-007   33287962.016704232             7874
   2953.3066633329167        4.1738787405042522E-007   33287976.248711832             7875
   2953.6817102137766        4.1733834754787011E-007   33287990.477114063             7876
   2954.0567570946369        4.1728884476784880E-007   33288004.701912291             7877
   2954.4318039754971        4.1723936569704514E-007   33288018.923107892             7878
   2954.8068508563570        4.1718991032371607E-007   33288033.140702233             7879
   2955.1818977372172        4.1714047863517865E-007   33288047.354696680             7880
   2955.5569446180771        4.1709107061813918E-007   33288061.565092601             7881
   2955.9319914989374        4.1704168626104937E-007   33288075.771891359             7882
   2956.3070383797976        4.1699232555156678E-007   33288089.975094322             7883
   2956.6820852606575        4.1694298847643953E-007   33288104.174702853             7884
   2957.0571321415177        4.1689367502339829E-007   33288118.370718323             7885
   2957.4321790223780        4.1684438517994695E-007   33288132.563142091             7886
   2957.8072259032378        4.1679511893424182E-007   33288146.751975518             7887
   2958.1822727840981        4.1674587627363070E-007   33288160.937219974             7888
   2958.5573196649580        4.1669665718493711E-007   33288175.118876807             7889
   2958.9323665458182        4.1664746165685411E-007   33288189.296947394             7890
   2959.3074134266785        4.1659828967622272E-007   33288203.471433081             7891
   2959.6824603075383        4.1654914123068579E-007   33288217.642335236             7892
   2960.0575071883986        4.1650001630869778E-007   33288231.809655212             7893
   2960.4325540692589        4.1645091489634052E-007   33288245.973394368             7894
   2960.8076009501187        4.1640183698325023E-007   33288260.133554067             7895
   2961.1826478309790        4.1635278255498051E-007   33288274.290135659             7896
   2961.5576947118393        4.1630375160081740E-007   33288288.443140510             7897
   2961.9327415926991        4.1625474410729392E-007   33288302.592569966             7898
   2962.3077884735594        4.1620576006342129E-007   33288316.738425385             7899
   2962.6828353544192        4.1615679945504973E-007   33288330.880708124             7900
   2963.0578822352795        4.1610786227164083E-007   33288345.019419529             7901
   2963.4329291161398        4.1605894849909106E-007   33288359.154560957             7902
   2963.8079759969992        4.1601005812691521E-007   33288373.286133755             7903
   2964.1830228778599        4.1596119114139458E-007   33288387.414139286             7904
   2964.5580697587202        4.1591234753151382E-007   33288401.538578890             7905
   2964.9331166395796        4.1586352728394117E-007   33288415.659453917             7906
   2965.3081635204403        4.1581473038636690E-007   33288429.776765719             7907
   2965.6832104013006        4.1576595682755253E-007   33288443.890515648             7908
   2966.0582572821600        4.1571720659443353E-007   33288458.000705052             7909
   2966.4333041630207        4.1566847967470076E-007   33288472.107335269             7910
   2966.8083510438805        4.1561977605672711E-007   33288486.210407656             7911
   2967.1833979247403        4.1557109572766595E-007   33288500.309923548             7912
   2967.5584448056011        4.1552243867575273E-007   33288514.405884299             7913
   2967.9334916864605        4.1547380488868022E-007   33288528.498291254             7914
   2968.3085385673207        4.1542519435442288E-007   33288542.587145749             7915
   2968.6835854481815        4.1537660706020184E-007   33288556.672449138             7916
   2969.0586323290408        4.1532804299391629E-007   33288570.754202750             7917
   2969.4336792099011        4.1527950214409596E-007   33288584.832407936             7918
   2969.8087260907614        4.1523098449845879E-007   33288598.907066036             7919
   2970.1837729716212        4.1518249004404441E-007   33288612.978178389             7920
   2970.5588198524815        4.1513401876923726E-007   33288627.045746338             7921
   2970.9338667333418        4.1508557066191423E-007   33288641.109771211             7922
   2971.3089136142016        4.1503714570969069E-007   33288655.170254361             7923
   2971.6839604950619        4.1498874390073561E-007   33288669.227197114             7924
   2972.0590073759217        4.1494036522267917E-007   33288683.280600820             7925
   2972.4340542567820        4.1489200966373604E-007   33288697.330466799             7926
   2972.8091011376423        4.1484367721162390E-007   33288711.376796398             7927
   2973.1841480185021        4.1479536785373082E-007   33288725.419590954             7928
   2973.5591948993624        4.1474708157877960E-007   33288739.458851792             7929
   2973.9342417802227        4.1469881837510031E-007   33288753.494580250             7930
   2974.3092886610825        4.1465057822910018E-007   33288767.526777662             7931
   2974.6843355419428        4.1460236112977700E-007   33288781.555445358             7932
   2975.0593824228026        4.1455416706522179E-007   33288795.580584675             7933
   2975.4344293036629        4.1450599602229778E-007   33288809.602196936             7934
   2975.8094761845232        4.1445784799009087E-007   33288823.620283477             7935
   2976.1845230653830        4.1440972295646496E-007   33288837.634845626             7936
   2976.5595699462433        4.1436162090839414E-007   33288851.645884711             7937
   2976.9346168271036        4.1431354183517347E-007   33288865.653402060             7938
   2977.3096637079634        4.1426548572410289E-007   33288879.657399006             7939
   2977.6847105888237        4.1421745256350585E-007   33288893.657876872             7940
   2978.0597574696835        4.1416944234051905E-007   33288907.654836982             7941
   2978.4348043505438        4.1412145504426821E-007   33288921.648280662             7942
   2978.8098512314041        4.1407349066241990E-007   33288935.638209242             7943
   2979.1848981122639        4.1402554918269009E-007   33288949.624624040             7944
   2979.5599449931242        4.1397763059403181E-007   33288963.607526384             7945
   2979.9349918739845        4.1392973488320082E-007   33288977.586917598             7946
   2980.3100387548443        4.1388186203939495E-007   33288991.562799003             7947
   2980.6850856357046        4.1383401205011252E-007   33289005.535171915             7948
   2981.0601325165644        4.1378618490277023E-007   33289019.504037663             7949
   2981.4351793974247        4.1373838058693851E-007   33289033.469397563             7950
   2981.8102262782850        4.1369059908995415E-007   33289047.431252938             7951
   2982.1852731591448        4.1364284040016210E-007   33289061.389605101             7952
   2982.5603200400051        4.1359510450532490E-007   33289075.344455376             7953
   2982.9353669208654        4.1354739139306713E-007   33289089.295805082             7954
   2983.3104138017252        4.1349970105320126E-007   33289103.243655529             7955
   2983.6854606825855        4.1345203347191229E-007   33289117.188008033             7956
   2984.0605075634458        4.1340438863897674E-007   33289131.128863920             7957
   2984.4355544443056        4.1335676654153491E-007   33289145.066224493             7958
   2984.8106013251659        4.1330916716771796E-007   33289159.000091076             7959
   2985.1856482060257        4.1326159050667841E-007   33289172.930464976             7960
   2985.5606950868860        4.1321403654555561E-007   33289186.857347511             7961
   2985.9357419677463        4.1316650527250327E-007   33289200.780739993             7962
   2986.3107888486056        4.1311899667714143E-007   33289214.700643733             7963
   2986.6858357294664        4.1307151074553829E-007   33289228.617060039             7964
   2987.0608826103266        4.1302404746800756E-007   33289242.529990222             7965
   2987.4359294911860        4.1297660683114145E-007   33289256.439435590             7966
   2987.8109763720468        4.1292918882374753E-007   33289270.345397461             7967
   2988.1860232529066        4.1288179343482899E-007   33289284.247877140             7968
   2988.5610701337664        4.1283442065109762E-007   33289298.146875925             7969
   2988.9361170146271        4.1278707046246304E-007   33289312.042395137             7970
   2989.3111638954870        4.1273974285553286E-007   33289325.934436075             7971
   2989.6862107763468        4.1269243781997895E-007   33289339.823000044             7972
   2990.0612576572075        4.1264515534292635E-007   33289353.708088353             7973
   2990.4363045380669        4.1259789541350662E-007   33289367.589702304             7974
   2990.8113514189272        4.1255065801973209E-007   33289381.467843205             7975
   2991.1863982997879        4.1250344315009447E-007   33289395.342512351             7976
   2991.5614451806473        4.1245625079272652E-007   33289409.213711053             7977
   2991.9364920615076        4.1240908093561673E-007   33289423.081440605             7978
   2992.3115389423679        4.1236193356737474E-007   33289436.945702318             7979
   2992.6865858232277        4.1231480867587749E-007   33289450.806497484             7980
   2993.0616327040880        4.1226770625045072E-007   33289464.663827408             7981
   2993.4366795849478        4.1222062627894734E-007   33289478.517693385             7982
   2993.8117264658081        4.1217356874967365E-007   33289492.368096720             7983
   2994.1867733466684        4.1212653365067144E-007   33289506.215038709             7984
   2994.5618202275282        4.1207952097094272E-007   33289520.058520641             7985
   2994.9368671083885        4.1203253069806435E-007   33289533.898543824             7986
   2995.3119139892488        4.1198556282143272E-007   33289547.735109549             7987
   2995.6869608701086        4.1193861732853590E-007   33289561.568219110             7988
   2996.0620077509689        4.1189169420827902E-007   33289575.397873804             7989
   2996.4370546318291        4.1184479344910723E-007   33289589.224074926             7990
   2996.8121015126890        4.1179791503920315E-007   33289603.046823766             7991
   2997.1871483935493        4.1175105896738181E-007   33289616.866121620             7992
   2997.5621952744091        4.1170422522133245E-007   33289630.681969784             7993
   2997.9372421552694        4.1165741379000773E-007   33289644.494369540             7994
   2998.3122890361296        4.1161062466184074E-007   33289658.303322185             7995
   2998.6873359169895        4.1156385782460566E-007   33289672.108829007             7996
   2999.0623827978498        4.1151711326828665E-007   33289685.910891298             7997
   2999.4374296787096        4.1147039098011305E-007   33289699.709510341             7998
   2999.8124765595699        0.0000000000000000        33289713.504687436             7999
   3000.1875234404297        0.0000000000000000        33289713.504687436             8000
